rt,response,subj_idx,condition,OVcate,ES_AttentionW,ES_InattentionW_E,ES_InattentionW_S
0.9643102403076578,1.0,1,none,low,11.791118829074671,5.447779707268667,13.656660878193996
0.7643102403035835,0.0,1,none,high,-5.637130801687764,58.40506329113924,14.042194092827003
1.4913102403038263,0.0,1,none,high,-19.13043478260869,32.46376811594203,41.59420289855072
1.0873102403036914,0.0,1,none,low,-8.342182890855456,2.914454277286136,51.2566371681416
0.5893102403075325,1.0,1,none,high,28.58736059479554,46.00743494423792,27.420074349442377
0.9253102403036373,0.0,1,none,medium,-7.844827586206895,64.13793103448276,1.982758620689655
1.2153102403077416,1.0,1,none,low,11.46205684148843,8.989159097568123,27.527102256079694
0.6463102403075516,1.0,1,none,medium,-8.416801292407108,12.633279483037157,41.050080775444265
0.5623102403075235,1.0,1,none,medium,-38.14018043025676,13.11589174184594,31.256072172102705
0.6903102403035588,0.0,1,none,medium,-54.66487935656837,20.268096514745302,14.932975871313674
0.5963102403035274,0.0,1,none,low,4.195871339414303,9.67834853576572,15.482477196351418
0.5823102403035227,0.0,1,none,low,0.6926406926406923,10.346320346320343,9.653679653679651
1.8733102403039539,0.0,1,none,medium,-7.724736515809054,2.72783632982021,60.45257284562926
0.5743102403035201,0.0,1,none,medium,-48.89628924833493,36.99333967649857,5.889628924833492
1.0373102403036747,0.0,1,none,high,-17.364016736401673,36.31799163179916,53.68200836820083
0.7723102403075937,1.0,1,none,medium,54.599542334096114,14.919908466819225,20.320366132723112
0.9753102403076614,1.0,1,none,high,65.8728557013118,53.945509586276486,8.07265388496468
0.5683102403075255,1.0,1,none,medium,-15.431034482758625,8.189655172413792,63.62068965517241
1.4373102403038083,0.0,1,none,low,7.159763313609471,18.579881656804737,11.420118343195266
0.6703102403075596,1.0,1,none,medium,50.86538461538462,12.884615384615383,32.019230769230774
0.9253102403076447,1.0,1,none,high,31.77702320316921,44.52744765138653,32.75042444821732
0.8203102403076097,1.0,1,none,high,21.34253450439148,55.67126725219574,34.32873274780426
0.451310240303479,0.0,1,none,low,4.4348363187152575,12.21741815935763,7.782581840642372
0.924310240303637,0.0,1,none,high,10.407766990291268,30.1747572815534,39.76699029126213
0.5973102403035278,0.0,1,none,medium,-48.25332562174668,15.222672064777324,23.475997686524003
0.7343102403035735,0.0,1,none,high,-3.949671772428879,59.57330415754923,13.522975929978116
1.971310240307994,1.0,1,none,low,1.119936457505955,2.223987291501191,31.104050833995235
0.9803102403036557,0.0,1,none,medium,-21.10177404295052,6.872082166199812,57.973856209150334
0.5003102403075028,1.0,1,none,medium,51.69772256728778,6.169772256728779,34.47204968944099
0.49131024030349235,0.0,1,none,low,16.884519523677653,6.721129880919413,9.83661035724176
0.860310240307623,1.0,1,none,low,12.21508828250401,2.7768860353130007,50.561797752808985
0.912310240303633,0.0,1,none,high,-35.546875,28.828125,54.375
2.060310240304016,0.0,1,none,medium,-1.832917705735664,9.389027431421445,41.22194513715711
1.857310240307956,1.0,1,none,medium,42.65669515669517,30.05698005698006,17.400284900284895
0.6583102403035481,0.0,1,none,high,-53.524904214559385,23.44827586206896,36.97318007662835
0.6733102403035531,0.0,1,none,high,-16.5684575389948,18.61351819757365,55.18197573656845
0.8453102403036106,0.0,1,none,high,-52.056074766355145,24.39252336448597,36.44859813084112
0.9913102403036593,0.0,1,none,high,42.304147465437794,40.92165898617512,28.617511520737324
1.2473102403037448,0.0,1,none,low,-11.35383527748321,14.323082361258392,25.676917638741603
0.5973102403035278,0.0,1,none,medium,-7.861842105263154,31.28289473684211,19.144736842105264
0.5833102403075305,1.0,1,none,medium,40.05733944954128,5.561926605504587,35.50458715596329
0.6363102403035408,0.0,1,none,high,-52.377260981912144,26.04651162790697,28.42377260981912
0.5183102403075088,1.0,1,none,medium,29.08141962421712,4.3423799582463465,45.26096033402923
0.7303102403075796,1.0,1,none,medium,29.4578313253012,17.837349397590362,28.37951807228916
0.6083102403035314,0.0,1,none,medium,-56.97125256673511,10.133470225872689,17.104722792607802
0.9703102403076598,1.0,1,none,low,3.913392141138732,2.7826784282277464,28.86928628708901
0.5933102403035264,0.0,1,none,medium,-48.66039102099928,7.559739319333812,26.220130340333093
0.9473102403036446,0.0,1,none,medium,-8.961038961038962,60.77922077922078,9.74025974025974
1.152310240303713,0.0,1,none,medium,-18.02542372881356,3.991525423728813,52.01694915254237
0.48831024030349135,0.0,1,none,low,-5.773984696880513,56.19776339022955,1.971748087110064
0.5643102403035167,0.0,1,none,medium,-80.0,0.0,30.0
0.5843102403075309,1.0,1,none,medium,58.87755102040816,7.653061224489796,18.77551020408163
0.7593102403075893,1.0,1,none,medium,-15.25606469002696,9.897574123989216,45.153638814016176
0.7633102403035832,0.0,1,none,low,-1.793448084397557,12.137701277068295,3.931149361465853
2.5793102403041894,0.0,1,none,low,6.281879194630873,5.427293064876958,9.145413870246085
0.7013102403035625,0.0,1,none,high,5.806451612903224,42.90322580645161,37.096774193548384
0.7613102403035825,0.0,1,none,high,-27.001321003963017,24.940554821664463,61.94187582562748
1.005310240303664,0.0,1,none,high,10.93922651933702,64.88950276243094,13.95027624309392
0.541310240303509,0.0,1,none,low,-44.8823948681397,12.957947255880253,7.840342124019958
0.5533102403035131,0.0,1,none,medium,0.9251559251559288,71.93347193347194,1.008316008316008
0.8073102403076053,1.0,1,none,high,-11.539948453608249,32.21649484536083,53.756443298969074
0.6123102403075402,1.0,1,none,low,25.026415094339622,5.003773584905661,29.97735849056604
0.7093102403075726,1.0,1,none,medium,28.78427787934187,48.42778793418647,9.643510054844604
0.6333102403035398,0.0,1,none,low,-6.069114470842327,55.93952483801296,2.0086393088552907
0.8153102403036006,0.0,1,none,medium,-26.50406504065041,22.33062330623306,18.83468834688347
0.704310240307571,1.0,1,none,low,9.017219655606889,4.754304913901722,15.737085258294831
0.6753102403035538,0.0,1,none,low,-18.221859706362157,14.518760195758563,12.740619902120718
0.9143102403076411,1.0,1,none,low,6.952998379254457,5.650999459751485,8.698001080497027
0.9943102403036603,0.0,1,none,low,2.845227062094532,24.6339202965709,1.788693234476367
0.8093102403035985,0.0,1,none,high,80.0,90.0,0.0
0.5873102403035244,0.0,1,none,medium,-44.569420035149385,31.49384885764499,6.063268892794376
0.9953102403036607,0.0,1,none,low,-15.660018993352327,8.603988603988602,14.264007597340932
0.9773102403076621,1.0,1,none,medium,24.22106179286336,16.266318537859007,32.04525674499565
0.511310240303499,0.0,1,none,medium,-62.05882352941177,25.14705882352941,7.205882352941177
0.5953102403035271,0.0,1,none,high,5.569948186528499,50.59585492227979,35.02590673575129
0.6663102403035508,0.0,1,none,high,46.411716842961766,49.113100081366966,12.701383238405205
1.0033102403036633,0.0,1,none,medium,-9.70753655793025,42.20472440944882,11.912260967379074
0.8063102403035975,0.0,1,none,low,20.0,30.0,0.0
0.5203102403075095,1.0,1,none,medium,34.65875370919881,51.632047477744806,6.973293768545995
0.5663102403035174,0.0,1,none,low,-60.0,0.0,20.0
0.8043102403035969,0.0,1,none,high,-31.57718120805369,29.798657718120808,31.3758389261745
1.8233102403079446,1.0,1,none,low,3.864541832669322,4.621513944223107,10.756972111553784
0.6343102403035401,0.0,1,none,low,3.3372781065088795,47.50295857988166,4.16568047337278
0.6353102403075479,1.0,1,none,low,5.762081784386616,1.970260223048327,56.20817843866171
0.9943102403076678,1.0,1,none,medium,8.732327992459943,21.658812441093307,22.92648444863336
0.5883102403035247,0.0,1,none,low,0.706655710764176,10.353327855382089,9.646672144617911
2.3643102403041176,0.0,1,none,high,13.73993808049535,41.86996904024768,28.130030959752325
0.6483102403035448,0.0,1,none,low,-27.78330569375345,9.773355444997236,7.556661138750691
0.7663102403035842,0.0,1,none,high,-35.6518861681006,16.02911978821972,61.68100595632032
1.6983102403038954,0.0,1,none,medium,-3.850687622789789,12.049770792403404,55.90045841519319
0.7093102403035652,0.0,1,none,medium,-4.283360790774296,70.1317957166392,4.415156507413508
0.7943102403035935,0.0,1,none,medium,20.0,90.0,0.0
1.5393102403078498,1.0,1,none,low,-0.8088235294117654,4.595588235294117,5.404411764705882
0.6363102403035408,0.0,1,none,low,-11.69278996865204,13.73040752351097,5.42319749216301
0.7863102403075983,1.0,1,none,low,15.975948196114702,3.246993524514337,47.27104532839963
1.7383102403079163,1.0,1,none,medium,34.92619926199262,21.642066420664207,16.715867158671585
1.2443102403037438,0.0,1,none,medium,-5.149201943095076,15.489243580846631,30.63844552394171
0.7733102403035865,0.0,1,none,high,27.358024691358032,53.67901234567901,26.32098765432098
0.8403102403036089,0.0,1,none,low,-30.0,0.0,40.0
0.529310240303505,0.0,1,none,high,-39.35828877005348,21.675579322638143,51.03386809269162
1.1293102403037054,0.0,1,none,high,28.58151854031784,54.29075927015892,25.70924072984108
0.5663102403075249,1.0,1,none,medium,54.8960739030023,21.224018475750576,26.32794457274827
1.1253102403077115,1.0,1,none,high,32.12198221092758,56.060991105463785,23.939008894536208
0.7183102403035682,0.0,1,none,high,-67.66519823788548,15.46255506607929,33.12775330396476
1.08331024030369,0.0,1,none,high,36.9991617770327,66.8566638725901,9.857502095557416
0.8173102403076087,1.0,1,none,medium,35.46203649205415,12.324896998234257,26.862860506180105
0.5553102403035137,0.0,1,none,medium,12.93413173652695,74.34730538922156,1.41317365269461
1.9513102403079874,1.0,1,none,high,20.921603830041896,50.46080191502095,29.539198084979056
0.6433102403035431,0.0,1,none,low,-11.323396567299003,16.386630532971996,17.710027100271002
0.836310240307615,1.0,1,none,high,28.944099378881983,38.118899733806565,29.174800354924574
0.8263102403036042,0.0,1,none,medium,-37.19211822660098,39.60591133004926,16.798029556650246
1.0123102403076738,1.0,1,none,low,0.4311649016641414,1.4901664145234488,51.0590015128593
0.6333102403035398,0.0,1,none,high,-16.41686182669789,28.85245901639344,35.269320843091336
0.8913102403036259,0.0,1,none,high,18.42598376014991,47.613991255465336,19.188007495315425
0.5483102403075188,1.0,1,none,low,-12.181663837011884,5.212224108658744,7.393887945670628
0.8163102403076083,1.0,1,none,low,12.80557834290402,5.701394585726005,12.895816242821985
0.5743102403035201,0.0,1,none,medium,-56.849673202614376,16.836601307189536,23.68627450980392
0.7253102403035705,0.0,1,none,medium,-28.17325800376648,19.09604519774011,27.26930320150659
0.6653102403035505,0.0,1,none,medium,-44.01468788249694,23.99020807833537,28.004895960832314
0.6083102403075389,1.0,1,none,medium,50.0,60.0,0.0
0.7873102403035912,0.0,1,none,medium,18.36272040302268,51.54492023509656,13.182199832073884
1.0463102403076852,1.0,1,none,medium,-5.275908479138629,6.74293405114401,62.01884253028264
0.5243102403035034,0.0,1,none,high,-46.36155606407323,19.221967963386728,45.58352402745995
1.4883102403078328,1.0,1,none,high,20.857952246054232,32.34318089842169,41.48522865236746
2.4513102403041467,0.0,1,none,low,-0.2040816326530627,3.2653061224489788,13.46938775510204
0.5653102403075245,1.0,1,none,medium,30.32258064516129,16.451612903225804,36.12903225806451
0.5353102403075145,1.0,1,none,medium,24.93975903614458,3.4939759036144578,58.55421686746988
0.6613102403035491,0.0,1,none,medium,-35.310344827586206,14.813793103448274,30.124137931034483
0.5283102403035047,0.0,1,none,medium,-73.35273573923168,13.620488940628633,16.973224679860305
0.47031024030348534,0.0,1,none,high,-9.873125720876589,32.376009227220294,32.24913494809688
0.6263102403075449,1.0,1,none,high,33.00164024056862,37.20065609622745,34.19901585565883
0.7463102403035775,0.0,1,none,medium,-13.46456692913386,57.40157480314961,10.866141732283465
0.47031024030348534,0.0,1,none,high,-61.977040816326536,19.40051020408163,31.377551020408166
0.4903102403074995,1.0,1,none,medium,42.87756370416408,19.87569919204475,26.998135487880678
1.489310240307833,1.0,1,none,low,4.255842558425584,20.55350553505535,6.297662976629766
1.0803102403076965,1.0,1,none,medium,10.124533001245329,10.031133250311331,59.906600249066
0.7173102403035678,0.0,1,none,high,-55.37313432835821,14.072494669509592,49.4456289978678
1.0603102403036824,0.0,1,none,low,9.221238938053098,14.707964601769913,25.48672566371681
0.451310240303479,0.0,1,none,low,-14.247374562427073,7.876312718786463,22.12368728121353
0.4833102403034897,0.0,1,none,low,13.30864197530864,2.9135802469135803,49.60493827160494
0.924310240303637,0.0,1,none,medium,-45.87144622991348,9.419035846724343,25.290482076637826
0.6583102403035481,0.0,1,none,medium,-23.892885691446835,59.49640287769785,3.389288569144684
0.7193102403035685,0.0,1,none,medium,32.07527975584944,15.51881993896236,43.44354018311292
0.6253102403075446,1.0,1,none,medium,20.294695481335957,21.92534381139489,31.63064833005894
1.2423102403037432,0.0,1,none,medium,17.898383371824483,55.93533487297921,8.036951501154732
0.6123102403075402,1.0,1,none,medium,40.12526096033403,12.025052192066806,31.89979123173277
0.8993102403036286,0.0,1,none,medium,-39.345971563981045,19.50710900473933,28.85308056872038
1.1933102403037268,0.0,1,none,medium,-8.977002379064237,5.733544805709753,64.71054718477399
1.5463102403038447,0.0,1,none,medium,0.3000968054211022,9.09002904162633,48.789932236205225
0.48631024030749814,1.0,1,none,medium,50.24881516587677,6.69431279620853,26.445497630331754
0.7163102403035675,0.0,1,none,medium,-46.240802675585286,13.85953177257525,40.10033444816054
1.8383102403039422,0.0,1,none,low,9.971671388101983,9.990557129367328,20.018885741265343
3.335310240304442,0.0,1,none,low,-11.35964912280702,2.468671679197994,43.82832080200501
0.5853102403075312,1.0,1,none,high,32.723880597014926,37.08955223880597,34.365671641791046
0.7063102403035642,0.0,1,none,high,-47.603305785123965,18.51239669421487,46.11570247933884
0.6503102403035455,0.0,1,none,low,-28.52772466539197,9.177820267686425,7.705544933078395
0.6033102403035298,0.0,1,none,medium,-20.53672316384181,47.57062146892656,8.107344632768362
0.7873102403075987,1.0,1,none,low,1.636363636363635,6.181818181818182,34.54545454545455
0.5223102403035027,0.0,1,none,medium,-28.08734939759036,26.67168674698795,24.759036144578317
0.8553102403036139,0.0,1,none,low,11.98688855269793,4.397377710539586,22.410489157841656
0.6283102403075456,1.0,1,none,low,2.901119402985075,6.450559701492537,3.549440298507462
0.7893102403075993,1.0,1,none,high,30.805369127516776,68.18791946308724,7.38255033557047
0.7773102403035879,0.0,1,none,low,-19.326599326599325,10.336700336700336,29.66329966329966
0.7323102403035728,0.0,1,none,low,-33.47517730496455,19.893617021276597,13.368794326241137
0.5983102403035281,0.0,1,none,medium,-24.152153987167736,49.64252978918424,3.7946837763519703
1.2183102403077426,1.0,1,none,low,10.890471950133572,3.4817453250222616,32.591273374888694
0.6223102403035361,0.0,1,none,medium,-30.0,0.0,60.0
0.984310240303657,0.0,1,none,medium,-20.790166812993856,21.387181738366984,32.17734855136084
0.7703102403035855,0.0,1,none,medium,40.27796161482462,13.395102581072138,23.11714096624752
0.8223102403076104,1.0,1,none,high,36.81342872867364,46.73087506879472,29.91744634012107
0.6023102403035294,0.0,1,none,high,-34.210526315789465,29.53560371517028,53.74613003095975
1.3263102403077787,1.0,1,none,medium,4.0924657534246585,9.297945205479452,55.2054794520548
0.96331024030365,0.0,1,none,medium,-39.22779922779922,27.181467181467177,26.409266409266408
0.5003102403075028,1.0,1,none,low,5.673330818559035,3.134666163711807,27.46133534515277
0.6133102403035331,0.0,1,none,high,-32.4945770065076,20.19522776572668,42.68980477223428
1.4613102403038163,0.0,1,none,low,-6.176470588235295,14.294117647058822,10.470588235294118
1.306310240307772,1.0,1,none,low,-9.744245524296671,7.595907928388748,37.34015345268542
1.2813102403037562,0.0,1,none,low,7.056978567694717,26.889702038682696,9.832723470987975
0.5853102403035237,0.0,1,none,high,-54.87004103967169,19.76060191518467,54.63064295485636
0.9143102403036336,0.0,1,none,low,-12.972972972972975,7.297297297297296,30.270270270270277
0.7033102403075706,1.0,1,none,medium,-6.675291073738681,2.664941785252264,69.34023285899094
0.7833102403075973,1.0,1,none,medium,57.140672782874624,15.428134556574925,18.287461773700304
1.110310240303699,0.0,1,none,medium,0.5680119581464957,58.5949177877429,8.02690582959641
1.0453102403036774,0.0,1,none,medium,29.656729900632342,25.329719963866303,25.67299006323396
1.3033102403037635,0.0,1,none,medium,0.8600469116497305,55.11336982017201,4.253322908522282
0.6713102403035525,0.0,1,none,high,50.0,80.0,0.0
0.6343102403075476,1.0,1,none,low,40.0,30.0,0.0
0.6833102403075639,1.0,1,none,high,33.26028861571353,48.18813468733298,24.927846071619456
2.8213102403082786,1.0,1,none,medium,5.164644714038127,4.575389948006932,69.41074523396881
0.7533102403035798,0.0,1,none,low,-7.027027027027026,26.37837837837838,3.4054054054054053
0.746310240307585,1.0,1,none,low,10.99202834366696,3.49867139061116,32.5066430469442
1.53231024030384,0.0,1,none,high,4.612579762989974,39.81768459434822,45.20510483135825
0.6943102403035601,0.0,1,none,high,-16.89863842662632,41.11951588502269,38.01815431164901
0.7233102403075773,1.0,1,none,medium,60.63018242122719,14.660033167495854,24.029850746268657
1.2203102403077433,1.0,1,none,medium,26.80333119795003,24.29212043561819,27.48878923766816
3.488310240304493,0.0,1,none,low,6.691015339663984,8.897005113221327,22.20598977355734
1.1653102403037174,0.0,1,none,medium,-6.834400731930462,53.21134492223239,10.045745654162852
1.0073102403036647,0.0,1,none,low,-10.771106370009145,16.702224931423345,17.473331301432488
0.4833102403034897,0.0,1,none,high,-22.337796086508757,33.83110195674562,56.16889804325437
0.8733102403076274,1.0,1,none,low,36.7815299793246,16.22329427980703,9.441764300482426
0.7523102403035795,0.0,1,none,high,-15.745218332731866,34.26921688920967,40.01443522194153
0.496310240303494,0.0,1,none,high,-32.242577384712575,25.47062539481996,47.71320277953253
0.8463102403036109,0.0,1,none,low,-4.391447368421046,47.66447368421053,2.055921052631578
0.9963102403076685,1.0,1,none,medium,14.667431192660546,2.740825688073394,58.07339449541284
0.8563102403036142,0.0,1,none,high,-57.1264367816092,18.491379310344826,55.61781609195402
0.460310240303482,0.0,1,none,high,-33.20224719101124,17.17228464419475,60.37453183520599
0.6973102403035611,0.0,1,none,medium,8.339731285988483,60.93090211132437,2.591170825335892
0.4493102403034783,0.0,1,none,medium,-51.32723112128146,10.892448512585808,42.21967963386727
0.7733102403035865,0.0,1,none,low,-14.864479315263909,16.75701378982406,11.62149310508797
0.8193102403036019,0.0,1,none,low,-8.487394957983192,53.82352941176471,2.310924369747899
0.7133102403035665,0.0,1,none,high,-60.43010752688173,17.741935483870968,48.17204301075269
0.5253102403035037,0.0,1,none,high,-34.316163410301954,17.84191829484902,52.15808170515098
0.7013102403075699,1.0,1,none,high,30.457890433360586,41.74979558462796,21.29190515126737
0.6103102403035321,0.0,1,none,high,-50.42379182156134,18.200743494423797,38.62453531598513
1.4673102403078258,1.0,1,none,medium,-4.229222520107243,15.89812332439678,30.12734584450402
1.9163102403079757,1.0,1,none,low,-1.067193675889328,21.699604743083004,2.766798418972332
1.122310240303703,0.0,1,none,low,-23.00653594771242,11.328976034858384,14.335511982570806
0.5103102403034987,0.0,1,none,high,-52.99589603283174,15.430916552667576,48.42681258549932
1.4713102403038196,0.0,1,none,low,-7.801445416508178,8.13236972232788,5.933815138836059
0.9483102403076524,1.0,1,none,low,18.124452234881684,12.70815074496056,14.583698510078875
0.710310240307573,1.0,1,none,medium,-5.095367847411442,11.634877384196184,56.730245231607626
0.5073102403034977,0.0,1,none,low,0.2121023081721791,10.106051154086089,9.89394884591391
0.4913102403074998,1.0,1,none,high,59.29953302201467,30.553702468312206,21.25416944629753
0.5013102403034957,0.0,1,none,medium,-63.146067415730336,13.483146067415728,16.629213483146067
0.6993102403075693,1.0,1,none,medium,40.0,80.0,0.0
0.529310240303505,0.0,1,none,medium,-42.451361867704286,9.57198443579766,42.023346303501945
0.46431024030348333,0.0,1,none,low,-29.377085650723025,8.498331479421577,7.875417130144605
1.3203102403077767,1.0,1,none,medium,25.23862375138735,42.61931187569368,17.380688124306324
0.6853102403035571,0.0,1,none,high,-10.03125,23.0625,43.09375
1.3783102403037886,0.0,1,none,high,-17.3955960516325,6.955201214882308,74.3507972665148
0.6703102403035521,0.0,1,none,low,-4.666666666666665,47.42857142857142,2.095238095238095
1.4503102403038126,0.0,1,none,medium,2.72937548188127,41.81958365458751,9.090208172706244
0.5253102403035037,0.0,1,none,low,-30.20771513353116,22.344213649851632,12.551928783382788
1.713310240307908,1.0,1,none,low,13.46368715083799,13.385474860335195,9.921787709497206
0.7513102403035792,0.0,1,none,low,1.5313653136531364,14.354243542435425,2.822878228782288
0.496310240303494,0.0,1,none,high,-20.69565217391304,21.570652173913047,62.266304347826086
0.7163102403035675,0.0,1,none,low,-8.372703412073495,8.110236220472439,36.48293963254593
0.47131024030749313,1.0,1,none,medium,1.0194902548725615,18.230884557721136,27.21139430284857
0.5423102403075168,1.0,1,none,low,14.600522193211487,3.514360313315927,38.91383812010444
0.8803102403076297,1.0,1,none,low,-14.369158878504674,7.815420560747664,22.18457943925234
0.4883102403074988,1.0,1,none,high,25.262803234501348,20.080862533692724,44.81805929919137
0.6243102403035368,0.0,1,none,high,-14.30588235294118,7.905882352941176,72.21176470588236
1.3463102403037779,0.0,1,none,medium,-16.12209802235597,55.40842648323302,11.530524505588993
0.4813102403074965,1.0,1,none,medium,63.5144927536232,16.70289855072464,13.188405797101447
0.6613102403035491,0.0,1,none,medium,-22.665094339622648,5.778301886792452,68.4433962264151
0.6223102403075436,1.0,1,none,high,-12.953647143370468,28.523176428314763,41.47682357168523
0.6023102403075369,1.0,1,none,medium,44.67065868263472,14.37125748502994,19.70059880239521
0.743310240307584,1.0,1,none,low,20.323024054982817,21.567010309278352,11.243986254295532
0.6473102403035444,0.0,1,none,high,16.498470948012233,68.46330275229357,11.964831804281346
0.8853102403036239,0.0,1,none,low,8.051209103840682,7.012802275960171,38.961593172119485
1.18031024030773,1.0,1,none,low,11.44347826086956,3.57391304347826,32.130434782608695
0.5873102403035244,0.0,1,none,medium,-44.69423412929528,7.652882935352357,52.34711706464764
0.4463102403074848,1.0,1,none,high,64.96042216358839,32.29551451187335,17.335092348284956
0.5843102403035234,0.0,1,none,medium,-54.74752732951588,10.676730869338884,25.42425819885477
0.6413102403035424,0.0,1,none,high,34.39981317141523,45.67491826249417,31.27510509107893
0.6873102403035578,0.0,1,none,high,35.616045845272204,70.65902578796562,15.042979942693409
1.0373102403036747,0.0,1,none,medium,-15.982532751091709,9.606986899563315,45.58951965065502
0.6413102403075499,1.0,1,none,low,0.7967479674796758,23.09756097560976,2.300813008130081
1.1033102403077042,1.0,1,none,low,9.809523809523808,3.301587301587301,33.49206349206349
1.0313102403036727,0.0,1,none,low,-19.691444600280505,10.154277699859747,29.845722300140253
1.953310240307988,1.0,1,none,low,21.990407673860908,19.49640287769784,17.505995203836928
0.6593102403035485,0.0,1,none,medium,-40.78199052132702,22.725118483412324,13.507109004739338
2.3773102403081294,1.0,1,none,low,6.893542757417103,4.223385689354276,17.329842931937172
1.1173102403077089,1.0,1,none,low,13.46129238643634,13.384516954574536,9.923224568138195
0.5983102403035281,0.0,1,none,medium,-59.4921875,13.671875,33.1640625
0.6113102403035324,0.0,1,none,medium,-27.740963855421683,21.50602409638554,19.246987951807228
0.6293102403035384,0.0,1,none,medium,-40.22761760242793,23.15629742033384,13.38391502276176
1.1963102403037278,0.0,1,none,medium,13.637946040034818,58.54656222802437,4.908616187989554
0.8043102403035969,0.0,1,none,medium,-43.2612055641422,35.05409582689335,18.31530139103555
0.5403102403075162,1.0,1,none,medium,25.100548446069467,3.510054844606947,58.40950639853748
1.0533102403076875,1.0,1,none,high,51.71635777598711,56.80096696212732,15.084609186140208
0.7503102403035788,0.0,1,none,low,-2.165948275862068,3.9170258620689657,6.082974137931034
1.7263102403039048,0.0,1,none,medium,23.947368421052637,41.97368421052632,18.02631578947368
0.6943102403035601,0.0,1,none,medium,-49.50116913484022,14.349181605611848,23.850350740452065
0.8113102403035992,0.0,1,none,high,-24.634369287020117,22.682815356489947,47.31718464351006
1.1693102403037188,0.0,1,none,low,-22.08,10.24,22.32
1.1793102403037221,0.0,1,none,low,0.1818181818181798,6.727272727272727,26.545454545454547
0.7633102403035832,0.0,1,none,high,-66.69902912621359,13.980582524271844,50.67961165048544
1.1643102403077246,1.0,1,none,low,20.82242990654205,10.205607476635514,29.38317757009346
0.7463102403035775,0.0,1,none,medium,1.980198019801989,54.65346534653466,12.67326732673267
0.6453102403035438,0.0,1,none,medium,-4.50485436893204,14.198058252427185,38.702912621359225
2.0993102403080366,1.0,1,none,high,59.05678537054861,78.91241578440808,9.85563041385948
0.987310240303658,0.0,1,none,medium,4.890254609306407,61.73836698858648,6.84811237928007
0.743310240307584,1.0,1,none,low,46.63019693654267,7.078774617067833,20.44857768052516
0.716310240307575,1.0,1,none,low,16.540000000000003,10.44,23.9
0.6033102403035298,0.0,1,none,low,-54.94331065759638,13.17460317460317,8.117913832199546
0.5153102403035004,0.0,1,none,medium,-80.0,0.0,20.0
2.0003102403080035,1.0,1,none,low,-4.931216931216932,3.767195767195766,48.698412698412696
0.9823102403036563,0.0,1,none,high,27.08571428571428,58.54285714285714,31.457142857142856
0.8093102403035985,0.0,1,none,low,-4.356602186711523,5.214465937762825,29.571068124474348
0.48831024030349135,0.0,1,none,low,-1.968,2.6773333333333333,14.645333333333332
0.7293102403035718,0.0,1,none,low,-21.70854271356784,4.974874371859296,16.683417085427134
0.511310240303499,0.0,1,none,high,-10.801317233808998,47.5192096597146,28.3205268935236
0.9823102403036563,0.0,1,none,low,1.031500926497836,8.412600370599133,17.3810994441013
0.5313102403035057,0.0,1,none,low,-11.76548089591568,41.34387351778656,3.10935441370224
1.406310240303798,0.0,1,none,low,-11.58273381294964,5.611510791366906,7.194244604316546
1.8503102403039462,0.0,1,none,medium,20.0226586102719,26.676737160120844,16.65407854984894
0.5093102403034984,0.0,1,none,low,-7.760479041916168,21.493013972055888,9.253493013972056
1.7693102403039191,0.0,1,none,high,-5.675675675675677,32.16216216216216,37.83783783783784
1.7993102403039292,0.0,1,none,low,0.4612978889757633,22.845973416731823,2.384675527756059
0.5383102403075155,1.0,1,none,medium,29.23686105111592,3.923686105111592,54.68682505399568
0.7363102403035742,0.0,1,none,medium,-24.97925311203319,48.90733056708161,3.886583679114799
0.8943102403036269,0.0,1,none,medium,-47.21967963386728,14.49656750572082,31.7162471395881
1.3283102403077793,1.0,1,none,low,-2.1461897356143105,1.570762052877138,33.71695178849145
0.8363102403036076,0.0,1,none,low,-6.9114754098360685,6.544262295081966,13.455737704918034
0.7923102403035929,0.0,1,none,high,-52.82423208191127,16.72354948805461,39.54778156996587
0.6933102403035598,0.0,1,none,high,-37.41935483870968,29.576612903225804,46.99596774193549
1.3623102403037832,0.0,1,none,low,-7.764705882352944,21.49019607843137,9.254901960784316
0.5773102403035211,0.0,1,none,low,3.965785381026437,14.556765163297044,20.590979782270608
1.1573102403037148,0.0,1,none,high,-26.441152922337874,25.204163330664528,61.6453162530024
0.9263102403076451,1.0,1,none,medium,-1.452914798206281,3.37219730941704,74.82511210762333
0.6323102403035394,0.0,1,none,medium,-14.86651411136537,67.62013729977117,2.486651411136537
1.1483102403037118,0.0,1,none,medium,0.7170393215111766,7.679259830377793,66.96222050886662
1.0073102403076721,1.0,1,none,low,1.95505617977528,1.707865168539326,49.752808988764045
0.9103102403076397,1.0,1,none,medium,21.020104244229334,12.755026061057334,51.734921816828
0.8363102403036076,0.0,1,none,medium,-5.42857142857142,69.1948051948052,4.623376623376622
0.5593102403035151,0.0,1,none,high,-45.8435207823961,13.007334963325178,48.85085574572128
0.6043102403075375,1.0,1,none,low,14.50097847358121,4.083496412263535,29.58251793868232
0.6843102403035568,0.0,1,none,low,0.8786610878661101,15.439330543933051,14.560669456066943
0.8893102403076327,1.0,1,none,medium,15.150501672240804,13.54515050167224,38.39464882943144
0.7413102403075833,1.0,1,none,medium,24.59627329192547,16.37888198757764,31.78260869565217
0.8903102403036256,0.0,1,none,high,-34.57300275482093,11.735537190082644,56.30853994490359
0.9173102403076421,1.0,1,none,medium,71.83347350714887,8.183347350714886,16.349873843566016
0.5643102403075242,1.0,1,none,low,26.44120707596254,28.22060353798127,1.779396462018729
0.7403102403035755,0.0,1,none,medium,-33.41513292433538,15.950920245398772,29.36605316973415
0.6173102403075419,1.0,1,none,high,-5.822291504286824,42.08885424785659,47.91114575214341
0.6393102403075492,1.0,1,none,low,10.0,10.0,0.0
0.5363102403035074,0.0,1,none,medium,-12.450832072617246,33.57034795763994,26.021180030257185
1.017310240303668,0.0,1,none,low,-1.4578499613302398,7.416860015467904,18.874709976798144
0.8853102403076314,1.0,1,none,medium,-3.4536891679748827,12.18210361067504,55.63579277864992
0.6173102403035344,0.0,1,none,low,-6.835016835016832,8.686868686868687,35.52188552188552
1.047310240303678,0.0,1,none,low,-7.926186291739889,54.31458699472759,2.240773286467486
0.7093102403035652,0.0,1,none,medium,-35.02304147465438,12.488479262672808,47.51152073732719
0.8093102403035985,0.0,1,none,high,-35.3247311827957,21.02365591397849,66.34838709677419
0.7413102403035758,0.0,1,none,low,13.88157894736842,30.789473684210527,6.907894736842104
1.032310240303673,0.0,1,none,low,-8.353140916808151,15.823429541595925,24.176570458404075
0.9143102403036336,0.0,1,none,low,-22.936010037641157,13.651191969887076,6.587202007528231
0.7823102403035895,0.0,1,none,medium,10.0,90.0,0.0
0.8413102403036092,0.0,1,none,low,20.0,60.0,0.0
0.5283102403035047,0.0,1,none,high,-90.0,0.0,50.0
0.5833102403035231,0.0,1,none,medium,-7.1933085501858685,67.75092936802974,4.944237918215612
0.6103102403035321,0.0,1,none,medium,-60.0,0.0,60.0
0.7833102403035899,0.0,1,none,medium,-11.08076009501188,37.49406175771971,18.574821852731592
0.7633102403035832,0.0,1,none,medium,-6.873597606581903,2.916978309648466,59.79057591623037
0.875310240307628,1.0,1,none,medium,20.48,7.359999999999999,56.88
0.8023102403035962,0.0,1,none,medium,37.30569948186528,22.43523316062176,15.129533678756474
1.8693102403039525,0.0,1,none,low,-2.808671065032989,4.297832233741752,47.10650329877474
0.6153102403035338,0.0,1,none,high,-50.42553191489361,15.77304964539007,56.19858156028369
0.9773102403076621,1.0,1,none,medium,-10.74277854195324,34.56671251719395,25.30949105914718
0.6663102403075583,1.0,1,none,high,-6.690307328605201,21.32387706855792,58.01418439716313
0.818310240307609,1.0,1,none,high,-2.222222222222225,26.666666666666664,38.88888888888889
1.957310240303982,0.0,1,none,low,-2.0433436532507727,18.978328173374614,21.021671826625383
0.5763102403035207,0.0,1,none,medium,-21.167883211678834,7.532846715328464,48.7007299270073
1.9663102403079924,1.0,1,none,low,-2.9294605809128638,3.5352697095435683,6.464730290456432
2.2203102403040695,0.0,1,none,high,16.897959183673475,32.95626822157435,36.05830903790087
0.47031024030348534,0.0,1,none,high,-68.397212543554,12.961672473867596,51.3588850174216
0.7423102403035762,0.0,1,none,low,11.357142857142858,3.0510204081632653,41.69387755102041
0.8073102403035979,0.0,1,none,high,-36.34074074074076,14.72592592592592,71.06666666666668
0.7813102403035892,0.0,1,none,high,7.106325706594888,58.26379542395693,21.157469717362044
1.5463102403038447,0.0,1,none,low,-10.24663677130045,42.64573991031391,2.89237668161435
0.9636833863311904,0.0,3,none,medium,32.685771409530155,26.431189603465512,23.745418193935357
0.9706833863352002,1.0,3,none,high,20.79777365491651,37.291280148423006,26.49350649350649
1.1486833863312522,0.0,3,none,low,1.1683727497352638,18.70102364984116,7.532650900105894
0.845683386331151,0.0,3,none,medium,-62.12241303390577,14.302069572875384,16.424482606781154
1.0366833863312148,0.0,3,none,medium,-21.320535194880744,42.675974403723096,13.99650959860384
1.2006833863312696,0.0,3,none,medium,35.65118912797281,30.260475651189125,14.609286523216308
1.6576833863314222,0.0,3,none,medium,-20.11173184357542,39.92551210428304,20.03724394785847
1.1336833863312472,0.0,3,none,low,-15.588235294117649,6.176470588235292,31.76470588235294
0.7356833863311143,0.0,3,none,medium,-24.4496644295302,28.98657718120805,23.436241610738257
1.2096833863312726,0.0,3,none,low,7.333755541481951,13.666877770740976,6.333122229259024
1.631683386335421,1.0,3,none,high,43.36473755047107,41.34589502018842,27.98115746971736
0.9016833863351772,1.0,3,none,medium,19.17721518987341,21.518987341772156,32.34177215189874
1.2286833863352864,1.0,3,none,low,22.596259625962595,10.649064906490649,28.05280528052805
1.191683386335274,1.0,3,none,low,9.811320754716975,7.452830188679243,37.64150943396226
0.791683386331133,0.0,3,none,medium,-74.87848784878489,13.609360936093609,8.487848784878487
0.9336833863311804,0.0,3,none,medium,-7.769755314881667,52.53108704372242,10.300842358604092
0.7986833863311353,0.0,3,none,medium,-2.141592920353979,39.584070796460175,21.72566371681416
1.5346833863353886,1.0,3,none,medium,53.46336822074216,33.98667935299714,10.52331113225499
0.7566833863351288,1.0,3,none,low,14.319526627218934,9.805579036348268,25.486052409129336
0.7096833863311056,0.0,3,none,low,-32.32689210950081,23.71980676328502,6.0466988727858295
0.7266833863311113,0.0,3,none,low,4.534739454094293,4.844913151364764,10.310173697270471
0.7516833863351271,1.0,3,none,medium,53.45132743362832,14.690265486725664,21.238938053097343
0.6626833863310899,0.0,3,none,medium,-21.824500434404868,51.71155516941789,3.536055603822763
1.0156833863352153,1.0,3,none,low,11.168639053254438,8.905325443786982,27.736686390532544
0.9576833863311884,0.0,3,none,low,-15.175218098477009,7.412390950761495,22.5876090492385
0.6976833863311016,0.0,3,none,high,-18.01003344481605,46.279264214046826,24.289297658862875
0.851683386331153,0.0,3,none,high,24.485776805251643,38.99343544857768,24.50765864332604
0.8866833863351722,1.0,3,none,medium,70.0,20.0,0.0
0.8676833863311584,0.0,3,none,high,57.82375478927202,64.85823754789271,17.03448275862069
0.8386833863351562,1.0,3,none,medium,43.4061135371179,33.36244541484716,9.956331877729257
0.9036833863311704,0.0,3,none,high,74.3334860284013,53.733394411360514,9.399908382959223
1.161683386335264,1.0,3,none,low,-15.316455696202532,19.746835443037977,5.063291139240507
0.779683386331129,0.0,3,none,medium,-32.173913043478265,38.26086956521739,10.434782608695652
0.8926833863311667,0.0,3,none,high,80.0,90.0,0.0
1.4756833863313614,0.0,3,none,low,0.185714285714285,5.092857142857143,4.9071428571428575
1.2616833863352974,1.0,3,none,low,15.879218472468915,14.351687388987566,8.47246891651865
1.3056833863313047,0.0,3,none,high,42.820284697508896,47.45551601423488,14.635231316725978
0.9646833863311908,0.0,3,none,medium,-3.26923076923077,46.71153846153846,9.98076923076923
1.0376833863312152,0.0,3,none,medium,-44.81089258698941,19.591527987897123,14.402420574886536
0.7036833863311036,0.0,3,none,high,-46.37466307277628,30.2021563342318,26.576819407008085
1.6456833863314182,0.0,3,none,medium,13.915040183696902,36.95752009184845,23.04247990815155
1.68868338633544,1.0,3,none,high,1.4015151515151558,33.32070707070707,41.91919191919192
1.2976833863353094,1.0,3,none,low,-9.139240506329111,43.59493670886076,2.734177215189873
1.4756833863313614,0.0,3,none,medium,19.75497702909648,16.58499234303216,26.83001531393568
1.0106833863312061,0.0,3,none,medium,-17.745358090185682,28.169761273209545,15.915119363395227
1.6036833863354116,1.0,3,none,high,37.31601731601732,62.56854256854257,15.252525252525253
0.7266833863351188,1.0,3,none,medium,46.2962962962963,12.053872053872055,35.75757575757576
0.9096833863311724,0.0,3,none,medium,-0.5054151624548702,48.64620938628159,9.15162454873646
0.7616833863351304,1.0,3,none,low,26.925601750547045,7.385120350109409,10.459518599562363
0.8316833863311464,0.0,3,none,high,-19.9185667752443,48.51791530944625,18.436482084690557
0.9346833863351882,1.0,3,none,medium,14.468937875751507,24.208416833667336,19.73947895791583
0.764683386331124,0.0,3,none,high,10.445168295331158,51.6829533116178,21.237785016286644
0.9396833863311824,0.0,3,none,low,0.1007838745800677,13.40052258305338,3.2997387084733107
0.6926833863310999,0.0,3,none,high,80.0,90.0,0.0
1.6166833863314085,0.0,3,none,high,2.929754426042265,52.27298686464877,29.343232438606503
0.9386833863311821,0.0,3,none,low,33.93939393939394,5.492424242424242,31.553030303030297
1.2956833863353088,1.0,3,none,medium,34.392113910186204,24.7973713033954,30.4052573932092
1.4996833863313694,0.0,3,none,medium,-40.26615969581749,37.30038022813688,17.566539923954373
0.9626833863351976,1.0,3,none,medium,57.236580516898606,17.163684559310802,9.927104042412196
0.9406833863311828,0.0,3,none,low,1.7136329017517191,62.74942878903275,1.0357958872810349
0.8166833863311413,0.0,3,none,medium,-27.81529979324604,34.78980013783597,22.60509993108201
0.9906833863311995,0.0,3,none,high,16.60079051383399,63.9604743083004,17.359683794466402
0.8056833863311377,0.0,3,none,medium,-7.1758436944937785,58.259325044404974,5.435168738898756
0.6786833863310953,0.0,3,none,medium,59.0530612244898,17.56734693877551,8.514285714285707
1.1326833863352543,1.0,3,none,medium,71.45780051150895,8.145780051150895,16.687979539641937
1.4936833863313674,0.0,3,none,high,1.9819819819819884,51.73986486486487,29.75788288288288
0.9666833863311914,0.0,3,none,low,21.52364273204904,7.880910683012258,6.357267950963223
0.719683386331109,0.0,3,none,high,62.51851851851852,71.25925925925925,8.740740740740735
1.0696833863312258,0.0,3,none,high,-31.86559679037112,29.067201604814443,60.93279839518557
0.81268338633114,0.0,3,none,medium,59.91967871485944,15.983935742971887,16.064257028112447
0.8366833863351555,1.0,3,none,low,31.085785329465395,14.59593866556154,13.510153336096144
0.7056833863311043,0.0,3,none,low,32.66862170087976,23.50073313782991,10.832111436950145
0.8506833863311527,0.0,3,none,high,33.04842550939402,73.82905530563642,10.78062979624239
1.1426833863352577,1.0,3,none,low,26.985391766268265,33.49269588313413,6.5073041168658685
1.0076833863312051,0.0,3,none,low,9.32135728542914,28.18363273453094,8.862275449101796
1.0696833863352333,1.0,3,none,low,35.65934065934066,7.609890109890109,11.950549450549447
1.5196833863313761,0.0,3,none,low,26.62074903142488,15.540249677141627,8.919500645716743
0.8266833863311447,0.0,3,none,high,29.34703748488513,53.49455864570737,14.147521160822244
1.1306833863352537,1.0,3,none,low,30.664451827242523,6.777408637873754,16.11295681063123
1.8956833863315017,0.0,3,none,medium,33.87054161162483,4.87450462351387,41.00396301188904
0.7726833863311267,0.0,3,none,medium,-11.187384044526896,59.109461966604826,10.296846011131723
1.0426833863352243,1.0,3,none,medium,74.17653390742734,8.417653390742734,14.241119483315384
0.9876833863352059,1.0,3,none,low,2.376578645235361,6.18828932261768,3.811710677382319
1.023683386335218,1.0,3,none,medium,-48.38150289017341,31.21387283236994,19.595375722543352
1.170683386335267,1.0,3,none,high,3.482466747279325,27.20677146311971,43.72430471584039
0.7056833863311043,0.0,3,none,low,-13.616236162361623,49.33579335793358,2.952029520295203
0.8256833863311444,0.0,3,none,medium,38.11387900355872,22.70462633451957,14.590747330960854
1.4076833863353462,1.0,3,none,high,-45.95564941921859,20.95036958817317,36.90601900739176
1.6116833863354143,1.0,3,none,high,49.65145228215768,27.585062240663905,27.933609958506224
1.5526833863313871,0.0,3,none,high,59.12767644726408,65.47184773988897,16.344171292624893
1.0786833863352363,1.0,3,none,low,1.7295980511571225,5.43239951278928,43.70280146163216
1.634683386335422,1.0,3,none,high,0.0867052023121317,32.70712909441232,42.62042389210019
1.1516833863352607,1.0,3,none,medium,30.395738203957382,9.162861491628616,48.76712328767123
1.296683386335309,1.0,3,none,medium,56.83544303797469,6.6835443037974684,29.84810126582278
0.7836833863311303,0.0,3,none,medium,10.746825989544432,22.55414488424197,21.807318894697534
0.8856833863311644,0.0,3,none,medium,7.510917030567688,79.78165938864629,2.270742358078602
0.75268338633112,0.0,3,none,high,27.45257452574526,66.12466124661246,8.672086720867204
1.9106833863315067,0.0,3,none,medium,-3.909774436090228,55.33834586466165,9.24812030075188
1.0886833863312322,0.0,3,none,low,-23.955002960331555,27.03374777975133,10.988750740082889
1.6156833863314082,0.0,3,none,high,20.152413209144797,48.54360711261643,18.391193903471635
1.5216833863353842,1.0,3,none,medium,80.0,20.0,0.0
1.0656833863312245,0.0,3,none,medium,-40.83608360836084,31.331133113311328,12.167216721672167
0.7116833863311063,0.0,3,none,high,27.13622291021672,75.30185758513932,8.1656346749226
0.9186833863311754,0.0,3,none,low,-5.609548167092925,7.195225916453538,12.804774083546462
1.2836833863312973,0.0,3,none,medium,-17.175470008952548,28.5496866606983,15.725156669650849
1.5176833863313755,0.0,3,none,high,-0.7877116975187164,39.60614415124064,40.39385584875936
1.2606833863312896,0.0,3,none,medium,-15.569620253164558,29.620253164556964,15.18987341772152
3.0426833863358915,1.0,3,none,medium,15.826161790017215,41.35972461273666,15.53356282271945
0.8906833863351735,1.0,3,none,low,6.839378238341965,3.367875647668393,26.528497409326427
1.1966833863352757,1.0,3,none,low,27.65494137353434,4.706867671691792,37.051926298157454
0.8596833863351632,1.0,3,none,low,-7.178881008668244,17.11583924349882,4.29472025216706
1.7966833863314686,0.0,3,none,medium,-21.907938625750504,22.8552368245497,24.763175450300203
1.086683386335239,1.0,3,none,low,11.501901140684412,29.429657794676807,7.927756653992393
2.1366833863315824,0.0,3,none,low,0.1754385964912312,22.63157894736842,2.456140350877192
1.4336833863353549,1.0,3,none,low,-1.5064935064935066,2.831168831168831,14.337662337662335
0.7676833863351324,1.0,3,none,medium,-20.818414322250646,19.59079283887468,40.40920716112532
0.9836833863352046,1.0,3,none,medium,-23.55806872553284,6.576772509786864,50.134841235319705
1.1336833863312472,0.0,3,none,medium,0.4871902561948786,53.65812683746326,13.170936581268377
1.210683386331273,0.0,3,none,medium,11.608391608391614,47.60489510489511,15.996503496503497
1.4456833863353589,1.0,3,none,low,-16.422413793103445,5.818965517241379,32.241379310344826
0.9716833863352006,1.0,3,none,high,-43.21428571428572,23.39285714285714,66.60714285714286
0.8736833863311604,0.0,3,none,low,-9.994301994301994,37.5042735042735,7.498575498575498
0.9966833863312015,0.0,3,none,medium,-18.101265822784807,55.0210970464135,3.122362869198312
1.9376833863355232,1.0,3,none,high,-28.983402489626563,32.30290456431535,51.28630705394191
0.8936833863311671,0.0,3,none,medium,-8.70395634379263,30.777626193724423,19.481582537517053
0.8526833863351608,1.0,3,none,medium,9.44687045123726,11.834061135371178,42.38719068413392
1.823683386335485,1.0,3,none,low,-28.56733524355301,7.621776504297992,16.189111747851005
0.9706833863311928,0.0,3,none,high,26.486486486486488,48.24324324324324,21.756756756756754
0.710683386331106,0.0,3,none,high,21.52409046214356,49.282202556538834,17.75811209439528
1.065683386335232,1.0,3,none,low,40.19165727170237,7.170236753100339,16.978579481397972
1.0156833863312078,0.0,3,none,medium,52.19824679703304,33.526635198921106,11.32838840188806
0.8796833863351698,1.0,3,none,low,-4.212034383954153,15.472779369627506,9.68481375358166
0.8676833863311584,0.0,3,none,low,-5.39622641509434,18.452830188679243,3.849056603773585
0.78268338633113,0.0,3,none,high,7.953752181500874,67.81413612565444,9.860383944153575
1.1636833863312572,0.0,3,none,low,-7.815384615384616,16.638461538461538,4.453846153846154
0.8506833863311527,0.0,3,none,medium,23.57491856677525,45.58631921824104,12.011400651465795
1.53868338633539,1.0,3,none,medium,-28.920539730134934,28.755622188905548,17.67616191904048
0.7996833863311357,0.0,3,none,high,31.04938271604938,63.456790123456784,12.407407407407408
0.8946833863311674,0.0,3,none,medium,-61.42857142857144,25.71428571428571,7.142857142857143
1.2376833863352894,1.0,3,none,low,15.241180705543556,14.096472282217425,8.855291576673864
1.218683386335283,1.0,3,none,medium,38.296593186372746,17.074148296593187,38.77755511022044
1.2406833863352904,1.0,3,none,medium,-4.939564867042705,7.518130539887188,52.45769540692989
1.444683386331351,0.0,3,none,medium,32.0,46.0,13.999999999999998
0.6786833863310953,0.0,3,none,high,14.891020052310378,45.710549258936354,20.81952920662598
0.81268338633114,0.0,3,none,low,18.89632107023412,7.224080267558528,8.327759197324413
1.116683386335249,1.0,3,none,high,-4.127218934911241,51.523668639053255,25.650887573964496
1.357683386331322,0.0,3,none,high,-22.52653927813164,43.37579617834395,25.902335456475583
1.2766833863353024,1.0,3,none,high,-47.194454578620935,16.40277271068953,63.59722728931047
0.9416833863351906,1.0,3,none,medium,32.513661202185794,59.79963570127504,7.285974499089249
0.8746833863311607,0.0,3,none,high,60.11542497376705,56.92549842602309,16.81007345225603
1.2536833863312873,0.0,3,none,medium,29.15617128463476,16.133501259445843,36.97732997481109
0.791683386331133,0.0,3,none,high,-13.6,52.892307692307696,16.492307692307694
0.8956833863351752,1.0,3,none,low,37.05750560119492,14.26437640029873,17.206870799103807
0.7486833863351261,1.0,3,none,medium,-24.41947565543072,5.193508114856428,69.61298377028714
0.707683386331105,0.0,3,none,medium,8.57791225416037,73.93343419062028,5.3555219364599065
0.8256833863311444,0.0,3,none,medium,-11.05527638190955,9.648241206030148,60.70351758793969
1.3656833863313247,0.0,3,none,low,0.3814064362336129,13.587604290822409,3.206197854588796
1.4676833863313588,0.0,3,none,medium,0.0,40.0,10.0
1.3506833863313197,0.0,3,none,medium,18.51963746223565,81.38972809667673,2.870090634441087
0.9526833863311868,0.0,3,none,low,1.752411575562702,14.5016077170418,2.749196141479099
1.1876833863312652,0.0,3,none,medium,15.085421412300686,45.05125284738041,9.965831435079725
1.195683386331268,0.0,3,none,medium,-28.34080717488789,34.43946188340807,22.780269058295964
1.1486833863352597,1.0,3,none,medium,71.18546845124283,25.296367112810707,14.110898661567871
1.2516833863312866,0.0,3,none,medium,-8.01387684301821,34.65741543798786,12.67129228100607
0.9156833863351819,1.0,3,none,low,0.7962771458117883,3.598759048603929,12.80248190279214
0.9346833863351882,1.0,3,none,high,-38.94366197183099,14.492957746478869,63.43661971830986
0.87268338633116,0.0,3,none,low,2.2715053763440896,33.81720430107527,1.545698924731182
1.791683386331467,0.0,3,none,low,7.584650112866817,13.792325056433407,6.20767494356659
0.854683386331154,0.0,3,none,low,2.4202626641651026,24.24015009380863,11.819887429643526
1.2126833863312736,0.0,3,none,low,19.16015625,24.580078125,5.419921875
1.0076833863352126,1.0,3,none,medium,25.167883211678834,28.96350364963504,13.795620437956204
2.021683386331544,0.0,3,none,high,7.946084724005146,62.96534017971759,15.019255455712448
1.462683386331357,0.0,3,none,low,-11.170520231213876,23.0635838150289,4.234104046242775
1.035683386335222,1.0,3,none,medium,-21.238390092879257,37.92569659442725,9.164086687306504
0.8196833863311423,0.0,3,none,high,-17.041420118343197,17.183431952662723,64.22485207100591
1.3316833863353208,1.0,3,none,medium,56.54731457800512,21.63682864450128,25.08951406649616
0.7836833863311303,0.0,3,none,low,6.148969889064977,17.432646592709983,1.283676703645007
1.3356833863313147,0.0,3,none,medium,20.0,70.0,0.0
0.881683386331163,0.0,3,none,medium,34.318658280922435,51.44654088050314,7.127882599580709
0.8046833863311373,0.0,3,none,high,-2.632961260669738,31.437951411687457,44.0709126723572
3.051683386331888,0.0,3,none,low,-7.8023925564909185,13.318564466105448,11.120957022596368
1.556683386335396,1.0,3,none,medium,28.929068150208625,4.325452016689847,45.39638386648122
1.9346833863315147,0.0,3,none,low,-2.1803278688524586,3.9098360655737703,6.090163934426229
1.0426833863352243,1.0,3,none,medium,31.689630166787524,11.48658448150834,29.79695431472081
1.8366833863354894,1.0,3,none,medium,18.780841799709727,26.124818577648767,17.34397677793904
0.9776833863352026,1.0,3,none,medium,55.97938144329897,13.814432989690722,27.83505154639175
0.9256833863351852,1.0,3,none,medium,27.90243902439024,4.211382113821138,46.3089430894309
0.8626833863311567,0.0,3,none,low,-3.797121315969843,8.101439342015077,11.89856065798492
0.7956833863311343,0.0,3,none,medium,-24.83333333333333,49.03703703703704,3.87037037037037
0.81268338633114,0.0,3,none,high,-18.652037617554853,25.673981191222573,44.32601880877743
1.5956833863314015,0.0,3,none,medium,52.33990147783252,13.152709359605913,30.812807881773395
1.189683386331266,0.0,3,none,medium,-40.52473763118441,40.47976011994003,11.004497751124438
1.23968338633529,1.0,3,none,low,8.484500574052808,14.431687715269804,25.947187141216997
2.0356833863315487,0.0,3,none,high,-5.145018915510711,42.774274905422445,27.919293820933163
1.4106833863313397,0.0,3,none,low,23.69465648854962,14.564885496183209,10.870229007633586
1.2366833863312816,0.0,3,none,medium,50.0,40.0,0.0
0.6526833863310866,0.0,3,none,high,90.0,70.0,0.0
0.78268338633113,0.0,3,none,high,50.0,80.0,0.0
2.122683386335585,1.0,3,none,low,19.961977186311785,4.993662864385297,25.03168567807351
1.4396833863313494,0.0,3,none,high,37.91271347248577,39.16508538899431,31.252371916508533
1.1456833863312512,0.0,3,none,medium,33.289689034369886,55.97381342062193,2.6841243862520443
0.8206833863311427,0.0,3,none,low,-12.621951219512194,40.609756097560975,3.231707317073171
0.8376833863311484,0.0,3,none,high,17.461024498886417,43.73051224944321,26.26948775055679
0.6866833863310979,0.0,3,none,low,29.85010706638116,16.616702355460387,6.766595289079228
1.0716833863312265,0.0,3,none,low,30.219780219780212,6.703296703296703,16.483516483516482
0.704683386331104,0.0,3,none,low,20.215189873417724,4.316455696202532,34.10126582278481
2.974683386335869,1.0,3,none,low,28.939790575916238,22.102421465968582,13.162630890052354
1.35168338633132,0.0,3,none,high,26.272352132049527,36.9738651994498,30.70151306740027
1.4066833863313384,0.0,3,none,high,8.642297650130551,50.65274151436032,22.010443864229764
2.04668338633556,1.0,3,none,low,39.36220472440945,16.96062992125984,7.598425196850391
0.7926833863311333,0.0,3,none,low,15.126135216952571,5.025227043390514,19.89909182643794
1.2016833863352774,1.0,3,none,low,5.369030390738062,5.123010130246021,9.75397973950796
0.8476833863351592,1.0,3,none,low,54.47407407407408,8.05925925925926,13.58518518518518
0.8736833863311604,0.0,3,none,high,-22.52252252252253,43.37837837837838,25.900900900900904
1.1696833863312592,0.0,3,none,high,43.00829875518672,41.20331950207469,28.19502074688797
0.7306833863311126,0.0,3,none,high,50.0,80.0,0.0
0.6676833863310916,0.0,3,none,medium,20.0,90.0,0.0
0.6986833863311019,0.0,3,none,high,25.84470094438615,69.50682056663169,13.662119622245536
1.168683386331259,0.0,3,none,medium,23.196721311475407,54.364754098360656,11.168032786885243
0.9506833863351936,1.0,3,none,low,4.947025264873675,7.473512632436837,2.526487367563162
0.8466833863311514,0.0,3,none,high,-0.8952519028633574,42.18919898513954,33.0844508880029
0.6786833863310953,0.0,3,none,medium,2.0,56.0,4.0
0.7176833863351157,1.0,3,none,medium,41.46551724137932,5.718390804597702,34.252873563218394
0.7016833863311029,0.0,3,none,high,9.535135135135144,39.76756756756757,30.232432432432425
1.0666833863352323,1.0,3,none,medium,38.80228136882129,18.76425855513308,29.961977186311785
1.0856833863312312,0.0,3,none,low,22.86008230452675,22.65432098765432,9.794238683127572
0.8046833863311373,0.0,3,none,low,-1.2875536480686716,2.178111587982832,23.465665236051503
0.9576833863351959,1.0,3,none,medium,50.17777777777778,21.866666666666667,21.688888888888886
2.112683386335582,1.0,3,none,medium,39.4170403587444,11.88340807174888,32.46636771300448
1.3636833863353315,1.0,3,none,medium,50.85152838427948,12.882096069868997,32.03056768558952
0.737683386331115,0.0,3,none,high,-15.175202156334237,42.08894878706199,37.264150943396224
0.7576833863311216,0.0,3,none,medium,47.57142857142857,23.27142857142857,15.699999999999994
1.0156833863352153,1.0,3,none,medium,45.09708737864078,14.466019417475728,19.368932038834952
0.9856833863311978,0.0,3,none,low,3.0241051862673487,11.512052593133674,8.487947406866326
0.9366833863311814,0.0,3,none,high,32.57861635220125,60.041928721174,17.463312368972744
0.9906833863352069,1.0,3,none,high,15.57142857142857,17.098901098901095,51.527472527472526
1.4146833863353485,1.0,3,none,medium,-30.0,0.0,80.0
0.8326833863311467,0.0,3,none,medium,39.11922663802363,49.55961331901182,10.440386680988183
1.0186833863352163,1.0,3,none,low,40.17191977077364,15.04297994269341,14.871060171919767
1.2786833863312956,0.0,3,none,high,-14.65853658536586,20.92682926829268,45.58536585365854
1.83068338633148,0.0,3,none,medium,-11.965217391304346,45.35652173913044,17.321739130434782
1.92068338633151,0.0,3,none,low,-70.0,0.0,10.0
0.7786833863351361,1.0,3,none,low,24.870466321243523,14.956822107081171,10.086355785837648
0.9846833863352049,1.0,3,none,medium,3.270440251572328,17.30817610062893,34.0377358490566
1.4466833863313517,0.0,3,none,medium,-28.744769874476997,41.004184100418406,9.748953974895398
0.7156833863311076,0.0,3,none,high,-9.000000000000007,40.5,49.50000000000001
1.4736833863353682,1.0,3,none,low,14.056162246489862,30.889235569422773,6.833073322932915
0.764683386331124,0.0,3,none,low,0.4322200392927318,26.954813359528487,6.522593320235756
2.5886833863317333,0.0,3,none,low,22.44607843137255,12.127450980392156,19.681372549019606
0.7786833863311287,0.0,3,none,low,20.0,40.0,0.0
0.800683386331136,0.0,3,none,high,70.0,60.0,0.0
0.7086833863311053,0.0,3,none,low,24.11488862837045,20.29308323563892,16.178194607268466
1.360683386331323,0.0,3,none,medium,47.06122448979592,19.26530612244898,32.20408163265306
0.7426833863311166,0.0,3,none,high,66.64473684210527,54.276315789473685,7.631578947368416
0.9136833863351812,1.0,3,none,high,6.699029126213588,14.368932038834952,57.66990291262136
0.8506833863311527,0.0,3,none,medium,3.79421221864952,57.39549839228296,3.60128617363344
0.7576833863351291,1.0,3,none,medium,1.6223404255319167,59.361702127659576,7.73936170212766
1.1286833863312455,0.0,3,none,low,3.908355795148248,6.954177897574124,3.045822102425876
0.7956833863311343,0.0,3,none,medium,-0.5555555555555536,57.77777777777778,8.333333333333334
0.827683386331145,0.0,3,none,low,17.12702472293265,14.85080988917306,7.72378516624041
1.0796833863312292,0.0,3,none,medium,31.41004862236629,20.47001620745543,19.059967585089137
0.9486833863311854,0.0,3,none,high,14.693877551020414,47.3469387755102,32.65306122448979
0.8116833863311397,0.0,3,none,high,26.748064324002375,58.37403216200119,31.625967837998807
0.9436833863351912,1.0,3,none,low,2.085201793721973,8.834080717488789,16.748878923766814
1.6076833863314055,0.0,3,none,medium,56.26903553299492,15.253807106598984,18.984771573604057
0.9936833863352079,1.0,3,none,high,-26.382833787465945,25.231607629427792,61.61444141689373
1.4816833863353709,1.0,3,none,medium,-70.0,0.0,50.0
2.0436833863315513,0.0,3,none,high,26.788617886178866,61.829268292682926,25.040650406504064
1.1156833863312412,0.0,3,none,medium,-6.857142857142858,65.01587301587301,1.873015873015873
1.2346833863352884,1.0,3,none,high,51.35265700483092,53.091787439613526,21.7391304347826
0.6976833863311016,0.0,3,none,low,14.79591836734694,8.26530612244898,3.46938775510204
0.8896833863311657,0.0,3,none,low,7.950581395348837,3.5901162790697674,25.63953488372093
0.8176833863351491,1.0,3,none,low,8.78419452887538,4.696048632218845,15.911854103343464
0.84268338633115,0.0,3,none,low,0.0413223140495873,2.510330578512397,22.46900826446281
1.0546833863352283,1.0,3,none,high,46.98113207547169,26.76342525399129,29.782293178519595
0.6846833863310973,0.0,3,none,low,-16.987951807228917,36.86746987951807,3.855421686746988
0.794683386331134,0.0,3,none,high,25.96412556053812,57.98206278026906,32.01793721973094
1.2316833863352874,1.0,3,none,low,25.492957746478872,5.070422535211268,29.577464788732392
0.8016833863311363,0.0,3,none,low,8.311306901615275,27.6064610866373,9.295154185022025
1.3466833863353258,1.0,3,none,high,-2.365591397849464,44.36251920122888,26.728110599078335
1.4226833863353512,1.0,3,none,medium,29.31116389548693,16.175771971496438,36.864608076009496
1.041683386335224,1.0,3,none,high,-0.0898203592814468,37.60479041916168,47.69461077844311
1.2246833863312776,0.0,3,none,medium,40.0,70.0,0.0
0.8146833863311407,0.0,3,none,high,27.5531914893617,48.77659574468085,21.223404255319146
1.1356833863352553,1.0,3,none,medium,4.654487688641787,35.26608419380461,20.611596505162822
1.1126833863352477,1.0,3,none,low,-8.424153166421208,7.717231222385862,6.14138438880707
0.8736833863311604,0.0,3,none,high,-50.85126286248831,23.489242282507018,44.340505144995326
0.8776833863311617,0.0,3,none,medium,-22.480818414322247,60.76726342710997,3.248081841432225
1.297683386331302,0.0,3,none,low,-19.53216374269006,16.374269005847953,5.906432748538012
1.3766833863313284,0.0,3,none,low,-8.64,10.68,19.32
0.866683386331158,0.0,3,none,low,-18.32786885245901,45.21311475409836,3.540983606557377
0.8506833863311527,0.0,3,none,high,-16.306532663316585,33.96984924623115,40.27638190954774
0.746683386331118,0.0,3,none,low,-17.548387096774196,7.470967741935483,15.019354838709678
0.7996833863351431,1.0,3,none,high,-17.674418604651166,24.41860465116279,52.09302325581396
1.0636833863352313,1.0,3,none,low,-39.15151515151515,15.636363636363637,14.787878787878787
0.743683386331117,0.0,3,none,medium,10.0,90.0,0.0
0.7356833863311143,0.0,3,none,high,19.73282442748092,61.37404580152672,11.6412213740458
1.4576833863353629,1.0,3,none,medium,9.350912778904668,11.8052738336714,42.454361054766736
1.0576833863312218,0.0,3,none,high,-10.772104607721054,32.57783312577833,53.34993773349938
0.8536833863311537,0.0,3,none,low,23.1108462455304,19.916567342073897,16.805721096543504
0.7246833863311106,0.0,3,none,low,-3.8543897216274097,18.072805139186297,21.927194860813707
1.1086833863352463,1.0,3,none,medium,-33.452807646356035,14.480286738351252,37.93309438470729
0.836683386331148,0.0,3,none,medium,-3.39622641509434,28.30188679245283,31.69811320754717
0.7866833863311313,0.0,3,none,high,8.325391422736551,47.10687542545949,28.78148400272294
0.7676833863351324,1.0,3,none,medium,34.32,21.44,17.12
0.7676833863351324,1.0,3,none,medium,17.62867647058824,3.069852941176471,55.44117647058823
1.2006833863312696,0.0,3,none,low,28.150289017341045,6.358381502890174,18.20809248554913
0.8496833863351598,1.0,3,none,high,-36.01769911504425,14.867256637168138,70.88495575221239
0.9086833863311721,0.0,3,none,high,64.04290429042904,32.01320132013201,17.970297029702962
1.2636833863312906,0.0,3,none,low,24.37795275590551,32.18897637795276,7.811023622047244
1.1586833863312556,0.0,3,none,high,18.438948995363216,60.996908809891806,22.557959814528598
0.7976833863351425,1.0,3,none,low,19.42708333333333,5.885416666666666,16.458333333333332
1.0456833863352253,1.0,3,none,low,1.6228070175438614,8.649122807017545,17.026315789473685
1.1836833863352714,1.0,3,none,medium,35.015576323987545,4.501557632398754,49.48598130841121
1.544683386335392,1.0,3,none,medium,32.60720411663809,18.782161234991424,26.174957118353344
0.7536833863311203,0.0,3,none,high,27.63440860215054,62.27703984819735,24.642631246046808
0.8796833863351698,1.0,3,none,medium,-35.45955882352942,14.724264705882348,30.183823529411768
1.3576833863353295,1.0,3,none,medium,38.836892321671975,26.27896410722399,27.442071785552017
1.0416833863312165,0.0,3,none,medium,34.65965688987272,4.465965688987271,49.80630879911456
0.84268338633115,0.0,3,none,low,12.565789473684209,3.223684210526316,40.65789473684211
1.4086833863353465,1.0,3,none,low,36.12149532710281,6.588785046728972,20.46728971962617
1.0996833863312359,0.0,3,none,low,8.10747663551402,16.33177570093458,18.22429906542056
0.7396833863311156,0.0,3,none,low,-7.054263565891471,26.35658914728682,3.410852713178294
0.7216833863311096,0.0,3,none,medium,40.0,70.0,0.0
0.9466833863311848,0.0,3,none,medium,14.192229038854812,21.676891615541926,27.484662576687118
1.0136833863312071,0.0,3,none,medium,-14.705882352941174,58.03921568627451,2.745098039215686
0.7486833863311186,0.0,3,none,low,-8.37696335078534,16.217277486910994,4.594240837696335
1.0656833863312245,0.0,3,none,medium,-0.37974683544304,44.30379746835443,14.683544303797468
1.2876833863312986,0.0,3,none,high,19.772978959025476,75.99667774086379,6.223698781838316
1.459683386331356,0.0,3,none,low,2.0549581839904434,21.02747909199522,18.97252090800478
0.8506833863311527,0.0,3,none,low,42.093023255813954,6.511627906976745,24.41860465116279
0.7036833863311036,0.0,3,none,low,-7.0212765957446805,55.1063829787234,2.127659574468085
0.7176833863311083,0.0,3,none,medium,30.0,70.0,0.0
0.6856833863310976,0.0,3,none,high,70.0,90.0,0.0
0.9516833863351939,1.0,3,none,low,12.91479820627803,26.45739910313901,13.542600896860984
0.719683386331109,0.0,3,none,low,-7.715254237288136,39.2135593220339,6.928813559322034
0.8826833863311634,0.0,3,none,low,0.0884955752212413,26.72566371681416,6.63716814159292
0.7016833863311029,0.0,3,none,medium,30.0,70.0,0.0
0.8716833863311597,0.0,3,none,medium,-13.2655921513665,69.06096706377015,2.32655921513665
0.9596833863311891,0.0,3,none,low,-23.75,31.071428571428573,4.821428571428571
0.8986833863351762,1.0,3,none,low,19.53125,24.765625,5.234374999999998
0.8576833863351625,1.0,3,none,high,-23.111111111111114,28.444444444444443,51.55555555555556
2.120683386331577,0.0,3,none,medium,-37.77078085642317,42.73299748110831,10.503778337531486
1.0666833863352323,1.0,3,none,low,32.49578414839797,5.311973018549747,32.81618887015177
0.8626833863311567,0.0,3,none,high,60.0,70.0,0.0
1.417683386331342,0.0,3,none,medium,-31.970338983050844,47.47881355932204,9.449152542372882
1.1366833863352557,1.0,3,none,low,-17.23785166240409,32.07161125319693,9.309462915601022
1.9906833863315334,0.0,3,none,low,22.86624203821657,26.43312101910828,3.5668789808917167
0.8496833863311524,0.0,3,none,medium,90.0,30.0,0.0
0.9416833863351906,1.0,3,none,high,-6.035242290748897,23.12775330396476,49.16299559471366
1.2836833863353048,1.0,3,none,high,90.0,70.0,0.0
0.8626833863311567,0.0,3,none,low,7.431340872374802,16.042003231017773,18.61066235864297
0.8776833863311617,0.0,3,none,low,-5.37313432835821,14.776119402985074,10.149253731343284
1.574683386335402,1.0,3,none,medium,49.5360824742268,29.84536082474227,20.309278350515463
1.8196833863314763,0.0,3,none,medium,38.81889763779528,28.661417322834644,19.842519685039367
1.655683386335429,1.0,3,none,low,1.8393480791618144,7.279782693053938,25.440434613892123
1.3706833863353338,1.0,3,none,medium,38.49557522123894,22.831858407079643,14.336283185840704
1.8746499367696046,1.0,4,none,medium,39.25373134328359,26.417910447761194,27.164179104477604
0.8026499367692466,1.0,4,none,low,14.93566176470588,9.981617647058824,25.045955882352946
2.2726499367697377,1.0,4,none,medium,7.397849462365592,58.2652329749104,10.867383512544803
2.7146499367698844,1.0,4,none,low,0.9292035398230096,13.952802359882009,3.023598820058997
0.8136499367652428,0.0,4,none,low,19.0219378427788,5.804387568555759,16.782449725776964
1.3326499367694236,1.0,4,none,high,49.57627118644069,43.83050847457627,24.25423728813559
1.6086499367695157,1.0,4,none,medium,17.57462686567164,23.029850746268657,25.45522388059701
0.8506499367652551,0.0,4,none,medium,-36.60243407707911,31.56186612576065,18.16430020283976
0.7736499367692369,1.0,4,none,medium,-0.6071428571428559,4.30952380952381,54.91666666666666
1.2026499367653727,0.0,4,none,medium,0.2812858783008032,1.142365097588978,70.86107921928817
2.12264993676568,0.0,4,none,low,11.333333333333336,7.111111111111112,5.777777777777776
2.572649936769838,1.0,4,none,medium,36.86046511627907,16.71511627906977,39.854651162790695
1.7706499367695698,1.0,4,none,medium,-32.103559870550164,31.93096008629989,24.03451995685005
0.8306499367652485,0.0,4,none,medium,-59.04918032786885,18.622950819672127,7.672131147540984
2.104649936765674,0.0,4,none,low,-4.186265286923806,11.06302916274694,25.249294449670742
1.0176499367693184,1.0,4,none,medium,-9.122055674518196,27.751605995717345,26.873661670235546
2.512649936769818,1.0,4,none,high,-34.71620612397311,33.17027632561613,37.886482449589245
1.1686499367693688,1.0,4,none,low,9.611510791366904,9.8705035971223,20.2589928057554
1.0266499367693214,1.0,4,none,medium,-32.44410761652141,23.89920424403183,26.34331186055324
0.887649936769275,1.0,4,none,high,-19.53263157894737,27.174736842105258,36.70736842105264
1.6386499367695258,1.0,4,none,low,17.343649258542875,20.290135396518373,12.9464861379755
2.1156499367696853,1.0,4,none,medium,-2.0052770448548856,16.88654353562005,28.89182058047493
1.9306499367656158,0.0,4,none,low,-8.333333333333332,0.833333333333333,9.166666666666666
1.571649936765496,0.0,4,none,low,-27.191011235955056,24.60674157303371,11.797752808988765
1.046649936769328,1.0,4,none,low,-60.0,0.0,20.0
0.9486499367692953,1.0,4,none,high,-28.904564315352697,30.547717842323653,59.45228215767635
1.2626499367694002,1.0,4,none,low,-3.174327840416304,48.70771899392888,1.882046834345186
2.06964993676967,1.0,4,none,high,42.40060015003752,40.960240060015,28.559639909977488
0.9856499367693077,1.0,4,none,high,51.45245559038664,61.859979101358405,20.40752351097178
1.6146499367695177,1.0,4,none,high,-22.79840848806366,14.880636604774535,67.6790450928382
1.0776499367693384,1.0,4,none,medium,-46.39608117564731,9.069279216235127,25.46536039188244
1.354649936769431,1.0,4,none,medium,-4.177978883861236,38.39617898441429,22.57415786827552
0.905649936769281,1.0,4,none,high,-45.387931034482754,26.767241379310345,42.1551724137931
1.9366499367696253,1.0,4,none,low,19.735503560528997,11.353001017293998,21.617497456765005
0.8646499367692673,1.0,4,none,high,-4.285714285714292,25.714285714285708,40.0
0.99264993676931,1.0,4,none,high,-14.14925373134329,48.76119402985074,22.910447761194032
0.7936499367692436,1.0,4,none,medium,57.36150234741785,14.065727699530516,26.70422535211267
0.917649936769285,1.0,4,none,high,-70.0,0.0,90.0
2.7906499367659032,0.0,4,none,low,-1.2370160528800724,50.36827195467422,1.605288007554296
2.118649936765679,0.0,4,none,low,-19.327073552425663,8.004694835680752,7.331768388106417
1.4276499367694553,1.0,4,none,low,17.090803932909196,23.5454019664546,6.454598033545401
1.106649936769348,1.0,4,none,low,-10.21680216802168,9.89159891598916,20.10840108401084
1.0066499367693147,1.0,4,none,high,-51.15885416666667,15.38194444444444,56.54079861111111
1.3876499367654345,0.0,4,none,medium,23.03317535545024,41.51658767772512,18.483412322274884
0.9916499367693097,1.0,4,none,low,4.650455927051671,7.325227963525835,2.674772036474164
0.7266499367652137,0.0,4,none,low,-1.235955056179778,6.254681647940074,27.49063670411985
1.5746499367695044,1.0,4,none,low,-1.1615833874107722,21.62881245944192,2.790395846852693
1.989649936769643,1.0,4,none,low,5.562130177514794,12.781065088757398,7.218934911242604
1.5146499367654769,0.0,4,none,low,21.825855175477564,5.304309195912928,23.47845402043536
1.1436499367693604,1.0,4,none,high,19.353593825373853,34.00868306801737,34.65508924264351
1.0906499367693427,1.0,4,none,medium,-6.005379959650302,75.59515803631473,1.60053799596503
1.3286499367694222,1.0,4,none,medium,38.47659574468086,22.82553191489362,14.348936170212763
0.995649936769311,1.0,4,none,high,29.422407794015317,53.535142658315934,14.112734864300622
0.7786499367692385,1.0,4,none,low,10.0,20.0,0.0
1.6706499367695364,1.0,4,none,high,-12.272727272727275,20.454545454545453,52.72727272727273
2.0736499367696712,1.0,4,none,medium,49.29805615550756,15.399568034557236,16.101511879049674
0.8156499367692509,1.0,4,none,high,49.35312831389184,73.77518557794274,14.422057264050895
1.2296499367693892,1.0,4,none,high,-16.363636363636353,50.97902097902098,17.34265734265734
1.0756499367693377,1.0,4,none,medium,15.454545454545451,20.165289256198346,34.71074380165289
1.3496499367694292,1.0,4,none,high,30.66188197767145,54.20255183413078,13.540669856459328
1.7036499367695475,1.0,4,none,medium,69.35919055649242,24.839797639123105,15.480607082630687
1.5666499367695017,1.0,4,none,medium,-12.014388489208631,60.43165467625899,2.446043165467626
0.893649936769277,1.0,4,none,high,13.75335120643432,57.69436997319035,13.94101876675603
2.2356499367697253,1.0,4,none,high,59.81497056349874,60.58031959629941,10.765349032800671
2.6046499367698486,1.0,4,none,low,4.864864864864865,4.954954954954955,10.09009009009009
0.8466499367692613,1.0,4,none,low,11.415241057542769,7.853810264385692,36.43856920684292
1.9196499367696196,1.0,4,none,low,-2.964959568733155,8.517520215633422,11.482479784366577
1.3066499367654074,0.0,4,none,medium,17.507360157016684,23.002944062806677,25.495583905789985
0.9486499367652879,0.0,4,none,medium,2.169312169312171,42.098765432098766,19.929453262786595
1.2766499367653974,0.0,4,none,low,49.84606275902901,8.549437537004144,8.70337477797513
2.2116499367697173,1.0,4,none,high,6.421161825726141,66.75311203319502,10.33195020746888
1.384649936769441,1.0,4,none,low,-19.959623149394343,7.530282637954239,7.489905787348587
1.8886499367696092,1.0,4,none,high,47.07317073170732,51.21951219512195,24.14634146341464
1.8026499367695805,1.0,4,none,high,-50.54545454545455,23.672727272727272,44.21818181818182
2.021649936769654,1.0,4,none,low,13.451327433628318,16.725663716814157,3.27433628318584
0.7946499367692439,1.0,4,none,low,29.05850091407678,25.310786106032907,6.252285191956124
1.7846499367695745,1.0,4,none,medium,24.425,46.05,11.625
0.9636499367693003,1.0,4,none,medium,3.1139240506329102,4.20253164556962,71.0886075949367
0.9846499367652999,0.0,4,none,low,-11.87692307692308,4.06153846153846,15.93846153846154
1.7686499367695692,1.0,4,none,high,31.831345826235097,47.52129471890972,25.68994889267461
1.2896499367694092,1.0,4,none,high,-22.51776649746193,35.72588832487309,48.243654822335024
1.856649936765591,0.0,4,none,medium,-55.74786324786324,19.4017094017094,15.149572649572647
1.076649936769338,1.0,4,none,medium,-0.5698778833107241,29.71506105834464,30.28493894165536
1.3146499367694175,1.0,4,none,medium,17.293369663941874,46.37602179836512,9.082652134423247
1.1836499367653663,0.0,4,none,low,17.97729618163055,15.19091847265222,7.21362229102167
4.0416499367703285,1.0,4,none,medium,5.120213713268036,61.90560997328584,6.785396260017807
0.9066499367692813,1.0,4,none,medium,59.934701492537314,14.53358208955224,24.59888059701493
1.6296499367655153,0.0,4,none,medium,73.37639965546943,8.337639965546943,14.961240310077514
1.0956499367693444,1.0,4,none,high,-63.11915887850468,18.609813084112144,31.728971962616825
2.1126499367696843,1.0,4,none,medium,-21.53333333333334,30.842424242424244,22.37575757575758
1.4886499367694757,1.0,4,none,low,1.8270008084074352,7.275666936135812,25.448666127728377
1.5786499367695057,1.0,4,none,low,11.611479028697572,29.492273730684325,7.880794701986754
1.586649936765501,0.0,4,none,medium,3.60484314804623,57.24821133736929,3.64336818932306
1.3216499367654124,0.0,4,none,medium,44.14904330312186,12.829808660624373,28.680765357502512
2.27964993676974,1.0,4,none,low,-27.459677419354843,6.27016129032258,33.72983870967742
0.9926499367653026,0.0,4,none,low,7.631975867269984,22.57918552036199,4.947209653092006
1.3116499367694165,1.0,4,none,high,-19.621581116523043,18.63619333083552,48.25777444735856
0.8756499367652635,0.0,4,none,medium,35.712957222566644,12.380657160570363,26.66769993800372
1.098649936765338,0.0,4,none,medium,-13.004987531172066,59.55112219451372,2.556109725685785
1.2566499367693982,1.0,4,none,low,-5.248962655601654,46.92946058091286,2.178423236514522
1.040649936769326,1.0,4,none,medium,10.48,60.32,9.84
4.223649936770389,1.0,4,none,medium,-60.0,0.0,40.0
2.616649936765845,0.0,4,none,low,-50.50323508267433,17.059669302659955,7.562904385334291
0.8756499367692709,1.0,4,none,medium,53.45368171021378,16.323040380047505,12.869358669833728
1.0726499367693367,1.0,4,none,low,59.30402930402931,8.663003663003664,9.35897435897436
1.59164993676951,1.0,4,none,low,-2.9411764705882355,2.352941176470588,15.294117647058822
0.9156499367652768,0.0,4,none,low,17.450787401574804,14.980314960629922,7.529527559055117
0.8366499367652505,0.0,4,none,low,7.186700767263426,4.296675191815857,17.10997442455243
0.7736499367652294,0.0,4,none,medium,64.8951048951049,8.321678321678322,13.426573426573423
1.5016499367654725,0.0,4,none,medium,-18.282286075149983,32.91127249763183,21.19355857278181
2.0436499367696612,1.0,4,none,high,70.91003102378491,34.126163391933815,13.216132368148914
1.4876499367694753,1.0,4,none,medium,1.2286689419795265,64.98293515358361,3.754266211604094
1.1936499367693771,1.0,4,none,low,-3.537037037037038,4.703703703703704,38.24074074074074
2.2056499367697153,1.0,4,none,low,29.085785848465875,25.322479649342515,6.236693800876644
1.1776499367693718,1.0,4,none,low,-13.786982248520712,4.142011834319527,7.928994082840237
1.2256499367653804,0.0,4,none,medium,0.503018108651915,54.835680751173705,4.332662642521797
1.8116499367695835,1.0,4,none,medium,-0.8319738988580738,66.87601957585645,7.7079934747145185
1.3346499367694242,1.0,4,none,medium,-70.0,0.0,30.0
1.986649936769642,1.0,4,none,medium,6.382380506091852,72.28678537956888,5.904404873477037
1.1526499367693634,1.0,4,none,high,48.03837953091685,51.64179104477612,23.603411513859275
2.497649936769813,1.0,4,none,low,9.058260175578612,4.7645650438946525,15.70630486831604
1.0156499367653102,0.0,4,none,high,28.638297872340427,62.80851063829788,24.170212765957444
1.0486499367693287,1.0,4,none,high,-57.54716981132076,12.83018867924528,50.37735849056604
1.5006499367694797,1.0,4,none,medium,46.64227642276423,20.902439024390244,24.26016260162601
0.7676499367692349,1.0,4,none,high,69.97037037037038,33.837037037037035,13.86666666666666
1.4606499367694663,1.0,4,none,high,-18.28741623231571,30.856291883842143,49.14370811615785
1.7316499367695568,1.0,4,none,high,19.43220338983051,36.66101694915254,27.22881355932203
3.7726499367702395,1.0,4,none,low,22.841823056300267,31.42091152815013,8.579088471849865
1.1766499367693715,1.0,4,none,low,1.533242876526458,1.922207146087743,40.388964269561285
1.1346499367693574,1.0,4,none,high,41.622857142857136,57.23428571428571,25.61142857142857
1.609649936769516,1.0,4,none,medium,-58.45114813147231,25.81269698334083,14.263845114813147
1.6006499367655056,0.0,4,none,low,32.59274357929067,15.02649816551162,12.433754586220951
0.9396499367692923,1.0,4,none,low,-14.925644916540218,1.268588770864946,56.194233687405166
0.9066499367692813,1.0,4,none,low,-5.438381361128143,2.280809319435928,7.719190680564071
0.8236499367652461,0.0,4,none,low,14.769928710304605,8.256642903434868,3.4867141931302656
1.432649936769457,1.0,4,none,low,27.000777000777,21.375291375291376,14.374514374514376
1.053649936765323,0.0,4,none,low,18.498402555910545,24.24920127795527,5.750798722044726
1.0896499367693424,1.0,4,none,medium,61.0192023633678,22.75480059084195,21.73559822747415
0.908649936769282,1.0,4,none,medium,-4.23638778220452,7.729083665338644,51.96547144754316
2.626649936769855,1.0,4,none,high,32.23574144486692,42.57034220532319,20.33460076045628
1.0636499367653263,0.0,4,none,low,-22.82407407407408,11.450617283950615,14.274691358024691
1.04464993676532,0.0,4,none,low,-0.0606585788561506,17.96360485268631,8.02426343154246
1.3656499367694346,1.0,4,none,high,18.727735368956736,36.33587786259542,27.60814249363868
1.1866499367653673,0.0,4,none,medium,-1.4354066985645917,62.85167464114832,4.287081339712918
0.9906499367693093,1.0,4,none,medium,54.090247452692864,14.818049490538574,20.727802037845706
1.4706499367694696,1.0,4,none,medium,-7.607361963190186,7.464212678936605,45.07157464212679
1.0246499367693207,1.0,4,none,medium,-30.0,0.0,80.0
1.0846499367693407,1.0,4,none,medium,-8.20454545454545,63.81818181818182,2.022727272727272
1.8746499367696046,1.0,4,none,medium,-44.69635627530364,10.20242914979757,24.898785425101213
3.7176499367702203,1.0,4,none,low,12.265625,12.90625,10.640625
2.079649936765666,0.0,4,none,low,-18.80492091388401,30.896309314586997,9.701230228471
0.9706499367652952,0.0,4,none,medium,-15.205882352941176,11.019607843137257,36.22549019607843
0.8976499367692783,1.0,4,none,medium,68.56272838002437,16.102314250913523,17.53958587088915
1.5596499367694994,1.0,4,none,high,-18.324808184143222,37.9539641943734,26.278772378516624
1.2486499367693955,1.0,4,none,low,13.573487031700289,13.429394812680115,9.855907780979829
1.8706499367696032,1.0,4,none,low,39.99250936329588,26.247191011235955,6.254681647940075
1.6896499367655353,0.0,4,none,low,17.705499704316974,32.9745712596097,5.269071555292725
0.953649936769297,1.0,4,none,medium,-6.707182320441987,53.30386740331492,10.011049723756903
1.0606499367693327,1.0,4,none,medium,22.997562956945576,54.24857839155159,11.25101543460601
1.7236499367695541,1.0,4,none,low,-12.520265291083271,2.9918938835666897,25.512159174649963
1.7626499367695672,1.0,4,none,high,24.41001191895113,55.68533969010727,21.27532777115614
1.0876499367693417,1.0,4,none,low,-28.821428571428573,0.883928571428571,9.705357142857144
0.887649936769275,1.0,4,none,medium,45.18987341772152,5.518987341772153,40.32911392405063
1.8236499367695875,1.0,4,none,low,1.6500994035785297,33.32007952286282,1.6699801192842938
1.1656499367693678,1.0,4,none,medium,-13.867469879518076,11.6144578313253,35.48192771084337
1.0546499367693307,1.0,4,none,low,8.387167175905718,3.677433435181144,25.290266259275427
1.1376499367693584,1.0,4,none,medium,-13.3115468409586,69.01960784313725,2.33115468409586
1.393649936769444,1.0,4,none,medium,-41.3528164034881,18.230025925053027,29.58284232854113
2.8116499367659102,0.0,4,none,low,19.502487562189057,7.375621890547263,7.873134328358208
1.9946499367696446,1.0,4,none,low,-2.5542570951585937,59.01502504173622,1.569282136894824
1.2316499367693898,1.0,4,none,medium,46.598023064250405,12.108731466227349,35.510708401976935
1.3716499367694366,1.0,4,none,low,43.8037552998183,7.686250757116899,13.882495457298608
1.95064993676963,1.0,4,none,medium,-6.730621642363769,74.9424405218726,1.6730621642363768
3.0966499367700138,1.0,4,none,high,52.95558958652374,61.47779479326187,8.522205206738132
1.0756499367693377,1.0,4,none,high,57.786259541984734,83.12977099236642,5.343511450381677
0.8486499367692619,1.0,4,none,high,-37.94244604316546,26.028776978417262,63.97122302158273
0.8656499367652601,0.0,4,none,medium,10.0,90.0,0.0
0.971649936769303,1.0,4,none,medium,13.05220883534137,58.13654618473896,5.084337349397589
1.8466499367695952,1.0,4,none,medium,2.412811387900355,10.804270462633452,38.3914590747331
1.2856499367694079,1.0,4,none,high,61.6058394160584,70.8029197080292,9.1970802919708
0.923649936769287,1.0,4,none,high,-11.574074074074073,50.41666666666667,21.99074074074074
1.657649936769532,1.0,4,none,low,9.000000000000002,23.4,4.4
0.8056499367652401,0.0,4,none,low,-0.992063492063492,3.002645502645503,13.994708994708995
1.2186499367693855,1.0,4,none,low,50.0,30.0,0.0
1.5306499367694897,1.0,4,none,medium,-40.0,0.0,60.0
2.147649936769696,1.0,4,none,low,-32.49366018596788,5.00422654268808,17.49788672865596
0.8176499367692516,1.0,4,none,low,-4.78806907378336,1.30298273155416,26.09105180533752
1.0666499367693347,1.0,4,none,medium,22.76595744680851,15.829787234042552,33.06382978723404
1.091649936769343,1.0,4,none,high,-70.0,0.0,60.0
1.7716499367695702,1.0,4,none,low,-6.82492581602374,4.3916913946587535,31.216617210682493
0.8686499367692686,1.0,4,none,medium,-20.0,0.0,80.0
1.5426499367694937,1.0,4,none,medium,-17.354001441961067,10.064888248017304,37.41888968997837
1.1626499367693668,1.0,4,none,low,-19.16279069767442,10.418604651162788,29.58139534883721
1.0666499367693347,1.0,4,none,low,12.822822822822822,21.41141141141141,8.588588588588589
1.08264993676934,1.0,4,none,medium,-30.0,0.0,90.0
0.9766499367693047,1.0,4,none,high,-80.0,0.0,50.0
1.1056499367693478,1.0,4,none,low,41.19266055045872,8.53211009174312,7.3394495412844
1.8836499367696076,1.0,4,none,medium,29.36180422264875,10.969289827255276,31.60748560460652
0.9136499367692836,1.0,4,none,high,64.29618768328447,53.26979472140762,8.973607038123161
1.654649936769531,1.0,4,none,low,54.1923365890308,8.02404207362885,13.831705484598045
0.9966499367653039,0.0,4,none,low,-10.0,0.0,10.0
1.8376499367695922,1.0,4,none,high,18.17829457364342,46.2015503875969,38.02325581395348
0.8786499367692719,1.0,4,none,medium,-4.580384226491402,69.88877654196158,4.469160768452982
1.8766499367696052,1.0,4,none,low,1.001890359168241,27.33459357277883,6.3327032136105865
1.0026499367693134,1.0,4,none,medium,-1.804455901307307,43.3971644264408,15.201620327748111
1.7836499367695742,1.0,4,none,high,42.4731182795699,52.48745519713262,20.01433691756272
0.7716499367692362,1.0,4,none,high,34.03387220939184,69.7690531177829,15.735180908391069
1.3176499367694186,1.0,4,none,low,43.48571428571429,15.871428571428572,12.385714285714284
0.971649936769303,1.0,4,none,medium,0.2378048780487809,10.079268292682928,39.84146341463415
1.8686499367696026,1.0,4,none,high,66.45273200346921,50.58109280138768,14.128360797918472
2.0116499367696505,1.0,4,none,medium,37.907166123778495,53.40390879478827,5.496742671009771
1.0926499367693434,1.0,4,none,high,51.83148039789351,70.31012287887654,8.47864248098303
1.9346499367656171,0.0,4,none,low,18.493845039826216,33.42505430847212,4.931209268645907
1.0596499367693324,1.0,4,none,high,-15.497481108312346,25.434508816120907,50.93198992443325
1.0486499367693287,1.0,4,none,medium,41.181318681318686,64.85576923076923,3.674450549450545
2.027649936769656,1.0,4,none,low,-2.566844919786096,20.574866310160427,3.141711229946524
0.9126499367692833,1.0,4,none,medium,23.26860841423948,15.980582524271846,32.711974110032365
0.8606499367692659,1.0,4,none,medium,54.81651376146789,31.605504587155963,16.788990825688074
0.8566499367692646,1.0,4,none,low,-21.51277013752456,4.243614931237719,25.75638506876228
1.6986499367695458,1.0,4,none,low,46.00944510035419,7.001180637544274,20.99173553719008
1.0396499367693257,1.0,4,none,medium,48.68046571798189,35.47218628719276,6.791720569210866
1.6776499367695388,1.0,4,none,low,-9.480301760268231,7.694886839899413,37.17518860016765
1.667649936765528,0.0,4,none,medium,67.92869269949065,8.658743633276739,10.730050933786073
0.7666499367692345,1.0,4,none,medium,25.888993414863595,51.53339604891816,5.64440263405456
1.4486499367694623,1.0,4,none,medium,21.6442239546421,40.82211197732105,19.17788802267895
2.1406499367696936,1.0,4,none,high,-70.0,0.0,80.0
1.1206499367653453,0.0,4,none,high,38.04824561403509,67.45614035087719,9.4078947368421
1.4136499367694506,1.0,4,none,medium,-14.709636247606891,32.25271218889598,26.96234843650287
1.0306499367653152,0.0,4,none,low,4.500780031201248,16.333853354134163,1.833073322932917
1.0796499367653316,0.0,4,none,medium,16.085790884718506,41.50134048257373,15.415549597855223
1.2186499367693855,1.0,4,none,low,-9.56937799043062,15.215311004784688,24.78468899521531
1.2116499367693832,1.0,4,none,medium,28.30388692579506,44.15194346289753,15.848056537102469
0.941649936769293,1.0,4,none,medium,17.989907485281755,42.53994953742641,14.55004205214466
1.01464993676531,0.0,4,none,high,-61.78907721280604,18.135593220338983,39.92467043314501
1.0986499367693454,1.0,4,none,medium,59.04761904761904,15.809523809523808,16.76190476190476
1.7586499367695658,1.0,4,none,low,50.98186366479049,8.711694809255784,7.72983114446529
1.1756499367693711,1.0,4,none,medium,-8.216216216216218,6.535135135135135,54.75135135135135
0.9916499367693097,1.0,4,none,high,58.63366336633665,56.27722772277228,17.64356435643564
1.0486499367693287,1.0,4,none,low,3.7714285714285687,5.942857142857142,42.17142857142857
1.0216499367693197,1.0,4,none,low,29.456869009584665,12.364217252396166,22.9073482428115
1.0476499367693284,1.0,4,none,high,-90.0,0.0,90.0
0.9466499367652872,0.0,4,none,low,10.0,40.0,0.0
1.0806499367693394,1.0,4,none,medium,23.94422310756972,25.577689243027887,21.633466135458168
2.7486499367698976,1.0,4,none,medium,-4.4198895027624285,60.46408839779006,4.883977900552486
2.922649936769954,1.0,4,none,medium,10.0,90.0,0.0
2.1436499367696946,1.0,4,none,medium,-60.0,0.0,60.0
1.1196499367693524,1.0,4,none,medium,48.04804804804805,29.34934934934935,21.301301301301297
1.7066499367695485,1.0,4,none,high,-26.25,21.875,48.125
1.7226499367695538,1.0,4,none,low,5.596330275229359,30.39755351681957,4.801223241590214
1.121649936769353,1.0,4,none,low,-0.6116774791473549,31.510658016682115,2.122335495829471
1.2166499367693848,1.0,4,none,high,51.88097768331563,47.9489904357067,16.068012752391073
1.2726499367694035,1.0,4,none,medium,53.983822042467146,34.17593528816987,10.192113245702725
1.3906499367654355,0.0,4,none,medium,30.0,70.0,0.0
0.9126499367692833,1.0,4,none,medium,60.117647058823536,7.011764705882353,26.894117647058824
0.9396499367692923,1.0,4,none,low,5.508615897720956,7.754307948860478,2.245692051139522
0.8136499367692502,1.0,4,none,high,-90.0,0.0,80.0
0.8786499367652645,0.0,4,none,low,-5.822550831792976,56.15526802218115,1.9778188539741224
2.2816499367697407,1.0,4,none,medium,2.600619195046441,69.45046439628483,6.84984520123839
1.1906499367693761,1.0,4,none,high,48.93426294820718,68.76494023904382,9.830677290836649
2.5926499367698446,1.0,4,none,medium,30.543933054393317,31.352859135285915,10.808926080892604
1.5066499367694817,1.0,4,none,high,29.65824665676077,58.48439821693908,18.826151560178307
0.8466499367692613,1.0,4,none,medium,-59.98968540484786,24.553893759669933,14.543579164517793
1.7776499367695722,1.0,4,none,high,24.681647940074903,64.41947565543072,9.737827715355806
1.6596499367695328,1.0,4,none,medium,2.388888888888893,9.716666666666669,47.327777777777776
1.8056499367695815,1.0,4,none,medium,58.42748091603053,7.603053435114504,19.175572519083968
0.9466499367692947,1.0,4,none,high,23.947571318427144,59.39861218195836,15.451040863531222
1.9246499367696213,1.0,4,none,low,-6.867671691792291,22.088218872138476,8.955890563930764
1.4516499367694633,1.0,4,none,high,34.424980959634425,57.21249047981721,22.787509520182784
0.8116499367692496,1.0,4,none,high,-33.279742765273326,34.03215434083601,37.31189710610933
1.0806499367693394,1.0,4,none,medium,46.03411513859275,6.226012793176973,30.191897654584224
0.9256499367692876,1.0,4,none,low,14.199598124581383,30.971198928332218,6.771600803750835
0.9286499367692886,1.0,4,none,high,-22.901318781264216,46.45293315143247,19.35425193269668
1.3386499367694256,1.0,4,none,high,-14.470752089136496,7.855153203342616,72.3259052924791
1.3646499367654268,0.0,4,none,high,47.642140468227424,60.06688963210703,22.4247491638796
1.4376499367654512,0.0,4,none,low,-30.0,0.0,20.0
1.1806499367653653,0.0,4,none,low,-19.56081081081081,34.66216216216216,4.222972972972973
0.8756499367652635,0.0,4,none,medium,8.000000000000004,40.8,12.8
4.562649936770502,1.0,4,none,medium,-17.64102564102564,36.65128205128205,14.292307692307691
1.570649936769503,1.0,4,none,medium,71.6852966466036,8.168529664660362,16.48323301805675
1.2656499367694012,1.0,4,none,low,-0.6905927134312169,1.163675910821098,61.85426862425231
1.7696499367695695,1.0,4,none,high,37.61410788381744,53.80705394190872,16.192946058091284
2.3746499367697718,1.0,4,none,low,12.005545286506472,25.20332717190388,3.1977818853974123
1.2226499367693868,1.0,4,none,high,12.72727272727273,44.54545454545455,21.818181818181817
0.8436499367652528,0.0,4,none,medium,-62.41902834008098,15.627530364372465,8.046558704453442
1.5566499367694984,1.0,4,none,medium,11.623672230652502,42.974203338391504,11.350531107738998
1.5816499367695067,1.0,4,none,high,44.48071216617211,25.99406528189911,31.513353115727
1.4786499367694723,1.0,4,none,high,-70.0,0.0,90.0
1.3416499367694266,1.0,4,none,low,5.56237218813906,3.112474437627812,27.550102249488752
1.6446499367695278,1.0,4,none,medium,59.858712715855575,6.985871271585557,27.127158555729977
2.004649936769648,1.0,4,none,medium,-20.879396984924615,34.38442211055276,15.263819095477386
1.4106499367694496,1.0,4,none,medium,-20.0,0.0,80.0
0.99264993676931,1.0,4,none,low,43.484224965706446,7.640603566529492,14.15637860082304
1.0356499367693244,1.0,4,none,high,20.91525423728814,62.389830508474574,21.47457627118644
3.20764993677005,1.0,4,none,low,5.138339920948621,8.379446640316207,23.241106719367583
2.6706499367698697,1.0,4,none,medium,-14.198019801980196,30.534653465346537,14.732673267326732
2.9216499367699544,1.0,4,none,medium,-63.31513260530421,21.833073322932915,15.148205928237129
2.653649936769865,1.0,4,none,high,-40.64123376623377,24.22077922077922,34.86201298701299
0.8986499367692786,1.0,4,none,high,15.32428355957768,47.66214177978884,32.33785822021116
1.133649936769357,1.0,4,none,medium,3.061224489795922,60.40816326530612,7.346938775510202
0.8086499367692486,1.0,4,none,high,90.0,40.0,0.0
2.243649936769728,1.0,4,none,low,10.05524861878453,25.027624309392262,14.972375690607736
1.0936499367653363,0.0,4,none,medium,-2.14975845410628,56.61835748792271,8.768115942028986
1.6286499367695224,1.0,4,none,high,29.442379182156134,63.234200743494426,23.79182156133829
1.3256499367694212,1.0,4,none,medium,50.771349862258944,20.192837465564736,29.421487603305785
1.3186499367694189,1.0,4,none,medium,46.646248085758046,20.90352220520674,24.25727411944869
0.8236499367692536,1.0,4,none,medium,-27.30564430244941,35.12957046503372,22.43521476748313
1.5576499367694987,1.0,4,none,medium,27.504950495049517,19.16831683168317,21.66336633663366
0.9736499367652962,0.0,4,none,low,-20.0,0.0,20.0
0.9646499367693007,1.0,4,none,low,47.47066492829204,7.183833116036506,19.713168187744454
1.875649936769605,1.0,4,none,medium,-41.49425287356323,36.37931034482759,17.873563218390807
1.5966499367695117,1.0,4,none,high,-47.8927773641102,18.3469843633656,46.2397617274758
2.587649936769843,1.0,4,none,high,22.975929978118163,46.48796498905908,23.51203501094092
1.4796499367694727,1.0,4,none,high,41.56545961002786,74.00557103064067,12.440111420612812
0.8166499367692512,1.0,4,none,low,34.54689146469969,15.584826132771338,11.03793466807165
2.6556499367698656,1.0,4,none,medium,48.67196367763904,29.55732122587968,20.88535754824063
1.7906499367695765,1.0,4,none,low,-29.836347975882852,8.130921619293712,7.967269595176571
1.3156499367694179,1.0,4,none,high,28.19004524886877,49.09502262443439,20.90497737556561
1.1046499367693474,1.0,4,none,low,-14.863468634686347,6.487084870848708,31.350553505535057
0.9306499367652818,0.0,4,none,medium,-50.99695254680017,14.78014801915542,15.777100565955596
1.0606499367693327,1.0,4,none,low,2.5,46.875,4.375
1.5036499367694807,1.0,4,none,high,-0.498046875,61.962890625,12.4609375
1.525649936769488,1.0,4,none,medium,-44.392857142857146,19.916666666666664,14.30952380952381
1.6086499367655083,0.0,4,none,high,-43.16993464052288,21.045751633986928,44.21568627450981
1.944649936769628,1.0,4,none,medium,10.90909090909091,47.27272727272727,6.363636363636363
1.3646499367694342,1.0,4,none,medium,15.87147887323944,20.316901408450704,34.445422535211264
2.0386499367696596,1.0,4,none,medium,66.44010195412064,35.48003398470688,9.039932030586233
1.477649936769472,1.0,4,none,high,-90.0,0.0,90.0
1.8016499367695802,1.0,4,none,low,19.557522123893804,18.58407079646017,19.02654867256637
1.682649936765533,0.0,4,none,medium,-15.637860082304524,42.908093278463646,18.545953360768173
1.606649936769515,1.0,4,none,high,9.330188679245296,42.03773584905661,42.70754716981131
1.0636499367653263,0.0,4,none,low,-26.46477132262052,10.828182941903584,7.292954264524104
1.1906499367693761,1.0,4,none,medium,3.598853868194837,9.163323782234954,55.56446991404012
1.2176499367693852,1.0,4,none,high,-42.129574085182966,30.773845230953803,32.90341931613677
1.2516499367693965,1.0,4,none,high,32.31078365706632,56.15539182853316,23.84460817146684
1.5056499367694813,1.0,4,none,low,-15.519713261648745,47.67025089605735,3.189964157706093
0.7696499367692355,1.0,4,none,low,34.44710387745332,8.889420775490665,4.442316898037336
1.2406499367693928,1.0,4,none,high,-62.24848075624578,16.650911546252534,48.89939230249831
1.2436499367693938,1.0,4,none,low,21.63667523564696,7.90916880891174,6.27249357326478
2.0866499367696756,1.0,4,none,low,32.871587462082914,8.574317492416583,5.702730030333668
1.0026499367693134,1.0,4,none,low,10.0,60.0,0.0
1.5396499367654852,0.0,4,none,low,5.842857142857143,17.228571428571428,1.3857142857142852
0.8746499367692706,1.0,4,none,high,22.9193468579911,35.53686293913904,32.61751608114794
1.2706499367694029,1.0,4,none,high,7.526501766784449,48.763250883392224,41.236749116607776
2.2036499367697147,1.0,4,none,low,-39.08781484002723,15.684138869979575,14.771953710006809
1.6476499367695288,1.0,4,none,high,-40.95840867992767,27.585895117540687,48.54430379746835
1.0866499367693414,1.0,4,none,medium,-40.0,0.0,70.0
0.9716499367652955,0.0,4,none,medium,-90.0,0.0,20.0
0.980649936769306,1.0,4,none,medium,17.80930760499432,21.02156640181612,33.212258796821786
2.2816499367697407,1.0,4,none,low,39.732420659614185,8.288736776602365,8.556316116988175
1.2156499367693845,1.0,4,none,medium,7.327365728900261,44.88491048593351,7.557544757033247
0.8786499367692719,1.0,4,none,low,-16.211180124223603,13.593611357586513,19.80479148181012
1.570649936769503,1.0,4,none,medium,5.403165033911087,71.55237377543331,6.149208741522228
2.430649936765783,0.0,4,none,low,49.40046118370484,8.485780169100693,9.085318985395848
0.8506499367692626,1.0,4,none,high,50.43723554301833,44.17489421720733,23.737658674189
3.136649936770027,1.0,4,none,low,33.8145896656535,7.302431610942249,13.48784194528875
1.9536499367656235,0.0,4,none,medium,-41.85454545454546,21.890909090909087,13.745454545454546
1.1656499367653603,0.0,4,none,high,-50.83601286173634,25.17684887459807,36.01286173633441
1.0636499367693337,1.0,4,none,medium,57.6844262295082,23.913934426229503,16.229508196721312
1.2226499367653794,0.0,4,none,low,-11.449942462600688,51.2313003452244,2.681242807825086
1.637649936765518,0.0,4,none,medium,-19.501312335958,48.3989501312336,7.9002624671916
0.5470105407799493,0.0,5,none,medium,-54.84169884169884,22.36293436293436,7.204633204633205
0.5180105407799396,0.0,5,none,high,-8.558944176921699,45.81059390048154,34.36953807740325
0.72901054078001,0.0,5,none,medium,8.92249527410208,59.28166351606805,10.359168241965971
0.41901054077990657,0.0,5,none,low,34.01050788091068,13.502626970227672,19.49211908931699
0.4550105407799186,0.0,5,none,medium,-6.9032258064516085,53.16129032258065,10.064516129032256
1.69501054078434,1.0,5,none,low,21.674165285342177,7.918541321335544,6.244376035993368
1.2260105407841835,1.0,5,none,medium,36.22406639004149,11.244813278008298,35.0207468879668
0.8590105407800535,0.0,5,none,low,-20.61784897025172,7.036613272311213,7.654462242562929
1.3260105407842169,1.0,5,none,low,8.460182192183368,11.384072876873349,12.923890684689978
0.4260105407799089,0.0,5,none,medium,-48.078231292517,37.72959183673469,5.8078231292517
0.7270105407840168,1.0,5,none,medium,47.45931283905968,14.990958408679928,17.531645569620252
0.9080105407840773,1.0,5,none,high,46.813120064790446,42.72524802591617,25.91212796112573
1.0370105407841204,1.0,5,none,medium,70.0,30.0,0.0
0.45401054077991826,0.0,5,none,medium,-40.33557046979866,44.69798657718121,5.033557046979866
0.7550105407800187,0.0,5,none,medium,-15.423016290068311,42.44876510772465,7.871781397792958
3.230010540784852,1.0,5,none,low,26.134244872591676,21.05034182722188,14.916096954630206
0.4900105407799303,0.0,5,none,medium,-24.491525423728813,49.13135593220338,13.622881355932202
0.8900105407840713,1.0,5,none,medium,19.86811481768813,2.9868114817688127,63.11869666408068
0.49201054077993095,0.0,5,none,high,2.604288499025337,26.830409356725145,44.22612085769981
0.8970105407840736,1.0,5,none,medium,60.27573529411764,14.595588235294116,24.319852941176467
0.47401054077992494,0.0,5,none,high,-38.625,30.825000000000003,39.45
0.6790105407799933,0.0,5,none,high,-39.20433996383364,20.397830018083184,59.60216998191682
0.4700105407799236,0.0,5,none,low,7.3412362404741724,4.335309060118543,16.99407281964437
1.2480105407841908,1.0,5,none,high,44.641148325358856,41.85645933014354,27.215311004784684
0.5010105407799339,0.0,5,none,high,-41.42656359803233,24.28671820098383,65.71328179901616
0.4700105407799236,0.0,5,none,high,-21.885441527446304,30.994431185361968,42.87987271280827
0.4530105407799179,0.0,5,none,low,-14.241245136186768,11.81906614785992,6.060311284046692
3.1070105407808044,0.0,5,none,high,58.83156297420334,60.12139605462823,11.289833080424888
2.5980105407806344,0.0,5,none,low,20.0,30.0,0.0
0.5140105407799382,0.0,5,none,medium,-36.4569536423841,43.80794701986755,10.264900662251655
2.128010540784485,1.0,5,none,low,2.7769110764430565,9.110764430577222,16.333853354134167
1.7880105407803637,0.0,5,none,low,1.584905660377359,27.72327044025157,6.138364779874213
0.8360105407840532,1.0,5,none,low,29.16981132075471,4.896226415094339,35.72641509433963
0.6260105407799756,0.0,5,none,high,-27.56183745583039,29.964664310954063,37.52650176678445
0.7700105407840312,1.0,5,none,medium,46.63395485770362,13.326790971540724,26.692836113837096
0.6800105407799937,0.0,5,none,low,40.0,30.0,0.0
0.45401054077991826,0.0,5,none,medium,30.0,90.0,0.0
0.7120105407840118,1.0,5,none,medium,38.563028298419695,18.699007717750828,30.13597941933113
0.5030105407799346,0.0,5,none,high,-23.92008639308855,16.652267818574515,50.57235421166307
0.5150105407799386,0.0,5,none,medium,5.874285714285719,35.93142857142857,20.057142857142853
1.6330105407843194,1.0,5,none,low,35.70794003331483,5.713492504164353,30.00555247084953
0.49201054077993095,0.0,5,none,high,1.9619047619047687,50.43809523809525,18.476190476190474
0.4370105407799126,0.0,5,none,medium,-1.1739130434782616,39.21739130434783,10.391304347826088
0.44501054077991525,0.0,5,none,medium,-18.495850622406643,44.73029045643153,13.226141078838172
0.4930105407799313,0.0,5,none,medium,-12.944162436548218,63.045685279187815,5.98984771573604
1.159010540784161,1.0,5,none,medium,5.471698113207546,4.631217838765008,69.15951972555746
0.4370105407799126,0.0,5,none,medium,-5.761658031088077,65.98963730569947,1.751295336787564
0.7620105407840285,1.0,5,none,high,60.40046430644225,48.160185722576905,17.759721416134642
0.5560105407799523,0.0,5,none,high,-31.562835660580028,29.21858216970999,60.78141783029002
2.2130105407845133,1.0,5,none,low,12.178770949720672,7.392923649906891,5.21415270018622
1.5340105407842863,1.0,5,none,low,25.86309523809524,13.10374149659864,17.2406462585034
0.9440105407800818,0.0,5,none,low,0.2330097087378675,20.116504854368934,19.883495145631063
0.7000105407800004,0.0,5,none,medium,11.266846361185989,56.88679245283019,5.619946091644203
0.627010540779976,0.0,5,none,medium,-11.128491620111728,37.46368715083799,18.59217877094972
0.4580105407799196,0.0,5,none,high,-55.154699357851726,14.197314652656152,49.35201401050788
0.8800105407800605,0.0,5,none,medium,-21.195652173913043,31.057312252964422,22.25296442687747
0.4170105407799059,0.0,5,none,low,-22.890932982917217,27.831800262812088,10.722733245729303
0.5330105407799446,0.0,5,none,high,49.9666295884316,55.98442714126808,16.01779755283648
0.7440105407840225,1.0,5,none,medium,25.15625,3.515625,58.359375
0.7470105407840235,1.0,5,none,medium,70.89795918367346,8.089795918367347,17.191836734693876
1.7530105407843595,1.0,5,none,high,10.48780487804878,15.53470919324578,55.04690431519701
0.4310105407799106,0.0,5,none,high,22.088353413654623,35.18072289156626,33.09236947791164
0.5310105407799439,0.0,5,none,medium,-10.91042584434656,34.46891825746451,25.379344101811064
0.45901054077991993,0.0,5,none,high,39.89208633093526,59.1726618705036,9.280575539568344
0.4490105407799166,0.0,5,none,medium,-48.58565737051793,33.884462151394416,12.47011952191235
0.5280105407799429,0.0,5,none,high,-20.318471337579616,21.73566878980892,62.054140127388536
1.027010540784117,1.0,5,none,medium,11.140250855188144,10.285062713797036,59.1448118586089
0.57901054077996,0.0,5,none,high,-24.84076433121019,32.5796178343949,57.42038216560509
0.6990105407840075,1.0,5,none,low,23.998211091234342,5.666368515205724,21.668157423971373
1.0650105407841297,1.0,5,none,medium,34.69847581179589,24.899491937265296,30.20101612546941
0.6400105407799803,0.0,5,none,high,4.069767441860464,52.91424418604651,28.844476744186046
1.6400105407843217,1.0,5,none,medium,23.58692740423251,13.39673185105813,49.809804446825616
0.5950105407799653,0.0,5,none,high,-23.67244270542203,23.163778647288986,46.83622135271101
1.23801054078018,0.0,5,none,high,31.360069747166524,39.15431560592851,27.794245858761983
1.0010105407841083,1.0,5,none,medium,19.39086294416244,16.46362098138748,27.072758037225043
0.43901054077991325,0.0,5,none,medium,-6.918798665183537,67.97552836484984,4.89432703003337
0.4850105407799286,0.0,5,none,high,-2.945914844649017,46.08745684695052,39.033371691599534
0.9560105407840933,1.0,5,none,medium,21.075,17.025,25.95
1.9400105407804145,0.0,5,none,high,22.330168005843685,37.99853907962016,25.66837107377648
0.6160105407799723,0.0,5,none,high,20.47449584816133,57.41399762752076,16.93950177935943
0.4840105407799283,0.0,5,none,medium,-7.067059690493732,28.872512896094328,25.93957258658806
0.6800105407799937,0.0,5,none,high,5.939444214019076,42.96972210700954,37.03027789299046
1.632010540784319,1.0,5,none,medium,14.55576559546314,18.185255198487717,43.629489603024574
0.41301054077990457,0.0,5,none,medium,-25.91137965760323,28.0563947633434,23.96777442094663
1.000010540784108,1.0,5,none,high,49.159292035398224,27.43362831858407,28.27433628318584
0.6230105407799746,0.0,5,none,low,-13.412698412698411,15.192743764172336,18.60544217687075
1.449010540784258,1.0,5,none,low,18.6392811296534,29.3196405648267,10.680359435173298
1.4220105407802415,0.0,5,none,low,-4.632952691680263,17.683523654159867,22.31647634584013
0.5410105407799473,0.0,5,none,low,17.426580388252866,5.485316077650573,18.05873568939771
0.7660105407840299,1.0,5,none,medium,59.70588235294117,7.745098039215686,18.039215686274503
1.1860105407841701,1.0,5,none,medium,46.344086021505376,22.90322580645161,16.559139784946233
0.5250105407799419,0.0,5,none,medium,-9.97206703910614,72.02513966480447,1.997206703910614
1.482010540784269,1.0,5,none,high,90.0,70.0,0.0
0.9450105407800822,0.0,5,none,medium,-6.918918918918919,11.027027027027028,57.94594594594595
0.5930105407799646,0.0,5,none,low,2.313803376365444,14.875868917576964,2.5620655412115187
0.536010540783953,1.0,5,none,low,60.0,20.0,0.0
1.6150105407843134,1.0,5,none,low,19.210019267822737,15.684007707129094,6.473988439306356
1.2760105407842002,1.0,5,none,low,40.0,20.0,0.0
1.0850105407841364,1.0,5,none,low,5.701394585726005,3.925348646431501,18.22395406070549
2.4940105407805997,0.0,5,none,high,-14.282407407407408,18.287037037037035,62.56944444444445
0.8780105407840673,1.0,5,none,low,6.0921658986175125,5.364055299539171,9.271889400921658
0.7890105407840375,1.0,5,none,high,48.400292184075965,60.42366691015339,22.023374726077424
0.9870105407841037,1.0,5,none,medium,80.0,20.0,0.0
0.8410105407800474,0.0,5,none,low,-10.108991825613078,6.594005449591281,6.70299727520436
1.3980105407802335,0.0,5,none,medium,11.038197845249757,47.27228207639569,16.234084231145935
1.2460105407841902,1.0,5,none,high,26.351648351648358,42.15384615384615,35.8021978021978
1.4990105407802672,0.0,5,none,high,60.0,70.0,0.0
0.5210105407799406,0.0,5,none,medium,-37.15417428397319,22.99207800121877,20.14625228519196
0.4700105407799236,0.0,5,none,medium,30.0,80.0,0.0
0.4430105407799146,0.0,5,none,medium,10.0,90.0,0.0
1.045010540784123,1.0,5,none,medium,52.74081429990069,6.971201588877855,24.23038728897716
0.41801054077990624,0.0,5,none,medium,-28.699690402476776,28.910216718266252,17.609907120743035
0.5390105407799466,0.0,5,none,medium,9.150141643059492,50.36827195467423,11.21813031161473
0.4500105407799169,0.0,5,none,low,-8.760255241567911,43.91978122151322,2.68003646308113
0.6640105407799883,0.0,5,none,high,6.879606879606879,53.464373464373466,16.584766584766587
0.4900105407799303,0.0,5,none,medium,-55.23809523809525,28.44155844155844,13.67965367965368
0.5340105407839524,1.0,5,none,medium,39.45988880063543,18.94360603653693,29.4837172359015
0.6040105407799683,0.0,5,none,high,-47.32075471698113,29.547169811320757,26.867924528301884
0.8700105407800571,0.0,5,none,low,5.961538461538462,17.98076923076923,12.019230769230768
0.40601054077990223,0.0,5,none,low,-5.895522388059701,10.33049040511727,26.226012793176974
0.681010540779994,0.0,5,none,high,11.177042801556423,56.10894941634241,14.931906614785987
1.1190105407841477,1.0,5,none,low,29.155069582504968,6.525844930417495,17.370775347912527
0.47201054077992427,0.0,5,none,high,80.0,80.0,0.0
0.4470105407799159,0.0,5,none,low,10.0,70.0,0.0
0.4430105407799146,0.0,5,none,high,5.758266818700111,66.29418472063854,10.535917901938427
0.5110105407799372,0.0,5,none,medium,-27.343396226415088,33.17735849056604,10.52075471698113
0.5400105407799469,0.0,5,none,low,4.331628926223524,25.748721694667644,1.417092768444119
0.5830105407799613,0.0,5,none,high,-7.341317365269468,43.76047904191616,41.10179640718563
0.4400105407799136,0.0,5,none,low,13.33664843361512,16.66832421680756,3.33167578319244
0.5590105407799533,0.0,5,none,high,32.059030217849624,64.03373155305692,11.974701335207303
0.6430105407799813,0.0,5,none,low,-8.081799591002046,3.972733469665984,32.05453306066803
0.5840105407799616,0.0,5,none,low,-0.0521376433785185,11.230448383733057,31.282586027111574
0.7570105407800194,0.0,5,none,high,5.669291338582681,40.31496062992126,44.64566929133858
0.46301054077992126,0.0,5,none,low,-15.666156202143952,10.750382848392036,6.416539050535988
0.5460105407799489,0.0,5,none,medium,-16.95760598503741,9.216957605985035,46.17456359102244
0.4470105407799159,0.0,5,none,low,-5.135135135135135,56.75675675675676,1.891891891891892
0.4670105407799226,0.0,5,none,medium,-20.73903002309469,23.556581986143183,24.295612009237875
1.4600105407842616,1.0,5,none,medium,33.27526132404181,9.686411149825783,46.41114982578397
2.1050105407844772,1.0,5,none,low,40.0,30.0,0.0
0.8070105407840436,1.0,5,none,low,57.67624020887729,8.459530026109661,10.783289817232374
0.44801054077991626,0.0,5,none,low,10.179584120982986,2.882797731568998,42.70321361058601
1.5120105407802715,0.0,5,none,high,22.69964243146604,43.25983313468415,30.56019070321811
0.45101054077991726,0.0,5,none,medium,-26.18973561430793,43.04821150855365,9.237947122861586
0.4820105407799276,0.0,5,none,medium,13.858823529411776,48.91764705882353,15.05882352941176
0.6700105407799903,0.0,5,none,low,9.694656488549615,3.282442748091603,33.587786259541986
0.5260105407799422,0.0,5,none,low,20.0,30.0,0.0
0.4940105407799316,0.0,5,none,high,19.0391061452514,49.5195530726257,30.48044692737429
1.3710105407802244,0.0,5,none,low,13.377110694183866,7.792370231394622,4.415259537210757
0.4700105407799236,0.0,5,none,high,17.595573440643868,64.55734406438631,16.961770623742453
0.8420105407840552,1.0,5,none,medium,38.828828828828826,5.425425425425425,36.5965965965966
1.2900105407842049,1.0,5,none,low,27.629083245521603,9.4072708113804,1.7781875658587971
0.5140105407799382,0.0,5,none,low,-17.00374531835206,36.85393258426966,3.857677902621723
0.5480105407799496,0.0,5,none,high,20.040677966101704,47.07796610169492,37.037288135593215
1.8400105407843885,1.0,5,none,low,10.536585365853655,7.634146341463413,37.09756097560975
1.1340105407801453,0.0,5,none,low,0.0421940928270041,2.0084388185654007,31.966244725738395
0.49201054077993095,0.0,5,none,medium,10.159901599015988,35.07995079950799,24.920049200492
0.8940105407800651,0.0,5,none,low,9.227166276346605,23.53629976580796,4.309133489461358
0.5270105407799426,0.0,5,none,low,-26.151035322777098,29.013398294762485,5.1644336175395855
0.5710105407799573,0.0,5,none,high,29.024045261669038,59.51202263083452,30.48797736916548
0.5350105407799453,0.0,5,none,high,-16.639344262295086,26.68032786885245,43.31967213114754
0.46901054077992327,0.0,5,none,medium,-39.68071519795657,45.28735632183908,4.968071519795657
0.47201054077992427,0.0,5,none,medium,-41.21684867394696,28.20592823712948,19.42277691107644
0.7990105407800334,0.0,5,none,low,6.911111111111111,13.455555555555556,6.544444444444444
0.43601054077991225,0.0,5,none,high,-24.856661045531197,29.40978077571669,44.266441821247895
0.6610105407799873,0.0,5,none,high,24.517087667161967,73.61812778603269,9.101040118870724
0.4140105407799049,0.0,5,none,low,-16.39621365787694,46.90331304935768,3.2995267072346177
0.5070105407799359,0.0,5,none,medium,-11.32899628252788,61.04089219330855,2.369888475836431
1.1440105407801486,0.0,5,none,medium,6.372663551401868,36.203271028037385,19.830607476635517
1.0770105407841337,1.0,5,none,low,51.62618796198522,7.703273495248152,16.077085533262935
0.5690105407799566,0.0,5,none,medium,33.4272,26.7008,23.2736
0.6340105407799783,0.0,5,none,high,29.524727039177915,53.59023763648042,14.065510597302504
0.705010540780002,0.0,5,none,low,-7.458033573141487,16.906474820143885,4.364508393285372
0.4500105407799169,0.0,5,none,low,11.224489795918368,25.612244897959183,14.387755102040815
0.997010540784107,1.0,5,none,medium,18.22429906542056,12.056074766355138,53.83177570093458
2.6610105407806555,0.0,5,none,low,2.290836653386455,14.860557768924302,2.569721115537848
0.5660105407799556,0.0,5,none,low,24.46666666666667,17.786666666666665,3.3199999999999976
0.7280105407840172,1.0,5,none,low,25.8611481975968,20.9479305740988,15.086782376502
0.4280105407799096,0.0,5,none,high,-12.757973733583489,38.42401500938087,31.181988742964357
0.8590105407840609,1.0,5,none,medium,90.0,10.0,0.0
2.5950105407806334,0.0,5,none,medium,-9.546798029556651,11.073891625615763,50.62068965517242
0.5630105407799546,0.0,5,none,high,20.441064638783278,61.80988593155894,11.368821292775664
0.48901054077992995,0.0,5,none,medium,2.949907235621531,69.71243042671614,6.762523191094616
1.7910105407843722,1.0,5,none,medium,14.38012542209358,13.314037626628076,38.93391220453449
1.0830105407801283,0.0,5,none,high,90.0,70.0,0.0
1.0580105407841274,1.0,5,none,high,90.0,40.0,0.0
1.9740105407844333,1.0,5,none,low,-9.878542510121465,2.530364372469634,52.40890688259109
0.4440105407799149,0.0,5,none,low,20.0,60.0,0.0
0.6040105407799683,0.0,5,none,medium,40.0,60.0,0.0
0.594010540779965,0.0,5,none,high,13.557237464522242,71.69347209082308,8.136234626300848
0.5490105407799499,0.0,5,none,medium,40.0,80.0,0.0
0.6880105407799963,0.0,5,none,low,2.02586206896552,28.01724137931035,5.991379310344827
0.4220105407799076,0.0,5,none,low,30.0,30.0,0.0
0.5260105407799422,0.0,5,none,medium,-19.76109215017064,48.19112627986348,7.952218430034128
1.4140105407802388,0.0,5,none,high,34.83870967741936,62.41935483870968,27.580645161290324
0.5280105407799429,0.0,5,none,high,-38.02228412256268,15.988857938718658,54.01114206128134
0.5480105407799496,0.0,5,none,low,-23.85826771653544,12.913385826771652,6.771653543307087
0.49801054077993295,0.0,5,none,low,9.538188277087036,16.9449378330373,17.406749555950267
0.6580105407839938,1.0,5,none,low,23.414634146341463,5.56910569105691,22.154471544715445
0.4430105407799146,0.0,5,none,medium,-40.0,0.0,50.0
0.6860105407799957,0.0,5,none,low,-11.728320194057009,16.155245603395997,17.883565797453002
1.9010105407804014,0.0,5,none,medium,-18.50847457627119,20.7457627118644,39.25423728813559
0.4960105407799323,0.0,5,none,high,50.0,90.0,0.0
2.1920105407845063,1.0,5,none,low,10.02958579881657,8.579881656804734,28.550295857988168
1.0350105407841197,1.0,5,none,low,21.548198636806237,3.943524829600779,42.39532619279455
0.45101054077991726,0.0,5,none,low,-2.2168674698795137,25.18875502008032,7.405622489959837
1.4290105407802438,0.0,5,none,medium,-2.808046940486172,16.52975691533948,29.33780385582565
0.8630105407840623,1.0,5,none,low,56.45569620253164,19.11392405063291,2.658227848101264
0.47701054077992594,0.0,5,none,high,-49.21382582175534,21.592680447306,60.80650626906134
0.49501054077993195,0.0,5,none,low,13.279678068410464,16.63983903420523,3.360160965794768
1.0780105407801266,0.0,5,none,medium,10.41409691629956,11.02202643171806,50.6079295154185
1.7250105407803427,0.0,5,none,high,23.1582682753726,48.54506742370475,35.386799148332145
2.122010540784483,1.0,5,none,medium,11.565656565656564,13.855218855218856,32.28956228956229
0.6010105407799673,0.0,5,none,low,-20.620689655172413,33.75369458128079,4.374384236453202
1.9060105407844106,1.0,5,none,medium,31.51115618661258,18.45334685598377,26.942190669371197
0.8150105407840462,1.0,5,none,low,-16.527213647441105,1.389114541023558,27.91632818846466
0.49201054077993095,0.0,5,none,high,-18.093385214007785,43.14396887159533,31.23735408560312
0.6710105407799907,0.0,5,none,medium,40.30769230769231,29.2027972027972,18.895104895104893
0.4400105407799136,0.0,5,none,low,-0.5794701986754962,12.94701986754967,3.5264900662251657
0.612010540779971,0.0,5,none,low,0.6909788867562376,27.12731925783749,6.436340371081254
0.46501054077992193,0.0,5,none,medium,30.0,60.0,0.0
0.8580105407840606,1.0,5,none,low,2.138728323699421,6.069364161849711,3.930635838150289
1.3090105407842112,1.0,5,none,medium,-0.8056872037914715,7.962085308056871,58.76777251184834
0.41901054077990657,0.0,5,none,low,-2.8931364031277145,48.948740225890525,1.841876629018245
0.5650105407799553,0.0,5,none,medium,-11.842843779232926,32.10477081384472,13.947614593077642
0.5140105407799382,0.0,5,none,medium,-5.548523206751053,45.11603375527426,10.664556962025314
0.4350105407799119,0.0,5,none,high,3.9608979000724176,52.853005068790736,28.89210716871832
0.4840105407799283,0.0,5,none,medium,10.780287474332647,47.186858316221766,6.406570841889117
1.602010540784309,1.0,5,none,low,-3.8730853391684894,3.063457330415755,6.936542669584245
0.47401054077992494,0.0,5,none,medium,2.941688424717149,66.35335073977372,3.41166231505657
1.689010540784338,1.0,5,none,medium,25.283540802213004,26.1134163208852,20.8298755186722
0.5150105407799386,0.0,5,none,low,-3.36263736263736,58.30769230769232,1.67032967032967
0.7620105407800211,0.0,5,none,medium,2.041006523765148,69.03075489282386,6.989748369058713
1.4430105407802485,0.0,5,none,low,6.927784577723377,5.642594859241125,8.714810281517748
1.133010540780145,0.0,5,none,high,70.0,80.0,0.0
0.5180105407799396,0.0,5,none,medium,33.81456129433728,32.80647168637212,8.991910392034844
2.6550105407806535,0.0,5,none,low,7.132284921369103,8.566142460684551,1.433857539315448
0.4340105407799116,0.0,5,none,high,25.91508052708638,74.51683748169839,8.601756954612005
0.7030105407800014,0.0,5,none,medium,-50.392335766423365,21.532846715328464,21.925182481751825
0.8720105407840653,1.0,5,none,low,31.17025440313111,17.05675146771037,5.886497064579256
1.368010540784231,1.0,5,none,medium,14.928229665071768,21.971291866028707,27.04306220095694
0.4290105407799099,0.0,5,none,low,2.888498683055311,15.258999122036874,2.370500438981563
2.330010540780545,0.0,5,none,low,33.50157728706625,6.214511041009464,22.71293375394321
0.5550105407799519,0.0,5,none,high,-7.53535353535354,57.090909090909086,14.626262626262626
0.5660105407799556,0.0,5,none,low,-7.518610421836225,18.560794044665013,16.079404466501238
2.246010540780517,0.0,5,none,high,11.533864541832674,30.657370517928285,39.123505976095615
0.949010540784091,1.0,5,none,medium,24.38709677419355,23.41348973607038,29.026392961876837
0.5310105407799439,0.0,5,none,low,39.51664025356577,17.004754358161648,7.488114104595875
1.0980105407841407,1.0,5,none,medium,26.681304893350067,29.636135508155583,12.95483061480552
0.5340105407799449,0.0,5,none,low,8.099173553719009,6.033057851239669,7.93388429752066
0.5190105407799399,0.0,5,none,low,-3.1556039173014163,5.614798694232862,28.77040261153428
0.9570105407800862,0.0,5,none,low,30.0,30.0,0.0
0.44501054077991525,0.0,5,none,high,-57.74627923458541,6.598157335223243,54.34443656980865
0.4380105407799129,0.0,5,none,medium,-5.771812080536909,49.95525727069352,5.727069351230424
0.5440105407799483,0.0,5,none,medium,-23.101659751037342,29.84439834024896,22.946058091286304
0.7910105407800307,0.0,5,none,low,-6.536544850498339,14.078073089700997,10.614617940199336
0.7740105407840325,1.0,5,none,medium,12.424418604651162,5.895348837209302,63.47093023255814
0.5750105407799586,0.0,5,none,medium,-56.13021214337966,8.090709583028527,44.22092172640819
0.8000105407800338,0.0,5,none,low,-15.098425196850394,19.92125984251968,5.019685039370079
0.46001054077992026,0.0,5,none,medium,40.75413223140497,23.58471074380165,12.83057851239669
0.9410105407840883,1.0,5,none,medium,6.452119309262166,12.15070643642072,35.698587127158554
0.8630105407840623,1.0,5,none,medium,80.0,30.0,0.0
0.738010540780013,0.0,5,none,low,-19.07665505226481,5.461672473867594,24.53832752613241
0.5960105407799656,0.0,5,none,high,24.234848484848488,60.47727272727273,26.24242424242424
0.6290105407799766,0.0,5,none,low,-17.78429073856976,17.772567409144195,5.556858147713951
0.45701054077991926,0.0,5,none,high,-11.421647819063011,36.57512116316639,37.996768982229405
0.4520105407799176,0.0,5,none,high,-6.283185840707965,34.690265486725664,50.97345132743363
0.5050105407799352,0.0,5,none,high,-28.93145161290323,42.27822580645161,21.20967741935484
1.0880105407841374,1.0,5,none,medium,70.0,20.0,0.0
1.0040105407841093,1.0,5,none,low,23.873417721518983,4.839059674502712,30.965641952983724
1.3220105407842155,1.0,5,none,medium,35.63876651982379,19.691629955947132,24.05286343612335
0.4640105407799216,0.0,5,none,high,-14.332103321033212,21.077490774907748,45.40959409594096
0.7950105407800321,0.0,5,none,high,-21.36595310907238,26.18756371049949,37.55351681957187
0.4580105407799196,0.0,5,none,medium,13.504950495049506,62.33663366336634,8.831683168316832
0.47501054077992527,0.0,5,none,high,-12.845849802371545,26.67193675889328,49.51778656126482
0.9010105407800675,0.0,5,none,medium,17.873563218390807,46.72413793103448,8.850574712643676
0.5030105407799346,0.0,5,none,low,14.523506988564169,22.26175349428209,7.738246505717917
0.5120105407799376,0.0,5,none,medium,-48.8843813387424,12.317444219066932,41.20182555780933
1.1880105407801633,0.0,5,none,high,-17.212165097755253,24.63432295438088,51.84648805213613
1.8790105407844016,1.0,5,none,high,90.0,70.0,0.0
0.4400105407799136,0.0,5,none,medium,-7.268292682926827,62.04878048780488,9.317073170731708
0.8350105407840529,1.0,5,none,high,15.37917087967644,32.30535894843276,36.92618806875632
0.7190105407840142,1.0,5,none,low,4.642588412340105,7.321294206170051,2.678705793829947
0.41601054077990557,0.0,5,none,low,5.597964376590331,7.798982188295165,2.2010178117048342
0.9320105407840853,1.0,5,none,high,90.0,60.0,0.0
0.8860105407840699,1.0,5,none,medium,8.88544891640867,9.721362229102168,60.83591331269349
0.6840105407840025,1.0,5,none,low,12.050861361771949,3.675143560295324,31.624282198523375
0.57901054077996,0.0,5,none,low,3.483146067415735,24.84751203852328,11.364365971107542
0.5320105407799443,0.0,5,none,low,-7.948051948051948,6.025974025974026,13.974025974025974
0.5120105407799376,0.0,5,none,low,6.248600223964164,26.42777155655095,10.179171332586789
0.5360105407799456,0.0,5,none,high,-1.880222841225628,26.82451253481894,38.70473537604457
1.181010540780161,0.0,5,none,low,-2.25177304964539,16.648936170212767,8.900709219858156
0.46201054077992093,0.0,5,none,medium,-0.7178631051752902,48.497495826377296,9.215358931552588
0.4580105407799196,0.0,5,none,high,-45.76297443841983,21.06893880712625,36.83191324554609
0.6290105407799766,0.0,5,none,high,14.991663887962648,34.61153717905969,29.619873291097036
0.8260105407800424,0.0,5,none,medium,24.743202416918425,42.37160120845921,17.628398791540786
0.4700105407799236,0.0,5,none,low,-7.875762617859127,16.062118691070435,23.93788130892956
1.0070105407841103,1.0,5,none,medium,38.58558558558559,28.576576576576574,19.990990990990998
0.7540105407840259,1.0,5,none,medium,16.048171275646745,2.604817127564674,66.55664585191792
0.4440105407799149,0.0,5,none,medium,-2.450592885375489,34.5296442687747,16.980237154150196
0.45101054077991726,0.0,5,none,low,-6.886326194398681,22.075782537067543,8.962108731466227
0.6380105407799797,0.0,5,none,low,10.0,40.0,0.0
0.8550105407800521,0.0,5,none,low,-10.86082059533387,4.569589702333064,15.430410297666937
0.6650105407839961,1.0,5,none,medium,80.0,40.0,0.0
0.4970105407799326,0.0,5,none,high,28.01282051282052,75.86538461538461,7.8525641025640995
0.7770105407840335,1.0,5,none,medium,11.24522536287242,6.249045072574484,55.003819709702064
0.4560105407799189,0.0,5,none,medium,-25.75551782682512,48.21731748726656,3.97283531409168
0.43901054077991325,0.0,5,none,medium,-38.0,37.333333333333336,5.333333333333333
2.4620105407845956,1.0,5,none,low,33.616,23.856,10.24
0.7920105407840385,1.0,5,none,medium,18.091684434968016,8.464818763326226,40.37313432835821
0.8030105407840422,1.0,5,none,medium,16.452726017943412,22.581090407177363,26.128364389233955
1.9540105407804191,0.0,5,none,low,9.323040380047503,16.85273159144893,17.529691211401424
0.45701054077991926,0.0,5,none,low,19.240310077519386,18.46511627906977,19.224806201550383
0.6680105407839971,1.0,5,none,medium,61.57303370786517,7.952559300873908,16.379525593008736
0.5010105407799339,0.0,5,none,low,-25.913043478260875,25.565217391304348,11.47826086956522
0.5160105407799389,0.0,5,none,medium,-25.94782608695652,18.57391304347826,34.52173913043478
0.5020105407799342,0.0,5,none,medium,24.2,50.52,6.32
0.5570105407799526,0.0,5,none,medium,16.05361930294907,38.02680965147454,21.973190348525467
0.741010540780014,0.0,5,none,medium,22.35004108463435,68.23336072308956,5.883319638455216
0.6640105407839958,1.0,5,none,medium,35.195989061075664,16.298997265268916,41.10300820419325
1.6510105407843254,1.0,5,none,medium,18.705473501303214,7.037358818418767,58.33188531711555
2.0080105407804374,0.0,5,none,medium,-11.949152542372882,11.220338983050848,43.16949152542373
1.0560105407801192,0.0,5,none,low,18.519156263452437,5.703831252690486,17.18467498923805
1.0430105407841224,1.0,5,none,medium,57.85046728971963,17.300103842159917,9.449636552440287
0.5100105407799369,0.0,5,none,high,47.66825288919103,68.0897348742352,10.421481985044185
0.6560105407799857,0.0,5,none,high,-27.219406227371472,21.390296886314268,48.60970311368574
0.8170105407800394,0.0,5,none,medium,-32.984886649874056,14.73551637279597,37.72040302267003
0.8100105407840446,1.0,5,none,medium,80.0,20.0,0.0
0.5950105407799653,0.0,5,none,high,4.520547945205479,56.71232876712328,22.191780821917806
0.4080105407799029,0.0,5,none,low,-30.87757313109426,21.841820151679308,12.719393282773565
0.6980105407799997,0.0,5,none,low,-27.51233958538993,9.990128331688052,7.502467917077986
0.4820105407799276,0.0,5,none,high,5.592654424040077,61.45242070116862,15.859766277128545
0.4900105407799303,0.0,5,none,high,-12.514101531023364,43.58581788879935,36.09991941982272
0.5720105407799576,0.0,5,none,medium,-16.220994475138127,42.51933701657458,18.74033149171271
1.9500105407844253,1.0,5,none,low,21.74204355108878,6.348408710217756,14.606365159128975
0.5500105407799503,0.0,5,none,high,60.0,90.0,0.0
0.5100105407799369,0.0,5,none,medium,-14.192139737991267,43.4061135371179,7.598253275109171
0.4610105407799206,0.0,5,none,medium,-80.0,0.0,20.0
1.5700105407842984,1.0,5,none,low,19.6319498825372,7.4079874706343,7.776037588097103
1.2100105407841781,1.0,5,none,high,39.72289156626506,24.530120481927717,34.80722891566265
3.9930105407851078,1.0,5,none,high,70.0,70.0,0.0
0.4610105407799206,0.0,5,none,high,-46.350515463917525,16.824742268041234,63.17525773195876
0.9240105407800752,0.0,5,none,medium,-5.5284552845528445,27.23577235772358,32.764227642276424
1.2470105407841905,1.0,5,none,low,32.235294117647065,17.411764705882355,5.176470588235293
0.6220105407839818,1.0,5,none,medium,70.0,20.0,0.0
0.4370105407799126,0.0,5,none,medium,-14.651567944250864,43.04878048780488,7.700348432055748
0.7760105407840332,1.0,5,none,high,90.0,40.0,0.0
1.0270105407801096,0.0,5,none,medium,-6.834570519618243,14.740190880169669,31.57476139978791
2.697010540784675,1.0,5,none,low,20.463266261113706,4.351895180159101,33.888628919045395
0.4940105407799316,0.0,5,none,medium,-50.080552359033376,23.935558112773304,14.016110471806677
0.9490105407800835,0.0,5,none,medium,1.3821752265861065,40.9214501510574,9.539274924471297
0.8010105407800341,0.0,5,none,low,38.98921067575241,16.85406019307212,7.864849517319705
0.6480105407839905,1.0,5,none,medium,80.0,40.0,0.0
0.4460105407799156,0.0,5,none,low,23.373786407766996,6.674757281553399,13.300970873786408
0.5010105407799339,0.0,5,none,high,-10.95096582466568,44.46508172362555,35.41604754829123
0.5950105407799653,0.0,5,none,high,-34.821002386634845,29.21241050119332,54.03341288782816
0.48901054077992995,0.0,5,none,low,10.0,70.0,0.0
0.6640105407839958,1.0,5,none,medium,68.17142857142856,8.685714285714285,10.514285714285712
0.7320105407840185,1.0,5,none,low,50.0,20.0,0.0
0.4430105407799146,0.0,5,none,low,9.944547134935306,52.45841035120148,2.513863216266174
0.6640105407839958,1.0,5,none,low,30.228108903605587,5.746872700515084,25.51876379690949
0.8076141371613386,1.0,7,none,medium,-16.699774266365687,54.97516930022573,11.674943566591422
0.7896141371613326,1.0,7,none,medium,-6.62658227848101,35.582278481012665,12.208860759493673
0.9396141371613826,1.0,7,none,high,-47.49913404918601,25.500519570488397,42.999653619674405
0.7436141371613172,1.0,7,none,low,21.838150289017342,11.953757225433526,20.115606936416185
0.9866141371613983,1.0,7,none,high,30.47514619883042,51.98830409356725,31.51315789473684
0.6826141371572894,0.0,7,none,low,3.5275080906148872,11.763754045307444,8.236245954692556
0.7606141371613229,1.0,7,none,medium,-38.79518072289157,10.602409638554214,49.397590361445786
1.0476141371614187,1.0,7,none,low,9.181455994204995,8.337558855487142,29.156102861282147
1.1426141371614504,1.0,7,none,high,21.992452830188675,35.13962264150943,33.14716981132075
0.7526141371613202,1.0,7,none,low,0.1763224181360172,11.316120906801006,31.139798488664987
0.6886141371612988,1.0,7,none,high,-50.61582641991067,9.045947670708356,69.66177409061902
1.337614137157508,0.0,7,none,medium,-61.54842190450498,14.761262476396,16.309684380900997
0.988614137161399,1.0,7,none,low,-30.60526315789474,7.515789473684208,8.121052631578948
0.6776141371612951,1.0,7,none,high,-44.80215827338129,6.0791366906474815,80.88129496402877
0.7816141371613299,1.0,7,none,high,-9.965591397849462,30.01720430107527,39.98279569892473
1.8276141371576717,0.0,7,none,high,2.2764227642276538,55.36585365853659,23.08943089430894
1.3026141371615039,1.0,7,none,low,-13.19949012109624,40.11472275334608,3.31421287444232
0.7096141371613058,1.0,7,none,high,-60.0,0.0,80.0
0.8056141371613379,1.0,7,none,high,-27.04406779661017,18.79322033898305,65.83728813559323
0.7446141371573101,0.0,7,none,high,-7.901234567901234,56.83760683760684,14.738841405508072
0.8826141371613636,1.0,7,none,low,31.49089165867689,6.915148609779482,15.424256951102585
0.7516141371613199,1.0,7,none,medium,6.481481481481481,1.831275720164609,65.34979423868313
0.7326141371613135,1.0,7,none,low,2.544987146529559,7.514995715509853,24.97000856898029
0.6936141371613005,1.0,7,none,low,-14.766686355581808,38.77141169521559,3.5380980507974007
0.9116141371613733,1.0,7,none,low,42.817080943275975,15.704270235818994,12.887189292543018
0.916614137161375,1.0,7,none,low,-25.38174273858921,1.9792531120331935,37.36099585062241
0.7486141371613189,1.0,7,none,medium,-23.33333333333333,27.22222222222222,30.55555555555556
0.6956141371613012,1.0,7,none,medium,19.566326530612244,7.193877551020408,57.62755102040816
0.7896141371613326,1.0,7,none,medium,54.10526315789474,14.821052631578947,20.715789473684207
1.3256141371615116,1.0,7,none,high,59.39586645468998,69.69793322734499,10.302066772655008
0.8946141371613676,1.0,7,none,high,11.7487684729064,53.86699507389162,32.118226600985224
0.9836141371573899,0.0,7,none,medium,-15.38062283737024,57.43944636678201,2.820069204152249
0.9176141371613753,1.0,7,none,high,34.9809885931559,57.49049429657795,22.50950570342205
0.7976141371573278,0.0,7,none,low,-1.9180327868852445,21.061475409836067,2.9795081967213117
1.9526141371577135,0.0,7,none,low,-15.310245310245312,11.017316017316016,6.327561327561328
0.8286141371613456,1.0,7,none,low,-6.042105263157893,0.494736842105263,66.53684210526315
0.7846141371613309,1.0,7,none,low,-15.575454306031077,2.949697129312614,8.525151435343691
0.8696141371613593,1.0,7,none,medium,70.0,20.0,0.0
1.1066141371614384,1.0,7,none,low,4.29406037000974,17.14703018500487,12.852969814995127
0.8016141371613366,1.0,7,none,medium,9.304471256210078,1.930447125621008,72.62597586941094
0.919614137161376,1.0,7,none,medium,-50.92269326683292,4.538653366583538,55.46134663341645
0.7056141371613045,1.0,7,none,medium,56.15526802218115,15.231053604436228,19.07578558225508
0.8486141371573448,0.0,7,none,low,-2.84313725490196,29.725490196078432,2.568627450980392
0.7896141371613326,1.0,7,none,medium,8.725590955806783,17.718396711202466,38.99280575539568
0.7866141371613316,1.0,7,none,medium,-52.35023041474654,22.11981566820277,14.470046082949308
1.4996141371575622,0.0,7,none,low,-47.33388022969647,9.499589827727648,16.83347005742412
0.8636141371613573,1.0,7,none,medium,-60.0,0.0,60.0
1.199614137157462,0.0,7,none,low,-9.387938793879387,15.459045904590456,4.846984698469847
0.7046141371613042,1.0,7,none,high,2.2875131164742903,13.011542497376706,60.724029380902415
0.952614137161387,1.0,7,none,medium,-7.542213883677295,12.98311444652908,40.52532833020638
0.9266141371613783,1.0,7,none,low,-20.64930672979371,5.610415962123774,16.259722691917485
0.8226141371613436,1.0,7,none,medium,5.228798047589997,52.660158633313,7.431360585723
0.7886141371573248,0.0,7,none,low,-29.698275862068968,8.241379310344824,7.939655172413794
0.7486141371613189,1.0,7,none,low,40.06315789473684,8.343859649122807,8.280701754385964
1.0736141371614274,1.0,7,none,low,26.312761506276157,18.52510460251046,2.212343096234307
0.8666141371573508,0.0,7,none,high,-49.76405274115198,27.85565579458709,27.61970853573907
0.8646141371613576,1.0,7,none,low,6.342933690555928,2.042866711319491,55.69993302076357
1.4536141371615543,1.0,7,none,low,30.476190476190474,8.095238095238095,7.619047619047617
0.7496141371613192,1.0,7,none,medium,-60.341098169717135,7.512479201331111,17.853577371048253
0.6806141371612962,1.0,7,none,medium,31.113989637305696,23.704663212435232,32.590673575129536
0.6726141371612935,1.0,7,none,high,-38.98706896551724,8.405172413793103,77.39224137931035
0.6666141371612915,1.0,7,none,high,-20.094097519247217,15.962360992301113,66.05645851154833
1.506614137161572,1.0,7,none,medium,17.06206896551724,25.360919540229887,18.298850574712645
1.0656141371614247,1.0,7,none,high,-40.0606980273141,29.96358118361153,40.02427921092564
0.6826141371612968,1.0,7,none,high,37.72995283018869,45.1061320754717,17.37617924528302
0.7656141371613245,1.0,7,none,high,-25.62103354487761,4.424297370806888,80.04533091568449
0.8716141371613599,1.0,7,none,medium,22.061567164179102,9.347014925373134,37.28544776119403
0.8616141371613566,1.0,7,none,high,-28.54614412136536,27.442056468605134,45.988200589970496
0.7726141371573194,0.0,7,none,medium,12.724184782608695,52.64266304347826,9.918478260869565
1.7196141371616431,1.0,7,none,low,35.384,15.824,10.44
1.4196141371575355,0.0,7,none,medium,2.06615532118888,33.854266538830295,21.78811121764141
0.8366141371613482,1.0,7,none,medium,50.40600176522507,24.12180052956752,13.71579876434245
0.6276141371612785,1.0,7,none,low,1.2452671434581395,3.7484223811527126,12.503155237694571
0.6396141371612825,1.0,7,none,high,12.61904761904762,41.30952380952381,28.69047619047619
0.7006141371613028,1.0,7,none,low,3.7267904509283785,2.287798408488063,38.56100795755968
0.8926141371573595,0.0,7,none,medium,-11.01570680628272,61.31937172774869,2.335078534031413
0.9726141371613937,1.0,7,none,high,-35.41984732824428,10.534351145038164,65.95419847328245
0.928614137161379,1.0,7,none,low,9.883616830796775,28.50492390331244,8.621307072515666
0.8546141371613543,1.0,7,none,low,16.281869688385267,8.760623229461755,2.478753541076486
0.6396141371612825,1.0,7,none,medium,8.883085576536761,1.888308557653676,73.00522298111692
0.8186141371613422,1.0,7,none,high,-3.0310407790626925,26.29336579427876,39.32440657334145
0.6296141371612791,1.0,7,none,high,-18.698752228164,40.10695187165775,38.80570409982175
0.7126141371613068,1.0,7,none,medium,-22.016129032258068,2.661290322580644,54.67741935483871
1.365614137161525,1.0,7,none,low,34.801587301587304,8.96031746031746,4.158730158730156
1.3696141371615262,1.0,7,none,medium,10.54452274183216,51.25560538116592,10.71108263933376
0.7836141371613305,1.0,7,none,medium,-18.054298642533944,2.986425339366513,81.04072398190046
0.7476141371613185,1.0,7,none,low,-2.575919971418364,3.712040014290818,6.287959985709182
1.2396141371614828,1.0,7,none,high,-17.856712823600237,38.242022877784464,26.098735701384708
0.717614137157301,0.0,7,none,low,2.03324808184143,19.21994884910486,7.186700767263428
0.7426141371613169,1.0,7,none,low,-17.100199071001988,6.449900464499004,23.550099535500998
0.6366141371612815,1.0,7,none,medium,46.26930203829525,19.06732550957381,32.79802347127857
0.6326141371612801,1.0,7,none,high,-51.01043382756728,10.225151015925316,51.23558484349259
0.9436141371573765,0.0,7,none,low,60.0,10.0,0.0
1.094614137157427,0.0,7,none,low,-35.518672199170126,18.360995850622405,13.879668049792532
0.9406141371573755,0.0,7,none,medium,-17.928130263896684,45.14317798989332,13.071308253790004
0.8976141371573612,0.0,7,none,low,-57.83625730994152,10.643274853801165,8.47953216374269
0.8846141371613643,1.0,7,none,medium,-29.289897510980968,3.894582723279648,63.18448023426061
0.9936141371614007,1.0,7,none,low,-11.985353946297804,41.15541090317331,3.1407648494711147
0.7486141371613189,1.0,7,none,low,-70.0,0.0,10.0
1.1046141371614377,1.0,7,none,high,-25.57061340941512,33.49500713266762,29.065620542082737
1.0836141371574233,0.0,7,none,medium,-57.23259762308999,20.237691001697797,7.470288624787776
0.6886141371612988,1.0,7,none,high,-2.8538011695906462,36.304093567251456,49.1578947368421
0.8126141371613402,1.0,7,none,medium,25.03292568203198,18.344308560677327,23.311382878645343
0.7006141371613028,1.0,7,none,high,-59.62025316455696,17.08860759493671,56.70886075949367
1.5386141371615827,1.0,7,none,low,-14.386235233692862,9.368258859784284,13.754494093477144
1.0116141371614067,1.0,7,none,low,14.785005512679165,6.196251378169791,11.411245865490628
0.7066141371572974,0.0,7,none,medium,3.730886850152906,38.23853211009174,14.507645259938837
0.7006141371613028,1.0,7,none,low,45.633507853403145,7.947643979057592,12.314136125654448
0.693614137157293,0.0,7,none,medium,-33.90856406954283,30.72762395363812,24.636188023180942
0.9416141371613833,1.0,7,none,low,-4.230055658627089,6.307977736549164,20.538033395176253
0.6686141371612921,1.0,7,none,medium,-90.0,0.0,10.0
1.129614137161446,1.0,7,none,low,-1.971830985915493,1.146881287726358,53.118712273641854
0.922614137161377,1.0,7,none,high,45.625,48.75,13.125
0.7216141371573024,0.0,7,none,medium,30.0,90.0,0.0
0.7676141371613252,1.0,7,none,low,50.0,20.0,0.0
0.8156141371613412,1.0,7,none,high,29.350961538461544,71.61057692307692,12.25961538461538
0.7526141371573127,0.0,7,none,medium,-90.0,0.0,10.0
0.7346141371613142,1.0,7,none,low,5.387387387387385,13.27027027027027,27.88288288288288
0.9656141371573839,0.0,7,none,medium,-69.11937377690802,17.084148727984342,16.203522504892366
0.8296141371613459,1.0,7,none,medium,-43.83478260869566,8.817391304347824,42.65217391304348
0.7326141371613135,1.0,7,none,medium,22.80961182994455,49.68576709796673,6.87615526802218
1.3456141371575108,0.0,7,none,medium,-32.86072772898369,46.75031367628607,9.61104140526976
0.6496141371612858,1.0,7,none,medium,-20.0,0.0,80.0
0.9216141371573692,0.0,7,none,high,22.62486716259299,72.40170031880977,9.776833156216789
0.8256141371573371,0.0,7,none,medium,-30.92330603127327,15.860014892032758,36.78332092330603
0.9646141371573835,0.0,7,none,medium,-70.0,0.0,20.0
0.8396141371613492,1.0,7,none,low,-5.6085160470289175,2.195741976485541,7.804258023514459
0.6796141371612958,1.0,7,none,high,-68.78195488721806,11.233082706766911,70.01503759398497
0.7056141371613045,1.0,7,none,low,-6.6360052562417895,4.45466491458607,31.09067017082786
0.958614137161389,1.0,7,none,low,-28.571428571428573,5.714285714285712,34.285714285714285
0.8296141371613459,1.0,7,none,low,2.30769230769231,33.84615384615385,1.538461538461538
0.7526141371613202,1.0,7,none,high,-45.289256198347104,18.51239669421487,53.80165289256198
0.7046141371613042,1.0,7,none,high,-29.69608416130918,17.632963179427232,67.32904734073641
0.6806141371612962,1.0,7,none,low,11.516551193225556,4.303310238645111,22.786759045419554
0.6926141371613002,1.0,7,none,medium,0.5501813784764202,3.73639661426844,73.18621523579202
0.7586141371613222,1.0,7,none,high,-5.25896414342629,42.70916334661354,27.96812749003984
1.2196141371614762,1.0,7,none,low,-5.070564516129034,1.643145161290322,16.713709677419356
0.6516141371612865,1.0,7,none,low,-6.34983498349835,6.825082508250824,13.174917491749174
1.184614137157457,0.0,7,none,medium,-41.02908277404923,40.06711409395973,11.096196868008947
0.9596141371613893,1.0,7,none,medium,61.62387676508345,18.138639281129656,6.514762516046211
0.7836141371613305,1.0,7,none,high,23.069620253164565,56.53481012658228,33.465189873417714
0.8086141371613389,1.0,7,none,low,-6.039236479321316,1.320254506892895,17.35949098621421
0.7246141371613108,1.0,7,none,medium,75.66610455311972,8.566610455311972,12.900505902192243
0.8686141371613589,1.0,7,none,low,-25.13274336283186,8.495575221238935,23.6283185840708
1.099614137161436,1.0,7,none,high,-21.785714285714285,35.824175824175825,27.609890109890117
0.7146141371613075,1.0,7,none,medium,-18.17541111981206,3.547376664056382,61.72278778386845
0.7146141371613075,1.0,7,none,medium,41.38053097345133,50.690265486725664,9.309734513274336
1.1076141371574313,0.0,7,none,medium,-73.85231316725978,14.53291814946619,8.385231316725978
0.8426141371573428,0.0,7,none,low,12.390099741411156,21.195049870705574,8.804950129294422
0.7256141371613112,1.0,7,none,medium,8.335832083958028,49.85007496251874,11.514242878560715
0.7286141371613122,1.0,7,none,low,-30.0,0.0,40.0
0.8806141371573555,0.0,7,none,low,20.457142857142863,30.228571428571428,9.771428571428569
0.6866141371612982,1.0,7,none,medium,-40.0,0.0,60.0
0.7746141371613275,1.0,7,none,medium,-30.0,0.0,90.0
1.0296141371614127,1.0,7,none,medium,15.201149425287358,59.64080459770115,4.439655172413792
0.7776141371613285,1.0,7,none,medium,-16.53846153846154,7.82051282051282,64.35897435897436
1.3246141371615112,1.0,7,none,high,-67.64854614412138,15.474083438685202,33.122629582806574
0.9896141371573919,0.0,7,none,medium,-3.713629402756503,67.81010719754977,1.523736600306278
1.1096141371614394,1.0,7,none,medium,-13.382526564344746,11.829988193624557,35.2125147579693
0.6276141371612785,1.0,7,none,high,-70.61349693251535,9.693251533742329,80.30674846625767
0.9566141371613883,1.0,7,none,high,-59.58652373660032,4.859622256253191,74.4461459928535
0.6566141371612881,1.0,7,none,high,-72.4022346368715,3.575418994413408,85.97765363128492
0.6516141371612865,1.0,7,none,medium,-19.95296331138288,21.84383819379116,31.79680150517404
1.1876141371614655,1.0,7,none,low,-7.574872169466763,13.45507669831994,11.029948867786706
0.7066141371613048,1.0,7,none,low,8.451977401129943,14.22598870056497,5.774011299435028
0.907614137161372,1.0,7,none,medium,-42.69512195121951,9.439024390243905,42.13414634146341
0.6826141371612968,1.0,7,none,low,25.76891781936534,8.942229454841334,3.173311635475995
0.6696141371612925,1.0,7,none,high,-1.463414634146332,44.87804878048781,26.34146341463414
0.7056141371613045,1.0,7,none,medium,18.162544169611305,7.632508833922261,49.46996466431095
1.2566141371614885,1.0,7,none,high,-42.04152249134948,30.83044982698961,32.8719723183391
0.7386141371613155,1.0,7,none,medium,2.790138304269391,14.263379434756464,51.47324113048708
0.8626141371613569,1.0,7,none,high,-18.3141447368421,37.96052631578947,26.27467105263157
0.8246141371613442,1.0,7,none,low,30.97502014504432,8.195004029008864,7.219983883964543
0.9726141371613937,1.0,7,none,medium,-32.705915652420046,34.39569770733088,17.10161335975092
0.7526141371573127,0.0,7,none,medium,7.744360902255639,70.19548872180451,2.451127819548872
0.8096141371573318,0.0,7,none,medium,-20.91572123176661,56.52350081037277,7.439222042139384
0.6366141371612815,1.0,7,none,medium,-9.87307949231797,10.955243820975284,50.82832331329325
0.7076141371613052,1.0,7,none,low,-11.039279869067103,8.126022913256955,29.16530278232406
0.7536141371613205,1.0,7,none,low,-43.25842696629213,12.556179775280896,15.814606741573034
0.7106141371572987,0.0,7,none,low,2.9069767441860463,3.226744186046512,20.319767441860463
0.7726141371613269,1.0,7,none,high,-0.2944062806673244,27.55642787046124,37.85083415112856
0.8356141371613479,1.0,7,none,high,-58.38095238095239,13.304029304029305,41.684981684981686
0.7836141371613305,1.0,7,none,medium,51.47302904564316,22.219917012448136,20.746887966804977
0.7846141371613309,1.0,7,none,low,-10.0,0.0,60.0
0.6636141371612905,1.0,7,none,low,-1.3310580204778155,10.75085324232082,32.081911262798634
0.7836141371573231,0.0,7,none,low,-18.95184135977337,6.628895184135975,15.580736543909348
0.913614137161374,1.0,7,none,high,-26.25992779783393,23.552346570397116,39.81227436823104
1.1606141371614564,1.0,7,none,medium,-8.97058823529412,10.34313725490196,59.31372549019608
1.1056141371574306,0.0,7,none,medium,-90.0,0.0,30.0
0.7676141371613252,1.0,7,none,medium,33.37982832618026,17.28540772532189,33.90557939914163
0.6876141371612985,1.0,7,none,medium,-23.200000000000003,6.720000000000001,49.92
0.8976141371613686,1.0,7,none,high,24.40838404327248,59.661933739012845,15.253549695740364
0.8126141371573328,0.0,7,none,low,-70.0,0.0,10.0
0.7266141371613115,1.0,7,none,high,-80.0,0.0,90.0
0.8646141371573501,0.0,7,none,medium,-29.633286318758817,31.396332863187585,11.029619181946403
0.7516141371613199,1.0,7,none,low,27.785234899328863,11.946308724832216,24.16107382550335
0.9426141371613836,1.0,7,none,low,-0.3902154921374521,5.602795573675014,35.99301106581246
0.6986141371613022,1.0,7,none,medium,5.669291338582678,9.727988546886186,54.05869720830351
0.8576141371613553,1.0,7,none,low,-48.6949806949807,8.478764478764479,17.173745173745175
1.341614137161517,1.0,7,none,medium,-26.033057851239665,43.17355371900827,9.206611570247931
0.9056141371573638,0.0,7,none,low,-60.0,0.0,10.0
0.7216141371613098,1.0,7,none,low,-60.0,0.0,10.0
0.6926141371613002,1.0,7,none,low,-2.6561199000832687,1.049125728559533,53.7052456286428
1.1276141371614454,1.0,7,none,low,-4.293304994686505,17.85334750265675,22.14665249734325
1.41061413716154,1.0,7,none,medium,-12.192513368983953,45.20499108734403,17.397504456327983
0.6726141371612935,1.0,7,none,low,39.46840521564694,8.244734202607823,8.77632898696088
0.919614137161376,1.0,7,none,low,22.15619694397284,19.558573853989813,17.402376910016976
0.6436141371612838,1.0,7,none,medium,-14.357239512855209,58.34912043301759,2.706359945872801
1.0236141371614107,1.0,7,none,high,11.692573402417963,38.12320092112838,36.430627518710416
0.7446141371573101,0.0,7,none,low,-20.0,0.0,30.0
0.6706141371612928,1.0,7,none,high,-36.27664848785325,26.86167575607337,63.13832424392662
0.7656141371613245,1.0,7,none,high,-62.82854656222803,17.467362924281982,40.295909486510006
1.2266141371614785,1.0,7,none,low,-18.91089108910891,4.752475247524751,33.663366336633665
0.7426141371613169,1.0,7,none,medium,-17.714285714285715,4.095238095238095,51.80952380952381
0.8756141371613613,1.0,7,none,high,-15.092361457813285,29.565651522715925,34.65801298052921
0.7466141371613182,1.0,7,none,low,-0.830223880597015,4.584888059701492,5.415111940298507
1.2196141371614762,1.0,7,none,low,-8.548621190130625,7.634252539912916,6.182873730043541
0.9576141371613887,1.0,7,none,medium,90.0,10.0,0.0
0.8196141371613426,1.0,7,none,high,64.07815079801871,49.631260319207485,15.553109521188771
2.0016141371577296,0.0,7,none,medium,-36.72413793103449,15.517241379310342,22.24137931034483
0.8126141371613402,1.0,7,none,low,-6.021724372029874,19.416157501697214,15.437881873727088
1.3976141371615356,1.0,7,none,low,31.862828111769687,6.977138018628281,15.114309906858594
0.8356141371573405,0.0,7,none,low,-13.933566433566432,14.895104895104897,18.828671328671327
0.7416141371613165,1.0,7,none,medium,-6.657381615598883,36.94986072423399,23.607242339832865
0.6746141371612941,1.0,7,none,medium,-20.0,0.0,70.0
0.9166141371573675,0.0,7,none,medium,-90.0,0.0,10.0
0.6326141371612801,1.0,7,none,high,19.31740614334471,52.96928327645051,23.6518771331058
0.6896141371612992,1.0,7,none,medium,16.162790697674417,2.9069767441860463,56.74418604651163
0.6226141371612768,1.0,7,none,medium,-30.0,0.0,80.0
0.7286141371613122,1.0,7,none,medium,32.16646562123041,59.59710494571774,7.43063932448733
1.2546141371614878,1.0,7,none,low,13.298461538461543,35.5323076923077,2.233846153846152
0.7016141371613032,1.0,7,none,high,-4.5074946466809465,10.920770877944324,65.42826552462527
1.0806141371614297,1.0,7,none,high,-43.96694214876032,13.016528925619834,56.98347107438016
0.6216141371612764,1.0,7,none,medium,48.10690423162583,12.383073496659245,34.2761692650334
0.9186141371613756,1.0,7,none,medium,63.20016820857864,37.527333894028594,4.327165685449957
1.144614137161451,1.0,7,none,low,-2.9009152407481094,3.549542379625945,6.450457620374055
2.3986141371618697,1.0,7,none,medium,-38.8380603842635,14.107959743824331,22.94602012808783
0.9186141371613756,1.0,7,none,low,-40.0,0.0,30.0
0.6876141371612985,1.0,7,none,medium,-42.24286662242866,8.878566688785666,51.12143331121433
1.575614137161595,1.0,7,none,low,3.8164251207729487,35.05314009661836,1.23671497584541
0.6676141371612918,1.0,7,none,high,-40.0,0.0,90.0
0.7086141371613055,1.0,7,none,medium,-70.0,0.0,20.0
0.6916141371612998,1.0,7,none,low,24.945598417408508,11.236399604352128,26.29080118694362
0.8746141371613609,1.0,7,none,high,60.0,70.0,0.0
0.7956141371613346,1.0,7,none,medium,34.13540713632205,19.240622140896612,25.105215004574568
0.6176141371612751,1.0,7,none,medium,19.735294117647054,26.54901960784313,16.81372549019608
0.7186141371613088,1.0,7,none,low,-20.0,0.0,40.0
1.1796141371614628,1.0,7,none,medium,-1.4864864864864842,39.009009009009006,10.495495495495494
0.8626141371613569,1.0,7,none,medium,57.65650080256822,6.765650080256823,29.1091492776886
0.949614137161386,1.0,7,none,low,-12.578046324269891,13.06646525679758,5.644511581067473
1.3826141371615306,1.0,7,none,low,-32.6927374301676,4.871508379888268,17.564245810055866
1.3936141371575268,0.0,7,none,low,-25.39400101677682,2.302999491611589,27.69700050838841
0.7986141371613356,1.0,7,none,low,-8.208005985783766,2.947998503554058,51.15600448933783
0.9416141371573759,0.0,7,none,low,12.035830618892511,34.69055374592834,2.65472312703583
0.7766141371613282,1.0,7,none,low,3.1884057971014483,3.297101449275362,20.108695652173918
0.8336141371613472,1.0,7,none,medium,8.436798803290952,41.062079281974576,12.62528047868362
2.2996141371618366,1.0,7,none,medium,32.206726825266614,55.32403609515997,3.117309269893352
0.6206141371612761,1.0,7,none,high,-41.07430617726052,8.111011638316919,69.18531781557743
0.7656141371613245,1.0,7,none,high,-73.47305389221557,10.62446535500427,44.09751924721984
0.6406141371612828,1.0,7,none,medium,-2.2368421052631597,3.552631578947368,65.78947368421052
0.9846141371573902,0.0,7,none,medium,-3.0360205831903926,37.97598627787308,11.012006861063464
1.076614137157421,0.0,7,none,medium,-70.0,0.0,20.0
0.8346141371613476,1.0,7,none,medium,-44.279475982532745,9.43231441048035,33.711790393013096
1.3536141371575134,0.0,7,none,high,-17.906976744186046,40.552325581395344,38.45930232558139
1.371614137161527,1.0,7,none,low,-4.48038540949759,12.759807295251203,17.240192704748793
0.9276141371613786,1.0,7,none,medium,-25.283474065138726,28.45597104945717,23.739445114595902
0.6796141371612958,1.0,7,none,low,-24.792347176854875,3.905739617358843,8.698086794213719
0.7986141371613356,1.0,7,none,medium,3.0362826225334203,9.910884786760024,46.87460216422661
1.5196141371575689,0.0,7,none,medium,-53.0,18.0,31.0
0.886614137161365,1.0,7,none,low,-10.78043704474506,14.609781477627468,25.39021852237253
0.964614137161391,1.0,7,none,high,42.341069626639765,69.90918264379415,7.568113017154386
1.1776141371614621,1.0,7,none,medium,-30.102974828375288,25.38901601830663,25.49199084668192
0.7446141371573101,0.0,7,none,low,-15.310668229777258,16.45955451348183,11.770222743259088
0.7156141371613078,1.0,7,none,medium,-10.439189189189191,6.520270270270268,46.95945945945946
0.7906141371613329,1.0,7,none,high,47.45341614906833,67.97515527950311,10.521739130434776
0.9906141371613997,1.0,7,none,low,14.676616915422883,8.225538971807628,3.548922056384742
0.7196141371613092,1.0,7,none,high,-23.85416666666667,32.083333333333336,35.9375
1.0786141371574216,0.0,7,none,low,-51.96994991652755,15.776293823038392,7.746243739565943
0.7296141371613125,1.0,7,none,high,-70.0,0.0,70.0
0.9086141371573648,0.0,7,none,low,-20.0,0.0,10.0
0.964614137161391,1.0,7,none,low,-5.002547121752425,3.7493632195618942,48.75191034131432
0.7386141371613155,1.0,7,none,medium,10.356379187455452,22.38061297220242,22.02423378474697
0.7616141371613232,1.0,7,none,medium,19.667338709677416,3.296370967741935,53.62903225806452
0.8226141371613436,1.0,7,none,low,-40.0,0.0,20.0
0.7506141371613195,1.0,7,none,medium,-30.0,0.0,80.0
0.8146141371613409,1.0,7,none,medium,-9.60227272727273,12.159090909090908,41.76136363636364
0.9396141371613826,1.0,7,none,low,-10.0,0.0,30.0
0.8816141371613633,1.0,7,none,medium,-23.6373276776246,45.09013785790032,8.727465535524919
1.2036141371614708,1.0,7,none,medium,-7.911001236093945,48.0593325092707,15.970333745364648
1.4006141371575291,0.0,7,none,medium,-19.47229551451187,57.70448548812665,7.1767810026385215
0.7656141371613245,1.0,7,none,low,2.62857142857143,11.314285714285717,8.685714285714285
0.8326141371613469,1.0,7,none,high,-80.0,0.0,90.0
1.022614137157403,0.0,7,none,high,-56.31304347826087,23.321739130434786,29.63478260869565
0.7686141371573181,0.0,7,none,low,29.58333333333333,7.916666666666666,8.333333333333332
0.7596141371613225,1.0,7,none,high,19.075785582255083,70.12014787430684,11.044362292051757
0.8656141371613579,1.0,7,none,high,-16.42201834862385,36.78899082568808,53.211009174311926
0.934614137161381,1.0,7,none,low,-23.2992700729927,8.350364963503647,31.64963503649635
0.7236141371613105,1.0,7,none,high,-24.931631722880592,19.71741112123974,64.64904284412033
0.8406141371613496,1.0,7,none,high,-58.56447688564477,16.642335766423354,65.20681265206812
1.0106141371614064,1.0,7,none,medium,-24.85139022051774,6.059443911792904,50.91083413231065
1.5416141371615837,1.0,7,none,low,30.02022244691608,22.50758341759353,12.48736097067745
0.6536141371612871,1.0,7,none,high,-27.16180371352785,26.419098143236077,53.58090185676392
0.913614137161374,1.0,7,none,low,19.829749103942653,15.93189964157706,6.102150537634407
0.6896141371612992,1.0,7,none,high,65.87155963302753,53.94495412844037,8.07339449541284
0.7486141371613189,1.0,7,none,high,62.26229508196721,76.1311475409836,13.868852459016392
1.0606141371574156,0.0,7,none,high,33.264604810996566,56.63230240549829,23.36769759450172
0.8186141371613422,1.0,7,none,low,-45.43417366946778,10.924369747899156,16.358543417366946
0.8296141371613459,1.0,7,none,low,47.304964539007095,7.163120567375887,19.858156028368796
0.9846141371573902,0.0,7,none,high,-46.82531380753137,29.890167364016737,26.71548117154812
1.009614137161406,1.0,7,none,low,19.52380952380952,15.809523809523808,6.285714285714285
0.9056141371613713,1.0,7,none,low,-4.422507403751235,2.788746298124383,7.211253701875617
1.2126141371574664,0.0,7,none,low,-7.469951923076922,8.353365384615385,5.823317307692308
1.1466141371614518,1.0,7,none,medium,-58.377535101404064,15.725429017160678,24.102964118564746
0.8756141371613613,1.0,7,none,low,-37.62688614540467,28.32647462277092,5.953360768175583
0.6856141371612978,1.0,7,none,low,8.89555494955004,9.631851649850011,20.73629670029997
0.8106141371613396,1.0,7,none,high,-21.780645161290323,29.10967741935484,50.89032258064516
0.6676141371612918,1.0,7,none,medium,-19.03225806451613,3.290322580645161,62.322580645161295
1.0536141371574133,0.0,7,none,medium,-54.99173553719009,26.25619834710744,21.24793388429752
0.7356141371613145,1.0,7,none,low,-14.531645569620256,3.645569620253164,8.177215189873419
0.6436141371612838,1.0,7,none,medium,43.28859060402685,18.322147651006716,35.03355704697986
1.1796141371614628,1.0,7,none,high,-35.365853658536594,30.73170731707317,46.09756097560976
0.6786141371612955,1.0,7,none,high,-57.63662171753016,19.418026969481904,47.05464868701207
0.7386141371613155,1.0,7,none,medium,-4.341801385681292,3.479599692070824,57.82140107775212
0.6976141371613018,1.0,7,none,medium,-17.660377358490564,45.337907375643226,12.998284734133792
1.3156141371575008,0.0,7,none,medium,-5.05859375,45.458984375,10.517578125
0.958614137161389,1.0,7,none,medium,-30.0,0.0,60.0
0.7306141371573054,0.0,7,none,medium,-22.394487510766574,41.894918173987946,14.289405684754522
1.0896141371614327,1.0,7,none,medium,53.882175226586114,34.13897280966768,10.256797583081568
0.8936141371613673,1.0,7,none,medium,10.410334346504564,60.27355623100304,9.86322188449848
0.6816141371612965,1.0,7,none,high,-35.05785123966942,17.471074380165287,52.52892561983471
0.9596141371613893,1.0,7,none,low,36.6350710900474,5.829383886255925,29.194312796208525
0.7926141371613336,1.0,7,none,medium,-16.9939879759519,37.10420841683367,14.098196392785573
0.7526141371613202,1.0,7,none,medium,10.52966101694915,5.550847457627119,65.02118644067797
0.6796141371612958,1.0,7,none,high,20.746812386156645,37.267759562841526,26.52094717668488
0.8936141371613673,1.0,7,none,high,-9.116202945990189,28.41243862520458,47.52864157119476
0.6786141371612955,1.0,7,none,low,13.647798742138365,2.955974842767295,49.30817610062893
1.1736141371614608,1.0,7,none,high,-28.65671641791045,32.47585601404741,51.13257243195786
0.6976141371613018,1.0,7,none,high,-70.0,0.0,80.0
0.7056141371613045,1.0,7,none,high,11.216517857142858,15.758928571428571,54.54241071428572
1.0116141371573992,0.0,7,none,low,-6.923076923076925,6.538461538461538,13.461538461538463
0.7956141371573271,0.0,7,none,medium,-90.0,0.0,10.0
0.6296141371612791,1.0,7,none,medium,-40.0,0.0,50.0
0.7026141371613035,1.0,7,none,medium,-20.0,0.0,90.0
0.8936141371613673,1.0,7,none,medium,-31.974522292993637,22.181528662420376,34.15605095541402
0.8946141371613676,1.0,7,none,medium,-70.0,0.0,30.0
0.8516141371613533,1.0,7,none,high,-60.0,0.0,90.0
0.8046141371573301,0.0,7,none,low,11.350691619202603,17.72172497965826,16.371033360455655
0.7866141371613316,1.0,7,none,high,-3.8596491228070136,35.6140350877193,29.47368421052631
0.9266141371613783,1.0,7,none,medium,70.38952316991269,8.93216924110141,8.542646071188711
0.6386141371612821,1.0,7,none,high,43.946064942212445,49.85140341221794,25.905338470005496
0.8226141371613436,1.0,7,none,high,50.95703125,69.84375,8.88671875
0.7146141371573,0.0,7,none,medium,30.0,90.0,0.0
0.9306141371613796,1.0,7,none,low,-10.45138888888889,3.18287037037037,33.63425925925926
0.7936141371613339,1.0,7,none,high,-90.0,0.0,80.0
0.7706141371613262,1.0,7,none,medium,57.83582089552239,7.537313432835821,19.70149253731343
0.7226141371573027,0.0,7,none,high,-6.210902591599634,47.13136729222521,33.34226988382484
1.5286141371615793,1.0,7,none,high,-17.380015735641226,23.02124311565696,60.4012588512982
0.46604302845613593,0.0,8,none,low,3.759832197168328,6.879916098584164,3.120083901415836
0.5640430284561686,0.0,8,none,low,0.532445923460898,18.31946755407654,7.787021630615641
0.7970430284602539,1.0,8,none,medium,64.86891385767791,15.430711610486892,20.561797752808985
0.7540430284562321,0.0,8,none,high,-32.675964969185856,12.611093091144989,55.28705806033084
0.6490430284602045,1.0,8,none,medium,6.753926701570679,1.6753926701570678,74.92146596858639
0.8970430284562798,0.0,8,none,low,-35.094124358243015,3.924700513405588,9.018824871648604
0.49104302846015174,1.0,8,none,low,29.444891391794048,14.12711182622687,14.682220434432825
0.4520430284601387,1.0,8,none,low,13.894028595458368,7.964676198486122,4.070647603027754
0.5280430284561566,0.0,8,none,medium,-53.2967032967033,21.36263736263736,14.65934065934066
0.5370430284561596,0.0,8,none,high,0.3505696757230545,62.55039439088519,12.199824715162135
0.5680430284561699,0.0,8,none,high,45.334796926454445,26.256860592755213,30.922063666300765
0.8950430284562791,0.0,8,none,low,-16.640776699029125,37.16504854368932,3.805825242718446
1.4490430284564642,0.0,8,none,medium,-38.04038004750594,24.85748218527316,12.897862232779095
0.5680430284561699,0.0,8,none,medium,4.6875,38.8125,14.125
0.8730430284602793,1.0,8,none,medium,-30.0,0.0,80.0
0.5340430284561586,0.0,8,none,low,-35.8160237388724,29.91097922848664,5.72700296735905
0.99504302846032,1.0,8,none,low,-1.491973559962231,4.627006610009442,46.11898016997167
1.1230430284563553,0.0,8,none,high,13.034482758620683,57.956896551724135,24.92241379310345
0.5530430284561649,0.0,8,none,medium,-23.626373626373624,50.10989010989011,3.736263736263736
0.4260430284561226,0.0,8,none,high,15.82362728785358,58.968386023294514,13.14475873544093
0.613043028456185,0.0,8,none,medium,-15.45454545454545,38.18181818181818,13.636363636363637
0.5250430284561556,0.0,8,none,high,-23.042635658914737,40.17441860465116,33.21705426356589
0.4470430284561296,0.0,8,none,high,19.35856992639328,61.51419558359621,22.15562565720294
0.6650430284562023,0.0,8,none,medium,-37.51918158567776,39.36061381074168,16.87979539641944
1.1390430284563606,0.0,8,none,low,27.63636363636364,24.701298701298704,7.064935064935064
0.8090430284562504,0.0,8,none,high,-18.292682926829265,46.09756097560976,24.390243902439025
0.6610430284602085,1.0,8,none,low,28.545816733067728,7.709163346613545,9.163346613545816
0.6350430284601998,1.0,8,none,low,11.05868814729574,3.509781357882624,32.45109321058688
0.619043028456187,0.0,8,none,high,-13.4351145038168,30.45801526717557,33.89312977099237
0.6020430284601888,1.0,8,none,low,23.542253521126764,36.309859154929576,2.7676056338028148
0.5250430284561556,0.0,8,none,high,45.81089542892924,54.04508453350032,18.234189104571065
0.7220430284602288,1.0,8,none,high,74.68395461912479,82.3419773095624,7.658022690437598
0.5370430284561596,0.0,8,none,low,12.278761061946904,21.13938053097345,8.860619469026547
1.2010430284603888,1.0,8,none,medium,72.35714285714286,37.45238095238095,5.095238095238088
1.0750430284563393,0.0,8,none,medium,8.24773413897281,5.649546827794562,57.40181268882175
0.4720430284601454,1.0,8,none,medium,-4.602739726027398,41.61643835616438,16.21917808219178
1.0090430284563172,0.0,8,none,medium,-80.0,0.0,20.0
0.6470430284561963,0.0,8,none,medium,-55.81081081081081,27.97297297297297,13.783783783783782
0.9750430284603133,1.0,8,none,medium,60.0,30.0,0.0
0.5460430284561626,0.0,8,none,high,-2.4546172059984173,41.35753749013418,33.812154696132595
1.1220430284603624,1.0,8,none,medium,29.211618257261406,4.356846473029045,45.14522821576763
0.5260430284601634,1.0,8,none,low,-18.96510228640193,4.7292418772563165,33.69434416365824
0.6780430284562067,0.0,8,none,medium,-0.2429906542056059,40.691588785046726,20.93457943925233
1.221043028456388,0.0,8,none,high,26.943493150684933,52.20034246575342,15.256849315068491
0.706043028456216,0.0,8,none,medium,-19.158679446219388,32.35356762513312,21.512247071352505
0.5410430284561609,0.0,8,none,high,-40.0,0.0,90.0
0.45304302846013905,1.0,8,none,medium,80.0,10.0,0.0
0.7420430284602355,1.0,8,none,medium,54.51612903225807,16.559139784946236,12.043010752688168
0.5820430284561746,0.0,8,none,low,-1.1343075852470426,21.64926931106472,2.783576896311761
0.6100430284601914,1.0,8,none,low,36.63129973474801,24.986737400530505,8.35543766578249
1.4470430284564635,0.0,8,none,high,-43.88955582232894,12.18487394957983,66.07442977190877
0.8110430284562511,0.0,8,none,high,-10.441001191895118,21.23957091775924,51.68057210965436
0.6710430284602118,1.0,8,none,high,37.21881390593048,53.60940695296524,16.39059304703476
0.46004302845613393,0.0,8,none,medium,-4.73684210526315,38.07017543859649,22.807017543859644
0.607043028456183,0.0,8,none,medium,-10.194472876151488,50.76765609007165,10.962128966223132
0.5210430284601617,1.0,8,none,low,-10.528925619834713,14.603305785123965,5.132231404958678
0.5010430284561476,0.0,8,none,medium,-20.4047976011994,56.94152923538231,7.346326836581708
0.5170430284561529,0.0,8,none,medium,46.50176678445229,28.833922261484098,22.3321554770318
0.5140430284561519,0.0,8,none,low,-34.85981308411215,30.747663551401867,5.607476635514018
0.6720430284562047,0.0,8,none,high,30.0,50.0,20.0
1.4230430284564555,0.0,8,none,medium,-45.43103448275862,14.331896551724135,39.762931034482754
0.6080430284561833,0.0,8,none,high,-49.10313901345291,20.44843049327354,69.55156950672645
0.5190430284561536,0.0,8,none,medium,-8.969298245614029,72.92763157894737,1.896929824561403
0.4900430284601514,1.0,8,none,low,31.46107784431138,6.910179640718564,15.449101796407186
1.1750430284563727,0.0,8,none,high,26.21959694232106,56.65045170257123,20.43085476025017
1.0290430284603314,1.0,8,none,medium,32.180451127819545,28.872180451127814,16.69172932330827
0.5590430284601744,1.0,8,none,low,2.941777323799794,1.848825331971399,48.9070480081716
0.4370430284601337,1.0,8,none,high,42.033195020746895,52.28215767634855,20.24896265560165
0.7130430284562184,0.0,8,none,high,-65.88688946015424,15.5012853470437,41.38817480719794
1.2380430284563937,0.0,8,none,medium,31.93737769080235,45.968688845401175,14.031311154598823
1.128043028456357,0.0,8,none,low,12.66935483870968,30.096774193548388,7.427419354838709
1.0900430284603517,1.0,8,none,medium,80.0,30.0,0.0
0.6390430284602011,1.0,8,none,high,-20.107973421926907,41.935215946843854,32.04318936877077
1.1200430284563543,0.0,8,none,high,-32.158836689038026,27.337807606263983,39.49664429530201
0.7740430284562387,0.0,8,none,low,-2.408563782337197,43.1935771632471,5.602140945584299
0.577043028456173,0.0,8,none,medium,-20.85281980742778,56.57496561210454,7.427785419532324
0.8810430284602819,1.0,8,none,medium,1.4032869785082127,7.850821744627052,66.44753476611884
0.6450430284561957,0.0,8,none,high,-3.961352657004824,59.56521739130435,13.526570048309177
0.610043028456184,0.0,8,none,low,20.93955715140634,19.102333931777377,18.162776780371036
0.6350430284561923,0.0,8,none,high,3.966587112171844,39.82816229116945,25.86157517899761
0.74804302845623,0.0,8,none,high,19.454545454545464,70.36363636363637,10.909090909090905
0.5200430284561539,0.0,8,none,medium,0.1062215477997021,49.074355083459785,8.968133535660089
0.47204302845613794,0.0,8,none,low,-5.316188870151771,9.78920741989882,5.105396290050591
0.501043028460155,1.0,8,none,medium,33.440285204991085,29.376114081996437,15.935828877005346
0.5400430284561606,0.0,8,none,medium,13.16702819956616,48.51409978308026,15.3470715835141
0.742043028456228,0.0,8,none,high,9.527156549520775,32.08945686900959,32.56230031948881
0.43804302846013404,1.0,8,none,medium,61.38847858197932,16.277695716395865,14.889217134416544
0.5460430284561626,0.0,8,none,low,45.83710407239818,6.979638009049774,21.14253393665158
0.7370430284562264,0.0,8,none,medium,2.462908011869437,37.47774480712166,15.014836795252224
0.5590430284561669,0.0,8,none,medium,-23.269230769230766,24.487179487179485,17.756410256410255
0.7650430284602432,1.0,8,none,low,9.718309859154926,2.464788732394366,52.74647887323944
0.7080430284562167,0.0,8,none,high,25.9347181008902,49.85163204747774,33.91691394658754
0.6650430284562023,0.0,8,none,medium,-11.318506751389991,4.670373312152502,75.9888800635425
0.4950430284601531,1.0,8,none,high,-59.70000000000001,10.15,69.85000000000001
0.4580430284601407,1.0,8,none,medium,-5.105263157894736,6.789473684210526,61.89473684210526
0.4770430284561396,0.0,8,none,low,-40.0,0.0,40.0
1.161043028456368,0.0,8,none,low,-4.447612259444048,15.331432644333573,9.77904490377762
0.5470430284601704,1.0,8,none,low,52.65607264472191,7.832009080590239,15.175936435868326
0.5810430284601817,1.0,8,none,medium,54.42244224422442,13.53135313531353,29.108910891089103
0.7850430284602499,1.0,8,none,low,31.16985376827897,8.233970753655793,7.064116985376828
0.604043028456182,0.0,8,none,high,55.0517836593786,67.5258918296893,12.474108170310696
1.3590430284604416,1.0,8,none,low,-6.050251256281406,6.974874371859297,13.025125628140705
0.7900430284562441,0.0,8,none,medium,12.254819782062029,43.35289186923722,11.098072087175188
0.6450430284561957,0.0,8,none,high,15.773420479302828,54.727668845315904,18.954248366013072
0.5110430284601584,1.0,8,none,low,29.36134453781513,22.260504201680675,12.899159663865545
0.45004302846013805,1.0,8,none,medium,4.553571428571424,8.638392857142854,64.08482142857143
0.543043028460169,1.0,8,none,low,19.25,4.875,25.625
1.4390430284564608,0.0,8,none,high,-43.9843137254902,18.007843137254895,61.9921568627451
0.5310430284561576,0.0,8,none,low,-3.6918604651162816,5.4360465116279055,29.127906976744185
0.5110430284561509,0.0,8,none,medium,-51.80555555555556,22.55555555555555,14.36111111111111
0.917043028460294,1.0,8,none,low,16.82,8.94,2.12
0.5230430284601624,1.0,8,none,low,30.0,30.0,0.0
0.5200430284601614,1.0,8,none,medium,-40.0,0.0,70.0
0.8910430284562778,0.0,8,none,medium,-11.423064567940896,1.71538708641182,73.1384516543527
0.6750430284602131,1.0,8,none,low,40.0,20.0,0.0
1.4760430284564732,0.0,8,none,low,-5.148148148148147,1.617283950617284,16.76543209876543
0.5790430284601811,1.0,8,none,low,17.941176470588232,6.985294117647058,9.044117647058822
0.7350430284562257,0.0,8,none,low,-14.968944099378882,3.354037267080744,8.322981366459627
0.640043028456194,0.0,8,none,medium,32.504761904761914,50.45714285714286,7.95238095238095
0.6990430284562137,0.0,8,none,low,-40.0,0.0,40.0
1.1860430284603838,1.0,8,none,high,38.4272997032641,54.21364985163205,15.786350148367946
0.736043028456226,0.0,8,none,low,-3.4193548387096726,58.25806451612903,1.677419354838709
0.8170430284602606,1.0,8,none,medium,5.16290726817042,1.516290726817042,76.35338345864662
1.2340430284563924,0.0,8,none,high,23.28320802005013,63.7218045112782,20.43859649122807
0.5730430284601791,1.0,8,none,medium,16.630434782608695,2.6630434782608696,66.03260869565217
0.631043028456191,0.0,8,none,high,56.76447876447877,77.6988416988417,10.934362934362928
0.4850430284561423,0.0,8,none,medium,5.72478991596639,58.89705882352941,3.172268907563024
0.9070430284562832,0.0,8,none,high,54.127906976744185,57.92635658914729,13.798449612403097
0.4850430284561423,0.0,8,none,low,7.334235453315296,31.556156968876863,4.221921515561568
0.6590430284562003,0.0,8,none,medium,19.973045822102428,53.315363881401616,3.342318059299191
0.9150430284602933,1.0,8,none,medium,10.572207084468666,5.5585831062670295,64.98637602179836
0.531043028460165,1.0,8,none,medium,4.476439790575913,4.450261780104712,69.9738219895288
0.4780430284601474,1.0,8,none,medium,41.15384615384615,5.115384615384615,43.96153846153845
0.46004302845613393,0.0,8,none,medium,1.0942249240121598,54.06281661600811,12.968591691995949
0.4040430284601227,1.0,8,none,low,5.759312320916905,3.151862464183381,27.39255014326648
0.4960430284601534,1.0,8,none,high,10.752551020408164,48.40136054421769,27.64880952380953
1.3860430284604506,1.0,8,none,low,28.43058350100604,21.911468812877263,13.480885311871225
0.5920430284601854,1.0,8,none,low,0.8535178777393302,5.213379469434832,44.3598615916955
0.5580430284561666,0.0,8,none,medium,-8.156808803301239,73.65887207702889,1.815680880330124
0.5470430284561629,0.0,8,none,medium,51.97203826342899,24.591611479028696,12.6195732155997
0.501043028460155,1.0,8,none,high,-5.186915887850461,50.88785046728973,26.074766355140184
0.6900430284562107,0.0,8,none,low,-21.581027667984188,12.27931488801054,13.860342555994729
0.634043028456192,0.0,8,none,medium,14.722222222222223,68.88888888888889,4.166666666666667
1.2510430284604055,1.0,8,none,high,58.63436123348018,56.27753303964758,17.643171806167402
0.9820430284603157,1.0,8,none,medium,65.75,35.25,9.5
0.6530430284602058,1.0,8,none,low,19.68350168350169,21.29292929292929,11.609427609427607
1.110043028456351,0.0,8,none,medium,-36.53846153846154,12.797202797202791,39.33566433566433
0.7750430284562391,0.0,8,none,low,22.60340632603406,8.150851581508515,5.547445255474452
1.34704302845643,0.0,8,none,high,16.401179941002955,32.743362831858406,36.342182890855455
0.5950430284601864,1.0,8,none,medium,47.93548387096774,19.483870967741936,31.54838709677419
0.7380430284602342,1.0,8,none,low,16.771653543307085,23.38582677165354,6.6141732283464565
0.7260430284562227,0.0,8,none,low,-45.52036199095022,10.859728506787327,16.380090497737555
1.0740430284603464,1.0,8,none,medium,-3.602771362586605,3.2794457274826785,66.88221709006928
0.5070430284561496,0.0,8,none,medium,-25.8957654723127,48.07817589576548,13.973941368078174
0.4420430284561279,0.0,8,none,medium,-8.0,48.0,16.0
0.9220430284602956,1.0,8,none,medium,70.0,30.0,0.0
0.6710430284602118,1.0,8,none,low,7.90436005625879,6.976090014064697,39.07172995780591
0.5440430284601694,1.0,8,none,low,45.43478260869565,7.919254658385093,12.48447204968944
0.7460430284562294,0.0,8,none,medium,-18.23429541595926,25.05942275042445,23.293718166383705
1.4360430284564598,0.0,8,none,high,55.75085324232082,72.4004550625711,6.649601820250284
1.359043028456434,0.0,8,none,high,-32.438162544169614,11.024734982332152,73.46289752650176
0.6390430284561937,0.0,8,none,low,2.092092092092095,33.67367367367368,1.581581581581581
0.5490430284601711,1.0,8,none,high,39.456,42.624,23.168000000000003
0.5260430284601634,1.0,8,none,medium,-16.009036144578317,10.662650602409636,36.67168674698795
1.9160430284566201,0.0,8,none,high,21.845536609829487,55.92276830491475,34.07723169508526
0.9190430284602946,1.0,8,none,medium,-13.12572087658593,10.749711649365628,43.87543252595156
0.6990430284562137,0.0,8,none,medium,-45.28813559322034,23.141242937853104,28.429378531073446
0.736043028456226,0.0,8,none,high,54.395365677045625,67.19768283852281,12.802317161477184
0.9310430284562912,0.0,8,none,low,1.6839803171131784,19.010388190267903,7.326407873154728
0.6290430284601978,1.0,8,none,low,29.84496124031008,7.968992248062015,8.124031007751936
0.7120430284602255,1.0,8,none,low,-20.0,0.0,30.0
0.959043028460308,1.0,8,none,medium,-60.0,0.0,40.0
0.9100430284562842,0.0,8,none,low,-4.730603448275863,10.829741379310343,25.560344827586206
0.6470430284561963,0.0,8,none,high,27.04495210022108,52.254974207811344,15.21002210759027
0.6760430284602135,1.0,8,none,low,-13.051224944320712,3.474387527839642,16.525612472160354
0.7310430284562244,0.0,8,none,low,-40.0,0.0,20.0
1.5260430284564899,0.0,8,none,low,-19.95348837209302,34.325581395348834,4.27906976744186
0.745043028456229,0.0,8,none,low,1.5900233826968029,13.538581449727202,21.9485580670304
0.5250430284561556,0.0,8,none,medium,5.138888888888893,58.44135802469136,3.3024691358024683
0.5180430284601607,1.0,8,none,medium,53.45977011494253,13.35632183908046,29.89655172413793
0.643043028456195,0.0,8,none,medium,-37.61658031088084,11.191709844559584,48.80829015544042
0.6270430284601971,1.0,8,none,medium,26.035353535353543,26.41414141414141,20.378787878787875
1.1180430284563536,0.0,8,none,medium,34.177215189873415,47.088607594936704,12.91139240506329
0.4970430284561463,0.0,8,none,medium,8.069815195071875,73.55236139630391,5.482546201232031
0.6600430284562007,0.0,8,none,high,60.0,80.0,0.0
0.4390430284601344,1.0,8,none,high,69.25,51.7,12.449999999999998
0.5490430284561636,0.0,8,none,medium,-55.65389696169089,30.9114927344782,6.565389696169088
1.3450430284604369,1.0,8,none,medium,20.56497175141243,15.169491525423728,34.6045197740113
0.46504302846014306,1.0,8,none,medium,12.699115044247788,2.52212389380531,59.823008849557525
0.4880430284561433,0.0,8,none,low,-11.702127659574469,13.72340425531915,5.425531914893616
0.4690430284601444,1.0,8,none,low,22.55813953488372,17.02325581395349,4.465116279069765
0.5970430284601871,1.0,8,none,medium,23.59208523592085,59.558599695586,5.966514459665144
0.6020430284561813,0.0,8,none,high,67.24665391969407,69.2925430210325,12.045889101338432
0.8770430284562731,0.0,8,none,low,-2.2869955156950663,7.085201793721973,19.37219730941704
0.7590430284602412,1.0,8,none,medium,44.616292798110976,22.384887839433294,17.768595041322314
1.049043028460338,1.0,8,none,high,49.88195615514333,27.65598650927487,27.774030354131536
1.4050430284564495,0.0,8,none,low,-1.4876033057851237,6.1707988980716255,27.65840220385675
0.6120430284561846,0.0,8,none,low,-7.201959716929778,11.399020141535113,18.60097985846489
0.6570430284561997,0.0,8,none,medium,-6.244897959183675,40.57142857142857,16.816326530612244
0.712043028456218,0.0,8,none,medium,-19.009009009009,63.89189189189189,2.9009009009009
0.5370430284561596,0.0,8,none,high,15.0,62.99999999999999,18.0
0.4330430284601324,1.0,8,none,medium,45.75129533678757,14.61139896373057,18.860103626943005
1.977043028460648,1.0,8,none,medium,-5.73578595317726,29.598662207357854,25.33444816053512
0.5670430284561696,0.0,8,none,high,-31.73913043478261,40.33444816053511,22.073578595317723
0.5040430284561486,0.0,8,none,low,-15.347368421052623,47.821052631578944,3.168421052631578
0.9740430284563055,0.0,8,none,high,41.07197549770292,40.42879019908116,29.35681470137825
0.5980430284601874,1.0,8,none,low,8.723660445514748,14.521372667068029,25.797712221553283
0.6360430284602001,1.0,8,none,high,8.26558265582656,14.850948509485097,56.58536585365854
0.7580430284562334,0.0,8,none,medium,-26.64179104477612,42.68656716417911,9.328358208955224
0.8710430284602786,1.0,8,none,medium,15.631578947368425,15.210526315789474,29.578947368421048
0.6210430284561876,0.0,8,none,high,5.2282157676348575,57.13692946058091,21.90871369294606
0.5420430284601687,1.0,8,none,low,5.516014234875445,7.758007117437722,2.241992882562277
1.1170430284563533,0.0,8,none,low,-24.291338582677167,10.472440944881887,14.763779527559056
0.5420430284561613,0.0,8,none,medium,-47.62803234501347,31.77897574123989,19.407008086253366
0.4330430284561249,0.0,8,none,medium,-18.425531914893615,30.08510638297873,28.510638297872344
0.6240430284561886,0.0,8,none,high,80.0,80.0,0.0
0.7770430284562397,0.0,8,none,high,-70.0,0.0,90.0
1.2610430284564014,0.0,8,none,high,11.574434918160565,50.78721745908028,39.21278254091972
0.5940430284561786,0.0,8,none,high,-20.13937282229965,18.397212543554,48.53658536585365
0.6110430284561843,0.0,8,none,medium,-10.0,46.66666666666666,6.666666666666666
0.5850430284601831,1.0,8,none,low,-16.319779462439698,2.453480358373534,8.773259820813232
0.6300430284561906,0.0,8,none,medium,-60.0,0.0,60.0
0.5650430284601764,1.0,8,none,low,70.0,10.0,0.0
0.48104302845614094,0.0,8,none,high,-13.992443324937028,40.23929471032745,44.231738035264485
0.6260430284561893,0.0,8,none,low,16.354166666666668,32.20238095238096,5.848214285714286
0.46304302845613493,0.0,8,none,low,-8.579654510556615,53.74280230326296,2.322456813819577
0.6530430284602058,1.0,8,none,medium,42.24913494809689,24.08304498269896,11.833910034602075
0.634043028456192,0.0,8,none,low,-60.0,0.0,10.0
0.586043028456176,0.0,8,none,high,32.41197183098592,64.80633802816901,22.394366197183096
0.6380430284561933,0.0,8,none,medium,-11.530172413793096,60.86206896551724,2.392241379310344
0.6300430284561906,0.0,8,none,low,-9.126984126984128,5.436507936507936,14.563492063492063
0.5750430284601797,1.0,8,none,medium,-10.0,0.0,80.0
0.7360430284602335,1.0,8,none,low,25.948158253751707,11.487039563437929,25.53888130968622
0.586043028456176,0.0,8,none,high,-36.18625277161863,26.96230598669623,33.148558758314856
0.6390430284602011,1.0,8,none,low,25.310344827586206,5.885057471264368,20.57471264367816
1.0290430284603314,1.0,8,none,medium,-30.0,0.0,80.0
0.5080430284601574,1.0,8,none,high,60.51597051597052,48.20638820638821,17.690417690417686
1.5470430284564969,0.0,8,none,low,20.0,10.0,0.0
1.2140430284563857,0.0,8,none,high,70.0,60.0,0.0
0.8930430284562785,0.0,8,none,high,32.16867469879517,44.69879518072289,32.53012048192771
0.6120430284601921,1.0,8,none,medium,-7.161500815660691,6.851549755301793,54.01305057096248
0.5200430284561539,0.0,8,none,medium,-3.384030418250948,61.29277566539925,4.67680608365019
0.7110430284562177,0.0,8,none,low,-40.0,0.0,30.0
1.7220430284565553,0.0,8,none,low,-20.0,0.0,30.0
0.6330430284561916,0.0,8,none,medium,-38.82183908045977,21.82471264367816,20.64655172413793
0.5140430284561519,0.0,8,none,medium,-59.81515711645102,13.456561922365983,33.271719038817004
0.5910430284601851,1.0,8,none,low,32.9296875,6.1328125,23.203125
0.5230430284601624,1.0,8,none,low,16.396396396396398,6.599099099099099,10.202702702702704
0.5760430284601801,1.0,8,none,high,-60.0,0.0,90.0
1.5290430284604983,1.0,8,none,low,-8.449612403100776,5.775193798449612,14.224806201550388
0.5420430284561613,0.0,8,none,medium,-90.0,0.0,20.0
0.6780430284562067,0.0,8,none,medium,-40.0,0.0,70.0
0.9480430284562968,0.0,8,none,low,-10.0,0.0,10.0
2.1050430284566835,0.0,8,none,high,17.005208333333332,46.848958333333336,19.84375
1.3120430284604259,1.0,8,none,medium,-30.0,0.0,80.0
0.9720430284603123,1.0,8,none,low,-2.558139534883722,6.976744186046512,19.534883720930235
0.9040430284562821,0.0,8,none,medium,30.0,80.0,0.0
0.7990430284562471,0.0,8,none,medium,-48.75336322869955,6.134529147982062,44.88789237668161
0.6920430284562114,0.0,8,none,high,-30.79019073569483,28.119891008174385,38.91008174386921
0.6890430284562103,0.0,8,none,low,-21.806615776081426,14.55470737913486,6.361323155216285
0.5710430284601784,1.0,8,none,low,11.010830324909747,7.003610108303249,5.992779783393502
1.4860430284564765,0.0,8,none,medium,20.948275862068968,27.088122605363985,16.13984674329502
0.5050430284561489,0.0,8,none,low,3.84005287508262,20.30403172504957,6.463978849966951
0.7860430284562427,0.0,8,none,low,-12.63250883392226,40.60070671378092,3.23321554770318
1.2160430284563863,0.0,8,none,low,-19.46360153256705,10.268199233716476,29.731800766283527
0.6570430284561997,0.0,8,none,medium,-28.857509627727865,34.09499358151476,22.95250320924262
0.8560430284562661,0.0,8,none,high,-55.385839299920455,11.583134447096256,76.9689737470167
0.44304302845612825,0.0,8,none,medium,20.0,90.0,0.0
0.5620430284601754,1.0,8,none,low,51.1219512195122,17.78048780487805,6.658536585365851
1.2280430284563904,0.0,8,none,high,-80.0,0.0,50.0
0.8110430284602586,1.0,8,none,low,-8.273244781783683,7.817836812144212,6.091081593927894
0.6130430284601924,1.0,8,none,high,0.7332796132151529,35.36663980660757,34.63336019339242
1.549043028460505,1.0,8,none,low,26.87687687687688,13.393393393393394,16.516516516516518
0.5740430284561719,0.0,8,none,medium,18.29373650107991,8.509719222462202,40.21598272138229
0.7490430284562304,0.0,8,none,high,-13.758290346352249,24.605747973470887,58.36403831982314
1.0900430284563443,0.0,8,none,high,-49.50672645739911,26.031390134529147,35.53811659192825
0.8170430284562531,0.0,8,none,high,-80.0,0.0,60.0
1.1470430284563633,0.0,8,none,low,-0.7635467980295569,4.6182266009852215,5.3817733990147785
1.1760430284603804,1.0,8,none,low,5.006821282401091,7.503410641200546,2.496589358799454
0.8150430284602599,1.0,8,none,medium,50.0,40.0,0.0
1.0170430284603273,1.0,8,none,medium,-40.0,0.0,70.0
1.9550430284566331,0.0,8,none,medium,-40.0,0.0,50.0
0.8040430284562488,0.0,8,none,high,-17.9837067209776,38.12627291242362,46.10997963340122
1.1240430284563556,0.0,8,none,medium,30.0,70.0,0.0
0.8170430284562531,0.0,8,none,low,-5.203252032520325,14.878048780487804,10.081300813008127
0.5580430284561666,0.0,8,none,low,-10.836575875486378,42.14007782101167,2.9766536964980537
0.9860430284563095,0.0,8,none,medium,-30.0,0.0,60.0
0.6130430284601924,1.0,8,none,low,-40.0,0.0,40.0
0.646043028456196,0.0,8,none,high,52.85302593659942,70.85494716618636,8.001921229586936
1.1500430284603718,1.0,8,none,medium,-46.28673196794301,7.479964381121994,43.766696349065
1.9380430284566275,0.0,8,none,high,31.0806577916993,50.54032889584965,19.45967110415035
0.7530430284562317,0.0,8,none,low,11.267252195734002,15.633626097867,4.366373902132998
1.441043028460469,1.0,8,none,low,21.125319693094628,13.70843989769821,12.58312020460358
0.5620430284561679,0.0,8,none,high,80.0,70.0,0.0
1.2430430284604028,1.0,8,none,high,-28.825561312607952,18.01381692573402,66.83937823834198
0.8860430284562761,0.0,8,none,high,90.0,80.0,0.0
0.733043028456225,0.0,8,none,low,-13.151750972762644,17.898832684824903,11.050583657587548
0.6030430284601891,1.0,8,none,medium,55.89928057553957,21.47482014388489,25.575539568345324
0.9900430284603183,1.0,8,none,low,50.0,20.0,0.0
0.5510430284561643,0.0,8,none,high,40.0,90.0,0.0
0.908043028460291,1.0,8,none,medium,60.0,30.0,0.0
0.592043028456178,0.0,8,none,medium,14.519230769230768,24.23076923076923,19.71153846153846
1.5760430284565066,0.0,8,none,low,1.5355086372360844,14.35700575815739,2.8214971209213053
0.6140430284561853,0.0,8,none,medium,-35.3932584269663,16.40449438202247,21.797752808988765
0.8530430284602726,1.0,8,none,low,21.52619589977221,25.763097949886102,4.236902050113894
0.6120430284561846,0.0,8,none,low,-5.131086142322097,18.651685393258425,3.782771535580524
0.6030430284561816,0.0,8,none,low,-40.0,0.0,40.0
1.089043028456344,0.0,8,none,low,11.844262295081966,9.098360655737704,27.25409836065574
1.0780430284563403,0.0,8,none,high,6.634078212290511,30.75418994413408,34.12011173184357
0.6500430284561973,0.0,8,none,high,35.765230312035655,70.74294205052006,14.977711738484398
0.5960430284561793,0.0,8,none,medium,-54.94117647058824,22.274509803921568,7.215686274509804
0.6170430284561863,0.0,8,none,high,34.36095054592165,65.83815028901735,21.477199743095696
0.8260430284602636,1.0,8,none,low,13.73010821133036,5.93252705283259,12.202418841502228
1.056043028456333,0.0,8,none,medium,5.863636363636363,43.90909090909091,8.045454545454545
0.6540430284561987,0.0,8,none,medium,-47.1900826446281,15.96694214876033,23.15702479338843
0.8260430284562561,0.0,8,none,low,-20.0,0.0,40.0
1.423043028460463,1.0,8,none,medium,46.21346886912325,14.7141041931385,18.50063532401524
0.5590430284601744,1.0,8,none,low,32.75862068965517,5.344827586206896,32.58620689655172
0.7780430284562401,0.0,8,none,medium,-90.0,0.0,10.0
0.46204302846014206,1.0,8,none,low,10.0,40.0,0.0
0.4410430284561276,0.0,8,none,high,17.245283018867926,68.9433962264151,11.69811320754717
0.9480430284562968,0.0,8,none,medium,36.03053435114504,25.34351145038168,29.31297709923664
0.7750430284602465,1.0,8,none,low,50.0,10.0,0.0
0.49304302845614495,0.0,8,none,medium,-1.0489510489510463,66.7132867132867,7.762237762237761
1.1350430284603668,1.0,8,none,medium,60.0,40.0,0.0
0.6920430284602188,1.0,8,none,high,50.0,80.0,0.0
0.6870430284562097,0.0,8,none,medium,30.0,60.0,0.0
1.2410430284604022,1.0,8,none,high,41.26946107784431,25.005988023952096,33.73652694610778
1.1740430284603798,1.0,8,none,high,37.391304347826086,41.73913043478261,24.34782608695652
0.5930430284601858,1.0,8,none,low,37.245657568238215,6.74937965260546,19.503722084367247
0.5530430284601724,1.0,8,none,high,9.895678092399404,29.95529061102832,40.05961251862892
0.6290430284561903,0.0,8,none,medium,-3.701923076923073,67.82051282051282,1.522435897435897
0.47304302846014573,1.0,8,none,low,-36.99443413729128,17.25417439703154,14.24860853432282
0.9940430284563122,0.0,8,none,low,-8.559077809798268,16.080691642651296,4.639769452449567
0.9040430284602896,1.0,8,none,high,3.698630136986303,51.50684931506849,17.80821917808219
0.4540430284561319,0.0,8,none,high,-65.70093457943926,16.822429906542048,32.523364485981304
1.1290430284563573,0.0,8,none,low,-42.46879334257975,13.148404993065189,15.617198335644938
0.5410430284561609,0.0,8,none,medium,-59.3048128342246,18.39572192513369,7.700534759358288
0.9870430284563099,0.0,8,none,high,-44.58607095926413,25.545335085413925,50.13140604467805
2.391043028456779,0.0,8,none,high,-80.0,0.0,90.0
0.7220430284602288,1.0,8,none,medium,23.279742765273312,21.09324758842444,37.81350482315112
0.6000430284561806,0.0,8,none,low,-6.937669376693765,26.44986449864499,3.387533875338753
0.7140430284562187,0.0,8,none,medium,-11.867612293144209,49.550827423167846,11.418439716312056
0.673043028456205,0.0,8,none,low,20.0,60.0,0.0
0.4070430284601237,1.0,8,none,low,28.277153558052436,5.468164794007491,27.19101123595505
1.374043028456439,0.0,8,none,high,-5.22821576763485,42.385892116182575,47.61410788381743
0.7230430284562217,0.0,8,none,low,7.331975560081467,27.04684317718941,9.714867617107942
0.5520430284561646,0.0,8,none,medium,-10.714285714285715,46.11111111111111,6.825396825396826
0.9120430284562848,0.0,8,none,low,-10.0,0.0,40.0
0.7390430284602345,1.0,8,none,medium,37.91666666666667,28.333333333333336,20.416666666666668
0.6990430284562137,0.0,8,none,medium,30.0,80.0,0.0
0.6880430284602175,1.0,8,none,low,1.7281553398058236,2.932038834951456,21.203883495145632
0.5850430284601831,1.0,8,none,medium,70.0,40.0,0.0
0.8060430284602569,1.0,8,none,low,-1.8440779610194904,5.187406296851575,37.03148425787106
0.5400430284561606,0.0,8,none,medium,-39.21119592875319,19.59287531806616,28.80407124681934
0.9020430284562815,0.0,8,none,medium,-9.45975744211687,25.270121278941563,34.729878721058434
0.6510430284561977,0.0,8,none,medium,-6.956521739130439,2.8985507246376803,59.85507246376812
0.5726612077996246,0.0,10,none,medium,-69.79502196193266,18.18448023426061,7.979502196193265
1.0036612077997686,0.0,10,none,low,-1.4577259475218662,12.361516034985424,3.8192419825072887
0.630661207799644,0.0,10,none,low,-4.072164948453604,47.93814432989691,2.010309278350515
1.1226612077998084,0.0,10,none,low,14.782608695652174,17.391304347826086,2.608695652173912
1.0426612077997817,0.0,10,none,low,-6.9958158995815865,16.502092050209207,23.497907949790797
0.5416612077996142,0.0,10,none,medium,1.9764011799410035,50.38348082595871,8.4070796460177
0.8866612078037369,1.0,10,none,low,1.161616161616159,1.594516594516594,50.43290043290044
0.64866120779965,0.0,10,none,low,-8.728222996515676,25.01742160278745,3.745644599303135
0.6296612077996436,0.0,10,none,low,-17.751605995717345,45.71734475374733,3.468950749464668
1.1666612078038305,1.0,10,none,low,-20.0,0.0,60.0
2.339661207800215,0.0,10,none,medium,-40.0,0.0,60.0
1.3606612078038953,1.0,10,none,low,8.23463687150838,8.067039106145252,29.832402234636877
1.479661207803935,1.0,10,none,low,14.98559077809798,27.49279538904899,12.507204610951009
0.8066612078037102,1.0,10,none,medium,-30.0,0.0,90.0
0.9286612078037509,1.0,10,none,low,56.6524064171123,8.331550802139038,11.679144385026731
1.6186612078039815,1.0,10,none,high,13.757225433526015,41.87861271676301,28.12138728323699
0.5516612077996176,0.0,10,none,high,-2.299065420560744,46.42990654205608,38.72897196261682
1.2996612077998675,0.0,10,none,high,-66.77074041034791,14.93309545049063,41.70383586083854
0.9116612078037453,1.0,10,none,medium,7.257240204429298,12.4190800681431,35.1618398637138
0.8236612078037159,1.0,10,none,medium,-10.0,0.0,80.0
0.5466612077996159,0.0,10,none,high,-37.100917431192656,10.568807339449542,57.669724770642205
0.5476612077996162,0.0,10,none,low,-0.066921606118548,13.2887189292543,3.3556405353728493
0.95566120780376,1.0,10,none,low,-10.0,0.0,70.0
0.7506612078036915,1.0,10,none,high,41.19047619047619,40.47619047619048,29.28571428571429
0.8296612078037179,1.0,10,none,medium,35.4739336492891,30.189573459715643,14.71563981042654
1.389661207803905,1.0,10,none,medium,26.37627432808156,51.82576459684893,5.449490268767376
0.5736612077996249,0.0,10,none,high,50.0,80.0,0.0
0.5636612077996216,0.0,10,none,low,30.0,40.0,0.0
0.5626612077996213,0.0,10,none,low,37.673913043478265,16.47826086956522,8.804347826086955
1.9426612078040897,1.0,10,none,high,1.8908122503328852,43.67509986684421,31.78428761651132
0.9036612078037426,1.0,10,none,high,6.802120141342762,40.84805653710247,44.04593639575971
2.173661207804167,1.0,10,none,high,9.095966620305989,59.45757997218359,20.361613351877605
0.8936612078037393,1.0,10,none,medium,22.73764258555133,20.91254752851711,38.174904942965775
1.2056612078038436,1.0,10,none,high,67.33695652173914,78.66847826086956,11.331521739130428
0.6466612077996493,0.0,10,none,high,15.106888361045137,54.34679334916865,19.239904988123516
2.666661207800324,0.0,10,none,medium,4.3359375,47.3046875,12.96875
0.5446612077996152,0.0,10,none,medium,-90.0,0.0,20.0
0.5996612077996336,0.0,10,none,low,3.5595105672969973,15.706340378197998,2.146829810901001
0.7406612077996807,0.0,10,none,low,18.98776418242492,15.595105672969966,6.607341490545048
1.3486612078038913,1.0,10,none,high,-28.549618320610687,36.87022900763358,35.41984732824427
1.193661207799832,0.0,10,none,medium,-32.160493827160494,15.185185185185183,37.34567901234568
0.621661207799641,0.0,10,none,high,-60.0,0.0,70.0
1.395661207803907,1.0,10,none,high,15.384615384615383,32.30769230769231,36.92307692307692
1.000661207803775,1.0,10,none,high,-60.0,0.0,90.0
0.5536612077996182,0.0,10,none,medium,38.19368131868132,28.43406593406593,20.240384615384617
0.5576612077996196,0.0,10,none,low,-3.0500758725341437,20.212443095599397,3.262518968133536
1.175661207799826,0.0,10,none,low,-10.0,0.0,30.0
1.5726612078039661,1.0,10,none,low,30.0,30.0,0.0
0.5906612077996306,0.0,10,none,high,-6.205882352941181,45.41176470588235,21.61764705882353
1.7306612078040189,1.0,10,none,high,-80.0,0.0,80.0
0.6526612077996513,0.0,10,none,medium,27.18120805369128,56.68903803131991,9.507829977628637
0.6896612077996637,0.0,10,none,low,-60.0,0.0,10.0
1.2226612078038492,1.0,10,none,medium,29.585308056872044,11.018957345971565,31.433649289099527
0.5396612077996136,0.0,10,none,low,-10.0,0.0,50.0
0.624661207799642,0.0,10,none,medium,-80.0,0.0,40.0
0.609661207799637,0.0,10,none,medium,-39.00153609831029,45.89861751152073,4.900153609831029
0.9656612078037633,1.0,10,none,high,80.0,90.0,0.0
0.8896612078037379,1.0,10,none,low,33.001555209953345,6.14307931570762,23.141524105754275
1.3016612078038756,1.0,10,none,medium,40.417193426042985,21.12515802781289,20.707964601769905
0.9206612078037483,1.0,10,none,high,58.52865697177075,30.31650983746792,21.78785286569717
0.6476612077996496,0.0,10,none,medium,-60.0,0.0,40.0
0.672661207799658,0.0,10,none,low,-10.0,0.0,20.0
0.9656612078037633,1.0,10,none,low,1.0232558139534902,20.511627906976745,19.48837209302325
0.8096612078037112,1.0,10,none,low,-10.0,0.0,70.0
0.9786612078037676,1.0,10,none,low,-20.0,0.0,30.0
1.1436612078038229,1.0,10,none,medium,5.944055944055947,20.41958041958042,24.475524475524477
1.0246612078037831,1.0,10,none,medium,25.64356435643564,3.96039603960396,48.31683168316832
0.5976612077996329,0.0,10,none,low,-0.3100775193798455,4.844961240310077,5.155038759689923
1.0366612077997797,0.0,10,none,medium,-22.10645526613817,55.54926387315969,7.655719139297848
0.7796612077996937,0.0,10,none,medium,-10.575959933222032,64.98330550918197,5.559265442404006
0.9016612077997345,0.0,10,none,medium,-33.60480640854472,46.1415220293725,9.746328437917224
0.6476612077996496,0.0,10,none,low,13.524475524475529,16.32167832167832,22.7972027972028
0.6326612077996446,0.0,10,none,medium,-90.0,0.0,10.0
1.1326612077998117,0.0,10,none,low,-30.0,0.0,10.0
0.5576612077996196,0.0,10,none,medium,-80.0,0.0,10.0
0.5856612077996289,0.0,10,none,low,-10.0,0.0,70.0
0.8956612078037399,1.0,10,none,medium,-10.0,0.0,80.0
2.283661207800196,0.0,10,none,low,-20.0,0.0,30.0
0.702661207799668,0.0,10,none,low,-30.0,0.0,20.0
1.7926612078000321,0.0,10,none,medium,-15.827814569536423,55.629139072847686,11.456953642384104
0.5706612077996239,0.0,10,none,low,-70.0,0.0,10.0
0.5586612077996199,0.0,10,none,high,-40.0,0.0,90.0
0.8266612078037169,1.0,10,none,medium,-30.0,0.0,60.0
0.7556612078036932,1.0,10,none,medium,-20.0,0.0,90.0
0.6086612077996366,0.0,10,none,medium,-40.0,0.0,70.0
0.7916612077996977,0.0,10,none,medium,20.987202925045708,20.329067641681903,39.3418647166362
0.5446612077996152,0.0,10,none,low,-30.0,0.0,10.0
0.5486612077996166,0.0,10,none,high,-90.0,0.0,40.0
1.3126612078038793,1.0,10,none,high,-70.0,0.0,80.0
0.9626612077997548,0.0,10,none,high,-90.0,0.0,50.0
0.9486612078037576,1.0,10,none,medium,-30.0,0.0,80.0
0.7226612077996747,0.0,10,none,low,-30.0,0.0,20.0
0.645661207799649,0.0,10,none,low,-24.63022508038585,26.52733118971061,11.157556270096462
0.5486612077996166,0.0,10,none,medium,-30.0,0.0,80.0
1.3076612078038776,1.0,10,none,low,-10.0,0.0,40.0
0.943661207803756,1.0,10,none,low,-20.0,0.0,40.0
0.6046612077996353,0.0,10,none,medium,-60.0,0.0,50.0
0.624661207799642,0.0,10,none,medium,-80.0,0.0,20.0
0.7726612077996914,0.0,10,none,low,-30.0,0.0,20.0
1.0536612078037928,1.0,10,none,medium,-30.0,0.0,60.0
0.7246612078036828,1.0,10,none,low,-20.0,0.0,60.0
1.1056612078038102,1.0,10,none,high,-70.0,0.0,90.0
1.9526612078000856,0.0,10,none,medium,-23.136622861393494,32.80436399702455,15.94098685841805
0.7646612078036962,1.0,10,none,medium,57.9245283018868,7.547169811320755,19.62264150943396
0.5326612077996112,0.0,10,none,low,-10.0,0.0,10.0
1.0856612078038035,1.0,10,none,high,-60.0,0.0,90.0
0.5496612077996169,0.0,10,none,low,-40.0,0.0,10.0
0.8366612078037202,1.0,10,none,medium,-20.0,0.0,70.0
1.0386612078037878,1.0,10,none,low,-10.0,0.0,40.0
0.8016612078037085,1.0,10,none,medium,-30.0,0.0,90.0
0.8886612077997301,0.0,10,none,medium,-70.0,0.0,40.0
0.6266612077996426,0.0,10,none,low,-30.0,0.0,30.0
0.5846612077996286,0.0,10,none,high,-90.0,0.0,90.0
0.5676612077996229,0.0,10,none,low,-20.0,0.0,30.0
0.8256612078037165,1.0,10,none,medium,-30.0,0.0,60.0
2.168661207804165,1.0,10,none,low,-20.0,0.0,20.0
0.6296612077996436,0.0,10,none,low,-30.0,0.0,20.0
0.8466612077997161,0.0,10,none,medium,-70.0,0.0,40.0
0.7006612077996673,0.0,10,none,low,5.857519788918207,17.928759894459105,12.071240105540898
0.5536612077996182,0.0,10,none,medium,-60.0,0.0,40.0
0.630661207799644,0.0,10,none,low,-20.0,0.0,40.0
0.5686612077996233,0.0,10,none,high,-80.0,0.0,90.0
0.5946612077996319,0.0,10,none,medium,5.0847457627118615,32.54237288135593,27.45762711864407
0.7766612078037002,1.0,10,none,high,-40.0,0.0,90.0
0.5996612077996336,0.0,10,none,low,-40.0,0.0,30.0
0.5446612077996152,0.0,10,none,medium,-80.0,0.0,20.0
0.5566612077996193,0.0,10,none,low,-30.0,0.0,30.0
1.218661207803848,1.0,10,none,low,-10.0,0.0,20.0
0.636661207799646,0.0,10,none,low,-36.48801128349788,29.32299012693935,5.811001410437235
0.7596612078036945,1.0,10,none,high,-60.0,0.0,90.0
0.699661207799667,0.0,10,none,medium,-40.0,0.0,50.0
1.0336612078037861,1.0,10,none,low,-10.0,0.0,30.0
0.7516612078036918,1.0,10,none,medium,-20.0,0.0,90.0
0.7226612078036821,1.0,10,none,medium,-20.0,0.0,90.0
0.609661207799637,0.0,10,none,high,-60.0,0.0,80.0
1.7676612078040312,1.0,10,none,high,-80.0,0.0,80.0
0.5336612077996116,0.0,10,none,medium,-70.0,0.0,20.0
2.202661207800169,0.0,10,none,low,10.0,40.0,0.0
0.6836612077996617,0.0,10,none,high,-90.0,0.0,80.0
0.5876612077996296,0.0,10,none,medium,-80.0,0.0,30.0
0.5506612077996172,0.0,10,none,high,-90.0,0.0,60.0
1.0876612078038042,1.0,10,none,low,-10.0,0.0,30.0
2.1926612078001657,0.0,10,none,medium,-70.0,0.0,50.0
0.5716612077996243,0.0,10,none,medium,-90.0,0.0,10.0
0.5416612077996142,0.0,10,none,high,-70.0,0.0,70.0
0.6986612077996667,0.0,10,none,high,-90.0,0.0,40.0
0.5656612077996223,0.0,10,none,low,-30.0,0.0,30.0
0.714661207799672,0.0,10,none,high,-90.0,0.0,50.0
0.6596612077996536,0.0,10,none,low,-40.0,0.0,10.0
0.8956612078037399,1.0,10,none,medium,90.0,10.0,0.0
1.0316612078037855,1.0,10,none,low,10.0,30.0,0.0
0.7706612077996907,0.0,10,none,medium,-31.96969696969697,26.62121212121212,18.590909090909093
0.5636612077996216,0.0,10,none,high,-21.618122977346275,26.05177993527508,37.66990291262136
0.9686612078037643,1.0,10,none,high,-70.0,0.0,90.0
0.5576612077996196,0.0,10,none,low,-27.67441860465116,27.707641196013288,5.382059800664452
0.7046612077996687,0.0,10,none,high,-80.0,0.0,50.0
0.5586612077996199,0.0,10,none,low,-40.0,0.0,20.0
1.2476612078038576,1.0,10,none,high,-80.0,0.0,90.0
0.988661207803771,1.0,10,none,medium,-40.0,0.0,70.0
0.6986612077996667,0.0,10,none,medium,-70.0,0.0,50.0
0.6496612077996503,0.0,10,none,medium,-40.0,0.0,50.0
0.762661207799688,0.0,10,none,low,-40.0,0.0,20.0
0.8036612078037092,1.0,10,none,medium,-20.0,0.0,80.0
0.5686612077996233,0.0,10,none,high,-70.0,0.0,90.0
1.012661207803779,1.0,10,none,medium,53.72549019607843,6.372549019607843,32.64705882352941
0.6086612077996366,0.0,10,none,high,-10.712589073634206,31.923990498812348,32.63657957244656
0.8206612078037149,1.0,10,none,medium,29.71337579617834,17.914012738853504,28.20063694267516
0.5656612077996223,0.0,10,none,medium,-80.0,0.0,30.0
0.5456612077996156,0.0,10,none,medium,-70.0,0.0,50.0
0.5966612077996326,0.0,10,none,low,-70.0,0.0,10.0
0.5666612077996226,0.0,10,none,low,-20.0,0.0,10.0
0.5616612077996209,0.0,10,none,medium,-90.0,0.0,10.0
0.5606612077996206,0.0,10,none,low,-70.0,0.0,10.0
0.5616612077996209,0.0,10,none,medium,-70.0,0.0,30.0
0.7736612077996917,0.0,10,none,medium,-60.0,0.0,60.0
1.3826612078039027,1.0,10,none,high,-90.0,0.0,90.0
0.5566612077996193,0.0,10,none,medium,-80.0,0.0,10.0
0.5656612077996223,0.0,10,none,high,-90.0,0.0,70.0
1.0586612078037945,1.0,10,none,low,22.5984251968504,5.433070866141732,22.83464566929134
1.3556612078038937,1.0,10,none,high,-80.0,0.0,80.0
2.228661207804185,1.0,10,none,high,-70.0,0.0,60.0
1.6816612078040025,1.0,10,none,high,-60.0,0.0,90.0
1.4756612078039337,1.0,10,none,low,-30.0,0.0,40.0
0.5476612077996162,0.0,10,none,high,-80.0,0.0,60.0
0.5716612077996243,0.0,10,none,low,-20.0,0.0,60.0
1.1896612077998308,0.0,10,none,high,-90.0,0.0,50.0
0.5386612077996132,0.0,10,none,low,-12.961641391614627,15.450490633363067,18.412132024977694
0.5496612077996169,0.0,10,none,medium,-40.0,0.0,70.0
0.952661207803759,1.0,10,none,medium,-10.0,0.0,80.0
0.8376612077997131,0.0,10,none,low,-20.0,0.0,20.0
1.1356612078038202,1.0,10,none,medium,-10.0,0.0,90.0
2.560661207804296,1.0,10,none,low,-10.0,0.0,40.0
0.95566120780376,1.0,10,none,medium,-40.0,0.0,70.0
1.0426612078037891,1.0,10,none,low,-30.0,0.0,50.0
1.1896612078038382,1.0,10,none,low,-20.0,0.0,20.0
1.8286612078040516,1.0,10,none,medium,-40.0,0.0,60.0
0.5486612077996166,0.0,10,none,low,-40.0,0.0,20.0
0.5626612077996213,0.0,10,none,high,35.66820276497697,62.83410138248848,27.16589861751152
0.5926612077996313,0.0,10,none,medium,-20.0,0.0,90.0
1.1586612078038279,1.0,10,none,high,-70.0,0.0,90.0
0.8386612078037209,1.0,10,none,medium,-20.0,0.0,80.0
0.600661207799634,0.0,10,none,medium,-60.0,0.0,30.0
2.435661207800247,0.0,10,none,high,-90.0,0.0,70.0
0.9756612078037666,1.0,10,none,low,40.0,10.0,0.0
0.8396612077997138,0.0,10,none,low,0.9332191780821936,23.390410958904116,12.45719178082192
0.7616612077996877,0.0,10,none,medium,-60.0,0.0,60.0
0.5866612077996293,0.0,10,none,medium,-60.0,0.0,50.0
0.5346612077996119,0.0,10,none,medium,-90.0,0.0,30.0
0.5566612077996193,0.0,10,none,low,-10.0,0.0,30.0
0.7226612077996747,0.0,10,none,high,-90.0,0.0,40.0
0.5476612077996162,0.0,10,none,medium,-30.0,0.0,80.0
1.0826612078038025,1.0,10,none,high,-70.0,0.0,80.0
0.9956612078037733,1.0,10,none,low,-10.0,0.0,50.0
0.8406612077997141,0.0,10,none,low,-30.0,0.0,20.0
1.2806612078038686,1.0,10,none,high,-60.0,0.0,80.0
0.5386612077996132,0.0,10,none,high,-90.0,0.0,40.0
0.9716612078037653,1.0,10,none,medium,-30.0,0.0,90.0
0.8986612078037409,1.0,10,none,low,-20.0,0.0,50.0
0.6176612077996396,0.0,10,none,low,-10.0,0.0,10.0
0.5606612077996206,0.0,10,none,medium,-20.0,0.0,70.0
1.0946612078038065,1.0,10,none,low,-10.0,0.0,60.0
1.1046612078038098,1.0,10,none,high,-80.0,0.0,60.0
0.5606612077996206,0.0,10,none,low,-60.0,0.0,20.0
0.5676612077996229,0.0,10,none,low,-30.0,0.0,50.0
0.6086612077996366,0.0,10,none,low,-10.0,0.0,60.0
0.988661207803771,1.0,10,none,medium,-20.0,0.0,80.0
0.5956612077996323,0.0,10,none,high,-40.0,0.0,90.0
0.98566120780377,1.0,10,none,low,-20.0,0.0,50.0
0.5906612077996306,0.0,10,none,medium,-80.0,0.0,10.0
0.753661207799685,0.0,10,none,medium,-70.0,0.0,20.0
1.5196612078039484,1.0,10,none,low,-10.0,0.0,30.0
1.3456612078038903,1.0,10,none,high,-70.0,0.0,60.0
0.934661207803753,1.0,10,none,medium,-20.0,0.0,90.0
0.5786612077996266,0.0,10,none,medium,-60.0,0.0,30.0
0.615661207799639,0.0,10,none,medium,-70.0,0.0,20.0
1.0536612078037928,1.0,10,none,high,-70.0,0.0,80.0
0.5926612077996313,0.0,10,none,high,-80.0,0.0,50.0
1.3846612078039033,1.0,10,none,high,-70.0,0.0,70.0
0.630661207799644,0.0,10,none,high,-80.0,0.0,70.0
0.6686612077996567,0.0,10,none,low,-10.0,0.0,20.0
1.1886612078038379,1.0,10,none,medium,-40.0,0.0,60.0
1.1586612078038279,1.0,10,none,high,-70.0,0.0,60.0
0.5656612077996223,0.0,10,none,medium,-80.0,0.0,10.0
0.4884369625985,0.0,11,none,high,-8.080070134424318,43.369374634716536,41.44944476914085
0.470436962598494,0.0,11,none,medium,-57.84466019417475,24.116504854368927,21.961165048543688
0.45443696259848865,0.0,11,none,high,0.3225806451612882,58.064516129032256,17.741935483870968
0.5974369625985364,0.0,11,none,low,-54.618362831858406,4.612831858407078,9.231194690265486
0.48643696259849933,0.0,11,none,high,-22.8,20.65,63.45
0.47543696259849566,0.0,11,none,low,3.104279686558167,6.552139843279083,3.447860156720916
0.5284369626025208,1.0,11,none,medium,39.8105548037889,19.03924221921516,29.22868741542625
0.6114369626025485,1.0,11,none,medium,36.80851063829788,16.70212765957447,39.89361702127659
0.47843696259849666,0.0,11,none,low,-5.646100116414432,46.58905704307335,2.235157159487776
0.446436962598486,0.0,11,none,high,-0.05540166204986,47.61772853185596,37.67313019390582
0.7114369626025819,1.0,11,none,high,27.402912621359228,57.28155339805825,19.878640776699022
0.4534369625984883,0.0,11,none,medium,-41.35294117647058,34.35294117647059,5.705882352941176
0.4954369626025098,1.0,11,none,high,41.55607751027598,40.62243100411039,29.0663534938344
0.449436962598487,0.0,11,none,low,15.01208702659146,22.50604351329573,7.49395648670427
0.5474369626025272,1.0,11,none,low,24.64682363394047,14.882274544646824,10.235450910706351
0.7904369626026083,1.0,11,none,low,4.204510349088661,9.681804139635464,15.4772937905468
0.49043696259850067,0.0,11,none,high,44.37888198757764,66.33540372670807,11.95652173913043
0.6004369625985374,0.0,11,none,medium,15.79894973743436,37.89947486871718,22.10052513128282
0.452436962598488,0.0,11,none,low,9.82620320855615,19.91310160427808,10.086898395721926
0.5164369625985094,0.0,11,none,high,60.36137071651092,70.18068535825546,9.819314641744544
0.5014369625985043,0.0,11,none,low,41.75235646958012,17.643530419880033,5.89117395029991
0.497436962598503,0.0,11,none,high,-4.2488262910798085,43.286384976525824,27.535211267605632
0.5444369626025262,1.0,11,none,high,53.83478844862324,45.5339153794493,21.69912693082605
0.7674369625985932,0.0,11,none,low,22.63799283154122,22.55913978494624,9.921146953405016
0.4504369625984873,0.0,11,none,high,-48.493364558938325,28.735362997658083,27.228727556596407
0.5624369625985247,0.0,11,none,low,-40.50165016501651,16.71287128712871,7.214521452145215
0.5054369625985057,0.0,11,none,low,4.931192660550458,4.977064220183486,10.045871559633028
0.6744369626025696,1.0,11,none,medium,80.3654485049834,9.03654485049834,8.67109634551495
0.6144369626025495,1.0,11,none,high,22.29897463572585,19.168915272531027,46.86994063680518
0.5554369625985224,0.0,11,none,low,1.3562970936490863,5.678148546824543,4.321851453175457
0.5874369626025405,1.0,11,none,medium,61.10344827586207,7.900383141762452,16.796934865900383
0.5504369625985207,0.0,11,none,medium,-3.8812785388127855,16.052765093860984,29.934043632673767
0.6914369625985678,0.0,11,none,medium,-22.94540229885057,32.93821839080459,15.883620689655173
0.515436962598509,0.0,11,none,low,-3.3703703703703702,29.303703703703704,2.674074074074074
0.45843696259849,0.0,11,none,low,-7.15939447907391,13.704363312555657,10.863757791629563
0.5404369625985174,0.0,11,none,high,-14.66862170087976,52.1524926686217,16.821114369501466
0.4744369626025028,1.0,11,none,medium,33.21167883211679,18.96350364963504,25.751824817518248
0.4684369625984933,0.0,11,none,high,-57.59036144578314,20.83476764199656,38.425129087779695
0.45443696259848865,0.0,11,none,medium,-5.542168674698797,12.53012048192771,48.0722891566265
0.7454369626025933,1.0,11,none,medium,48.94214876033058,19.73553719008265,30.793388429752067
0.5874369625985331,0.0,11,none,medium,32.53442340791739,32.23752151462995,9.70309810671256
0.5264369625985127,0.0,11,none,medium,-38.54383358098069,27.637444279346205,26.18127786032689
0.7604369626025983,1.0,11,none,low,12.23168654173765,8.057921635434411,35.82623509369676
0.4744369626025028,1.0,11,none,medium,40.89449541284404,13.53211009174312,22.63761467889908
0.554436962598522,0.0,11,none,high,-38.97169811320755,16.707547169811313,45.67924528301887
0.4684369625984933,0.0,11,none,high,-36.83018867924528,26.56603773584905,33.39622641509434
0.43743696259848297,0.0,11,none,medium,-32.08596713021492,38.33122629582806,10.417193426042983
0.470436962598494,0.0,11,none,high,-25.756097560975604,38.54634146341463,34.30243902439024
0.6044369626025462,1.0,11,none,low,17.78409090909091,15.113636363636363,7.329545454545454
0.6184369625985434,0.0,11,none,medium,-19.073055773762768,9.30086410054988,38.37391987431265
0.452436962598488,0.0,11,none,high,-0.5574136008918558,45.39576365663322,25.95317725752508
0.5854369625985324,0.0,11,none,medium,-30.591672753834917,16.0409057706355,36.63257852447042
0.5554369625985224,0.0,11,none,low,-7.442196531791907,9.667630057803468,27.10982658959537
0.5404369625985174,0.0,11,none,low,3.518312985571585,1.9311875693673688,48.41287458379578
0.6554369626025632,1.0,11,none,medium,24.23670668953688,25.694682675814757,21.45797598627787
0.452436962598488,0.0,11,none,low,-12.286902286902286,8.856548856548855,21.14345114345114
0.6074369626025472,1.0,11,none,medium,35.10532837670385,27.31102850061958,22.205700123915733
0.5754369626025365,1.0,11,none,low,54.04870624048706,8.006088280060883,13.95738203957382
0.5114369626025151,1.0,11,none,medium,63.101104502973655,8.12234494477485,15.021240441801185
0.45443696259848865,0.0,11,none,medium,-9.87795575896262,10.953470633104502,50.83142639206712
0.5104369625985073,0.0,11,none,low,-26.702127659574472,10.638297872340424,7.340425531914894
0.482436962598498,0.0,11,none,high,61.27147766323024,57.43127147766323,16.15979381443299
0.47843696259849666,0.0,11,none,medium,-34.28571428571429,17.142857142857142,21.42857142857143
0.5234369626025192,1.0,11,none,high,3.511326860841425,51.3915857605178,17.880258899676374
0.5144369626025161,1.0,11,none,low,10.397779833487508,4.079555966697502,23.68177613320999
0.461436962598491,0.0,11,none,medium,-16.459719142645973,66.18625277161863,2.645971914264597
1.0034369626026796,1.0,11,none,low,4.070175438596493,22.035087719298247,17.964912280701753
0.5794369625985304,0.0,11,none,medium,-4.584717607973424,41.627906976744185,16.21262458471761
0.5754369625985291,0.0,11,none,high,20.672926447574337,62.25352112676056,21.58059467918623
0.44343696260249243,1.0,11,none,high,39.75372650680493,46.04018146467919,16.28645495787427
0.5854369626025399,1.0,11,none,high,-38.54219948849106,14.68030690537084,63.2225063938619
0.4744369626025028,1.0,11,none,high,14.186046511627904,16.672629695885508,52.4865831842576
0.5594369625985237,0.0,11,none,low,-2.2097378277153563,2.596754057428215,14.806491885143572
0.4324369625984813,0.0,11,none,high,-7.99582463465552,46.127348643006265,34.12317327766179
0.5164369625985094,0.0,11,none,low,4.958333333333334,26.21875,1.260416666666666
0.7054369626025799,1.0,11,none,high,33.89105058365759,48.48249027237354,24.59143968871595
0.5994369625985371,0.0,11,none,high,-46.45844649646931,24.49212384573601,50.95057034220532
0.6354369626025566,1.0,11,none,low,42.07894736842105,17.736842105263158,5.657894736842104
0.49543696259850234,0.0,11,none,medium,-14.26584234930448,68.16074188562597,2.426584234930448
0.5204369625985107,0.0,11,none,high,-12.5974025974026,30.909090909090903,33.506493506493506
0.464436962598492,0.0,11,none,medium,55.51934826883911,16.782077393075355,11.262729124236246
0.509436962598507,0.0,11,none,medium,20.54136874361593,3.054136874361593,62.512768130745656
0.7144369625985755,0.0,11,none,medium,45.85642317380353,14.634760705289674,18.778337531486148
0.6054369626025465,1.0,11,none,medium,-34.48275862068965,30.344827586206897,24.82758620689655
0.47543696259849566,0.0,11,none,low,10.916976456009913,12.366790582403963,11.44981412639405
0.47543696259849566,0.0,11,none,medium,12.234881682734445,20.89395267309378,28.659070990359336
0.47743696259849633,0.0,11,none,medium,24.342581423401693,60.03618817852835,5.693606755126655
0.48343696259849833,0.0,11,none,high,-5.596638655462186,42.20168067226891,47.79831932773109
0.47743696259849633,0.0,11,none,low,9.286987522281644,28.163992869875223,8.877005347593581
0.49043696259850067,0.0,11,none,medium,-11.612903225806448,32.25806451612903,13.870967741935482
0.5174369626025171,1.0,11,none,medium,1.5428033866415802,4.308560677328316,62.765757290686736
0.6544369626025629,1.0,11,none,medium,-7.542687453600596,6.124721603563473,63.66740905716407
0.4414369625984843,0.0,11,none,medium,-37.83684692942255,20.467461044912923,28.304307974335472
0.8864369626026404,1.0,11,none,low,19.339678762641284,4.889946460440214,25.55026769779893
0.4324369625984813,0.0,11,none,high,-31.251664447403456,18.08255659121172,59.334221038615176
0.5754369625985291,0.0,11,none,medium,-2.0224719101123583,43.25842696629213,15.280898876404493
0.49443696260250947,1.0,11,none,medium,36.59509202453988,12.576687116564418,25.981595092024538
0.46943696259849366,0.0,11,none,low,21.397379912663755,6.279475982532751,14.882096069868997
0.48943696259850034,0.0,11,none,low,7.992177314211213,4.498044328552803,16.505867014341593
0.43143696259848097,0.0,11,none,medium,-2.2784810126582222,71.77215189873418,4.050632911392404
0.801436962602612,1.0,11,none,low,6.960865945045793,23.48043297252289,16.519567027477102
0.6864369626025736,1.0,11,none,low,4.971509971509972,20.982905982905983,6.011396011396012
0.48243696260250546,1.0,11,none,low,1.752136752136753,14.501424501424502,2.749287749287749
0.4564369626024968,1.0,11,none,high,12.922490470139778,51.46124523506988,38.5387547649301
0.43443696259848197,0.0,11,none,high,-51.85670261941449,17.318952234206463,39.17565485362096
0.4504369625984873,0.0,11,none,high,-10.04160887656034,43.051317614424406,23.092926490984745
0.4994369625985037,0.0,11,none,low,-7.188099808061421,8.541266794625718,5.72936660268714
0.5934369626025425,1.0,11,none,medium,-12.72997032640949,31.513353115727007,14.243323442136496
0.7204369626025849,1.0,11,none,high,54.285714285714285,29.01098901098901,24.725274725274723
0.5984369625985367,0.0,11,none,medium,-0.2026221692491105,8.939213349225266,49.14183551847437
0.5314369626025218,1.0,11,none,medium,42.77372262773723,36.78832116788322,4.014598540145984
0.446436962598486,0.0,11,none,medium,29.68233799237611,4.409148665819568,44.72681067344346
0.45443696259848865,0.0,11,none,low,4.957264957264954,2.9914529914529906,28.034188034188038
0.5344369625985154,0.0,11,none,high,-35.94594594594595,17.027027027027025,52.972972972972975
0.5584369625985234,0.0,11,none,high,-22.901134521880067,40.25931928687197,33.16045380875203
0.4624369625984913,0.0,11,none,high,48.15816857440167,55.14047866805412,16.98231009365244
0.5064369626025135,1.0,11,none,low,-1.552083333333332,5.270833333333334,36.82291666666666
0.473436962598495,0.0,11,none,high,-45.621436716077525,18.335233751425317,53.956670467502846
0.54843696259852,0.0,11,none,high,34.41176470588236,74.64705882352942,10.235294117647056
0.82543696260262,1.0,11,none,low,6.793893129770996,17.86259541984733,1.068702290076335
0.44043696259848397,0.0,11,none,medium,-29.13741223671013,36.99097291875626,16.1283851554664
0.449436962598487,0.0,11,none,medium,-37.549295774647895,25.239436619718308,12.788732394366198
0.4354369625984823,0.0,11,none,high,-36.051851851851865,20.68148148148148,66.73333333333333
0.5744369625985287,0.0,11,none,high,-3.580786026200869,43.66812227074236,27.248908296943227
0.47843696259849666,0.0,11,none,low,5.600511073253835,5.200170357751278,9.599659284497443
0.5254369625985124,0.0,11,none,medium,48.55670103092783,26.18556701030928,7.628865979381439
0.7274369625985798,0.0,11,none,low,-28.139281828074,9.488574537540805,7.627856365614799
0.7444369625985855,0.0,11,none,medium,-28.387553041018386,46.20933521923621,14.596888260254596
0.533436962598515,0.0,11,none,low,6.422628951747093,49.81697171381032,3.394342762063226
0.530436962598514,0.0,11,none,low,5.425467712733857,5.141822570911286,9.716354858177429
0.5444369625985187,0.0,11,none,low,29.01472253680634,12.253680634201585,23.238958097395244
0.5984369625985367,0.0,11,none,high,-9.61200585651538,37.5402635431918,37.15226939970718
0.7364369625985828,0.0,11,none,low,4.718909710391824,1.839863713798978,57.12095400340715
0.48643696259849933,0.0,11,none,high,-47.99112097669256,18.290788013318537,46.281908990011104
0.48143696259849766,0.0,11,none,high,-32.184466019417485,34.68932038834951,36.873786407766985
0.4964369625985027,0.0,11,none,high,-37.582748244734205,36.28886659979939,23.8716148445336
0.46743696260250045,1.0,11,none,medium,65.92412451361868,15.622568093385214,19.698443579766536
0.5374369625985164,0.0,11,none,low,-6.792452830188679,45.60646900269542,2.398921832884097
0.5294369625985137,0.0,11,none,low,-7.4637681159420275,13.52173913043478,10.98550724637681
0.42443696259847863,0.0,11,none,medium,-60.83437110834372,17.036114570361146,7.870485678704857
0.6574369625985564,0.0,11,none,low,-2.244196044711952,20.81685296646604,3.061049011177988
0.449436962598487,0.0,11,none,low,-21.620111731843576,42.33240223463688,3.952513966480447
0.6514369626025619,1.0,11,none,low,-7.737226277372265,6.131386861313867,13.868613138686133
0.4534369626024958,1.0,11,none,low,13.85110952040086,5.962777380100215,12.111667859699356
0.443436962598485,0.0,11,none,low,-1.3696612665684826,4.315169366715758,5.684830633284241
0.4444369625984853,0.0,11,none,medium,-50.92307692307693,25.846153846153847,6.76923076923077
0.4684369626025008,1.0,11,none,low,-16.342412451361874,11.828793774319063,28.171206225680937
0.4994369625985037,0.0,11,none,medium,-2.034602076124571,28.982698961937714,31.01730103806229
0.49943696260251114,1.0,11,none,medium,0.1538461538461533,13.384615384615383,53.230769230769226
0.494436962598502,0.0,11,none,high,-7.543352601156073,41.22832369942196,48.77167630057804
0.461436962598491,0.0,11,none,high,-56.11464968152867,21.78343949044585,37.898089171974526
0.5424369626025255,1.0,11,none,high,16.68094218415417,37.92291220556745,41.24197002141328
0.5404369626025248,1.0,11,none,low,23.83838383838384,8.459595959595958,4.62121212121212
0.5234369626025192,1.0,11,none,medium,34.125269978401725,24.708423326133907,30.58315334773217
0.42543696259847896,0.0,11,none,medium,25.82781456953642,18.609271523178805,22.78145695364238
0.6544369625985554,0.0,11,none,medium,38.13895781637717,10.570719602977668,42.43176178660049
0.46943696259849366,0.0,11,none,low,6.786271450858035,2.797711908476339,36.011440457618306
0.43643696259848264,0.0,11,none,high,1.6245487364620883,31.33574007220216,49.71119133574007
0.4714369625984943,0.0,11,none,high,-65.09824198552224,16.008273009307135,41.10651499482937
0.49843696259850334,0.0,11,none,low,-33.93511988716502,19.54866008462623,13.483779971791254
0.527436962598513,0.0,11,none,low,13.73812038014784,11.246040126715949,17.507919746568106
0.5774369626025372,1.0,11,none,low,29.48631578947369,6.581052631578947,17.09473684210526
0.5934369626025425,1.0,11,none,low,21.870794078061916,3.983849259757739,42.11305518169583
0.43743696259848297,0.0,11,none,medium,-16.442831215970962,26.134301270417424,22.577132486388383
0.5174369625985097,0.0,11,none,low,4.147465437788021,12.07373271889401,7.926267281105989
0.5264369626025202,1.0,11,none,low,27.58147512864494,33.79073756432247,6.209262435677529
0.6094369625985404,0.0,11,none,high,-12.55555555555555,40.99999999999999,43.55555555555555
0.494436962598502,0.0,11,none,low,-14.093264248704662,5.965025906735751,40.05829015544041
0.46943696259849366,0.0,11,none,medium,15.446293494704989,22.178517397882,26.732223903177005
0.747436962602594,1.0,11,none,high,18.130360205831906,44.06518010291595,25.93481989708405
0.4724369626025021,1.0,11,none,high,42.51822770611331,57.65563656758273,25.13740886146943
0.494436962598502,0.0,11,none,low,-32.30225988700565,6.15819209039548,8.46045197740113
0.46043696259849065,0.0,11,none,medium,4.232736572890035,57.73657289002558,3.503836317135548
0.5744369625985287,0.0,11,none,high,30.390041493775936,38.73858921161826,28.34854771784232
0.5494369626025278,1.0,11,none,low,48.68421052631579,8.383458646616543,9.699248120300748
0.515436962598509,0.0,11,none,medium,24.163498098859318,14.771863117870724,40.6083650190114
0.5654369625985257,0.0,11,none,high,70.45620437956205,70.8029197080292,10.34671532846715
0.5934369625985351,0.0,11,none,medium,11.04738154613466,38.753117206982544,17.70573566084788
0.4774369626025038,1.0,11,none,medium,17.364760432766616,15.78825347758887,28.42349304482225
0.5024369625985047,0.0,11,none,medium,-17.68313458262351,8.926746166950597,46.60988074957411
0.4564369625984893,0.0,11,none,low,-18.12698412698413,8.904761904761905,7.0317460317460325
0.464436962598492,0.0,11,none,high,-13.505154639175256,49.17525773195876,22.68041237113402
0.5814369626025385,1.0,11,none,medium,-15.0,10.0,45.0
0.4294369625984803,0.0,11,none,high,7.775041050903123,31.2807881773399,33.50574712643678
0.45743696259848965,0.0,11,none,medium,-30.454115421002847,27.68211920529801,18.13623462630085
0.49343696259850167,0.0,11,none,medium,-29.400749063670407,28.419475655430716,17.820224719101123
0.48243696260250546,1.0,11,none,medium,10.697455230914231,2.299717247879359,61.60226201696513
0.539436962598517,0.0,11,none,medium,-31.859678782755715,22.248520710059168,34.10819949281488
0.4504369625984873,0.0,11,none,medium,-11.50862068965517,58.86853448275862,10.377155172413794
0.42743696259847963,0.0,11,none,medium,-16.211745244003307,60.37220843672456,6.583953680727874
0.5464369625985194,0.0,11,none,medium,35.50898203592814,52.09580838323353,6.58682634730539
0.5864369626025402,1.0,11,none,high,45.37156704361874,26.26817447495961,30.896607431340875
0.566436962598526,0.0,11,none,low,2.9891838741396235,6.568338249754177,33.57915437561455
0.7024369626025789,1.0,11,none,high,-21.434370771312587,15.426251691474963,66.86062246278755
0.5754369625985291,0.0,11,none,high,-65.14204545454545,14.91477272727272,50.05681818181818
0.43043696259848063,0.0,11,none,high,-48.75,28.557692307692307,27.307692307692307
0.4994369625985037,0.0,11,none,high,34.26048565121413,40.397350993377486,26.13686534216335
0.5854369625985324,0.0,11,none,medium,7.1575342465753415,45.00856164383562,17.851027397260275
0.4394369626024911,1.0,11,none,medium,2.9390018484288305,1.293900184842883,78.35489833641405
0.5134369625985084,0.0,11,none,high,-2.327272727272732,26.618181818181817,38.94545454545455
0.5404369625985174,0.0,11,none,low,19.72491909385113,15.889967637540456,6.165048543689319
0.5304369626025215,1.0,11,none,medium,-18.787465940054496,9.427792915531336,38.21525885558583
0.6044369625985387,0.0,11,none,low,9.851632047477748,28.486646884273,8.635014836795252
0.5024369626025121,1.0,11,none,high,55.44247787610619,58.53982300884955,13.09734513274336
0.46643696259849265,0.0,11,none,low,-7.896341463414634,21.402439024390244,9.298780487804878
0.5834369625985317,0.0,11,none,low,-11.73669467787115,6.848739495798318,38.58543417366947
0.5994369625985371,0.0,11,none,low,-19.953488372093023,5.023255813953486,24.97674418604651
0.6414369625985511,0.0,11,none,high,31.463644948064207,68.59301227573182,7.12936732766761
0.44243696259848464,0.0,11,none,low,-11.9779353821907,16.012608353033883,17.990543735224584
0.545436962598519,0.0,11,none,low,-12.22054380664653,18.519637462235647,10.740181268882177
0.4424369626024921,1.0,11,none,low,7.002437043054422,2.428919577579203,45.42648253452478
0.5654369625985257,0.0,11,none,low,3.2342277012327783,15.489485134155183,2.255257432922407
0.5884369625985334,0.0,11,none,low,0.0,5.0,45.0
0.5454369626025265,1.0,11,none,medium,9.83425414364641,6.629834254143646,46.795580110497234
0.4484369626024941,1.0,11,none,low,40.429799426934096,8.404966571155683,7.975167144221585
0.5584369625985234,0.0,11,none,medium,11.82495344506517,18.845437616387336,37.02048417132216
0.48643696259849933,0.0,11,none,low,-40.0,0.0,30.0
0.533436962598515,0.0,11,none,low,-8.209764918625678,38.84267631103074,7.05244122965642
0.449436962598487,0.0,11,none,low,-13.351800554016622,3.324099722991688,16.67590027700831
0.4684369625984933,0.0,11,none,medium,-30.0,40.0,10.0
0.47243696259849466,0.0,11,none,medium,-2.424242424242422,34.54545454545455,16.96969696969697
0.5474369625985197,0.0,11,none,high,-3.232876712328768,24.328767123287676,47.56164383561644
0.48343696259849833,0.0,11,none,high,-36.8702290076336,16.564885496183205,53.4351145038168
0.5254369625985124,0.0,11,none,high,-17.244444444444444,19.73333333333333,46.977777777777774
0.47843696259849666,0.0,11,none,high,37.08817829457365,67.28197674418604,20.1937984496124
0.4414369625984843,0.0,11,none,medium,2.292490118577078,54.86166007905139,12.569169960474309
0.49043696259850067,0.0,11,none,medium,-38.03617571059432,13.17829457364341,31.214470284237727
0.5984369625985367,0.0,11,none,medium,-16.169544740973322,8.66562009419152,54.83516483516484
0.4714369625984943,0.0,11,none,medium,-66.85305591677503,20.832249674902464,7.685305591677504
0.545436962598519,0.0,11,none,high,-25.465949820788538,25.663082437275985,61.12903225806452
0.443436962598485,0.0,11,none,medium,-50.71823204419889,23.425414364640883,14.143646408839778
0.7074369625985731,0.0,11,none,low,-3.9499036608863207,3.02504816955684,6.97495183044316
0.5264369625985127,0.0,11,none,low,-4.840613931523023,7.579693034238488,12.420306965761512
0.4384369625984833,0.0,11,none,high,-6.8152866242038215,27.643312101910823,54.45859872611464
0.49443696260250947,1.0,11,none,low,3.960047003525264,2.326674500587544,38.36662749706228
0.5134369625985084,0.0,11,none,high,15.62851782363978,42.81425891181989,27.185741088180112
0.5494369625985204,0.0,11,none,low,5.045513654096229,21.02730819245774,5.981794538361508
0.5864369625985327,0.0,11,none,medium,-18.98907103825137,44.37158469945355,13.360655737704915
0.5154369626025165,1.0,11,none,medium,-7.720588235294116,39.63235294117647,17.352941176470587
0.497436962598503,0.0,11,none,low,-36.86746987951807,17.349397590361445,14.216867469879515
0.44743696260249377,1.0,11,none,low,2.628951747088184,5.657237936772046,43.02828618968386
0.446436962598486,0.0,11,none,low,-17.692307692307686,45.76923076923077,3.461538461538461
0.5834369625985317,0.0,11,none,medium,-55.87423312883436,17.54601226993865,23.42024539877301
0.5954369625985357,0.0,11,none,high,-31.23136388735505,24.38431805632247,55.61568194367752
0.521436962598511,0.0,11,none,medium,-0.9459459459459404,63.24324324324324,4.189189189189188
0.6024369625985381,0.0,11,none,medium,13.563579277864996,40.12558869701727,16.562009419152275
0.6454369625985524,0.0,11,none,low,3.074433656957932,24.80582524271845,1.7313915857605169
0.5034369626025125,1.0,11,none,medium,27.77777777777777,14.444444444444445,46.66666666666666
0.491436962598501,0.0,11,none,medium,25.17241379310344,13.79310344827586,48.62068965517241
0.6014369626025452,1.0,11,none,high,31.72824791418355,42.33611442193087,20.60786650774732
0.5824369626025389,1.0,11,none,medium,20.434782608695656,48.26086956521739,7.826086956521739
0.4474369625984863,0.0,11,none,low,-10.372184133202744,52.1743388834476,2.546523016650343
0.5344369626025228,1.0,11,none,high,33.799283154121866,60.69295101553166,16.893667861409792
0.7154369626025833,1.0,11,none,medium,11.733333333333334,35.86666666666667,24.133333333333333
0.5544369626025295,1.0,11,none,medium,56.69144981412639,23.643122676579925,16.951672862453528
0.6164369626025502,1.0,11,none,medium,51.328903654485046,20.33222591362126,29.00332225913621
0.47243696259849466,0.0,11,none,low,-9.950859950859952,7.518427518427517,37.46928746928747
0.5604369626025315,1.0,11,none,medium,65.73875802997858,8.41541755888651,12.67665952890792
0.7244369626025863,1.0,11,none,low,53.795309168443495,7.974413646055437,14.17910447761194
0.43443696259848197,0.0,11,none,medium,38.63428047662695,22.878093492208983,14.243813015582036
0.6954369626025766,1.0,11,none,medium,68.14016172506739,17.628032345013477,9.487870619946088
0.47243696259849466,0.0,11,none,high,29.719042663891774,54.859521331945885,25.14047866805411
0.6354369625985491,0.0,11,none,high,-8.124428179322962,35.93778591033852,44.06221408966148
0.569436962598527,0.0,11,none,medium,2.9278523489932877,76.03187919463087,3.104026845637584
0.46043696259849065,0.0,11,none,medium,-43.17241379310345,24.551724137931032,27.724137931034484
0.5164369626025168,1.0,11,none,low,7.004561581348199,9.001520527116066,21.996958945767865
0.5044369625985053,0.0,11,none,medium,9.501335707925206,61.83437221727516,2.333036509349954
0.4984369626025108,1.0,11,none,medium,21.83835182250396,7.6069730586370845,55.76862123613313
0.479436962598497,0.0,11,none,medium,-21.27864897466828,23.232810615199032,24.511459589867307
0.6114369626025485,1.0,11,none,low,48.35972850678733,8.33710407239819,9.97737556561086
0.6124369626025489,1.0,11,none,high,22.84090909090909,33.13636363636363,40.29545454545454
0.43043696259848063,0.0,11,none,low,18.28358208955224,12.761194029850746,14.477611940298509
0.4714369626025018,1.0,11,none,high,26.15384615384616,36.92307692307693,30.769230769230766
0.5114369625985077,0.0,11,none,low,-3.9296482412060296,10.71356783919598,4.64321608040201
0.6034369625985384,0.0,11,none,high,-37.25036179450072,24.42836468885673,41.67872648335745
0.7574369626025973,1.0,11,none,low,7.601880877742948,5.867293625914316,8.265412748171368
0.45443696259848865,0.0,11,none,low,8.037383177570096,51.02803738317757,2.990654205607476
0.4534369626024958,1.0,11,none,medium,-4.12280701754386,7.763157894736842,51.8859649122807
0.6144369625985421,0.0,11,none,high,-20.231516056758775,24.88424197162061,45.11575802837939
0.470436962598494,0.0,11,none,low,-28.80597014925373,8.955223880597012,7.761194029850746
0.45443696259848865,0.0,11,none,high,11.63849154746424,30.70221066319896,39.06371911573472
0.6864369625985661,0.0,11,none,medium,-8.782489740082077,34.14500683994528,12.92749658002736
0.5174369626025171,1.0,11,none,low,41.00346020761246,26.62629757785467,5.62283737024221
0.6864369626025736,1.0,11,none,medium,49.227166276346615,29.742388758782205,20.515222482435597
0.5104369625985073,0.0,11,none,medium,5.757575757575758,53.03030303030303,7.272727272727272
0.7104369626025816,1.0,11,none,low,7.38888888888889,13.694444444444445,6.3055555555555545
0.47343696260250245,1.0,11,none,medium,90.0,10.0,0.0
0.5494369625985204,0.0,11,none,medium,-18.305084745762716,20.847457627118644,39.15254237288136
0.5894369625985337,0.0,11,none,high,-39.60199004975124,16.368159203980095,45.97014925373134
0.5054369625985057,0.0,11,none,low,30.777202072538863,14.507772020725389,13.730569948186524
0.5784369625985301,0.0,11,none,high,2.8779069767441854,46.43895348837209,43.56104651162791
0.506436962598506,0.0,11,none,medium,8.402234636871508,16.134078212290504,47.731843575419
0.452436962598488,0.0,11,none,medium,-57.567567567567565,24.324324324324326,21.89189189189189
0.43143696259848097,0.0,11,none,high,-39.3840579710145,16.485507246376805,45.869565217391305
0.4684369625984933,0.0,11,none,low,36.81458003169572,25.055467511885897,8.240887480190175
0.44043696259848397,0.0,11,none,medium,2.071005917159763,42.04142011834319,19.97041420118343
0.47743696259849633,0.0,11,none,high,8.560975609756099,49.28048780487805,40.71951219512195
0.43143696259848097,0.0,11,none,low,-6.464379947229549,17.651715039577837,4.116094986807387
0.6254369626025532,1.0,11,none,low,13.215962441314556,18.52112676056338,15.305164319248828
0.5464369625985194,0.0,11,none,high,-48.94557823129252,21.734693877551013,60.68027210884353
0.47543696259849566,0.0,11,none,low,19.23270440251572,7.30817610062893,8.075471698113207
0.512436962598508,0.0,11,none,low,-31.53623188405797,5.642512077294684,17.178743961352655
0.5164369625985094,0.0,11,none,medium,30.769230769230774,58.782051282051285,8.01282051282051
0.5164369625985094,0.0,11,none,medium,-24.48905109489051,58.95985401459854,3.448905109489051
0.6144369625985421,0.0,11,none,low,17.88927335640139,33.0795847750865,5.190311418685119
0.47943696260250446,1.0,11,none,low,20.301990391214822,6.060398078242964,15.75840768702814
0.48343696259849833,0.0,11,none,low,-14.649681528662422,6.5787079162875335,31.228389444949958
0.5434369626025258,1.0,11,none,low,1.4792176039119802,18.887530562347187,7.408312958435208
0.467436962598493,0.0,11,none,medium,-47.8698224852071,28.56015779092701,6.429980276134122
0.5294369626025212,1.0,11,none,medium,-4.239802224969093,46.03213844252164,10.271940667490728
0.6974369625985698,0.0,11,none,medium,-34.379811804961506,20.77844311377245,35.15825491873396
0.4354369625984823,0.0,11,none,medium,12.964734010759113,84.24387328153017,1.27913927077107
0.8104369625986075,0.0,11,none,low,1.180327868852462,27.453551912568308,6.273224043715846
0.461436962598491,0.0,11,none,medium,32.29885057471264,18.68965517241379,26.390804597701145
0.506436962598506,0.0,11,none,medium,18.147138964577657,39.073569482288825,20.926430517711168
0.42543696259847896,0.0,11,none,medium,-65.86206896551724,21.724137931034484,7.586206896551724
0.572436962598528,0.0,11,none,high,-15.959031657355672,41.64804469273743,37.60707635009311
0.4234369625984783,0.0,11,none,low,-28.53195164075993,5.734024179620032,34.265975820379964
0.5674369625985264,0.0,11,none,medium,-49.04950495049505,33.504950495049506,12.554455445544557
0.5174369626025171,1.0,11,none,medium,9.123548046462515,71.29883843717,2.175290390707496
0.6324369626025556,1.0,11,none,low,59.4,8.675,9.275
0.5194369626025178,1.0,11,none,medium,-2.061503416856498,3.5876993166287003,65.6492027334852
0.43143696259848097,0.0,11,none,low,-20.448548812664907,4.775725593667545,25.22427440633245
0.48143696259849766,0.0,11,none,low,-24.223864836325237,30.665258711721226,4.889123548046462
0.44843696259848664,0.0,11,none,high,-25.596330275229363,13.761467889908255,69.35779816513762
0.5204369626025181,1.0,11,none,medium,2.6969943135662007,4.1267262388302175,71.42973192526402
0.46043696259849065,0.0,11,none,high,-3.169092945128781,11.33258678611422,64.501679731243
0.452436962598488,0.0,11,none,medium,-9.309278350515465,27.649484536082472,26.95876288659794
0.48443696259849867,0.0,11,none,low,13.103448275862066,8.275862068965516,35.172413793103445
0.5624369626025322,1.0,11,none,low,-8.331744518589135,3.889418493803622,32.22116301239276
0.5294369626025212,1.0,11,none,low,36.35135135135136,6.621621621621622,20.270270270270267
0.44043696259848397,0.0,11,none,high,-37.00315457413249,29.810725552050474,46.81388012618296
0.569436962598527,0.0,11,none,low,15.084364454443191,5.016872890888639,19.932508436445445
0.5694369626025345,1.0,11,none,medium,12.04322200392927,12.612966601178782,40.56974459724951
0.7154369626025833,1.0,11,none,high,31.412570006222776,55.70628500311138,24.293714996888607
0.43143696259848097,0.0,11,none,medium,-35.19031141868512,41.10726643598616,16.29757785467128
0.4444369625984853,0.0,11,none,medium,-57.52688172043011,16.344086021505376,23.870967741935484
0.5014369625985043,0.0,11,none,low,12.007434944237918,12.802973977695167,10.795539033457247
0.4834369626025058,1.0,11,none,high,-42.906220984215416,17.45589600742804,70.36211699164346
0.6064369626025469,1.0,11,none,low,-6.712598425196855,9.98031496062992,26.69291338582677
0.464436962598492,0.0,11,none,medium,-21.23348017621145,37.929515418502206,9.162995594713657
0.7014369626025786,1.0,11,none,medium,25.473251028806587,9.094650205761315,43.62139917695473
0.44043696259848397,0.0,11,none,medium,-15.272727272727275,29.818181818181813,15.090909090909092
0.5344369625985154,0.0,11,none,medium,-42.82954545454545,21.13257575757576,13.962121212121213
0.5234369625985117,0.0,11,none,low,-27.603686635944705,37.09677419354839,4.700460829493088
0.46943696259849366,0.0,11,none,medium,-64.78223740392828,13.526900085397097,8.309137489325364
0.5074369625985063,0.0,11,none,medium,-60.475825019186495,13.01611665387567,33.491941673062165
0.4784369626025041,1.0,11,none,medium,78.38028169014085,8.838028169014084,10.457746478873236
0.5104369625985073,0.0,11,none,low,-19.825436408977552,43.90274314214464,3.728179551122194
0.5334369626025225,1.0,11,none,medium,14.330299089726918,6.24187256176853,61.91157347204161
0.49843696259850334,0.0,11,none,medium,-52.71653543307087,19.842519685039367,22.55905511811024
0.48143696259849766,0.0,11,none,low,1.2289156626506037,5.614457831325302,4.385542168674698
0.4604369626024981,1.0,11,none,medium,0.4477611940298516,8.30393487109905,57.8561736770692
0.563436962598525,0.0,11,none,high,-52.584033613445385,25.903361344537807,28.487394957983195
0.5944369625985354,0.0,11,none,medium,28.0082135523614,22.6694045174538,34.6611909650924
0.46443696260249945,1.0,11,none,low,-4.685512367491167,1.328621908127208,26.01413427561837
0.5614369626025318,1.0,11,none,low,-29.061371841155232,7.292418772563176,16.35379061371841
0.44043696259848397,0.0,11,none,high,-51.05148658448151,10.203045685279188,51.254532269760695
0.5484369626025275,1.0,11,none,medium,17.478705281090292,7.495741056218058,50.01703577512777
0.47243696259849466,0.0,11,none,medium,8.81474103585657,12.93824701195219,34.12350597609562
2.153970633237048,1.0,12,none,low,17.648,3.4560000000000004,45.808
0.9909706332366592,1.0,12,none,low,-49.51086956521738,8.990683229813664,8.501552795031056
1.612970633236867,1.0,12,none,low,29.6360558611934,6.6060093101989,16.9699534490055
1.2639706332367504,1.0,12,none,low,8.215223097112862,16.37795275590551,18.16272965879265
1.8479706332369454,1.0,12,none,high,44.08972352634325,25.873761085028693,31.78403755868544
2.216970633237069,1.0,12,none,medium,-19.862306368330465,8.055077452667811,47.91738382099828
1.3119706332367664,1.0,12,none,high,11.136857349746563,37.86386676321506,36.727009413468494
0.612970633236533,1.0,12,none,high,-9.831692600825654,35.08415369958717,44.91584630041282
3.44597063323748,1.0,12,none,low,-0.7447413303013084,2.3138146674246727,23.058555997725986
0.7949706332365938,1.0,12,none,medium,5.855777584708953,39.51346655082537,13.65768896611642
0.9139706332366335,1.0,12,none,high,-23.492647058823533,39.90441176470588,33.39705882352941
1.106970633236698,1.0,12,none,low,19.486988847583643,18.55762081784387,19.070631970260223
1.91397063323296,0.0,12,none,medium,-45.499262174126905,7.90949335956714,43.40875553369405
3.6999706332375633,1.0,12,none,medium,-45.786163522012586,8.528301886792452,34.314465408805034
0.8309706332366058,1.0,12,none,low,20.640545144804086,13.54684838160136,12.906303236797273
0.9229706332366365,1.0,12,none,medium,-17.047413793103445,37.06681034482759,14.114224137931034
1.5689706332368523,1.0,12,none,low,45.72692793931732,6.965865992414665,21.238938053097343
1.8499706332329386,0.0,12,none,low,1.0139165009940356,2.753479125248509,21.73956262425447
1.3969706332367948,1.0,12,none,high,-30.44466403162056,23.320158102766797,63.76482213438735
0.6199706332365353,1.0,12,none,low,14.432989690721646,11.477663230240548,17.0446735395189
0.9119706332366329,1.0,12,none,medium,-28.83553421368548,3.721488595438172,72.55702280912365
0.9979706332366616,1.0,12,none,low,-6.230936819172117,4.589687726942628,30.820624546114743
0.8089706332365985,1.0,12,none,medium,-4.444444444444445,70.0,4.444444444444445
3.2789706332374235,1.0,12,none,high,-48.47222222222222,28.75,27.22222222222222
0.6239706332365367,1.0,12,none,low,-29.26334106728538,26.34570765661253,5.609048723897912
1.0249706332366706,1.0,12,none,medium,-16.381135707410976,7.87295476419634,64.25409047160731
0.8879706332366248,1.0,12,none,high,-32.44019138755981,17.527910685805423,59.96810207336523
0.7509706332365791,1.0,12,none,medium,1.430734292202871,1.1430734292202869,79.71233913701741
0.9029706332366298,1.0,12,none,medium,9.81627296587926,19.926509186351705,30.110236220472444
0.6749706332365537,1.0,12,none,high,-62.2,15.6375,57.837500000000006
0.696970633236561,1.0,12,none,high,74.9528936742934,35.370121130551816,10.417227456258406
2.5659706332371863,1.0,12,none,medium,-23.55648535564854,27.092050209205016,30.64853556485356
1.3869706332367915,1.0,12,none,low,15.179028132992327,5.035805626598465,19.85677749360614
1.1029706332326892,0.0,12,none,medium,-72.2202166064982,16.00180505415162,8.222021660649819
0.9299706332366389,1.0,12,none,medium,-19.2573084013695,7.542796944956543,56.80010534632604
1.049970633236679,1.0,12,none,medium,8.752735229759299,34.37636761487965,25.62363238512035
0.7599706332365821,1.0,12,none,high,28.31526271893245,66.65554628857382,8.340283569641365
0.6109706332365323,1.0,12,none,low,-2.530712530712531,11.646191646191646,4.176904176904177
1.3879706332367918,1.0,12,none,high,-63.372781065088766,15.976331360946736,49.349112426035504
0.8079706332365981,1.0,12,none,low,-23.263888888888893,3.368055555555555,26.631944444444446
0.7209706332325616,0.0,12,none,high,-45.47687861271677,30.82369942196532,26.300578034682083
1.8279706332369388,1.0,12,none,medium,-16.41025641025641,55.19230769230769,11.602564102564102
0.6499706332365454,1.0,12,none,medium,28.59949622166247,30.488664987405546,11.88916876574307
1.1509706332367127,1.0,12,none,high,3.1473214285714235,44.345238095238095,31.197916666666664
0.6269706332365377,1.0,12,none,high,73.0769230769231,72.03619909502262,8.959276018099539
0.9829706332366566,1.0,12,none,high,-10.12002526847758,47.92798483891345,28.04801010739103
1.1619706332367163,1.0,12,none,medium,-2.9870129870129816,13.459268004722553,46.446280991735534
0.5929706332365263,1.0,12,none,high,62.06486486486487,66.85405405405406,14.789189189189187
2.418970633233129,0.0,12,none,medium,-65.58421851289835,11.532625189681337,17.11684370257967
2.5869706332371925,1.0,12,none,medium,-0.075187969924805,54.3859649122807,4.461152882205512
2.0989706332370295,1.0,12,none,medium,20.623291416074363,22.04483324220886,31.4215418261345
0.6829706332365564,1.0,12,none,high,9.436619718309856,47.69953051643192,28.26291079812206
0.5879706332365247,1.0,12,none,medium,27.020562316407887,67.91439362148552,0.893831305077633
2.255970633237082,1.0,12,none,low,16.97301239970824,17.61487964989059,20.64186725018235
0.8229706332366031,1.0,12,none,medium,-16.476562500000007,4.507812499999997,50.984375
2.3299706332371066,1.0,12,none,high,-28.649592549476147,18.090803259604183,66.74039580908033
1.2969706332367614,1.0,12,none,high,41.320049813200505,55.66002490660025,14.339975093399746
1.4139706332368005,1.0,12,none,low,-13.636850562399571,2.121049812533476,35.75790037493305
3.354970633237449,1.0,12,none,medium,76.17100371747212,26.54275092936803,10.371747211895906
0.6149706332365337,1.0,12,none,medium,68.25929283771532,16.047144152311876,17.787851314596548
1.3879706332327844,0.0,12,none,low,-21.380670611439847,9.309664694280077,30.690335305719923
0.8439706332326027,0.0,12,none,medium,68.52857142857144,26.87142857142857,8.342857142857136
0.615970633236534,1.0,12,none,high,-44.63414634146341,6.146341463414633,80.78048780487805
1.3789706332367888,1.0,12,none,high,-53.3011049723757,8.991712707182318,52.29281767955801
1.100970633236696,1.0,12,none,low,-44.0,12.0,16.0
1.1139706332367003,1.0,12,none,low,51.73413897280967,17.93353474320242,6.199395770392746
2.080970633233016,0.0,12,none,low,-7.1882446386020655,1.405877680698967,8.594122319301032
0.9209706332366359,1.0,12,none,high,-56.02959309494452,11.985203452527744,68.01479654747226
0.7059706332365641,1.0,12,none,high,16.113463166807794,73.46316680779,7.349703640982216
2.1969706332330547,0.0,12,none,low,4.297693920335428,3.574423480083857,19.27672955974843
0.669970633236552,1.0,12,none,low,-0.6106870229007644,26.259541984732824,6.870229007633588
0.7339706332365734,1.0,12,none,high,40.836142953472695,60.41807147673634,19.58192852326365
1.5279706332368386,1.0,12,none,high,-34.87875288683603,24.064665127020785,48.943418013856814
0.8519706332366128,1.0,12,none,low,33.79009494482936,8.75801898896587,4.967924044136512
1.549970633236846,1.0,12,none,high,-5.659824046920825,39.64809384164222,35.30791788856305
1.1619706332327089,0.0,12,none,high,-47.8427279053584,9.6938065414057,77.5365344467641
0.681970633236556,1.0,12,none,medium,72.40121580547111,25.60030395136778,13.199088145896658
2.789970633237261,1.0,12,none,low,2.9371816638370123,6.468590831918506,3.531409168081494
0.7639706332365834,1.0,12,none,high,53.7406216505895,48.7459807073955,15.005359056806
1.4279706332368052,1.0,12,none,low,6.788732394366194,2.798122065727699,36.009389671361504
0.6569706332365477,1.0,12,none,medium,-5.487620010106113,6.685194542698333,62.17281455280444
0.66397063323655,1.0,12,none,medium,-5.494722955145111,41.04881266490765,16.54353562005277
0.8129706332365998,1.0,12,none,medium,7.275541795665632,11.182662538699688,43.907120743034056
1.5779706332328478,0.0,12,none,low,-54.1952707856598,13.829138062547669,8.024408848207475
0.7599706332365821,1.0,12,none,low,-30.0,0.0,40.0
0.9589706332366486,1.0,12,none,low,36.03611349957008,24.76354256233878,8.727429062768701
2.4399706332371434,1.0,12,none,medium,1.7714285714285722,18.565079365079363,26.79365079365079
1.4029706332367968,1.0,12,none,medium,-5.786280914605692,49.94400373308447,5.730284647690153
1.4519706332368132,1.0,12,none,medium,37.98672566371682,31.194690265486727,13.207964601769907
1.1559706332367143,1.0,12,none,low,11.105207226354946,34.0701381509033,2.964930924548352
0.7159706332365674,1.0,12,none,high,-51.23938879456706,16.434634974533104,47.67402376910017
1.849970633236946,1.0,12,none,medium,-0.4051772650534602,35.756893640967924,16.162070906021384
0.687970633236558,1.0,12,none,high,-48.87675507020282,16.599063962558496,55.47581903276132
0.7049706332365637,1.0,12,none,low,13.808200138985404,13.523280055594162,9.715079916608756
2.2479706332370792,1.0,12,none,low,2.217551234892277,28.145034156594846,5.927482921702573
0.7079706332365647,1.0,12,none,medium,-2.0477815699658777,6.988054607508531,69.03583617747441
0.6899706332365587,1.0,12,none,low,30.70866141732284,35.354330708661415,4.64566929133858
0.9959706332366609,1.0,12,none,low,-6.398865784499055,1.200378071833648,17.599243856332702
1.028970633236672,1.0,12,none,medium,11.818181818181817,2.424242424242424,60.60606060606061
0.8159706332366008,1.0,12,none,high,-27.409326424870464,19.875647668393785,57.28497409326425
0.9419706332366429,1.0,12,none,low,-12.84539473684211,2.861842105263156,25.707236842105264
0.8879706332366248,1.0,12,none,medium,-1.879139072847683,0.902317880794702,72.78145695364239
1.0579706332366816,1.0,12,none,high,-28.90339425587468,30.54830287206266,59.45169712793734
1.310970633236766,1.0,12,none,low,-20.0,0.0,20.0
0.7969706332365945,1.0,12,none,high,-2.804878048780488,52.31707317073171,25.121951219512194
1.169970633236719,1.0,12,none,medium,54.77842003853564,25.43352601156069,10.655105973025044
0.636970633236541,1.0,12,none,high,-36.06939409632315,16.965302951838424,53.034697048161576
0.9139706332366335,1.0,12,none,low,3.960396039603962,25.47029702970297,1.509900990099009
1.6839706332368907,1.0,12,none,low,30.800762631077216,8.160152526215443,7.359389895138224
1.1399706332327015,0.0,12,none,medium,-64.21052631578947,12.631578947368416,16.842105263157894
0.6869706332365577,1.0,12,none,medium,-65.84214808787632,11.326281529698935,17.168429617575264
0.8449706332366105,1.0,12,none,low,-50.240050536955145,17.28995578016424,7.530006317119393
1.226970633236738,1.0,12,none,high,-76.83168316831684,8.46534653465346,45.2970297029703
1.5129706332368336,1.0,12,none,low,11.631537861046056,15.815768930523028,4.18423106947697
0.9279706332326307,0.0,12,none,medium,-8.925619834710748,7.0247933884297495,45.950413223140494
2.184970633237058,1.0,12,none,medium,35.11591962905719,33.38485316846986,8.268933539412672
2.3499706332371133,1.0,12,none,medium,-49.10614525139664,30.670391061452516,19.77653631284916
0.9259706332366375,1.0,12,none,medium,-0.7080924855491304,32.34104046242774,23.04913294797688
0.9399706332326347,0.0,12,none,medium,-90.0,0.0,30.0
1.1299706332367057,1.0,12,none,low,-22.71221532091097,13.83022774327122,6.542443064182195
0.6559706332365474,1.0,12,none,high,4.167812929848697,60.53645116918845,16.36863823933975
0.648970633236545,1.0,12,none,high,50.0,80.0,0.0
1.961970633232976,0.0,12,none,low,12.96928327645051,3.281326182350073,40.31204290589956
0.736970633232567,0.0,12,none,high,-31.733046286329397,13.046286329386437,54.77933261571582
1.4219706332368032,1.0,12,none,high,11.818181818181824,65.45454545454545,13.636363636363637
0.6989706332365617,1.0,12,none,high,-6.168941979522192,10.409556313993171,66.57849829351535
0.7759706332365874,1.0,12,none,low,12.786425466274018,16.39321273313701,3.606787266862992
1.043970633236677,1.0,12,none,high,-32.825070159027135,32.160898035547234,44.98596819457437
1.1499706332367123,1.0,12,none,low,-30.0957995578482,4.9521002210759,35.0478997789241
1.1349706332367073,1.0,12,none,high,4.430379746835449,47.21518987341772,42.78481012658227
1.3489706332367788,1.0,12,none,medium,4.312796208530806,17.725118483412324,33.41232227488152
1.865970633232944,0.0,12,none,low,-3.789209535759099,8.10539523212045,11.89460476787955
1.0629706332366833,1.0,12,none,medium,-22.78934221482099,27.53955037468776,30.328892589508744
2.957970633233309,0.0,12,none,low,3.378561736770692,6.689280868385346,3.310719131614654
1.1769706332367214,1.0,12,none,high,-37.63747454175153,26.069246435845216,33.706720977596746
0.618970633236535,1.0,12,none,high,70.0,70.0,0.0
0.9209706332366359,1.0,12,none,low,-0.3183692166743022,22.675217590471828,12.99358680714613
1.660970633236883,1.0,12,none,low,-1.324753974261924,21.50643451930356,2.831188493565481
0.8699706332366188,1.0,12,none,medium,66.69354838709678,17.338709677419356,10.645161290322577
0.687970633236558,1.0,12,none,high,-4.707233065442026,23.69690011481056,48.404133180252586
0.7919706332365928,1.0,12,none,medium,-7.333647947144879,31.59981123171308,18.93345917885795
1.070970633236686,1.0,12,none,medium,-30.376930063578563,16.158038147138964,36.53496821071753
1.299970633232755,0.0,12,none,low,-45.945485519591145,21.04770017035775,6.993185689948893
3.5899706332375283,1.0,12,none,low,-3.207147183525139,6.717141126589944,19.92428831011508
0.9919706332366596,1.0,12,none,high,-58.58054226475279,10.07974481658692,78.6602870813397
0.6499706332365454,1.0,12,none,medium,3.4105653382761822,55.60704355885079,12.196478220574608
2.097970633237029,1.0,12,none,high,11.822660098522164,28.72906403940886,46.9064039408867
1.6239706332368706,1.0,12,none,high,18.589595375722546,49.29479768786127,30.705202312138727
0.9679706332326441,0.0,12,none,low,-6.777986829727188,0.6444026340545619,37.42238946378174
1.3879706332367918,1.0,12,none,high,63.64461738002595,58.46952010376136,14.8249027237354
1.1299706332367057,1.0,12,none,high,-44.741379310344826,27.155172413793103,41.89655172413793
0.9449706332366439,1.0,12,none,low,-35.235820895522394,2.722388059701492,27.958208955223885
0.7789706332365884,1.0,12,none,medium,9.392,21.952,22.56
1.7429706332369104,1.0,12,none,medium,47.538330494037474,15.008517887563883,17.470187393526405
1.3839706332367905,1.0,12,none,medium,5.966850828729285,48.34254143646409,12.375690607734803
1.013970633236667,1.0,12,none,medium,51.06980961015413,15.793291024478696,14.723481414324564
1.1809706332327152,0.0,12,none,low,-28.32281334535618,9.341749323715057,7.664562669071236
1.8349706332329336,0.0,12,none,low,-10.0,0.0,10.0
1.979970633232982,0.0,12,none,medium,-58.77805486284289,8.728179551122192,17.50623441396509
1.4229706332368035,1.0,12,none,medium,-23.38983050847457,24.40677966101695,17.796610169491526
0.8869706332366245,1.0,12,none,medium,-7.1863117870722455,5.703422053231938,72.88973384030419
0.8069706332365978,1.0,12,none,low,14.658753709198812,26.795252225519288,2.136498516320474
0.6949706332365604,1.0,12,none,medium,-44.33387710712344,17.96628602501359,22.30016313213703
0.7609706332365824,1.0,12,none,high,39.76470588235294,68.43697478991596,8.672268907563025
0.8409706332366091,1.0,12,none,low,-23.192923336141536,5.105307497893849,8.298230834035383
1.3569706332367815,1.0,12,none,low,-12.41951219512195,5.053658536585366,7.473170731707317
1.648970633236879,1.0,12,none,medium,5.623043206011271,39.37382592360676,13.750782717595492
0.564970633236517,1.0,12,none,low,5.486111111111111,15.208333333333332,19.72222222222222
0.8289706332366051,1.0,12,none,low,-19.22848664688427,5.385756676557864,24.614243323442132
0.8079706332365981,1.0,12,none,high,-15.508982035928152,27.24550898203593,42.75449101796408
0.9069706332366312,1.0,12,none,low,-19.488859764089124,7.883355176933157,7.37221494102228
1.7889706332369257,1.0,12,none,low,-5.222894881673087,1.194276279581728,26.417171161254814
0.5939706332365267,1.0,12,none,high,-69.1778523489933,11.0234899328859,70.20134228187919
1.1869706332367247,1.0,12,none,medium,61.403249630723785,14.80059084194978,23.39734121122599
2.0949706332330207,0.0,12,none,low,-21.818181818181817,14.545454545454543,6.363636363636363
1.832970633232933,0.0,12,none,low,-13.040706228543405,4.639529180971064,7.680235409514467
0.636970633236541,1.0,12,none,low,-15.977280320748417,2.011359839625792,17.988640160374207
1.0609706332366826,1.0,12,none,high,-60.43202033036849,20.47013977128335,30.90216010165184
0.7929706332365931,1.0,12,none,low,5.74089068825911,2.623481781376518,36.882591093117405
2.9069706332372993,1.0,12,none,medium,31.184433164128592,9.306260575296108,48.12182741116752
1.1259706332367043,1.0,12,none,low,-9.03907074973601,3.65364308342133,32.69271383315734
1.250970633236746,1.0,12,none,medium,65.32269760696157,25.99709934735316,10.674401740391584
1.3209706332367694,1.0,12,none,medium,-14.69135802469135,67.77777777777779,2.469135802469135
2.923970633237304,1.0,12,none,medium,-70.0,0.0,30.0
0.57397063323652,1.0,12,none,low,8.537387017255547,2.317173377156943,53.779786359901394
2.499970633233156,0.0,12,none,medium,-53.555166374781095,21.155866900175127,14.711033274956218
0.7859706332365908,1.0,12,none,low,-20.0,0.0,50.0
1.4329706332368068,1.0,12,none,low,54.45141065830721,8.056426332288401,13.605015673981187
0.5989706332365283,1.0,12,none,low,-8.044280442804428,13.173431734317342,11.21771217712177
0.7999706332365955,1.0,12,none,high,-5.2504419563936295,44.86741308190925,40.117855038302885
0.9079706332366315,1.0,12,none,medium,90.0,10.0,0.0
0.6869706332365577,1.0,12,none,medium,90.0,10.0,0.0
0.7469706332365778,1.0,12,none,high,70.0,60.0,0.0
0.5759706332365206,1.0,12,none,medium,61.84043517679056,27.552130553037166,5.711695376246601
1.22497063323273,0.0,12,none,medium,-16.839285714285715,56.14285714285714,2.982142857142857
0.6749706332365537,1.0,12,none,medium,-11.612149532710276,64.1355140186916,5.747663551401868
1.187970633236725,1.0,12,none,low,12.837711069418386,7.612570356472795,4.774859287054408
0.7059706332365641,1.0,12,none,high,49.40828402366864,69.70414201183432,20.29585798816568
0.7329706332365731,1.0,12,none,medium,-20.0,0.0,70.0
1.115970633236701,1.0,12,none,medium,-73.57894736842105,12.31578947368421,25.894736842105264
2.088970633237026,1.0,12,none,low,-1.6106531388712764,1.198478123018389,52.80913126188966
1.4479706332328044,0.0,12,none,medium,-30.830618892508145,19.44625407166124,20.27687296416938
1.3639706332367838,1.0,12,none,medium,-49.6986301369863,15.78995433789954,15.488584474885844
0.8319706332366061,1.0,12,none,high,57.44588744588745,55.75757575757576,18.311688311688307
0.648970633236545,1.0,12,none,low,-32.08981001727116,20.932642487046632,13.02245250431779
0.8119706332365995,1.0,12,none,high,-59.71188475390156,12.484993997599032,42.1968787515006
0.8699706332366188,1.0,12,none,high,29.26315789473685,62.43609022556391,13.172932330827066
1.0479706332366783,1.0,12,none,high,-13.283302063789868,38.12382739212007,31.407129455909946
0.9009706332366292,1.0,12,none,medium,-16.88753269398431,8.404533565823888,55.2920662598082
0.9369706332366412,1.0,12,none,medium,-20.0,0.0,70.0
0.847970633232604,0.0,12,none,high,-29.83758700696056,13.921113689095122,53.75870069605568
1.127970633236705,1.0,12,none,medium,-40.0,0.0,60.0
0.9309706332326317,0.0,12,none,medium,-59.92144540455617,17.84760408483896,7.76904948939513
0.9539706332366469,1.0,12,none,low,-36.51439920556108,29.299900695134063,5.814299900695135
0.6179706332365347,1.0,12,none,medium,21.880687563195146,20.62689585439838,38.74620829120323
1.2789706332367554,1.0,12,none,high,-68.6086956521739,13.751552795031053,42.36024844720497
1.0449706332366773,1.0,12,none,low,-0.6203641267700606,12.91975724881996,3.54012137559002
1.1679706332367183,1.0,12,none,medium,-50.30263157894738,5.289473684210526,45.5921052631579
0.7189706332365684,1.0,12,none,low,13.317389818927229,3.331055688418176,40.01366586949095
1.9499706332369795,1.0,12,none,medium,90.0,10.0,0.0
1.5849706332368576,1.0,12,none,medium,-25.56227327690448,4.812575574365172,70.37484885126965
0.7619706332365828,1.0,12,none,high,-70.0,0.0,70.0
1.1619706332367163,1.0,12,none,low,16.3375,3.7625,37.425
2.146970633233038,0.0,12,none,low,26.969919295671318,38.268525311812176,1.298606016140865
2.144970633237045,1.0,12,none,low,-40.0,0.0,40.0
1.3059706332367644,1.0,12,none,low,-11.558282208588958,9.22085889570552,20.77914110429448
0.9779706332366549,1.0,12,none,medium,-47.63948497854078,6.180257510729611,53.81974248927039
1.245970633232737,0.0,12,none,high,-90.0,0.0,80.0
1.3699706332367858,1.0,12,none,medium,-20.0,0.0,80.0
0.7439706332365768,1.0,12,none,medium,-40.0,0.0,50.0
0.7999706332365955,1.0,12,none,high,-60.0,0.0,70.0
0.7529706332365798,1.0,12,none,high,-52.8927680798005,20.87281795511221,53.76558603491272
1.3829706332367901,1.0,12,none,medium,24.246987951807224,3.805220883534136,49.55823293172691
0.8549706332366138,1.0,12,none,medium,61.72946859903381,14.859903381642512,23.130434782608692
1.2079706332327242,0.0,12,none,medium,-39.50391644908616,29.451697127937337,18.9556135770235
1.2909706332367594,1.0,12,none,low,22.352472089314197,35.629984051036686,3.277511961722487
1.0719706332366863,1.0,12,none,high,-17.48867313915858,38.3883495145631,45.87702265372168
0.8249706332366038,1.0,12,none,medium,73.19767441860465,25.79941860465116,12.60174418604651
0.6829706332365564,1.0,12,none,high,2.373333333333335,51.96,29.58666666666667
1.0769706332326805,0.0,12,none,high,-72.79898218829517,11.90839694656488,34.707379134860055
0.6469706332365444,1.0,12,none,low,11.73170731707317,3.6219512195121952,31.890243902439025
1.5389706332368422,1.0,12,none,medium,-44.97120921305183,10.019193857965446,24.99040307101728
1.2039706332367304,1.0,12,none,medium,-59.37307928703135,25.05838967424708,14.431468961278426
0.8369706332366078,1.0,12,none,high,18.64235055724417,47.73049645390071,19.08814589665653
1.0419706332366763,1.0,12,none,high,-58.14528593508502,6.383307573415759,54.528593508500784
1.5839706332368573,1.0,12,none,low,1.8044659022329463,1.967410983705491,40.16294508147254
2.7029706332332237,0.0,12,none,low,1.0494571773220756,15.524728588661038,14.475271411338962
0.7749706332325796,0.0,12,none,low,-20.75182967398536,5.548902195608781,16.300731869594145
1.7879706332369254,1.0,12,none,low,44.53038674033149,16.132596685082873,11.602209944751378
1.0389706332366753,1.0,12,none,medium,62.135661517797175,16.427132303559436,14.291470785762256
1.6239706332328632,0.0,12,none,low,-14.884667571234734,3.410221619176842,8.294889190411578
1.3529706332327727,0.0,12,none,low,-52.69014803471159,5.482388973966305,18.172537008677896
1.0099706332366656,1.0,12,none,high,-24.64221286831029,14.143114852675884,68.78532772098617
0.8099706332365988,1.0,12,none,low,-1.364653243847874,5.324384787472036,36.68903803131991
3.3809706332374576,1.0,12,none,low,29.909584086799278,12.477396021699818,22.56781193490054
0.8659706332366175,1.0,12,none,medium,3.75,31.875,28.125
1.3489706332367788,1.0,12,none,medium,-80.0,0.0,40.0
2.0559706332330077,0.0,12,none,low,-0.8259587020648986,2.293510324483776,23.11946902654867
0.6679706332365514,1.0,12,none,low,-43.407917383821,12.444061962134253,15.85197934595525
1.0429706332366766,1.0,12,none,high,22.784431137724557,35.47904191616767,32.69461077844311
1.5149706332328268,0.0,12,none,low,-30.398981324278434,6.400679117147709,16.799660441426145
1.2049706332367307,1.0,12,none,high,-26.442432082794312,33.64812419146183,50.090556274256144
1.1349706332367073,1.0,12,none,high,-69.0,10.499999999999996,79.5
0.790970633232585,0.0,12,none,low,11.887664415215074,12.755065766086028,10.867401350870956
0.7099706332365654,1.0,12,none,low,-10.0,0.0,40.0
1.5259706332328304,0.0,12,none,medium,-72.2284122562674,14.540389972144848,16.768802228412255
1.175970633236721,1.0,12,none,medium,30.0,80.0,0.0
1.8499706332329386,0.0,12,none,high,54.90498812351544,45.96199524940617,21.05700712589073
2.5119706332371665,1.0,12,none,low,-24.116874589625738,4.412344057780695,8.529218647406434
0.6299706332365387,1.0,12,none,medium,26.592844974446336,56.345826235093696,9.75298126064736
0.9549706332366472,1.0,12,none,high,55.73714285714285,53.417142857142856,7.679999999999999
1.0399706332366756,1.0,12,none,medium,60.0,30.0,0.0
0.6229706332365363,1.0,12,none,low,60.0,10.0,0.0
0.9229706332366365,1.0,12,none,medium,-58.14020857473929,15.898030127462338,24.03823870220162
0.7659706332365841,1.0,12,none,low,-1.774193548387098,2.741935483870967,14.516129032258064
0.7329706332365731,1.0,12,none,medium,4.824902723735409,56.549935149156944,11.725032425421531
0.7739706332365868,1.0,12,none,medium,7.704918032786884,1.967213114754098,64.26229508196721
0.7069706332365644,1.0,12,none,low,-51.06941838649156,6.69793621013133,17.767354596622887
1.088970633236692,1.0,12,none,medium,40.909090909090914,13.535353535353536,22.626262626262623
0.8399706332366088,1.0,12,none,high,18.670212765957444,56.38297872340425,17.712765957446805
1.504970633236831,1.0,12,none,low,-15.758865248226954,47.46099290780142,3.219858156028369
0.8489706332366118,1.0,12,none,low,31.04551045510455,26.162361623616235,5.116851168511683
0.7639706332365834,1.0,12,none,high,-15.006242197253435,7.690387016229712,72.69662921348315
1.0499706332326715,0.0,12,none,medium,-84.97206703910614,3.770949720670389,28.74301675977653
1.1329706332367067,1.0,12,none,medium,-32.291845493562235,13.85407725321888,46.14592274678112
1.5669706332368516,1.0,12,none,medium,-57.16981132075472,29.547169811320757,6.716981132075471
1.425970633232797,0.0,12,none,low,40.48045602605863,17.28013029315961,6.799674267100975
3.039970633237343,1.0,12,none,low,-6.70531400966183,45.68115942028985,2.38647342995169
1.0519706332366796,1.0,12,none,high,-45.68115942028985,17.15942028985507,62.84057971014492
1.7429706332369104,1.0,12,none,medium,-39.58817317845829,17.740232312565993,37.32840549102429
1.5199706332328284,0.0,12,none,medium,1.090225563909775,72.08020050125312,0.989974937343358
1.4749706332368209,1.0,12,none,medium,36.049046321525886,61.86194368755676,5.81289736603088
1.2819706332367564,1.0,12,none,medium,-5.168700646087583,41.256281407035175,16.424982053122758
0.6259706332365373,1.0,12,none,high,28.901303538175053,38.10055865921788,29.19925512104283
0.6929706332325523,0.0,12,none,medium,-52.239583333333336,11.30208333333333,33.541666666666664
0.8559706332366142,1.0,12,none,medium,11.666666666666668,12.5,40.833333333333336
0.6999706332365621,1.0,12,none,low,-20.0,0.0,60.0
0.5899706332365253,1.0,12,none,medium,-80.0,0.0,40.0
1.9639706332369842,1.0,12,none,low,-10.0,0.0,70.0
0.7839706332365901,1.0,12,none,medium,48.4931506849315,29.497716894977167,21.004566210045663
1.013970633236667,1.0,12,none,medium,-60.41478809738504,13.05680793507664,33.47159603246168
0.6329706332365397,1.0,12,none,medium,-80.0,0.0,30.0
0.7009706332365624,1.0,12,none,medium,-17.388535031847137,4.203821656050954,51.59235668789809
1.2499706332367457,1.0,12,none,medium,-8.846153846153847,2.23076923076923,71.07692307692307
1.0179706332366683,1.0,12,none,medium,22.92613636363636,17.642045454545453,24.71590909090909
1.5939706332368606,1.0,12,none,medium,-54.96188055908514,11.696315120711564,16.658195679796698
2.9299706332332995,0.0,12,none,medium,-90.0,0.0,10.0
1.14297063323671,1.0,12,none,high,-35.38834951456312,27.30582524271844,62.69417475728156
1.1349706332367073,1.0,12,none,low,24.694339622641508,12.769811320754716,18.075471698113205
1.1539706332367137,1.0,12,none,medium,-10.0,0.0,90.0
1.1929706332367267,1.0,12,none,medium,-20.627843494085536,52.775250227479525,3.4030937215650594
1.1639706332327096,0.0,12,none,high,-90.0,0.0,50.0
1.2879706332367584,1.0,12,none,low,2.3890063424947154,33.911205073995774,1.522198731501057
0.69397063323656,1.0,12,none,high,-70.0,0.0,80.0
0.6959706332365607,1.0,12,none,high,-70.0,0.0,80.0
3.6429706332335376,0.0,12,none,low,6.70774647887324,22.024647887323944,5.316901408450704
0.8309706332366058,1.0,12,none,high,71.91928251121077,62.08968609865471,10.170403587443944
1.5359706332368412,1.0,12,none,low,-30.0,0.0,30.0
0.666970633236551,1.0,12,none,high,66.6800401203611,50.67201604814444,13.991975927783344
2.125970633233031,0.0,12,none,low,2.4714828897338403,6.23574144486692,3.76425855513308
0.7509706332365791,1.0,12,none,medium,-20.70580013976241,7.016072676450032,57.72187281621244
0.7839706332365901,1.0,12,none,medium,-37.36059479553904,11.319702602230482,48.68029739776952
2.2989706332370963,1.0,12,none,high,-39.99017681728881,16.15913555992141,46.14931237721022
1.7009706332328889,0.0,12,none,high,-59.1520737327189,12.8294930875576,41.9815668202765
0.8359706332366075,1.0,12,none,high,-3.983492615117285,35.54735013032146,29.530842745438747
1.9709706332369865,1.0,12,none,low,4.48344370860927,4.827814569536423,10.344370860927151
0.8329706332366065,1.0,12,none,low,-24.20731707317073,9.024390243902436,23.231707317073173
1.0669706332366846,1.0,12,none,medium,3.697749196141471,4.308681672025722,70.61093247588425
2.370970633233113,0.0,12,none,low,-40.0,0.0,10.0
1.678970633236889,1.0,12,none,medium,-70.0,0.0,40.0
0.9069706332366312,1.0,12,none,high,8.558875219683664,55.43936731107206,26.8804920913884
1.2069706332367314,1.0,12,none,medium,-10.401459854014597,33.065693430656935,13.467153284671532
3.5029706332374984,1.0,12,none,low,-40.0,0.0,40.0
1.2699706332367524,1.0,12,none,medium,36.91075514874142,52.86041189931351,5.94965675057208
1.663970633236884,1.0,12,none,medium,5.839929639401941,68.67194371152155,2.832014072119612
1.4609706332328087,0.0,12,none,medium,-63.36842105263159,21.789473684210524,15.157894736842106
0.8389706332366085,1.0,12,none,high,-60.0,0.0,80.0
1.2979706332367618,1.0,12,none,medium,-30.0,0.0,80.0
1.6689706332368857,1.0,12,none,medium,14.11177644710579,13.233532934131736,39.12175648702595
0.8279706332366048,1.0,12,none,low,-30.0,0.0,50.0
0.675970633236554,1.0,12,none,medium,-77.48858447488584,11.260273972602736,8.748858447488585
0.9499706332366455,1.0,12,none,high,-40.0,0.0,90.0
1.1619706332367163,1.0,12,none,medium,-30.0,0.0,80.0
0.6559706332365474,1.0,12,none,medium,-68.09374999999999,10.583333333333329,8.677083333333332
0.6539706332365467,1.0,12,none,medium,80.0,20.0,0.0
0.9829706332366566,1.0,12,none,medium,10.01760563380282,56.01232394366197,5.994718309859153
1.0959706332366943,1.0,12,none,high,-34.65116279069768,21.3406292749658,65.99179206566347
1.7349706332329002,0.0,12,none,low,-60.0,0.0,10.0
2.979970633237323,1.0,12,none,medium,-55.93501805054152,17.501805054151625,23.43682310469314
1.1199706332367023,1.0,12,none,low,-26.16129032258065,1.645161290322579,37.80645161290323
0.6659706332365507,1.0,12,none,low,14.476987447698743,8.619246861924687,34.14225941422595
1.8549706332369478,1.0,12,none,low,24.932935916542476,17.973174366616988,3.040238450074515
0.9199706332366355,1.0,12,none,low,20.0,30.0,0.0
2.119970633233029,0.0,12,none,low,7.777777777777778,5.925925925925926,8.148148148148147
1.1379706332367083,1.0,12,none,medium,-20.163934426229503,26.557377049180328,16.721311475409834
0.9087399124437953,0.0,13,none,medium,-8.869969040247678,56.90402476780186,5.773993808049536
0.8257399124437675,0.0,13,none,high,34.502446982055474,70.0326264274062,15.530179445350733
0.6877399124437215,0.0,13,none,medium,-9.164490861618798,60.6266318537859,9.7911227154047
0.6477399124437081,0.0,13,none,medium,-61.24729632299928,16.66906993511175,7.91636625811103
0.8237399124477743,1.0,13,none,low,6.97300402067777,5.65766800689259,8.684663986214819
0.7737399124437502,0.0,13,none,low,-29.411027568922307,8.471177944862152,7.882205513784461
1.5017399124480009,1.0,13,none,low,4.052287581699344,2.8104575163398686,28.758169934640524
1.684739912448062,1.0,13,none,low,24.115523465703973,6.823104693140794,12.707581227436824
0.7487399124437418,0.0,13,none,high,11.099601593625492,40.54980079681275,29.450199203187253
1.31973991244794,1.0,13,none,high,-23.00234558248632,17.07584050039093,50.078186082877245
0.6817399124437195,0.0,13,none,high,-13.058455114822545,38.470772442588725,51.52922755741127
0.6207399124436991,0.0,13,none,low,-29.818840579710145,35.158514492753625,4.977355072463768
3.2617399124485877,1.0,13,none,low,26.95459579180509,11.738648947951273,24.78405315614618
2.138739912444206,0.0,13,none,low,-3.5171892708726844,15.889686437476389,9.406875708349071
1.1877399124438885,0.0,13,none,high,-25.96491228070176,22.01754385964912,47.98245614035088
2.365739912444282,0.0,13,none,low,7.658402203856749,13.829201101928374,6.1707988980716255
1.5017399124439934,0.0,13,none,medium,-27.685342388228637,19.388794567062813,27.07413695529145
0.6747399124477246,1.0,13,none,low,34.24858757062147,5.531073446327683,31.28248587570621
1.9807399124441534,0.0,13,none,medium,-19.77250489236791,21.94227005870841,31.71477495107632
1.482739912443987,0.0,13,none,low,9.482262703739211,11.792905081495686,12.310642377756473
0.9177399124437983,0.0,13,none,low,-34.47031127386869,19.147266544598484,13.617577818467172
0.6837399124437201,0.0,13,none,medium,-5.887640449438205,15.161048689138577,31.04868913857678
1.1027399124438602,0.0,13,none,medium,4.908256880733948,38.94495412844037,14.03669724770642
0.6967399124437245,0.0,13,none,medium,-37.13381555153707,31.1754068716094,18.309222423146476
0.8767399124437846,0.0,13,none,low,-3.270072992700729,24.48661800486618,7.75669099756691
0.7907399124437559,0.0,13,none,medium,-17.423913043478258,59.380434782608695,6.804347826086956
0.7967399124477653,1.0,13,none,medium,54.10910690717114,22.9388473383194,18.829740431148263
1.8997399124441263,0.0,13,none,medium,47.234042553191486,21.06382978723404,23.829787234042552
0.7367399124437378,0.0,13,none,high,19.87586206896552,70.63448275862069,10.758620689655167
1.40173991244396,0.0,13,none,medium,-1.137800252844503,29.431099873577747,30.56890012642225
0.7157399124437308,0.0,13,none,high,18.469626168224305,65.08177570093457,16.612149532710276
2.0827399124441874,0.0,13,none,low,2.8752107925801003,14.0893760539629,21.2141652613828
1.446739912443975,0.0,13,none,high,32.95250320924262,42.90115532734275,19.948652118100124
1.0447399124438408,0.0,13,none,medium,8.832116788321171,55.18248175182482,6.350364963503649
1.233739912443904,0.0,13,none,low,-16.95912263210369,9.780658025922232,6.739780658025922
0.9577399124438116,0.0,13,none,high,-23.311965811965813,32.39316239316239,35.705128205128204
0.8387399124437719,0.0,13,none,high,20.493942218080157,62.152842497670086,21.65890027958993
1.4617399124479875,1.0,13,none,high,58.07395993836672,56.03235747303544,17.95839753466872
1.04973991244785,1.0,13,none,low,18.419958419958423,9.604989604989605,31.185031185031185
3.515739912444666,0.0,13,none,low,18.461538461538463,15.384615384615383,6.923076923076921
1.37173991244395,0.0,13,none,low,15.013896609227348,5.00277932184547,19.98888271261812
0.9257399124438009,0.0,13,none,low,12.07465277777778,29.756944444444446,7.682291666666667
0.7967399124437579,0.0,13,none,low,-12.359022556390975,5.093984962406014,7.453007518796992
0.8067399124437612,0.0,13,none,medium,-20.75916230366492,62.31675392670157,3.0759162303664924
0.858739912447786,1.0,13,none,medium,37.7127920274465,5.301421336382944,37.58862930893645
0.8717399124477904,1.0,13,none,medium,46.30573248407643,14.734607218683651,18.42887473460722
0.8817399124477937,1.0,13,none,medium,69.32843651626443,7.932843651626444,18.604407135362013
2.2257399124482427,1.0,13,none,low,28.528546203649206,21.94820482636845,13.419658622719243
0.7287399124437351,0.0,13,none,high,-50.7578947368421,22.073684210526316,52.83157894736842
1.0727399124438501,0.0,13,none,high,7.777777777777786,58.66666666666667,20.88888888888889
0.9327399124438033,0.0,13,none,low,-24.12422360248447,10.58385093167702,14.70807453416149
0.5987399124436917,0.0,13,none,medium,-19.00847035376184,7.633283507722968,56.6417538614848
2.5177399124443327,0.0,13,none,high,-33.30213903743315,17.12566844919786,60.42780748663102
0.888739912447796,1.0,13,none,medium,61.726907630522085,14.859437751004016,23.132530120481924
0.6157399124436974,0.0,13,none,medium,-6.103012633624871,44.72789115646259,10.83090379008746
0.7927399124437565,0.0,13,none,low,-11.736526946107787,5.508982035928144,7.245508982035929
1.0177399124438318,0.0,13,none,low,-26.261079774375503,10.991136180499597,7.252215954875101
1.2637399124479214,1.0,13,none,medium,9.71548998946259,5.943097997892518,56.227608008429925
0.8777399124437849,0.0,13,none,medium,9.101796407185631,41.46107784431138,12.359281437125748
0.6487399124437084,0.0,13,none,low,-41.59453302961276,13.80410022779043,15.398633257403189
0.6257399124437008,0.0,13,none,high,-4.777448071216618,40.118694362017806,34.89614243323442
0.8857399124437876,0.0,13,none,medium,13.984962406015036,36.99248120300752,23.00751879699248
2.365739912444282,0.0,13,none,low,2.8288471305231084,4.276282376841036,11.447435246317928
0.7337399124477443,1.0,13,none,high,50.07012622720897,27.713884992987374,27.643758765778404
0.8977399124437916,0.0,13,none,high,-74.98477157360405,7.949238578680203,72.93401015228426
1.209739912443896,0.0,13,none,high,38.62587763289869,50.69207622868606,22.066198595787363
0.8587399124437786,0.0,13,none,high,29.309090909090912,58.298181818181824,18.98909090909091
3.787739912444757,0.0,13,none,medium,-6.737451737451739,6.978764478764478,53.71621621621621
0.6557399124437108,0.0,13,none,medium,-23.473344103392566,36.18739903069467,9.660743134087236
1.6227399124480413,1.0,13,none,medium,23.11239193083573,3.679154658981748,50.56676272814602
0.9117399124437963,0.0,13,none,medium,-51.1044776119403,11.022388059701488,42.12686567164179
1.2657399124439146,0.0,13,none,high,24.051724137931032,48.9655172413793,34.91379310344828
0.7147399124437305,0.0,13,none,medium,-17.869302580999452,33.17408017572762,21.04338275672707
0.7137399124477376,1.0,13,none,medium,13.60178970917226,2.360178970917226,68.75838926174497
0.7197399124437321,0.0,13,none,medium,-39.10485933503836,45.80562659846547,4.910485933503836
0.7727399124437498,0.0,13,none,high,-40.211397058823536,24.485294117647054,34.69669117647059
0.9077399124437949,0.0,13,none,high,-11.656976744186045,50.36337209302326,22.0203488372093
2.168739912444216,0.0,13,none,high,27.813471502590684,50.73575129533679,32.92227979274611
1.172739912447891,1.0,13,none,low,42.42371403661727,15.605928509154316,13.182214472537051
1.1187399124438655,0.0,13,none,high,-20.49028677150787,36.79925994449584,47.2895467160037
1.1177399124438652,0.0,13,none,high,-10.896391152502916,34.55180442374854,45.44819557625146
0.771739912447757,1.0,13,none,medium,11.490196078431364,5.72549019607843,64.23529411764706
0.8067399124437612,0.0,13,none,high,21.12589559877176,62.231320368474925,11.10542476970317
1.4067399124479691,1.0,13,none,medium,19.66712898751733,7.933425797503466,48.26629680998613
0.8897399124437889,0.0,13,none,high,43.62997658079626,66.81498829039813,23.185011709601877
0.7567399124437445,0.0,13,none,low,10.8411717280301,17.5033593120129,16.6621875839828
0.8867399124437879,0.0,13,none,high,26.383265856950064,65.46558704453442,19.08232118758435
2.15773991244822,1.0,13,none,medium,2.517985611510788,18.8968824940048,26.378896882494008
0.5857399124436874,0.0,13,none,low,-6.040044493882087,46.25139043381535,2.2914349276974413
0.6857399124477283,1.0,13,none,medium,48.84615384615385,32.30769230769231,13.46153846153846
0.819739912447773,1.0,13,none,medium,62.03152364273205,8.003502626970228,15.971978984238175
1.1117399124438632,0.0,13,none,low,-38.69565217391305,18.26086956521739,6.956521739130435
1.1937399124438905,0.0,13,none,medium,-6.54377880184332,11.152073732718891,57.69585253456221
0.6657399124437141,0.0,13,none,medium,-60.26711185308848,13.15525876460768,33.42237061769616
0.7437399124437402,0.0,13,none,low,-16.226851851851855,8.263888888888888,14.490740740740742
2.7507399124444105,0.0,13,none,high,-11.319875776397517,19.472049689440997,60.79192546583851
0.888739912447796,1.0,13,none,low,2.2405660377358485,3.060141509433962,20.819575471698112
1.2527399124479177,1.0,13,none,low,18.63636363636364,4.090909090909091,35.45454545454545
1.8817399124441203,0.0,13,none,low,14.392876416621696,22.19643820831085,7.803561791689152
1.4607399124439797,0.0,13,none,low,6.902887139107608,2.4146981627296578,45.511811023622045
0.8337399124437702,0.0,13,none,high,35.87266739846324,49.4072447859495,23.534577387486276
0.8117399124437629,0.0,13,none,medium,-61.04125736738704,15.166994106090367,16.208251473477407
1.690739912448064,1.0,13,none,medium,-15.14649681528663,4.050955414012737,69.19745222929936
0.9077399124437949,0.0,13,none,low,-0.9455958549222788,31.243523316062177,2.189119170984456
1.8687399124481234,1.0,13,none,high,-40.0,0.0,90.0
0.6567399124437111,0.0,13,none,high,41.75438596491229,60.175438596491226,8.421052631578943
0.8017399124437595,0.0,13,none,medium,0.1113967437874947,73.72750642673522,3.616109682947728
0.7297399124437355,0.0,13,none,high,-18.590755355129648,23.99098083427283,52.58173618940248
1.3697399124479568,1.0,13,none,low,23.352402745995423,6.670480549199085,13.31807780320366
1.0447399124438408,0.0,13,none,low,-6.579292267365664,6.710353866317168,13.289646133682831
2.45673991244832,1.0,13,none,low,13.864077669902912,11.288025889967637,17.423948220064723
0.958739912443812,0.0,13,none,medium,-7.540431266846365,34.97304582210242,12.513477088948788
1.1437399124478813,1.0,13,none,low,-1.2540192926045028,2.186495176848874,23.440514469453376
0.6547399124437104,0.0,13,none,high,36.51346027577151,62.14051214707814,15.627051871306632
0.9057399124437943,0.0,13,none,medium,28.86567164179105,57.67164179104477,8.805970149253731
0.7377399124437382,0.0,13,none,high,8.68838028169015,47.30046948356808,28.61208920187793
0.7247399124437338,0.0,13,none,high,10.204841713221608,51.54562383612663,21.340782122905026
1.0717399124438498,0.0,13,none,low,-21.221779548472774,10.730411686586985,21.95219123505976
2.96673991244849,1.0,13,none,medium,43.8522809558291,33.54091238233164,9.688631426502536
1.0477399124438418,0.0,13,none,high,-26.146892655367232,14.508474576271182,60.655367231638415
1.2237399124439006,0.0,13,none,high,-26.704035874439462,13.318385650224217,70.02242152466368
0.7557399124437442,0.0,13,none,high,25.439688715953316,49.61867704280156,34.17898832684824
0.6917399124437228,0.0,13,none,medium,-34.86335750139432,24.595649749023984,19.459007250418296
0.9087399124437953,0.0,13,none,medium,-3.4158665992925705,14.633653360282972,38.04951995957554
0.9877399124438216,0.0,13,none,medium,-65.6461961503208,12.75893675527039,8.4051329055912
1.1557399124438779,0.0,13,none,high,-44.79692645444567,12.601536772777168,57.398463227222834
0.6767399124437178,0.0,13,none,high,-5.6616257088846815,45.74669187145558,21.408317580340263
1.5257399124440014,0.0,13,none,high,12.030360531309302,33.24478178368121,31.21442125237192
1.4747399124439844,0.0,13,none,low,19.95640802092415,24.97820401046208,5.021795989537923
1.0657399124438478,0.0,13,none,low,12.71728271728272,13.086913086913087,10.369630369630368
0.8897399124437889,0.0,13,none,high,43.11336717428088,56.55668358714044,13.443316412859556
1.0877399124478626,1.0,13,none,medium,29.200343938091144,19.733447979363717,20.53310404127257
0.7027399124437265,0.0,13,none,medium,12.185354691075522,48.12356979405035,5.938215102974826
0.6987399124437251,0.0,13,none,high,28.688293370945,71.21297602256699,12.524682651622
0.6577399124437114,0.0,13,none,medium,10.828402366863903,20.33136094674556,29.502958579881653
0.9907399124478301,1.0,13,none,medium,43.11300639658849,12.622601279317696,29.50959488272921
0.7067399124437278,0.0,13,none,high,8.275862068965516,31.511936339522546,33.236074270557026
0.7267399124477419,1.0,13,none,low,7.276595744680847,2.159574468085106,54.88297872340426
1.5027399124480012,1.0,13,none,medium,53.08555399719495,16.241234221598877,13.155680224403929
0.8257399124437675,0.0,13,none,medium,43.00944669365722,21.90283400809717,18.893387314439945
0.6377399124437048,0.0,13,none,low,-50.35087719298246,17.192982456140346,7.543859649122807
0.7867399124437545,0.0,13,none,low,-30.375699440447644,5.4996003197442045,25.875299760191847
1.3067399124479357,1.0,13,none,low,3.4540389972144805,1.92200557103064,48.46796657381616
0.7917399124437562,0.0,13,none,medium,-6.758620689655171,48.82758620689656,15.586206896551724
1.0107399124438294,0.0,13,none,medium,-35.96774193548387,21.65689149560117,27.624633431085044
0.7077399124437281,0.0,13,none,high,-9.739534883720928,43.23720930232558,22.97674418604651
2.126739912444202,0.0,13,none,high,31.103117505995208,44.2326139088729,33.12949640287769
0.9997399124478331,1.0,13,none,medium,39.79870596693027,26.599568655643424,26.800862688713156
1.0207399124438328,0.0,13,none,high,-47.08824580207217,18.806716684530183,45.89496248660236
0.8287399124437685,0.0,13,none,high,-40.85219707057257,22.37017310252996,43.222370173102526
0.6477399124437081,0.0,13,none,medium,-17.737321196358906,55.34460338101431,3.081924577373212
0.7677399124437482,0.0,13,none,high,11.38211382113822,43.82113821138211,22.439024390243897
0.7947399124437572,0.0,13,none,medium,-63.68770764119601,19.734219269102987,23.421926910299003
0.8327399124437699,0.0,13,none,medium,46.105960264900666,31.311258278145697,15.205298013245033
1.3097399124439293,0.0,13,none,low,-24.0,8.0,32.0
1.5487399124480166,1.0,13,none,low,14.698544698544698,4.116424116424116,29.417879417879416
0.7467399124437412,0.0,13,none,high,-2.2913719943422883,60.72135785007072,13.01272984441301
1.7737399124440842,0.0,13,none,medium,6.549560853199498,33.27478042659975,26.72521957340025
1.4897399124439894,0.0,13,none,high,-17.000828500414258,36.49958574979287,53.50041425020713
0.7937399124437569,0.0,13,none,high,-36.032210834553446,27.057101024890184,33.08931185944363
0.8037399124437602,0.0,13,none,medium,-4.734446130500761,8.421851289833079,43.15629742033384
1.010739912447837,1.0,13,none,medium,57.068607068607065,14.012474012474012,26.943866943866944
0.8657399124437809,0.0,13,none,high,-53.755656108597286,21.74660633484163,45.50226244343891
1.4027399124479678,1.0,13,none,low,20.3347280334728,10.0836820083682,29.748953974895397
2.2167399124482396,1.0,13,none,low,2.8113879003558715,1.6014234875444842,58.79003558718861
1.193739912447898,1.0,13,none,medium,-0.5287896592244401,7.36780258519389,67.89659224441833
1.9177399124481398,1.0,13,none,low,28.88949373979314,13.96842678279804,15.0789330430049
1.208739912447903,1.0,13,none,low,-9.009247027741084,5.495376486129459,14.504623513870545
1.5087399124439957,0.0,13,none,low,9.655172413793103,11.86206896551724,12.206896551724135
0.6877399124437215,0.0,13,none,low,7.027027027027028,31.35135135135135,4.324324324324324
2.760739912444414,0.0,13,none,medium,-38.44618674269423,10.776906628652888,49.22309337134712
1.6047399124440278,0.0,13,none,low,4.896907216494848,16.5979381443299,1.701030927835051
1.5287399124440024,0.0,13,none,high,-3.6835599505562513,11.174289245982692,64.85784919653894
1.337739912447946,1.0,13,none,medium,25.02369668246445,18.341232227488156,23.3175355450237
0.8077399124437615,0.0,13,none,low,11.939328277356449,7.313109425785482,5.3737811484290345
1.4687399124479898,1.0,13,none,high,5.217391304347817,13.913043478260867,58.69565217391305
1.1047399124438608,0.0,13,none,high,-7.94912559618442,56.80445151033386,14.753577106518282
0.7157399124437308,0.0,13,none,low,-5.783783783783784,12.108108108108109,17.89189189189189
1.1117399124438632,0.0,13,none,high,25.02024291497976,36.43724696356275,31.41700404858299
0.7377399124437382,0.0,13,none,medium,-18.847006651884705,9.401330376940132,38.24833702882484
0.9187399124437986,0.0,13,none,high,44.64921465968587,62.32460732984293,17.675392670157063
1.1687399124438822,0.0,13,none,low,-4.232585596221961,15.460448642266822,9.693034238488783
0.7537399124437435,0.0,13,none,medium,17.530120481927717,42.28915662650602,14.75903614457831
0.8967399124437913,0.0,13,none,low,-9.36212958312406,8.844801607232544,28.2069311903566
1.106739912447869,1.0,13,none,medium,51.06463878326996,20.26615969581749,29.20152091254753
2.1647399124482223,1.0,13,none,low,1.356321839080456,2.839080459770114,21.48275862068965
1.0537399124438438,0.0,13,none,high,35.961742826780025,41.12646121147715,25.164718384697128
0.958739912443812,0.0,13,none,medium,26.65015479876162,61.5046439628483,4.854489164086684
0.6807399124437191,0.0,13,none,high,-36.40776699029127,14.696601941747572,71.10436893203884
0.7347399124437372,0.0,13,none,medium,-53.15789473684211,9.824561403508769,42.98245614035088
0.6977399124437248,0.0,13,none,low,-23.63082281236396,13.095341750108837,6.726164562472791
1.220739912447907,1.0,13,none,medium,-20.0,0.0,90.0
0.8607399124437792,0.0,13,none,medium,-69.70664365832614,15.220017256255389,24.926660914581536
0.9967399124478321,1.0,13,none,medium,8.830059777967547,2.092228864218616,63.26216908625106
1.332739912443937,0.0,13,none,low,-30.561622464898598,7.55070202808112,8.112324492979718
1.0787399124438521,0.0,13,none,high,17.937336814621418,38.47258485639687,40.535248041775446
0.6597399124437121,0.0,13,none,low,9.082125603864736,23.449275362318843,4.367149758454106
1.6857399124480623,1.0,13,none,medium,-13.065902578796562,5.644699140401145,48.710601719197705
0.8007399124437592,0.0,13,none,high,18.08014911463188,47.4277726001864,19.347623485554514
1.4087399124439623,0.0,13,none,medium,10.059940059940056,12.017982017982018,41.95804195804196
1.8927399124481314,1.0,13,none,low,6.938775510204081,8.979591836734693,22.04081632653061
0.6957399124437241,0.0,13,none,medium,-44.11229135053111,26.10015174506829,20.212443095599397
0.9187399124478061,1.0,13,none,medium,-7.422389463781755,5.644402634054561,73.06679209783631
3.9217399124448016,0.0,13,none,low,8.557377049180328,4.639344262295082,16.081967213114755
1.861739912448121,1.0,13,none,medium,80.0,40.0,0.0
1.2557399124479187,1.0,13,none,medium,47.627906976744185,13.525581395348835,25.897674418604648
0.7577399124477523,1.0,13,none,low,17.900287631831258,4.650047938638543,26.74976030680729
0.9607399124478201,1.0,13,none,medium,-16.335078534031418,7.88830715532286,64.22338568935427
0.9107399124437959,0.0,13,none,low,-10.710321864594894,6.1931187569367365,6.903440621531631
0.7677399124437482,0.0,13,none,low,-21.85358986391366,3.054903801032379,44.90849366494604
0.8657399124477884,1.0,13,none,medium,50.24518388791593,6.024518388791593,35.779334500875656
0.9047399124437939,0.0,13,none,medium,-52.19589257503949,20.221169036334917,22.417061611374407
0.7417399124437395,0.0,13,none,medium,-59.08502024291498,18.591093117408903,7.676113360323886
0.8797399124437856,0.0,13,none,high,40.17142857142858,48.2,28.028571428571425
0.7557399124437442,0.0,13,none,medium,-55.14215080346106,26.14338689740421,21.285537700865262
1.8517399124481178,1.0,13,none,low,-1.9261637239165328,6.024612092027822,27.950775815944358
0.9097399124478031,1.0,13,none,low,35.097312326227986,24.411492122335492,9.314179796107505
0.9087399124437953,0.0,13,none,low,-10.188916876574307,42.69521410579345,2.884130982367758
2.4857399124483295,1.0,13,none,low,25.96330275229358,15.321100917431192,9.357798165137613
1.1777399124438852,0.0,13,none,high,55.0620347394541,58.36228287841191,13.300248138957816
0.6787399124437185,0.0,13,none,medium,20.0,70.0,0.0
0.8547399124437772,0.0,13,none,low,-36.16494845360825,17.876288659793815,14.041237113402062
1.1237399124478746,1.0,13,none,medium,9.375,9.84375,60.46875
0.6767399124437178,0.0,13,none,medium,37.70147161878066,25.90049053959355,28.199018920812897
0.7507399124437425,0.0,13,none,medium,-48.71604938271605,33.77777777777777,12.493827160493826
0.8077399124437615,0.0,13,none,high,9.528907922912207,63.98286937901499,14.453961456102784
2.018739912444166,0.0,13,none,high,29.07957813998083,59.53978906999041,30.460210930009584
1.1727399124438835,0.0,13,none,high,-61.2665489849956,15.211827007943509,66.47837599293909
1.1867399124478957,1.0,13,none,medium,-18.852895495895275,9.398713112935432,38.25160860883071
0.8287399124437685,0.0,13,none,low,0.1116163704009931,22.583712277800743,2.472095907399752
0.958739912443812,0.0,13,none,high,-64.97761862130707,17.323187108325868,32.30080572963295
1.0317399124438364,0.0,13,none,medium,-39.5635142697258,11.147174034695016,40.71068830442081
1.021739912443833,0.0,13,none,low,-18.35182250396197,4.992076069730586,33.34389857369255
0.7507399124437425,0.0,13,none,low,-9.051678209909426,53.329781566329245,2.381459776238678
0.7757399124437508,0.0,13,none,medium,12.403433476394849,48.06866952789699,15.665236051502148
1.2287399124439022,0.0,13,none,low,-18.64029666254635,10.679851668726824,29.32014833127317
0.964739912443814,0.0,13,none,low,-28.868299139642623,26.684315023163467,5.552614162806089
0.6857399124437208,0.0,13,none,medium,-41.82949595519602,21.91039203484754,13.73988799004356
1.0107399124438294,0.0,13,none,low,17.004669779853234,6.751167444963309,9.746497665110072
0.7347399124437372,0.0,13,none,high,-39.47368421052632,23.157894736842103,42.63157894736842
1.723739912448075,1.0,13,none,low,-26.14771904417089,2.889210716871831,9.036929761042725
1.254739912443911,0.0,13,none,medium,-58.29145728643216,14.472361809045225,32.76381909547739
0.7547399124477513,1.0,13,none,low,42.39813736903376,15.59953434225844,13.20139697322468
2.4377399124483135,1.0,13,none,low,0.6134969325153348,2.1226993865030668,31.50920245398773
1.2437399124439072,0.0,13,none,low,-16.256410256410255,10.307692307692308,6.564102564102564
0.8637399124437802,0.0,13,none,high,27.62408462164362,48.81204231082181,21.187957689178187
1.0257399124438344,0.0,13,none,high,-25.765124555160146,15.800711743772238,51.56583629893238
0.9637399124438136,0.0,13,none,high,17.796817625459,46.02203182374541,38.22521419828641
0.6177399124436981,0.0,13,none,medium,32.45398773006135,50.42944785276074,7.975460122699385
0.8037399124437602,0.0,13,none,medium,3.319415448851774,17.32776617954071,34.00835073068894
0.7777399124437515,0.0,13,none,high,-35.33333333333333,18.666666666666664,44.0
0.9097399124437956,0.0,13,none,low,-18.07017543859649,8.947368421052632,7.017543859649122
0.8667399124437812,0.0,13,none,high,1.0480349344978137,40.5240174672489,39.47598253275109
0.8517399124437762,0.0,13,none,medium,-44.5144804088586,16.21805792163543,30.73253833049404
1.1167399124478723,1.0,13,none,low,3.839373163565132,4.613124387855044,10.773751224289912
1.5697399124440161,0.0,13,none,medium,-38.7828947368421,10.608552631578949,49.39144736842105
0.8597399124437789,0.0,13,none,low,-4.284090909090908,10.477272727272728,4.761363636363636
0.7337399124437368,0.0,13,none,high,31.839572192513373,68.53475935828877,16.695187165775398
1.1147399124438642,0.0,13,none,high,43.420427553444185,44.32304038004751,20.90261282660332
0.7727399124437498,0.0,13,none,high,53.80116959064328,66.90058479532163,13.09941520467836
1.7257399124480757,1.0,13,none,low,5.567805953693495,7.783902976846747,2.216097023153252
0.7297399124437355,0.0,13,none,low,-6.691176470588236,1.654411764705882,8.345588235294118
1.5477399124440088,0.0,13,none,low,-6.432906271072149,14.14025623735671,10.57316250842886
1.5157399124480055,1.0,13,none,low,28.29259394381613,13.797883983947465,15.50529004013134
0.9497399124478164,1.0,13,none,medium,43.94190871369295,5.394190871369294,41.45228215767634
0.9057399124478017,1.0,13,none,low,9.410288582183185,2.772898368883312,43.362609786700126
0.7617399124437462,0.0,13,none,medium,-9.418994413407813,60.43575418994413,9.854748603351954
0.8547399124437772,0.0,13,none,low,-7.879249112125825,1.060375443937087,8.939624556062912
0.7737399124437502,0.0,13,none,medium,-3.03609341825902,61.57112526539279,4.607218683651804
0.8217399124477737,1.0,13,none,low,53.75350140056023,7.969187675070028,14.215686274509803
0.6977399124437248,0.0,13,none,low,-20.333333333333336,29.75,10.083333333333332
1.208739912447903,1.0,13,none,medium,1.9461444308445517,9.583843329253364,47.63769889840881
1.0957399124478653,1.0,13,none,medium,27.16697936210131,26.866791744840523,19.699812382739207
1.8817399124441203,0.0,13,none,low,-19.07120743034056,10.46439628482972,29.53560371517028
0.7197399124437321,0.0,13,none,medium,-50.83150984682713,35.25164113785558,6.083150984682714
0.6737399124437168,0.0,13,none,medium,-10.51666666666666,50.53333333333334,11.05
1.0527399124438435,0.0,13,none,low,17.5,17.8125,20.3125
2.795739912448434,1.0,13,none,low,20.0,5.0,25.0
0.7967399124477653,1.0,13,none,low,9.273972602739722,2.7534246575342456,43.47945205479452
1.0937399124438572,0.0,13,none,low,-8.464679461004492,10.767660269497757,19.232339730502247
2.469739912448324,1.0,13,none,medium,37.01555869872701,28.005657708628004,20.990099009900984
0.9937399124438236,0.0,13,none,low,-0.1844605925097866,14.907769703745108,15.092230296254892
1.0437399124438405,0.0,13,none,medium,-50.5950991831972,19.603267211201864,30.198366394399063
0.7327399124437365,0.0,13,none,medium,-13.23049001814882,69.09255898366607,2.3230490018148817
0.7507399124437425,0.0,13,none,medium,8.487394957983199,61.04575163398693,2.558356676003734
1.2857399124479287,1.0,13,none,medium,5.587967183226983,1.731996353691887,66.1440291704649
1.5327399124480112,1.0,13,none,medium,-5.159817351598175,6.210045662100456,71.36986301369863
0.7547399124437438,0.0,13,none,medium,-50.35532994923858,15.279187817258885,15.634517766497462
0.8487399124437752,0.0,13,none,high,-29.53608247422681,32.01030927835052,51.54639175257732
0.6717399124437161,0.0,13,none,low,10.945626477541374,15.354609929078014,24.40898345153664
1.488739912443989,0.0,13,none,low,-19.66101694915254,10.169491525423728,29.83050847457627
0.997739912443825,0.0,13,none,medium,-44.83474976392824,8.271954674220959,43.1067044381492
1.2867399124439216,0.0,13,none,high,72.84499054820415,53.13799621928167,10.2930056710775
1.690739912448064,1.0,13,none,low,-6.413166855845631,3.881952326901248,40.29511918274688
2.744739912448416,1.0,13,none,low,-4.212290502793296,5.262569832402234,29.47486033519553
2.9407399124484814,1.0,13,none,low,0.5608283002588408,1.7601380500431398,41.1993097497843
1.6737399124440508,0.0,13,none,low,-3.497109826589593,11.358381502890174,24.85549132947977
0.837739912447779,1.0,13,none,medium,55.4950495049505,23.31683168316832,17.821782178217816
0.7287399124437351,0.0,13,none,medium,-61.481481481481474,14.814814814814808,16.296296296296294
0.7177399124437315,0.0,13,none,low,-29.357326478149098,22.98200514138817,12.339331619537274
0.7677399124437482,0.0,13,none,high,36.40350877192983,41.31578947368421,24.912280701754383
0.8947399124437906,0.0,13,none,medium,-26.788154897494305,22.14123006833713,18.929384965831435
0.9057399124437943,0.0,13,none,medium,7.037037037037038,10.101010101010102,53.063973063973066
1.5637399124480216,1.0,13,none,medium,10.799522673031024,18.47255369928401,37.673031026252985
1.4547399124439777,0.0,13,none,high,21.395167575993767,49.212782540919726,17.817614964925955
0.7167399124437311,0.0,13,none,medium,-66.920245398773,18.883435582822088,15.803680981595091
0.6747399124437171,0.0,13,none,medium,-39.0463505594033,21.66755460841769,20.71390516782099
1.0347399124438375,0.0,13,none,low,-27.6875,8.208333333333332,15.895833333333334
2.9367399124444726,0.0,13,none,low,4.7029702970297045,29.8019801980198,5.099009900990098
2.560739912444347,0.0,13,none,low,-6.044399596367306,1.977800201816347,8.022199798183653
0.9637399124438136,0.0,13,none,high,18.532110091743128,49.26605504587157,30.73394495412844
2.019739912448174,1.0,13,none,medium,9.139072847682115,5.298013245033112,66.15894039735099
0.7957399124437575,0.0,13,none,high,10.896032831737353,50.44801641586867,39.55198358413132
1.5097399124480035,1.0,13,none,medium,47.67441860465116,15.03875968992248,17.364341085271313
1.6287399124480433,1.0,13,none,low,36.698337292161526,16.19952494061758,9.501187648456057
1.0337399124438371,0.0,13,none,medium,-35.887512899896805,21.707946336429305,27.59545923632611
0.9227399124478074,1.0,13,none,low,46.28828828828829,7.036036036036037,20.74774774774775
1.277739912447926,1.0,13,none,medium,52.10445468509985,24.631336405529957,12.526881720430104
0.7487399124437418,0.0,13,none,high,-52.54335260115607,14.643545279383424,57.1868978805395
1.0817399124438531,0.0,13,none,medium,-15.919732441471574,31.54682274247492,27.46655518394649
0.7827399124437532,0.0,13,none,low,11.842576028622538,15.92128801431127,4.07871198568873
0.6837399124437201,0.0,13,none,low,22.56551724137931,31.282758620689656,8.717241379310344
0.9027399124437933,0.0,13,none,high,4.887165021156559,65.69111424541607,10.80394922425952
0.8797399124437856,0.0,13,none,medium,26.048109965635746,51.628865979381445,5.580756013745703
0.8907399124437893,0.0,13,none,high,-34.78087649402391,35.49800796812749,30.2788844621514
1.4597399124439794,0.0,13,none,low,4.1387283236994215,7.069364161849711,2.930635838150289
0.7077399124437281,0.0,13,none,low,-53.05418719211823,14.827586206896548,7.881773399014778
2.957739912448486,1.0,13,none,low,-0.6289308176100636,9.685534591194967,10.314465408805033
0.8457399124437742,0.0,13,none,medium,-56.3302752293578,15.779816513761464,32.11009174311926
1.5307399124480106,1.0,13,none,medium,27.8099173553719,3.7809917355371914,55.97107438016529
0.9017399124437929,0.0,13,none,high,-47.89603960396039,27.06683168316831,34.96287128712871
1.9117399124441303,0.0,13,none,high,56.16424116424116,46.46569646569647,20.30145530145529
0.7707399124437492,0.0,13,none,medium,-61.297509829619926,25.83224115334207,7.129750982961992
0.7987399124437585,0.0,13,none,low,-6.619718309859156,5.352112676056338,21.97183098591549
0.6337399124437034,0.0,13,none,low,-8.01005025125628,54.24120603015076,2.251256281407035
1.2047399124438942,0.0,13,none,low,-2.8485370051635126,2.383820998278829,15.23235800344234
1.4577399124479862,1.0,13,none,medium,55.6865787432118,16.819239720713732,11.13266097750194
0.9347399124438039,0.0,13,none,high,-16.884779516358456,29.701280227596012,56.58605974395448
0.5817399124436861,0.0,13,none,high,-11.846846846846836,46.89189189189189,28.73873873873873
1.0517399124478506,1.0,13,none,medium,19.121338912133893,7.824267782426778,48.70292887029288
0.9447399124438073,0.0,13,none,medium,12.843137254901963,57.990196078431374,5.147058823529412
1.434739912443971,0.0,13,none,high,64.57212713936431,49.82885085574572,15.25672371638141
0.7867399124437545,0.0,13,none,high,-66.4816870144284,16.281908990011097,32.76359600443951
0.979739912443819,0.0,13,none,medium,-3.696202531645565,55.493670886075954,9.189873417721518
1.9267399124481428,1.0,13,none,high,50.6266318537859,27.885117493472585,27.25848563968669
0.9897399124438223,0.0,13,none,medium,-14.37462235649547,30.416918429003022,14.79154078549849
6.158739912449556,1.0,13,none,medium,-6.275695284159619,7.908101571946793,44.18379685610641
0.6087399124436951,0.0,13,none,medium,-46.106442577030805,27.114845938375357,13.221288515406162
0.8157399124437642,0.0,13,none,medium,-30.278372591006423,44.197002141327616,4.475374732334047
1.4937399124439907,0.0,13,none,low,-26.34146341463415,7.804878048780488,24.14634146341464
0.9777399124438183,0.0,13,none,medium,2.8996282527881085,37.73977695167287,14.840148698884756
0.6677399124437148,0.0,13,none,low,-8.463983050847459,44.17372881355932,2.63771186440678
2.2337399124482453,1.0,13,none,low,-1.417797888386124,5.30920060331825,36.72699849170438
1.413739912443964,0.0,13,none,medium,11.009174311926609,47.33944954128441,6.330275229357798
1.2217399124479074,1.0,13,none,medium,53.72093023255814,16.382428940568477,12.661498708010337
0.6227399124436998,0.0,13,none,medium,-52.241134751773046,30.893617021276597,13.134751773049643
0.7507399124437425,0.0,13,none,medium,23.477876106194696,28.212389380530976,14.73451327433628
1.1727399124438835,0.0,13,none,high,-37.95600366636114,27.55270394133822,55.50870760769936
0.8057399124477683,1.0,13,none,low,28.125714285714288,6.354285714285714,18.228571428571424
0.6560033202202649,1.0,15,none,low,-1.6091954022988508,2.7969348659003828,14.406130268199233
1.0850033202164007,0.0,15,none,low,1.8888531962736863,20.944426598136843,19.05557340186316
0.5840033202202408,1.0,15,none,high,26.384384384384383,42.168168168168165,35.78378378378378
0.4150033202161769,0.0,15,none,medium,-44.67928496319664,40.78864353312302,5.467928496319664
0.956003320220365,1.0,15,none,medium,-41.74273858921162,9.958506224066388,41.70124481327801
0.7890033202163018,0.0,15,none,low,-2.533783783783786,8.733108108108107,11.266891891891891
0.857003320220332,1.0,15,none,high,1.118598382749333,49.91913746630728,18.80053908355795
0.866003320220335,1.0,15,none,low,18.2280701754386,4.0325814536340845,35.80451127819549
0.4770033202161976,0.0,15,none,low,-49.87354577642893,8.679817905918053,8.55336368234699
0.8920033202163362,0.0,15,none,low,-1.9952114924181965,9.002394253790902,10.997605746209098
0.7110033202202832,1.0,15,none,medium,-27.231270358306183,42.21498371335505,9.446254071661237
0.6940033202162701,0.0,15,none,low,12.340425531914892,4.468085106382978,22.127659574468087
1.9180033202166789,0.0,15,none,medium,-34.82837528604119,13.729977116704806,38.558352402746
1.2260033202204552,1.0,15,none,high,30.34375,54.03125,13.6875
0.3640033202161599,0.0,15,none,medium,59.589041095890416,6.958904109589041,27.369863013698637
1.9450033202166879,0.0,15,none,medium,-9.29133858267716,42.49606299212599,11.787401574803148
0.5750033202162304,0.0,15,none,low,9.387755102040815,8.396501457725948,29.008746355685133
1.3820033202205073,1.0,15,none,low,39.39393939393939,16.96969696969697,7.575757575757574
0.36900332021616156,0.0,15,none,high,42.68817204301075,49.30107526881721,26.61290322580645
0.9270033202203554,1.0,15,none,low,16.327769347496208,12.109256449165402,15.781487101669196
0.44300332021618627,0.0,15,none,medium,-42.95199182839633,32.931562819203265,5.883554647599592
0.9940033202203777,1.0,15,none,low,-4.056680161943319,2.97165991902834,7.02834008097166
0.5600033202162253,0.0,15,none,high,54.93638676844784,29.21119592875318,24.274809160305345
0.5480033202202288,1.0,15,none,low,38.0184331797235,6.859776168531929,18.841342988808425
0.938003320220359,1.0,15,none,medium,10.084899939357186,2.231655548817465,62.14675560946028
0.43000332021618193,0.0,15,none,medium,59.020912547528525,36.00760456273764,6.986692015209123
1.8680033202166622,0.0,15,none,medium,21.942277691107645,44.69578783151326,12.753510140405616
0.502003320216206,0.0,15,none,low,2.636116152450091,15.090744101633394,2.454627949183303
0.7330033202162831,0.0,15,none,high,-9.684210526315784,40.18045112781955,29.864661654135336
1.0020033202203804,1.0,15,none,high,13.01096709870389,16.311066799601196,53.300099700897306
1.2590033202204662,1.0,15,none,high,-25.492610837438427,23.96551724137931,39.45812807881774
0.31900332021614486,0.0,15,none,medium,-4.415437003405224,12.939841089670828,47.35527809307605
1.0390033202203928,1.0,15,none,low,-13.422301304863584,9.946619217081848,13.368920521945434
0.6110033202202498,1.0,15,none,medium,38.83084577114428,10.696517412935322,41.865671641791046
1.3520033202204973,1.0,15,none,low,5.17766497461929,6.294416243654823,41.11675126903553
1.1450033202204282,1.0,15,none,high,-21.064638783269963,33.67734926670288,34.741988049972846
0.5340033202162167,0.0,15,none,low,-20.84158415841584,12.772277227722771,13.613861386138614
1.4010033202165062,0.0,15,none,medium,-0.7940446650124109,4.267990074441686,55.06203473945409
1.0670033202204021,1.0,15,none,medium,11.157024793388429,13.71900826446281,32.561983471074385
1.6560033202205988,1.0,15,none,high,13.283950617283953,31.40740740740741,38.123456790123456
0.9200033202163456,0.0,15,none,high,16.656519533231855,17.432775240994417,50.77625570776255
0.7610033202162925,0.0,15,none,high,59.6996996996997,64.84984984984985,5.150150150150145
0.33100332021614887,0.0,15,none,low,28.580246913580247,7.716049382716049,9.1358024691358
0.9160033202163442,0.0,15,none,medium,66.64874551971326,17.329749103942653,10.68100358422939
0.4290033202161816,0.0,15,none,high,49.99226903749516,69.99613451874758,20.00386548125241
1.0810033202204068,1.0,15,none,medium,6.348314606741575,44.53651685393259,18.18820224719101
0.538003320216218,0.0,15,none,medium,-54.40900562851783,18.61163227016885,23.02063789868668
0.5390033202162183,0.0,15,none,low,21.553398058252423,13.851132686084142,12.297734627831716
0.9240033202203544,1.0,15,none,medium,45.90831918505943,34.36332767402377,8.45500848896434
0.40100332021617224,0.0,15,none,low,5.2486187845303895,17.624309392265197,12.375690607734809
1.7100033202206169,1.0,15,none,high,46.74825174825175,67.5990675990676,10.85081585081585
0.577003320216231,0.0,15,none,medium,47.70535714285715,31.892857142857142,14.187499999999998
2.4360033202168516,0.0,15,none,medium,17.34533183352081,51.56355455568054,4.21822272215973
0.9080033202163416,0.0,15,none,medium,-8.344370860927153,30.99337748344371,19.33774834437086
0.4220033202201867,1.0,15,none,medium,60.43624161073825,17.874720357941833,7.4384787472035745
0.49600332021620397,0.0,15,none,high,-45.762081784386616,28.438661710037177,34.20074349442379
0.6080033202162414,0.0,15,none,high,56.15044247787611,49.7787610619469,13.62831858407079
0.37200332021616256,0.0,15,none,high,33.460559796437664,69.82188295165395,6.361323155216285
1.3850033202205083,1.0,15,none,low,22.62672811059908,8.15668202764977,5.5299539170506895
0.7640033202203009,1.0,15,none,high,-21.059288537549413,36.498023715415016,47.55731225296443
0.8580033202203323,1.0,15,none,high,36.06557377049181,57.11223203026482,11.046658259773016
0.4470033202161876,0.0,15,none,medium,41.662870159453306,19.54441913439636,27.881548974943048
0.3960033202161706,0.0,15,none,high,-1.7151162790697685,23.313953488372093,55.02906976744186
0.5280033202202221,1.0,15,none,medium,1.3872832369942252,59.190751445086704,7.803468208092483
0.3820033202161659,0.0,15,none,low,5.301391035548687,7.650695517774343,2.349304482225656
0.4290033202161816,0.0,15,none,medium,-27.820512820512825,37.94871794871794,15.76923076923077
0.535003320216217,0.0,15,none,low,-6.88768606224628,9.905277401894452,26.79296346414073
0.47800332021619796,0.0,15,none,medium,40.670553935860056,17.667638483965014,36.99708454810496
0.8920033202203437,1.0,15,none,high,53.20730117340287,62.6857887874837,19.478487614080837
2.2150033202207853,1.0,15,none,medium,20.607866507747318,13.802145411203814,43.1942789034565
1.0240033202203878,1.0,15,none,high,43.42857142857143,61.71428571428572,18.28571428571428
0.3490033202161549,0.0,15,none,low,15.67030784508441,17.835153922542204,2.1648460774577942
1.4460033202205287,1.0,15,none,medium,-29.704433497536943,20.197044334975367,19.901477832512317
1.0060033202203817,1.0,15,none,high,-17.666666666666668,33.24444444444444,40.91111111111111
1.1720033202204372,1.0,15,none,medium,6.953488372093021,1.883720930232558,64.93023255813954
0.5880033202202422,1.0,15,none,medium,18.80715705765407,3.20079522862823,54.39363817097416
0.5990033202162384,0.0,15,none,low,9.902200488997554,19.95110024449877,10.04889975550122
0.5380033202202255,1.0,15,none,high,-56.55172413793104,7.241379310344823,53.793103448275865
0.36600332021616055,0.0,15,none,low,-27.97804208600183,8.014638609332112,15.992680695333943
0.7420033202162861,0.0,15,none,medium,-5.161290322580644,32.90322580645161,18.064516129032256
0.40100332021617224,0.0,15,none,high,-43.92945036915505,31.894995898277276,25.82444626743232
0.48400332021619996,0.0,15,none,medium,3.136412459720731,46.54135338345864,13.404940923737916
0.3380033202161512,0.0,15,none,low,-38.07606263982103,18.79194630872483,6.868008948545862
1.2320033202164498,0.0,15,none,low,48.96927651139743,8.424182358771061,9.454905847373634
2.31600332022082,1.0,15,none,high,-8.431073876618427,43.183549124143184,41.61462300076161
2.126003320216748,0.0,15,none,low,-2.5431530494821644,2.485615650172612,15.028768699654776
1.0630033202163933,0.0,15,none,low,20.217391304347828,21.52173913043478,11.304347826086955
0.7710033202162958,0.0,15,none,medium,-40.909090909090914,11.454545454545451,32.36363636363636
0.6880033202162681,0.0,15,none,low,-3.125,48.75,1.875
0.8120033202163095,0.0,15,none,high,-24.698412698412703,34.57142857142857,49.26984126984127
0.7220033202162794,0.0,15,none,medium,-21.77966101694916,7.288135593220336,49.067796610169495
0.3670033202161609,0.0,15,none,medium,-22.064297800338416,7.174280879864636,49.23857868020305
1.5620033202205674,1.0,15,none,high,-30.288461538461537,29.85576923076923,60.14423076923077
0.9260033202163476,0.0,15,none,medium,15.148148148148149,54.18518518518518,9.037037037037036
1.0380033202203924,1.0,15,none,low,21.784869976359342,16.713947990543737,4.929078014184396
0.42200332021617926,0.0,15,none,medium,47.60778859527121,23.28233657858136,15.674547983310154
0.598003320216238,0.0,15,none,medium,-19.80565371024735,39.04004711425206,8.84570082449941
0.4320033202161826,0.0,15,none,low,-6.800976800976798,17.3992673992674,4.2002442002442
0.7390033202202926,1.0,15,none,medium,-27.34375,5.625,42.96875
1.047003320216388,0.0,15,none,medium,-47.54002911208151,25.96797671033479,13.508005822416305
1.0000033202163723,0.0,15,none,high,-27.176470588235293,13.129411764705882,70.30588235294117
0.3590033202161582,0.0,15,none,high,-1.1666666666666572,61.5,12.666666666666664
0.4360033202201914,1.0,15,none,medium,-60.04126547455296,24.511691884456678,14.552957359009628
0.37200332021616256,0.0,15,none,medium,-5.999999999999993,68.72727272727273,4.727272727272726
0.5430033202202271,1.0,15,none,high,4.49438202247191,34.764044943820224,40.26966292134831
0.6420033202202602,1.0,15,none,low,35.29718456725756,7.549530761209593,12.252346193952029
0.6380033202162514,0.0,15,none,low,-7.36457699330493,8.423615337796713,5.788192331101643
0.5700033202162287,0.0,15,none,low,1.2195121951219523,23.414634146341463,2.195121951219512
0.5240033202162133,0.0,15,none,high,-24.43500424808836,16.414613423959217,50.84961767204758
1.152003320216423,0.0,15,none,low,-30.22782750203417,34.8006509357201,5.028478437754272
0.6680033202162614,0.0,15,none,high,35.19348268839104,57.59674134419552,22.40325865580448
0.48800332022020876,1.0,15,none,low,23.373253493013976,22.87425149700599,9.500998003992017
0.47500332021619696,0.0,15,none,low,9.028776978417264,9.676258992805757,20.64748201438849
2.254003320216791,0.0,15,none,medium,-33.09148264984228,21.52996845425867,34.62145110410095
0.6580033202162581,0.0,15,none,high,-11.191709844559584,54.55958549222798,15.751295336787564
0.3410033202161522,0.0,15,none,medium,-6.98795180722891,48.67469879518072,15.662650602409636
0.3520033202161559,0.0,15,none,medium,11.402714932126688,12.420814479638006,41.01809954751131
1.7950033202206452,1.0,15,none,low,-18.820678513731828,8.38449111470113,7.205169628432956
0.616003320216244,0.0,15,none,medium,8.609215017064852,37.42320819112628,18.81399317406143
0.48600332021620063,0.0,15,none,low,31.267123287671232,8.253424657534246,6.986301369863011
1.1450033202164207,0.0,15,none,high,6.829268292682926,35.853658536585364,39.02439024390244
1.6140033202165773,0.0,15,none,low,-5.366906474820143,18.47482014388489,3.841726618705036
1.206003320216441,0.0,15,none,low,-10.738137082601051,6.174575278265964,6.912712360867018
0.7140033202162768,0.0,15,none,medium,-2.980972515856237,65.26427061310783,8.24524312896406
0.7560033202202983,1.0,15,none,low,18.838219326818678,3.604777415852334,44.76655808903366
1.6000033202205801,1.0,15,none,low,42.41730279898219,8.736217133163699,6.3189143341815095
0.999003320216372,0.0,15,none,high,20.352588147036755,61.75543885971493,11.40285071267817
0.7060033202202816,1.0,15,none,low,27.073170731707314,4.634146341463415,37.5609756097561
0.8850033202203413,1.0,15,none,high,-23.80991064175467,14.476035743298132,68.2859463850528
0.6890033202162684,0.0,15,none,low,4.402224281742356,25.801668211306765,1.399443929564411
0.6430033202162531,0.0,15,none,medium,25.94465648854961,15.257633587786255,39.31297709923664
1.7310033202206239,1.0,15,none,medium,20.31971580817052,20.10657193605684,39.78685612788632
1.2130033202204509,1.0,15,none,medium,-25.65853658536586,34.48780487804878,10.146341463414634
0.5520033202162227,0.0,15,none,low,2.203389830508474,19.322033898305083,7.11864406779661
0.6390033202162517,0.0,15,none,medium,66.7987321711569,24.199683042789225,17.400950871632325
0.6050033202162404,0.0,15,none,low,-27.2280701754386,7.298245614035088,24.526315789473685
0.9550033202203647,1.0,15,none,low,4.822134387351783,48.61660079051384,3.794466403162054
1.5440033202205614,1.0,15,none,high,15.187032418952615,42.59351620947631,27.40648379052369
0.7260033202202882,1.0,15,none,high,21.95974576271187,77.51059322033898,5.550847457627116
0.6440033202162534,0.0,15,none,low,11.642512077294686,15.615942028985506,23.973429951690814
0.47500332021619696,0.0,15,none,high,11.977401129943503,33.22033898305085,31.242937853107343
0.3670033202161609,0.0,15,none,low,-23.244325767690253,13.404539385847796,6.6488651535380505
0.517003320216211,0.0,15,none,medium,-8.954545454545453,63.15151515151516,2.106060606060606
0.37200332021616256,0.0,15,none,low,-3.358147229114969,29.313482216708024,2.671629445822994
0.4600033202201994,1.0,15,none,medium,17.47747747747748,20.9009009009009,33.42342342342342
0.3440033202161532,0.0,15,none,medium,-37.828054298642535,28.114630467571644,25.942684766214175
0.4750033202202044,1.0,15,none,low,20.0,10.0,30.0
1.267003320220469,1.0,15,none,high,-10.735930735930737,34.63203463203463,45.36796536796537
1.0970033202204121,1.0,15,none,medium,33.04,4.304,51.264
1.1870033202204422,1.0,15,none,low,-30.8502024291498,21.86234817813765,12.712550607287447
1.517003320216545,0.0,15,none,medium,-35.81589958158996,29.456066945606697,25.271966527196653
0.5240033202162133,0.0,15,none,medium,-23.421052631578945,45.26315789473684,8.68421052631579
1.345003320220495,1.0,15,none,high,56.749555950266426,73.37477797513321,16.625222024866787
0.38000332021616523,0.0,15,none,high,32.10479573712256,68.98756660746004,6.882770870337475
0.6350033202162504,0.0,15,none,low,33.31293706293707,8.662587412587413,5.349650349650348
0.7920033202163028,0.0,15,none,high,20.49773755656108,39.59276018099548,39.09502262443439
1.046003320220395,1.0,15,none,low,16.593406593406595,19.968602825745684,13.37519623233909
0.63400332021625,0.0,15,none,medium,18.240963855421683,13.156626506024097,44.915662650602414
0.45300332022019707,1.0,15,none,high,-27.53340184994861,14.98458376156218,52.5179856115108
0.36600332021616055,0.0,15,none,medium,53.25358851674641,24.976076555023923,11.722488038277511
0.41900332021617825,0.0,15,none,high,13.06666666666667,41.53333333333334,28.46666666666667
0.3580033202161579,0.0,15,none,low,-6.947723440134908,16.526138279932546,23.47386172006745
0.5840033202162334,0.0,15,none,low,-4.816414686825056,23.45572354211663,8.272138228941685
0.4590033202201991,1.0,15,none,high,25.81162324649299,56.432865731462925,20.621242484969937
0.842003320220327,1.0,15,none,low,-1.8347107438016543,5.190082644628098,37.02479338842975
0.565003320216227,0.0,15,none,high,-15.644386194844913,20.471821756225427,46.116207951070336
0.5300033202162153,0.0,15,none,low,-21.42523364485981,14.859813084112147,6.285046728971962
0.5490033202202291,1.0,15,none,medium,71.09140518417463,16.562073669849934,15.470668485675306
0.9400033202203597,1.0,15,none,medium,-20.42105263157895,28.92105263157895,29.342105263157897
0.5740033202202375,1.0,15,none,low,36.809571286141576,16.231306081754735,9.42173479561316
0.9520033202203637,1.0,15,none,medium,3.500482160077148,11.166827386692384,37.66634522661524
1.745003320216621,0.0,15,none,medium,-37.41803278688525,19.006147540983605,36.42418032786885
0.8050033202163072,0.0,15,none,high,33.57293868921776,79.43974630021141,5.866807610993655
0.46300332021619295,0.0,15,none,low,-16.666666666666664,46.66666666666666,3.333333333333333
1.4150033202205183,1.0,15,none,low,60.07444168734492,8.759305210918114,8.684863523573194
1.182003320216433,0.0,15,none,high,-51.9811320754717,26.320754716981128,28.301886792452827
0.815003320220318,1.0,15,none,medium,82.24137931034483,9.224137931034484,6.982758620689653
0.5950033202202445,1.0,15,none,medium,39.862068965517246,11.972413793103447,32.11034482758621
0.49200332021620263,0.0,15,none,medium,-24.729241877256317,31.689530685920577,16.418772563176894
2.8030033202209816,1.0,15,none,medium,-34.67128027681661,12.66435986159169,47.3356401384083
1.6220033202205875,1.0,15,none,low,23.935091277890464,14.645030425963489,10.70993914807302
0.9310033202203567,1.0,15,none,medium,62.0,8.0,16.0
0.6860033202162674,0.0,15,none,medium,-20.0,0.0,70.0
2.4280033202208573,1.0,15,none,medium,34.01197604790419,24.67065868263473,30.658682634730532
0.8190033202203193,1.0,15,none,medium,63.16008316008316,34.38669438669439,11.226611226611226
1.1200033202204198,1.0,15,none,medium,27.796101949025484,43.89805097451274,16.101949025487258
0.6270033202162477,0.0,15,none,medium,22.71028037383177,17.570093457943923,24.859813084112147
0.44500332021618694,0.0,15,none,medium,18.668683812405447,47.20121028744327,8.53252647503782
1.4870033202205424,1.0,15,none,medium,-1.457364341085274,14.01550387596899,45.47286821705426
0.5360033202162173,0.0,15,none,medium,-2.88288288288288,68.54854854854855,1.4314314314314311
1.2070033202164414,0.0,15,none,low,-7.0063694267515935,16.496815286624205,23.5031847133758
0.6090033202162417,0.0,15,none,medium,38.041733547351534,22.680577849117174,14.638844301765648
1.0330033202203908,1.0,15,none,medium,78.56088560885608,8.85608856088561,10.29520295202952
0.999003320216372,0.0,15,none,low,3.675889328063242,6.837944664031621,3.162055335968379
0.6880033202202755,1.0,15,none,high,-19.00293255131965,37.5366568914956,26.53958944281525
1.523003320216547,0.0,15,none,low,2.9226361031518624,6.461318051575931,3.538681948424069
0.8840033202163335,0.0,15,none,low,-4.909344490934451,10.753138075313808,25.662482566248254
0.5860033202202415,1.0,15,none,medium,19.63414634146341,13.536585365853655,43.90243902439025
0.36000332021615855,0.0,15,none,low,51.963800904977376,17.990950226244344,6.027149321266967
0.6620033202202669,1.0,15,none,medium,23.02439024390244,9.560975609756095,36.53658536585366
1.0290033202203894,1.0,15,none,medium,-12.107438016528928,12.396694214876032,34.50413223140496
0.845003320220328,1.0,15,none,medium,49.64331210191082,19.910828025477706,30.26751592356688
0.6090033202202492,1.0,15,none,low,1.7293233082706774,2.932330827067669,21.20300751879699
0.9480033202163549,0.0,15,none,low,5.9641255605381165,17.309417040358742,1.345291479820627
0.9220033202163462,0.0,15,none,low,0.1526162790697691,32.122093023255815,1.969476744186046
0.8550033202203313,1.0,15,none,medium,25.6,9.12,43.52
1.6240033202165807,0.0,15,none,low,8.979409131602507,2.372426141450313,53.3930170098478
0.6890033202162684,0.0,15,none,medium,22.56410256410256,58.9044289044289,6.34032634032634
1.267003320220469,1.0,15,none,high,90.0,60.0,0.0
1.2200033202164458,0.0,15,none,low,14.067796610169497,4.011299435028249,29.94350282485876
1.1260033202164144,0.0,15,none,low,15.70110701107011,14.280442804428043,8.579335793357934
0.40700332021617425,0.0,15,none,high,59.90334572490706,79.36059479553903,9.457249070631969
1.7250033202206219,1.0,15,none,medium,10.211267605633807,60.14084507042254,9.929577464788732
0.5820033202162327,0.0,15,none,low,0.3870292887029265,3.4623430962343087,13.075313807531382
0.5060033202162073,0.0,15,none,medium,-5.062111801242235,37.880434782608695,22.94254658385093
1.1360033202204252,1.0,15,none,low,-11.276102088167054,4.361948955916472,15.638051044083529
1.065003320216394,0.0,15,none,medium,-44.0,32.0,6.0
1.2600033202204666,1.0,15,none,high,1.345565749235476,46.48318042813456,25.13761467889908
0.8860033202203417,1.0,15,none,low,60.0,10.0,0.0
0.508003320216208,0.0,15,none,high,-51.11111111111111,23.33333333333333,44.44444444444444
0.6550033202202645,1.0,15,none,high,28.89686098654708,38.09865470852018,29.201793721973097
1.239003320216452,0.0,15,none,medium,-3.070469798657708,71.1241610738255,4.19463087248322
2.378003320220839,1.0,15,none,low,-1.1431316042267057,31.08549471661864,2.228626320845341
2.053003320220731,1.0,15,none,low,38.42443729903537,25.659163987138264,7.2347266881028895
2.1030033202167404,0.0,15,none,low,-0.0466562986003076,22.830482115085537,12.877138413685843
1.77200332021663,0.0,15,none,high,-43.71747211895911,27.76951672862453,41.486988847583646
1.1120033202204171,1.0,15,none,high,51.23853211009174,28.073394495412845,26.8348623853211
0.6960033202162708,0.0,15,none,high,42.989510489510494,65.59440559440559,12.6048951048951
1.2710033202204702,1.0,15,none,medium,13.855835240274605,23.93592677345538,20.080091533180774
1.0530033202203974,1.0,15,none,high,50.82589285714286,27.946428571428573,27.12053571428571
0.5220033202202201,1.0,15,none,medium,53.01449275362319,13.27536231884058,30.26086956521739
0.3680033202161612,0.0,15,none,high,-35.27391659852821,10.596892886345053,65.87080948487326
0.6610033202202665,1.0,15,none,low,4.550264550264554,29.700176366843035,5.149911816578482
0.5270033202202218,1.0,15,none,medium,61.66838311019568,16.333676622039135,14.665293511843457
0.586003320216234,0.0,15,none,low,3.3935018050541554,20.03610108303249,6.642599277978338
1.0940033202204111,1.0,15,none,medium,-8.197044334975367,10.600985221674875,58.79802955665024
0.8800033202203397,1.0,15,none,high,38.249075215783,67.57090012330457,9.321824907521576
1.2680033202204692,1.0,15,none,medium,7.302631578947366,5.4605263157894735,58.15789473684211
0.4790033202161983,0.0,15,none,low,34.80591497227357,7.467652495378928,12.66173752310536
1.0890033202204095,1.0,15,none,medium,50.285714285714285,15.61904761904762,15.333333333333329
0.4270033202161809,0.0,15,none,medium,-26.678966789667893,51.80811808118081,8.487084870848708
0.5550033202162237,0.0,15,none,high,-39.71428571428572,28.285714285714285,48.0
0.6270033202202552,1.0,15,none,high,14.702380952380947,29.88095238095238,45.17857142857143
0.43400332021618326,0.0,15,none,low,46.54048370136699,16.635120925341745,10.094637223974765
2.091003320220744,1.0,15,none,high,-41.30712008501594,13.39001062699256,64.6971307120085
0.4870033202202084,1.0,15,none,low,2.1621621621621667,63.14189189189189,0.979729729729729
2.5220033202168803,0.0,15,none,high,-9.72696245733788,51.60409556313993,21.331058020477816
1.0730033202204041,1.0,15,none,low,-14.791666666666668,9.124999999999998,13.916666666666666
0.38400332021616657,0.0,15,none,low,19.728682170542637,15.891472868217054,6.162790697674419
0.8140033202163102,0.0,15,none,medium,-0.457516339869283,15.816993464052286,36.27450980392157
0.43100332021618226,0.0,15,none,high,-35.68376068376068,20.85470085470085,66.53846153846155
1.2200033202204532,1.0,15,none,medium,-8.395953757225431,14.046242774566473,32.44219653179191
0.7000033202162721,0.0,15,none,medium,35.09632224168126,21.69877408056042,16.60245183887916
0.36600332021616055,0.0,15,none,low,37.14018691588785,25.17757009345794,8.03738317757009
0.7300033202162821,0.0,15,none,high,-26.695156695156697,14.273504273504274,60.96866096866097
0.806003320220315,1.0,15,none,medium,52.47240618101545,6.247240618101545,33.774834437086085
1.1900033202204432,1.0,15,none,high,10.23364485981309,60.14018691588785,19.90654205607477
0.9240033202203544,1.0,15,none,low,-21.12244897959184,9.43877551020408,30.56122448979592
0.34200332021615254,0.0,15,none,low,30.4177545691906,6.736292428198434,16.318537859007833
0.5090033202162083,0.0,15,none,high,23.47079037800688,40.89347079037801,37.42268041237113
0.44600332021618727,0.0,15,none,medium,-13.24675324675324,57.56493506493506,10.81168831168831
0.5120033202162093,0.0,15,none,high,70.0,90.0,0.0
0.7440033202162868,0.0,15,none,low,23.40153452685422,20.025575447570333,16.62404092071611
0.36300332021615955,0.0,15,none,high,7.062279670975325,30.951821386604,33.88954171562867
0.49200332021620263,0.0,15,none,high,-45.63934426229508,17.180327868852455,62.81967213114754
0.6720033202162627,0.0,15,none,medium,-49.23728813559322,27.344632768361585,6.581920903954802
0.502003320216206,0.0,15,none,medium,-16.0989010989011,9.56043956043956,45.65934065934066
0.5480033202202288,1.0,15,none,low,-0.6269592476489017,6.4576802507836994,27.0846394984326
0.5340033202202241,1.0,15,none,medium,62.75534441805226,34.25178147268409,11.496437054631825
0.7000033202162721,0.0,15,none,medium,29.29203539823009,30.79646017699115,11.50442477876106
0.4320033202161826,0.0,15,none,medium,-31.13475177304964,52.97872340425531,4.113475177304964
1.3670033202164948,0.0,15,none,low,-44.58725182863114,22.236154649947757,6.823406478578892
2.265003320220802,1.0,15,none,medium,20.1669758812616,63.11688311688312,2.94990723562152
1.2100033202204499,1.0,15,none,high,73.5576923076923,81.77884615384615,8.221153846153841
0.9670033202203687,1.0,15,none,low,-12.91217257318952,35.315870570107855,8.22804314329738
0.4590033202201991,1.0,15,none,low,22.95774647887324,19.859154929577464,16.901408450704224
0.586003320216234,0.0,15,none,low,-25.4468085106383,25.91489361702128,11.361702127659576
0.4710033202202031,1.0,15,none,medium,-42.383354350567465,19.331651954602773,21.71500630517024
0.6870033202202752,1.0,15,none,low,0.0146412884333795,2.503660322108345,22.489019033674964
0.7440033202162868,0.0,15,none,low,-30.513447432762835,4.74327628361858,35.256723716381416
1.7520033202206309,1.0,15,none,medium,4.146341463414638,67.3170731707317,3.170731707317072
0.3700033202161619,0.0,15,none,high,18.7426326129666,65.24557956777997,16.50294695481336
0.4410033202161856,0.0,15,none,medium,3.2236842105263115,9.967105263157894,46.743421052631575
1.1070033202204155,1.0,15,none,medium,1.4189189189189264,40.94594594594595,9.527027027027025
0.6400033202162521,0.0,15,none,high,41.707317073170735,65.85365853658537,24.14634146341464
0.5750033202162304,0.0,15,none,medium,-28.902439024390247,15.548780487804876,44.45121951219512
1.2400033202164524,0.0,15,none,medium,-0.0861008610086084,80.92250922509226,1.008610086100861
1.5940033202205781,1.0,15,none,high,-29.503311258278146,38.89072847682119,28.394039735099337
0.7110033202202832,1.0,15,none,low,2.0408163265306154,46.53061224489796,4.489795918367346
0.9530033202163566,0.0,15,none,high,-45.73739295908659,11.322549952426256,67.05994291151285
1.6000033202205801,1.0,15,none,medium,72.34726688102893,25.586816720257232,13.23954983922829
0.7880033202163015,0.0,15,none,medium,19.06374501992032,52.70916334661354,3.645418326693225
0.5940033202202442,1.0,15,none,low,0.6677524429967407,2.133550488599348,31.465798045602607
1.5680033202205694,1.0,15,none,high,46.55359565807328,76.81139755766621,10.25780189959294
0.34500332021615354,0.0,15,none,high,-37.00305810397554,17.767584097859324,44.77064220183486
1.0920033202204105,1.0,15,none,medium,52.626766417290106,24.788029925187036,12.161263507896924
1.5780033202205728,1.0,15,none,medium,-55.62310030395137,9.148936170212762,34.77203647416413
0.5010033202162056,0.0,15,none,low,20.856573705179287,25.428286852589643,4.571713147410357
0.8200033202163122,0.0,15,none,high,-54.991496598639465,11.768707482993191,76.76020408163265
1.140003320216419,0.0,15,none,low,57.389659520807065,8.423707440100882,11.03404791929382
0.5070033202162076,0.0,15,none,low,12.69709543568465,21.34854771784233,8.651452282157676
0.4740033202161966,0.0,15,none,high,-56.250000000000014,17.867647058823522,64.11764705882354
0.559003320216225,0.0,15,none,medium,-29.375000000000007,36.81818181818181,16.19318181818182
0.5210033202162123,0.0,15,none,low,-9.119442022667831,17.646033129904094,16.765475152571927
1.7650033202206352,1.0,15,none,low,24.899817850637525,17.95992714025501,3.060109289617485
1.9210033202206873,1.0,15,none,medium,-35.43446244477172,12.282768777614136,47.717231222385855
0.926003320220355,1.0,15,none,medium,3.382352941176471,42.25490196078432,8.872549019607844
0.9850033202163673,0.0,15,none,low,49.92217898832684,8.560311284046692,8.638132295719842
0.49300332022021043,1.0,15,none,medium,60.0,60.0,0.0
0.3790033202161649,0.0,15,none,low,-6.032786885245901,1.983606557377049,8.01639344262295
1.459003320220533,1.0,15,none,medium,-4.23076923076923,60.61538461538461,4.846153846153846
0.794003320220311,1.0,15,none,high,16.24113475177305,59.76063829787234,23.519503546099287
1.3230033202204876,1.0,15,none,medium,3.171428571428571,34.457142857142856,21.285714285714285
0.4640033202161933,0.0,15,none,low,-5.504807692307694,9.663461538461538,5.168269230769232
1.0490033202163886,0.0,15,none,low,22.565256525652565,35.75157515751575,3.186318631863186
1.2840033202164671,0.0,15,none,medium,-31.156462585034014,52.95918367346939,4.115646258503401
0.3910033202161689,0.0,15,none,low,-51.64609053497942,7.160493827160492,8.806584362139917
1.4190033202205197,1.0,15,none,low,22.755498059508408,17.102199223803364,4.346701164294954
0.8170033202203186,1.0,15,none,high,40.01230012300124,83.57933579335794,3.5670356703567
0.48500332022020776,1.0,15,none,low,21.56756756756757,25.783783783783782,4.216216216216215
0.4050033202161736,0.0,15,none,low,-15.38565629228687,38.24086603518268,3.626522327469553
1.1540033202164237,0.0,15,none,high,-60.46948356807513,4.76525821596244,65.23474178403757
1.0630033202163933,0.0,15,none,high,-42.77372262773723,17.51824817518248,70.2919708029197
0.8540033202163235,0.0,15,none,medium,-90.0,0.0,20.0
0.38100332021616556,0.0,15,none,low,-2.4539877300613515,1.886503067484662,24.34049079754601
1.8540033202166575,0.0,15,none,medium,9.89701338825953,62.142121524201855,2.245108135942326
0.39500332021617024,0.0,15,none,medium,7.939393939393941,73.45454545454545,5.515151515151514
0.6650033202162604,0.0,15,none,low,-1.8125000000000009,2.729166666666666,14.541666666666666
1.5390033202205597,1.0,15,none,medium,73.98529411764706,17.088235294117645,13.102941176470583
0.4610033202161923,0.0,15,none,medium,5.920245398773005,1.7689161554192228,65.84867075664621
1.237003320220459,1.0,15,none,medium,3.195652173913045,4.217391304347826,71.02173913043478
0.3790033202161649,0.0,15,none,medium,-22.39795918367347,60.84183673469387,3.239795918367347
1.4460033202205287,1.0,15,none,medium,43.00291545189504,18.25072886297376,35.24781341107872
0.7080033202162748,0.0,15,none,low,25.0,8.75,3.75
0.6140033202202508,1.0,15,none,high,64.32967032967034,58.76923076923077,14.439560439560436
1.0760033202204051,1.0,15,none,low,-3.9215686274509807,2.026143790849673,15.947712418300654
0.592003320216236,0.0,15,none,low,-30.98915989159892,5.149051490514904,26.138211382113823
0.5880033202162347,0.0,15,none,medium,30.0,90.0,0.0
0.8860033202203417,1.0,15,none,high,35.02923976608187,65.73099415204679,10.701754385964913
0.49300332021620297,0.0,15,none,high,-36.4935064935065,30.0974025974026,46.59090909090909
2.1670033202207692,1.0,15,none,low,14.044298605414276,36.02953240360952,1.985233798195242
0.9730033202163633,0.0,15,none,high,26.930693069306933,53.46534653465347,26.534653465346537
0.7650033202162938,0.0,15,none,low,-12.071973827699017,50.68702290076336,2.758996728462377
0.5280033202162147,0.0,15,none,low,-11.907131011608625,4.0464344941956885,15.953565505804312
1.0690033202163953,0.0,15,none,medium,12.584814216478188,67.33441033925686,4.749596122778676
0.3880033202161679,0.0,15,none,low,41.99612403100775,17.713178294573645,5.71705426356589
0.51400332021621,0.0,15,none,high,-51.43867924528301,23.136792452830186,44.57547169811321
0.8440033202203276,1.0,15,none,high,69.5822454308094,70.39164490861619,10.809399477806783
0.33900332021615154,0.0,15,none,low,23.82428940568476,10.956072351421188,27.13178294573643
0.6870033202162678,0.0,15,none,low,-13.255813953488374,10.046511627906977,13.30232558139535
0.8280033202163148,0.0,15,none,medium,-56.81818181818182,15.454545454545448,32.27272727272727
1.3370033202164848,0.0,15,none,medium,29.055415617128464,63.0352644836272,3.979848866498741
2.254003320216791,0.0,15,none,high,37.09531013615734,62.450832072617246,15.355521936459908
0.4700033202161953,0.0,15,none,medium,-0.7339449541284395,48.486238532110086,9.220183486238533
0.6640033202162601,0.0,15,none,medium,11.314338235294125,63.24448529411765,1.930147058823528
0.890003320220343,1.0,15,none,high,14.000000000000004,39.2,35.2
0.6200033202162454,0.0,15,none,medium,-56.03104212860311,10.864745011086471,16.89578713968958
0.532003320216216,0.0,15,none,medium,-28.88489208633094,18.66906474820144,27.55395683453237
0.4170033202161776,0.0,15,none,medium,-66.46302250803858,17.652733118971057,24.115755627009644
1.0080033202203824,1.0,15,none,high,-8.009950248756223,30.99502487562189,39.00497512437811
0.6129872786668734,1.0,16,none,high,25.89422865920562,65.16567917489576,9.271450515690145
0.521987278666843,1.0,16,none,high,42.41480242525611,49.18147606104955,26.76667363579344
0.4519872786628122,0.0,16,none,medium,1.2440052317977042,16.497602092719077,35.25359686092138
0.6769872786628873,0.0,16,none,low,-28.91210817455439,6.3359381859689154,25.24804636052331
0.5709872786668594,1.0,16,none,medium,9.489908256880735,46.32660550458716,6.836697247706422
0.509987278666839,1.0,16,none,medium,4.835443037974677,16.30379746835443,41.46835443037975
1.0099872786629986,0.0,16,none,medium,-15.594202898550726,10.847020933977456,36.44122383252818
0.48598727866282354,0.0,16,none,medium,-53.02466029189734,21.58027176648213,14.604932058379468
0.48098727866282187,0.0,16,none,high,-82.33429394812681,4.927953890489913,47.26224783861672
0.636987278662874,0.0,16,none,medium,-63.550928531232415,3.761958356781086,47.3128868880135
0.759987278662915,0.0,16,none,low,0.8676164558988315,10.433808227949417,9.566191772050583
0.6309872786668794,1.0,16,none,high,25.01552795031056,34.006211180124225,38.99068322981367
0.4619872786628155,0.0,16,none,medium,-59.8635477582846,5.912930474333981,45.77647823261858
0.5209872786668427,1.0,16,none,medium,53.575268817204304,6.35752688172043,32.78225806451613
0.48298727866683,1.0,16,none,medium,33.019828997635074,10.603965799527016,37.58413680189194
0.5709872786668594,1.0,16,none,medium,-3.1735378715244504,3.7392138063279,56.91275167785235
1.1669872786670585,1.0,16,none,high,-14.862385321100916,20.83274523641496,45.695130557515874
0.5599872786668557,1.0,16,none,high,7.508982035928149,33.91017964071856,46.40119760479042
0.6399872786668824,1.0,16,none,low,22.17718587145339,14.05906195715113,11.88187608569774
0.5329872786668467,1.0,16,none,high,4.120481927710848,47.06024096385543,42.93975903614458
0.506987278666838,1.0,16,none,low,4.916530278232402,6.2291325695581,41.312602291325696
0.5929872786668667,1.0,16,none,high,38.76749611197511,50.75816485225505,21.990668740279936
0.5579872786628476,0.0,16,none,medium,-11.020408163265303,10.538033395176251,51.55844155844156
1.76998727866726,1.0,16,none,low,-20.686550365785035,9.656724817107484,30.34327518289252
0.5909872786668661,1.0,16,none,medium,-29.775546367395155,4.54420161449104,44.3197479818862
0.7989872786629281,0.0,16,none,low,-2.619246861924687,3.690376569037656,6.309623430962343
0.9419872786669833,1.0,16,none,low,3.854372774040364,20.31262366442422,6.458250890383854
0.6629872786628827,0.0,16,none,high,-59.14032168607876,21.364392678868548,30.50471436494731
0.5139872786628329,0.0,16,none,medium,-52.68195413758724,21.854436689930207,14.536390827517447
0.4929872786628259,0.0,16,none,high,-66.74958540630183,6.235489220563848,82.98507462686568
0.46498727866281653,0.0,16,none,low,-21.32887189292543,12.447418738049713,13.776290630975144
0.8899872786669659,1.0,16,none,low,-5.654496883348175,2.172751558325912,7.827248441674087
0.5539872786668537,1.0,16,none,medium,18.84026258205689,16.280087527352297,27.439824945295403
0.5969872786628606,0.0,16,none,low,-63.17073170731708,5.975609756097555,9.146341463414634
0.5509872786668527,1.0,16,none,high,-11.036021676761244,19.5855913292955,60.62161300605674
0.521987278666843,1.0,16,none,medium,32.988691437802906,10.59773828756058,37.60904684975768
0.4909872786628252,0.0,16,none,medium,-40.53319573443412,44.52012383900929,5.053319573443412
0.5569872786668547,1.0,16,none,low,19.691358024691358,9.922839506172838,30.23148148148148
1.097987278663028,0.0,16,none,low,-14.55259526589534,6.620316314616282,31.172911580511624
0.5809872786668627,1.0,16,none,low,22.51917404129793,4.064896755162241,41.54572271386431
0.47598727866682766,1.0,16,none,low,1.8581081081081088,6.245173745173745,34.38706563706564
0.9239872786629698,0.0,16,none,low,-7.129877071084984,21.913415285943344,9.043292357028328
0.5539872786628462,0.0,16,none,medium,-74.0874684608915,13.01934398654331,17.10681244743482
0.5689872786668587,1.0,16,none,high,-14.067796610169497,42.71186440677966,36.77966101694916
0.6059872786668711,1.0,16,none,low,15.420122610890727,3.631446087270104,38.21132347637937
0.5299872786628382,0.0,16,none,high,-53.63807926189977,15.063954707485848,48.70203396938562
0.8929872786669669,1.0,16,none,low,1.250340878101991,8.500136351240796,17.249795473138803
0.8439872786629431,0.0,16,none,medium,-31.72503242542153,16.964980544747082,28.690012970168613
0.6359872786628736,0.0,16,none,low,-29.48686621869273,35.44899205864386,4.935858277336591
0.5179872786628342,0.0,16,none,high,-13.779232927970057,48.99906454630496,22.778297474275018
0.6819872786668965,1.0,16,none,low,-5.062111801242238,9.958592132505176,5.020703933747413
0.5959872786668677,1.0,16,none,medium,-1.5751056473300054,53.21936227429889,4.79446792162889
0.461987278666823,1.0,16,none,medium,26.19957537154989,3.619957537154989,57.42038216560509
0.6909872786668995,1.0,16,none,high,24.177386594448212,60.44685172647258,26.26946513202437
0.5649872786668574,1.0,16,none,low,0.582702454691443,10.29135122734572,9.70864877265428
0.8299872786629384,0.0,16,none,low,-26.505636070853463,25.1207729468599,11.626409017713366
0.5529872786668534,1.0,16,none,high,8.0,34.125,46.12499999999999
0.6219872786668764,1.0,16,none,low,30.01586042823156,6.669310071371926,16.653449643140362
0.5349872786668474,1.0,16,none,medium,14.063687352994387,14.687895784331465,30.624208431337077
0.6849872786668975,1.0,16,none,high,-20.25114472041071,26.78784515054808,37.0389898709588
0.47398727866281953,0.0,16,none,high,-56.10675039246469,17.943485086342225,64.05023547880691
0.6859872786668978,1.0,16,none,low,25.012019230769237,5.835336538461538,20.823317307692303
0.5319872786628389,0.0,16,none,high,-34.8503861003861,38.180501930501926,23.030888030888036
0.8389872786629414,0.0,16,none,medium,-21.086956521739136,21.225296442687743,32.31225296442688
0.5459872786628436,0.0,16,none,low,2.6631526104417667,2.532630522088353,29.869477911646584
0.6989872786669021,1.0,16,none,low,-27.908269631688675,9.67338429464906,7.581653926337735
0.5069872786628306,0.0,16,none,low,-2.5178826895565027,49.27038626609442,1.788268955650929
0.5089872786628312,0.0,16,none,high,-31.68016194331984,27.611336032388664,39.2914979757085
0.7309872786669128,1.0,16,none,low,-10.55025011368804,8.335607094133698,28.88585720782174
1.115987278663034,0.0,16,none,medium,-7.5943396226415025,48.5377358490566,6.132075471698112
0.5619872786628489,0.0,16,none,medium,-58.431372549019606,14.379084967320257,32.810457516339866
0.497987278666835,1.0,16,none,low,28.586118251928017,13.881748071979434,15.295629820051415
0.9939872786670007,1.0,16,none,medium,18.16568047337278,13.136094674556212,44.97041420118343
0.5059872786668377,1.0,16,none,low,6.642561983471074,5.547520661157025,8.90495867768595
0.49898727866683534,1.0,16,none,high,-12.708585247883915,40.91898428053205,43.62756952841596
0.6699872786668924,1.0,16,none,high,8.922118380062301,15.052959501557632,56.13084112149533
0.4729872786628192,0.0,16,none,medium,-16.680942184154183,10.364025695931476,37.04496788008566
0.6059872786668711,1.0,16,none,medium,-19.182724252491703,2.950166112956808,72.13289036544852
0.6899872786668991,1.0,16,none,high,4.173522812266263,39.61106955871354,45.43754674644728
0.5379872786668484,1.0,16,none,medium,32.3539668700959,15.588491717523976,43.23452484742808
0.6269872786628706,0.0,16,none,low,-52.643137254901966,6.305882352941172,8.949019607843137
0.5149872786628332,0.0,16,none,low,7.069712485230404,4.267428121307601,17.197715636077195
0.5299872786628382,0.0,16,none,medium,-38.40531561461795,12.956810631229237,31.36212624584718
0.7609872786669228,1.0,16,none,medium,6.662395900064059,15.55413196668802,48.89173606662396
0.7469872786629107,0.0,16,none,medium,5.410573678290211,1.541057367829021,76.1304836895388
0.4999872786628282,0.0,16,none,medium,-46.01572739187418,16.788990825688074,22.80471821756225
0.527987278666845,1.0,16,none,medium,19.80211081794195,14.940633245382584,35.13852242744063
0.6089872786668721,1.0,16,none,high,29.99000999001,58.66133866133866,18.67132867132867
0.636987278662874,0.0,16,none,medium,-29.70588235294118,4.117647058823528,53.82352941176471
0.569987278666859,1.0,16,none,medium,-40.229729729729726,10.783783783783782,41.01351351351351
0.696987278662894,0.0,16,none,medium,-56.0880195599022,21.255093724531378,7.343113284433578
0.600987278662862,0.0,16,none,low,9.046966061021594,3.174494343503599,34.127528282482004
0.5199872786628349,0.0,16,none,low,1.7117879300620444,23.83530738860688,12.123519458544838
0.7489872786669188,1.0,16,none,low,28.027923211169288,12.006980802792322,23.979057591623032
1.0699872786630187,0.0,16,none,medium,-17.392086330935253,10.047961630695443,37.4400479616307
0.6379872786668818,1.0,16,none,high,-44.45212959592283,18.958864215507823,53.41099381143065
0.7679872786629177,0.0,16,none,medium,-17.670915411355733,45.330243337195824,13.001158748551562
0.5419872786668497,1.0,16,none,medium,4.453125,38.671875,14.21875
0.5619872786628489,0.0,16,none,high,-39.9880239520958,25.005988023952096,64.9940119760479
0.5119872786668397,1.0,16,none,high,17.45676100628931,33.195754716981135,35.73899371069182
0.6449872786668841,1.0,16,none,low,-5.879969612560144,14.472018232463912,10.351987845024055
0.488987278666832,1.0,16,none,medium,-17.160555004955395,55.85728444003965,3.017839444995044
0.7059872786669045,1.0,16,none,medium,-3.1263858093126338,37.91574279379157,11.04212860310421
0.4759872786628202,0.0,16,none,high,4.687953555878082,53.26197387518142,28.57402031930334
0.7209872786669095,1.0,16,none,high,-5.761462330842257,34.58998182185417,30.351444152696423
0.6469872786628773,0.0,16,none,medium,-22.079470198675494,6.516556291390728,58.59602649006623
0.6559872786668878,1.0,16,none,low,-2.787843366452366,20.409117475160727,3.196960841613092
0.6339872786668804,1.0,16,none,medium,45.0,14.444444444444445,19.444444444444446
0.9089872786629648,0.0,16,none,low,-0.9518072289156628,4.524096385542168,5.475903614457831
0.615987278662867,0.0,16,none,high,-10.851063829787236,39.57446808510638,50.42553191489362
0.5709872786628519,0.0,16,none,low,-12.68933539412674,12.982998454404946,5.672333848531684
0.6689872786628847,0.0,16,none,high,-44.465116279069775,27.32093023255814,41.78604651162791
0.5739872786668604,1.0,16,none,low,11.436464088397791,25.718232044198896,14.281767955801104
0.630987278662872,0.0,16,none,medium,-14.418604651162784,43.72093023255814,18.139534883720927
0.6909872786668995,1.0,16,none,high,20.096774193548388,36.96774193548387,26.87096774193548
0.560987278666856,1.0,16,none,high,32.99141965678628,65.11310452418097,22.1216848673947
0.5149872786668407,1.0,16,none,low,9.729448491155049,14.898543184183142,25.169094693028093
0.5539872786628462,0.0,16,none,high,-21.508140531276787,5.689802913453296,77.19794344473007
0.6419872786628756,0.0,16,none,medium,-29.469613259668503,28.371270718232044,17.840883977900553
0.5619872786628489,0.0,16,none,low,-17.469220246238034,9.398084815321477,6.867305061559508
0.46298727866281586,0.0,16,none,high,-2.60018777486782,22.95992489005287,55.56011266492069
0.5409872786628419,0.0,16,none,high,-56.99407281964437,14.157493649449616,41.15156646909399
0.7389872786669155,1.0,16,none,medium,-0.6224066390041543,14.319124858543944,44.9415314975481
0.4549872786628132,0.0,16,none,medium,-48.19875776397515,16.956521739130437,15.15527950310559
0.5099872786628316,0.0,16,none,low,-15.95373291272345,2.023133543638274,17.976866456361723
0.6229872786668768,1.0,16,none,low,3.640909090909093,6.754545454545454,33.11363636363636
0.5819872786628556,0.0,16,none,high,5.352439969016267,32.966692486444614,47.61425251742835
0.8749872786669609,1.0,16,none,medium,1.9999999999999964,4.888888888888888,52.888888888888886
0.5619872786668564,1.0,16,none,low,30.23916292974589,22.58968609865471,12.35052316890882
0.7379872786629077,0.0,16,none,medium,-28.131515637530075,34.57898957497995,22.710505212510025
0.8329872786669469,1.0,16,none,low,-1.4760914760914758,4.261954261954262,5.738045738045738
0.5139872786628329,0.0,16,none,high,-34.412556053811656,21.45291479820628,65.86547085201794
0.51298727866684,1.0,16,none,medium,3.229252259654892,8.307313064913723,65.07806080525883
0.6319872786668798,1.0,16,none,medium,33.83893666927287,4.870992963252541,41.03205629397968
0.8509872786669529,1.0,16,none,medium,-10.27138914443422,41.81002759889604,12.081416743330266
1.4009872786671367,1.0,16,none,high,-18.12591508052709,16.749633967789162,64.87554904831624
0.5259872786628369,0.0,16,none,high,-20.93554162936437,33.75111906893465,34.686660698299015
0.6919872786668998,1.0,16,none,medium,-17.626628075253258,21.186685962373367,38.81331403762663
0.6539872786628796,0.0,16,none,low,-1.0106382978723405,17.393617021276594,8.404255319148936
0.54298727866685,1.0,16,none,medium,15.259704756697648,2.525970475669765,67.26626571897211
0.6489872786668854,1.0,16,none,low,-12.936033133916244,2.825586746433502,25.76161988034975
0.5359872786628402,0.0,16,none,low,-32.313167259786475,3.84341637010676,36.156583629893234
0.4849872786628232,0.0,16,none,low,-43.2559800071403,14.352017136736878,7.607997143877187
0.4869872786628239,0.0,16,none,low,-14.588769143505392,1.803743618831536,36.39251276233693
0.5469872786628439,0.0,16,none,medium,-31.76703122941099,26.763078139412308,18.530109368823297
0.6949872786669008,1.0,16,none,high,-17.36040609137056,33.4077834179357,40.76818950930626
0.6959872786669011,1.0,16,none,medium,16.358574610244986,2.9287305122494427,56.57015590200445
0.464987278666824,1.0,16,none,medium,25.557163531114327,21.852387843704776,36.29522431259045
0.6099872786668724,1.0,16,none,high,-6.461864406779664,22.944915254237287,49.40677966101695
0.8499872786629451,0.0,16,none,low,6.288019863438857,7.510862818125387,31.22284295468653
0.46498727866281653,0.0,16,none,high,1.115031757233595,46.3514467184192,25.23641496118561
1.242987278667084,1.0,16,none,medium,7.444146559428059,11.233243967828418,43.78909740840036
0.5689872786668587,1.0,16,none,low,6.811279826464208,6.702819956616052,39.89154013015184
0.545987278666851,1.0,16,none,low,5.012853470437018,5.004284490145673,9.991431019708656
0.566987278666858,1.0,16,none,medium,1.4189189189189193,3.894348894348894,72.47542997542998
0.5379872786668484,1.0,16,none,medium,5.566265060240959,11.855421686746986,36.28915662650603
0.5349872786668474,1.0,16,none,high,-24.654850746268657,39.207089552238806,33.86194029850746
0.639987278662875,0.0,16,none,high,3.05747126436782,29.10344827586207,36.04597701149425
0.6279872786668784,1.0,16,none,medium,18.114961961115807,8.469991546914624,40.35502958579882
0.5109872786668394,1.0,16,none,medium,69.47598253275109,7.947598253275109,18.471615720524017
0.506987278666838,1.0,16,none,medium,6.666666666666664,15.555555555555555,48.88888888888889
0.4579872786628142,0.0,16,none,medium,-45.89743589743589,8.46153846153846,34.35897435897436
0.5109872786628319,0.0,16,none,low,11.166875784190712,3.02383939774153,41.85696361355081
0.5659872786628503,0.0,16,none,medium,-28.262295081967217,17.311475409836063,35.57377049180328
0.6059872786668711,1.0,16,none,medium,21.541609822646663,58.2537517053206,6.71214188267394
0.6479872786628776,0.0,16,none,low,-3.9620253164556942,24.025316455696203,7.987341772151898
0.9009872786669696,1.0,16,none,medium,22.87551139684395,3.652834599649328,50.77732320280538
0.8939872786629598,0.0,16,none,low,-28.80156075808249,6.399108138238572,25.200668896321076
1.0429872786670171,1.0,16,none,low,8.67507886435331,14.337539432176657,5.662460567823344
0.7689872786669255,1.0,16,none,low,-1.7888340296240033,2.052791492593999,23.841625522218003
0.5949872786628599,0.0,16,none,low,-0.3756574004507911,1.3749060856498871,51.750563486100674
0.49198727866282554,0.0,16,none,low,-8.320500481231957,7.78633301251203,6.106833493743985
0.949987278666986,1.0,16,none,high,-12.93275217932753,30.72851805728517,33.6612702366127
0.6449872786668841,1.0,16,none,high,24.08256880733945,38.80733944954129,24.724770642201836
0.7879872786629244,0.0,16,none,low,5.654387541179995,21.392632524707995,5.738244983528002
0.5419872786668497,1.0,16,none,low,-15.74257425742574,37.93493635077793,3.6775106082036766
0.51298727866684,1.0,16,none,medium,15.530492898913952,13.659147869674184,38.12865497076023
0.7009872786669028,1.0,16,none,low,12.52948885976409,26.264744429882043,13.735255570117952
0.8069872786669382,1.0,16,none,medium,-18.641686182669797,7.119437939110068,65.76112412177986
0.6369872786668814,1.0,16,none,high,-4.389489953632143,23.833075734157653,48.2225656877898
0.7319872786629057,0.0,16,none,high,-32.14230471771074,29.450889404485693,31.593194122196444
0.5089872786628312,0.0,16,none,medium,4.9375866851594985,17.9750346740638,33.0374479889043
1.0029872786629963,0.0,16,none,medium,-55.28301886792453,8.584905660377354,43.86792452830189
0.7729872786629194,0.0,16,none,medium,-25.17017828200972,5.931928687196109,51.10210696920584
0.47798727866282087,0.0,16,none,low,4.347826086956523,16.231884057971016,1.884057971014492
0.8989872786629615,0.0,16,none,high,-26.24713958810069,40.98398169336384,27.23112128146453
0.5709872786628519,0.0,16,none,medium,-72.32749742533471,14.459320288362507,16.786817713697218
0.5629872786628493,0.0,16,none,medium,-13.934987168520106,57.048759623609925,10.983746792130026
0.5619872786628489,0.0,16,none,high,-90.0,0.0,50.0
0.7879872786669319,1.0,16,none,high,7.640619101547756,43.82030955077387,36.17969044922612
0.5809872786628553,0.0,16,none,medium,-34.36708860759494,12.816455696202528,47.18354430379747
0.9749872786669943,1.0,16,none,low,7.868375072801399,11.14735002912056,13.27897495631916
0.539987278666849,1.0,16,none,medium,21.55844155844156,40.77922077922078,19.22077922077922
0.6309872786668794,1.0,16,none,low,39.95121951219512,6.243902439024391,26.29268292682927
0.5629872786668567,1.0,16,none,medium,16.563876651982383,64.37591776798826,7.812041116005872
1.338987278667116,1.0,16,none,high,8.42170160295932,68.13810110974106,9.716399506781748
0.5419872786668497,1.0,16,none,high,38.95626242544732,24.294234592445328,35.337972166998014
0.5009872786628286,0.0,16,none,medium,11.791744840525324,11.397748592870544,49.60600375234522
0.5849872786668641,1.0,16,none,low,36.93454309786131,25.10045366169799,8.16591056383668
0.4699872786628182,0.0,16,none,low,-30.23214285714285,7.814285714285712,8.04642857142857
1.2649872786670913,1.0,16,none,low,-5.542422963275644,5.7830308146897424,21.325453777965382
0.5569872786668547,1.0,16,none,low,18.036529680365295,4.672754946727549,26.636225266362253
0.5589872786668554,1.0,16,none,low,9.681647940074903,28.38951310861423,8.707865168539325
0.5709872786668594,1.0,16,none,high,-11.719694977649224,54.19405732316592,15.913752300815144
0.5119872786668397,1.0,16,none,high,15.142495250158332,30.05699810006333,44.914502849905
1.094987278663027,0.0,16,none,low,-4.915611814345992,1.6947960618846691,16.61040787623066
0.4969872786628272,0.0,16,none,medium,23.100470957613812,14.481946624803768,41.38147566718995
0.5119872786628322,0.0,16,none,medium,-58.15920398009951,23.88059701492537,22.03980099502488
0.7849872786669309,1.0,16,none,low,-7.739905610907185,3.502884111169376,41.24278972207656
0.5209872786628352,0.0,16,none,high,-58.477537437604,13.244592346089847,41.722129783693845
0.6829872786668968,1.0,16,none,medium,-9.121265377855892,5.219683655536026,74.34094903339192
0.9619872786629825,0.0,16,none,low,11.612021857923494,12.644808743169396,11.0327868852459
0.5619872786668564,1.0,16,none,low,14.6418030587604,3.520257579822914,38.87845452106252
0.5719872786628523,0.0,16,none,high,-56.52588555858311,23.17438692098093,29.700272479564035
0.8129872786669402,1.0,16,none,low,-1.0722989439480113,9.463850528025995,10.536149471974008
0.6709872786668928,1.0,16,none,medium,8.366124893071007,45.57741659538067,7.211291702309664
0.5709872786628519,0.0,16,none,low,0.4677060133630277,15.233853006681514,14.766146993318486
0.5669872786628506,0.0,16,none,low,-18.607594936708857,5.69620253164557,24.30379746835443
0.6869872786628907,0.0,16,none,high,-39.29805615550756,30.421166306695454,39.71922246220302
0.9809872786669963,1.0,16,none,low,-32.63736263736264,20.52197802197802,13.15934065934066
0.515987278666841,1.0,16,none,medium,-21.308139534883725,21.10465116279069,32.412790697674424
0.5179872786668417,1.0,16,none,medium,24.54827452500969,3.838697169445521,49.29042264443582
0.6029872786628626,0.0,16,none,low,-9.283260164153464,8.878602786791372,28.16186295094484
0.49898727866683534,1.0,16,none,high,42.84082798001428,65.51510825600761,12.674280275993334
0.47998727866282154,0.0,16,none,high,-14.314567028528153,27.842716485735927,42.15728351426408
0.48298727866282254,0.0,16,none,medium,7.238689547581906,58.1591263650546,10.920436817472696
0.5079872786628309,0.0,16,none,medium,-41.83220829315333,9.083895853423332,50.91610414657666
0.5189872786628346,0.0,16,none,high,-27.563874034462277,3.826500297088532,81.39037433155082
0.5589872786628479,0.0,16,none,medium,-59.46204863669861,6.705969049373614,36.16801768607223
0.5189872786628346,0.0,16,none,high,-24.73863636363637,22.630681818181813,47.36931818181819
0.7799872786629217,0.0,16,none,low,0.5364077669902869,1.7560679611650478,41.21966019417476
0.5449872786628432,0.0,16,none,high,-18.08823529411766,38.07093425605536,46.15916955017301
0.48398727866683033,1.0,16,none,medium,1.7866435385949655,1.309627059843885,69.52298352124892
0.4989872786628279,0.0,16,none,medium,-48.14516129032258,7.903225806451608,26.048387096774192
0.5049872786668373,1.0,16,none,low,31.726012503397666,5.960858929056809,24.234846425659143
0.5819872786628556,0.0,16,none,low,-46.605222734254994,10.046082949308756,16.65130568356375
0.8139872786629331,0.0,16,none,low,-32.286245353159856,5.142503097893432,17.428748451053284
0.8779872786629545,0.0,16,none,low,-5.130168453292496,18.652373660030623,3.782542113323124
0.6819872786668965,1.0,16,none,low,-29.211369095276225,8.630904723779024,7.842273819055245
0.8289872786629381,0.0,16,none,low,-19.26136363636364,4.602272727272728,33.86363636363636
0.7289872786629047,0.0,16,none,low,-1.895375284306292,6.034874905231236,27.930250189537528
0.5239872786628362,0.0,16,none,high,-53.75983436853002,20.385093167701857,54.14492753623188
1.004987278662997,0.0,16,none,high,-27.387358184764995,21.3063209076175,48.693679092382496
0.5519872786628456,0.0,16,none,low,-36.74565560821485,17.440758293838858,14.186413902053712
0.5439872786628429,0.0,16,none,low,-5.48465266558966,9.676898222940226,5.161550888529886
0.566987278666858,1.0,16,none,low,2.602150537634409,6.301075268817204,3.698924731182795
0.7649872786669242,1.0,16,none,high,-38.3883751651255,23.778071334214,42.1664464993395
0.5429872786628426,0.0,16,none,medium,-58.31460674157303,17.348314606741567,15.662921348314606
0.7309872786669128,1.0,16,none,medium,12.325338894681964,6.465067778936392,54.13972888425442
0.5939872786668671,1.0,16,none,medium,7.003610108303253,15.667870036101084,48.66425992779783
0.6659872786668911,1.0,16,none,medium,-15.828220858895705,26.503067484662573,22.33128834355828
0.8089872786629314,0.0,16,none,high,-47.96812749003985,16.015936254980073,63.98406374501992
0.7289872786669122,1.0,16,none,medium,47.13501646542261,12.20636663007684,35.07135016465423
0.5259872786628369,0.0,16,none,medium,-57.558528428093645,7.257525083612034,44.81605351170568
0.7379872786669152,1.0,16,none,medium,-12.945736434108522,53.64341085271317,6.589147286821704
0.5369872786628406,0.0,16,none,high,-50.88888888888889,22.0,52.888888888888886
0.5369872786628406,0.0,16,none,medium,-55.54645927138764,9.197707736389685,34.74416700777732
0.5659872786668577,1.0,16,none,medium,25.271149674620386,13.817787418655096,48.54663774403471
0.48298727866683,1.0,16,none,medium,-3.363363363363362,55.73573573573573,9.0990990990991
0.6699872786668924,1.0,16,none,medium,14.873096446700504,13.46192893401015,38.588832487309645
0.4929872786628259,0.0,16,none,low,-7.291440953412783,8.472372697724811,5.763813651137594
0.6509872786668861,1.0,16,none,high,13.995299647473562,62.39717978848413,18.40188014101057
1.1479872786670522,1.0,16,none,low,-2.5424481189657104,1.491510376206858,34.03395849517257
0.8529872786669536,1.0,16,none,medium,21.311659192825108,8.262331838565022,46.95067264573992
0.6009872786668694,1.0,16,none,medium,23.63354037267081,8.726708074534162,45.09316770186335
0.6749872786628867,0.0,16,none,high,-43.16091954022989,28.103448275862068,41.26436781609196
0.4899872786628249,0.0,16,none,medium,-45.83075335397317,39.75232198142415,5.583075335397317
0.7709872786669262,1.0,16,none,low,32.67418950385098,8.534837900770196,5.860648396919216
0.5009872786628286,0.0,16,none,medium,-61.85788787483703,13.194263363754889,25.052151238591915
0.5239872786668437,1.0,16,none,high,22.562463683904703,43.19581638582219,30.633352701917488
0.5579872786628476,0.0,16,none,medium,-5.058479532163737,54.50292397660819,9.561403508771928
0.49198727866282554,0.0,16,none,low,-23.662952646239557,10.891364902506965,14.554317548746518
0.8129872786669402,1.0,16,none,high,-10.752688172043012,22.729528535980148,43.48221670802316
0.8149872786669409,1.0,16,none,low,-5.858915741345529,9.052906596995426,34.911822338340954
0.747987278662911,0.0,16,none,low,9.097154072620215,19.548577036310107,10.45142296368989
0.5109872786628319,0.0,16,none,high,-34.64512711864407,16.498940677966104,61.14406779661017
0.49498727866282655,0.0,16,none,low,-48.09774040987914,19.16447714135575,7.262217551234892
0.8739872786629531,0.0,16,none,medium,-21.471774193548388,2.84274193548387,54.314516129032256
0.8159872786669412,1.0,16,none,low,-10.497737556561088,3.167420814479638,33.665158371040725
0.7069872786669048,1.0,16,none,medium,5.146699266503662,4.572127139364302,69.42542787286064
0.6099872786668724,1.0,16,none,high,-3.1900826446280988,24.34710743801653,47.53719008264463
1.202987278663063,0.0,16,none,low,14.992867332382312,6.248216833095578,11.255349500713267
1.094987278663027,0.0,16,none,high,-14.544626593806928,7.832422586520944,72.37704918032787
0.5179872786628342,0.0,16,none,medium,-48.91176470588236,33.61764705882353,12.529411764705882
0.7109872786669061,1.0,16,none,medium,-27.457627118644066,16.271186440677965,43.72881355932203
0.5999872786628616,0.0,16,none,medium,13.31665832916458,7.403701850925461,44.08704352176088
0.5689872786668587,1.0,16,none,medium,2.3108384458077644,8.07770961145194,65.76687116564418
0.5649872786628499,0.0,16,none,high,-53.21397379912665,18.39301310043668,71.60698689956332
0.5889872786628579,0.0,16,none,medium,-62.04545454545454,5.568181818181815,27.613636363636363
0.527987278666845,1.0,16,none,high,-1.319085216444318,36.982031037299215,28.30111625374353
0.5109872786628319,0.0,16,none,medium,-83.460690668626,5.885378398236591,9.3460690668626
0.636987278662874,0.0,16,none,medium,-7.001527883880828,7.6661573720397245,44.66768525592055
0.8899872786629585,0.0,16,none,low,1.4215925744992646,15.710796287249632,14.289203712750368
0.5849872786668641,1.0,16,none,medium,24.10921125206839,16.232763375620518,32.12355212355212
0.7769872786629207,0.0,16,none,medium,-60.334928229665074,26.698564593301437,7.033492822966507
0.5599872786628483,0.0,16,none,high,-19.16903121199838,23.72111876773409,52.89014997973247
0.8099872786669392,1.0,16,none,medium,4.44730077120823,77.27506426735219,2.827763496143958
0.485987278666831,1.0,16,none,low,32.76849642004774,5.346062052505967,32.57756563245823
0.8439872786669506,1.0,16,none,low,14.559944559944562,3.06999306999307,48.51004851004851
0.6769872786628873,0.0,16,none,high,-47.510431154381095,11.244784422809456,58.75521557719055
0.4839872786628229,0.0,16,none,medium,-60.984455958549226,26.113989637305693,7.098445595854922
0.48098727866682933,1.0,16,none,low,25.27345309381238,23.688622754491018,8.41516966067864
0.6799872786628883,0.0,16,none,low,-32.16589861751152,20.87557603686636,13.04147465437788
1.3309872786631058,0.0,16,none,low,0.0590128755364798,2.011802575107296,31.95278969957081
0.7489872786669188,1.0,16,none,low,31.40587385652383,8.281174771304766,6.875300914780932
0.5779872786628543,0.0,16,none,low,6.256684491978608,2.032085561497326,55.77540106951872
1.0609872786630157,0.0,16,none,high,-43.86630532971997,18.06684733514001,61.933152664859975
0.6179872786668751,1.0,16,none,medium,22.050599201065246,24.8202396804261,22.76964047936085
0.47198727866281887,0.0,16,none,medium,-9.82222222222222,65.60000000000001,5.422222222222222
0.48298727866683,1.0,16,none,medium,48.14576634512325,12.390139335476956,34.244372990353696
0.4729872786628192,0.0,16,none,medium,-49.49965253648367,22.18207088255733,21.681723419041003
0.8599872786629484,0.0,16,none,high,-41.45644599303135,24.27177700348432,65.72822299651567
0.7379872786669152,1.0,16,none,high,-0.2244965335094093,32.561901617695604,42.78639815120502
0.8319872786669466,1.0,16,none,high,-14.804363291439408,48.34005216978895,23.14441546122836
0.955987278666988,1.0,16,none,low,-11.059540553211438,11.364275668073136,12.423816221284577
2.0619872786673574,1.0,16,none,medium,-16.350133917701488,8.599951302654004,54.95008522035549
0.6379872786628743,0.0,16,none,low,3.533111357750645,3.383277839437661,19.850166481687012
0.503987278666837,1.0,16,none,low,-10.367647058823533,9.816176470588236,20.183823529411768
0.6289872786628713,0.0,16,none,low,-38.59897901304595,27.47589336358479,6.074872376630744
0.9729872786669936,1.0,16,none,medium,-13.951064793837787,4.37698232895333,68.32804712279112
1.0739872786670275,1.0,16,none,low,-5.887183148875403,19.493038200642623,15.38022134951803
0.5469872786668514,1.0,16,none,low,15.7421875,11.9140625,16.171875
0.6089872786628646,0.0,16,none,high,-24.52631578947368,26.10526315789474,60.63157894736842
0.48398727866683033,1.0,16,none,high,90.0,80.0,0.0
0.5539872786628462,0.0,16,none,medium,-11.381215469613265,26.519337016574585,27.900552486187845
0.5089872786628312,0.0,16,none,low,-33.12786885245901,3.436065573770492,36.5639344262295
0.5019872786668363,1.0,16,none,high,26.472332015810288,51.94664031620554,15.474308300395254
0.4849872786628232,0.0,16,none,medium,-67.47747747747748,11.131131131131127,8.608608608608609
0.5969872786628606,0.0,16,none,low,-24.103343465045597,12.717325227963522,6.820668693009119
0.4579872786628142,0.0,16,none,medium,-90.0,0.0,30.0
0.4629872786668233,1.0,16,none,high,45.38720538720538,62.69360269360269,17.306397306397304
0.4869872786628239,0.0,16,none,medium,-33.771712158808924,41.091811414392055,4.863523573200991
0.5159872786628336,0.0,16,none,medium,-51.58948685857322,22.728410513141423,14.317897371714643
0.5139872786628329,0.0,16,none,medium,-54.62882096069869,9.781659388646286,34.41048034934498
0.5289872786628379,0.0,16,none,low,-14.929219600725954,11.303085299455534,6.232304900181488
1.0879872786670322,1.0,16,none,low,9.145591250854409,7.286397812713602,38.14080656185919
0.5409872786628419,0.0,16,none,medium,-36.04867573371511,26.406585540443807,12.455261274158913
0.4879872786628242,0.0,16,none,medium,-45.16318887105405,15.805243445692884,30.968432316746927
0.5059872786628302,0.0,16,none,high,-80.0,0.0,50.0
0.5769872786668614,1.0,16,none,low,-1.7805309734513282,2.739823008849557,14.520353982300884
0.5649872786628499,0.0,16,none,medium,-7.627906976744185,48.51162790697675,6.13953488372093
0.5019872786628289,0.0,16,none,medium,-67.1904566022213,11.386260798025504,8.576717400246812
0.6099872786668724,1.0,16,none,medium,41.007915567282325,64.75461741424802,3.746701846965695
0.5049872786628299,0.0,16,none,medium,-65.86813186813187,18.0989010989011,23.967032967032967
0.609987278662865,0.0,16,none,high,-66.14522156967433,7.38921516284036,63.53443673251469
0.45998727866281486,0.0,16,none,low,-5.580524344569288,1.4731585518102368,17.053682896379524
1.2439872786630768,0.0,16,none,medium,-26.04790419161677,47.96407185628743,14.01197604790419
0.5619872786628489,0.0,16,none,low,-30.37861915367483,25.38975501113585,5.76837416481069
0.7199872786629017,0.0,16,none,high,-55.68904593639576,12.15547703180212,67.84452296819788
0.5709872786628519,0.0,16,none,low,-54.0,14.0,8.0
0.5799872786668624,1.0,16,none,high,-11.075268817204304,20.96774193548387,52.04301075268817
0.6429872786668834,1.0,16,none,medium,23.938223938223945,28.416988416988417,14.478764478764475
0.6059872786628636,0.0,16,none,low,3.3738074588031197,3.34345186470078,19.969644405897657
0.973987278666994,1.0,16,none,high,2.552552552552548,31.741741741741738,49.18918918918919
0.6109872786628653,0.0,16,none,medium,-35.33190578158459,16.445396145610278,21.777301927194863
0.5299872786628382,0.0,16,none,high,-28.771092008914355,20.61445399554282,49.385546004457176
0.4639872786628162,0.0,16,none,low,-26.635981912144704,10.691214470284237,7.327196382428941
0.5909872786628586,0.0,16,none,high,-48.65546218487396,23.2563025210084,51.91176470588236
0.5929872786668667,1.0,16,none,low,6.608594657375143,13.728222996515678,27.119628339140533
1.1193739755525574,1.0,17,none,medium,17.754104086622426,55.84352078239609,8.089416695773664
0.8163739755524562,1.0,17,none,low,40.056036678553234,26.271013754457464,6.214977075904225
0.9293739755484864,0.0,17,none,medium,-3.424947145877379,14.630021141649047,38.05496828752643
1.088373975552547,1.0,17,none,medium,7.721872816212439,36.939203354297696,19.217330538085257
1.4503739755486604,0.0,17,none,low,12.401433691756274,12.960573476702509,10.559139784946234
0.8663739755484654,0.0,17,none,high,41.28440366972478,69.5035078251484,18.21910415542363
1.6163739755527233,1.0,17,none,medium,-5.061728395061728,13.975308641975309,39.03703703703704
0.9133739755484811,0.0,17,none,high,18.190757128810223,33.51032448377581,35.319567354965585
0.7833739755524451,1.0,17,none,medium,-6.477064220183486,14.89908256880734,31.376146788990827
1.5123739755526886,1.0,17,none,medium,-90.0,0.0,20.0
1.3723739755486344,0.0,17,none,medium,-24.758539458186107,19.2226148409894,33.9811542991755
1.8763739755528102,1.0,17,none,medium,80.0,20.0,0.0
1.3333739755486214,0.0,17,none,medium,28.935574229691877,3.893557422969187,54.95798319327732
1.624373975552726,1.0,17,none,low,20.0,20.0,0.0
0.8813739755484704,0.0,17,none,low,1.2049433573635433,2.801235839340886,21.596292481977343
1.3613739755486307,0.0,17,none,medium,50.7245155855097,32.990732940185346,12.266217354675648
0.9353739755524959,1.0,17,none,low,-2.324425108763208,5.89185829707893,28.216283405842137
1.5753739755487022,0.0,17,none,low,40.0,20.0,0.0
0.9513739755525012,1.0,17,none,low,40.0,10.0,0.0
2.04737397554886,0.0,17,none,medium,-13.80681818181818,30.795454545454547,14.602272727272728
1.0003739755485102,0.0,17,none,high,60.0,80.0,0.0
1.0293739755525273,1.0,17,none,low,-20.0,0.0,20.0
0.8223739755524582,1.0,17,none,low,8.390137781000723,11.35605511240029,12.965917331399568
1.4693739755526742,1.0,17,none,low,60.0,20.0,0.0
1.043373975552532,1.0,17,none,low,-10.0,0.0,10.0
0.8563739755524695,1.0,17,none,low,-3.1132075471698126,13.443396226415096,16.556603773584907
2.0713739755528753,1.0,17,none,medium,80.0,30.0,0.0
1.783373975552779,1.0,17,none,low,3.919095258808177,1.739886907351022,57.82079164854285
1.281373975548604,0.0,17,none,low,10.120264582080573,2.874323511725796,42.75405892964522
0.8423739755484574,0.0,17,none,high,16.958174904942965,45.62737642585552,38.66920152091255
0.7613739755524378,1.0,17,none,medium,-5.905044510385753,53.88724035608309,9.792284866468842
0.7903739755524475,1.0,17,none,high,-31.79540709812109,12.087682672233816,63.8830897703549
1.5623739755486978,0.0,17,none,medium,-46.94716242661448,38.74755381604696,5.694716242661448
1.305373975548612,0.0,17,none,high,21.07913669064748,18.793580520199225,47.71444382955175
0.9663739755484988,0.0,17,none,low,-40.0,0.0,30.0
0.778373975548436,0.0,17,none,low,-10.215827338129497,4.892086330935252,15.107913669064748
0.9293739755484864,0.0,17,none,high,62.85,71.425,8.575000000000001
0.9223739755524916,1.0,17,none,medium,-10.0,0.0,90.0
3.740373975549425,0.0,17,none,low,-43.77049180327869,22.950819672131143,6.721311475409836
1.0263739755525263,1.0,17,none,low,-5.818652849740934,4.05181347150259,39.870466321243526
0.9063739755484788,0.0,17,none,high,-3.655547991831167,55.5071477195371,19.16269571136828
1.0513739755525346,1.0,17,none,low,-28.80774962742176,26.73621460506706,5.543964232488823
0.9603739755484968,0.0,17,none,high,70.0,90.0,0.0
1.9263739755528269,1.0,17,none,medium,80.0,20.0,0.0
0.9703739755485001,0.0,17,none,medium,0.5561613958560585,67.91712104689205,7.360959651035985
1.4813739755486708,0.0,17,none,medium,0.1501732768579131,9.045051983057371,48.89487870619946
1.5033739755526856,1.0,17,none,low,-5.966587112171839,4.009546539379474,39.97613365155131
0.9313739755524946,1.0,17,none,high,-3.370165745856358,11.2707182320442,64.64088397790056
1.143373975548558,0.0,17,none,low,-26.115702479338843,7.93388429752066,24.049586776859503
1.3403739755486237,0.0,17,none,high,-22.8044537230341,35.5741127348643,48.3785664578984
0.8703739755484667,0.0,17,none,low,12.855787476280836,7.618595825426945,4.76280834914611
0.9083739755484794,0.0,17,none,high,80.0,70.0,0.0
0.9183739755524902,1.0,17,none,medium,1.25,15.0,43.75
0.8663739755484654,0.0,17,none,medium,60.0,60.0,0.0
2.2533739755489286,0.0,17,none,high,61.61739130434783,52.12173913043478,10.504347826086953
1.700373975548744,0.0,17,none,low,-10.0,0.0,10.0
1.642373975552732,1.0,17,none,low,10.0,10.0,0.0
1.1723739755485676,0.0,17,none,medium,80.0,40.0,0.0
0.9573739755484958,0.0,17,none,medium,-15.251141552511411,34.84018264840182,20.09132420091324
1.0713739755525413,1.0,17,none,medium,30.654450261780102,11.2565445026178,30.60209424083769
1.241373975552598,1.0,17,none,medium,-80.0,0.0,20.0
1.139373975552564,1.0,17,none,low,-40.0,0.0,40.0
0.8153739755524558,1.0,17,none,low,-10.0,0.0,40.0
1.1383739755485562,0.0,17,none,medium,-60.0,0.0,30.0
1.311373975548614,0.0,17,none,medium,-70.0,0.0,30.0
1.7303739755527614,1.0,17,none,medium,-7.117903930131007,36.68122270742358,23.799126637554583
0.823373975548451,0.0,17,none,low,20.0,60.0,0.0
1.0663739755485322,0.0,17,none,high,4.839357429718881,52.20883534136546,17.369477911646587
0.8953739755484751,0.0,17,none,medium,10.0,90.0,0.0
1.5613739755486975,0.0,17,none,low,-40.0,0.0,10.0
1.0743739755525423,1.0,17,none,medium,-90.0,0.0,30.0
0.8843739755524789,1.0,17,none,medium,-20.113085621970928,43.55411954765751,13.667205169628431
1.5643739755486985,0.0,17,none,medium,-25.46875,43.625,9.09375
1.2263739755485856,0.0,17,none,medium,-60.0,0.0,50.0
1.2163739755485823,0.0,17,none,high,-51.95063214930765,21.402769416014447,53.353401565322095
0.8963739755484754,0.0,17,none,low,0.4456824512534822,5.222841225626741,4.777158774373259
2.669373975553075,1.0,17,none,low,-4.255319148936173,7.872340425531914,12.127659574468089
1.452373975548661,0.0,17,none,medium,-36.661631419939575,43.6404833836858,10.302114803625376
0.9713739755525079,1.0,17,none,low,10.0,20.0,0.0
1.1013739755525513,1.0,17,none,low,-2.447795823665893,2.517401392111369,14.965197215777264
0.8033739755484444,0.0,17,none,high,60.0,80.0,0.0
2.159373975548897,0.0,17,none,medium,-80.0,0.0,10.0
0.7343739755524288,1.0,17,none,medium,46.94285714285714,12.17142857142857,35.22857142857143
0.8093739755524538,1.0,17,none,low,50.0,10.0,0.0
1.0503739755525343,1.0,17,none,low,30.0,20.0,0.0
1.4053739755526529,1.0,17,none,high,-90.0,0.0,90.0
2.041373975548858,0.0,17,none,high,80.0,80.0,0.0
1.4133739755526555,1.0,17,none,medium,40.0,60.0,0.0
1.3493739755486267,0.0,17,none,high,50.0,80.0,0.0
0.9683739755484995,0.0,17,none,low,10.0,40.0,0.0
1.9303739755488207,0.0,17,none,low,6.312968917470528,27.234726688102896,0.921757770632368
0.9933739755485078,0.0,17,none,medium,-11.799617102744095,12.533503509891514,34.33312061263561
0.9463739755484921,0.0,17,none,medium,-40.0,0.0,50.0
2.4493739755530015,1.0,17,none,low,10.0,40.0,0.0
1.1383739755485562,0.0,17,none,high,1.0336538461538467,33.14903846153846,42.11538461538461
1.4813739755526782,1.0,17,none,medium,51.62321278385198,55.81160639192599,4.1883936080740085
0.9243739755484848,0.0,17,none,medium,20.0,70.0,0.0
1.4553739755526696,1.0,17,none,low,21.11976630963973,7.779941577409932,6.660175267770204
1.3733739755526422,1.0,17,none,low,30.0,10.0,0.0
2.0293739755528613,1.0,17,none,low,20.0,30.0,0.0
1.2443739755485916,0.0,17,none,medium,-8.089171974522294,36.11464968152866,24.203821656050955
0.8043739755484447,0.0,17,none,medium,10.0,90.0,0.0
1.0983739755525503,1.0,17,none,medium,30.0,60.0,0.0
0.8223739755484507,0.0,17,none,low,-10.0,0.0,60.0
2.6003739755490445,0.0,17,none,high,90.0,60.0,0.0
0.7653739755524391,1.0,17,none,medium,90.0,10.0,0.0
0.8043739755524522,1.0,17,none,low,-10.0,0.0,70.0
1.0943739755485415,0.0,17,none,low,-19.383294301327087,7.962529274004685,7.345823575331773
0.8993739755484764,0.0,17,none,low,-4.905660377358489,4.31266846361186,39.21832884097035
1.0443739755485248,0.0,17,none,high,80.0,90.0,0.0
1.7613739755487643,0.0,17,none,low,30.0,10.0,0.0
1.2113739755485806,0.0,17,none,high,-3.3797909407665543,26.13240418118467,39.51219512195122
1.2643739755526058,1.0,17,none,low,-22.066198595787363,8.966900702106317,31.03309929789368
1.197373975548576,0.0,17,none,high,-32.82876712328766,30.267123287671232,53.0958904109589
1.1043739755525523,1.0,17,none,low,50.0,20.0,0.0
1.229373975552594,1.0,17,none,low,2.685671417854465,11.342835708927232,8.657164291072768
1.0263739755485188,0.0,17,none,medium,40.0,80.0,0.0
0.7783739755524435,1.0,17,none,medium,-10.0,0.0,80.0
0.8533739755524685,1.0,17,none,medium,80.0,40.0,0.0
1.5053739755486788,0.0,17,none,medium,-80.0,0.0,20.0
1.0503739755525343,1.0,17,none,medium,19.00269541778976,16.33423180592992,27.33153638814016
1.4033739755486447,0.0,17,none,medium,80.0,10.0,0.0
1.2573739755526034,1.0,17,none,high,-29.93016759776537,31.801675977653623,51.73184357541899
0.9213739755524912,1.0,17,none,medium,-80.0,0.0,30.0
1.0383739755485228,0.0,17,none,low,20.0,30.0,0.0
1.4983739755486765,0.0,17,none,high,-56.49674620390456,6.301518438177872,72.79826464208243
1.049373975552534,1.0,17,none,low,28.868613138686133,16.289537712895378,7.420924574209245
1.0273739755485192,0.0,17,none,high,33.91084093211753,43.3434650455927,19.43262411347517
1.3333739755526288,1.0,17,none,medium,90.0,20.0,0.0
2.118373975552891,1.0,17,none,medium,-40.0,0.0,80.0
1.7183739755527574,1.0,17,none,low,-40.0,0.0,40.0
0.8613739755484637,0.0,17,none,low,-20.0,0.0,40.0
0.8483739755524669,1.0,17,none,low,21.207519884309477,7.801879971077367,6.594360086767896
1.3823739755486377,0.0,17,none,high,70.0,70.0,0.0
0.9463739755484921,0.0,17,none,high,-4.450474898236092,59.22659430122117,13.67706919945726
1.1743739755485683,0.0,17,none,medium,10.0,80.0,0.0
1.83837397554879,0.0,17,none,medium,80.0,10.0,0.0
1.1533739755485612,0.0,17,none,low,50.0,10.0,0.0
1.5333739755486882,0.0,17,none,low,10.0,20.0,0.0
1.3823739755486377,0.0,17,none,high,90.0,70.0,0.0
1.4203739755526579,1.0,17,none,medium,20.0,70.0,0.0
1.4313739755526615,1.0,17,none,high,-80.0,0.0,70.0
0.9043739755484781,0.0,17,none,high,80.0,60.0,0.0
1.1273739755485526,0.0,17,none,low,40.0,10.0,0.0
1.8903739755488074,0.0,17,none,medium,20.0,70.0,0.0
1.5853739755487055,0.0,17,none,medium,30.0,70.0,0.0
1.0503739755525343,1.0,17,none,medium,-30.0,0.0,60.0
0.814373975548448,0.0,17,none,high,-90.0,0.0,90.0
0.8943739755524822,1.0,17,none,high,-80.0,0.0,90.0
1.1213739755485506,0.0,17,none,medium,-40.0,0.0,80.0
1.2193739755485833,0.0,17,none,low,20.70366699702676,34.68780971258672,3.98414271555996
1.9443739755488254,0.0,17,none,high,27.309847878302644,34.92393915132106,37.61409127301841
0.8243739755484514,0.0,17,none,high,-60.0,0.0,90.0
1.5263739755486858,0.0,17,none,low,-3.681462140992167,6.527415143603133,20.208877284595303
1.242373975548591,0.0,17,none,medium,-10.0,0.0,80.0
0.9033739755524852,1.0,17,none,low,-8.277310924369747,10.861344537815125,19.13865546218487
0.9953739755525159,1.0,17,none,low,50.0,10.0,0.0
0.8973739755484758,0.0,17,none,medium,80.0,10.0,0.0
1.0883739755485395,0.0,17,none,low,40.0,40.0,0.0
0.9463739755484921,0.0,17,none,low,-70.0,0.0,10.0
1.4063739755526532,1.0,17,none,medium,80.0,20.0,0.0
0.7753739755524425,1.0,17,none,low,50.0,20.0,0.0
1.0943739755485415,0.0,17,none,low,30.0,30.0,0.0
0.7693739755524405,1.0,17,none,low,30.0,40.0,0.0
1.2643739755485983,0.0,17,none,high,-28.022922636103157,39.842406876790825,27.865329512893982
0.7693739755524405,1.0,17,none,low,-14.04255319148936,34.46808510638298,8.51063829787234
0.823373975548451,0.0,17,none,medium,70.0,20.0,0.0
0.9303739755524942,1.0,17,none,medium,-30.0,0.0,80.0
1.2703739755486003,0.0,17,none,medium,6.418732782369148,18.56749311294766,32.14876033057851
1.7243739755527594,1.0,17,none,medium,-20.0,0.0,70.0
2.1052871192850757,1.0,19,none,medium,-60.0,0.0,40.0
0.7932871192806303,0.0,19,none,low,1.4999999999999982,7.166666666666666,25.666666666666668
0.5442871192805472,0.0,19,none,medium,-18.895705521472397,24.66257668711657,23.55828220858896
1.3322871192848178,1.0,19,none,medium,-4.041867954911435,13.075684380032204,47.11755233494364
0.786287119280628,0.0,19,none,medium,-28.16037735849057,21.226415094339615,19.38679245283019
1.771287119280957,0.0,19,none,low,-0.9481101857783508,19.525944907110823,20.474055092889174
0.5492871192805489,0.0,19,none,high,-41.09324758842443,33.858520900321544,24.95176848874598
0.9422871192806801,0.0,19,none,medium,-23.827160493827165,5.881032547699212,59.70819304152638
0.5532871192805502,0.0,19,none,medium,-18.88888888888889,44.44444444444444,13.333333333333332
1.1632871192847614,1.0,19,none,medium,21.49700598802395,7.544910179640718,56.047904191616766
0.5742871192805572,0.0,19,none,low,-18.899082568807337,30.825688073394492,9.724770642201834
0.5492871192805489,0.0,19,none,medium,-20.82568807339449,47.3394495412844,8.165137614678898
0.8802871192806594,0.0,19,none,high,-48.826530612244895,19.183673469387752,38.01020408163265
2.0002871192850407,1.0,19,none,high,-35.69897710667317,20.847540185094974,66.54651729176814
0.5842871192805605,0.0,19,none,high,23.69833212472807,63.81435823060188,10.11602610587382
1.1002871192847403,1.0,19,none,low,20.727444496929618,6.145488899385923,15.418044402456305
1.4702871192808564,0.0,19,none,low,12.87643484132343,25.725860904794057,2.849426063470628
4.743287119285957,1.0,19,none,low,31.54228855721393,8.308457711442786,6.766169154228856
0.5742871192805572,0.0,19,none,high,35.04475183075672,66.20016273393003,21.155410903173312
0.5402871192805458,0.0,19,none,high,27.347789824854047,70.40867389491243,13.060884070058382
0.708287119280602,0.0,19,none,low,-30.0,0.0,30.0
1.87028711928099,0.0,19,none,high,25.15994436717664,39.30458970792768,24.14464534075104
2.345287119285156,1.0,19,none,medium,77.48717948717949,8.74871794871795,11.26153846153846
1.0162871192847123,1.0,19,none,medium,-1.81818181818182,3.636363636363636,65.45454545454545
0.723287119280607,0.0,19,none,low,-0.0204498977505114,22.48466257668712,2.505112474437628
1.8102871192849774,1.0,19,none,low,-14.684453565931246,1.5187275525910722,46.20318111852232
0.5392871192805455,0.0,19,none,medium,-36.98795180722892,43.373493975903614,10.361445783132533
0.9532871192806838,0.0,19,none,low,6.63874345549738,8.87958115183246,22.24083769633508
0.6812871192805929,0.0,19,none,medium,32.67313019390581,32.29916897506925,9.626038781163434
0.5192871192805388,0.0,19,none,medium,-49.17797888386124,13.250377073906485,32.42835595776772
3.0662871192853975,1.0,19,none,low,3.3083730428863154,2.661674608577263,29.353301565690945
0.5532871192805502,0.0,19,none,low,-22.249134948096884,11.833910034602075,14.08304498269896
0.5742871192805572,0.0,19,none,high,-31.24271844660195,31.10679611650485,52.3495145631068
0.5592871192805522,0.0,19,none,medium,-10.414746543778806,65.11520737327189,5.529953917050692
1.066287119284729,1.0,19,none,medium,-14.37007874015748,1.023622047244094,85.39370078740157
0.6362871192805779,0.0,19,none,low,-11.564516129032256,41.516129032258064,3.080645161290322
3.9502871192816844,0.0,19,none,low,-11.27710843373494,14.361445783132528,25.63855421686747
1.1192871192847467,1.0,19,none,medium,-5.212464589235125,3.286118980169972,58.4985835694051
2.5952871192852394,1.0,19,none,low,-30.0,0.0,20.0
0.5752871192805575,0.0,19,none,medium,-90.0,0.0,10.0
2.112287119285078,1.0,19,none,medium,50.43636363636364,20.10909090909091,29.67272727272728
1.0412871192847206,1.0,19,none,high,-44.23728813559323,6.7554479418886135,70.99273607748185
0.5782871192805585,0.0,19,none,medium,-4.674220963172797,63.9943342776204,8.6685552407932
0.5732871192805569,0.0,19,none,low,-20.0,0.0,60.0
0.5542871192805505,0.0,19,none,medium,-8.559907834101379,63.50230414746544,2.06221198156682
2.198287119285107,1.0,19,none,medium,37.69736842105264,12.821637426900583,25.12426900584795
0.6202871192805726,0.0,19,none,low,8.241687979539636,8.069053708439895,29.827365728900254
0.6292871192805756,0.0,19,none,high,-10.000000000000009,21.428571428571427,51.42857142857143
0.5712871192805562,0.0,19,none,medium,-22.749562171628725,50.43782837127846,13.18739054290718
4.0252871192817095,0.0,19,none,high,49.68213058419244,27.59450171821306,27.912371134020614
0.6012871192805662,0.0,19,none,medium,15.67185289957568,45.403111739745405,9.731258840169728
4.323287119281809,0.0,19,none,low,10.760412686282002,6.920137562094001,6.159724875811998
2.9732871192853656,1.0,19,none,low,43.81679389312977,8.969465648854962,5.15267175572519
1.0462871192807148,0.0,19,none,medium,59.82905982905983,15.965811965811966,16.136752136752136
1.5532871192848916,1.0,19,none,low,43.628536285362856,6.703567035670357,23.0750307503075
0.7872871192806283,0.0,19,none,low,4.3894899536321486,20.633693972179287,6.244204018547141
1.9532871192810177,0.0,19,none,low,-3.98496240601504,13.007518796992478,16.992481203007518
1.0802871192807262,0.0,19,none,medium,-70.0,0.0,30.0
1.1972871192807653,0.0,19,none,high,58.24034334763948,47.2961373390558,19.05579399141631
1.4012871192808334,0.0,19,none,low,0.2209944751381201,22.98342541436464,12.76243093922652
1.4952871192848722,1.0,19,none,low,-0.7446808510638316,7.702127659574468,18.4468085106383
0.7212871192806063,0.0,19,none,medium,-30.0,0.0,60.0
0.7462871192806146,0.0,19,none,high,38.153526970954346,55.60165975103735,27.44813278008299
0.6752871192805909,0.0,19,none,medium,29.30902111324377,48.71401151631478,9.404990403071016
0.6832871192805936,0.0,19,none,low,-46.40287769784173,20.64748201438849,7.050359712230216
4.980287119286035,1.0,19,none,low,0.8090614886731391,5.4045307443365695,4.595469255663431
0.6792871192805923,0.0,19,none,high,42.12144504227518,61.06072252113759,18.939277478862408
1.9542871192850255,1.0,19,none,medium,60.90434782608696,7.878260869565218,16.973913043478255
0.5662871192805545,0.0,19,none,high,-5.060386473429951,58.80434782608696,13.864734299516908
0.9002871192806661,0.0,19,none,medium,-6.191446028513237,49.20570264765784,15.39714867617108
2.302287119281134,0.0,19,none,high,2.5531914893617014,38.84856070087609,46.29536921151439
0.9412871192806798,0.0,19,none,medium,-30.105820105820108,14.947089947089944,45.05291005291005
1.3952871192808314,0.0,19,none,low,-14.36950146627566,17.086999022482892,11.456500488758554
1.569287119284897,1.0,19,none,low,5.136612021857921,8.37887067395264,23.24225865209472
0.6402871192805792,0.0,19,none,high,-2.2607781282860167,56.40378548895899,18.664563617245005
1.3602871192808197,0.0,19,none,low,35.90643274853801,13.976608187134502,18.07017543859649
0.7002871192805993,0.0,19,none,low,-10.331815224463238,23.73454782042941,4.066363044892648
1.9572871192850265,1.0,19,none,medium,59.17900403768507,6.917900403768506,27.738896366083445
1.2232871192847814,1.0,19,none,high,-90.0,0.0,90.0
0.798287119280632,0.0,19,none,high,-17.980625931445605,28.010432190760053,35.99105812220566
0.6192871192805722,0.0,19,none,medium,-1.4921090387374427,52.33859397417503,13.83070301291248
0.7962871192806313,0.0,19,none,low,34.86486486486486,15.675675675675675,10.81081081081081
1.1972871192807653,0.0,19,none,low,3.1726555652936046,19.90359333917616,6.730937773882558
0.5662871192805545,0.0,19,none,low,-3.373676248108925,9.984871406959153,33.35854765506808
1.3922871192848378,1.0,19,none,low,1.5240083507306874,1.440501043841336,59.91649269311065
0.6342871192805772,0.0,19,none,medium,-90.0,0.0,30.0
0.5542871192805505,0.0,19,none,medium,-6.814159292035392,49.14454277286136,5.9587020648967535
1.0782871192807255,0.0,19,none,low,-9.810246679316888,15.142314990512334,4.952561669829222
0.5832871192805602,0.0,19,none,medium,-60.0,0.0,30.0
0.6342871192805772,0.0,19,none,low,-60.0,0.0,10.0
0.8352871192806444,0.0,19,none,high,37.1071716357776,44.81869460112812,17.71152296535052
1.6192871192849136,1.0,19,none,medium,63.560830860534125,15.192878338278932,21.63204747774481
1.0082871192847096,1.0,19,none,medium,-9.53020134228188,2.32662192393736,61.85682326621924
0.5132871192805368,0.0,19,none,low,0.7033363390441849,10.351668169522092,9.648331830477908
0.5322871192805432,0.0,19,none,low,19.871465295629815,13.290488431876604,13.419023136246784
1.4212871192848475,1.0,19,none,low,33.649068322981364,7.274844720496895,13.625776397515525
0.5882871192805619,0.0,19,none,high,48.960342979635584,64.48017148981779,15.519828510182208
0.7342871192806106,0.0,19,none,low,-4.654088050314467,41.50943396226415,6.163522012578616
0.6722871192805899,0.0,19,none,medium,-44.01816118047673,8.717366628830874,42.735527809307605
0.5802871192805592,0.0,19,none,low,-0.731132075471697,50.801886792452834,1.533018867924528
1.2122871192847777,1.0,19,none,high,-80.0,0.0,80.0
4.0762871192817265,0.0,19,none,low,23.99227799227799,20.247104247104247,16.254826254826256
1.9672871192850299,1.0,19,none,low,29.644549763033176,5.66350710900474,26.01895734597156
0.6042871192805672,0.0,19,none,low,6.366906474820144,18.18345323741007,11.816546762589926
3.3562871192854926,1.0,19,none,high,3.559822747415062,34.327917282127025,40.76809453471196
1.276287119284799,1.0,19,none,low,19.699646643109546,11.342756183745584,21.64310954063604
0.5952871192805642,0.0,19,none,high,6.109324758842448,52.9903536977492,16.881028938906752
2.26728711928513,1.0,19,none,high,55.36679536679537,29.343629343629345,23.976833976833973
0.9722871192846976,1.0,19,none,medium,-40.0,0.0,70.0
0.9362871192846856,1.0,19,none,medium,55.85023400936038,13.790951638065522,27.94071762870514
0.5802871192805592,0.0,19,none,low,-2.9430214323052795,1.411395713538944,34.354417145844224
1.8362871192849861,1.0,19,none,medium,-22.34567901234568,7.061728395061728,49.407407407407405
1.1662871192847624,1.0,19,none,medium,-8.309859154929587,5.915492957746476,64.22535211267606
1.485287119284869,1.0,19,none,high,-90.0,0.0,80.0
1.1232871192807405,0.0,19,none,low,-27.54373687893632,9.965010496850944,7.508747375787264
1.7552871192809516,0.0,19,none,low,-3.19159579789895,6.723361680840419,19.914957478739368
0.711287119280603,0.0,19,none,high,5.857988165680474,57.514792899408285,21.65680473372781
1.4682871192848632,1.0,19,none,high,-37.37247353224255,15.22617901828681,62.59865255052936
1.2302871192847837,1.0,19,none,high,-90.0,0.0,70.0
0.5352871192805442,0.0,19,none,low,-7.736625514403293,8.175582990397803,5.9122085048010975
1.4832871192848682,1.0,19,none,low,2.5112781954887198,1.56390977443609,59.05263157894737
0.6082871192805686,0.0,19,none,medium,-10.14705882352941,46.55228758169935,6.6993464052287575
0.5952871192805642,0.0,19,none,medium,3.5309973045822147,46.79245283018868,13.261455525606468
0.9652871192846952,1.0,19,none,medium,-18.906009244992298,2.773497688751925,81.67950693374422
2.870287119285332,1.0,19,none,high,-90.0,0.0,70.0
0.4992871192805321,0.0,19,none,high,10.402684563758392,56.4765100671141,26.073825503355707
0.6502871192805826,0.0,19,none,medium,-9.909706546275387,62.30248306997743,2.2121896162528207
0.5342871192805438,0.0,19,none,medium,-18.0188679245283,55.09433962264151,3.1132075471698117
0.8112871192846438,1.0,19,none,medium,-10.0,0.0,80.0
1.3762871192848325,1.0,19,none,high,-80.0,0.0,70.0
2.3412871192851545,1.0,19,none,low,-9.18867924528302,7.20754716981132,6.39622641509434
0.7482871192806153,0.0,19,none,medium,20.73280721533258,44.03607666290869,13.3032694475761
1.087287119284736,1.0,19,none,medium,43.16410861865407,12.632821723730814,29.468713105076738
0.6212871192805729,0.0,19,none,medium,14.1304347826087,58.891304347826086,4.76086956521739
0.5762871192805579,0.0,19,none,high,70.0,70.0,0.0
0.5202871192805392,0.0,19,none,low,12.240437158469945,7.413479052823315,5.17304189435337
2.3952871192851726,1.0,19,none,medium,-60.0,0.0,50.0
1.222287119284781,1.0,19,none,high,-80.0,0.0,60.0
0.801287119280633,0.0,19,none,high,80.0,60.0,0.0
0.6492871192805822,0.0,19,none,low,1.598939929328619,13.542402826855122,21.9434628975265
0.5712871192805562,0.0,19,none,medium,34.39703153988868,29.75881261595547,15.36178107606679
0.711287119280603,0.0,19,none,medium,23.60726643598616,28.269896193771626,14.662629757785464
1.710287119284944,1.0,19,none,high,-80.0,0.0,70.0
1.3802871192848338,1.0,19,none,high,-80.0,0.0,60.0
0.6412871192805796,0.0,19,none,medium,-60.0,0.0,30.0
1.5662871192808885,0.0,19,none,medium,-11.41004862236629,12.706645056726092,34.11669367909238
0.9872871192847026,1.0,19,none,high,-60.0,0.0,70.0
0.5712871192805562,0.0,19,none,medium,-90.0,0.0,10.0
0.9482871192806821,0.0,19,none,medium,-20.14778325123153,39.90147783251231,20.049261083743843
0.5372871192805448,0.0,19,none,medium,-80.0,0.0,20.0
1.2772871192847994,1.0,19,none,medium,-30.0,0.0,60.0
1.9032871192850085,1.0,19,none,medium,-60.0,0.0,60.0
0.750287119280616,0.0,19,none,medium,40.0,60.0,0.0
0.9082871192806687,0.0,19,none,medium,-4.409937888198758,38.26086956521739,22.67080745341615
0.7012871192805996,0.0,19,none,low,-60.0,0.0,10.0
2.9492871192853576,1.0,19,none,low,-30.0,0.0,30.0
0.9752871192806911,0.0,19,none,low,-3.2981530343007908,11.134564643799472,4.432717678100263
1.0582871192807188,0.0,19,none,medium,-70.0,0.0,30.0
0.6942871192805973,0.0,19,none,high,61.235955056179776,57.41573033707865,16.179775280898877
1.4052871192848422,1.0,19,none,medium,64.79961832061068,8.311068702290076,13.511450381679383
3.0712871192853983,1.0,19,none,low,43.43878954607978,7.634112792297111,14.195323246217328
0.5502871192805492,0.0,19,none,low,-10.188323917137478,52.33521657250471,2.5235404896421847
0.6332871192805769,0.0,19,none,low,40.90188305252726,8.48364717542121,7.58176412289395
0.5422871192805465,0.0,19,none,high,-13.9907192575406,52.62180974477958,16.612529002320183
0.5832871192805602,0.0,19,none,low,-3.240469208211144,3.379765395894428,6.620234604105572
0.5882871192805619,0.0,19,none,low,18.584247258225325,15.433698903290129,6.849451645064805
0.5662871192805545,0.0,19,none,low,20.0,60.0,0.0
0.816287119280638,0.0,19,none,high,26.02187286397813,34.40874914559125,38.38687628161312
1.8262871192809753,0.0,19,none,low,-40.0,0.0,10.0
0.79228711928063,0.0,19,none,low,-1.4213197969543154,2.144670050761421,23.56598984771573
1.9102871192850108,1.0,19,none,medium,37.156398104265406,25.71879936808847,28.562401263823062
0.5592871192805522,0.0,19,none,low,-70.0,0.0,10.0
1.527287119284883,1.0,19,none,high,-90.0,0.0,60.0
1.3082871192848098,1.0,19,none,low,6.717752234993615,2.388250319284802,45.67049808429118
0.5442871192805472,0.0,19,none,high,20.33898305084746,58.4147557328016,28.07577268195413
1.521287119284881,1.0,19,none,medium,28.615384615384613,9.723076923076922,41.107692307692304
0.6202871192805726,0.0,19,none,low,-24.91250810110175,7.543745949449124,32.456254050550875
1.4352871192848522,1.0,19,none,high,-90.0,0.0,70.0
2.491287119281197,0.0,19,none,low,-7.429492344883159,6.28525382755842,13.71474617244158
0.8142871192806374,0.0,19,none,medium,14.231292517006796,40.48979591836734,16.258503401360542
1.8112871192809703,0.0,19,none,low,17.65990639625585,28.829953198127924,11.170046801872076
0.5682871192805552,0.0,19,none,medium,48.1151832460733,29.3717277486911,21.2565445026178
0.5512871192805495,0.0,19,none,medium,-3.4507897934386325,68.04374240583232,1.494532199270959
1.3382871192848198,1.0,19,none,high,-90.0,0.0,60.0
1.3662871192848292,1.0,19,none,high,-70.0,0.0,60.0
3.346287119285491,1.0,19,none,medium,29.2415949960907,23.08053166536357,33.83893666927286
1.1362871192847523,1.0,19,none,high,-80.0,0.0,80.0
1.0292871192847166,1.0,19,none,high,-70.0,0.0,90.0
0.7762871192806247,0.0,19,none,low,20.47244094488189,18.927165354330707,18.45472440944882
0.7992871192806323,0.0,19,none,medium,2.3144104803493484,42.18340611353712,19.86899563318777
0.9092871192846765,1.0,19,none,medium,-10.0,0.0,90.0
0.5172871192805382,0.0,19,none,low,-18.60927152317881,4.271523178807947,42.88079470198676
1.0042871192847083,1.0,19,none,medium,-16.415882967607107,4.075235109717867,60.49111807732498
0.5322871192805432,0.0,19,none,medium,-44.34743474347435,14.963996399639958,39.31143114311431
1.9902871192850375,1.0,19,none,high,-5.0,30.33333333333333,45.33333333333333
2.107287119281069,0.0,19,none,low,-60.0,0.0,20.0
0.6232871192805736,0.0,19,none,medium,1.132332878581174,45.26603001364257,14.133697135061391
0.5852871192805609,0.0,19,none,high,-3.333333333333336,24.28571428571428,47.61904761904762
1.0112871192847106,1.0,19,none,medium,-9.78067169294037,6.06579849211789,55.846470185058266
0.7522871192806166,0.0,19,none,low,-23.792240300375468,4.655819774718395,8.448060075093867
0.8512871192846572,1.0,19,none,medium,54.26553672316385,13.502824858757062,29.23728813559322
0.5482871192805485,0.0,19,none,low,3.4883720930232567,16.74418604651163,13.255813953488373
0.6052871192805676,0.0,19,none,low,15.144628099173552,11.71487603305785,16.570247933884296
1.6582871192849267,1.0,19,none,low,33.062536528346,7.177089421391,14.114552893045005
3.873287119285666,1.0,19,none,medium,18.30823737821081,16.102745792736936,27.794508414526128
1.0292871192847166,1.0,19,none,medium,40.47058823529412,5.607843137254902,35.13725490196079
0.8892871192806624,0.0,19,none,low,2.329084588644265,6.164542294322132,3.835457705677867
0.9352871192846852,1.0,19,none,high,-70.0,0.0,60.0
0.5802871192805592,0.0,19,none,high,-9.769874476987448,55.5439330543933,15.313807531380752
1.0582871192807188,0.0,19,none,medium,-90.0,0.0,30.0
0.6322871192805766,0.0,19,none,high,50.0,80.0,0.0
2.253287119285125,1.0,19,none,high,-90.0,0.0,50.0
1.3782871192848332,1.0,19,none,low,-10.0,0.0,30.0
0.5922871192805632,0.0,19,none,high,4.395842355998269,37.197921177999135,32.802078822000865
1.5342871192848853,1.0,19,none,high,-12.302158273381297,19.07913669064748,61.381294964028775
3.5962871192855728,1.0,19,none,medium,-90.0,0.0,30.0
1.210287119284777,1.0,19,none,medium,-20.0,0.0,70.0
0.6222871192805732,0.0,19,none,low,-1.4093959731543642,12.253116011505274,23.66251198465964
0.7602871192806193,0.0,19,none,high,-90.0,0.0,70.0
1.0912871192847373,1.0,19,none,low,-20.0,0.0,60.0
5.137287119286088,1.0,19,none,low,-26.493506493506494,6.753246753246752,33.24675324675325
0.5682871192805552,0.0,19,none,medium,-5.405405405405404,59.67567567567568,5.081081081081081
1.2712871192847974,1.0,19,none,medium,-40.0,0.0,70.0
1.1092871192847433,1.0,19,none,medium,-70.0,0.0,50.0
0.714287119280604,0.0,19,none,low,-4.620505992010653,10.252996005326231,4.873501997336884
1.1432871192847547,1.0,19,none,medium,-40.0,0.0,70.0
1.1812871192847674,1.0,19,none,high,-18.65284974093264,17.720207253886006,56.37305699481865
0.7852871192806277,0.0,19,none,medium,20.660146699266512,26.960065199674005,16.299918500407497
1.2852871192807946,0.0,19,none,low,-17.582417582417584,17.934065934065934,5.516483516483516
0.780287119280626,0.0,19,none,high,-9.38671209540034,51.82282793867121,21.20954003407155
0.5492871192805489,0.0,19,none,high,34.920634920634924,57.46031746031746,22.53968253968253
0.8802871192846669,1.0,19,none,medium,-10.0,0.0,90.0
0.5942871192805639,0.0,19,none,medium,-21.075949367088604,56.39240506329114,7.468354430379746
0.9442871192806808,0.0,19,none,medium,59.9248120300752,33.308270676691734,13.383458646616536
1.2242871192847817,1.0,19,none,high,-70.0,0.0,70.0
6.10128711928641,1.0,19,none,low,44.42270058708415,16.105675146771038,11.682974559686889
0.5542871192805505,0.0,19,none,medium,-0.0431034482758612,63.9655172413793,4.008620689655172
0.8842871192806607,0.0,19,none,high,-90.0,0.0,80.0
1.03928711928472,1.0,19,none,medium,64.52471482889734,7.4524714828897345,22.927756653992397
0.7942871192846381,1.0,19,none,high,-90.0,0.0,90.0
1.2232871192847814,1.0,19,none,medium,-16.927816901408455,4.357394366197182,51.28521126760564
0.6332871192805769,0.0,19,none,low,10.888638920134984,6.962879640044994,6.07424071991001
1.3772871192848328,1.0,19,none,medium,35.660377358490564,11.132075471698112,35.471698113207545
0.8542871192806507,0.0,19,none,low,-1.0568295114656046,2.981056829511465,14.037886340977067
1.9772871192850332,1.0,19,none,high,3.825983313468406,25.53039332538736,51.70441001191895
1.4782871192848666,1.0,19,none,medium,46.16,28.72,22.56
0.6502871192805826,0.0,19,none,medium,5.113122171945701,61.90045248868778,6.78733031674208
0.7452871192806143,0.0,19,none,low,-6.942496493688639,55.17531556802244,2.11781206171108
0.855287119280651,0.0,19,none,low,18.96010464355788,7.24002616088947,8.27992151733159
1.4292871192848502,1.0,19,none,medium,25.49638989169675,15.13537906137184,39.63898916967509
1.328287119280809,0.0,19,none,high,-1.8682634730538936,44.64670658682635,26.51497005988024
0.8622871192846608,1.0,19,none,high,-40.0,0.0,90.0
1.6972871192849397,1.0,19,none,low,12.715572715572716,4.543114543114543,21.827541827541825
0.5402871192805458,0.0,19,none,low,-60.0,0.0,10.0
1.7902871192849708,1.0,19,none,low,-16.333333333333336,5.124999999999999,41.458333333333336
0.79228711928063,0.0,19,none,low,3.936567164179105,6.968283582089553,3.031716417910448
1.6162871192809052,0.0,19,none,medium,-80.0,0.0,30.0
1.1372871192807452,0.0,19,none,high,-3.861386138613863,35.61309977151561,29.47448591012947
0.7132871192846111,1.0,19,none,high,-70.0,0.0,90.0
0.6192871192805722,0.0,19,none,medium,9.500000000000002,55.650000000000006,6.15
2.0182871192850467,1.0,19,none,high,-70.0,0.0,60.0
1.779287119284967,1.0,19,none,high,-90.0,0.0,50.0
3.382287119285503,1.0,19,none,low,30.649350649350648,6.774891774891775,16.125541125541126
0.6272871192805749,0.0,19,none,medium,41.18705035971223,13.597122302158272,22.41007194244604
0.5622871192805532,0.0,19,none,low,-20.482115085536545,43.32814930015552,3.810264385692068
0.6082871192805686,0.0,19,none,low,8.697614442295293,27.82720825274017,9.129593810444874
0.6442871192805806,0.0,19,none,high,36.0,38.4,32.4
0.5552871192805509,0.0,19,none,medium,3.825301204819283,60.96385542168675,7.138554216867468
0.7542871192846248,1.0,19,none,medium,-30.0,0.0,90.0
0.5362871192805445,0.0,19,none,medium,-2.419006479481641,15.032397408207345,37.45140388768898
5.641287119282249,0.0,19,none,low,21.18451025056948,21.936218678815493,10.751708428246012
0.6892871192805956,0.0,19,none,medium,-24.47619047619047,58.971428571428575,3.447619047619047
1.1442871192807476,0.0,19,none,medium,-60.0,0.0,40.0
2.9032871192813348,0.0,19,none,low,4.492753623188406,16.328502415458935,1.835748792270531
0.6552871192805843,0.0,19,none,high,38.31530139103555,47.38794435857805,29.072642967542503
1.479287119284867,1.0,19,none,low,-8.348837209302326,9.27906976744186,27.627906976744185
1.6402871192849207,1.0,19,none,low,-31.51835093011564,4.8466566113624925,26.36500754147813
0.5552871192805509,0.0,19,none,high,-1.279069767441854,57.03488372093023,18.31395348837209
0.5562871192805512,0.0,19,none,high,6.818604651162801,40.85581395348838,44.03720930232558
0.7832871192846345,1.0,19,none,medium,39.35593220338984,18.91525423728814,29.559322033898304
0.5412871192805462,0.0,19,none,medium,40.99748533109808,21.299245599329424,20.30176026823135
0.5992871192805656,0.0,19,none,medium,-15.644283121597097,57.20508166969147,2.8493647912885662
0.9662871192846956,1.0,19,none,medium,-40.0,0.0,60.0
0.6532871192805836,0.0,19,none,low,-28.763066202090588,8.989547038327524,7.752613240418118
0.5452871192805475,0.0,19,none,medium,17.620396600566572,38.81019830028328,21.18980169971671
2.8472871192853235,1.0,19,none,high,-46.829268292682926,15.609756097560975,72.4390243902439
0.9142871192806707,0.0,19,none,low,-29.166666666666668,7.22222222222222,16.38888888888889
1.216287119284779,1.0,19,none,medium,33.94534585824082,15.986336464560203,42.04099060631938
0.8502871192846568,1.0,19,none,medium,-10.0,0.0,80.0
1.1292871192807425,0.0,19,none,low,-19.509483322432963,7.867887508175277,7.377370830608241
0.5082871192805352,0.0,19,none,high,33.34959349593496,51.67479674796748,18.32520325203252
0.7672871192806217,0.0,19,none,high,13.934426229508198,57.80580075662043,13.871374527112229
0.5542871192805505,0.0,19,none,medium,13.92134831460675,53.40449438202248,9.483146067415728
0.5282871192805418,0.0,19,none,medium,-1.6986301369862955,72.24657534246576,3.945205479452054
1.2182871192807723,0.0,19,none,low,2.805755395683452,24.460431654676256,11.654676258992804
0.846287119280648,0.0,19,none,medium,-28.795180722891565,32.04819277108434,10.843373493975903
0.834287119280644,0.0,19,none,high,-20.838971583220573,24.58051420838971,45.419485791610285
1.2892871192848034,1.0,19,none,high,-90.0,0.0,60.0
1.096287119284739,1.0,19,none,low,-10.0,0.0,70.0
0.771287119280623,0.0,19,none,low,-4.101995565410199,19.42350332594235,3.52549889135255
1.0972871192807319,0.0,19,none,medium,-90.0,0.0,20.0
1.9642871192810214,0.0,19,none,low,-0.3333333333333339,7.866666666666666,18.2
1.213287119284778,1.0,19,none,medium,-19.754098360655743,3.0737704918032778,62.82786885245902
2.1262871192850827,1.0,19,none,high,-80.0,0.0,60.0
0.6312871192805762,0.0,19,none,low,22.031686859273066,16.812674743709227,4.780987884436159
0.7992871192806323,0.0,19,none,low,-10.376569037656903,19.7489539748954,10.125523012552302
0.6362871192805779,0.0,19,none,medium,-4.910891089108905,50.05940594059406,14.970297029702968
0.5042871192805338,0.0,19,none,medium,63.91304347826088,23.47826086956522,19.56521739130434
0.798287119280632,0.0,19,none,medium,-10.043811610076668,71.960569550931,2.004381161007667
0.9252871192846819,1.0,19,none,low,-6.4637002341920375,6.76814988290398,13.231850117096018
0.6672871192805883,0.0,19,none,medium,2.3891273247496443,50.67238912732476,8.283261802575108
0.7302871192806093,0.0,19,none,medium,-9.140893470790378,38.72852233676976,17.869415807560138
0.804287119280634,0.0,19,none,high,27.544642857142858,57.35714285714286,19.8125
1.051287119284724,1.0,19,none,medium,-60.0,0.0,30.0
0.5992871192805656,0.0,19,none,medium,-9.085714285714282,72.82285714285715,1.908571428571428
0.5862871192805612,0.0,19,none,medium,24.485738980121003,55.11668107173725,10.63094209161625
1.1122871192847443,1.0,19,none,high,-8.49117174959872,9.695024077046549,68.18619582664526
1.6372871192809122,0.0,19,none,medium,-60.0,0.0,30.0
1.0372871192847193,1.0,19,none,medium,-60.0,0.0,60.0
1.6782871192849333,1.0,19,none,high,-38.613617719442175,25.693191140278916,64.30680885972109
1.3202871192848138,1.0,19,none,medium,33.076411960132894,17.20265780730897,34.12624584717607
0.8862871192846689,1.0,19,none,medium,-30.0,0.0,80.0
1.0612871192847273,1.0,19,none,low,-10.0,0.0,70.0
1.484287119280861,0.0,19,none,high,11.25279642058165,32.88590604026845,31.6331096196868
3.2862871192814627,0.0,19,none,low,-21.84,10.377142857142855,22.217142857142857
1.4592871192848602,1.0,19,none,high,-60.0,0.0,70.0
0.9162871192846789,1.0,19,none,medium,-11.561604584527224,6.146131805157591,47.70773638968481
0.6832871192805936,0.0,19,none,low,10.499001996007983,15.249500998003994,4.750499001996008
2.0742871192850654,1.0,19,none,low,-20.0,0.0,20.0
0.7942871192806307,0.0,19,none,high,-80.0,0.0,70.0
0.9422871192806801,0.0,19,none,low,12.66112266112266,5.665280665280665,13.004158004158002
2.9852871192853696,1.0,19,none,low,43.443708609271525,7.634815515610217,14.191106906338693
0.6402871192805792,0.0,19,none,low,8.540646425073458,23.124387855044077,4.583741429970615
1.2002871192847737,1.0,19,none,high,-80.0,0.0,70.0
0.5642871192805539,0.0,19,none,medium,-6.526122823098074,48.982584784601286,15.50870760769936
0.5112871192805362,0.0,19,none,high,38.95027624309392,47.6657458563536,28.715469613259668
0.6602871192805859,0.0,19,none,medium,-80.0,0.0,20.0
0.6262871192805746,0.0,19,none,medium,-36.77484787018256,25.841784989858013,12.616632860040568
0.726287119280608,0.0,19,none,low,15.270121278941568,6.317530319735392,11.047409040793823
1.0382871192807122,0.0,19,none,medium,-60.0,0.0,60.0
4.059287119281721,0.0,19,none,high,44.38073394495414,25.96330275229358,31.582568807339445
1.5482871192808825,0.0,19,none,low,-4.783289817232372,23.47780678851175,8.261096605744124
0.6962871192805979,0.0,19,none,low,20.68104426787741,11.623155505107832,20.94211123723042
1.114287119284745,1.0,19,none,low,14.370370370370368,3.481481481481481,39.11111111111112
0.7152871192806043,0.0,19,none,low,-2.0754716981132075,3.962264150943396,6.037735849056603
2.9842871192853684,1.0,19,none,high,-37.05882352941177,26.470588235294112,63.52941176470589
1.2642871192807876,0.0,19,none,low,10.59217877094972,17.39664804469274,16.804469273743017
0.9802871192847002,1.0,19,none,high,-90.0,0.0,90.0
0.5662871192805545,0.0,19,none,low,32.94713975380159,13.236784938450398,20.28964518464881
2.1042871192850754,1.0,19,none,high,-43.42758222735141,12.400461627236004,65.82804385458742
0.9302871192806761,0.0,19,none,high,-90.0,0.0,40.0
0.7692871192806223,0.0,19,none,medium,30.0,80.0,0.0
1.153287119284758,1.0,19,none,medium,-30.0,0.0,70.0
0.6612871192805863,0.0,19,none,high,80.0,70.0,0.0
0.5922871192805632,0.0,19,none,medium,-54.78323699421965,11.835260115606935,16.61849710982659
0.5722871192805565,0.0,19,none,medium,24.738292011019283,25.895316804407717,21.15702479338843
0.6092871192805689,0.0,19,none,low,-10.513833992094863,37.11462450592885,7.628458498023716
1.2262871192847824,1.0,19,none,medium,-40.0,0.0,50.0
0.870287119280656,0.0,19,none,low,6.567164179104479,5.522388059701493,8.955223880597014
1.4095729034474442,0.0,21,none,high,-46.217650962176506,11.891174518911743,58.10882548108825
1.5685729034474973,0.0,21,none,low,27.226945716154358,24.52583387835186,7.298888162197512
1.2835729034474022,0.0,21,none,medium,-0.7142857142857189,14.285714285714285,45.0
2.0005729034476416,0.0,21,none,low,0.2830882352941177,13.522058823529411,3.2389705882352944
0.9545729034472923,0.0,21,none,medium,2.194637537239325,75.43197616683217,3.23733862959285
0.5855729034511765,1.0,21,none,high,-27.829457364341085,18.44961240310077,66.27906976744185
1.1705729034473644,0.0,21,none,low,5.551128818061088,49.16334661354582,3.612217795484728
0.9195729034512881,1.0,21,none,medium,37.58620689655172,34.48275862068965,6.89655172413793
0.5525729034511655,1.0,21,none,high,9.578454332552695,47.7751756440281,28.19672131147541
0.6375729034511939,1.0,21,none,medium,39.61871750433275,11.92374350086655,32.30502599653379
1.0455729034473227,0.0,21,none,high,70.10781671159029,80.05390835579514,9.946091644204852
0.5295729034511578,1.0,21,none,medium,25.11306532663316,3.511306532663316,58.39824120603015
0.9775729034473,0.0,21,none,high,-42.85407725321889,32.63948497854077,25.493562231759658
1.0085729034473103,0.0,21,none,high,-66.47490820073438,6.364749082007344,82.83965728274173
0.6385729034511942,1.0,21,none,low,37.3308957952468,14.3327239488117,17.0018281535649
0.8855729034512767,1.0,21,none,high,49.43319838056681,43.77327935222672,24.340080971659923
1.495572903447473,0.0,21,none,low,21.220013708019188,34.982864976010966,3.762851267991774
1.678572903447534,0.0,21,none,high,50.231814548361314,47.242206235011984,17.01039168665067
0.5425729034511622,1.0,21,none,high,53.39594290007513,52.33658903080391,8.940646130728775
1.8375729034475872,0.0,21,none,high,-67.14285714285714,12.85714285714285,60.0
0.5715729034511718,1.0,21,none,low,6.647982062780269,2.774663677130045,36.12668161434978
1.932572903447619,0.0,21,none,medium,-5.157997083130768,50.43266893534273,5.590666018473503
0.9395729034472873,0.0,21,none,medium,-12.78838808250573,28.326967150496564,21.11535523300229
0.9055729034472759,0.0,21,none,high,18.306320907617504,64.9837925445705,16.677471636952998
0.880572903451275,1.0,21,none,low,39.86666666666667,17.104761904761904,7.2380952380952355
0.8105729034512517,1.0,21,none,medium,62.24625623960066,23.061564059900167,20.81530782029949
0.7805729034472342,0.0,21,none,high,-80.0,0.0,60.0
0.5255729034511565,1.0,21,none,low,10.0,30.0,0.0
2.424572903447783,0.0,21,none,high,12.5651890482399,54.29921773142112,31.734028683181226
0.9255729034472826,0.0,21,none,medium,-35.457007447528774,39.5937711577522,5.050778605280975
0.6915729034512119,1.0,21,none,low,-14.943625325238507,5.646140503035558,40.58976582827407
0.6225729034511889,1.0,21,none,low,-12.614173228346456,13.039370078740156,5.653543307086614
2.5665729034478306,0.0,21,none,medium,19.83870967741936,57.17008797653959,7.331378299120232
2.4605729034518027,1.0,21,none,medium,45.316455696202524,25.105485232067508,9.789029535864978
0.6615729034512019,1.0,21,none,high,65.35714285714288,50.142857142857146,14.785714285714278
0.6055729034511832,1.0,21,none,high,52.95907660020987,61.47953830010493,8.520461699895067
1.9275729034476172,0.0,21,none,medium,26.03305785123967,51.6198347107438,5.586776859504132
1.413572903451453,1.0,21,none,low,60.0,10.0,0.0
1.4155729034474462,0.0,21,none,low,-46.74297606659729,11.363163371488032,8.106139438085329
0.6565729034512002,1.0,21,none,low,0.5263157894736841,5.263157894736842,4.7368421052631575
0.9495729034472906,0.0,21,none,high,-33.49077490774908,39.12177121771217,22.61254612546125
1.0025729034473083,0.0,21,none,low,18.13282001924928,29.06641000962464,10.93358999037536
0.5455729034511632,1.0,21,none,high,40.380165289256205,73.33884297520662,12.95867768595041
0.9855729034513101,1.0,21,none,medium,-90.0,0.0,30.0
0.9905729034513118,1.0,21,none,high,-90.0,0.0,60.0
0.6025729034511822,1.0,21,none,low,10.82901554404145,6.94300518134715,6.113989637305698
0.6085729034511842,1.0,21,none,medium,1.3394018205461613,9.401820546163847,48.06241872561768
0.8315729034472512,0.0,21,none,medium,0.2171664943123055,67.66287487073423,7.445708376421924
1.178572903447367,0.0,21,none,high,50.0,80.0,0.0
1.1125729034513525,1.0,21,none,medium,24.77366255144033,3.477366255144033,58.7037037037037
0.5875729034511772,1.0,21,none,medium,90.0,20.0,0.0
0.742572903451229,1.0,21,none,medium,22.28070175438596,9.395711500974658,37.11500974658869
0.802572903451249,1.0,21,none,medium,80.0,10.0,0.0
1.521572903451489,1.0,21,none,high,49.29866989117292,69.64933494558646,20.35066505441354
1.2635729034473955,0.0,21,none,high,-20.91990846681922,36.35697940503432,27.276887871853543
1.2945729034514133,1.0,21,none,high,90.0,90.0,0.0
0.6825729034512089,1.0,21,none,high,19.817518248175187,58.13868613138686,28.32116788321168
0.7695729034472305,0.0,21,none,medium,6.462450592885377,69.1699604743083,2.7075098814229244
1.0905729034473377,0.0,21,none,low,10.0,40.0,0.0
2.039572903451662,1.0,21,none,low,40.0,30.0,0.0
0.6425729034511956,1.0,21,none,low,29.157631359466222,6.52627189324437,17.368640533778144
1.2535729034513996,1.0,21,none,high,90.0,70.0,0.0
0.9935729034473053,0.0,21,none,medium,-35.81227436823105,39.27797833935018,5.090252707581228
0.6585729034512009,1.0,21,none,medium,53.47204161248375,31.157347204161248,17.685305591677498
0.5415729034511618,1.0,21,none,low,-22.76273022751896,5.42795232936078,8.19068255687974
0.7485729034472235,0.0,21,none,medium,20.453460620525057,63.31742243436754,2.863961813842482
1.7955729034515806,1.0,21,none,medium,47.67354596622889,23.30206378986867,15.62851782363977
1.2105729034473778,0.0,21,none,medium,-70.0,0.0,40.0
1.182572903451376,1.0,21,none,low,18.787483702737937,4.797913950456323,26.010430247718386
1.9025729034476089,0.0,21,none,high,-80.0,0.0,70.0
0.6335729034511925,1.0,21,none,low,50.0,30.0,0.0
0.6155729034511865,1.0,21,none,low,6.791734638390428,4.197933659597607,17.40619902120718
0.5805729034511748,1.0,21,none,medium,-30.0,0.0,90.0
0.8975729034472733,0.0,21,none,medium,30.0,90.0,0.0
1.0425729034473217,0.0,21,none,medium,50.0,60.0,0.0
1.190572903447371,0.0,21,none,high,42.066115702479344,60.3432930705658,8.277177368086457
0.9205729034472809,0.0,21,none,low,10.0,70.0,0.0
0.8225729034512557,1.0,21,none,low,19.553072625698324,13.18435754189944,13.631284916201116
2.052572903447659,0.0,21,none,medium,-8.302122347066165,5.917602996254682,64.21972534332085
0.9375729034472866,0.0,21,none,medium,13.367060146149525,67.90331646992692,4.536256323777402
0.9395729034472873,0.0,21,none,medium,-37.402597402597394,15.064935064935064,22.467532467532465
1.185572903451377,1.0,21,none,low,-32.882096069869,5.6943231441048034,8.5764192139738
0.8565729034472596,0.0,21,none,high,0.7156673114119982,58.31721470019343,17.60154738878143
0.8995729034472739,0.0,21,none,medium,-3.28740157480315,78.04133858267717,1.328740157480315
0.8815729034472679,0.0,21,none,medium,20.0,90.0,0.0
1.190572903447371,0.0,21,none,medium,-60.0,0.0,40.0
0.7885729034472369,0.0,21,none,high,60.0,80.0,0.0
0.5715729034511718,1.0,21,none,low,12.04331450094162,25.22598870056497,3.182674199623352
0.5665729034511702,1.0,21,none,medium,80.0,20.0,0.0
1.2615729034473948,0.0,21,none,high,11.04845814977974,30.44933920704846,39.40088105726872
0.9135729034472786,0.0,21,none,medium,70.0,40.0,0.0
0.5415729034511618,1.0,21,none,low,-13.2565445026178,3.371727748691098,16.6282722513089
0.5815729034511752,1.0,21,none,medium,18.10463968410661,19.368213228035536,41.26357354392893
0.7825729034512423,1.0,21,none,low,4.977908689248896,2.496318114874816,37.51840942562592
0.802572903451249,1.0,21,none,high,80.0,70.0,0.0
1.0055729034513168,1.0,21,none,medium,-15.853810264385691,29.4307931570762,15.284603421461895
0.6225729034511889,1.0,21,none,low,40.0,40.0,0.0
1.411572903447445,0.0,21,none,medium,-13.302469135802468,69.02777777777777,2.330246913580247
0.5805729034511748,1.0,21,none,high,90.0,60.0,0.0
0.6535729034511992,1.0,21,none,medium,15.365853658536588,22.14634146341464,26.78048780487805
0.5435729034511625,1.0,21,none,low,-5.435897435897435,46.76923076923077,2.2051282051282053
1.3335729034474189,0.0,21,none,medium,-60.0,0.0,60.0
0.9435729034472886,0.0,21,none,medium,-1.9405940594059423,62.447524752475246,4.3881188118811885
0.7505729034512316,1.0,21,none,low,0.4749679075738111,2.618741976893453,22.14377406931964
0.8545729034512664,1.0,21,none,high,-90.0,0.0,40.0
0.6365729034511936,1.0,21,none,medium,-20.0,0.0,90.0
0.6485729034511976,1.0,21,none,low,7.992424242424241,3.598484848484848,25.60606060606061
0.8205729034472475,0.0,21,none,medium,21.02754237288136,73.47457627118645,2.4470338983050848
1.2665729034473965,0.0,21,none,medium,48.84430176565008,35.53772070626003,6.693418940609952
0.6625729034512022,1.0,21,none,low,15.79001019367992,5.158002038735984,19.367991845056064
0.7615729034512353,1.0,21,none,low,-60.0,0.0,10.0
0.7595729034512346,1.0,21,none,medium,-40.0,0.0,70.0
1.956572903447627,0.0,21,none,low,-56.48543689320388,11.825242718446598,8.310679611650485
0.5985729034511809,1.0,21,none,medium,80.0,40.0,0.0
0.5565729034511668,1.0,21,none,medium,-40.0,0.0,80.0
1.6765729034475334,0.0,21,none,medium,33.05717619603267,60.1166861143524,7.05950991831972
0.5675729034511705,1.0,21,none,medium,-20.0,0.0,90.0
0.6675729034512039,1.0,21,none,low,-18.884073672806068,5.557963163596965,24.442036836403037
1.0055729034513168,1.0,21,none,low,-60.0,0.0,20.0
1.2495729034513983,1.0,21,none,low,16.87979539641944,6.71994884910486,9.840153452685422
0.7285729034512243,1.0,21,none,low,-40.0,0.0,40.0
1.0065729034473097,0.0,21,none,medium,50.0,40.0,0.0
2.8755729034519413,1.0,21,none,low,9.705882352941178,23.823529411764703,4.117647058823528
0.953572903447292,0.0,21,none,low,-70.0,0.0,10.0
1.2605729034473945,0.0,21,none,medium,40.0,70.0,0.0
1.2285729034473838,0.0,21,none,low,20.0,40.0,0.0
1.9035729034476092,0.0,21,none,low,4.310865191146882,16.207243460764587,1.8963782696177056
1.6405729034475214,0.0,21,none,high,80.0,90.0,0.0
1.2135729034473788,0.0,21,none,medium,40.0,80.0,0.0
1.308572903451418,1.0,21,none,medium,50.0,40.0,0.0
0.6045729034511829,1.0,21,none,medium,-20.0,0.0,90.0
0.6845729034512096,1.0,21,none,medium,49.73240255962769,21.74520069808028,22.01279813845258
1.3465729034474232,0.0,21,none,high,50.0,80.0,0.0
1.435572903447453,0.0,21,none,medium,-71.40127388535032,16.73885350318471,8.140127388535031
1.2595729034473941,0.0,21,none,high,-23.476821192052977,42.76490066225165,26.241721854304632
0.5365729034511602,1.0,21,none,high,90.0,40.0,0.0
1.3535729034474255,0.0,21,none,high,90.0,80.0,0.0
1.3395729034474209,0.0,21,none,medium,30.0,70.0,0.0
0.7405729034512283,1.0,21,none,low,60.0,10.0,0.0
1.0055729034473093,0.0,21,none,medium,-11.068048670572328,45.835962145110415,6.90401081568274
1.094572903447339,0.0,21,none,medium,-37.65081901717939,33.87934478625649,11.530163803435878
0.8155729034512533,1.0,21,none,medium,-63.50217076700434,10.998552821997103,34.500723589001446
1.3045729034474092,0.0,21,none,high,-50.471014492753625,15.7487922705314,56.21980676328503
1.0865729034513438,1.0,21,none,high,52.32227488151658,44.92890995260663,22.60663507109004
1.1175729034473467,0.0,21,none,low,0.5521472392638032,8.220858895705522,17.66871165644172
0.7175729034472131,0.0,21,none,medium,2.9952830188679327,73.77358490566039,0.7783018867924519
0.8365729034512603,1.0,21,none,low,38.428927680798,25.66084788029925,7.2319201995012445
1.940572903451629,1.0,21,none,medium,70.0,20.0,0.0
0.6045729034511829,1.0,21,none,low,-19.21397379912664,8.08951965065502,7.3034934497816595
1.0535729034513328,1.0,21,none,low,45.62814070351759,16.407035175879397,10.778894472361806
0.5705729034511715,1.0,21,none,low,30.0,30.0,0.0
0.6075729034471764,0.0,21,none,medium,20.0,90.0,0.0
1.0665729034473297,0.0,21,none,low,2.0583941605839424,63.05109489051094,0.992700729927007
0.5895729034511779,1.0,21,none,low,20.0,20.0,0.0
0.7425729034472215,0.0,21,none,low,-20.0,0.0,30.0
0.6055729034511832,1.0,21,none,low,20.96477794793262,5.160796324655436,24.19601837672281
0.5755729034511732,1.0,21,none,low,22.93156281920327,8.232890704800816,5.301327885597549
0.6475729034511972,1.0,21,none,high,36.06022584692597,66.73776662484316,20.67754077791719
1.675572903447533,0.0,21,none,medium,21.90635451505017,53.61204013377927,11.705685618729095
1.175572903447366,0.0,21,none,high,90.0,80.0,0.0
0.5905729034511782,1.0,21,none,low,10.870147255689425,15.435073627844712,4.564926372155288
1.1555729034473594,0.0,21,none,medium,-70.0,0.0,50.0
0.5965729034511802,1.0,21,none,low,-20.0,0.0,50.0
0.5755729034511732,1.0,21,none,medium,24.50310559006211,18.16770186335404,23.664596273291927
0.6335729034511925,1.0,21,none,low,-13.442940038684725,6.20889748549323,39.65183752417795
1.8735729034475992,0.0,21,none,low,-40.0,0.0,30.0
0.5675729034511705,1.0,21,none,high,60.0,90.0,0.0
2.630572903447852,0.0,21,none,low,22.85287528005975,31.42643764002987,8.573562359970124
0.6005729034511815,1.0,21,none,low,-0.0458715596330279,7.981651376146788,18.02752293577981
1.1825729034473684,0.0,21,none,high,40.0,90.0,0.0
0.5715729034511718,1.0,21,none,high,-80.0,0.0,80.0
0.8575729034472599,0.0,21,none,high,60.0,90.0,0.0
0.9375729034512941,1.0,21,none,low,-40.0,0.0,30.0
0.5845729034511762,1.0,21,none,medium,60.0,30.0,0.0
1.3105729034474112,0.0,21,none,medium,30.0,70.0,0.0
2.2135729034477127,0.0,21,none,high,-80.0,0.0,90.0
0.5835729034511759,1.0,21,none,medium,60.0,30.0,0.0
1.675572903447533,0.0,21,none,low,-40.0,0.0,40.0
0.8395729034512613,1.0,21,none,medium,80.0,30.0,0.0
0.9145729034512864,1.0,21,none,high,-80.0,0.0,80.0
0.5635729034511692,1.0,21,none,medium,50.0,60.0,0.0
0.877572903451274,1.0,21,none,low,3.251622206200432,9.300648882480171,16.04902667627974
1.1195729034473474,0.0,21,none,low,-20.0,0.0,50.0
0.8405729034472542,0.0,21,none,high,-80.0,0.0,70.0
0.5985729034511809,1.0,21,none,low,11.31455399061033,24.7887323943662,3.474178403755868
1.7415729034515626,1.0,21,none,medium,70.0,40.0,0.0
0.7945729034512463,1.0,21,none,low,12.857142857142858,2.8571428571428568,50.0
2.6315729034478523,0.0,21,none,high,-64.80519480519482,15.11688311688311,49.92207792207792
0.6925729034512123,1.0,21,none,high,-80.0,0.0,80.0
0.9265729034472829,0.0,21,none,high,7.6182136602451855,31.20840630472855,33.590192644483366
1.7245729034475494,0.0,21,none,high,80.0,70.0,0.0
0.9395729034512947,1.0,21,none,low,29.827856025039125,7.965571205007825,8.1377151799687
0.5865729034511769,1.0,21,none,low,30.0,10.0,0.0
1.205572903447376,0.0,21,none,medium,-70.0,0.0,20.0
1.1055729034473427,0.0,21,none,low,5.769547325102882,7.88477366255144,2.1152263374485587
0.9335729034472853,0.0,21,none,medium,30.0,90.0,0.0
1.0175729034473133,0.0,21,none,medium,-16.20178041543027,55.34866468842729,11.550445103857566
0.5485729034511642,1.0,21,none,low,32.00761179828734,17.335870599429114,5.328258801141768
0.5465729034511635,1.0,21,none,high,54.76510067114096,49.18504314477469,14.419942473633744
1.3045729034474092,0.0,21,none,high,-18.5,35.75,54.25
0.6865729034512102,1.0,21,none,medium,70.0,20.0,0.0
0.5745729034511728,1.0,21,none,low,15.850622406639005,11.950207468879668,16.099585062240664
0.6365729034511936,1.0,21,none,high,50.0,90.0,0.0
1.7655729034515706,1.0,21,none,high,-70.0,0.0,90.0
0.7145729034512196,1.0,21,none,low,10.0,60.0,0.0
0.6715729034512052,1.0,21,none,medium,60.0,60.0,0.0
0.6325729034511922,1.0,21,none,medium,-30.0,0.0,70.0
2.412572903447779,0.0,21,none,low,-30.0,0.0,20.0
0.5625729034511688,1.0,21,none,low,-20.0,0.0,60.0
0.8785729034512744,1.0,21,none,medium,-50.88305489260142,19.411296738265712,30.29435163086714
0.6805729034512082,1.0,21,none,medium,16.702923181509178,14.010876954452751,37.30795377294357
0.6565729034512002,1.0,21,none,medium,90.0,20.0,0.0
0.5825729034511755,1.0,21,none,medium,80.0,20.0,0.0
1.200572903451382,1.0,21,none,medium,-30.0,0.0,70.0
0.5585729034511675,1.0,21,none,medium,70.0,40.0,0.0
0.8475729034472566,0.0,21,none,medium,-90.0,0.0,10.0
2.5595729034518357,1.0,21,none,high,-80.0,0.0,60.0
0.7145729034512196,1.0,21,none,medium,90.0,10.0,0.0
1.7245729034475494,0.0,21,none,low,6.960431654676258,8.480215827338128,1.51978417266187
0.5455729034511632,1.0,21,none,medium,-60.0,0.0,40.0
0.5575729034511672,1.0,21,none,medium,80.0,10.0,0.0
0.6025729034511822,1.0,21,none,high,-90.0,0.0,90.0
1.3595729034474275,0.0,21,none,low,-3.220338983050848,58.432203389830505,1.652542372881356
1.672572903447532,0.0,21,none,low,30.0,40.0,0.0
0.7145729034512196,1.0,21,none,medium,-20.0,0.0,70.0
1.8195729034515886,1.0,21,none,medium,-20.0,0.0,80.0
1.6325729034475187,0.0,21,none,medium,-70.0,0.0,20.0
2.142572903447689,0.0,21,none,low,6.187989556135771,17.458659704090515,1.270670147954743
1.0115729034473113,0.0,21,none,medium,-32.96131896005073,28.80786303107165,11.769181991122384
0.8255729034512567,1.0,21,none,low,-15.811390079608085,2.094304960195958,17.90569503980404
0.5535729034511658,1.0,21,none,medium,-30.0,0.0,90.0
1.2645729034473958,0.0,21,none,medium,30.0,80.0,0.0
0.5685729034511708,1.0,21,none,low,0.5725190839694658,13.71501272264631,3.1424936386768447
1.6765729034475334,0.0,21,none,low,-1.7424242424242404,49.935064935064936,1.6774891774891771
0.7045729034512163,1.0,21,none,low,26.728624535315987,4.591078066914498,37.86245353159851
1.1765729034473664,0.0,21,none,medium,-14.008875739644973,62.17455621301775,6.183431952662723
0.8465729034512637,1.0,21,none,medium,-0.3928095872170445,17.603195739014648,27.996005326231693
0.7495729034472238,0.0,21,none,low,20.0,40.0,0.0
1.3605729034474279,0.0,21,none,low,27.63079960513327,24.69891411648569,7.068114511352416
0.5905729034511782,1.0,21,none,low,18.253521126760567,24.126760563380284,5.873239436619717
0.8445729034472556,0.0,21,none,high,-70.0,0.0,70.0
0.6135729034511859,1.0,21,none,medium,80.0,10.0,0.0
0.5495729034511645,1.0,21,none,medium,60.0,40.0,0.0
2.0245729034476496,0.0,21,none,medium,13.187991422444604,52.93781272337384,9.749821300929236
0.8265729034472495,0.0,21,none,low,12.826321467098168,25.6957928802589,2.869471413160732
1.124572903447349,0.0,21,none,medium,20.0,80.0,0.0
1.4615729034474616,0.0,21,none,high,50.0,80.0,0.0
1.7895729034475711,0.0,21,none,low,2.542524619516562,4.180841539838854,11.638316920322293
0.787572903451244,1.0,21,none,high,70.0,90.0,0.0
1.4705729034474646,0.0,21,none,low,-40.0,0.0,30.0
0.8675729034472632,0.0,21,none,medium,40.0,60.0,0.0
0.5545729034511662,1.0,21,none,high,90.0,40.0,0.0
0.5545729034511662,1.0,21,none,high,-80.0,0.0,70.0
0.5725729034511722,1.0,21,none,medium,80.0,20.0,0.0
1.7515729034475584,0.0,21,none,high,-70.0,0.0,60.0
0.8945729034512797,1.0,21,none,medium,60.0,30.0,0.0
0.6075729034511839,1.0,21,none,medium,60.0,40.0,0.0
0.9185729034472803,0.0,21,none,medium,20.0,90.0,0.0
1.0095729034473107,0.0,21,none,high,40.0,90.0,0.0
1.2875729034474035,0.0,21,none,low,24.92443324937028,23.53904282115869,8.614609571788412
1.3815729034474349,0.0,21,none,medium,40.0,70.0,0.0
1.8895729034476045,0.0,21,none,medium,-57.72793053545586,29.04486251808973,6.772793053545586
0.6645729034471954,0.0,21,none,high,80.0,90.0,0.0
1.2605729034473945,0.0,21,none,medium,-71.78060413354531,5.977742448330679,27.75834658187599
0.5365729034511602,1.0,21,none,high,-60.0,0.0,90.0
0.9425729034472883,0.0,21,none,low,40.0,20.0,0.0
0.6905729034512116,1.0,21,none,low,-20.0,0.0,60.0
0.5375729034511605,1.0,21,none,low,-20.0,0.0,60.0
0.7675729034512373,1.0,21,none,high,29.19164396003633,21.2897366030881,42.09809264305177
0.8665729034472629,0.0,21,none,medium,50.0,70.0,0.0
0.6355729034511932,1.0,21,none,medium,-10.0,0.0,80.0
0.6105729034511849,1.0,21,none,medium,40.0,80.0,0.0
0.7675729034512373,1.0,21,none,high,90.0,80.0,0.0
0.793572903451246,1.0,21,none,medium,60.0,60.0,0.0
1.5545729034474927,0.0,21,none,low,-5.111821086261983,23.25878594249201,8.370607028753994
1.5325729034474853,0.0,21,none,medium,-12.011896431070676,60.433869839048285,2.445766270118964
1.7505729034475581,0.0,21,none,high,36.63551401869158,44.60100647016535,17.96549245147376
1.1805729034513752,1.0,21,none,low,15.618479880774965,8.539493293591654,2.9210134128166896
0.5445729034511628,1.0,21,none,low,40.0,10.0,0.0
0.8535729034472586,0.0,21,none,high,60.0,80.0,0.0
0.989572903447304,0.0,21,none,low,5.119999999999999,30.08,4.96
0.9985729034513144,1.0,21,none,low,-10.0,0.0,60.0
1.6895729034475377,0.0,21,none,low,-13.512252042007,34.86581096849475,8.37806301050175
1.3975729034474402,0.0,21,none,low,-20.058939096267192,15.952848722986248,6.011787819253438
0.6845729034512096,1.0,21,none,high,90.0,40.0,0.0
1.6655729034475297,0.0,21,none,medium,-70.0,0.0,30.0
1.3715729034474315,0.0,21,none,high,41.62079510703364,74.03669724770643,12.41590214067278
1.3125729034474118,0.0,21,none,medium,-80.0,0.0,40.0
0.9375729034472866,0.0,21,none,medium,50.0,70.0,0.0
1.0505729034473243,0.0,21,none,low,-6.199649737302977,27.04028021015762,3.239929947460596
1.8355729034475865,0.0,21,none,high,-70.0,0.0,80.0
0.7905729034472375,0.0,21,none,medium,4.713560551124011,75.30094271211023,0.587382160986221
1.2155729034473794,0.0,21,none,low,20.0,40.0,0.0
0.5855729034511765,1.0,21,none,high,-22.89408866995074,21.98275862068965,54.87684729064039
0.6305729034511915,1.0,21,none,low,3.927370544720917,15.951580363147276,2.024209818426361
0.6075729034511839,1.0,21,none,low,-8.696088264794383,10.651955867602808,19.34804413239719
0.5595729034511678,1.0,21,none,low,6.152343750000001,5.384114583333334,9.231770833333334
0.5485729034511642,1.0,21,none,low,15.69884726224784,14.279538904899136,8.580691642651296
0.6165729034511869,1.0,21,none,medium,-16.70432141525017,37.30697500932488,14.011296424575052
0.5925729034511789,1.0,21,none,low,-0.9271523178807984,6.357615894039734,27.28476821192053
1.9025729034476089,0.0,21,none,low,6.029268292682929,49.52195121951219,3.492682926829268
1.3945729034474392,0.0,21,none,high,13.417085427135676,66.4824120603015,13.06532663316583
0.5485729034511642,1.0,21,none,high,60.0,80.0,0.0
0.8415729034472546,0.0,21,none,medium,30.0,80.0,0.0
0.8275729034472499,0.0,21,none,medium,30.0,60.0,0.0
1.4125729034474452,0.0,21,none,medium,19.033742331288344,19.677914110429448,40.644171779141104
1.2695729034473975,0.0,21,none,high,60.0,70.0,0.0
1.8065729034475768,0.0,21,none,high,70.0,70.0,0.0
0.8935729034512794,1.0,21,none,low,40.60931899641578,26.47849462365592,5.86917562724014
0.5355729034511598,1.0,21,none,high,-80.0,0.0,80.0
0.5275729034511571,1.0,21,none,high,-60.0,0.0,80.0
0.5745729034511728,1.0,21,none,low,20.0,10.0,0.0
1.1555729034513669,1.0,21,none,low,-2.9469790382244136,3.5265104808877927,6.473489519112206
1.7575729034475605,0.0,21,none,low,-33.36609336609337,19.97542997542997,13.341523341523342
0.5955729034511799,1.0,21,none,low,70.0,10.0,0.0
0.5815729034511752,1.0,21,none,high,-70.0,0.0,90.0
0.880572903451275,1.0,21,none,high,29.600000000000005,38.4,28.8
0.5595729034511678,1.0,21,none,medium,90.0,10.0,0.0
0.5925729034511789,1.0,21,none,low,-10.0,0.0,10.0
0.6275729034511905,1.0,21,none,medium,-10.0,0.0,80.0
0.6855729034512099,1.0,21,none,low,-17.294117647058822,6.352941176470587,23.64705882352941
1.2565729034473931,0.0,21,none,medium,30.0,60.0,0.0
1.0625729034473284,0.0,21,none,medium,-28.913043478260867,40.86956521739131,9.782608695652174
0.5985729034511809,1.0,21,none,high,-70.0,0.0,80.0
0.5735729034511725,1.0,21,none,medium,-10.0,0.0,90.0
0.9005729034512817,1.0,21,none,high,7.055610724925515,14.478649453823236,57.42303872889772
0.9665729034472963,0.0,21,none,low,10.0,40.0,0.0
1.323572903451423,1.0,21,none,low,11.025331724969844,15.512665862484925,4.487334137515078
2.352572903447759,0.0,21,none,low,40.0,30.0,0.0
1.338572903451428,1.0,21,none,medium,-30.0,0.0,90.0
0.9735729034513061,1.0,21,none,high,-18.566552901023883,45.92150170648465,24.48805460750853
0.5505729034511648,1.0,21,none,low,-20.0,0.0,50.0
0.7433196454518767,0.0,22,none,medium,4.297153024911037,42.86476868327402,8.567615658362987
1.0863196454519912,0.0,22,none,low,-14.670824670824668,20.263340263340265,4.934164934164934
1.6303196454561804,1.0,22,none,low,9.333333333333329,8.38095238095238,29.04761904761905
1.0053196454519642,0.0,22,none,low,23.46124905944319,22.911963882618508,9.45071482317532
1.0203196454519692,0.0,22,none,low,-22.19070133963751,14.247438928289991,6.438140267927502
0.45631964545178083,0.0,22,none,low,-42.03084832904885,24.473007712082264,6.5038560411311055
1.3843196454520907,0.0,22,none,high,-4.313725490196077,40.36601307189542,34.6797385620915
0.47131964545178584,0.0,22,none,medium,-41.637717121588096,22.05955334987593,13.69727047146402
1.207319645456039,1.0,22,none,medium,40.59009483667018,12.118018967334036,31.52792413066386
0.6973196454518613,0.0,22,none,high,-1.848906560636184,26.838966202783297,38.68787276341948
0.6703196454518523,0.0,22,none,low,-23.27356557377049,13.381147540983603,6.654713114754099
0.49231964545179285,0.0,22,none,medium,-35.5278310940499,44.56813819577735,10.095969289827256
0.6883196454558658,1.0,22,none,low,24.635294117647057,4.329411764705882,39.69411764705882
0.7083196454558724,1.0,22,none,medium,53.561368209255534,31.18712273641851,17.625754527162975
1.5123196454521335,0.0,22,none,medium,20.0,70.0,0.0
0.4693196454517852,0.0,22,none,high,-16.8421052631579,33.68421052631578,40.526315789473685
1.3663196454560922,1.0,22,none,low,8.864758144126359,14.43237907206318,5.567620927936821
0.8863196454559319,1.0,22,none,low,17.411907654921016,3.426488456865127,46.014580801944106
0.7363196454518743,0.0,22,none,medium,-34.19753086419753,17.201646090534975,21.39917695473251
0.9053196454519308,0.0,22,none,high,26.07339449541285,48.03669724770643,21.96330275229358
0.4403196454517755,0.0,22,none,high,-56.69322709163347,14.342629482071713,41.03585657370518
0.7543196454518803,0.0,22,none,high,-48.067978533094816,17.030411449016096,55.09838998211092
0.8743196454559279,1.0,22,none,high,-43.14868804664724,18.425655976676385,61.57434402332362
0.5503196454518122,0.0,22,none,medium,-37.385844748858446,43.04794520547945,10.4337899543379
0.7173196454558755,1.0,22,none,medium,66.94656488549619,24.236641221374047,17.290076335877863
1.3243196454560782,1.0,22,none,low,15.416301489921125,5.083260297984225,19.6669588080631
1.8413196454522434,0.0,22,none,medium,-2.448979591836732,71.63265306122449,4.081632653061224
3.8123196454529014,0.0,22,none,high,-17.065127782357795,18.400659521846656,55.46578730420445
1.009319645455973,1.0,22,none,high,15.0,30.0,45.0
1.12031964545601,1.0,22,none,low,-3.465116279069767,3.2674418604651163,6.732558139534883
1.1013196454560037,1.0,22,none,high,24.25824175824176,55.604395604395606,21.346153846153843
0.768319645451885,0.0,22,none,low,15.271966527196652,6.317991631799163,11.046025104602512
0.6533196454518466,0.0,22,none,low,5.743639921722116,17.16242661448141,1.418786692759295
0.5153196454518005,0.0,22,none,medium,-15.990220048899754,46.55256723716381,12.54278728606357
0.5793196454558294,1.0,22,none,medium,26.38914873713751,3.638914873713751,57.24976613657624
1.274319645452054,0.0,22,none,low,12.663252240717032,7.554417413572343,4.891165172855311
1.244319645452044,0.0,22,none,high,28.96551724137932,71.37931034482759,12.413793103448274
2.512319645452467,0.0,22,none,medium,40.0,70.0,0.0
1.6193196454521692,0.0,22,none,medium,-15.965583173996167,60.5736137667304,6.539196940726576
0.6293196454558461,1.0,22,none,high,70.0,80.0,0.0
2.286319645456399,1.0,22,none,medium,27.81512605042017,57.05882352941176,9.243697478991594
1.118319645452002,0.0,22,none,low,6.312997347480108,30.875331564986737,4.56233421750663
2.697319645452529,0.0,22,none,medium,12.105263157894733,20.84210526315789,28.73684210526316
0.7003196454558698,1.0,22,none,medium,80.0,30.0,0.0
0.816319645451901,0.0,22,none,medium,-28.62068965517241,28.965517241379303,17.586206896551722
0.8683196454559259,1.0,22,none,low,-8.499369482976045,3.833543505674652,32.3329129886507
0.7883196454518917,0.0,22,none,low,-2.9805013927576605,3.5097493036211693,6.49025069637883
0.8523196454559205,1.0,22,none,high,45.89515331355094,26.429277942631057,30.534124629080114
0.6463196454518443,0.0,22,none,medium,10.0,90.0,0.0
0.9353196454519408,0.0,22,none,low,20.428410372040588,30.21420518602029,9.785794813979704
0.5643196454518169,0.0,22,none,medium,3.715341959334566,15.896487985212568,42.181146025878
0.6073196454518313,0.0,22,none,medium,20.0,80.0,0.0
0.8583196454559225,1.0,22,none,high,13.70486656200942,29.48194662480377,45.77708006279435
0.9323196454519398,0.0,22,none,medium,-20.508474576271187,62.54237288135594,3.050847457627119
0.6733196454518533,0.0,22,none,medium,30.0,70.0,0.0
0.8873196454559322,1.0,22,none,medium,80.0,40.0,0.0
1.2743196454560615,1.0,22,none,low,15.21514629948365,5.04302925989673,19.82788296041308
1.0323196454559807,1.0,22,none,low,9.824561403508774,24.912280701754387,15.087719298245611
0.45631964545178083,0.0,22,none,medium,-53.32733812949641,12.96762589928057,16.29496402877698
1.133319645452007,0.0,22,none,high,-60.962962962962976,18.666666666666668,39.62962962962963
0.8703196454559265,1.0,22,none,low,60.0,10.0,0.0
1.2463196454560521,1.0,22,none,low,28.361904761904768,21.88571428571429,13.523809523809524
0.6763196454518543,0.0,22,none,high,80.0,70.0,0.0
1.1163196454520012,0.0,22,none,high,-80.0,0.0,50.0
0.8323196454559139,1.0,22,none,high,26.30712979890311,20.40219378427788,44.09506398537477
1.762319645452217,0.0,22,none,high,2.3943661971831034,51.971830985915496,29.577464788732392
1.5923196454521602,0.0,22,none,low,10.0,40.0,0.0
0.9153196454559416,1.0,22,none,low,5.4978354978354975,2.582972582972583,37.085137085137085
1.4663196454521181,0.0,22,none,medium,-4.762611275964396,8.412462908011868,43.17507418397626
1.7903196454522263,0.0,22,none,high,-23.979328165374685,28.010335917312656,51.98966408268734
0.798319645451895,0.0,22,none,low,9.215328467153284,6.405109489051095,7.18978102189781
1.2113196454560404,1.0,22,none,low,-2.806324110671937,3.596837944664031,6.403162055335968
0.9123196454519331,0.0,22,none,medium,-53.08411214953271,21.532710280373838,14.61682242990654
1.5283196454561463,1.0,22,none,high,60.0,70.0,0.0
0.5043196454517969,0.0,22,none,medium,-19.185888738127545,54.05698778833107,3.242876526458616
2.2583196454523824,0.0,22,none,high,28.064516129032256,50.853889943074,32.78937381404174
0.7093196454518653,0.0,22,none,medium,-40.0,0.0,70.0
0.9673196454559589,1.0,22,none,low,9.81981981981982,14.90990990990991,5.09009009009009
1.1493196454520123,0.0,22,none,low,-12.525951557093425,40.692041522491344,3.217993079584775
0.8213196454519027,0.0,22,none,low,2.901296111665008,24.675972083748757,1.774675972083748
0.48331964545178985,0.0,22,none,high,-9.38492063492064,42.67857142857142,42.06349206349206
0.9193196454519355,0.0,22,none,high,-42.79329608938548,32.68156424581005,25.47486033519553
2.749319645456553,1.0,22,none,high,60.0,70.0,0.0
0.6123196454558404,1.0,22,none,medium,60.0,40.0,0.0
1.039319645455983,1.0,22,none,medium,-3.0408858603066484,3.083475298126064,76.12436115843272
1.376319645452088,0.0,22,none,medium,8.83578431372549,64.6078431372549,5.772058823529411
0.45931964545178183,0.0,22,none,medium,-47.09090909090909,32.18181818181819,19.272727272727277
1.154319645452014,0.0,22,none,high,-80.0,0.0,50.0
0.9293196454559463,1.0,22,none,high,36.15979381443299,41.21134020618557,25.051546391752577
0.4723196454517862,0.0,22,none,low,-48.04483188044832,8.96637608966376,17.01120797011208
0.8063196454559052,1.0,22,none,medium,13.76953125,14.58984375,30.8203125
0.5303196454518055,0.0,22,none,medium,-27.5,56.25,3.75
0.5403196454518089,0.0,22,none,high,-80.0,0.0,60.0
0.46731964545579197,1.0,22,none,medium,32.89473684210526,10.578947368421051,37.6842105263158
0.8123196454559072,1.0,22,none,high,69.61181434599156,61.08016877637131,11.468354430379742
1.3383196454560828,1.0,22,none,medium,12.131147540983608,43.278688524590166,11.147540983606556
1.0553196454559883,1.0,22,none,medium,41.89542483660131,19.607843137254903,27.7124183006536
0.8493196454559195,1.0,22,none,high,45.65217391304349,42.26086956521739,26.608695652173918
3.7743196454528887,0.0,22,none,high,18.777777777777786,56.44444444444445,17.666666666666664
2.273319645456395,1.0,22,none,medium,3.28185328185328,34.51737451737451,21.235521235521237
1.1513196454560204,1.0,22,none,medium,13.846153846153843,10.96153846153846,57.11538461538461
3.7943196454528954,0.0,22,none,medium,-25.81021897810219,6.306569343065692,42.11678832116788
2.0633196454563247,1.0,22,none,low,-20.0,0.0,50.0
1.4403196454521094,0.0,22,none,low,-40.0,0.0,40.0
2.4213196454564434,1.0,22,none,low,16.714628297362108,6.678657074340527,9.964028776978417
1.162319645456024,1.0,22,none,low,3.3805309734513287,1.911504424778761,48.53097345132744
0.6133196454518333,0.0,22,none,medium,-10.0,0.0,90.0
2.8293196454565797,1.0,22,none,high,-23.02752293577981,20.550458715596328,63.57798165137615
0.9413196454519428,0.0,22,none,low,6.055045871559631,8.685015290519877,22.629969418960243
0.973319645455961,1.0,22,none,medium,30.60185185185185,16.52777777777778,35.925925925925924
2.2503196454523797,0.0,22,none,low,-9.106830122591946,20.595446584938703,9.702276707530649
0.542319645455817,1.0,22,none,medium,32.52821670428894,18.75846501128668,26.23024830699774
2.8873196454525925,0.0,22,none,medium,-20.24458420684836,7.183787561146052,57.42837176799441
0.9613196454559569,1.0,22,none,low,-8.079470198675498,38.94039735099338,7.0198675496688745
2.358319645452416,0.0,22,none,high,14.358974358974365,47.17948717948718,32.82051282051282
0.8473196454519114,0.0,22,none,low,3.580786026200874,15.720524017467248,2.139737991266375
0.7123196454558738,1.0,22,none,high,36.443812233285925,38.57752489331437,32.13371266002844
1.003319645455971,1.0,22,none,low,-2.240802675585286,20.81939799331104,3.060200668896321
0.9133196454519334,0.0,22,none,medium,-14.350132625994696,47.74535809018568,12.09549071618037
0.6823196454558638,1.0,22,none,medium,80.0,40.0,0.0
0.8623196454559239,1.0,22,none,medium,62.49537892791127,23.12384473197782,20.628465804066536
1.5013196454561373,1.0,22,none,low,6.795865633074936,3.359173126614987,26.56330749354005
1.1883196454560327,1.0,22,none,high,34.936974789915965,48.97058823529412,24.03361344537815
0.9943196454519605,0.0,22,none,medium,-9.80132450331126,56.158940397351,5.960264900662252
1.8563196454562558,1.0,22,none,medium,9.738372093023257,5.406976744186046,65.66860465116278
1.773319645456228,1.0,22,none,high,60.0,90.0,0.0
0.9583196454519485,0.0,22,none,high,-80.0,0.0,90.0
1.8773196454562628,1.0,22,none,high,10.303605313092977,32.44781783681214,32.14421252371916
0.6573196454558554,1.0,22,none,medium,20.263620386643236,26.78383128295255,16.520210896309315
0.6403196454518423,0.0,22,none,medium,-70.0,0.0,50.0
1.6943196454562017,1.0,22,none,high,70.0,90.0,0.0
0.8243196454559112,1.0,22,none,medium,23.276955602537,17.758985200845668,24.482029598308667
1.0143196454559746,1.0,22,none,high,80.0,80.0,0.0
2.1903196454523597,0.0,22,none,medium,-10.0,0.0,80.0
0.4993196454517952,0.0,22,none,low,18.665018541409147,33.52286773794808,4.857849196538937
1.1673196454560257,1.0,22,none,medium,80.0,30.0,0.0
0.8173196454519014,0.0,22,none,medium,-37.56097560975609,37.72357723577236,5.284552845528455
1.2773196454560625,1.0,22,none,low,17.51260504201681,9.378151260504202,31.865546218487395
2.4943196454564687,1.0,22,none,low,-13.88719512195122,6.9054878048780495,30.792682926829265
1.1603196454560234,1.0,22,none,high,5.989417989417994,40.46560846560847,44.47619047619047
1.0053196454519642,0.0,22,none,high,-15.591054313099043,39.39297124600639,44.98402555910543
1.4073196454561059,1.0,22,none,low,28.91050583657587,4.863813229571984,35.95330739299611
1.6163196454561757,1.0,22,none,low,38.51746931067044,6.931067044381491,18.413597733711047
0.7673196454518847,0.0,22,none,high,3.0047694753577083,64.3879173290938,11.383147853736087
0.9653196454559583,1.0,22,none,medium,32.34234234234235,26.306306306306308,23.96396396396396
1.0683196454559927,1.0,22,none,high,90.0,90.0,0.0
1.1353196454520076,0.0,22,none,medium,-4.15094339622641,37.23270440251573,11.383647798742135
1.1073196454519982,0.0,22,none,low,-5.812220566318928,7.093889716840536,12.906110283159464
0.5733196454518199,0.0,22,none,high,-22.962962962962965,35.0997150997151,28.062678062678064
0.8963196454519278,0.0,22,none,low,-1.7199017199017197,12.186732186732188,3.906633906633907
0.5883196454518249,0.0,22,none,low,-3.8383838383838382,2.053872053872054,15.892255892255893
4.190319645457035,1.0,22,none,high,43.472972972972975,70.66216216216216,17.189189189189186
0.6673196454518513,0.0,22,none,medium,-58.96551724137932,23.275862068965512,22.24137931034483
0.6173196454518346,0.0,22,none,low,-22.965879265091864,41.15485564304462,4.120734908136483
0.8703196454559265,1.0,22,none,low,-1.075268817204301,4.462365591397849,5.53763440860215
1.0563196454559887,1.0,22,none,low,45.54455445544554,6.943069306930693,21.39851485148515
1.7343196454522076,0.0,22,none,low,16.013071895424837,17.254901960784313,21.241830065359476
0.5493196454558193,1.0,22,none,medium,53.852631578947374,7.094736842105264,23.242105263157896
0.9703196454519525,0.0,22,none,medium,10.0,80.0,0.0
0.8753196454519208,0.0,22,none,low,-19.507772020725387,11.709844559585491,21.21761658031088
1.6653196454521846,0.0,22,none,low,-23.537414965986397,27.346938775510203,10.8843537414966
0.6683196454518516,0.0,22,none,low,4.515570934256056,20.709342560553637,6.193771626297578
1.0673196454519849,0.0,22,none,low,-8.922018348623855,7.38532110091743,6.307339449541285
1.8043196454562385,1.0,22,none,high,80.0,70.0,0.0
1.0853196454519909,0.0,22,none,medium,30.0,70.0,0.0
0.8723196454519198,0.0,22,none,medium,10.0,80.0,0.0
0.8733196454519201,0.0,22,none,medium,-30.09433962264152,23.27830188679245,33.37264150943396
0.7683196454558925,1.0,22,none,high,90.0,70.0,0.0
0.7763196454558952,1.0,22,none,medium,47.84580498866213,12.33560090702948,34.48979591836735
0.3873196454517578,0.0,22,none,medium,-61.24653739612188,21.565096952908583,22.81163434903047
0.7843196454558978,1.0,22,none,low,30.0,30.0,0.0
1.3203196454520694,0.0,22,none,low,-10.86357947434293,19.42428035043805,10.287859824780975
1.027319645455979,1.0,22,none,low,40.0,30.0,0.0
2.706319645452532,0.0,22,none,high,60.0,90.0,0.0
0.9543196454519471,0.0,22,none,low,-44.2292490118577,22.549407114624508,6.778656126482213
1.8773196454562628,1.0,22,none,low,-7.099391480730223,3.225152129817444,50.32454361054767
0.6443196454518436,0.0,22,none,high,-42.79368213228036,14.64955577492596,47.44323790720632
1.8053196454522313,0.0,22,none,medium,9.028132992327365,46.09974424552429,17.07161125319693
0.6033196454518299,0.0,22,none,high,-35.32075471698113,22.339622641509436,57.66037735849056
0.9043196454559379,1.0,22,none,low,6.413119330076762,10.565247732030706,14.152128401953942
0.9263196454519378,0.0,22,none,medium,31.257861635220127,10.251572327044023,38.99371069182389
1.2693196454560598,1.0,22,none,medium,-20.0,0.0,80.0
1.5453196454521445,0.0,22,none,high,-34.90407673860912,11.582733812949636,56.486810551558754
0.9563196454559553,1.0,22,none,medium,36.0,22.0,15.999999999999996
0.5383196454518082,0.0,22,none,high,-71.47818343722173,12.822796081923416,34.300979519145145
0.5873196454518246,0.0,22,none,low,-20.24,4.879999999999998,25.12
0.7363196454518743,0.0,22,none,low,10.717054263565888,12.286821705426355,11.569767441860463
0.8643196454559245,1.0,22,none,medium,-10.0,0.0,90.0
0.9653196454559583,1.0,22,none,high,33.710021321961634,45.37313432835821,31.663113006396586
0.5703196454518189,0.0,22,none,medium,0.2643171806167395,40.17621145374449,9.911894273127754
2.9233196454526045,0.0,22,none,medium,3.0192719486081394,46.466809421841546,13.447537473233403
1.2543196454520473,0.0,22,none,medium,-36.9376979936642,11.5311510031679,48.4688489968321
0.8733196454559276,1.0,22,none,high,60.0,70.0,0.0
0.5703196454518189,0.0,22,none,high,14.364896073903,31.870669745958427,37.50577367205543
0.7283196454518717,0.0,22,none,medium,-24.5575959933222,49.2821368948247,3.8397328881469113
0.4853196454517905,0.0,22,none,low,-30.0,0.0,40.0
1.8123196454522337,0.0,22,none,low,11.502890173410409,3.583815028901734,32.080924855491325
0.7913196454559002,1.0,22,none,low,4.121996303142327,8.040665434380776,23.91866913123845
0.4403196454517755,0.0,22,none,medium,-11.35265700483092,70.78260869565217,2.135265700483092
1.948319645452279,0.0,22,none,medium,-33.80530973451327,36.95575221238938,10.761061946902654
0.8603196454559232,1.0,22,none,medium,36.5034965034965,16.625874125874127,40.12237762237762
2.398319645452429,0.0,22,none,low,-5.313807531380753,2.343096234309623,7.656903765690377
0.5303196454518055,0.0,22,none,low,1.9186046511627897,15.959302325581394,14.040697674418604
1.4773196454561293,1.0,22,none,low,8.443496801705756,14.221748400852878,5.778251599147122
0.6293196454518386,0.0,22,none,low,-14.922680412371134,14.329896907216495,19.25257731958763
1.0923196454560007,1.0,22,none,medium,4.334975369458132,57.81609195402299,3.48111658456486
0.6533196454518466,0.0,22,none,low,-41.34907251264755,15.98650927487352,7.335581787521079
1.160319645452016,0.0,22,none,medium,23.84892086330936,25.539568345323744,21.690647482014384
0.9323196454559473,1.0,22,none,high,80.0,60.0,0.0
1.0133196454519668,0.0,22,none,low,1.0211946050096357,23.265895953757223,2.244701348747591
5.728319645453541,0.0,22,none,medium,-20.0,0.0,70.0
2.2823196454523904,0.0,22,none,high,51.404805914972265,70.70240295748613,19.297597042513864
1.9293196454562802,1.0,22,none,high,33.611111111111114,61.80555555555556,28.194444444444446
0.7093196454518653,0.0,22,none,medium,-8.172377985462099,73.64485981308411,1.8172377985462096
0.8993196454519288,0.0,22,none,medium,-7.966101694915251,57.62711864406779,5.59322033898305
0.5403196454558163,1.0,22,none,high,-53.91752577319588,18.04123711340206,71.95876288659794
0.7223196454518697,0.0,22,none,medium,12.721202003338906,36.36060100166945,23.639398998330545
1.4063196454561055,1.0,22,none,high,16.35817307692308,40.30048076923077,33.942307692307686
0.8603196454519157,0.0,22,none,low,-30.0,0.0,20.0
2.1233196454563448,1.0,22,none,medium,36.0337552742616,19.81012658227848,23.77637130801688
0.7433196454558841,1.0,22,none,low,16.492537313432834,23.246268656716417,6.753731343283581
1.2433196454560511,1.0,22,none,low,31.020408163265305,8.204081632653061,7.183673469387752
0.8963196454559352,1.0,22,none,medium,-8.90625,12.4375,41.34375
1.2453196454520443,0.0,22,none,medium,-24.07766990291262,21.553398058252423,25.63106796116505
1.9083196454522657,0.0,22,none,medium,-23.333333333333336,20.0,33.33333333333333
0.7333196454558808,1.0,22,none,high,70.0,70.0,0.0
0.5983196454518283,0.0,22,none,low,-38.70212765957447,18.255319148936167,6.957446808510638
0.5103196454517989,0.0,22,none,medium,-80.0,0.0,40.0
1.121319645452003,0.0,22,none,high,10.409090909090914,55.63636363636363,15.227272727272725
0.7343196454558811,1.0,22,none,low,5.568487018800358,6.3921217547000895,40.82363473589973
0.7573196454518814,0.0,22,none,medium,-20.0,0.0,70.0
1.5073196454561393,1.0,22,none,low,-4.640198511166252,23.57320099255583,8.213399503722083
0.678319645451855,0.0,22,none,medium,-11.687500000000002,12.583333333333332,34.270833333333336
0.8373196454519081,0.0,22,none,medium,-90.0,0.0,30.0
0.5873196454518246,0.0,22,none,low,-8.526405451448039,25.178875638841568,3.705281090289608
1.2023196454560374,1.0,22,none,high,90.0,60.0,0.0
0.8143196454559078,1.0,22,none,medium,35.64885496183206,4.564885496183206,48.91603053435114
1.1673196454520183,0.0,22,none,high,-90.0,0.0,80.0
1.9213196454562775,1.0,22,none,low,-2.7861771058315323,20.41036717062635,3.196544276457882
2.008319645452299,0.0,22,none,high,-39.816414686825055,16.252699784017278,46.06911447084234
0.8553196454519141,0.0,22,none,medium,-59.00651465798045,8.550488599348528,17.55700325732899
0.4233196454517698,0.0,22,none,low,10.0,60.0,0.0
0.5413196454518092,0.0,22,none,high,-70.0,0.0,90.0
2.0963196454563358,1.0,22,none,low,-3.83669885864794,1.02721685689201,44.863915715539946
2.053319645452314,0.0,22,none,low,-21.610738255033556,28.79194630872483,10.402684563758388
1.9273196454562795,1.0,22,none,low,18.46385542168675,4.743975903614458,26.28012048192771
0.45731964545178116,0.0,22,none,high,-90.0,0.0,50.0
0.6233196454558441,1.0,22,none,high,46.36363636363637,49.09090909090909,12.727272727272725
0.527319645455812,1.0,22,none,medium,70.0,20.0,0.0
1.0143196454519672,0.0,22,none,medium,-43.71282051282052,16.728205128205122,30.441025641025643
2.0843196454523243,0.0,22,none,low,-24.50832072617247,7.745839636913764,32.254160363086235
0.6503196454518456,0.0,22,none,low,-7.5741710296684115,6.212914485165793,13.787085514834205
0.6523196454558537,1.0,22,none,high,80.0,70.0,0.0
0.9943196454519605,0.0,22,none,medium,43.97408207343413,27.99136069114471,24.01727861771058
0.8223196454559105,1.0,22,none,low,18.132387706855795,5.626477541371159,17.494089834515368
0.9143196454519338,0.0,22,none,high,-42.33201581027668,23.833992094861664,66.16600790513834
0.7343196454558811,1.0,22,none,high,25.512978986402967,69.30778739184177,13.794808405438811
1.03031964545598,1.0,22,none,medium,41.51138716356108,19.503105590062116,27.991718426501038
0.9543196454559546,1.0,22,none,low,20.53191489361702,13.51063829787234,12.97872340425532
1.2453196454560518,1.0,22,none,medium,-20.847750865051907,8.512110726643595,39.3598615916955
0.8853196454559316,1.0,22,none,low,8.758169934640524,11.503267973856207,12.745098039215684
1.2763196454560621,1.0,22,none,medium,25.96491228070176,10.214424951267056,34.249512670565295
2.927319645456614,1.0,22,none,low,25.668912415784405,20.875842155919152,15.206929740134743
0.696319645451861,0.0,22,none,high,-23.171355498721223,46.265984654731454,19.437340153452684
2.810319645456574,1.0,22,none,medium,34.215328467153284,21.405109489051096,17.18978102189781
1.9643196454522844,0.0,22,none,low,-29.322548028311424,5.338725985844284,34.66127401415571
1.7353196454562154,1.0,22,none,low,36.45161290322581,7.741935483870968,11.29032258064516
1.5533196454521472,0.0,22,none,low,8.911917098445596,6.303972366148532,7.392055267702936
0.7943196454518937,0.0,22,none,high,-90.0,0.0,50.0
0.4933196454517932,0.0,22,none,high,70.0,90.0,0.0
1.6223196454521702,0.0,22,none,low,-6.046511627906979,4.651162790697674,30.69767441860465
1.156319645456022,1.0,22,none,high,70.0,70.0,0.0
2.143319645452344,0.0,22,none,medium,-0.8771929824561369,57.54385964912281,8.421052631578947
0.5923196454518262,0.0,22,none,high,-30.014556040756915,41.52838427947598,21.54294032023289
0.8703196454519191,0.0,22,none,high,-40.0,0.0,90.0
1.605319645456172,1.0,22,none,medium,-13.429319371727752,10.6282722513089,44.05759162303665
1.5143196454561416,1.0,22,none,medium,44.6039603960396,14.356435643564357,19.752475247524742
1.3053196454560718,1.0,22,none,low,0.0527983104540599,1.43611404435058,51.38331573389652
1.1623196454520166,0.0,22,none,medium,-9.574468085106377,60.319148936170215,9.893617021276594
0.48631964545179085,0.0,22,none,high,-38.06557377049181,29.21311475409836,47.278688524590166
0.5883196454518249,0.0,22,none,low,-64.20289855072464,5.072463768115941,9.27536231884058
0.5643196454558244,1.0,22,none,medium,49.54692556634305,5.9546925566343045,36.40776699029127
1.0393196454519755,0.0,22,none,medium,1.9546742209631736,59.60339943342777,7.64872521246459
3.137319645452676,0.0,22,none,high,-19.747235387045816,18.5781990521327,48.32543443917852
2.0723196454563277,1.0,22,none,low,10.0,30.0,0.0
0.9383196454519418,0.0,22,none,high,30.487804878048777,51.99426111908178,31.506456241033
2.46831964545646,1.0,22,none,low,-7.52941176470588,3.563025210084034,41.09243697478991
0.8783196454519218,0.0,22,none,low,-21.260744985673355,5.243553008595987,16.50429799426934
0.8873196454519248,0.0,22,none,low,-1.6981132075471717,2.075471698113207,23.77358490566038
2.6933196454525277,0.0,22,none,medium,8.928571428571434,37.5974025974026,18.668831168831165
0.5033196454517965,0.0,22,none,low,-17.35218508997429,46.06683804627249,3.419023136246786
2.6563196454525153,0.0,22,none,low,3.211009174311928,3.302752293577982,20.091743119266056
0.5393196454518085,0.0,22,none,high,-90.0,0.0,60.0
0.8193196454519021,0.0,22,none,low,5.079365079365081,5.026455026455027,9.947089947089946
0.8393196454519087,0.0,22,none,high,8.857545839210161,50.77574047954866,21.918194640338506
0.8373196454519081,0.0,22,none,low,39.76303317535545,7.109004739336493,17.345971563981042
0.584319645455831,1.0,22,none,medium,70.0,40.0,0.0
1.075319645455995,1.0,22,none,medium,-26.29807692307692,4.5673076923076925,70.86538461538461
1.3233196454520704,0.0,22,none,high,-13.353437876960191,31.36308805790108,54.71652593486128
1.8263196454522383,0.0,22,none,low,-6.867469879518074,5.25301204819277,22.120481927710845
0.7793196454558962,1.0,22,none,medium,10.07312614259598,2.230347349177331,62.15722120658136
0.5303196454518055,0.0,22,none,medium,-50.762250453720505,13.466424682395642,24.228675136116152
1.2233196454560444,1.0,22,none,medium,21.44981412639405,53.3457249070632,11.895910780669144
0.5423196454518096,0.0,22,none,medium,-7.5316455696202596,6.740506329113922,54.27215189873418
1.7303196454522063,0.0,22,none,medium,-11.744186046511627,12.558139534883722,34.30232558139535
0.9933196454559676,1.0,22,none,medium,80.0,10.0,0.0
1.714319645452201,0.0,22,none,medium,-29.07894736842105,33.94736842105263,23.026315789473685
0.8803196454519224,0.0,22,none,medium,0.0222717149220521,32.73942093541203,22.71714922048997
1.355319645452081,0.0,22,none,high,2.3275862068965587,59.353448275862064,17.025862068965512
1.4443196454521108,0.0,22,none,high,1.937581274382314,59.10273081924577,17.16514954486346
1.0353196454519742,0.0,22,none,high,-46.17977528089888,19.32584269662921,45.50561797752809
0.9233196454519368,0.0,22,none,medium,-3.794549266247376,7.861635220125787,51.65618448637317
1.0593196454559897,1.0,22,none,medium,60.0,60.0,0.0
0.9863196454519578,0.0,22,none,low,24.214876033057852,20.33057851239669,16.11570247933884
1.2633196454560578,1.0,22,none,low,-40.0,0.0,30.0
0.9393196454559496,1.0,22,none,high,70.0,70.0,0.0
1.091319645451993,0.0,22,none,medium,-60.0,0.0,40.0
0.7623196454558905,1.0,22,none,medium,90.0,30.0,0.0
0.6153196454518339,0.0,22,none,medium,-60.0,0.0,40.0
0.7063196454518643,0.0,22,none,medium,-70.0,0.0,40.0
0.5283196454518049,0.0,22,none,low,9.614855570839064,23.76891334250344,4.154057771664374
1.4513196454521131,0.0,22,none,high,7.341772151898734,28.860759493670887,41.51898734177215
0.8303196454559132,1.0,22,none,low,-10.0,0.0,30.0
0.6183196454518349,0.0,22,none,low,-17.08695652173913,36.78260869565217,3.869565217391304
2.306319645456406,1.0,22,none,medium,-7.368421052631582,26.315789473684205,33.68421052631579
1.063319645455991,1.0,22,none,medium,20.97744360902256,40.48872180451128,19.51127819548872
1.1213196454560104,1.0,22,none,medium,45.08771929824562,11.834130781499203,36.74641148325359
0.48931964545179185,0.0,22,none,low,9.514018691588785,33.00934579439252,3.495327102803738
0.8883196454559326,1.0,22,none,low,36.59036144578313,16.16867469879518,9.578313253012045
2.181319645456364,1.0,22,none,medium,1.5517241379310338,4.310344827586206,62.75862068965517
1.3283196454560795,1.0,22,none,low,22.49201277955272,16.996805111821086,4.504792332268371
0.8783196454519218,0.0,22,none,low,-1.4102564102564106,17.153846153846153,8.564102564102564
0.8683196454519184,0.0,22,none,low,50.0,30.0,0.0
1.3563196454560889,1.0,22,none,low,30.306905370843992,5.038363171355499,34.73145780051151
0.8213196454519027,0.0,22,none,medium,-80.0,0.0,40.0
0.7713196454558935,1.0,22,none,low,45.27131782945737,16.31782945736434,11.046511627906977
1.2293196454560464,1.0,22,none,low,40.38567493112947,15.096418732782368,14.710743801652889
1.3723196454520867,0.0,22,none,medium,40.0,80.0,0.0
0.5713196454518192,0.0,22,none,medium,-44.49826989619377,23.66782006920415,28.166089965397923
0.7073196454558721,1.0,22,none,high,3.108808290155437,13.264248704663212,60.15544041450777
0.4883196454517915,0.0,22,none,medium,-29.21241050119332,18.472553699284006,27.684964200477328
1.2993196454560698,1.0,22,none,low,-3.4934497816593915,4.716157205240174,38.209606986899566
0.8353196454519074,0.0,22,none,low,18.350877192982452,24.175438596491222,5.8245614035087705
4.287319645457068,1.0,22,none,medium,34.70588235294118,19.411764705882355,24.70588235294117
0.6583196454518483,0.0,22,none,medium,-70.0,0.0,30.0
1.1793196454520223,0.0,22,none,low,-40.0,0.0,30.0
1.337319645452075,0.0,22,none,low,19.192439862542955,21.082474226804123,11.890034364261169
1.0243196454519705,0.0,22,none,low,-20.0,0.0,10.0
0.7423196454518763,0.0,22,none,medium,-44.38341968911917,8.518134715025903,42.901554404145074
0.46531964545178384,0.0,22,none,high,-90.0,0.0,70.0
0.9423196454559506,1.0,22,none,medium,90.0,20.0,0.0
1.8703196454562605,1.0,22,none,high,-40.0,0.0,90.0
1.0413196454559837,1.0,22,none,high,70.0,70.0,0.0
0.4723196454517862,0.0,22,none,medium,35.0,5.0,40.0
0.5303196454518055,0.0,22,none,medium,-70.0,0.0,40.0
0.642319645451843,0.0,22,none,low,-60.0,0.0,20.0
0.6213196454518359,0.0,22,none,medium,-60.0,0.0,30.0
1.7663196454522183,0.0,22,none,medium,20.0,90.0,0.0
1.0673196454559923,1.0,22,none,high,80.0,90.0,0.0
1.2403196454520427,0.0,22,none,high,-80.0,0.0,60.0
0.426303468627937,1.0,23,none,high,4.797441364605547,47.398720682302766,42.60127931769722
0.6933034686240187,0.0,23,none,medium,-31.511851377322227,47.853939782190906,9.365791159513131
0.8303034686240645,0.0,23,none,medium,-43.1879409878127,15.640367757109257,38.82830874492196
0.8003034686280619,1.0,23,none,medium,-1.1973018549747092,3.760539629005058,64.95784148397976
0.935303468628107,1.0,23,none,medium,-30.853018372703406,39.31758530183727,10.17060367454068
0.42230346862793566,1.0,23,none,low,0.8705994291151278,13.230256898192197,22.35965746907707
1.0193034686241276,0.0,23,none,low,-11.434288458460058,22.852569233231957,4.286857691692012
0.4643034686279497,1.0,23,none,low,32.249718785151856,7.041619797525309,14.791901012373454
1.2963034686282275,1.0,23,none,medium,-18.37959489872469,7.86196549137284,56.241560390097526
0.5543034686239723,0.0,23,none,high,-56.80503144654088,21.339622641509436,38.14465408805032
0.6623034686280158,1.0,23,none,low,5.277497477295661,8.425832492431887,23.148335015136222
1.200303468624188,0.0,23,none,low,-12.578992314261312,10.452604611443212,13.031596925704523
0.8833034686280896,1.0,23,none,medium,36.48648648648648,10.27027027027027,43.78378378378379
0.8073034686240568,0.0,23,none,medium,10.243407707910754,46.828938471940496,6.585530764029747
0.4613034686279487,1.0,23,none,medium,38.26955074875208,18.61896838602329,30.349417637271216
1.308303468624224,0.0,23,none,high,-30.04802561366062,35.971184631803624,36.01921024546425
0.47230346862795236,1.0,23,none,medium,50.45454545454546,14.090909090909092,23.636363636363637
0.715303468624026,0.0,23,none,medium,-15.480012268684185,26.711992638789493,22.192004907473677
0.6373034686280075,1.0,23,none,low,42.007797270955166,6.500974658869396,24.493177387914223
0.438303468627941,1.0,23,none,low,-10.27915632754342,42.61786600496278,2.897022332506203
0.7223034686240284,0.0,23,none,low,-38.558838776568166,16.080870917573872,14.63970969414204
0.5263034686279704,1.0,23,none,high,-24.388777555110224,29.659318637274545,44.04809619238477
0.4703034686279517,1.0,23,none,low,38.49462365591398,14.623655913978496,16.129032258064512
0.45730346862794735,1.0,23,none,high,29.93103448275862,54.96551724137931,25.03448275862069
0.48430346862795637,1.0,23,none,low,15.763169743358848,22.881584871679426,7.118415128320575
0.5913034686279921,1.0,23,none,low,9.517684887459808,2.788240698208544,43.27055581074874
0.6533034686280128,1.0,23,none,high,-1.5463917525773103,61.23711340206186,12.783505154639172
0.5873034686279908,1.0,23,none,medium,2.752562225475838,55.16837481698389,12.415812591508054
0.4613034686279487,1.0,23,none,low,3.650855365474341,20.190513219284604,6.539657853810264
1.098303468624154,0.0,23,none,medium,-10.370578326782706,41.74059517125211,12.111173498034812
0.5753034686239793,0.0,23,none,medium,-52.24056603773585,13.812893081761004,16.053459119496857
0.5733034686239786,0.0,23,none,medium,-27.80821917808219,41.75342465753425,9.561643835616438
0.5623034686279824,1.0,23,none,medium,8.571428571428573,50.0,11.428571428571429
0.4673034686279507,1.0,23,none,low,34.408717399071094,8.881743479814219,4.47302608074312
0.5803034686279884,1.0,23,none,high,7.463581833761783,38.73179091688089,31.268209083119107
0.5433034686239686,0.0,23,none,medium,-29.13793103448276,45.21072796934866,4.3486590038314175
0.47830346862795436,1.0,23,none,medium,60.71622846781504,7.071622846781505,26.35539437896645
0.49830346862796104,1.0,23,none,high,34.682080924855484,57.34104046242774,22.658959537572255
0.6593034686280148,1.0,23,none,low,-8.560070671378092,3.268551236749116,41.8286219081272
0.4963034686279604,1.0,23,none,high,43.71490280777538,53.06695464362851,19.35205183585313
0.7493034686280449,1.0,23,none,medium,3.715277777777775,46.90972222222222,13.194444444444445
0.6253034686280035,1.0,23,none,medium,-5.241327300150836,12.639517345399696,47.88084464555053
0.8793034686280883,1.0,23,none,low,8.06086341118188,4.51521585279547,16.454352441613587
0.5313034686279721,1.0,23,none,medium,20.16153846153846,26.738461538461536,16.576923076923077
0.6183034686239937,0.0,23,none,high,-61.6497175141243,19.627118644067792,31.27683615819209
0.6623034686240084,0.0,23,none,high,-58.64828513786147,20.154673839946195,38.80295897780767
0.5523034686279791,1.0,23,none,low,-15.334840350381466,14.094376942639164,19.429217293020628
0.5653034686279834,1.0,23,none,high,-6.160714285714285,10.412087912087912,66.5728021978022
0.7933034686240521,0.0,23,none,low,-31.50764748725419,21.36926438455936,12.876911871813547
0.5143034686279664,1.0,23,none,medium,-2.7171215880893307,42.81637717121588,15.53349875930521
0.5713034686279854,1.0,23,none,low,17.262180974477957,20.25522041763341,12.993039443155451
0.5523034686239716,0.0,23,none,medium,-31.41853932584269,15.589887640449438,37.00842696629213
0.5303034686239643,0.0,23,none,medium,-56.70934699103714,7.752880921895003,44.46222791293214
0.7333034686240321,0.0,23,none,low,-6.382587369711833,17.713059472716125,4.095646842427958
0.5533034686279794,1.0,23,none,high,6.126494650723736,50.890497168030215,34.76400251730648
1.0673034686241436,0.0,23,none,high,-33.83084577114428,11.215351812366738,65.04619758351102
0.5613034686279821,1.0,23,none,medium,0.2702702702702684,4.504504504504504,54.23423423423423
0.9183034686281013,1.0,23,none,low,8.404549646480174,11.361819858592067,12.957270212111894
0.4883034686279577,1.0,23,none,medium,43.07386363636363,24.357954545454543,11.284090909090908
0.7293034686280382,1.0,23,none,high,-41.28440366972477,29.22935779816514,40.51376146788991
0.4643034686279497,1.0,23,none,medium,47.77912621359224,6.419902912621359,28.640776699029125
1.091303468628159,1.0,23,none,low,-13.7441740031072,39.64785085447954,3.392024857586743
0.7273034686240301,0.0,23,none,low,-44.77024070021882,11.422319474835884,16.192560175054705
0.8783034686240805,0.0,23,none,low,-7.797716150081566,39.151712887438826,6.949429037520392
0.5773034686279874,1.0,23,none,medium,20.46031746031746,13.76190476190476,43.3015873015873
0.8583034686280813,1.0,23,none,high,-33.08426073131956,28.871224165341808,31.955484896661368
0.5883034686279911,1.0,23,none,low,-9.822560202788338,6.784959864807774,6.607520067596113
0.453303468627946,1.0,23,none,high,16.23655913978495,53.11827956989247,36.88172043010752
0.9903034686281253,1.0,23,none,low,-11.353602665556018,4.32319866722199,15.676801332778007
0.5263034686279704,1.0,23,none,low,26.672,6.112,19.44
0.426303468627937,1.0,23,none,medium,-54.925714285714285,28.69714285714285,13.622857142857145
0.426303468627937,1.0,23,none,medium,58.77237851662404,15.754475703324808,16.98209718670076
0.471303468627952,1.0,23,none,medium,41.22605363984675,19.42528735632184,28.19923371647509
0.42830346862793767,1.0,23,none,medium,-0.0228136882129348,9.992395437262354,40.01520912547529
0.8363034686280739,1.0,23,none,high,-22.860759493670887,46.48101265822785,19.34177215189873
0.7763034686240464,0.0,23,none,medium,-18.577075098814227,40.94861660079052,19.525691699604742
0.462303468627949,1.0,23,none,medium,58.158697863682605,6.8158697863682605,28.65717192268565
0.48330346862795603,1.0,23,none,medium,47.81155015197569,23.343465045592705,15.531914893617015
0.459303468627948,1.0,23,none,medium,35.5741127348643,30.22964509394572,14.655532359081414
0.7693034686280515,1.0,23,none,low,4.726766446223461,8.242255482074487,23.515489035851022
0.9563034686241065,0.0,23,none,medium,-32.02020202020202,26.585858585858585,18.60606060606061
0.4453034686239359,0.0,23,none,low,-3.322528363047001,11.118314424635331,4.4408427876823335
0.423303468627936,1.0,23,none,high,31.26339120797932,50.631695603989655,19.368304396010338
1.0783034686281547,1.0,23,none,medium,19.02439024390244,21.463414634146343,32.4390243902439
0.6543034686240057,0.0,23,none,medium,-41.09983079526226,28.291032148900168,19.39086294416244
0.8423034686280759,1.0,23,none,low,11.127012522361358,4.225402504472272,23.098389982110916
1.3073034686282312,1.0,23,none,low,2.580645161290322,4.193548387096774,11.612903225806452
0.7933034686280596,1.0,23,none,medium,57.32673267326732,21.831683168316832,24.504950495049503
0.7963034686280606,1.0,23,none,low,-14.677419354838712,12.661290322580644,27.33870967741936
0.5433034686279761,1.0,23,none,low,0.1763668430335077,26.784244562022337,6.607877718988831
0.8543034686240725,0.0,23,none,medium,-39.7841726618705,21.151079136690647,20.93525179856115
0.5993034686279948,1.0,23,none,medium,-16.35332252836304,37.55267423014587,13.905996758508913
0.5433034686239686,0.0,23,none,high,2.422360248447198,51.98757763975155,29.565217391304348
0.5643034686279831,1.0,23,none,high,20.923913043478265,45.46195652173913,24.538043478260867
0.4883034686279577,1.0,23,none,low,-2.767341040462429,1.033236994219653,53.80057803468208
0.6173034686280008,1.0,23,none,medium,0.2002503128911144,53.46683354192741,13.266583229036296
0.5173034686279674,1.0,23,none,low,9.058823529411764,4.764705882352941,15.705882352941178
0.447303468627944,1.0,23,none,medium,-8.95432692307692,66.31009615384615,5.264423076923076
0.5443034686279764,1.0,23,none,medium,7.770700636942671,1.97452229299363,64.20382165605096
0.4933034686279594,1.0,23,none,medium,10.659670164917545,47.05147426286857,16.391804097951024
0.6943034686280265,1.0,23,none,high,9.622641509433969,51.21293800539084,21.59029649595687
1.332303468624232,0.0,23,none,medium,-27.727272727272723,32.87878787878788,10.606060606060606
0.9373034686241002,0.0,23,none,low,4.651562948092916,29.767708632061943,5.116145683969028
0.507303468627964,1.0,23,none,medium,-21.464435146443517,19.26778242677824,40.73221757322175
0.7053034686280302,1.0,23,none,low,6.2455985915493,26.426056338028168,10.18045774647887
0.4853034686279567,1.0,23,none,medium,33.036072144288575,21.01202404809619,17.975951903807616
0.4433034686279427,1.0,23,none,medium,4.037819799777534,8.509454949944383,64.47163515016685
0.438303468627941,1.0,23,none,high,10.666666666666671,55.7948717948718,15.128205128205124
0.7433034686240354,0.0,23,none,low,-30.42181069958848,5.473251028806584,25.89506172839506
0.6163034686280005,1.0,23,none,medium,37.368421052631575,5.263157894736842,37.89473684210526
1.2603034686282155,1.0,23,none,low,-0.7308503162333118,12.543921293042867,23.27477160927618
0.8153034686280669,1.0,23,none,low,24.36426116838488,23.298969072164947,8.934707903780069
0.6163034686280005,1.0,23,none,low,39.67422096317281,7.096317280453258,17.422096317280452
0.664303468624009,0.0,23,none,high,-18.768328445747805,30.61583577712609,49.3841642228739
0.47430346862795303,1.0,23,none,high,40.0,40.0,30.0
0.513303468627966,1.0,23,none,medium,-10.926470588235295,50.23529411764706,11.161764705882351
0.5233034686279694,1.0,23,none,low,7.2698907956318255,2.878315132605304,35.60842433697348
0.429303468627938,1.0,23,none,low,-8.526940187839841,8.05239742956006,36.5793376173999
0.4463034686279437,1.0,23,none,medium,13.771760154738876,7.504835589941972,43.73307543520309
0.6303034686280051,1.0,23,none,high,28.63682604272635,43.15361139369278,34.51678535096643
0.5243034686279697,1.0,23,none,medium,-18.33861762840837,24.996829422954978,23.33544705136335
0.7663034686240431,0.0,23,none,medium,-39.04013961605584,45.86387434554974,4.904013961605584
0.6423034686280091,1.0,23,none,high,-3.555144793592113,29.06962415280345,52.62476894639556
0.5613034686239746,0.0,23,none,high,-43.76470588235294,20.70588235294117,44.47058823529412
0.45130346862794535,1.0,23,none,medium,51.206896551724135,20.30172413793104,29.094827586206897
0.456303468627947,1.0,23,none,low,23.306451612903224,5.551075268817204,22.244623655913976
0.7653034686240427,0.0,23,none,high,-43.49462365591398,20.86021505376344,44.35483870967742
0.634303468623999,0.0,23,none,low,-3.0561330561330564,13.471933471933472,16.528066528066528
0.46630346862795036,1.0,23,none,medium,51.78947368421053,13.05263157894737,31.26315789473685
0.47530346862795336,1.0,23,none,low,5.703439035283608,5.234479678427869,9.53104064314426
1.098303468624154,0.0,23,none,high,-46.186117467582,20.80854309687261,36.99466056445461
0.6773034686280208,1.0,23,none,low,22.796558082360164,4.0995697602950205,41.303011677934855
1.128303468624164,0.0,23,none,medium,-33.58677685950414,30.94214876033057,24.528925619834716
0.4973034686279607,1.0,23,none,high,19.21364985163204,18.219584569732937,49.00593471810089
0.441303468627942,1.0,23,none,high,-2.072213500784933,36.67189952904239,48.74411302982732
0.8023034686280626,1.0,23,none,high,-6.504065040650396,57.804878048780495,14.308943089430892
0.8673034686240768,0.0,23,none,high,-53.785166240409225,20.370843989769817,54.15601023017903
1.0963034686241533,0.0,23,none,medium,-26.036655211912944,20.37800687285224,26.414662084765176
0.43130346862793867,1.0,23,none,high,30.25878003696858,43.86321626617376,33.60443622920518
0.48430346862795637,1.0,23,none,medium,7.977528089887642,19.191011235955056,31.21348314606741
1.095303468624153,0.0,23,none,medium,-4.251162790697673,15.888372093023255,30.13953488372093
1.028303468628138,1.0,23,none,low,5.811051693404636,12.905525846702318,7.094474153297682
0.6793034686280215,1.0,23,none,low,38.66580310880829,16.761658031088082,8.09585492227979
0.5093034686239573,0.0,23,none,medium,23.865979381443296,21.288659793814432,37.422680412371136
0.610303468623991,0.0,23,none,high,-16.578947368421048,28.765182186234817,35.344129554655865
0.5273034686279707,1.0,23,none,medium,59.66269841269842,14.484126984126984,24.821428571428573
0.7373034686280409,1.0,23,none,medium,6.977329974811081,9.24433249370277,62.26700251889169
0.7463034686240364,0.0,23,none,low,-8.406205923836389,18.053596614950635,16.459802538787024
0.7043034686280298,1.0,23,none,medium,17.437185929648244,7.487437185929648,50.050251256281406
0.513303468627966,1.0,23,none,medium,-5.2499999999999964,36.5,11.749999999999998
0.43530346862794,1.0,23,none,low,19.1270611057226,29.563530552861295,10.436469447138702
0.8433034686280763,1.0,23,none,medium,25.98214285714285,3.598214285714285,57.61607142857142
0.88430346862809,1.0,23,none,medium,-13.666666666666664,30.88888888888889,14.555555555555554
0.47730346862795403,1.0,23,none,medium,38.24742268041237,5.360824742268041,37.11340206185567
0.7673034686280509,1.0,23,none,medium,-2.8664495114006527,12.377850162866448,55.2442996742671
1.435303468628274,1.0,23,none,high,16.04890604890606,59.65250965250965,23.6036036036036
0.48430346862795637,1.0,23,none,medium,45.56142668428006,20.60766182298547,25.046235138705416
0.4993034686239539,0.0,23,none,medium,-15.178147268408551,67.3396674584323,2.517814726840855
0.6653034686280168,1.0,23,none,low,12.843043616682586,4.568608723336517,21.72556510665393
0.5893034686279914,1.0,23,none,low,16.669456066945607,10.476987447698743,23.807531380753137
0.610303468623991,0.0,23,none,medium,-48.82427307206068,27.711757269279392,6.536030341340076
0.42830346862793767,1.0,23,none,high,-1.061519903498187,25.25934861278649,46.32086851628468
0.411303468627932,1.0,23,none,low,16.068814055636896,19.743777452415813,13.674963396778915
1.3583034686242408,0.0,23,none,medium,-29.734411085450347,25.62355658198614,25.35796766743649
1.2793034686282219,1.0,23,none,low,11.027371578552684,12.410948631421071,11.38357705286839
0.5023034686239549,0.0,23,none,low,-23.950164895566143,12.839868083547085,6.790032979113229
0.7113034686280322,1.0,23,none,high,-13.726937269372694,18.50922509225092,62.23616236162361
0.5183034686279677,1.0,23,none,high,-2.0342946219797327,43.98285268901013,46.01714731098986
1.0993034686281618,1.0,23,none,high,6.767317939609239,28.614564831261102,41.84724689165186
0.6443034686280098,1.0,23,none,medium,-25.70588235294118,18.70588235294117,34.411764705882355
0.5853034686239826,0.0,23,none,medium,-35.88235294117648,40.588235294117645,16.47058823529412
0.6213034686239947,0.0,23,none,medium,-25.767634854771774,48.17427385892116,13.941908713692944
0.9633034686281163,1.0,23,none,low,20.40634291377601,13.46878097125867,13.062438057482655
1.411303468628266,1.0,23,none,low,-4.397463002114165,23.73502466525722,8.132487667371388
1.0963034686281607,1.0,23,none,high,-7.406698564593302,10.028708133971293,67.43540669856459
1.076303468628154,1.0,23,none,high,13.933649289099527,34.12322274881517,30.18957345971564
0.8403034686240678,0.0,23,none,medium,-11.64265129682997,45.38904899135447,7.031700288184438
0.947303468628111,1.0,23,none,medium,1.6438356164383592,59.37733499377335,7.733499377334993
0.4433034686279427,1.0,23,none,medium,46.10311750599521,20.75539568345324,24.65227817745803
0.411303468627932,1.0,23,none,medium,10.463768115942033,38.434782608695656,17.97101449275362
0.5523034686279791,1.0,23,none,medium,-17.099391480730226,25.740365111561868,22.83975659229209
0.4463034686279437,1.0,23,none,low,8.81768953068592,3.763537906137184,24.945848375451263
0.47230346862795236,1.0,23,none,medium,-29.437148217636015,45.42213883677299,14.859287054409004
0.8173034686280676,1.0,23,none,medium,-0.4109589041095915,48.71232876712329,9.123287671232877
0.9213034686281023,1.0,23,none,low,-1.5224534501642957,10.67907995618839,32.20153340635268
0.7693034686280515,1.0,23,none,medium,-6.68539325842697,6.994382022471909,53.67977528089888
0.5323034686239649,0.0,23,none,high,-53.15169366715759,18.42415316642121,71.5758468335788
0.9703034686241112,0.0,23,none,low,-11.346153846153848,51.32211538461538,2.668269230769231
0.6823034686280225,1.0,23,none,medium,13.27424400417101,12.982273201251305,39.70802919708029
0.8613034686240748,0.0,23,none,low,-15.48829240434038,1.804683038263848,27.292975442604227
0.6073034686279974,1.0,23,none,medium,-34.55950540958269,30.29366306027821,24.853168469860897
0.8673034686280843,1.0,23,none,low,12.733644859813085,3.247663551401869,40.51401869158879
0.712303468624025,0.0,23,none,low,-21.0648596321394,12.623426911907067,13.688286544046466
0.5843034686279898,1.0,23,none,high,-22.11864406779661,22.34463276836158,54.463276836158194
0.5923034686279924,1.0,23,none,low,-9.06714200831848,4.373143196672608,23.44028520499109
0.6243034686280031,1.0,23,none,medium,26.0,43.0,17.0
0.507303468627964,1.0,23,none,low,15.196374622356492,16.948640483383684,21.75226586102719
0.568303468623977,0.0,23,none,medium,-31.275510204081627,38.9795918367347,10.255102040816324
0.45430346862794635,1.0,23,none,low,27.39837398373984,6.233062330623306,18.834688346883468
0.589303468623984,0.0,23,none,high,-48.23529411764706,18.15126050420168,46.38655462184874
0.5193034686279681,1.0,23,none,low,0.2504472271914153,32.200357781753134,1.949910554561717
0.7453034686280435,1.0,23,none,low,-13.943028485757122,3.028485757121438,16.97151424287856
0.703303468624022,0.0,23,none,low,-2.5910064239828703,5.802997858672376,28.39400428265525
0.462303468627949,1.0,23,none,low,8.572850979090608,4.643212744772652,16.070361765682044
0.513303468627966,1.0,23,none,medium,4.9034175334323855,11.634472511144129,36.73105497771174
0.7173034686280342,1.0,23,none,low,11.40964995269631,7.852412488174077,36.44276253547776
0.4853034686279567,1.0,23,none,high,43.53982300884957,41.41592920353982,27.87610619469026
0.6483034686280111,1.0,23,none,low,3.376159885795861,25.032119914346897,1.6559600285510352
0.6393034686280081,1.0,23,none,high,18.16849816849817,52.35653235653236,24.188034188034184
1.1903034686241847,0.0,23,none,medium,-21.12359550561797,52.33458177278402,3.458177278401997
0.9443034686241025,0.0,23,none,low,-24.720194647201943,7.639902676399024,32.36009732360097
0.7423034686280425,1.0,23,none,high,-39.00131406044677,21.865965834428383,50.86727989487516
0.7593034686280482,1.0,23,none,high,27.861080485115767,40.55126791620728,22.69018743109151
0.5323034686279724,1.0,23,none,low,2.339304531085352,11.169652265542677,8.830347734457323
0.6483034686240037,0.0,23,none,high,-47.28316326530612,17.448979591836736,54.73214285714285
0.6473034686240033,0.0,23,none,medium,-33.925619834710744,36.85950413223141,10.78512396694215
0.7773034686280542,1.0,23,none,low,17.977227059611522,12.659075686537172,14.681848626925651
0.4763034686279537,1.0,23,none,medium,31.58347676419966,11.462994836488814,29.879518072289155
0.429303468627938,1.0,23,none,medium,34.83042137718397,9.96916752312436,45.13874614594039
0.7593034686240407,0.0,23,none,high,-32.646387832699624,29.140684410646383,31.78707224334601
0.8243034686280699,1.0,23,none,low,0.4326587578506586,5.108164689462664,44.675505931612
0.6483034686280111,1.0,23,none,medium,42.63456090651557,11.388101983002832,38.753541076487245
0.5113034686279654,1.0,23,none,high,-18.938144329896907,27.494845360824737,36.43298969072165
0.5933034686279928,1.0,23,none,high,-6.58146964856229,53.626198083067095,20.20766773162939
0.420303468627935,1.0,23,none,low,10.270551508844951,5.067637877211238,14.797086368366283
0.6753034686240127,0.0,23,none,medium,-46.890756302521005,26.48739495798319,13.3781512605042
0.6463034686280105,1.0,23,none,low,15.034324942791764,16.88787185354691,21.853546910755146
0.46630346862795036,1.0,23,none,medium,70.1071155317521,8.010711553175211,17.903596021423102
0.7373034686240334,0.0,23,none,high,-41.28455284552845,31.317073170731703,32.60162601626016
0.5773034686279874,1.0,23,none,low,-1.225382932166303,2.193654266958424,23.419037199124727
0.5363034686279737,1.0,23,none,high,53.63333333333334,48.7,15.066666666666665
0.7903034686280586,1.0,23,none,high,-12.882882882882887,28.558558558558552,41.44144144144144
0.5733034686279861,1.0,23,none,medium,-43.20284697508897,26.761565836298928,19.9644128113879
0.432303468627939,1.0,23,none,high,5.812883435582819,45.766871165644176,29.953987730061357
1.660303468628349,1.0,23,none,low,-0.2216748768472918,4.889162561576354,5.110837438423646
0.4763034686279537,1.0,23,none,low,-13.572184962936811,39.795270031768446,3.367454994705259
0.5903034686279918,1.0,23,none,low,6.113499570077387,18.056749785038694,11.943250214961306
0.706303468624023,0.0,23,none,medium,-33.34106728538283,46.35730858468677,9.698375870069604
0.5933034686279928,1.0,23,none,low,23.648,10.912,27.264000000000003
0.5993034686279948,1.0,23,none,low,3.8965517241379306,9.558620689655172,15.66206896551724
0.7473034686280442,1.0,23,none,medium,-27.24202626641651,16.37898686679174,43.62101313320825
0.5343034686279731,1.0,23,none,high,52.5,45.0,22.5
0.6003034686279951,1.0,23,none,low,1.7979797979797991,5.8989898989899,4.1010101010101
0.574303468623979,0.0,23,none,high,-32.29060913705584,30.552030456852787,52.84263959390863
0.4923034686239516,0.0,23,none,high,-45.17915309446254,6.840390879478823,62.01954397394137
0.6273034686280041,1.0,23,none,high,9.803328290468992,51.31618759455371,21.51285930408472
0.8833034686280896,1.0,23,none,low,-4.751286449399657,57.092624356775296,1.8439108061749567
0.7723034686240451,0.0,23,none,low,-20.429752066115697,33.917355371900825,4.347107438016528
0.429303468627938,1.0,23,none,medium,19.03066271018794,47.41839762611277,8.387734915924824
0.7053034686280302,1.0,23,none,medium,-3.949579831932773,16.022408963585434,29.971988795518207
0.9703034686241112,0.0,23,none,medium,-29.91304347826087,44.52173913043478,4.434782608695652
1.0763034686241466,0.0,23,none,low,-16.98224852071006,6.508875739644969,23.49112426035503
0.6333034686280061,1.0,23,none,medium,-2.69230769230769,39.26282051282051,21.955128205128204
0.5203034686279684,1.0,23,none,medium,51.23664122137404,30.41221374045801,19.175572519083968
0.5363034686279737,1.0,23,none,medium,15.640648011782034,37.82032400589102,22.179675994108983
0.5813034686279888,1.0,23,none,medium,14.058721934369604,21.62348877374784,27.56476683937824
0.5223034686279691,1.0,23,none,medium,35.90233545647559,30.360934182590235,14.458598726114646
0.420303468627935,1.0,23,none,medium,24.215246636771305,13.553811659192826,49.33856502242152
0.7043034686240224,0.0,23,none,medium,-26.598130841121492,33.757009345794394,10.355140186915888
0.5433034686239686,0.0,23,none,low,-12.399299474605954,10.560420315236426,12.95971978984238
0.6683034686240104,0.0,23,none,medium,-46.22436670687575,18.49215922798552,14.716525934861275
0.6373034686280075,1.0,23,none,medium,48.55072463768117,5.855072463768116,37.30434782608695
0.6293034686280048,1.0,23,none,low,-0.9646494907130014,4.517675254643499,5.4823247453565
0.48030346862795503,1.0,23,none,high,52.42876526458616,28.439620081411125,26.010854816824963
0.6793034686280215,1.0,23,none,medium,12.302936630602783,23.24574961360124,20.94281298299845
0.9543034686241059,0.0,23,none,high,-30.59732234809475,38.18743563336766,28.784757981462413
1.1203034686241613,0.0,23,none,low,-12.081712062256807,8.959143968871594,21.040856031128403
0.7423034686240351,0.0,23,none,medium,-45.311355311355314,40.21978021978022,5.531135531135531
0.7313034686240314,0.0,23,none,low,-12.947658402203857,35.289256198347104,8.236914600550964
0.7053034686240227,0.0,23,none,medium,-31.65354330708661,18.897637795275585,20.551181102362204
0.47230346862795236,1.0,23,none,low,45.327510917030565,7.903930131004366,12.576419213973798
0.8163034686240598,0.0,23,none,low,0.422077922077924,32.33766233766234,1.915584415584415
0.8603034686240745,0.0,23,none,medium,-21.931684334511196,30.588928150765607,22.5206124852768
1.7713034686243787,0.0,23,none,medium,7.254207263064661,72.9406554472985,5.686448184233835
0.9653034686241095,0.0,23,none,medium,-50.04126547455296,26.629986244841817,6.671251719394773
0.682303468624015,0.0,23,none,high,-29.016949152542367,22.06779661016949,41.08474576271186
0.544303468623969,0.0,23,none,medium,-33.6027713625866,46.1431870669746,9.7459584295612
0.94430346862811,1.0,23,none,high,-41.85997910135842,25.4858934169279,57.34587251828631
0.6003034686239876,0.0,23,none,low,24.92647058823529,6.985294117647058,12.058823529411764
0.6263034686239963,0.0,23,none,medium,1.8890814558058864,9.566724436741769,47.67764298093588
1.0733034686241456,0.0,23,none,medium,-20.23152270703473,21.691896705253782,31.92341941228851
0.4613034686279487,1.0,23,none,high,32.30134158926729,42.60061919504644,20.299277605779157
0.54730346862397,0.0,23,none,low,-13.636363636363637,12.272727272727272,5.909090909090909
1.212303468624192,0.0,23,none,low,-19.27725118483412,6.433649289099525,15.710900473933648
0.6663034686240097,0.0,23,none,low,3.5033507073715557,4.501116902457185,10.99776619508563
0.6953034686240194,0.0,23,none,low,-2.3290937996820347,11.78060413354531,4.109697933227345
0.5993034686239873,0.0,23,none,low,-29.22279792746114,6.15840118430792,25.381199111769057
0.5683034686279844,1.0,23,none,medium,1.0718492343933974,14.93521790341578,43.86336866902238
0.9643034686281167,1.0,23,none,high,37.51783166904422,23.85164051355207,36.33380884450785
0.6703034686280185,1.0,23,none,low,27.29667812142039,4.662084765177549,37.36540664375716
0.5553034686239726,0.0,23,none,high,-33.51320321469575,33.892078071182546,37.4052812858783
0.5163034686239596,0.0,23,none,high,-32.76978417266187,17.374100719424455,60.143884892086334
0.8763034686240798,0.0,23,none,low,-40.25766871165644,26.02453987730061,6.282208588957055
0.48330346862795603,1.0,23,none,low,-6.773276474769013,1.613361762615494,8.386638237384506
0.47530346862795336,1.0,23,none,high,23.143812709030097,43.46711259754738,30.32329988851728
0.5233034686279694,1.0,23,none,high,-4.561855670103093,59.14948453608248,13.711340206185568
1.7163034686243603,0.0,23,none,low,-12.694475760992107,4.8703494926719255,7.564825253664036
0.8513034686280789,1.0,23,none,medium,0.8510638297872362,30.425531914893615,29.574468085106385
1.579303468628322,1.0,23,none,low,5.237717908082408,7.210776545166402,31.973058637083994
0.5933034686279928,1.0,23,none,low,29.756326148078724,22.40862230552952,12.652296157450795
1.3213034686282359,1.0,23,none,low,6.791497975708502,5.597165991902834,8.805668016194332
1.1743034686281868,1.0,23,none,high,11.5606936416185,45.78034682080925,34.21965317919075
0.556303468623973,0.0,23,none,high,-34.41810344827587,19.159482758620687,43.57758620689656
0.510303468627965,1.0,23,none,high,4.262820512820518,49.90384615384615,35.641025641025635
0.7583034686240404,0.0,23,none,low,-27.701863354037265,8.198757763975152,15.90062111801242
0.5233034686239619,0.0,23,none,low,-41.78294573643411,24.68992248062015,6.472868217054264
0.6063034686279971,1.0,23,none,medium,-12.48780487804878,9.170731707317072,61.65853658536585
2.189303468628526,1.0,23,none,low,8.835443037974683,6.278481012658228,7.443037974683544
0.8693034686280849,1.0,23,none,medium,9.709794437726725,6.60217654171705,46.89238210399033
0.7963034686240531,0.0,23,none,low,-7.943262411347518,6.02836879432624,13.971631205673756
0.6093034686279981,1.0,23,none,high,47.18990120746433,42.87596048298573,25.686059275521405
0.47530346862795336,1.0,23,none,low,2.3233030090972733,21.16165150454864,18.838348495451363
0.8623034686280826,1.0,23,none,medium,29.783464566929133,27.91338582677165,18.12992125984252
0.41030346862793166,1.0,23,none,medium,38.38105726872247,28.50220264317181,20.121145374449338
0.7033034686280295,1.0,23,none,high,21.765980498374866,45.88299024918743,24.117009750812567
0.6603034686280151,1.0,23,none,medium,35.96491228070176,25.321637426900587,29.35672514619883
0.5343034686279731,1.0,23,none,low,43.231939163498105,6.653992395437262,23.42205323193916
0.5763034686239796,0.0,23,none,low,-47.390953150242325,10.807754442649436,8.198707592891761
1.5573034686243072,0.0,23,none,low,4.271493212669685,16.18099547511312,1.909502262443438
0.5053034686279634,1.0,23,none,low,-5.394957983193275,18.453781512605044,3.848739495798319
1.02630346862413,0.0,23,none,high,-34.688644688644686,33.18681318681318,37.87545787545788
0.5553034686279801,1.0,23,none,low,-2.299854439592432,4.425036390101892,46.72489082969432
0.5183034686279677,1.0,23,none,high,7.741935483870968,41.29032258064516,43.54838709677419
0.682303468624015,0.0,23,none,high,-42.73264401772526,26.587887740029537,49.3205317577548
0.5333034686279727,1.0,23,none,medium,-6.169544740973304,62.872841444270016,9.042386185243323
1.8573034686244074,0.0,23,none,medium,-11.39372822299652,5.581881533101044,56.97560975609756
0.8473034686280776,1.0,23,none,low,31.78082191780822,14.794520547945204,13.013698630136986
0.5653034686279834,1.0,23,none,high,-31.41176470588235,16.88235294117647,68.29411764705883
0.6513034686240047,0.0,23,none,medium,-31.04938271604938,53.05555555555555,4.104938271604938
0.6083034686279978,1.0,23,none,medium,13.614088820826948,6.72281776416539,53.10872894333844
0.4123034686279323,1.0,23,none,high,21.4406779661017,49.23728813559322,17.796610169491526
0.8243034686280699,1.0,23,none,high,30.304789550072574,55.152394775036285,24.84760522496371
1.3503034686242381,0.0,23,none,medium,-23.154450261780102,7.486910994764396,40.6413612565445
1.0803034686281554,1.0,23,none,high,-33.30798479087453,12.319391634980988,55.62737642585552
1.02630346862413,0.0,23,none,medium,-24.827044025157228,40.125786163522015,14.952830188679243
0.42430346862793633,1.0,23,none,low,6.311844077961015,2.038980509745127,55.72713643178411
0.6993034686240207,0.0,23,none,low,-1.8283582089552208,16.902985074626866,8.731343283582088
0.6243034686239957,0.0,23,none,high,-16.752336448598133,43.94859813084113,30.700934579439256
0.571303468623978,0.0,23,none,high,-52.92413793103448,16.66206896551724,39.58620689655172
0.4463034686279437,1.0,23,none,high,57.64617691154422,50.41979010494752,12.773613193403296
1.0363034686241333,0.0,23,none,high,-26.644736842105264,25.108359133126932,61.7530959752322
0.5373034686279741,1.0,23,none,high,-29.83810709838108,18.742216687422165,58.580323785803245
0.49230346862795904,1.0,23,none,medium,-15.769867549668875,4.743377483443707,50.51324503311258
0.49030346862795837,1.0,23,none,medium,35.43689320388349,5.048543689320388,39.61165048543689
0.7913034686280589,1.0,23,none,low,-14.21420256111758,11.839348079161816,6.053550640279395
0.471303468627952,1.0,23,none,medium,28.64027538726334,10.80895008605852,32.16867469879518
0.5083034686279644,1.0,23,none,high,18.86326194398682,46.52388797364086,37.66062602965404
0.47430346862795303,1.0,23,none,high,15.161987041036724,52.58099352051836,37.41900647948164
0.5793034686279881,1.0,23,none,high,21.80790960451977,47.909604519774014,36.10169491525424
0.905303468628097,1.0,23,none,high,10.898379970544925,53.41678939617084,32.51840942562592
1.040303468628142,1.0,23,none,medium,-1.0222222222222186,40.23703703703704,21.259259259259256
2.0473034686284786,1.0,23,none,low,-0.961910910264688,4.519044544867656,5.480955455132344
0.8193034686280682,1.0,23,none,low,-34.07484407484407,31.434511434511435,5.509355509355509
0.9283034686240972,0.0,23,none,low,-13.766937669376697,13.11653116531165,26.883468834688347
0.8533034686240721,0.0,23,none,low,-5.1035322777101095,27.917174177831917,3.020706455542022
1.8983034686244211,0.0,23,none,high,-17.55441741357235,22.944942381562097,60.499359795134446
1.194303468624186,0.0,23,none,medium,-16.95417789757412,65.74123989218329,2.6954177897574123
0.43930346862794134,1.0,23,none,medium,-24.36343241727426,23.75771172181716,18.12114413909142
0.9773034686241135,0.0,23,none,high,1.4992272024729445,51.46831530139103,29.969088098918085
0.9333034686240989,0.0,23,none,medium,-44.77837837837839,8.302702702702698,43.08108108108108
0.535777576645807,1.0,24,none,low,-50.72072072072072,16.86936936936937,7.59009009009009
0.6337775766458398,1.0,24,none,low,-27.80561122244489,27.59519038076152,5.400801603206413
1.1717775766460194,1.0,24,none,low,42.59105098855359,7.513007284079084,14.92195629552549
0.5857775766458237,1.0,24,none,low,24.27037271004422,11.067593177511055,26.797220467466836
0.5827775766458227,1.0,24,none,low,5.758468335787921,8.586156111929306,22.82768777614138
0.7477775766458779,1.0,24,none,medium,16.091644204851757,15.363881401617252,29.27223719676549
0.5987775766458281,1.0,24,none,medium,4.102920723226708,57.63560500695411,3.532684283727398
0.5287775766458047,1.0,24,none,low,-20.0,0.0,50.0
0.7297775766458718,1.0,24,none,medium,32.66249021143305,32.294440093970245,9.631949882537196
0.6217775766458358,1.0,24,none,medium,52.7742946708464,6.974921630094045,24.200626959247646
0.6707775766458521,1.0,24,none,high,-25.70239843367597,15.82966226138032,51.53206069505629
1.0267775766419636,0.0,24,none,low,5.164375373580395,10.06575014943216,14.901374775851764
0.529777576645805,1.0,24,none,high,1.0044052863436086,12.616740088105724,61.61233480176211
0.5047775766457967,1.0,24,none,high,1.47208121827412,43.45177664974619,31.97969543147208
0.6877775766458578,1.0,24,none,low,-2.185577803952363,8.907211098023819,11.09278890197618
0.936777576645941,1.0,24,none,medium,4.399999999999999,43.4,19.0
0.5817775766458224,1.0,24,none,low,-1.579685746352416,7.368125701459034,18.94781144781145
0.5997775766458284,1.0,24,none,medium,-4.591928251121079,41.62331838565022,16.2152466367713
1.4127775766420925,0.0,24,none,low,21.010886469673405,13.670295489891137,12.65940902021773
0.5677775766458177,1.0,24,none,medium,-1.908163265306124,4.020408163265306,55.92857142857143
1.155777576646014,1.0,24,none,medium,26.21280887544125,26.485123550176503,20.27231467473525
0.8747775766459203,1.0,24,none,high,-17.53308128544424,38.3648393194707,45.89792060491494
0.5187775766458014,1.0,24,none,low,20.68840579710145,4.384057971014493,33.69565217391305
0.5717775766458191,1.0,24,none,low,39.14285714285714,8.19047619047619,9.047619047619044
1.0997775766459954,1.0,24,none,low,9.26085088096261,6.420283626987537,7.159432746024924
2.22177757664637,1.0,24,none,medium,-11.707317073170731,54.63414634146342,6.341463414634147
0.5777775766458211,1.0,24,none,medium,10.470383275261325,5.54006968641115,65.06968641114983
0.8047775766458969,1.0,24,none,low,6.992153443766345,6.748038360941586,39.75588491717525
0.6857775766458571,1.0,24,none,high,1.1937639198218264,46.39643652561247,25.20267260579065
0.9227775766459363,1.0,24,none,medium,-70.46286329386437,15.98493003229278,16.447793326157157
0.49677757664579403,1.0,24,none,medium,4.53287197231834,1.453287197231834,76.9204152249135
2.8537775766425737,0.0,24,none,medium,-90.0,0.0,10.0
3.2227775766467044,1.0,24,none,low,6.547041707080508,18.27352085354025,11.726479146459749
0.6607775766458488,1.0,24,none,high,-70.0,0.0,80.0
0.5557775766458137,1.0,24,none,low,14.673539518900345,16.75257731958763,22.079037800687285
1.1697775766460188,1.0,24,none,high,62.31311706629055,31.48095909732017,19.16784203102961
0.5287775766458047,1.0,24,none,low,12.49317561419472,2.81164695177434,50.318471337579616
0.5947775766458268,1.0,24,none,low,-40.0,0.0,10.0
0.511777576645799,1.0,24,none,low,10.621468926553671,25.31073446327684,14.689265536723164
0.5627775766458161,1.0,24,none,high,-23.14867156585642,20.497456189937814,63.64612775579423
0.5777775766458211,1.0,24,none,low,5.999999999999999,5.333333333333333,9.333333333333334
0.5497775766458117,1.0,24,none,high,44.89383215369061,44.95449949443883,20.060667340748225
0.7237775766458698,1.0,24,none,low,27.442289935364727,7.488457987072945,10.046168051708214
1.616777576646168,1.0,24,none,medium,-14.882489241972856,27.07050645481629,21.95299569678914
0.8177775766459012,1.0,24,none,medium,2.9927667269439464,56.77215189873418,3.779385171790234
0.8827775766459229,1.0,24,none,medium,-29.72737186477644,40.218102508178845,9.945474372955289
0.6187775766458348,1.0,24,none,medium,10.0,80.0,0.0
0.5147775766458,1.0,24,none,medium,7.051460361613351,12.35048678720445,35.299026425591094
1.3457775766460776,1.0,24,none,medium,-15.65952649379932,38.03833145434048,13.697857948139797
0.5127775766457994,1.0,24,none,high,-34.65753424657534,10.136986301369864,74.7945205479452
0.5187775766458014,1.0,24,none,high,-9.479110146500272,32.58817145957678,32.067281606077046
1.581777576642149,0.0,24,none,low,3.7078651685393247,4.569288389513108,10.861423220973784
0.5457775766458104,1.0,24,none,medium,11.229224376731302,18.628808864265928,37.39958448753463
0.5157775766458004,1.0,24,none,high,-35.862573099415215,11.14035087719298,57.00292397660819
0.5937775766458264,1.0,24,none,high,-18.51543942992874,49.48931116389549,18.004750593824227
0.6157775766458338,1.0,24,none,medium,-2.7913100724160635,34.32521395655036,17.116524028966424
0.7047775766458635,1.0,24,none,high,80.0,60.0,0.0
0.7147775766458668,1.0,24,none,low,16.00459770114942,6.501149425287355,10.496551724137928
0.538777576645808,1.0,24,none,low,-20.0,0.0,10.0
0.49677757664579403,1.0,24,none,medium,18.21192052980132,12.05298013245033,53.84105960264901
0.6207775766458354,1.0,24,none,high,58.90243902439025,65.36585365853658,16.463414634146332
0.511777576645799,1.0,24,none,medium,-20.0,0.0,70.0
0.6047775766458301,1.0,24,none,medium,24.30075187969925,21.43358395989975,37.1328320802005
0.5457775766458104,1.0,24,none,low,-3.224755700325733,10.04071661237785,33.26547231270358
0.5677775766458177,1.0,24,none,low,23.425852498017445,6.685170499603489,13.25931800158604
0.5617775766458157,1.0,24,none,medium,11.472742066720915,35.736371033360456,24.26362896663954
1.59277757664616,1.0,24,none,high,-56.02475928473178,23.52132049518569,29.54607977991747
0.5337775766458064,1.0,24,none,medium,48.41695501730104,12.439446366782008,34.02249134948097
0.6757775766458538,1.0,24,none,medium,22.07149404216315,8.41429880843263,46.34280476626948
1.240777576642035,0.0,24,none,medium,-80.0,0.0,30.0
0.7187775766458682,1.0,24,none,high,-51.24161073825504,23.25503355704697,44.49664429530201
0.5947775766458268,1.0,24,none,high,-90.0,0.0,80.0
0.975777576645954,1.0,24,none,low,-2.7358490566037705,29.81132075471698,2.547169811320754
0.7177775766458678,1.0,24,none,medium,53.53658536585365,7.059620596205962,23.523035230352303
0.5107775766457987,1.0,24,none,low,9.819915254237284,17.065677966101696,17.24576271186441
1.595777576646161,1.0,24,none,low,5.414258188824664,5.138086062941555,9.72382787411689
0.5217775766458024,1.0,24,none,high,51.50722642807984,56.70337233310393,15.196145905024087
0.5187775766458014,1.0,24,none,medium,-16.315035799522676,23.82816229116945,30.143198090692124
0.6057775766458304,1.0,24,none,medium,-12.560646900269544,23.71967654986523,36.28032345013477
0.6977775766458612,1.0,24,none,low,12.034090909090908,3.147727272727272,41.11363636363636
1.4287775766461053,1.0,24,none,medium,20.0,90.0,0.0
2.1487775766463457,1.0,24,none,low,10.0,60.0,0.0
0.5617775766458157,1.0,24,none,medium,-59.69432314410481,18.049490538573504,7.743813682678311
0.5397775766458084,1.0,24,none,high,35.42429284525791,65.95673876871881,10.532445923460894
0.5807775766458221,1.0,24,none,medium,30.183486238532105,4.464831804281345,44.28134556574924
0.7077775766458645,1.0,24,none,medium,30.0,90.0,0.0
0.5097775766457984,1.0,24,none,low,-9.516129032258068,17.419354838709676,16.935483870967744
1.2467775766460445,1.0,24,none,high,-33.5606936416185,28.57803468208092,32.138728323699425
4.37077757664308,0.0,24,none,low,-1.4770158251695555,25.681989449886963,7.159005275056519
0.5547775766458134,1.0,24,none,low,-19.21142080217539,30.591434398368456,9.802855200543846
0.6247775766458368,1.0,24,none,medium,56.10492845786963,7.344992050874404,21.24006359300477
0.5887775766458248,1.0,24,none,medium,-6.816860465116282,6.322674418604649,63.13953488372093
0.5187775766458014,1.0,24,none,high,11.138121546961322,15.734806629834251,54.59668508287292
0.5147775766458,1.0,24,none,high,22.00642054574639,37.84911717495987,25.84269662921348
0.9617775766459493,1.0,24,none,low,32.766865926558495,5.345858240819812,32.57899231426131
0.5107775766457987,1.0,24,none,low,10.0,30.0,0.0
0.5817775766458224,1.0,24,none,low,34.235294117647065,5.529411764705882,31.294117647058822
2.5587775766464826,1.0,24,none,medium,-58.42105263157895,23.684210526315788,22.105263157894736
2.526777576646472,1.0,24,none,high,14.151150054764514,53.80065717415115,19.649507119386637
1.2517775766460462,1.0,24,none,medium,30.0,90.0,0.0
0.6947775766458602,1.0,24,none,low,25.56451612903226,20.836693548387096,15.272177419354836
0.7107775766458655,1.0,24,none,medium,18.85416666666666,2.885416666666666,64.03125
1.1797775766460221,1.0,24,none,low,15.013723696248856,31.43641354071363,6.422689844464776
2.147777576642338,0.0,24,none,medium,-22.07792207792208,37.27272727272727,9.35064935064935
0.5067775766457974,1.0,24,none,low,13.115577889447236,30.351758793969847,7.236180904522611
2.625777576646504,1.0,24,none,low,-2.385826771653548,11.834645669291335,24.22047244094488
0.5427775766458094,1.0,24,none,low,-31.22823984526112,24.66150870406189,5.889748549323017
1.544777576646144,1.0,24,none,medium,-52.98245614035088,24.01559454191033,6.9980506822612085
0.6527775766458461,1.0,24,none,low,35.131440588853835,15.751840168243952,10.620399579390115
0.5427775766458094,1.0,24,none,medium,70.0,20.0,0.0
0.9687775766459517,1.0,24,none,medium,31.04991394148021,31.57773952954676,10.52782558806655
1.2427775766420357,0.0,24,none,low,-32.45614035087719,32.85087719298246,5.307017543859649
0.5667775766458174,1.0,24,none,high,4.117647058823525,39.90950226244344,25.79185520361991
0.5647775766458167,1.0,24,none,medium,0.5424696645253348,8.329764453961454,57.78729478943612
0.5467775766458107,1.0,24,none,low,-8.151155527795131,3.385384134915676,41.5365396627108
0.6847775766458568,1.0,24,none,high,-10.559999999999995,19.776,60.336
0.5507775766458121,1.0,24,none,high,25.271381578947363,49.53947368421052,34.26809210526316
0.6227775766458361,1.0,24,none,low,-40.64,25.69,6.33
0.5157775766458004,1.0,24,none,low,4.716981132075471,2.452830188679245,37.735849056603776
0.5857775766458237,1.0,24,none,medium,-10.0,0.0,80.0
0.7517775766458792,1.0,24,none,medium,-20.152671755725198,26.564885496183205,16.7175572519084
0.5637775766458164,1.0,24,none,low,60.0,20.0,0.0
0.5287775766458047,1.0,24,none,medium,53.12917594654788,13.29621380846325,30.167037861915365
0.5287775766458047,1.0,24,none,high,26.970149253731343,61.92537313432836,24.95522388059701
0.6897775766458585,1.0,24,none,medium,90.0,30.0,0.0
0.5407775766458087,1.0,24,none,medium,-6.535087719298241,58.77192982456141,5.307017543859648
0.5647775766458167,1.0,24,none,medium,70.0,20.0,0.0
0.5537775766458131,1.0,24,none,high,60.0,90.0,0.0
0.49977757664579503,1.0,24,none,medium,28.39142091152815,14.597855227882038,46.206434316353885
0.6207775766458354,1.0,24,none,low,-3.247706422018348,3.376146788990826,6.623853211009174
0.7157775766458672,1.0,24,none,medium,-12.295918367346944,26.020408163265305,28.316326530612244
0.5687775766458181,1.0,24,none,high,70.0,90.0,0.0
0.5437775766458097,1.0,24,none,low,11.018662519440126,7.006220839813375,5.98755832037325
0.5487775766458114,1.0,24,none,low,-7.357052096569253,18.65311308767471,16.010165184243967
1.3567775766460812,1.0,24,none,low,24.288025889967635,12.653721682847896,18.36569579288026
0.7317775766458725,1.0,24,none,low,0.2702702702702702,11.351351351351353,31.08108108108108
1.1037775766459967,1.0,24,none,medium,-40.0,45.0,5.0
0.526777576645804,1.0,24,none,high,-80.0,0.0,80.0
1.4587775766421078,0.0,24,none,medium,24.77832512315271,25.911330049261085,21.133004926108374
0.5227775766458027,1.0,24,none,high,-16.287744227353464,29.982238010657195,56.26998223801066
0.7507775766458789,1.0,24,none,high,-90.0,0.0,60.0
0.5657775766458171,1.0,24,none,high,-70.0,0.0,90.0
1.125777576646004,1.0,24,none,low,20.0,60.0,0.0
0.5597775766458151,1.0,24,none,low,-20.0,0.0,40.0
0.5867775766458241,1.0,24,none,low,10.0,10.0,0.0
0.5477775766458111,1.0,24,none,high,-70.0,0.0,80.0
0.5457775766458104,1.0,24,none,low,-10.702127659574469,42.25531914893617,2.957446808510638
0.7607775766458822,1.0,24,none,medium,-26.307692307692303,47.76923076923077,14.076923076923077
0.9957775766459607,1.0,24,none,low,-0.566037735849056,6.477987421383648,27.044025157232703
0.6977775766458612,1.0,24,none,low,-22.599795291709317,13.920163766632548,6.519959058341863
1.0817775766459894,1.0,24,none,low,-32.637362637362635,32.692307692307686,5.329670329670329
0.5417775766458091,1.0,24,none,high,-31.990950226244347,16.628959276018097,68.61990950226244
0.7677775766458845,1.0,24,none,medium,-41.8863456985004,12.075769534333068,23.962115232833465
0.5097775766457984,1.0,24,none,medium,50.0,60.0,0.0
0.8747775766459203,1.0,24,none,low,12.437059415911378,5.6092648539778445,13.172205438066465
0.8987775766459283,1.0,24,none,low,-17.799657534246577,7.320205479452055,15.11986301369863
0.5577775766458144,1.0,24,none,medium,-80.0,0.0,40.0
0.6917775766458591,1.0,24,none,high,-70.0,0.0,60.0
0.942777576645943,1.0,24,none,medium,10.0,90.0,0.0
0.6227775766458361,1.0,24,none,low,-40.0,0.0,40.0
0.5137775766457997,1.0,24,none,high,50.0,80.0,0.0
2.192777576642353,0.0,24,none,low,-9.531981279251168,15.35101404056162,4.882995319812792
0.6567775766458475,1.0,24,none,high,-41.23076923076923,22.15384615384615,43.38461538461539
0.6797775766458551,1.0,24,none,low,6.04826546003016,2.00603318250377,55.957767722473605
2.0397775766463093,1.0,24,none,medium,50.0,70.0,0.0
0.5167775766458007,1.0,24,none,high,90.0,80.0,0.0
0.5247775766458034,1.0,24,none,high,-35.28571428571428,22.357142857142858,57.64285714285714
0.6767775766458541,1.0,24,none,low,-20.0,0.0,30.0
1.0967775766459944,1.0,24,none,low,10.0,70.0,0.0
0.5817775766458224,1.0,24,none,low,20.0,60.0,0.0
0.526777576645804,1.0,24,none,high,70.0,70.0,0.0
0.535777576645807,1.0,24,none,high,-44.62462462462462,13.663663663663655,48.288288288288285
2.8407775766425694,0.0,24,none,medium,-42.94651866801211,32.9364278506559,5.882946518668012
0.6907775766458588,1.0,24,none,high,-49.595314164004265,25.97444089456869,35.56975505857295
0.508777576645798,1.0,24,none,high,80.0,70.0,0.0
0.6137775766458331,1.0,24,none,medium,30.0,60.0,0.0
0.8177775766459012,1.0,24,none,medium,45.4911838790932,13.09823677581864,27.60705289672544
0.7397775766458752,1.0,24,none,high,-80.0,0.0,50.0
1.014777576645967,1.0,24,none,high,17.648578811369514,38.34625322997416,40.69767441860464
3.41877757664677,1.0,24,none,medium,-60.0,0.0,40.0
0.511777576645799,1.0,24,none,high,42.92482627921668,66.46241313960834,23.537586860391663
0.5107775766457987,1.0,24,none,low,-5.17482517482518,4.94172494172494,30.11655011655012
1.9207775766462696,1.0,24,none,medium,-80.0,0.0,40.0
0.5797775766458217,1.0,24,none,low,30.0,30.0,0.0
0.523777576645803,1.0,24,none,high,-60.0,0.0,80.0
0.7207775766458688,1.0,24,none,medium,-35.01567398119123,35.98746081504702,11.003134796238246
0.5257775766458037,1.0,24,none,medium,-12.0508166969147,10.163339382940109,52.21415607985481
1.2457775766460442,1.0,24,none,low,-10.0,0.0,10.0
1.1657775766460174,1.0,24,none,medium,27.794117647058822,9.558823529411764,41.76470588235294
0.5767775766458207,1.0,24,none,medium,40.0,80.0,0.0
0.5687775766458181,1.0,24,none,high,50.0,90.0,0.0
0.8747775766459203,1.0,24,none,low,27.589376915219614,4.698672114402451,37.10929519918284
0.9137775766459333,1.0,24,none,high,-90.0,0.0,70.0
0.7427775766458762,1.0,24,none,high,80.0,80.0,0.0
0.5317775766458057,1.0,24,none,low,18.288659793814432,24.144329896907216,5.855670103092782
0.6177775766458344,1.0,24,none,medium,26.477272727272727,9.295454545454543,42.81818181818182
1.2387775766460418,1.0,24,none,low,20.0,20.0,0.0
0.5427775766458094,1.0,24,none,medium,8.711656441717789,1.871165644171779,73.15950920245399
0.5287775766458047,1.0,24,none,low,4.84931506849315,17.424657534246574,12.575342465753424
0.5697775766458184,1.0,24,none,medium,2.04406364749082,8.739290085679315,56.6952264381885
0.508777576645798,1.0,24,none,high,8.66847826086957,36.71195652173913,38.04347826086956
0.529777576645805,1.0,24,none,medium,-40.0,0.0,80.0
2.4957775766464625,1.0,24,none,low,-20.0,0.0,30.0
0.5657775766458171,1.0,24,none,low,-10.465753424657532,6.356164383561644,6.821917808219178
0.8247775766459036,1.0,24,none,medium,-33.22580645161291,21.451612903225808,34.67741935483871
0.5047775766457967,1.0,24,none,medium,2.459893048128343,14.153297682709448,51.6934046345811
1.0367775766459744,1.0,24,none,high,24.39071566731141,59.65183752417795,15.261121856866534
1.4027775766460966,1.0,24,none,low,7.676767676767678,23.83838383838384,16.16161616161616
0.5707775766458187,1.0,24,none,high,-41.37614678899082,31.258191349934467,32.634338138925294
0.5307775766458054,1.0,24,none,low,40.0,40.0,0.0
0.7327775766458728,1.0,24,none,medium,14.769403824521936,6.321709786276716,61.55230596175478
0.517777576645801,1.0,24,none,high,17.594390507011866,43.79719525350593,26.202804746494067
0.5507775766458121,1.0,24,none,medium,80.0,20.0,0.0
2.0687775766423115,0.0,24,none,medium,-27.167721518987346,51.40822784810127,8.575949367088608
0.7667775766458842,1.0,24,none,medium,-80.0,0.0,30.0
0.7127775766458662,1.0,24,none,medium,-34.52188006482983,22.576985413290117,27.098865478119937
0.5097775766457984,1.0,24,none,high,18.49284928492849,17.997799779977996,49.50495049504951
0.7577775766458812,1.0,24,none,high,80.0,90.0,0.0
0.538777576645808,1.0,24,none,low,40.0,30.0,0.0
1.3697775766460856,1.0,24,none,low,-6.4489420423183095,19.17203311867525,15.62097516099356
0.4987775766457947,1.0,24,none,high,90.0,80.0,0.0
2.1677775766423446,0.0,24,none,medium,-7.666666666666668,39.66666666666666,17.333333333333332
0.9527775766459463,1.0,24,none,low,10.0,40.0,0.0
0.6157775766458338,1.0,24,none,low,11.47862648913805,4.29572529782761,22.81709880868956
0.5157775766458004,1.0,24,none,high,-16.93481276005548,17.226074895977806,64.16088765603328
0.8027775766458962,1.0,24,none,high,-60.06578947368421,20.72368421052631,30.789473684210527
0.8407775766459089,1.0,24,none,medium,40.0,70.0,0.0
0.5847775766458234,1.0,24,none,medium,13.908794788273616,21.563517915309447,27.65472312703583
0.6157775766458338,1.0,24,none,high,70.0,80.0,0.0
3.0047775766466316,1.0,24,none,low,10.0,30.0,0.0
0.6017775766458291,1.0,24,none,high,80.0,60.0,0.0
0.5427775766458094,1.0,24,none,medium,70.0,30.0,0.0
0.6387775766458414,1.0,24,none,medium,60.0,60.0,0.0
0.508777576645798,1.0,24,none,medium,-5.045871559633028,7.486238532110091,52.53211009174312
0.93377757664594,1.0,24,none,medium,70.0,40.0,0.0
0.6487775766458448,1.0,24,none,high,80.0,60.0,0.0
0.9287775766419308,0.0,24,none,low,-20.0,0.0,20.0
0.5947775766458268,1.0,24,none,low,-30.0,0.0,20.0
0.5757775766458204,1.0,24,none,low,-3.1736526946107784,3.413173652694611,6.586826347305389
1.7867775766422174,0.0,24,none,medium,-38.10598626104024,22.32580961727183,20.43179587831207
0.5277775766458044,1.0,24,none,high,-70.0,0.0,70.0
0.5167775766458007,1.0,24,none,medium,70.0,40.0,0.0
0.5047775766457967,1.0,24,none,high,70.0,80.0,0.0
0.5827775766458227,1.0,24,none,medium,20.0,70.0,0.0
2.4897775766464587,1.0,24,none,low,-30.0,0.0,40.0
0.5017775766457957,1.0,24,none,medium,22.58241758241758,14.34065934065934,41.75824175824176
2.0667775766463183,1.0,24,none,high,40.0,90.0,0.0
0.5927775766458261,1.0,24,none,low,30.0,10.0,0.0
0.538777576645808,1.0,24,none,low,3.533834586466165,2.706766917293233,29.172932330827063
0.7637775766458832,1.0,24,none,medium,26.61764705882353,16.985294117647058,30.36764705882353
0.5967775766458274,1.0,24,none,medium,-35.65130260521042,16.232464929859717,21.883767535070135
0.8317775766459059,1.0,24,none,medium,10.0,90.0,0.0
0.5747775766458201,1.0,24,none,medium,10.935738444193916,22.63810597519729,21.70236753100338
0.6547775766458468,1.0,24,none,high,80.0,80.0,0.0
1.4647775766461173,1.0,24,none,high,11.009055627425614,48.53816300129366,27.529107373868044
0.5337775766458064,1.0,24,none,high,-7.600000000000005,24.18461538461538,41.784615384615385
0.5007775766457954,1.0,24,none,low,-9.153915391539154,10.42304230423042,19.576957695769572
0.6777775766458545,1.0,24,none,medium,-9.661572052401748,6.779475982532751,46.4410480349345
0.7667775766458842,1.0,24,none,medium,0.719542109566639,13.57318070318888,52.85363859362224
1.7917775766462265,1.0,24,none,low,26.738882554161915,6.12314709236032,19.3842645381984
0.5157775766458004,1.0,24,none,low,3.06841741534209,19.84105044920525,6.772633033863164
0.6407775766458421,1.0,24,none,low,-10.33783783783784,4.83108108108108,15.16891891891892
0.5467775766458107,1.0,24,none,medium,-56.94822888283379,20.490463215258856,7.438692098092643
0.5497775766458117,1.0,24,none,medium,-21.436950146627566,23.137829912023456,24.574780058651022
0.972777576645953,1.0,24,none,low,-11.824157764995892,13.63188167625308,5.456039441248973
3.2267775766467057,1.0,24,none,low,-40.0,0.0,20.0
0.6347775766458401,1.0,24,none,high,-39.65758754863813,20.17120622568093,59.82879377431907
0.6037775766458298,1.0,24,none,medium,-10.0,0.0,90.0
0.502777576645796,1.0,24,none,low,-8.4375,4.625,23.0625
0.5317775766458057,1.0,24,none,low,24.8578811369509,11.214470284237724,26.356589147286822
0.538777576645808,1.0,24,none,medium,3.162743091095184,8.290685772773795,65.1279426816786
0.7697775766458852,1.0,24,none,medium,18.158844765342963,25.848375451263536,17.689530685920573
0.5427775766458094,1.0,24,none,high,-90.0,0.0,40.0
0.6657775766458505,1.0,24,none,low,16.43185298621746,6.607963246554364,10.176110260336904
0.6237775766458364,1.0,24,none,low,18.08153477218226,29.04076738609113,10.95923261390887
0.5527775766458127,1.0,24,none,high,-41.37665967854648,12.522711390635914,73.89937106918238
0.6277775766458378,1.0,24,none,medium,-10.0,0.0,90.0
1.8197775766422284,0.0,24,none,low,10.0,20.0,0.0
0.6337775766458398,1.0,24,none,low,21.565217391304344,5.260869565217391,23.69565217391304
1.1637775766460168,1.0,24,none,medium,-60.0,0.0,60.0
0.9527775766459463,1.0,24,none,medium,1.3290632506004805,36.79743795036029,15.468374699759808
0.5317775766458057,1.0,24,none,medium,30.125523012552307,23.37517433751744,33.24965132496513
0.5367775766458074,1.0,24,none,medium,51.38832997987927,24.41649899396378,13.028169014084504
2.087777576642318,0.0,24,none,medium,-52.13333333333333,20.266666666666666,22.4
0.5867775766458241,1.0,24,none,low,-3.63849765258216,1.59037558685446,25.22887323943662
0.5017775766457957,1.0,24,none,medium,-42.8023598820059,9.380530973451323,42.18289085545723
0.5577775766458144,1.0,24,none,low,-40.0,0.0,20.0
0.517777576645801,1.0,24,none,high,70.0,70.0,0.0
0.5477775766458111,1.0,24,none,medium,-60.0,0.0,50.0
0.5257775766458037,1.0,24,none,high,90.0,60.0,0.0
0.6177775766458344,1.0,24,none,medium,10.0,20.0,30.0
3.964777576646952,1.0,24,none,low,40.0,30.0,0.0
0.7157775766458672,1.0,24,none,medium,70.0,20.0,0.0
0.8107775766458989,1.0,24,none,low,-10.0,0.0,10.0
0.6197775766458351,1.0,24,none,medium,60.0,40.0,0.0
0.5617775766458157,1.0,24,none,medium,-5.918153200419727,8.027282266526758,43.945435466946485
0.505777576645797,1.0,24,none,high,90.0,90.0,0.0
0.7957775766458939,1.0,24,none,low,20.0,20.0,0.0
0.5777775766458211,1.0,24,none,medium,-33.22722283205269,42.57958287596048,15.806805708013172
0.6877775766458578,1.0,24,none,medium,90.0,20.0,0.0
0.5807775766458221,1.0,24,none,low,-20.0,0.0,10.0
0.9447775766459436,1.0,24,none,medium,10.0,90.0,0.0
1.2217775766460361,1.0,24,none,high,60.0,90.0,0.0
0.6177775766458344,1.0,24,none,medium,30.0,80.0,0.0
0.5527775766458127,1.0,24,none,high,4.174950298210739,37.08747514910537,32.912524850894634
0.5447775766458101,1.0,24,none,high,60.0,90.0,0.0
0.6307775766458388,1.0,24,none,medium,30.0,60.0,0.0
0.5137775766457997,1.0,24,none,medium,50.0,70.0,0.0
0.5287775766458047,1.0,24,none,medium,-16.927374301675975,4.357541899441341,51.28491620111732
0.8337775766459066,1.0,24,none,low,-30.0,0.0,50.0
0.6427775766458428,1.0,24,none,low,-17.811408614668217,31.64144353899884,9.452852153667054
0.9977775766419539,0.0,24,none,medium,-80.0,0.0,40.0
1.1777775766460215,1.0,24,none,low,-30.0,0.0,20.0
0.5487775766458114,1.0,24,none,medium,-14.499349804941485,35.3185955786736,19.817945383615083
0.7069591795278175,1.0,25,none,low,7.327935222672066,5.775978407557355,8.44804318488529
0.7059591795278172,1.0,25,none,medium,80.0,40.0,0.0
1.7019591795281497,1.0,25,none,medium,60.0,30.0,0.0
0.896959179527881,1.0,25,none,high,-70.0,0.0,70.0
0.7059591795278172,1.0,25,none,low,-70.0,0.0,10.0
1.9879591795282452,1.0,25,none,low,50.0,10.0,0.0
0.6999591795278152,1.0,25,none,low,-40.0,0.0,10.0
2.478959179528409,1.0,25,none,high,-49.35608999224205,28.13809154383243,27.494181536074475
0.7209591795278222,1.0,25,none,high,-70.0,0.0,60.0
0.8049591795278502,1.0,25,none,low,20.0,40.0,0.0
0.8009591795278489,1.0,25,none,medium,-70.0,0.0,30.0
0.8359591795278606,1.0,25,none,low,-20.0,0.0,60.0
0.6989591795278148,1.0,25,none,medium,-80.0,0.0,30.0
0.6999591795278152,1.0,25,none,low,30.0,10.0,0.0
1.976959179524234,0.0,25,none,medium,50.0,70.0,0.0
0.7019591795278158,1.0,25,none,medium,-20.0,0.0,90.0
0.8029591795278496,1.0,25,none,medium,3.4328358208955176,1.4925373134328352,68.05970149253731
1.810959179528186,1.0,25,none,low,20.0,20.0,0.0
0.7079591795278178,1.0,25,none,high,-80.0,0.0,50.0
2.0079591795242444,0.0,25,none,medium,40.0,80.0,0.0
0.7099591795278185,1.0,25,none,medium,-30.0,0.0,70.0
0.7069591795278175,1.0,25,none,high,-90.0,0.0,90.0
0.7609591795278355,1.0,25,none,low,60.0,20.0,0.0
0.6979591795278145,1.0,25,none,medium,13.478260869565217,14.492753623188404,31.014492753623188
0.6979591795278145,1.0,25,none,low,50.0,10.0,0.0
0.7669591795278375,1.0,25,none,medium,50.0,60.0,0.0
0.7139591795278198,1.0,25,none,low,-20.0,0.0,50.0
0.8779591795278746,1.0,25,none,high,12.786259541984734,57.099236641221374,14.31297709923664
0.7519591795278325,1.0,25,none,medium,-10.0,0.0,90.0
0.7059591795278172,1.0,25,none,medium,80.0,20.0,0.0
1.5779591795281083,1.0,25,none,low,-20.0,0.0,20.0
0.8319591795278592,1.0,25,none,low,-40.0,0.0,30.0
0.8649591795278703,1.0,25,none,low,-20.0,0.0,20.0
0.884959179527877,1.0,25,none,high,-70.0,0.0,70.0
0.7059591795278172,1.0,25,none,medium,-30.0,0.0,70.0
0.7059591795278172,1.0,25,none,high,-60.0,0.0,80.0
0.6989591795278148,1.0,25,none,low,-30.0,0.0,40.0
0.7839591795278432,1.0,25,none,medium,30.0,60.0,0.0
0.7009591795278155,1.0,25,none,low,18.453333333333337,10.986666666666666,22.53333333333333
0.7509591795278322,1.0,25,none,low,-10.0,0.0,70.0
0.9319591795278926,1.0,25,none,low,-40.0,0.0,40.0
0.7049591795278168,1.0,25,none,medium,-90.0,0.0,30.0
0.7039591795278165,1.0,25,none,medium,-80.0,0.0,20.0
0.7029591795278162,1.0,25,none,medium,70.0,20.0,0.0
0.7309591795278255,1.0,25,none,medium,-30.0,0.0,60.0
0.7019591795278158,1.0,25,none,low,30.0,30.0,0.0
0.7139591795278198,1.0,25,none,high,-90.0,0.0,60.0
0.7019591795278158,1.0,25,none,medium,30.0,90.0,0.0
0.7189591795278215,1.0,25,none,high,-70.0,0.0,80.0
0.9809591795239015,0.0,25,none,low,40.0,30.0,0.0
1.248959179523991,0.0,25,none,high,50.0,90.0,0.0
0.7659591795278372,1.0,25,none,low,-30.0,0.0,30.0
0.7049591795278168,1.0,25,none,medium,1.5196078431372513,15.098039215686272,43.57843137254902
0.6999591795278152,1.0,25,none,low,4.1875,8.0625,23.875
0.7359591795278272,1.0,25,none,low,-30.0,0.0,40.0
0.7109591795278188,1.0,25,none,low,-40.0,0.0,10.0
0.7049591795278168,1.0,25,none,high,90.0,40.0,0.0
0.7039591795278165,1.0,25,none,high,-90.0,0.0,70.0
0.7209591795278222,1.0,25,none,medium,-80.0,0.0,20.0
0.7069591795278175,1.0,25,none,high,-70.0,0.0,80.0
0.7299591795278252,1.0,25,none,low,20.0,20.0,0.0
0.7069591795278175,1.0,25,none,medium,-70.0,0.0,30.0
0.7009591795278155,1.0,25,none,medium,70.0,40.0,0.0
0.7109591795278188,1.0,25,none,medium,-80.0,0.0,30.0
0.7009591795278155,1.0,25,none,low,-30.0,0.0,20.0
0.7489591795278315,1.0,25,none,medium,80.0,30.0,0.0
0.7959591795278472,1.0,25,none,high,-90.0,0.0,70.0
0.6989591795278148,1.0,25,none,medium,80.0,30.0,0.0
0.6999591795278152,1.0,25,none,high,-80.0,0.0,70.0
0.7029591795278162,1.0,25,none,medium,-20.0,0.0,80.0
0.7119591795278192,1.0,25,none,high,90.0,80.0,0.0
0.7649591795278369,1.0,25,none,high,-90.0,0.0,40.0
0.7009591795278155,1.0,25,none,low,-60.0,0.0,10.0
0.7139591795278198,1.0,25,none,low,-30.0,0.0,10.0
0.7049591795278168,1.0,25,none,medium,-40.0,0.0,50.0
0.6979591795278145,1.0,25,none,medium,-90.0,0.0,20.0
0.7529591795278329,1.0,25,none,high,-80.0,0.0,80.0
0.7099591795278185,1.0,25,none,low,-10.0,0.0,70.0
0.7049591795278168,1.0,25,none,medium,30.0,60.0,0.0
0.8069591795278509,1.0,25,none,medium,-40.0,0.0,50.0
0.7019591795278158,1.0,25,none,medium,-40.0,0.0,60.0
1.0659591795279373,1.0,25,none,low,-60.0,0.0,10.0
0.7019591795278158,1.0,25,none,low,-10.0,0.0,70.0
0.7289591795278249,1.0,25,none,high,-40.0,0.0,90.0
0.7169591795278208,1.0,25,none,medium,-30.0,0.0,90.0
0.7879591795278446,1.0,25,none,high,-60.0,0.0,90.0
0.947959179527898,1.0,25,none,low,-40.0,0.0,10.0
0.7289591795278249,1.0,25,none,high,-90.0,0.0,90.0
1.323959179524016,0.0,25,none,low,40.0,10.0,0.0
0.6999591795278152,1.0,25,none,low,-70.0,0.0,10.0
0.7049591795278168,1.0,25,none,high,3.6231884057971016,49.56521739130435,35.94202898550725
0.7339591795278265,1.0,25,none,high,-70.0,0.0,90.0
1.720959179528156,1.0,25,none,low,15.50955414012739,31.719745222929937,6.210191082802548
0.7939591795278466,1.0,25,none,medium,-30.0,0.0,70.0
0.6999591795278152,1.0,25,none,high,-70.0,0.0,80.0
0.7379591795278279,1.0,25,none,low,-20.0,0.0,30.0
0.7139591795278198,1.0,25,none,medium,30.0,80.0,0.0
0.7019591795278158,1.0,25,none,low,-20.0,0.0,60.0
0.7219591795278225,1.0,25,none,medium,30.0,60.0,0.0
0.7019591795278158,1.0,25,none,low,5.032397408207343,1.8790496760259177,56.84665226781858
2.590959179524439,0.0,25,none,high,90.0,60.0,0.0
0.6979591795278145,1.0,25,none,medium,-60.0,0.0,60.0
0.7049591795278168,1.0,25,none,low,-10.0,0.0,30.0
0.7019591795278158,1.0,25,none,medium,-30.0,0.0,80.0
0.7229591795278228,1.0,25,none,low,-20.0,0.0,10.0
0.7159591795278205,1.0,25,none,high,-70.0,0.0,70.0
1.3799591795280421,1.0,25,none,low,-40.0,0.0,20.0
0.7179591795278212,1.0,25,none,medium,70.0,40.0,0.0
0.6979591795278145,1.0,25,none,medium,-10.0,0.0,90.0
0.7029591795278162,1.0,25,none,medium,-40.0,0.0,70.0
0.9352465203490021,1.0,27,none,medium,-30.0,0.0,80.0
0.6102465203448861,0.0,27,none,medium,-59.87586206896551,22.59310344827585,22.46896551724138
2.533246520349537,1.0,27,none,medium,40.19975031210986,29.16354556803995,18.963795255930084
0.5572465203488759,1.0,27,none,medium,9.1710388247639,2.130115424973767,62.95907660020986
0.8922465203489878,1.0,27,none,medium,-60.0,0.0,40.0
0.7832465203449439,0.0,27,none,high,-90.0,0.0,60.0
0.4562465203488422,1.0,27,none,high,26.67142857142857,20.51428571428572,43.84285714285714
0.6542465203489083,1.0,27,none,medium,8.50632911392405,12.835443037974684,34.32911392405064
0.9682465203490132,1.0,27,none,low,10.186125211505924,15.09306260575296,4.906937394247038
1.9032465203493254,1.0,27,none,medium,12.91545189504373,19.24198250728863,36.326530612244895
1.1032465203450508,0.0,27,none,medium,40.0,60.0,0.0
0.5892465203488866,1.0,27,none,medium,18.484848484848484,14.545454545454543,36.06060606060606
0.6332465203489013,1.0,27,none,low,-0.5405405405405439,4.864864864864864,45.40540540540541
0.8202465203489637,1.0,27,none,medium,4.135723431498075,19.61587708066581,25.480153649167736
1.6582465203452361,0.0,27,none,high,-80.0,0.0,90.0
0.8042465203489584,1.0,27,none,low,18.595744680851062,7.148936170212767,8.553191489361703
0.9352465203449947,0.0,27,none,medium,-70.0,0.0,20.0
1.6212465203492312,1.0,27,none,low,19.1044776119403,13.034825870646769,13.930348258706468
3.3532465203458024,0.0,27,none,high,-57.8082191780822,13.656480505795567,41.46469968387777
1.6752465203492493,1.0,27,none,low,28.61081654294804,16.203605514316013,7.5927889713679715
0.9312465203449933,0.0,27,none,medium,-40.0,26.666666666666664,26.666666666666664
0.8712465203489808,1.0,27,none,low,10.37220843672456,7.59305210918114,37.220843672456574
0.9812465203490175,1.0,27,none,low,20.0,30.0,0.0
0.9082465203449857,0.0,27,none,low,-25.625,7.1875,32.8125
2.0212465203453576,0.0,27,none,low,-10.0,0.0,10.0
0.47124652034884723,1.0,27,none,low,25.422960725075527,5.060422960725076,29.637462235649544
0.5272465203488659,1.0,27,none,medium,4.382207578253702,4.87644151565074,60.49423393739703
0.5162465203448547,0.0,27,none,medium,-51.42857142857143,10.83333333333333,42.26190476190476
0.46624652034884556,1.0,27,none,medium,20.23598820058997,7.315634218289084,57.07964601769911
1.1952465203450815,0.0,27,none,high,-35.833333333333336,34.82142857142857,30.654761904761905
2.696246520345583,0.0,27,none,low,-13.333333333333334,8.333333333333334,21.666666666666668
2.6072465203455533,0.0,27,none,high,28.139344262295086,52.84426229508197,14.704918032786882
0.6612465203489106,1.0,27,none,high,14.366812227074238,34.3231441048035,29.95633187772926
0.4342465203488349,1.0,27,none,low,49.00570497147515,7.375713121434392,18.37000814995925
3.7082465203499284,1.0,27,none,high,-80.0,0.0,80.0
3.3242465203457927,0.0,27,none,low,-4.58904109589041,12.705479452054794,17.294520547945204
1.8742465203453083,0.0,27,none,low,3.3863636363636367,15.59090909090909,2.204545454545454
2.6772465203455766,0.0,27,none,medium,-29.480519480519487,23.636363636363637,33.11688311688312
0.9882465203450124,0.0,27,none,medium,-45.23214285714286,25.28571428571428,20.517857142857142
0.812246520348961,1.0,27,none,medium,53.61379310344827,16.358620689655172,12.744827586206895
2.722246520349599,1.0,27,none,medium,3.0439330543933,11.014644351464431,37.970711297071134
1.2812465203491177,1.0,27,none,high,-54.523809523809526,8.33333333333333,52.85714285714285
0.6882465203489196,1.0,27,none,high,-22.873563218390814,20.61781609195402,63.491379310344826
0.5502465203448661,0.0,27,none,high,-62.78708133971293,18.839712918660283,31.62679425837321
1.965246520349346,1.0,27,none,low,0.4977375565610842,2.624434389140271,22.126696832579185
0.48124652034885057,1.0,27,none,high,63.50249584026622,31.84692179700499,18.344425956738768
0.6282465203448921,0.0,27,none,medium,-62.51908396946564,24.73282442748092,7.251908396946565
4.0782465203460445,0.0,27,none,low,-12.74378585086042,10.353728489483748,13.097514340344167
1.49024652034518,0.0,27,none,high,-64.6553808948005,14.25634824667472,58.91172914147521
2.774246520345609,0.0,27,none,low,2.619589977220957,6.309794988610479,3.690205011389522
2.0892465203493877,1.0,27,none,high,-50.51282051282051,16.849816849816847,47.36263736263736
2.778246520349618,1.0,27,none,low,-5.536105032822759,1.487964989059081,17.02407002188184
3.10624652034572,0.0,27,none,low,-17.131147540983605,9.651639344262293,6.782786885245901
0.5322465203488675,1.0,27,none,medium,40.0,80.0,0.0
1.1592465203450695,0.0,27,none,medium,30.0,80.0,0.0
5.542246520350541,1.0,27,none,high,-24.40100882723833,19.94955863808323,64.35056746532156
0.5182465203448554,0.0,27,none,low,-53.25128205128206,5.784615384615384,9.035897435897436
2.8692465203456408,0.0,27,none,high,-52.710743801652896,20.975206611570247,53.685950413223146
1.0352465203490355,1.0,27,none,low,-8.011611030478955,3.425253991291726,41.43686502177068
0.8932465203489881,1.0,27,none,high,58.64406779661019,30.35202086049544,21.70795306388526
0.6702465203489136,1.0,27,none,high,-57.52043596730245,18.269754768392364,55.79019073569482
1.7322465203492683,1.0,27,none,medium,-46.62162162162163,14.877149877149876,31.498771498771497
0.5932465203488879,1.0,27,none,medium,27.928057553956837,15.798561151079136,37.87050359712229
3.071246520349715,1.0,27,none,high,-70.0,0.0,60.0
1.0652465203490455,1.0,27,none,medium,-60.0,0.0,60.0
2.193246520345415,0.0,27,none,high,54.28761651131825,72.14380825565912,17.856191744340876
1.6122465203492282,1.0,27,none,low,-23.86819484240688,3.0659025787965604,26.93409742120344
1.716246520349263,1.0,27,none,low,14.541577825159914,17.270788912579956,2.729211087420042
0.7732465203449406,0.0,27,none,medium,-36.11607142857143,14.330357142857142,30.446428571428573
1.3752465203451416,0.0,27,none,medium,-44.63901689708142,9.216589861751148,33.855606758832565
0.731246520348934,1.0,27,none,low,-10.0,0.0,10.0
1.5042465203451847,0.0,27,none,low,-27.76504297994269,6.9914040114613165,24.75644699140401
0.7122465203449202,0.0,27,none,medium,-16.255605381165918,41.80119581464873,8.056801195814648
1.5662465203492129,1.0,27,none,low,16.486486486486488,5.297297297297297,18.81081081081081
0.6812465203489173,1.0,27,none,medium,-30.0,0.0,70.0
0.8242465203489651,1.0,27,none,high,30.69182389937107,38.86792452830189,28.17610062893081
2.078246520349384,1.0,27,none,medium,-6.830265848670763,6.319018404907974,63.149284253578735
1.911246520349328,1.0,27,none,high,11.272264631043257,42.95165394402035,41.67938931297709
0.6632465203449038,0.0,27,none,low,-54.98381877022654,13.139158576051774,8.122977346278317
2.188246520349421,1.0,27,none,high,36.43356643356643,71.11888111888112,14.685314685314683
0.9612465203490108,1.0,27,none,medium,37.61904761904762,10.476190476190476,42.85714285714285
0.4622465203488442,1.0,27,none,medium,74.37291897891232,17.15871254162042,12.7857935627081
0.8872465203449786,0.0,27,none,high,-36.764509673115406,34.22281521014009,30.9873248832555
0.8712465203489808,1.0,27,none,medium,-40.0,0.0,70.0
0.6362465203448948,0.0,27,none,medium,-80.0,0.0,10.0
1.2292465203491003,1.0,27,none,low,-6.805555555555557,1.064814814814814,17.87037037037037
0.4612465203488439,1.0,27,none,medium,-30.0,0.0,90.0
0.7602465203449362,0.0,27,none,medium,-58.017179670722975,9.31997136721546,17.33715103793844
0.8002465203449496,0.0,27,none,high,-64.10143329658214,9.08489525909592,53.18632855567806
0.48324652034885124,1.0,27,none,high,-49.09959072305594,16.48021828103683,55.57980900409277
0.7002465203449162,0.0,27,none,medium,20.99585062240664,53.08091286307054,12.0850622406639
1.0192465203450227,0.0,27,none,medium,2.4242424242424256,54.94949494949495,12.525252525252524
1.1782465203450758,0.0,27,none,high,-90.0,0.0,50.0
0.4842465203488516,1.0,27,none,low,26.76288659793814,13.36082474226804,16.597938144329895
1.3492465203491404,1.0,27,none,low,4.08450704225352,3.52112676056338,19.43661971830986
1.032246520345027,0.0,27,none,low,-50.42998897464168,8.202866593164275,8.632855567805954
0.5292465203488665,1.0,27,none,high,-20.88295687885011,15.646817248459952,66.52977412731006
1.1392465203490703,1.0,27,none,low,-12.924528301886792,6.403301886792453,39.32783018867924
0.990246520345013,0.0,27,none,high,-90.0,0.0,60.0
0.755246520348942,1.0,27,none,medium,-9.724137931034484,5.068965517241379,74.79310344827586
1.4622465203491781,1.0,27,none,high,-60.0,0.0,80.0
0.4412465203488372,1.0,27,none,low,-30.0,0.0,50.0
0.6322465203489009,1.0,27,none,medium,56.26506024096385,32.088353413654616,15.82329317269076
0.8022465203449503,0.0,27,none,high,-11.846153846153848,43.96153846153845,35.80769230769231
1.1842465203450778,0.0,27,none,low,10.0,60.0,0.0
1.6512465203492412,1.0,27,none,low,13.195876288659791,30.39764359351988,7.201767304860087
1.1062465203450518,0.0,27,none,high,-47.38489871086556,29.502762430939224,26.887661141804784
2.214246520345422,0.0,27,none,high,-38.5425101214575,20.72874493927125,59.27125506072875
1.4192465203451563,0.0,27,none,medium,50.0,60.0,0.0
1.313246520345121,0.0,27,none,medium,-36.59836065573771,23.381147540983605,19.979508196721312
2.0002465203453506,0.0,27,none,low,-14.311270125223617,3.792486583184256,8.103756708407872
1.6852465203452451,0.0,27,none,low,-36.83673469387755,19.85422740524781,6.690962099125365
1.7982465203452829,0.0,27,none,high,-59.88847583643124,15.055762081784383,74.94423791821562
2.2052465203494265,1.0,27,none,low,-7.987117552334944,6.006441223832528,13.993558776167472
1.6302465203452268,0.0,27,none,high,-80.0,0.0,70.0
1.0842465203450444,0.0,27,none,low,-7.747834456207891,1.126082771896054,8.873917228103945
1.6632465203452378,0.0,27,none,high,49.864864864864856,69.93243243243242,20.06756756756756
0.9282465203449923,0.0,27,none,medium,-27.530529172320215,29.728629579375845,17.259158751696067
3.1662465203497474,1.0,27,none,low,-6.923076923076924,1.025641025641025,17.94871794871795
0.882246520344977,0.0,27,none,low,-0.9713375796178348,7.611464968152866,18.5828025477707
0.5652465203488786,1.0,27,none,medium,1.775818639798482,1.177581863979848,79.40176322418137
0.8852465203489854,1.0,27,none,medium,-40.0,0.0,80.0
0.5942465203448808,0.0,27,none,medium,-67.35955056179775,11.235955056179776,8.595505617977528
0.7372465203449285,0.0,27,none,medium,-90.0,0.0,20.0
0.915246520344988,0.0,27,none,low,-40.57793345008757,25.744308231173378,6.322241681260946
1.7332465203492686,1.0,27,none,low,3.0816077953714984,14.17783191230207,21.09622411693057
0.8912465203489874,1.0,27,none,high,68.15261044176707,60.44176706827309,12.289156626506022
0.7872465203449452,0.0,27,none,low,-11.9618320610687,5.358778625954198,7.3206106870229
0.45424652034884155,1.0,27,none,medium,-9.68401486988848,2.063197026022304,71.74721189591078
0.8192465203489634,1.0,27,none,medium,9.265687583444596,21.8958611481976,22.630173564753
4.281246520346112,0.0,27,none,high,80.0,80.0,0.0
1.0972465203490562,1.0,27,none,low,33.814602132895814,13.453650533223954,19.639048400328136
0.701246520348924,1.0,27,none,low,-9.54225352112676,3.485915492957746,33.028169014084504
0.7972465203449486,0.0,27,none,high,-30.985342019543975,30.1628664495114,31.148208469055376
1.3772465203451423,0.0,27,none,low,-27.20047449584816,2.099644128113877,9.30011862396204
0.46324652034884456,1.0,27,none,medium,4.682080924855491,10.404624277456648,45.72254335260115
0.734246520348935,1.0,27,none,medium,18.751472320376912,7.750294464075383,48.99882214369847
2.1452465203494064,1.0,27,none,low,40.0,40.0,0.0
0.6562465203449015,0.0,27,none,medium,-49.76303317535546,21.99052132701421,21.75355450236967
0.5332465203488679,1.0,27,none,medium,61.404212637913744,7.933801404212638,16.529588766298893
0.894246520344981,0.0,27,none,low,-13.1023102310231,21.51815181518152,4.62046204620462
1.0772465203490496,1.0,27,none,medium,27.168742921857305,29.85277463193658,12.684031710079276
0.5912465203488873,1.0,27,none,low,40.0,30.0,0.0
1.0852465203450448,0.0,27,none,high,8.09302325581396,58.85581395348837,20.76279069767441
1.8192465203452899,0.0,27,none,low,-22.36842105263158,11.75438596491228,14.12280701754386
2.213246520349429,1.0,27,none,high,-70.0,0.0,80.0
1.2692465203491137,1.0,27,none,low,-11.497584541062803,4.251207729468598,15.748792270531402
0.6462465203489056,1.0,27,none,medium,12.598187311178249,14.19939577039275,31.6012084592145
0.5462465203488722,1.0,27,none,medium,62.6698262243286,7.2669826224328595,24.59715639810426
0.5712465203448731,0.0,27,none,medium,1.0019083969465683,74.45610687022901,3.454198473282442
0.6682465203449055,0.0,27,none,high,21.391905231984204,77.11747285291214,5.7255676209279365
2.7952465203496226,1.0,27,none,low,-17.808417997097244,4.5718432510885325,42.380261248185775
1.0762465203450418,0.0,27,none,high,53.64565587734242,76.04770017035776,12.40204429301533
0.9602465203490105,1.0,27,none,low,42.82909090909091,6.603636363636364,23.774545454545454
0.5982465203488896,1.0,27,none,low,13.597621407333994,26.798810703666994,13.201189296333
1.7392465203492706,1.0,27,none,low,30.0,30.0,0.0
1.065246520345038,0.0,27,none,high,-38.62068965517241,15.68965517241379,54.310344827586206
0.5422465203488709,1.0,27,none,high,29.57118353344769,38.3876500857633,28.81646655231561
0.5682465203488796,1.0,27,none,low,30.0,20.0,0.0
0.5772465203448751,0.0,27,none,medium,-3.538461538461531,77.81538461538462,1.353846153846153
0.4792465203488499,1.0,27,none,medium,25.41935483870968,3.935483870967742,48.516129032258064
0.9042465203489918,1.0,27,none,low,11.030042918454932,3.0042918454935617,41.97424892703863
1.3142465203491287,1.0,27,none,high,-28.159597411933863,19.525521207764196,57.68511861969806
3.5122465203458555,0.0,27,none,high,38.61736334405145,55.81993569131833,27.20257234726688
0.5682465203488796,1.0,27,none,medium,-54.64163822525597,8.959044368600676,43.600682593856654
3.278246520349785,1.0,27,none,low,-3.209459459459461,4.7972972972972965,38.00675675675676
0.665246520348912,1.0,27,none,medium,-21.94915254237288,8.022598870056497,39.97175141242938
1.4452465203491724,1.0,27,none,high,73.68162692847125,34.97896213183731,11.297335203366057
2.0232465203453582,0.0,27,none,low,-32.60178748758689,5.918570009930484,8.520357497517377
0.8032465203449506,0.0,27,none,high,-9.83870967741936,37.41935483870967,37.25806451612903
0.7332465203449272,0.0,27,none,medium,-36.25,43.97727272727273,10.227272727272728
0.5402465203488702,1.0,27,none,low,-8.309426229508201,3.340163934426228,41.64959016393443
1.0492465203490402,1.0,27,none,medium,-3.231511254019292,8.92282958199357,42.154340836012864
0.44524652034883855,1.0,27,none,low,-40.0,0.0,30.0
1.0692465203450394,0.0,27,none,low,-51.333333333333336,16.333333333333332,7.666666666666667
1.5322465203492015,1.0,27,none,low,4.564796905222435,4.854932301740812,10.290135396518377
1.1672465203490796,1.0,27,none,medium,36.54516640253566,30.618066561014263,14.072900158478603
0.9292465203490001,1.0,27,none,low,12.962962962962967,16.111111111111114,23.148148148148145
0.7762465203449416,0.0,27,none,high,-12.72566371681416,38.44247787610619,31.168141592920357
1.303246520349125,1.0,27,none,medium,16.29742033383915,38.14871016691957,21.851289833080425
0.5542465203488749,1.0,27,none,medium,29.333333333333336,8.969696969696969,49.63636363636363
1.6362465203452288,0.0,27,none,high,-0.7882882882882853,47.229729729729726,38.01801801801802
1.90924652034532,0.0,27,none,low,-40.0,0.0,10.0
0.7062465203489257,1.0,27,none,high,28.91257995735608,35.56503198294243,36.65245202558636
0.6402465203489036,1.0,27,none,low,9.298245614035087,2.412280701754386,53.1140350877193
1.4882465203491868,1.0,27,none,low,-4.117647058823531,5.294117647058823,29.411764705882355
1.7382465203492703,1.0,27,none,low,-6.903648269410665,3.2740879326473338,50.177736202058
0.8182465203449556,0.0,27,none,medium,10.0,90.0,0.0
0.6762465203449082,0.0,27,none,medium,10.0,80.0,0.0
1.1442465203450645,0.0,27,none,high,-62.74193548387096,18.87096774193548,31.61290322580645
3.439246520345831,0.0,27,none,high,55.07557677008751,62.53778838504376,7.462211614956244
0.8902465203449796,0.0,27,none,high,-90.0,0.0,80.0
1.0452465203450314,0.0,27,none,low,-60.0,0.0,20.0
0.98124652034501,0.0,27,none,medium,-12.544642857142854,36.5625,19.10714285714285
0.5842465203488849,1.0,27,none,medium,-10.0,0.0,80.0
1.3982465203451493,0.0,27,none,medium,-47.22155688622755,6.970059880239516,44.19161676646707
1.3802465203491507,1.0,27,none,low,20.0,10.0,0.0
0.8372465203449619,0.0,27,none,medium,-90.0,0.0,20.0
1.496246520345182,0.0,27,none,low,-60.0,0.0,20.0
0.6052465203488919,1.0,27,none,medium,-22.841429880843265,5.719523373052244,68.5609532538955
0.6812465203449098,0.0,27,none,medium,-13.787465940054494,58.85558583106267,2.643051771117166
5.314246520350465,1.0,27,none,low,5.43560606060606,3.087121212121212,27.651515151515152
0.7152465203449212,0.0,27,none,medium,-44.05904059040592,7.970479704797047,52.02952029520296
1.626246520349233,1.0,27,none,high,-33.3410138248848,12.304147465437786,55.64516129032258
1.0092465203490268,1.0,27,none,medium,22.655367231638422,13.163841807909606,50.50847457627118
0.6282465203488996,1.0,27,none,low,1.6908212560386442,1.948470209339774,40.25764895330113
1.5462465203451987,0.0,27,none,medium,-36.88524590163934,39.83606557377049,16.721311475409834
2.2532465203494425,1.0,27,none,medium,-27.71610555050046,4.913557779799816,52.62966333030028
0.4552465203488419,1.0,27,none,high,50.38002980625932,56.17734724292101,15.797317436661697
2.6212465203495663,1.0,27,none,high,13.247422680412374,31.39175257731959,38.144329896907216
0.5642465203488782,1.0,27,none,medium,3.0551053484602875,1.450567260940032,68.39546191247975
0.9332465203490015,1.0,27,none,medium,-13.505338078291818,5.498220640569393,49.00355871886121
1.6932465203452478,0.0,27,none,low,30.0,40.0,0.0
2.262246520345438,0.0,27,none,high,-47.41525423728814,12.16101694915254,49.57627118644068
4.18324652034608,0.0,27,none,low,-17.02290076335878,13.129770992366412,20.15267175572519
1.1632465203490783,1.0,27,none,medium,-40.24390243902439,13.17073170731707,23.414634146341463
2.1492465203454003,0.0,27,none,medium,-37.70114942528736,28.19923371647509,25.90038314176245
1.0862465203490526,1.0,27,none,medium,-40.0,0.0,80.0
1.095246520345048,0.0,27,none,medium,-80.0,0.0,20.0
3.3312465203498016,1.0,27,none,high,-42.12121212121212,13.939393939393938,56.060606060606055
0.6462465203489056,1.0,27,none,medium,-5.084033613445381,2.9831932773109235,68.0672268907563
1.7572465203452692,0.0,27,none,medium,-45.26315789473684,25.26315789473684,20.526315789473685
1.6842465203452448,0.0,27,none,high,-21.737523105360445,24.13123844731977,45.86876155268022
1.1752465203490823,1.0,27,none,high,-66.90265486725664,11.548672566371676,78.45132743362832
0.6662465203489123,1.0,27,none,high,-60.0,0.0,80.0
0.9762465203490158,1.0,27,none,low,-5.511498810467884,2.244250594766058,7.755749405233941
0.4172465203488292,1.0,27,none,medium,-20.0,0.0,90.0
0.5372465203488692,1.0,27,none,high,-60.0,0.0,90.0
0.7432465203449306,0.0,27,none,medium,-13.708399366085583,32.83676703645008,26.545166402535656
0.8052465203449513,0.0,27,none,medium,20.0,80.0,0.0
1.1762465203450752,0.0,27,none,medium,12.586027111574555,57.81021897810219,5.224191866527632
0.5592465203488766,1.0,27,none,low,1.5662650602409638,1.927710843373494,40.36144578313253
1.098246520345049,0.0,27,none,medium,-4.87712665406427,36.74858223062382,11.62570888468809
5.4422465203505075,1.0,27,none,medium,-25.404101326899884,5.838359469240047,51.24246079613993
1.0532465203490415,1.0,27,none,medium,6.33522727272727,1.633522727272727,75.29829545454545
0.5172465203488625,1.0,27,none,medium,10.383275261324044,2.038327526132404,71.65505226480836
0.5972465203488893,1.0,27,none,low,40.0,30.0,0.0
0.5272465203488659,1.0,27,none,low,31.015169194865813,8.203033838973163,7.187864644107348
2.2852465203454457,0.0,27,none,medium,-46.74146341463414,8.839024390243901,25.580487804878047
1.5092465203491938,1.0,27,none,medium,-30.0,0.0,70.0
1.2512465203451002,0.0,27,none,low,-12.258064516129032,18.494623655913976,10.75268817204301
1.0742465203490486,1.0,27,none,low,20.0,30.0,0.0
1.821246520349298,1.0,27,none,low,-13.110938712179989,2.29635376260667,35.40729247478666
0.7372465203449285,0.0,27,none,medium,-59.345794392523366,27.58878504672897,6.934579439252336
0.9862465203450117,0.0,27,none,low,-52.83276450511946,6.14334470989761,8.976109215017065
0.7602465203489437,1.0,27,none,medium,5.381443298969071,8.845360824742269,63.4639175257732
0.6122465203448868,0.0,27,none,medium,-48.58156028368794,27.92750197005516,6.509062253743105
4.0632465203460395,0.0,27,none,medium,2.028846153846157,45.83653846153846,13.807692307692308
0.4312465203488339,1.0,27,none,low,22.697516930022573,22.584650112866814,9.88713318284424
1.4862465203451787,0.0,27,none,low,-25.15463917525773,9.896907216494844,15.051546391752575
0.6122465203448868,0.0,27,none,medium,20.0,80.0,0.0
3.8692465203459747,0.0,27,none,low,-40.0,0.0,20.0
1.084246520349052,1.0,27,none,low,7.55829903978052,4.3895747599451305,16.83127572016461
1.538246520345196,0.0,27,none,medium,-30.32042723631509,19.786381842456606,20.106809078771697
0.915246520344988,0.0,27,none,low,10.0,30.0,0.0
1.2002465203450832,0.0,27,none,high,37.02564102564102,66.87179487179488,9.846153846153848
1.1882465203450792,0.0,27,none,high,-90.0,0.0,40.0
1.1172465203450554,0.0,27,none,medium,-51.958333333333336,31.125,13.083333333333334
0.6642465203489116,1.0,27,none,medium,2.024647887323942,4.894366197183098,52.86971830985916
1.4832465203451777,0.0,27,none,high,25.32173913043478,47.66086956521739,22.33913043478261
2.1012465203453843,0.0,27,none,medium,-70.0,0.0,40.0
2.427246520345493,0.0,27,none,high,56.471226927252985,55.33116178067319,18.859934853420192
0.8962465203489891,1.0,27,none,medium,29.297520661157023,17.789256198347108,28.49173553719008
0.6462465203489056,1.0,27,none,medium,-9.014722536806348,2.19705549263873,71.21177802944507
1.6222465203492316,1.0,27,none,high,22.31707317073171,32.926829268292686,40.609756097560975
1.4972465203491898,1.0,27,none,high,-25.546935608999227,20.744763382467024,56.291698991466255
0.7622465203449369,0.0,27,none,medium,-3.4728033472803297,46.56903765690377,10.041841004184098
0.7292465203449259,0.0,27,none,medium,-44.85148514851485,33.86138613861386,18.712871287128717
1.0362465203490359,1.0,27,none,high,-90.0,0.0,80.0
2.1262465203494,1.0,27,none,medium,22.41379310344828,27.739463601532567,15.32567049808429
0.5832465203488846,1.0,27,none,medium,20.332778702163058,13.727121464226288,43.394342762063225
0.5882465203488862,1.0,27,none,low,16.38535031847134,14.554140127388536,8.168789808917195
1.1132465203450541,0.0,27,none,medium,20.0,80.0,0.0
0.9072465203489928,1.0,27,none,low,17.454545454545453,5.49090909090909,18.03636363636364
2.0132465203493624,1.0,27,none,medium,-60.0,0.0,60.0
0.7272465203489327,1.0,27,none,low,-11.59112825458052,2.1022179363548696,53.693346190935394
0.8282465203489664,1.0,27,none,medium,-40.0,0.0,70.0
0.4792465203488499,1.0,27,none,low,-10.0,0.0,50.0
0.9162465203489958,1.0,27,none,low,-10.0,0.0,50.0
1.5822465203452107,0.0,27,none,medium,-4.864643150123051,45.59474979491386,10.459392945036914
4.205246520346087,0.0,27,none,low,0.2816901408450718,18.16901408450704,7.88732394366197
0.6782465203489163,1.0,27,none,medium,55.15706806282723,16.701570680628272,11.544502617801047
3.2332465203457623,0.0,27,none,high,27.030201342281885,40.16778523489933,23.13758389261745
1.1722465203450738,0.0,27,none,high,-39.60280373831776,24.85981308411215,34.46261682242991
0.668246520348913,1.0,27,none,medium,60.0,40.0,0.0
1.2102465203450865,0.0,27,none,low,-8.00807537012113,7.994616419919246,6.002691790040377
0.9882465203450124,0.0,27,none,low,20.0,30.0,0.0
0.8812465203489841,1.0,27,none,low,-12.88888888888889,3.555555555555554,16.444444444444443
0.8382465203449623,0.0,27,none,low,10.0,30.0,0.0
0.725246520348932,1.0,27,none,low,50.0,30.0,0.0
1.8152465203452886,0.0,27,none,high,-80.0,0.0,50.0
0.7632465203449372,0.0,27,none,low,-50.36363636363637,7.227272727272724,17.59090909090909
1.1572465203450688,0.0,27,none,medium,30.0,60.0,0.0
0.5692465203448724,0.0,27,none,medium,30.0,90.0,0.0
0.7262465203489323,1.0,27,none,low,-59.57983193277311,9.117647058823524,8.69747899159664
1.0962465203450484,0.0,27,none,medium,-80.0,0.0,30.0
1.34824652034914,1.0,27,none,high,-70.0,0.0,80.0
0.5632465203488779,1.0,27,none,medium,-60.0,0.0,60.0
3.254246520349777,1.0,27,none,low,-27.968127490039844,6.01593625498008,33.984063745019924
1.0002465203490238,1.0,27,none,high,7.842323651452276,27.13692946058091,49.29460580912863
4.063246520350046,1.0,27,none,high,-3.02325581395349,29.30232558139535,52.32558139534884
2.169246520345407,0.0,27,none,high,-48.41143764892772,26.735504368546454,35.14694201747419
1.2362465203450952,0.0,27,none,low,30.0,30.0,0.0
1.3742465203451413,0.0,27,none,high,-21.564356435643568,35.960396039603964,27.524752475247528
0.9552465203450013,0.0,27,none,high,-90.0,0.0,60.0
0.8652465203449713,0.0,27,none,medium,10.0,90.0,0.0
0.6542465203489083,1.0,27,none,high,-8.684210526315788,9.635627530364372,68.31983805668017
0.987246520345012,0.0,27,none,low,-0.584343991179713,60.73869900771775,1.323042998897464
0.8272465203489661,1.0,27,none,low,-20.0,0.0,10.0
0.6462465203489056,1.0,27,none,low,1.2962962962962958,1.882716049382716,40.586419753086425
2.3482465203454668,0.0,27,none,low,-40.0,0.0,20.0
1.7632465203452712,0.0,27,none,high,70.0,80.0,0.0
1.7562465203452688,0.0,27,none,low,10.0,30.0,0.0
0.8462465203489724,1.0,27,none,medium,-20.0,0.0,70.0
1.9622465203453376,0.0,27,none,medium,50.0,60.0,0.0
0.7332465203489347,1.0,27,none,medium,80.0,30.0,0.0
2.317246520349464,1.0,27,none,low,60.0,10.0,0.0
0.8262465203449583,0.0,27,none,low,-16.366950182260027,18.90643985419198,5.273390036452005
1.1802465203450765,0.0,27,none,medium,8.730853391684903,74.04814004376368,5.317286652078774
1.240246520349104,1.0,27,none,low,-15.227070347284064,6.331255565449686,31.55832591273375
3.584246520349887,1.0,27,none,medium,42.7979274611399,33.11917098445596,10.32124352331606
0.6022465203448835,0.0,27,none,high,90.0,80.0,0.0
1.2622465203451039,0.0,27,none,medium,20.0,80.0,0.0
1.8162465203452889,0.0,27,none,high,-20.632318501170964,31.662763466042158,42.29508196721312
1.6812465203492513,1.0,27,none,low,30.0,20.0,0.0
0.8452465203449646,0.0,27,none,medium,23.61111111111112,69.07407407407408,5.462962962962959
1.8122465203452875,0.0,27,none,medium,-22.757527733755943,22.345483359746435,25.103011093502374
1.2112465203450868,0.0,27,none,low,10.0,40.0,0.0
1.083246520345044,0.0,27,none,low,-40.0,0.0,40.0
0.9882465203450124,0.0,27,none,high,-24.523636363636367,24.487272727272725,39.010909090909095
0.6912465203489206,1.0,27,none,low,-10.0,0.0,60.0
0.6612465203449032,0.0,27,none,medium,20.0,70.0,0.0
0.6712465203449065,0.0,27,none,high,10.384615384615383,32.485207100591715,32.10059171597633
0.8842465203449776,0.0,27,none,low,20.0,60.0,0.0
0.6732465203489146,1.0,27,none,medium,-10.0,0.0,90.0
0.9472465203490061,1.0,27,none,low,70.0,10.0,0.0
0.6872465203489193,1.0,27,none,low,30.0,20.0,0.0
2.324246520349466,1.0,27,none,medium,61.62632375189107,18.139183055975792,6.512859304084714
0.8852465203489854,1.0,27,none,high,21.207778915046056,50.603889457523024,29.39611054247697
0.9082465203489931,1.0,27,none,low,37.41573033707865,16.40449438202247,8.98876404494382
2.84724652034964,1.0,27,none,high,-80.0,0.0,60.0
2.042246520349372,1.0,27,none,medium,-15.702479338842975,24.16228399699474,29.86476333583772
0.812246520348961,1.0,27,none,low,40.0,10.0,0.0
1.6792465203452431,0.0,27,none,medium,-70.0,0.0,40.0
0.9232465203489981,1.0,27,none,medium,80.0,40.0,0.0
1.4472465203451657,0.0,27,none,high,70.0,60.0,0.0
0.8602465203449696,0.0,27,none,low,-60.0,0.0,20.0
0.7932465203449472,0.0,27,none,high,90.0,90.0,0.0
0.6522465203489076,1.0,27,none,medium,70.0,40.0,0.0
1.0152465203450214,0.0,27,none,medium,-70.0,0.0,20.0
1.102246520349058,1.0,27,none,high,7.181628392484342,43.59081419624217,36.40918580375783
0.4992465203488566,1.0,27,none,medium,61.09159347553325,22.77289836888331,21.681304893350056
1.303246520349125,1.0,27,none,high,-58.079096045197744,19.15254237288136,47.23163841807909
1.9402465203453303,0.0,27,none,medium,27.971014492753625,47.98418972332016,10.013175230566535
1.1372465203490696,1.0,27,none,low,-10.0,0.0,30.0
0.8622465203449703,0.0,27,none,high,-90.0,0.0,50.0
