draw,dwell_quintile,p_choose_s,draw_subject_sd,n_subjects,draw_subject_sem
0,E>>S,0.4549302212725597,0.10322589153705226,20,0.02308201105148691
0,E>S,0.4509034433346585,0.08620848129775534,20,0.01927680244188002
0,S~E,0.4396142751735205,0.08106867816670647,20,0.01812750752268087
0,S>E,0.5004495244894774,0.07254458173620079,20,0.01622146161614347
0,S>>E,0.5036144211149374,0.14294498028679786,20,0.03196346929636474
1,E>>S,0.4801984515075614,0.10357030055877288,20,0.02315902324995006
1,E>S,0.4595430633015206,0.08700808028946756,20,0.019455598211900904
1,S~E,0.45389191822608355,0.09813756159588538,20,0.021944225887447245
1,S>E,0.4593958539397063,0.09526549106438915,20,0.021302011392987295
1,S>>E,0.5112042338942168,0.14123598413410005,20,0.031581326139292945
2,E>>S,0.50876898513326,0.1402560047568534,20,0.0313621960888858
2,E>S,0.4622541275568225,0.10792195850215403,20,0.024132083547572777
2,S~E,0.4550261049991887,0.0883518629388269,20,0.019756077146996127
2,S>E,0.48063293967458354,0.07262628820183009,20,0.016239731737278305
2,S>>E,0.47938759895331995,0.11332974334640271,20,0.025341300999516096
3,E>>S,0.49048645171865657,0.11262399504062953,20,0.02518349088084468
3,E>S,0.45613439620306,0.08952726314681046,20,0.020018904623577992
3,S~E,0.44044744051221346,0.09485919841101181,20,0.021211161593816245
3,S>E,0.4950424662715352,0.11468157449342459,20,0.02564357963340034
3,S>>E,0.48815065234321764,0.11764492058782698,20,0.026306203964194565
4,E>>S,0.4704351615192614,0.10379588957940257,20,0.02320946648846062
4,E>S,0.47096895585099185,0.06439216493268277,20,0.014398525800785683
4,S~E,0.4355813204695336,0.08402455113006622,20,0.018788460810573483
4,S>E,0.4894163781269912,0.07077183758815414,20,0.015825063973968743
4,S>>E,0.5169242824136966,0.14328614717395954,20,0.03203975653150129
5,E>>S,0.4809925870712314,0.13012008348835674,20,0.02909573519179136
5,E>S,0.46840986334766,0.07325196526533505,20,0.016379637381874257
5,S~E,0.45933091433532314,0.08283725987933846,20,0.018522974416001682
5,S>E,0.4890043471381359,0.11067084064579681,20,0.024746752281104838
5,S>>E,0.49293087524975976,0.15034800622767994,20,0.0336188362206654
6,E>>S,0.5065305925373048,0.11975875147539221,20,0.02677887091994802
6,E>S,0.46858944383917595,0.10701063521401612,20,0.023928305465397277
6,S~E,0.4483961928764866,0.10929706805279395,20,0.02443956739074678
6,S>E,0.4852408066190109,0.08611896699979292,20,0.019256786436359807
6,S>>E,0.48277207659849397,0.113555582512063,20,0.02539180017215592
7,E>>S,0.5001377371546041,0.12529632969283847,20,0.028017111052441215
7,E>S,0.4642649373328508,0.1164838703165909,20,0.026046585231016717
7,S~E,0.43762530624308826,0.08716417665046083,20,0.019490502419323034
7,S>E,0.47842381484239677,0.09770444214591559,20,0.021847377434196267
7,S>>E,0.5016714899259437,0.10494931931752985,20,0.023467381218632857
8,E>>S,0.45013746650050096,0.14298483642046972,20,0.0319723813987858
8,E>S,0.4664250866750656,0.08854834810052993,20,0.01980001256480993
8,S~E,0.46025028282570385,0.09949787174030779,20,0.02224840048278835
8,S>E,0.485515971174876,0.09703586154183709,20,0.02169787826628053
8,S>>E,0.5011986398538711,0.08193435683125945,20,0.01832107915674204
9,E>>S,0.4949636485687517,0.11263340235811234,20,0.025185594420982428
9,E>S,0.4775383265513201,0.10644504073811431,20,0.023801834695815798
9,S~E,0.44502255902387056,0.08097739431765738,20,0.01810709583350871
9,S>E,0.49156107782858544,0.10648865027207638,20,0.023811586084056424
9,S>>E,0.49809582383323503,0.16294860177513562,20,0.03643641504077461
10,E>>S,0.4852599375820311,0.11130077555248603,20,0.024887610008380547
10,E>S,0.47656341374572325,0.09845821637441415,20,0.022015926475657293
10,S~E,0.44917588392351904,0.07992146022479459,20,0.01787098179236863
10,S>E,0.48735955966365135,0.10430841936659593,20,0.023324071632926404
10,S>>E,0.49386099881544715,0.11594839408211693,20,0.02592684910495478
11,E>>S,0.4635879742870343,0.11982352606120146,20,0.026793354957656407
11,E>S,0.49247862601570935,0.08348972430236301,20,0.01866886989627999
11,S~E,0.44405892498732136,0.11360440046403758,20,0.025402716198069667
11,S>E,0.48496487324161175,0.0777358378447674,20,0.017382261770880064
11,S>>E,0.5150089550305181,0.15279701672286244,20,0.03416645161514926
12,E>>S,0.49470579493529154,0.13391692817729153,20,0.029944735474238086
12,E>S,0.4766120481563368,0.09054505383874838,20,0.020246489540981964
12,S~E,0.44321166134823187,0.08448357255308891,20,0.018891101121074227
12,S>E,0.4721248726883623,0.0878262225122861,20,0.019638540374449405
12,S>>E,0.4918312177122798,0.14677309254950763,20,0.032819461220856695
13,E>>S,0.4852787838217111,0.12432763662833185,20,0.027800504698284274
13,E>S,0.4788715505731478,0.0980951499526376,20,0.021934742355713292
13,S~E,0.44882362426641265,0.11702042815043791,20,0.026166563210050914
13,S>E,0.4828813585661199,0.08796688345964673,20,0.019669993118457196
13,S>>E,0.4920342190039751,0.12423428597857518,20,0.027779630858424307
14,E>>S,0.4814264942450267,0.10606198786145074,20,0.02371618146869614
14,E>S,0.4686840627679875,0.08101283127609311,20,0.018115019778306523
14,S~E,0.4373188926427815,0.10038734090853467,20,0.022447291835192902
14,S>E,0.4833857326376709,0.07471691244538226,20,0.016707209529677476
14,S>>E,0.4973404734682022,0.1438829146071572,20,0.03217319778624009
15,E>>S,0.49517936517891475,0.10586952334786316,20,0.023673145095132315
15,E>S,0.45366954373672497,0.08225803152264381,20,0.01839345501799521
15,S~E,0.4324828238756532,0.0924931321672675,20,0.020682093097788255
15,S>E,0.48592913254372927,0.08571764315922357,20,0.019167047697509373
15,S>>E,0.4993141109430712,0.09739377921486353,20,0.021777911091004094
16,E>>S,0.4959796588069727,0.12413629588282889,20,0.027757719606903264
16,E>S,0.4690197178387338,0.09040887935670257,20,0.020216040001116438
16,S~E,0.41073750527975433,0.10563785032646297,20,0.023621341432691956
16,S>E,0.50423993178302,0.09671967740695513,20,0.021627177344380223
16,S>>E,0.5022650365020224,0.1570009841191586,20,0.03510648730248036
17,E>>S,0.48662490016027116,0.12293597424977565,20,0.027489319530266204
17,E>S,0.46769098972530426,0.10862424341298806,20,0.024289119227592505
17,S~E,0.44550560357862823,0.07502901355074551,20,0.016776997458421983
17,S>E,0.47607165224439596,0.054071748906490934,20,0.012090810621721364
17,S>>E,0.49766855429635815,0.12535146081859638,20,0.028029438746928294
18,E>>S,0.4862839611772367,0.1596101393253564,20,0.03568991214297093
18,E>S,0.4671788173267785,0.07194924489545705,20,0.01608834025160217
18,S~E,0.4325006007902825,0.08700123402227199,20,0.01945406734001676
18,S>E,0.4953849599602241,0.09228576815582198,20,0.020635725095220336
18,S>>E,0.47726081917581425,0.08138829616451392,20,0.018198976279673852
19,E>>S,0.4726778159566699,0.1018645254949097,20,0.022777600350237848
19,E>S,0.47428810797005305,0.09086806652499743,20,0.020318717373386735
19,S~E,0.4492019387398808,0.08165621199104971,20,0.01825888407971206
19,S>E,0.466034344861587,0.090238631143334,20,0.020177971343302438
19,S>>E,0.5161028858927532,0.15777568933481925,20,0.03527971665495444
20,E>>S,0.481364397100125,0.10053197357153716,20,0.02247963268181694
20,E>S,0.4633412518025087,0.09662339179024834,20,0.02160564722595904
20,S~E,0.4404952661202034,0.07284028170632986,20,0.016287582139558793
20,S>E,0.4844222151239751,0.075570162134638,20,0.016898001960373117
20,S>>E,0.4953265027555672,0.15535016156138753,20,0.034737352156683735
21,E>>S,0.4820739743730143,0.15039759134463113,20,0.033629923789882915
21,E>S,0.47209808149351795,0.06973578343783016,20,0.01559339522311922
21,S~E,0.43792147102301104,0.10498349347612891,20,0.02347502279280299
21,S>E,0.4598585552537616,0.1097383755933279,20,0.024538246756708498
21,S>>E,0.4965359448367641,0.15446386704311268,20,0.03453917067758894
22,E>>S,0.47432081191406394,0.13222735086284898,20,0.029566934501404577
22,E>S,0.4558785393909587,0.08454395026144858,20,0.018904601987096013
22,S~E,0.4359531019129914,0.09448001730195087,20,0.02112637412025184
22,S>E,0.493135692140618,0.10785838101965751,20,0.024117867190302726
22,S>>E,0.5103047086193694,0.14476926995860664,20,0.03237139286804626
23,E>>S,0.5001744587167608,0.13679630294807024,20,0.030588583246253992
23,E>S,0.4904861153425018,0.09765880139507772,20,0.02183717185205451
23,S~E,0.4582060842494665,0.0674716707033391,20,0.015087124224814728
23,S>E,0.48158161145952316,0.09473798992658279,20,0.021184058552752943
23,S>>E,0.49380849141187905,0.08305408829724953,20,0.01857145872419197
24,E>>S,0.4952621001407782,0.12627630846037516,20,0.028236240966513063
24,E>S,0.47117192701069677,0.06754465962904475,20,0.01510344504476298
24,S~E,0.44525376094509905,0.06742078445820505,20,0.015075745714490782
24,S>E,0.4573507896677985,0.08933238354679554,20,0.019975328220271857
24,S>>E,0.46330745012180213,0.08985122356337379,20,0.020091344374923464
25,E>>S,0.49636213887764224,0.11364531146947414,20,0.02541186417698807
25,E>S,0.4510135477158298,0.09650678170647038,20,0.021579572418540093
25,S~E,0.4269987996922763,0.09201548927807707,20,0.020575288900868335
25,S>E,0.4705935837824381,0.08769139536901711,20,0.01960839210869325
25,S>>E,0.49635887103342186,0.14330553100616797,20,0.03204409088814954
26,E>>S,0.48948491616649126,0.13479360515456773,20,0.030140766405787948
26,E>S,0.4633670678870865,0.09960215827557299,20,0.022271719660987444
26,S~E,0.454175559982415,0.07268101038106231,20,0.01625196798854232
26,S>E,0.48048352534440664,0.06950876586549547,20,0.015542632550736487
26,S>>E,0.4948986921012123,0.15465151629787222,20,0.03458113032654589
27,E>>S,0.49082530020070314,0.1285979666466099,20,0.028755379519007043
27,E>S,0.4859263446075507,0.07824724561270782,20,0.017496616024213686
27,S~E,0.4488915181475176,0.0850500023508174,20,0.019017758674294463
27,S>E,0.47580720426947815,0.07452078128055058,20,0.016663353267970492
27,S>>E,0.5116429779771449,0.14388675696477707,20,0.03217405696352328
28,E>>S,0.48745298187154135,0.1256431471743606,20,0.028094661798888088
28,E>S,0.4896460698705131,0.08843011729506677,20,0.01977357535300491
28,S~E,0.44986329607954056,0.09155459761354012,20,0.020472230391651573
28,S>E,0.4630787563623138,0.08307670211663241,20,0.018576515327929075
28,S>>E,0.4843674633336537,0.1407878727529905,20,0.03148112538832772
29,E>>S,0.4754389106665968,0.08133064117910127,20,0.018186084233011407
29,E>S,0.46493655075242596,0.08038983245119309,20,0.01797571300606863
29,S~E,0.45319436728095114,0.09835927998951259,20,0.021993803627448495
29,S>E,0.4693848598535042,0.11905744888230552,20,0.026622054892854147
29,S>>E,0.5042636749380514,0.1492565517645823,20,0.03337477958328222
30,E>>S,0.49147967435824497,0.13366123379545522,20,0.02988756047231301
30,E>S,0.4697600544518264,0.09422658200250318,20,0.021069704264505537
30,S~E,0.4655046867610634,0.09432983987687807,20,0.021092793427136974
30,S>E,0.4721289222663726,0.10362822067123834,20,0.02317197458082378
30,S>>E,0.47529020905658176,0.09616063503167928,20,0.02150217166903825
31,E>>S,0.5045816926538986,0.14513443348967675,20,0.032453045915883924
31,E>S,0.4657947495126266,0.09857860058084375,20,0.022042845202556685
31,S~E,0.44618921333849304,0.08881055754115093,20,0.019858644378167003
31,S>E,0.47435194016823284,0.09696420870764455,20,0.021681856205477024
31,S>>E,0.4805136424307673,0.1369021093195322,20,0.030612242270158147
32,E>>S,0.4797115633016289,0.11067183952914994,20,0.024746975638212758
32,E>S,0.45601478406758905,0.09147211848732605,20,0.020453787498357627
32,S~E,0.4503563661915556,0.06846171550774637,20,0.01530850497315724
32,S>E,0.48382831139459803,0.09323577414177653,20,0.02084815289158294
32,S>>E,0.497585066901672,0.12039492262229441,20,0.026921123112927752
33,E>>S,0.4952030457741129,0.1409181620800944,20,0.03151025896754242
33,E>S,0.4700095743863447,0.09045903908781502,20,0.020227256057966495
33,S~E,0.4339643412876247,0.09044386230894194,20,0.020223862427042525
33,S>E,0.47096643912210456,0.0922900540113291,20,0.0206366834416459
33,S>>E,0.4963705737641929,0.15213959190269968,20,0.034019446956351305
34,E>>S,0.4981888589962071,0.11573214013455603,20,0.025878493252239895
34,E>S,0.4806683035882375,0.09384947034260295,20,0.020985379533841067
34,S~E,0.4229884801358616,0.08551517271432758,20,0.019121773929687166
34,S>E,0.48108008573514305,0.08958207913886096,20,0.020031161852025893
34,S>>E,0.48948699988579686,0.1351292276320136,20,0.030215813873222534
35,E>>S,0.4816372472204263,0.10578432214730504,20,0.02365409352751106
35,E>S,0.47203774066583737,0.08984553530811572,20,0.020090072442380424
35,S~E,0.44035242987389556,0.08281107418918006,20,0.018517119117678487
35,S>E,0.49005627353818726,0.06520221071771547,20,0.014579657544807712
35,S>>E,0.5024880700096842,0.1375351005479003,20,0.030753783411737363
36,E>>S,0.4859143547128088,0.09549242408134115,20,0.02135275515821167
36,E>S,0.48260522491482744,0.0846562731431752,20,0.01892971814699295
36,S~E,0.46182747955396974,0.0877531882959594,20,0.019622209427210414
36,S>E,0.469135088542932,0.06905058752542559,20,0.01544018075931506
36,S>>E,0.5003255526861965,0.11375669850936083,20,0.02543677107628798
37,E>>S,0.48029635216442185,0.09958046474914217,20,0.022266868841010343
37,E>S,0.4669519212620198,0.08609147463811125,20,0.019250638957401586
37,S~E,0.4407529927293131,0.07610795242588214,20,0.01701825552525925
37,S>E,0.4917344608620107,0.09108994215434432,20,0.020368330272363754
37,S>>E,0.5237357789091728,0.1427202424005764,20,0.031913216377293656
38,E>>S,0.48604996678680357,0.12797328797312066,20,0.028615697121205406
38,E>S,0.49917057738618525,0.09978334540272764,20,0.02231223433428401
38,S~E,0.44002931029665876,0.10319371851351225,20,0.023074816944719193
38,S>E,0.4727809160658566,0.07040115027084552,20,0.01574217576997883
38,S>>E,0.4714207427298202,0.10454196550864214,20,0.02337629413787622
39,E>>S,0.510258349722509,0.1576246040483856,20,0.035245932957867876
39,E>S,0.48849979858453363,0.08515001818993104,20,0.01904012289580294
39,S~E,0.4336838467277218,0.0875358509906748,20,0.019573611328344117
39,S>E,0.46993407831015716,0.08701875663208891,20,0.019457985514686145
39,S>>E,0.501361437172963,0.11707788979319987,20,0.02617941202398237
40,E>>S,0.4554535177135402,0.1403261055154186,20,0.03137787109502842
40,E>S,0.46830126193478644,0.09580072050343501,20,0.021421692333913854
40,S~E,0.4506237872924322,0.08387726218627242,20,0.018755526001507775
40,S>E,0.5066661513401625,0.10327563890596818,20,0.023093134901346686
40,S>>E,0.5223441203234445,0.1458178297919258,20,0.03260585797462401
41,E>>S,0.4710952479679973,0.0946744486947564,20,0.021169850301379155
41,E>S,0.46790166110218623,0.0916644562627694,20,0.020496795532410867
41,S~E,0.42588989426226515,0.08863048647228955,20,0.019818379263091494
41,S>E,0.47998343715379005,0.09400407113605017,20,0.021019949322193403
41,S>>E,0.5268294794252737,0.1430887645146217,20,0.03199562042711539
42,E>>S,0.4641219703269036,0.12128658082407762,20,0.027120503948116
42,E>S,0.4699067990113699,0.10265806574041567,20,0.02295504134342117
42,S~E,0.4342761242152677,0.08902385182578831,20,0.019906338430133143
42,S>E,0.49636068330104555,0.09819118912969164,20,0.021956217368552893
42,S>>E,0.501590835742389,0.14645840656617432,20,0.03274909529582673
43,E>>S,0.48000355255611743,0.1300595739319302,20,0.029082204843645553
43,E>S,0.47662232898290924,0.0989437926268341,20,0.022124504626524353
43,S~E,0.44520517800310655,0.0971164684726514,20,0.02171590252395637
43,S>E,0.47716572827953563,0.07191856074121458,20,0.016081479066130347
43,S>>E,0.5172215378746107,0.14420805073217158,20,0.032245900433987396
44,E>>S,0.4776785876455838,0.1594430291769104,20,0.035652545177805396
44,E>S,0.46001658116111094,0.09915574986403233,20,0.022171899705594182
44,S~E,0.4683267686167009,0.10167530699313079,20,0.02273528980698002
44,S>E,0.4848726952146102,0.1058085516844434,20,0.023659511416721533
44,S>>E,0.5158372526409043,0.1459670110026697,20,0.03263921590744292
45,E>>S,0.49916977598767875,0.13340948348204928,20,0.02983126739089975
45,E>S,0.46795512039507836,0.10940523934701502,20,0.024463755227456026
45,S~E,0.4464699673314351,0.090559733147547,20,0.020249771934215607
45,S>E,0.5145039820604206,0.10757874713989715,20,0.02405533915390711
45,S>>E,0.48941247706048435,0.14908375656422196,20,0.03333614140186308
46,E>>S,0.4910931212843665,0.10604738826129506,20,0.0237129168988569
46,E>S,0.45796634643062706,0.08632417927533707,20,0.019302673296153223
46,S~E,0.4387590012779888,0.09337052707777181,20,0.020878284564088256
46,S>E,0.4838392547651361,0.090833931862948,20,0.020311084630913582
46,S>>E,0.4964137101180329,0.10662351429601129,20,0.023841742596580187
47,E>>S,0.48756010772010017,0.1082695968153218,20,0.02420981783755543
47,E>S,0.47301860054169376,0.08042949200309077,20,0.017984581151468667
47,S~E,0.44938916951193963,0.09029673359247656,20,0.02019096344589664
47,S>E,0.4671985997375828,0.07733147660058214,20,0.0172918438479336
47,S>>E,0.4905904654890481,0.12377547625382188,20,0.027677037885095672
48,E>>S,0.48001047263575264,0.0806324095361443,20,0.01802995489124209
48,E>S,0.4689950720527401,0.09078471640430288,20,0.02030007971980615
48,S~E,0.4468222174108404,0.08946822922566718,20,0.020005704237512516
48,S>E,0.4925297909750725,0.10277935282461463,20,0.022982161959927333
48,S>>E,0.5107564439579904,0.13813141565335843,20,0.030887123522918798
49,E>>S,0.490978983557108,0.1291453317554001,20,0.028877774078183687
49,E>S,0.4714632123664499,0.09345829518975403,20,0.02089791011055316
49,S~E,0.42779370117486276,0.08758407091536817,20,0.019584393631292545
49,S>E,0.4725922628505561,0.08844323205257563,20,0.019776507901934737
49,S>>E,0.4847508139900315,0.14210719814188447,20,0.03177613551372854
50,E>>S,0.4747094368606549,0.1407768723960827,20,0.031478665633745455
50,E>S,0.4872336521416535,0.086583987121888,20,0.019360768096750792
50,S~E,0.4481681001491741,0.08953518336474477,20,0.020020675638147762
50,S>E,0.4765366689311571,0.06694092758943787,20,0.01496844645668742
50,S>>E,0.4964992969911197,0.13480005918017582,20,0.03014220956978677
51,E>>S,0.4923185629517163,0.10415088971834835,20,0.023288846932731082
51,E>S,0.4881617719840716,0.0859253141831847,20,0.01921348435016278
51,S~E,0.47218022988341557,0.09234394927705795,20,0.020648734789429413
51,S>E,0.476022938170331,0.08260894020852891,20,0.01847192058554863
51,S>>E,0.5001065198158614,0.1411395427340149,20,0.03155976118664938
52,E>>S,0.48429439492693643,0.10975897726037372,20,0.024542853429504925
52,E>S,0.47405019996911585,0.07931465027450227,20,0.01773529496254094
52,S~E,0.44520179959340034,0.08758774939162248,20,0.01958521616358837
52,S>E,0.48120716965205057,0.09201235457525506,20,0.020574587960008408
52,S>>E,0.5219953704643524,0.1735780770818261,20,0.038813237975866145
53,E>>S,0.4798049633184961,0.11259830784889294,20,0.02517774705015727
53,E>S,0.4739694675527454,0.07666338192919063,20,0.01714245333786992
53,S~E,0.44264793724448337,0.0788432499191299,20,0.017629886638617923
53,S>E,0.4848480791587078,0.08401956509949784,20,0.018787345900244605
53,S>>E,0.4976274987799547,0.09640270196833754,20,0.02155629948158555
54,E>>S,0.49413471176799123,0.10052361961311836,20,0.022477764679926373
54,E>S,0.4830101649047136,0.07475994530199288,20,0.016716831968942213
54,S~E,0.45024472505204943,0.08031751097239093,20,0.017959541431785134
54,S>E,0.47302005900398286,0.09576121351353134,20,0.021412858302412754
54,S>>E,0.4887122101204563,0.11052157981908695,20,0.02471337654561473
55,E>>S,0.49241797515893193,0.11864827215861867,20,0.026530560195956704
55,E>S,0.4628807251854723,0.08882739267164778,20,0.019862408827787108
55,S~E,0.4482818031817065,0.08204875048813477,20,0.01834665835603884
55,S>E,0.47439375148302404,0.06348434384872267,20,0.014195530835271452
55,S>>E,0.49416020636694624,0.15288329207984033,20,0.034185743371447815
56,E>>S,0.47760041147226306,0.11197835662403662,20,0.02503912174200597
56,E>S,0.4679999604580812,0.09188680507752103,20,0.020546514238860985
56,S~E,0.43884143084291083,0.07605566376929968,20,0.017006563426202194
56,S>E,0.4824558091111661,0.08810225623070235,20,0.019700263390295483
56,S>>E,0.4974040181167874,0.09183088337203181,20,0.020534009765371824
57,E>>S,0.4881123617712257,0.11446269177622716,20,0.025594635969925006
57,E>S,0.4618276754767436,0.07662470638845041,20,0.017133805224053753
57,S~E,0.43762226628794665,0.08830602211126973,20,0.01974582682633986
57,S>E,0.4870306079886889,0.06406631882028588,20,0.014325664395033334
57,S>>E,0.4998891902717144,0.10577698176159307,20,0.023652452167367756
58,E>>S,0.4869698065279026,0.11537824493001875,20,0.025799359878814238
58,E>S,0.4584587245768593,0.08358634585979786,20,0.01869047513333161
58,S~E,0.46361925833333784,0.088853601933165,20,0.019868269396826364
58,S>E,0.4884192533665378,0.11291449200313998,20,0.02524844797638774
58,S>>E,0.49572017458202405,0.1546335048911631,20,0.034577102853568686
59,E>>S,0.48699090712743,0.11236511869946127,20,0.025125604371182813
59,E>S,0.4816171564051713,0.07525551089466641,20,0.01682764380419501
59,S~E,0.45788889037537117,0.08319061374968928,20,0.01860198674342339
59,S>E,0.4741124283833103,0.07927283007571077,20,0.01772594368180791
59,S>>E,0.46137597146853804,0.08443620642077163,20,0.018880509731904957
60,E>>S,0.4794185163123334,0.10044789613914275,20,0.022460832396396183
60,E>S,0.4743623824739582,0.09396358719679543,20,0.02101089683817635
60,S~E,0.47007737554993073,0.10255522995417488,20,0.022932046562565766
60,S>E,0.4778090036021155,0.07298228669027204,20,0.01631933541928264
60,S>>E,0.4944823230437838,0.10884670887258295,20,0.024338864016622497
61,E>>S,0.49400427380906153,0.13146716353813354,20,0.029396951448034832
61,E>S,0.46852813553344097,0.09595136852818392,20,0.021455378256315317
61,S~E,0.4600807885326361,0.09239693704823002,20,0.020660583215261107
61,S>E,0.4672396050929876,0.09858982075413962,20,0.022045354109577576
61,S>>E,0.4838487993978925,0.1477159972952328,20,0.03303030113163156
62,E>>S,0.49152468123035514,0.11846401318161172,20,0.026489358636151494
62,E>S,0.47221521208350276,0.0944090834504449,20,0.021110512828864517
62,S~E,0.44991823957384536,0.08865781385294924,20,0.019824489851171703
62,S>E,0.48522205005685287,0.08455230390082367,20,0.018906469917646235
62,S>>E,0.46132695320247885,0.10314235703417876,20,0.023063332168797728
63,E>>S,0.5084217618147859,0.10914316254979123,20,0.024405153074064247
63,E>S,0.4339129654568302,0.08298285519435865,20,0.018555530518160744
63,S~E,0.4555741267701653,0.09949002269159521,20,0.022246645382140346
63,S>E,0.48336592849894267,0.10311600359215937,20,0.023057439360018084
63,S>>E,0.4956378039017338,0.1225946362257115,20,0.027412994027754916
64,E>>S,0.4713730671336931,0.135770354468666,20,0.030359174192117953
64,E>S,0.4822975984337973,0.10978457678677396,20,0.0245485776576272
64,S~E,0.4475295989079454,0.08874350972404361,20,0.01984365203048751
64,S>E,0.46215124547470643,0.06363757571423836,20,0.014229794522032671
64,S>>E,0.4875486585169752,0.1442745296074628,20,0.03226076556240928
65,E>>S,0.4718507328144427,0.09773748381525885,20,0.02185476577607043
65,E>S,0.4702435910401087,0.09671517717637072,20,0.02162617106223011
65,S~E,0.43766770000005994,0.07066848109798804,20,0.015801952760176024
65,S>E,0.4936852073788153,0.08110034533054047,20,0.018134588515779614
65,S>>E,0.49394960772028246,0.14154407104970188,20,0.03165021646791934
66,E>>S,0.47197834354327145,0.09265896276425194,20,0.020719173946548913
66,E>S,0.46800233940889485,0.09050037643600996,20,0.02023649937002384
66,S~E,0.4495448288878715,0.08853014256738939,20,0.019795941683843042
66,S>E,0.49566761479621724,0.07581289442213097,20,0.016952278549889947
66,S>>E,0.48801690963888006,0.10165833028961957,20,0.022731493700671523
67,E>>S,0.4953454593709467,0.1354226480050448,20,0.030281424663230645
67,E>S,0.47839502091258296,0.08340218403587497,20,0.01864929529761642
67,S~E,0.424488610927681,0.07630893709352986,20,0.017063197063188797
67,S>E,0.4827222318847366,0.10240314279151232,20,0.02289803883914391
67,S>>E,0.49367581633828284,0.1547552832136048,20,0.03460433331428524
68,E>>S,0.4547202512814317,0.11974306601855289,20,0.026775363545172935
68,E>S,0.4706426151290447,0.07799093892149524,20,0.01743930410574975
68,S~E,0.46403602595213655,0.09236343292914305,20,0.020653091466480637
68,S>E,0.4805397480606091,0.0748626756981882,20,0.016739803183867034
68,S>>E,0.48238358082947047,0.16396544735397775,20,0.036663788624465725
69,E>>S,0.48490260467726126,0.1040081211387433,20,0.023256922907826286
69,E>S,0.4645716247706326,0.08882743018440055,20,0.01986241721589363
69,S~E,0.4365913521633882,0.08088633452844299,20,0.01808673424563869
69,S>E,0.4561380901423647,0.07692145776027572,20,0.017200160848035523
69,S>>E,0.4857662458439374,0.1457952608612693,20,0.03260081140831127
70,E>>S,0.48716040719063336,0.10464674227619994,20,0.02339972293534841
70,E>S,0.4826478796576931,0.09818087921220046,20,0.021953912000917623
70,S~E,0.445217644695326,0.0911481064932248,20,0.020381336213924062
70,S>E,0.4484008195875998,0.09483301185230586,20,0.021205306101279915
70,S>>E,0.4904993480774321,0.13857919128094337,20,0.030987249197113553
71,E>>S,0.4530031679155308,0.10526350461852418,20,0.023537635187688314
71,E>S,0.4487110330966305,0.08900985305657924,20,0.01990320821017786
71,S~E,0.4454804113320642,0.08837706403995893,20,0.019761712284520033
71,S>E,0.49002488921794185,0.09171059211315323,20,0.02050711182217667
71,S>>E,0.49334279296936,0.14486907728994952,20,0.032393710465799815
72,E>>S,0.4584001539164446,0.1044928887008011,20,0.023365320230031093
72,E>S,0.45664456591075303,0.0862860412951677,20,0.019294145384534896
72,S~E,0.44415209933062155,0.08845672381650965,20,0.019779524752064022
72,S>E,0.4857349146075475,0.08121370234494034,20,0.018159935914772066
72,S>>E,0.49916543385815687,0.13521303300276988,20,0.030234553323811593
73,E>>S,0.48477917085535943,0.12277041701467585,20,0.0274522998070812
73,E>S,0.4739934082560315,0.08913516630486452,20,0.01993122910434258
73,S~E,0.4393840511303508,0.10077045682628084,20,0.02253295915872717
73,S>E,0.502281728792386,0.09376292140535321,20,0.02096602660313399
73,S>>E,0.4910167358980336,0.13526119800239492,20,0.03024532334514138
74,E>>S,0.47697473561616255,0.11690043444928977,20,0.02613973180278701
74,E>S,0.4697012980608209,0.09728376833046931,20,0.02175331190942706
74,S~E,0.4453191733308972,0.08182387377480645,20,0.018296374394282954
74,S>E,0.46726902438136075,0.06251502745149855,20,0.013978785099681618
74,S>>E,0.5077918101559671,0.1355053755666368,20,0.030299923108363897
75,E>>S,0.4809272933375934,0.12125653534854956,20,0.027113785575546296
75,E>S,0.44555439179400863,0.09159967956637306,20,0.020482311022760862
75,S~E,0.42480399547880526,0.08035312939375965,20,0.017967505952928304
75,S>E,0.4902669670620642,0.1021988632852365,20,0.022852360552899628
75,S>>E,0.4962641302543223,0.143364250464772,20,0.0320572209582536
76,E>>S,0.4771763388282017,0.1139351916458865,20,0.025476683354966834
76,E>S,0.4709961574758318,0.08151040983335656,20,0.018226281726125254
76,S~E,0.41120261505654127,0.08486698255274959,20,0.018976834203323672
76,S>E,0.4856187839395988,0.08416519904155427,20,0.018819910639671547
76,S>>E,0.5095636093864448,0.1355019536286801,20,0.030299157939775296
77,E>>S,0.482065656373971,0.08588144157511313,20,0.019203674136762956
77,E>S,0.44918681208783695,0.10236652068462342,20,0.022889849887095626
77,S~E,0.43023733957712446,0.08255618089258894,20,0.018460123243859813
77,S>E,0.4897822100492144,0.10319960694477553,20,0.023076133637977746
77,S>>E,0.5074196500460061,0.15386080385944756,20,0.03440432165024867
78,E>>S,0.4789758317416786,0.11582895167265583,20,0.02590014097025964
78,E>S,0.4962663572021257,0.09032531951277271,20,0.020197355451994796
78,S~E,0.4581877335110732,0.08260237515850123,20,0.01847045259573487
78,S>E,0.4401927633562188,0.06541827630313887,20,0.014627971278468216
78,S>>E,0.4796336114715333,0.14236333614414604,20,0.03183340971219633
79,E>>S,0.46230396412820146,0.11383290335251237,20,0.025453810997238133
79,E>S,0.47250307004159053,0.07558041266217731,20,0.01690029404801143
79,S~E,0.4328176984199443,0.08381009248528452,20,0.01874050639976405
79,S>E,0.47852805373120944,0.06643339191539535,20,0.014854958029870895
79,S>>E,0.505859427966531,0.14109332679790035,20,0.031549426989169786
80,E>>S,0.4725075386582584,0.09269204223499375,20,0.020726570741072755
80,E>S,0.46242738550907214,0.10521639883945745,20,0.023527102015275685
80,S~E,0.43406241801757517,0.08151444146058863,20,0.01822718322538034
80,S>E,0.4802363998595891,0.10636284689415294,20,0.023783455593572835
80,S>>E,0.4953400442355558,0.14690134975204447,20,0.03284814040320433
81,E>>S,0.4740435475250484,0.09889714306762712,20,0.02211407346797363
81,E>S,0.47161605289648384,0.10348546211389295,20,0.02314005279696437
81,S~E,0.4619846515770575,0.08744495917466327,20,0.019553287300424098
81,S>E,0.48840512170594536,0.08618840600396907,20,0.019272313469722583
81,S>>E,0.4787577916219085,0.11722701583389591,20,0.026212757620403544
82,E>>S,0.4903520351052819,0.12080801563947853,20,0.027013493519673172
82,E>S,0.4821839649889264,0.10042012900307241,20,0.02245462347601681
82,S~E,0.45607482263572247,0.10205975270738898,20,0.022821254482053997
82,S>E,0.46444603761141057,0.08388080261433005,20,0.018756317665288406
82,S>>E,0.4936957932461257,0.16045626432228483,20,0.03587911144403031
83,E>>S,0.46133791791414713,0.11908194612541244,20,0.02662753264293899
83,E>S,0.4560037948447084,0.09054286180769952,20,0.02024599938793856
83,S~E,0.4524369629156616,0.07191428801521979,20,0.016080523655552986
83,S>E,0.4849441131995638,0.09037228914918732,20,0.020207858181984947
83,S>>E,0.4940773150545647,0.15273336731905954,20,0.03415221917578619
84,E>>S,0.4841807118041125,0.12886714117634315,20,0.02881556877363655
84,E>S,0.4621984832475922,0.08608926263409691,20,0.01925014433826733
84,S~E,0.44215998959509467,0.11742941451547259,20,0.026258015341459724
84,S>E,0.4895022238912568,0.10872075565505254,20,0.024310700020984215
84,S>>E,0.49145460533233143,0.09767670349324012,20,0.021841174882897607
85,E>>S,0.48671996354640684,0.1241084847965809,20,0.027751500858965404
85,E>S,0.4676030648842932,0.0858194262099107,20,0.019189807079538747
85,S~E,0.4662889704664141,0.11424624990876463,20,0.025546238097042685
85,S>E,0.47208125550214736,0.10344866061693278,20,0.0231318237320767
85,S>>E,0.4789992122582465,0.12117419721671928,20,0.02709537420955501
86,E>>S,0.4659149059654643,0.11245333925004782,20,0.02514533108599521
86,E>S,0.4596065931931019,0.08513048808690198,20,0.019035755832004883
86,S~E,0.44729497849151345,0.06998842780214604,20,0.01564988822039347
86,S>E,0.47630719349068,0.08292274223216765,20,0.018542088851181953
86,S>>E,0.48848291854976444,0.16041898377502659,20,0.035870775260239525
87,E>>S,0.466534361398698,0.09486450379675394,20,0.02121234791413287
87,E>S,0.47365854156925336,0.09036051696247453,20,0.020205225841011587
87,S~E,0.44217080292297917,0.10629279709409922,20,0.023767791982099797
87,S>E,0.4954271320326057,0.07708096700778361,20,0.01723582820008227
87,S>>E,0.500780328485083,0.14917195186654414,20,0.03335586247099193
88,E>>S,0.473025131514995,0.09452312631762252,20,0.021136013589200333
88,E>S,0.4661077143336178,0.08579520625146769,20,0.019184391332189667
88,S~E,0.4373175634452565,0.10833700129447546,20,0.024224889937292982
88,S>E,0.4777792992632176,0.09283694050849933,20,0.020758970980010838
88,S>>E,0.48068734166066013,0.10629185050487944,20,0.023767580318315575
89,E>>S,0.48242171075410933,0.11067552734625272,20,0.024747800259185798
89,E>S,0.4547776489156754,0.08846524023525565,20,0.01978142908118811
89,S~E,0.4313602242665667,0.08283514936337905,20,0.018522502490286398
89,S>E,0.4773701227111067,0.09550982286712993,20,0.021356645644986638
89,S>>E,0.4836310928778923,0.10502770620582147,20,0.023484909059709333
90,E>>S,0.4526420986699229,0.10461172122944991,20,0.023391891991230786
90,E>S,0.4513308732251593,0.08135873847938013,20,0.018192366980352183
90,S~E,0.42172878438568373,0.09237150282173857,20,0.020654895949322107
90,S>E,0.4816918687445308,0.08348332435462588,20,0.018667438824460723
90,S>>E,0.5196253103358253,0.11096964629504026,20,0.02481356725548177
91,E>>S,0.48972918624898265,0.11256630539816773,20,0.025170591084630455
91,E>S,0.4544322003344067,0.10207201658719112,20,0.022823996768944543
91,S~E,0.46289390729689145,0.0775320187147379,20,0.01733668642789398
91,S>E,0.47090161628312455,0.12003423519110451,20,0.02684047095145071
91,S>>E,0.5002114502651995,0.15249349616405625,20,0.03409858235494332
92,E>>S,0.44948721170343786,0.09581213123493608,20,0.021424243851044793
92,E>S,0.46690669475281144,0.10978753874625354,20,0.024549239971901494
92,S~E,0.4384555874896837,0.07983521437380384,20,0.017851696633809366
92,S>E,0.4556881485921487,0.08481250489358454,20,0.018964652628408858
92,S>>E,0.4895180640005985,0.10797928059780626,20,0.02414490115782189
93,E>>S,0.46162510441302407,0.11165074762467021,20,0.024965866142743577
93,E>S,0.4615585231206102,0.0713625984966601,20,0.015957162128955628
93,S~E,0.44297045354773923,0.09270411591726073,20,0.020729270498501526
93,S>E,0.47254340615372614,0.09478021177859568,20,0.021193499645876617
93,S>>E,0.4993233741364323,0.14411626875749295,20,0.032225377360538335
94,E>>S,0.483076424729716,0.11230343700339618,20,0.025111811924645913
94,E>S,0.46271071436162153,0.10105885319099435,20,0.02259744654632349
94,S~E,0.445272570618321,0.0835840679308972,20,0.018689965772944635
94,S>E,0.45535786685952007,0.07660231946416148,20,0.01712879935560203
94,S>>E,0.49562896849024474,0.13889782613604051,20,0.03105849811671335
95,E>>S,0.46212206444684767,0.13183452727552206,20,0.029479096476961744
95,E>S,0.4590428671284609,0.10327568096981266,20,0.023093144307108248
95,S~E,0.4362370290097578,0.08761541853968391,20,0.019591403173182857
95,S>E,0.47980236207900145,0.10276932101521752,20,0.022979918779152404
95,S>>E,0.4949743385306847,0.14630527188724038,20,0.03271485334064584
96,E>>S,0.48034268951944836,0.10893924115486014,20,0.024359554863950996
96,E>S,0.4620624707926148,0.0883312138275194,20,0.019751459865340278
96,S~E,0.4489716366814851,0.11028588877270278,20,0.024660674425474424
96,S>E,0.46766418807146704,0.08396830883219034,20,0.018775884650447355
96,S>>E,0.48128160022595357,0.1090076201336686,20,0.02437484486843577
97,E>>S,0.4590743649493877,0.1268855600453642,20,0.028372473762456562
97,E>S,0.45671147289596814,0.09890895710545271,20,0.022116715167140307
97,S~E,0.44011153923476326,0.08691991957181247,20,0.019435884876138707
97,S>E,0.4738812524279893,0.0917842221599384,20,0.020523576001156483
97,S>>E,0.4698022451167593,0.09048618371547934,20,0.02023332578123463
98,E>>S,0.4566205327807749,0.09136674932547174,20,0.020430226237493788
98,E>S,0.4732876288400328,0.08053736629278793,20,0.018008702575947402
98,S~E,0.440898508809782,0.08854596724110164,20,0.01979948018845728
98,S>E,0.4783158027231714,0.09377162361550612,20,0.020967972476479628
98,S>>E,0.47506789503179103,0.13036022723495128,20,0.02914943296596705
99,E>>S,0.4600180691459996,0.11219386476516212,20,0.025087310827332097
99,E>S,0.46759905329536633,0.08462773016072764,20,0.01892333574208962
99,S~E,0.47005421233305256,0.07589619241197001,20,0.016970904546656868
99,S>E,0.47601891632266835,0.08913860377047032,20,0.01993199774501907
99,S>>E,0.49766868681937415,0.11869775422428452,20,0.0265416247222063
100,E>>S,0.46380668748156334,0.11173001724958194,20,0.024983591369728927
100,E>S,0.44744134380086764,0.08707271519977658,20,0.019470051017217962
100,S~E,0.44226485985901753,0.09460243774847789,20,0.02115374816427887
100,S>E,0.47005623793856016,0.06559786096862845,20,0.014668127630443341
100,S>>E,0.48395486744312377,0.1142850570808232,20,0.025554915644516434
101,E>>S,0.47474080983837463,0.12017126237639347,20,0.02687111116155787
101,E>S,0.45549575564787526,0.09824051246522185,20,0.02196724640166515
101,S~E,0.45463256465004165,0.08810922090223132,20,0.019701820738193456
101,S>E,0.48005076992106394,0.0916875045261612,20,0.020501949280781608
101,S>>E,0.47223913883195934,0.11662474090933986,20,0.026078084853158455
102,E>>S,0.514917561888017,0.13442427995441603,20,0.030058182780453656
102,E>S,0.47781869268083615,0.10507977761749898,20,0.02349655258132886
102,S~E,0.4321470380678399,0.09233956129796887,20,0.02064775360747671
102,S>E,0.4697020304366699,0.09442027171229965,20,0.021113014600270246
102,S>>E,0.4679939441510418,0.15102569315739633,20,0.0337703716248963
103,E>>S,0.4625324755944402,0.12761373275646487,20,0.028535298130594706
103,E>S,0.45682259890237925,0.10468440866259703,20,0.02340814539539348
103,S~E,0.43412725317686485,0.10170656290571051,20,0.022742278841502723
103,S>E,0.4753724633873425,0.11260293947312403,20,0.025178782712819966
103,S>>E,0.5079022197086648,0.15198482346590259,20,0.033984839681806336
104,E>>S,0.49231021327715735,0.12543741198613523,20,0.028048658012264527
104,E>S,0.4680071463410121,0.08897689487002498,20,0.019895838535622816
104,S~E,0.4418050060773292,0.08539665227982919,20,0.019095271954861045
104,S>E,0.48925851583663127,0.08986124771830989,20,0.020093585844108877
104,S>>E,0.49158133359525114,0.15001617556340902,20,0.03354463662843254
105,E>>S,0.46246803573174644,0.13308741815914954,20,0.029759251395379827
105,E>S,0.43870778406876687,0.1132030546022571,20,0.025312972535126727
105,S~E,0.4440954257715057,0.0920060047894899,20,0.020573168104747065
105,S>E,0.5010591823200367,0.0961751643638997,20,0.021505420526489502
105,S>>E,0.515892938172217,0.1373177919797882,20,0.03070519173869818
106,E>>S,0.45668806439717435,0.1136274094004866,20,0.025407861152668666
106,E>S,0.44011544436623196,0.09492450865352027,20,0.021225765408003836
106,S~E,0.4580798329966405,0.09795534634340394,20,0.021903481318338667
106,S>E,0.4870818041915329,0.1041084002307259,20,0.02327934599446579
106,S>>E,0.502169815867746,0.154236775004491,20,0.03448839135403823
107,E>>S,0.4595463045499118,0.11233721376603585,20,0.02511936463837813
107,E>S,0.4636058916861986,0.10587423917634581,20,0.023674199586438054
107,S~E,0.4391668549998827,0.06366114393396503,20,0.01423506453617442
107,S>E,0.4831622869508093,0.11441248996711643,20,0.0255834105041485
107,S>>E,0.48663076389097126,0.1131459186314308,20,0.02530019654365392
108,E>>S,0.4518651824431852,0.10280705394125295,20,0.022988356117912924
108,E>S,0.456678568040002,0.067472458657554,20,0.015087300416733493
108,S~E,0.43388427620916337,0.08481456978483327,20,0.01896511435212869
108,S>E,0.4979655024787351,0.08955237055855547,20,0.020024518811518083
108,S>>E,0.48733565636143367,0.1053415342193312,20,0.02355508313685448
109,E>>S,0.46343820148798703,0.11784888558803237,20,0.026351811924743566
109,E>S,0.46292160322940534,0.0834970845767445,20,0.018670515703664993
109,S~E,0.44735584074237594,0.08784242844461589,20,0.01964216413108222
109,S>E,0.47898633730456436,0.09278890976140765,20,0.02074823097846013
109,S>>E,0.4677872993349485,0.1661395006787365,20,0.03714992172655272
110,E>>S,0.4979472375350463,0.1244470045812213,20,0.027827196183983854
110,E>S,0.4552368860880204,0.08197786612540778,20,0.01833080813067891
110,S~E,0.4392918795451621,0.08511073680138928,20,0.019031339310299943
110,S>E,0.46114799087622005,0.08381042450272767,20,0.01874058064112131
110,S>>E,0.49568739785179644,0.15089062357176317,20,0.033740169147379456
111,E>>S,0.4666157969627024,0.09262494626064738,20,0.020711567625107247
111,E>S,0.470360296905712,0.07854938702550848,20,0.017564176897997698
111,S~E,0.44569478479181635,0.08199176803102029,20,0.018333916691275546
111,S>E,0.4846236675024911,0.09507052906341157,20,0.021258416564265768
111,S>>E,0.5021018991512356,0.11245983369495119,20,0.02514678328802322
112,E>>S,0.48439057427201515,0.11110198427547653,20,0.024843158927507825
112,E>S,0.4535282385645056,0.08879363601425547,20,0.01985486060972487
112,S~E,0.4435929852003565,0.0820110674587176,20,0.018338232174501347
112,S>E,0.46520830564568005,0.07760767789688254,20,0.017353604335333728
112,S>>E,0.5068550706537139,0.1517620393668487,20,0.033935023642827286
113,E>>S,0.4904362196811694,0.14825810967527944,20,0.033151521144954406
113,E>S,0.4503278310737239,0.09655119437177612,20,0.02158950339240865
113,S~E,0.42725767969521244,0.0855235094070423,20,0.01912363807084893
113,S>E,0.48182126337752607,0.07640884061150896,20,0.017085536168928064
113,S>>E,0.49071743395974393,0.16297628978225576,20,0.03644260626738283
114,E>>S,0.47341447218531296,0.10417237585309379,20,0.023293651378517535
114,E>S,0.449391319509867,0.08914297725946944,20,0.01993297568688916
114,S~E,0.44746287421180053,0.09365743175614738,20,0.020942438400479303
114,S>E,0.47509769474317426,0.07880180556924463,20,0.01762061940025525
114,S>>E,0.4772893543021614,0.06827534437735581,20,0.015266831121497565
115,E>>S,0.49459206118153354,0.099444732797294,20,0.02223651825390522
115,E>S,0.48466590280933985,0.07693719882214138,20,0.017203680656472486
115,S~E,0.4536139749145226,0.09431411095824214,20,0.021089276334008724
115,S>E,0.4889976908943613,0.09655932165334133,20,0.021591320707813857
115,S>>E,0.4660148215524626,0.11620230987958272,20,0.025983626403324234
116,E>>S,0.46971826475902156,0.10364916161746386,20,0.023176657118751123
116,E>S,0.4728086929515777,0.07855938700365911,20,0.017566412961089527
116,S~E,0.4672428784780733,0.094962706837183,20,0.021234306781532524
116,S>E,0.47625558123150424,0.08478510546492414,20,0.018958525929905927
116,S>>E,0.4942139743250554,0.11405280426884039,20,0.02550298233696053
117,E>>S,0.47021305703318445,0.10220385109158218,20,0.022853475860304385
117,E>S,0.4533563461597011,0.07518222455948985,20,0.01681125648146735
117,S~E,0.4529315160763153,0.07774028309421602,20,0.01738325575887447
117,S>E,0.4838007688850353,0.08243992489695333,20,0.0184341276129565
117,S>>E,0.5120708843210707,0.15978714232510066,20,0.03572949121693589
118,E>>S,0.4785983136992001,0.11121020555994947,20,0.024867357942377207
118,E>S,0.47372502880484346,0.07310397827202952,20,0.01634654648419256
118,S~E,0.45289227029456314,0.06823047351038976,20,0.01525679769062302
118,S>E,0.5027461058233057,0.08463668871569874,20,0.018925338935879173
118,S>>E,0.4796135981766483,0.12234755861684762,20,0.027357745794841144
119,E>>S,0.450275439256397,0.10501482884810304,20,0.023482029594986433
119,E>S,0.47110956137663973,0.08947124951213234,20,0.02000637959409728
119,S~E,0.4452616244720905,0.09953176899327162,20,0.022255980138976113
119,S>E,0.48498194813886303,0.0765668877036801,20,0.017120876573102146
119,S>>E,0.48082292460527915,0.11548533459182492,20,0.025823305855162845
120,E>>S,0.4867481398288935,0.12350221326380718,20,0.027615934422954902
120,E>S,0.46834420134654015,0.07322227501225843,20,0.01637299843945941
120,S~E,0.43653304042312085,0.06817084910366561,20,0.015243465267967691
120,S>E,0.4777417270694653,0.12188214057020276,20,0.027253675155815834
120,S>>E,0.4836742444007718,0.11692568458241566,20,0.02614537790419805
121,E>>S,0.486829668301885,0.10207216913244863,20,0.022824030879101086
121,E>S,0.48703236148342877,0.09244842120583759,20,0.02067209542287859
121,S~E,0.4609159658168151,0.0998683497877347,20,0.022331241892610147
121,S>E,0.47099107734202866,0.08856041255689073,20,0.019802710259263362
121,S>>E,0.4832650620518839,0.15978367162951237,20,0.03572871514580942
122,E>>S,0.47601984779116363,0.10658137421459422,20,0.023832319787917593
122,E>S,0.4648832155840787,0.10802933544851265,20,0.0241560937627002
122,S~E,0.44002519131543094,0.07919526235150497,20,0.017708599011389495
122,S>E,0.4763421461739298,0.10618094109959003,20,0.023742780221358457
122,S>>E,0.5123679978993707,0.11480761089110925,20,0.025671762228686546
123,E>>S,0.48179200353837803,0.10730830604748526,20,0.02399486668725288
123,E>S,0.4651778427490577,0.09280254806438637,20,0.020751280595715946
123,S~E,0.4486361185692368,0.07631137092477885,20,0.01706374128440065
123,S>E,0.49949703859129635,0.08637192966187279,20,0.019313350607177798
123,S>>E,0.5110060522030584,0.12017789120847658,20,0.026872593413472798
124,E>>S,0.4763428174298496,0.08102701205622788,20,0.018118190697142055
124,E>S,0.4748400690314975,0.08322561087771817,20,0.018609812339152376
124,S~E,0.4576633371566704,0.09052132884615169,20,0.020241184471360776
124,S>E,0.47979539600947946,0.11141828913361271,20,0.024913886843948414
124,S>>E,0.4922035307304943,0.13421301113931466,20,0.030010941637244406
125,E>>S,0.47548560570767406,0.09697986621979945,20,0.02168535733163071
125,E>S,0.45501282660135844,0.08846209421753796,20,0.019780725610240593
125,S~E,0.43828942163391654,0.08732515529546928,20,0.0195264983386395
125,S>E,0.4968609110899953,0.09030364114727428,20,0.02019250802210524
125,S>>E,0.510041940656225,0.15794378207673165,20,0.035317303334698485
126,E>>S,0.46696118451065677,0.11455179402239163,20,0.025614559837862174
126,E>S,0.4476516467177268,0.07121215347474183,20,0.01592352159936706
126,S~E,0.4574838706029188,0.08647067051241285,20,0.01933542973257417
126,S>E,0.48563448434932177,0.09047366318849805,20,0.020230526106290198
126,S>>E,0.5029047884178269,0.13008476104257796,20,0.02908783685280207
127,E>>S,0.5224553081628778,0.0871469941579925,20,0.019486660297204826
127,E>S,0.478689548310861,0.07425608407568278,20,0.016604165173616632
127,S~E,0.44938423916708026,0.10898212357622751,20,0.02436914366487272
127,S>E,0.5062411295529861,0.10267077339650298,20,0.02295788286170576
127,S>>E,0.4844675974247796,0.11602994472074009,20,0.02594508438211177
128,E>>S,0.46139335823577055,0.09395489043224928,20,0.021008952182505397
128,E>S,0.4472181373550903,0.07971932547600845,20,0.017825783088478566
128,S~E,0.4612467567979025,0.08969291987851045,20,0.020055946594879154
128,S>E,0.5049472377798935,0.07325202369231133,20,0.016379650446543326
128,S>>E,0.4998902217168747,0.15294081605861098,20,0.03419860612413456
129,E>>S,0.5020150633904599,0.11874876510441594,20,0.026553031101762894
129,E>S,0.456825418144308,0.07631938232622364,20,0.01706553268822321
129,S~E,0.42884022087265256,0.0688559061544877,20,0.015396648681378062
129,S>E,0.47591257429723804,0.12375265203105473,20,0.027671934233731578
129,S>>E,0.5072625465822547,0.16292142981295424,20,0.036430339205322654
130,E>>S,0.45651553201939316,0.11634671979445689,20,0.026015917441952596
130,E>S,0.46295523546234485,0.07599899090271055,20,0.01699389098798489
130,S~E,0.451115265035844,0.11043391905485521,20,0.024693775002836555
130,S>E,0.48709814058160594,0.11028071361527461,20,0.02465951722509406
130,S>>E,0.5199242995032497,0.1757966602724875,20,0.03930932825867187
131,E>>S,0.48441846605161104,0.09014033255815036,20,0.020155991111446173
131,E>S,0.46448292841238104,0.0952708648337667,20,0.021303213004349654
131,S~E,0.4447986137508864,0.08986740983171289,20,0.020094963734554293
131,S>E,0.49106684355812236,0.09219579208933729,20,0.020615605835119552
131,S>>E,0.5059922178642088,0.14796280589545632,20,0.033085489212384696
132,E>>S,0.48981934792215176,0.1170302357144855,20,0.02616875624804132
132,E>S,0.4634300707875282,0.09491065877059625,20,0.02122266848003398
132,S~E,0.45592068896402715,0.094067738224002,20,0.021034185715852378
132,S>E,0.4663716655226353,0.10629999428483124,20,0.023769401322872176
132,S>>E,0.502046319131289,0.1623083123888325,20,0.036293241981470076
133,E>>S,0.4933601896617524,0.10424698274332435,20,0.023310333986332074
133,E>S,0.44684689919221815,0.06438518738408291,20,0.014396965573487125
133,S~E,0.4420193812900304,0.09088359678072407,20,0.020322190044138006
133,S>E,0.49241345327893243,0.10108376308411422,20,0.022603016567756318
133,S>>E,0.4899787962459043,0.15271140851208523,20,0.03414730903727626
134,E>>S,0.4748598649997094,0.13385723580981618,20,0.029931387855096806
134,E>S,0.46255745635210516,0.10546636124433283,20,0.02358299530818775
134,S~E,0.4445623820974621,0.08548748616338078,20,0.019115583028689213
134,S>E,0.4815511825509569,0.09239840004719202,20,0.02066091035177411
134,S>>E,0.49315786650356747,0.1441371951743139,20,0.03223005664959205
135,E>>S,0.48813503538013314,0.09874918745778552,20,0.022080989587847804
135,E>S,0.4526581280609706,0.08848740245585004,20,0.019786384704366253
135,S~E,0.4354107059157874,0.09399667944940657,20,0.02101829649081306
135,S>E,0.4784129632737352,0.09205585743214692,20,0.020584315494530974
135,S>>E,0.5081710915724063,0.12076786160253505,20,0.027004514804055506
136,E>>S,0.4594210069259154,0.10978972154976727,20,0.024549728061605314
136,E>S,0.47437181392273925,0.07628600281584368,20,0.017058068802796682
136,S~E,0.4717574136337336,0.090137913447198,20,0.02015545018179271
136,S>E,0.4844963519257803,0.09678574038714136,20,0.021641949475829488
136,S>>E,0.49086966708392293,0.10416815182306492,20,0.02329270685668918
137,E>>S,0.505191645684082,0.09756767646706785,20,0.021816795698707023
137,E>S,0.4680804392449172,0.08739351741619455,20,0.01954178457354228
137,S~E,0.4351497454539504,0.1169842300682895,20,0.026158469072817016
137,S>E,0.4854023519841507,0.08598225440284953,20,0.019226216570345213
137,S>>E,0.48820222166765614,0.11847677380956807,20,0.02649221199930609
138,E>>S,0.4990298403403111,0.0963098951248797,20,0.02153554724051066
138,E>S,0.4776955348237591,0.0915511980599305,20,0.020471470228355146
138,S~E,0.436575657363843,0.08278327602860647,20,0.018510903260009287
138,S>E,0.4915664699128911,0.09274808712530673,20,0.02073910275952589
138,S>>E,0.489490707998338,0.1095981284927368,20,0.024506886551651605
139,E>>S,0.4752697488249068,0.09300676543938814,20,0.020796944988984996
139,E>S,0.4625699722336469,0.09423243620812602,20,0.02107101330467823
139,S~E,0.4482168723125556,0.07979326555944082,20,0.017842316593760243
139,S>E,0.46629204223511544,0.06636976235083539,20,0.014840730026697417
139,S>>E,0.5128649497463537,0.14127025014055464,20,0.031588988251267935
140,E>>S,0.46002513681709034,0.11025962184440244,20,0.024654800961750458
140,E>S,0.4557116401902568,0.11554768897430258,20,0.02583724871895435
140,S~E,0.45777034307637027,0.08647723272643111,20,0.019336897088236944
140,S>E,0.49120317131699415,0.08368982534793809,20,0.018713613850307453
140,S>>E,0.5081125344426412,0.15923333591205907,20,0.035605656338342256
141,E>>S,0.4835295773163155,0.09920783554919561,20,0.022183546418862155
141,E>S,0.47294213209559155,0.10611855601188021,20,0.023728830491668313
141,S~E,0.44636134084531615,0.10405513443473276,20,0.02326743540039416
141,S>E,0.49333377353777685,0.08763986297022298,20,0.01959686911401852
141,S>>E,0.4766958914719283,0.1157484248519243,20,0.025882134625742875
142,E>>S,0.47894616644142607,0.09791176015099061,20,0.021893735149427006
142,E>S,0.4704519570149867,0.09038888978601883,20,0.02021157019722745
142,S~E,0.4359477331057088,0.08626866811492212,20,0.019290260623333447
142,S>E,0.4784982426994663,0.0801223559051983,20,0.017915903432145507
142,S>>E,0.47348694833018373,0.1131043376765392,20,0.025290898759483225
143,E>>S,0.5008319141287539,0.10084936600930118,20,0.02255060378845541
143,E>S,0.4754659314028018,0.06633948325779807,20,0.014833959415664568
143,S~E,0.4436850673450813,0.080418595187508,20,0.017982144549430534
143,S>E,0.48244461328789284,0.10871347832320775,20,0.024309072760114236
143,S>>E,0.5013918059533037,0.128186004563882,20,0.02866326199689384
144,E>>S,0.455393138071616,0.1299140905109151,20,0.029049673761746653
144,E>S,0.44887086447081853,0.08247821881920983,20,0.01844269039428556
144,S~E,0.4445454742165139,0.09552022933521928,20,0.021358972601991984
144,S>E,0.49060609848851444,0.07418049278217323,20,0.016587262446537184
144,S>>E,0.49007820500906585,0.1294590754770257,20,0.028947929307090548
145,E>>S,0.4834744955068839,0.09503303335877811,20,0.0212500322698233
145,E>S,0.45662242639739237,0.08067219585186149,20,0.018038851381893883
145,S~E,0.4639888898766148,0.06997860122097922,20,0.01564769093004593
145,S>E,0.4806775521583515,0.08035536088481951,20,0.017968004929498408
145,S>>E,0.5121179497581394,0.15436078306219983,20,0.034516120398717695
146,E>>S,0.4644075695676924,0.07802470120178061,20,0.017446853581129098
146,E>S,0.45213971814498677,0.08831504009662634,20,0.01974784330916761
146,S~E,0.4456753652552236,0.0736906648935197,20,0.016477733600906735
146,S>E,0.47580073955586294,0.08181557820898643,20,0.018294519449374415
146,S>>E,0.5093658501652378,0.1586394513141349,20,0.0354728597051674
147,E>>S,0.47397198560491016,0.10462906829793911,20,0.023395770913666007
147,E>S,0.4459474353931096,0.10441877655783476,20,0.023348748251068
147,S~E,0.4403704973076155,0.08098903524134098,20,0.01810969882317645
147,S>E,0.5060654684517306,0.0877137394825953,20,0.01961338840437903
147,S>>E,0.509356648129618,0.15743568252252535,20,0.03520368882044422
148,E>>S,0.4784944079485201,0.09430012592333833,20,0.021086149185137463
148,E>S,0.4675459222861448,0.10240082793524524,20,0.022897521221546778
148,S~E,0.4364535469278742,0.07757795348906368,20,0.017346957755686336
148,S>E,0.4865114389180262,0.08015174998717259,20,0.01792247614868858
148,S>>E,0.5128346747300846,0.1725953775556435,20,0.03859349968166603
149,E>>S,0.4872046091138899,0.13274710619933472,20,0.029683155327809616
149,E>S,0.4528294924969679,0.08584040480035571,20,0.019194498034969462
149,S~E,0.449185105474471,0.07661745674669206,20,0.017132184154875333
149,S>E,0.5041572936164379,0.12416767655695127,20,0.027764736538955007
149,S>>E,0.49297124192422304,0.09593147121414725,20,0.02145092908163975
150,E>>S,0.4793411427889989,0.09727744481084045,20,0.021751897927452343
150,E>S,0.45374447979830296,0.10029938505165563,20,0.022427624307692823
150,S~E,0.4414895419880744,0.08438363091920595,20,0.018868753492359756
150,S>E,0.4827136290731465,0.11066652436333017,20,0.02474578713100429
150,S>>E,0.5017453251537163,0.15090552256224304,20,0.033743500662930366
151,E>>S,0.4789693957034952,0.12496846258255875,20,0.027943797737824027
151,E>S,0.4486517391877145,0.10478013115259427,20,0.023429549594854417
151,S~E,0.4516549701987622,0.08213324390148813,20,0.01836555165762975
151,S>E,0.4752160978297967,0.08614628198400318,20,0.019262894252509655
151,S>>E,0.5134154714419961,0.12057378645290996,20,0.02696111828132499
152,E>>S,0.4833746581982693,0.09556011387304986,20,0.02136789105577602
152,E>S,0.4616216768172186,0.08391022709795995,20,0.018762897179848335
152,S~E,0.4449276488535017,0.0741801355365891,20,0.016587182563996106
152,S>E,0.47995364819990743,0.09826887341324313,20,0.021973588102433342
152,S>>E,0.5027084994173612,0.13150900272908894,20,0.029406306975544822
153,E>>S,0.4337030039181228,0.11114824310318558,20,0.024853502715839512
153,E>S,0.4601665790101094,0.09169469304365979,20,0.020503556682160036
153,S~E,0.4523340437841174,0.08216159570861327,20,0.018371891314431427
153,S>E,0.48786786346655947,0.09716319904749399,20,0.021726351798153937
153,S>>E,0.5156271061250369,0.12674647404238332,20,0.028341373186718165
154,E>>S,0.4873690996310486,0.12925505891247008,20,0.02890230981640231
154,E>S,0.47349378677265924,0.08669048864873968,20,0.01938458256212558
154,S~E,0.4587998292167221,0.07214217060882544,20,0.016131479752572106
154,S>E,0.4920424916906697,0.09171390418137619,20,0.020507852423145935
154,S>>E,0.48337230897959227,0.11416563530061342,20,0.025528212122662125
155,E>>S,0.4573466045543695,0.135230514405609,20,0.030238462284320623
155,E>S,0.46167309930188516,0.07445687058612731,20,0.016649062402248525
155,S~E,0.4601569344774128,0.09807618649414131,20,0.021930501997484673
155,S>E,0.4610961808427655,0.07836907123748817,20,0.01752385706205471
155,S>>E,0.4819066774092164,0.13208720084278053,20,0.029535596004212475
156,E>>S,0.45683028446296675,0.10538421343539804,20,0.023564626499689666
156,E>S,0.43257950080181173,0.08323075989337732,20,0.01861096369405548
156,S~E,0.452647496353049,0.08893655905573089,20,0.019886819173353876
156,S>E,0.5019126885868003,0.08612347555109892,20,0.019257794579079834
156,S>>E,0.49404847267171936,0.10971774783177915,20,0.024533634249003834
157,E>>S,0.47851500943753233,0.10970973488620625,20,0.02453184249990373
157,E>S,0.46507637987351735,0.08720105198284231,20,0.019498747994312823
157,S~E,0.46139592913500554,0.09758171403770294,20,0.021819934594924924
157,S>E,0.4710388188560411,0.07957287346030405,20,0.017793035422222877
157,S>>E,0.5004781073846469,0.16730641898742227,20,0.037410852592793774
158,E>>S,0.4751991386960589,0.08814950763101574,20,0.019710829124608763
158,E>S,0.46740946212237694,0.08234345935601874,20,0.018412557262254894
158,S~E,0.451059045724789,0.1011010467649197,20,0.022606881316274564
158,S>E,0.47413080765952975,0.08726348560199904,20,0.019512708575964398
158,S>>E,0.49562328358231583,0.0922616780109122,20,0.020630338375059724
159,E>>S,0.48341458415717825,0.08868736121642005,20,0.01983109684249937
159,E>S,0.45367311440076596,0.10877581038862522,20,0.024323010633659378
159,S~E,0.4265611458693197,0.09109349541057674,20,0.02036912480461147
159,S>E,0.49191695523183404,0.06151804124564252,20,0.013755852206789251
159,S>>E,0.5012717411445429,0.15405791780833197,20,0.03444839766915057
160,E>>S,0.46551461440083186,0.11289682849966899,20,0.025244498296939543
160,E>S,0.45682600683298186,0.07683502444088142,20,0.01718083377026686
160,S~E,0.45582986359959454,0.0792806536462007,20,0.01772769308535213
160,S>E,0.4882672322291257,0.08507729035683835,20,0.01902386045793779
160,S>>E,0.5223590334149921,0.1730650059252218,20,0.038698511777519984
161,E>>S,0.46294469873357114,0.10781190176309811,20,0.02410747411258168
161,E>S,0.44546461470556215,0.11739663052584887,20,0.026250684618522493
161,S~E,0.45083790124470174,0.08151925023441271,20,0.01822825849989625
161,S>E,0.4943969500163153,0.08475694513457659,20,0.01895222908861333
161,S>>E,0.4873503960554723,0.14884478353533762,20,0.03328270540812563
162,E>>S,0.49609472883599504,0.11090742012861429,20,0.024799653061671003
162,E>S,0.4741156202954181,0.09329942664492909,20,0.020862386023981657
162,S~E,0.43528581135547384,0.0785660326846826,20,0.01756789898054206
162,S>E,0.49264610660992575,0.0945069544718497,20,0.021132397454553364
162,S>>E,0.4926453364497272,0.11487266707602162,20,0.025686309233868634
163,E>>S,0.4964711111719177,0.12101570778817339,20,0.02705993489596064
163,E>S,0.460487430723932,0.08088223590050207,20,0.018085817764569655
163,S~E,0.4663162103434533,0.09494322261257558,20,0.021229949976461417
163,S>E,0.47804741543316887,0.09092300302719176,20,0.020331001548721993
163,S>>E,0.49150489642064227,0.13877736725568998,20,0.031031562692217622
164,E>>S,0.4873524696623436,0.09351579916810761,20,0.02091076839101069
164,E>S,0.46262993979711753,0.09381239495477083,20,0.020977089225092588
164,S~E,0.4360883021964469,0.07934516143638332,20,0.017742117465744795
164,S>E,0.48323357459036786,0.07151195189173865,20,0.015990558563362227
164,S>>E,0.5095732942381204,0.10837070314546521,20,0.024232425900271047
165,E>>S,0.4713986915534618,0.12838412004523306,20,0.02870756196526345
165,E>S,0.47473561969868533,0.08153890698373922,20,0.018232653882667323
165,S~E,0.4718460704847452,0.10354233163083229,20,0.023152769207536766
165,S>E,0.48636365270440207,0.07559337047217085,20,0.016903191502409938
165,S>>E,0.5017691347486417,0.14778815874245727,20,0.033046436921766426
166,E>>S,0.48711357981981324,0.0897643878951491,20,0.020071927329221265
166,E>S,0.4673888283232279,0.09667457053390172,20,0.021617091140940237
166,S~E,0.4512603671084327,0.1017418871368845,20,0.02275017757971852
166,S>E,0.46748927692357134,0.08853381690697772,20,0.019796763291152233
166,S>>E,0.5146109890807585,0.1557591621315399,20,0.03482880746445342
167,E>>S,0.4792975126921301,0.11800074295811358,20,0.026385768264982158
167,E>S,0.45932660395816616,0.0797945625896545,20,0.017842606618532913
167,S~E,0.4472744026788858,0.09873689614555231,20,0.022078241166879193
167,S>E,0.4836893077082268,0.09799020494669756,20,0.02191127593899519
167,S>>E,0.5042945792717265,0.10868041857615937,20,0.024301680375942325
168,E>>S,0.492074152764235,0.1022946603067462,20,0.022873781418113397
168,E>S,0.4587902428681584,0.10028362868311004,20,0.022424101076578176
168,S~E,0.4689531029904484,0.0994946314287486,20,0.02224767592709689
168,S>E,0.48558741567314645,0.09087605487318456,20,0.02032050362234417
168,S>>E,0.4767540681303807,0.08963638031484845,20,0.020043303964102515
169,E>>S,0.4749799637162126,0.09609116843411443,20,0.021486638465606188
169,E>S,0.4480331796646032,0.0941690173312781,20,0.021056832412709364
169,S~E,0.4346368328108121,0.09387527052664171,20,0.020991148630375333
169,S>E,0.4841613096957899,0.09084393619850575,20,0.02031332166835127
169,S>>E,0.5255164007850155,0.15760137444629074,20,0.035240738660930436
170,E>>S,0.47598140778994047,0.08505092069658712,20,0.019017964022651258
170,E>S,0.46753671080110204,0.07164756661690318,20,0.016020882937784014
170,S~E,0.4464850276487053,0.10865317904844289,20,0.02429558943237742
170,S>E,0.48287371750544883,0.0721504981027045,20,0.01613334183681169
170,S>>E,0.501177054896989,0.1215156938717142,20,0.027171735183020754
171,E>>S,0.46087717823339014,0.12760968940975206,20,0.028534394010784062
171,E>S,0.4654934588110913,0.0947311169783428,20,0.021182521714805898
171,S~E,0.4623458582143817,0.08652578363083002,20,0.01934775340049745
171,S>E,0.5045111379999323,0.12011875329224941,20,0.026859369773399634
171,S>>E,0.5313645024831727,0.15807555063076176,20,0.035346767679109305
172,E>>S,0.4830129537548924,0.10741146329130308,20,0.024017933348207697
172,E>S,0.460662294645791,0.08152705550038085,20,0.018230003810424972
172,S~E,0.4479532210512069,0.0774503495501885,20,0.01731842464753417
172,S>E,0.4954308699418538,0.10311932653910472,20,0.023058182393543625
172,S>>E,0.4827335345228634,0.09829642542082342,20,0.021979748918619955
173,E>>S,0.4990897736170311,0.10670055213058083,20,0.023858968780073875
173,E>S,0.4466719713975732,0.07797017202968902,20,0.01743466048757374
173,S~E,0.46323288757046654,0.10604916111939894,20,0.02371331332198037
173,S>E,0.4859682882918726,0.09778128900423712,20,0.02186456091410269
173,S>>E,0.5071703991877159,0.15700072261769285,20,0.035106428828974995
174,E>>S,0.484939620653699,0.09852654139176685,20,0.02203120441399374
174,E>S,0.44671735110469707,0.06012990201636028,20,0.013445454838898325
174,S~E,0.45498075855907344,0.0889949830194351,20,0.01989988316878964
174,S>E,0.49110645620559196,0.09879914801253886,20,0.022092161107510014
174,S>>E,0.5132664624457239,0.17653758465464853,20,0.03947500398714178
175,E>>S,0.47241701900154653,0.09674572106407851,20,0.021633000883151284
175,E>S,0.4527178408052772,0.08869295275262816,20,0.019832347148005365
175,S~E,0.4604625430286259,0.09288856653422664,20,0.02077051491030428
175,S>E,0.49368670951856924,0.08008871161715737,20,0.0179083803406341
175,S>>E,0.5021810333562919,0.15142632443413298,20,0.03385995550176587
176,E>>S,0.4841092622286709,0.09711801382685535,20,0.021716248075661304
176,E>S,0.4488162492127625,0.08848411614204596,20,0.01978564986226012
176,S~E,0.4434742855201771,0.06808540425756532,20,0.015224359219546964
176,S>E,0.49287713619129014,0.09212499693957946,20,0.020599775558385974
176,S>>E,0.5222436776286098,0.10905982712361371,20,0.02438651870627756
177,E>>S,0.4673533625571797,0.10906569718245576,20,0.024387831291337835
177,E>S,0.47836075207599665,0.09218071750493644,20,0.020612235055574267
177,S~E,0.45238634027976576,0.0734457369632508,20,0.016422966050739774
177,S>E,0.47922337275383187,0.07069795503996701,20,0.015808543333959008
177,S>>E,0.5106027683813028,0.12217077985427868,20,0.027318216861832896
178,E>>S,0.46152649583935784,0.1218673324768401,20,0.02725036396547823
178,E>S,0.445355003885154,0.09187184064834944,20,0.020543168090773768
178,S~E,0.4712267774156899,0.09015661555903796,20,0.020159632101132408
178,S>E,0.5037763050246036,0.10136482635616875,20,0.022665864225985564
178,S>>E,0.48877328543190074,0.09245747403750743,20,0.020674119697578854
179,E>>S,0.49664246492394104,0.12236441998920534,20,0.027361516112319722
179,E>S,0.43937307901575473,0.09861700708536653,20,0.022051433158045794
179,S~E,0.4633431768635271,0.08961405820582972,20,0.02003831258878581
179,S>E,0.5051069878024164,0.07117703810772051,20,0.015915669564595607
179,S>>E,0.5167484219467532,0.11094479658178098,20,0.024808010690674856
180,E>>S,0.4619274669287849,0.13051892585750216,20,0.029184919056762983
180,E>S,0.449516183014781,0.08285169742196494,20,0.018526202748675766
180,S~E,0.46715690797541043,0.0840161420754855,20,0.018786580488806583
180,S>E,0.49196671486057797,0.10199660069655966,20,0.022807133263140978
180,S>>E,0.48494210708661917,0.13536443153384595,20,0.030268407064529566
181,E>>S,0.47822979418511186,0.13369127259092692,20,0.0298942773511767
181,E>S,0.4678617066783489,0.08121146897559539,20,0.01815943651820465
181,S~E,0.46973599083217205,0.10033611135438145,20,0.02243583655863854
181,S>E,0.4931461803466256,0.08307410573627129,20,0.01857593475963078
181,S>>E,0.5004913184766091,0.12028750809715164,20,0.026897104494928742
182,E>>S,0.48564613429359643,0.12554667215459725,20,0.02807308932865594
182,E>S,0.4722673093143122,0.0821599689148815,20,0.018371527552294466
182,S~E,0.4427218842749463,0.09051676119802515,20,0.020240163114189955
182,S>E,0.5009060406279949,0.08627138701811249,20,0.01929086858856924
182,S>>E,0.5024337787648775,0.1617248310652447,20,0.03616277159115569
183,E>>S,0.4655946372826394,0.118835676283047,20,0.026572465032105263
183,E>S,0.45473458379510473,0.11320492570925,20,0.02531339092736966
183,S~E,0.4534103688431645,0.07584356097743573,20,0.01695913580011967
183,S>E,0.480356179549642,0.11136707292645957,20,0.024902434551874002
183,S>>E,0.5075922385344772,0.12422951122655164,20,0.027778563191414272
184,E>>S,0.4752950375911511,0.12209558958864525,20,0.027301403807312635
184,E>S,0.4660503547145405,0.10602853383867931,20,0.023708700921792367
184,S~E,0.4597835920427896,0.07643830330725913,20,0.01709212422797784
184,S>E,0.5048193680088913,0.08712008447749249,20,0.019480643109719746
184,S>>E,0.4917186523043733,0.1002549316918132,20,0.022417684234249228
185,E>>S,0.4846340706110797,0.10908656903954508,20,0.024392498380464676
185,E>S,0.47138257200155226,0.09763301896418247,20,0.02183140672524381
185,S~E,0.4526813671048776,0.07942608612573612,20,0.017760212776389887
185,S>E,0.4750093145530164,0.08004780108654215,20,0.017899232467888975
185,S>>E,0.4745567354107226,0.10258150065451728,20,0.02293792086974398
186,E>>S,0.4787166587405993,0.12060901378945008,20,0.026968995353241987
186,E>S,0.46806011468523706,0.10345602645318044,20,0.02313347078313279
186,S~E,0.4411219860145281,0.07789609109675402,20,0.017418095487385814
186,S>E,0.5017544128671485,0.09994302834654839,20,0.02234794052600706
186,S>>E,0.5172205623997915,0.1170552656667964,20,0.0261743531155254
187,E>>S,0.47363341503954465,0.11407212490977343,20,0.025507302563610047
187,E>S,0.4865728068350578,0.10804520129560095,20,0.024159641473961206
187,S~E,0.4502995846098291,0.07956376783361838,20,0.017790999342198185
187,S>E,0.4830195941223657,0.056923740265576006,20,0.012728535276736988
187,S>>E,0.49925065777087496,0.1415263490816101,20,0.03164625371538451
188,E>>S,0.49391708473223456,0.10678479532736057,20,0.023877806131538015
188,E>S,0.48112355680281504,0.08148973323263983,20,0.018221658297650635
188,S~E,0.4446221527679346,0.07953276364358229,20,0.017784066594547385
188,S>E,0.4828069291006284,0.0825015779961314,20,0.01844791366503507
188,S>>E,0.4923847794727738,0.12379045837474709,20,0.02768038798917926
189,E>>S,0.4930764394279136,0.1248815592886638,20,0.027924365570562253
189,E>S,0.46977382823064334,0.08409996574313643,20,0.018805324030705665
189,S~E,0.44843309981665846,0.08383609761919815,20,0.018746321324483534
189,S>E,0.48767624725592995,0.10168193371732842,20,0.022736771587557422
189,S>>E,0.4833837203591062,0.1283588345471601,20,0.02870190795600984
190,E>>S,0.48612501509372363,0.10889430509400487,20,0.02434950685527965
190,E>S,0.477996131100103,0.08665443028510829,20,0.019376519666901862
190,S~E,0.4716503856114069,0.07497120811223276,20,0.016764071769423614
190,S>E,0.48261160133701153,0.07256189351397964,20,0.016225332647335954
190,S>>E,0.5135853613618042,0.13814311037016117,20,0.03088973854109365
191,E>>S,0.5048146127731064,0.1113501364085501,20,0.02489864743133923
191,E>S,0.4694460349332591,0.0769394095390892,20,0.01720417498780992
191,S~E,0.45276899191517994,0.08702318997789868,20,0.019458976840945986
191,S>E,0.48586163116289977,0.080647998980703,20,0.018033440797018567
191,S>>E,0.5173755688648775,0.15310638847118208,20,0.03423562924110532
192,E>>S,0.4850433192697207,0.12227880736556458,20,0.027342372547700437
192,E>S,0.473648854964755,0.09337769585180769,20,0.020879887550694212
192,S~E,0.4442153268823045,0.08621981141248011,20,0.019279335932551767
192,S>E,0.5144927888625088,0.11026038531194675,20,0.024654971678283226
192,S>>E,0.5099468032850274,0.14877820646154527,20,0.03326781832185136
193,E>>S,0.49121554822963526,0.1074173073342491,20,0.02401924011593677
193,E>S,0.4813950691711676,0.10866925061589373,20,0.024299183144109927
193,S~E,0.4411763942606931,0.10470844511061901,20,0.02341352010856496
193,S>E,0.4985224284702608,0.1022799475358247,20,0.022870491542521614
193,S>>E,0.49063165283715576,0.1434509413749064,20,0.03207660563506279
194,E>>S,0.48492168978271116,0.12127280445526012,20,0.027117423458400097
194,E>S,0.4568029659418601,0.0961902202443495,20,0.02150878712370419
194,S~E,0.4521281090324372,0.07783015572153701,20,0.017403351889275092
194,S>E,0.49387736649943575,0.0876492623795334,20,0.019598970885835162
194,S>>E,0.49472420709814086,0.14048293845218643,20,0.03141294000580079
195,E>>S,0.5064833873585407,0.10514104828107601,20,0.023510253118207338
195,E>S,0.4725950431326128,0.1047585333956366,20,0.02342472018958253
195,S~E,0.45196578285838057,0.0903869054603072,20,0.02021112648850938
195,S>E,0.47689795700964116,0.0740097036575648,20,0.016549072837292973
195,S>>E,0.4878306292926696,0.09715973461376769,20,0.02172557712722238
196,E>>S,0.5091080369604313,0.10389832371976138,20,0.023232371458566523
196,E>S,0.453057919107413,0.09063040263000169,20,0.020265574110885948
196,S~E,0.45139370297478293,0.09937746666529185,20,0.02222147708953119
196,S>E,0.4967152868775594,0.09697602780195519,20,0.02168449903530813
196,S>>E,0.5157386888980856,0.11563987539156748,20,0.025857862228514997
197,E>>S,0.4877266273357015,0.11459068137947044,20,0.025623255315251527
197,E>S,0.4758569737791515,0.09271649809332923,20,0.02073203923724138
197,S~E,0.457767948960055,0.09316350752337915,20,0.020831993584458884
197,S>E,0.4750963779539733,0.07688155102785668,20,0.017191237431390637
197,S>>E,0.5106504596948982,0.14170474862980942,20,0.031686145067077405
198,E>>S,0.48301649926188917,0.09997207223724251,20,0.022354434937399373
198,E>S,0.4673886558806005,0.08990295039661347,20,0.02010291084646194
198,S~E,0.4437271844200727,0.08453551952588333,20,0.018902716817313592
198,S>E,0.4736897463698323,0.07914171545910553,20,0.017696625562250594
198,S>>E,0.5073381783970492,0.12404938393785872,20,0.027738285505202263
199,E>>S,0.48108233551874824,0.11439003031465328,20,0.025578388373182638
199,E>S,0.46303628968731364,0.09463166012643504,20,0.021160282486636508
199,S~E,0.43797816886582036,0.08494173401202823,20,0.018993549137760104
199,S>E,0.48158742349350786,0.08745606759286614,20,0.019555771218246507
199,S>>E,0.4859584284110026,0.10068868765253597,20,0.022514675015631414
200,E>>S,0.4955596609747318,0.11132220682126774,20,0.024892402185764544
200,E>S,0.4952715171590224,0.08900670160906089,20,0.019902503525090005
200,S~E,0.45131928592809645,0.09482494638744693,20,0.021203502608510442
200,S>E,0.4722005825790741,0.09848996487204068,20,0.022023025655544932
200,S>>E,0.4868428677166202,0.0987655098645435,20,0.022084639388954528
201,E>>S,0.4792394479597177,0.11530501944590298,20,0.02578298616279742
201,E>S,0.4621096672671442,0.08476620504061069,20,0.01895429966654908
201,S~E,0.46092300762305766,0.07420186867437464,20,0.01659204224134139
201,S>E,0.5009752170571072,0.08962412600054714,20,0.020040563816122976
201,S>>E,0.4880063156825389,0.10333937148693335,20,0.023107385939688647
202,E>>S,0.4787814501720353,0.1455737144482114,20,0.032551272124334396
202,E>S,0.46777019731336855,0.10328468282087581,20,0.023095157182198303
202,S~E,0.44555772103215546,0.09748302809742217,20,0.021797867747835795
202,S>E,0.47804784845465953,0.10070299390366785,20,0.02251787399063482
202,S>>E,0.5071215323676602,0.16171336852301368,20,0.03616020848879333
203,E>>S,0.49490125026371146,0.11250199317637752,20,0.02515621043465976
203,E>S,0.47287621372409117,0.07726001100816957,20,0.01727586365566492
203,S~E,0.4411193257120981,0.09963712612309071,20,0.02227953870939509
203,S>E,0.47867251209210304,0.09463378148844388,20,0.021160756837602174
203,S>>E,0.50579024851524,0.11959744640435473,20,0.026742802009552497
204,E>>S,0.457305631039348,0.09824788300768729,20,0.021968894505063525
204,E>S,0.4625659276763308,0.0965854464938148,20,0.02159716239973386
204,S~E,0.45380972925708624,0.1017396907468972,20,0.02274968645198685
204,S>E,0.48127195404176903,0.08911985652763149,20,0.019927805734081237
204,S>>E,0.5210484578251483,0.119021728715324,20,0.026614067620700316
205,E>>S,0.4789374507967189,0.08905532717932199,20,0.019913376533144858
205,E>S,0.47720065065815886,0.10774102562599085,20,0.024091625726526237
205,S~E,0.4450992429265653,0.10052005367401125,20,0.02247696731170166
205,S>E,0.46869704747068475,0.11832516909457409,20,0.02645831215446249
205,S>>E,0.4917091209273581,0.10348356833029586,20,0.023139629334078593
206,E>>S,0.4949778856163918,0.09773208453305123,20,0.02185355845986583
206,E>S,0.46299917557848,0.10543961736454316,20,0.023577015194868572
206,S~E,0.46090540410930014,0.09614280891916234,20,0.021498185629102006
206,S>E,0.46305671389404457,0.09763751399454909,20,0.02183241184458988
206,S>>E,0.4874079113072926,0.08760095389537154,20,0.019588168780387574
207,E>>S,0.4757629582781722,0.11481529889676366,20,0.025673481319012013
207,E>S,0.4567273602620256,0.10553778916465019,20,0.023598967076719855
207,S~E,0.46329017955569174,0.10067376588326415,20,0.02251133840658778
207,S>E,0.47301902776487,0.08561049003435042,20,0.019143087530387584
207,S>>E,0.5255347785375027,0.12215437877807218,20,0.027314549469702708
208,E>>S,0.4907138720727728,0.11452286446526407,20,0.025608090992232553
208,E>S,0.47816177996189557,0.08513238013437516,20,0.019036178906681554
208,S~E,0.45369734459566874,0.0840373344402122,20,0.018791319245619872
208,S>E,0.46822411331491354,0.08665915480953737,20,0.01937757610268034
208,S>>E,0.5070676229057194,0.15236750731334905,20,0.03407041039148448
209,E>>S,0.45148668386747987,0.1294398143074246,20,0.028943622378635125
209,E>S,0.4675742181881555,0.08242333219646478,20,0.018430417372334227
209,S~E,0.4454526571499615,0.07717008963119729,20,0.01725575662451088
209,S>E,0.48078138722223007,0.08703660761527039,20,0.019461977115872046
209,S>>E,0.5001775063857995,0.13501432837674968,20,0.03019012161868911
210,E>>S,0.4844487468179799,0.1009028517457582,20,0.022562563562709866
210,E>S,0.46678720767749865,0.10738021234646117,20,0.024010945424504937
210,S~E,0.4632695737387456,0.09543224280551667,20,0.02133929821584005
210,S>E,0.47767556898165253,0.07867233450731576,20,0.017591668790696045
210,S>>E,0.5206841681479056,0.15879186785555308,20,0.035506941079918045
211,E>>S,0.5150126087858592,0.11396018496219902,20,0.02548227203039263
211,E>S,0.439929718520928,0.1108337017062394,20,0.024783169121308568
211,S~E,0.45175217156256153,0.07170683241320429,20,0.016034135172711007
211,S>E,0.4739343931235819,0.0893884678142387,20,0.019987869043718978
211,S>>E,0.511079724970586,0.1670233541323337,20,0.03734755736699186
212,E>>S,0.48062884328538147,0.12588018781487129,20,0.028147665697449288
212,E>S,0.4758850602017011,0.07779220871786739,20,0.017394866681300324
212,S~E,0.4809773864401355,0.09682805110060733,20,0.02165141043897813
212,S>E,0.4686951373329447,0.10764496094857312,20,0.024070145011631974
212,S>>E,0.4865511120205669,0.09862162738957811,20,0.022052466289475176
213,E>>S,0.4810716048132246,0.14687217837128977,20,0.03284161748416783
213,E>S,0.46412632131908077,0.10631158003530715,20,0.023771991975435627
213,S~E,0.4605805374047181,0.08386415172063579,20,0.018752594412269757
213,S>E,0.4789080961115829,0.09600363426822436,20,0.021467065231077796
213,S>>E,0.4874483381207738,0.10083346501410428,20,0.022547048217838397
214,E>>S,0.48837891360292085,0.10177408726077986,20,0.022757377746309912
214,E>S,0.4771345000983732,0.10486458228049826,20,0.023448433441131403
214,S~E,0.4574708992394945,0.08499684059108335,20,0.019005871343437578
214,S>E,0.49243300374808446,0.10220034690124702,20,0.02285269229952483
214,S>>E,0.4665319364063417,0.09243444511587405,20,0.02066897027415678
215,E>>S,0.49267002237643676,0.10844896753796146,20,0.024249926350454983
215,E>S,0.46710156208695325,0.0820081590991154,20,0.018337581845523993
215,S~E,0.4471211192664993,0.08292845334566708,20,0.018543365894983146
215,S>E,0.5022196035322011,0.08561618866242218,20,0.019144361782362278
215,S>>E,0.4904701269606894,0.13201357648297501,20,0.029519133096879972
216,E>>S,0.4745563032029304,0.15272756420931394,20,0.034150921560998984
216,E>S,0.44680262025202283,0.09101691442118172,20,0.020352000774804323
216,S~E,0.4581767047896183,0.09995670876187832,20,0.022350999559870875
216,S>E,0.5079141948472852,0.12158734479090952,20,0.027187756815617862
216,S>>E,0.503447425075523,0.11627609995729615,20,0.02600012636630746
217,E>>S,0.4854591561748373,0.10258431091304185,20,0.02293854926265351
217,E>S,0.44631803180243035,0.07964573471762881,20,0.017809327694653303
217,S~E,0.45580339868211517,0.08639824570126342,20,0.0193192350524754
217,S>E,0.48752616797537385,0.08390703087328251,20,0.018762182482283323
217,S>>E,0.5017590510247436,0.15327978105578882,20,0.03427440100170283
218,E>>S,0.4968174090489348,0.11847081533831885,20,0.02649087964463057
218,E>S,0.4664803312834927,0.0905655305503158,20,0.020251068272884004
218,S~E,0.44276797556248726,0.09539355106896545,20,0.021330646480530447
218,S>E,0.4671991249356287,0.10801667446477603,20,0.02415326268067049
218,S>>E,0.5315188642723937,0.15643426358939863,20,0.03497976473960156
219,E>>S,0.4992340055395018,0.08842086492619564,20,0.019771506460430036
219,E>S,0.44748346224443186,0.08602554062171877,20,0.01923589566313327
219,S~E,0.4295355714919739,0.10502947796300424,20,0.02348530523665936
219,S>E,0.4803465707628033,0.10194893657408409,20,0.022796475241346655
219,S>>E,0.4811660976303485,0.11589095282637002,20,0.025914004849698472
220,E>>S,0.48200621277200967,0.08978645796947608,20,0.020076862347867624
220,E>S,0.4499092766058183,0.09218709573013217,20,0.020613661270085615
220,S~E,0.44402053047932777,0.10016916901240146,20,0.022398507116139513
220,S>E,0.4872969229497947,0.10215234277480549,20,0.022841958250532455
220,S>>E,0.5063457847753043,0.1551134058290738,20,0.03468441196553211
221,E>>S,0.5201986403146723,0.11770747944124246,20,0.02632019254907771
221,E>S,0.48503852578705053,0.09880487969115274,20,0.022093442749810597
221,S~E,0.4469742058658972,0.08909108091854545,20,0.019921371312280202
221,S>E,0.48817719699742357,0.0981974759316456,20,0.021957623140205905
221,S>>E,0.49848144014149326,0.14513170588761395,20,0.032452436005521126
222,E>>S,0.5025091059944315,0.10657686310940392,20,0.023831311074131677
222,E>S,0.4664252594922342,0.10764892329447023,20,0.024071031019109602
222,S~E,0.4516600455836784,0.08137935902851412,20,0.01819697787531188
222,S>E,0.4729917170091736,0.08610620907692215,20,0.019253933678080735
222,S>>E,0.5084039366306405,0.12272157277385749,20,0.027441377902803276
223,E>>S,0.4888706587349228,0.13945368994585283,20,0.031182793043210588
223,E>S,0.456134132086189,0.10235250403713493,20,0.022886715669435537
223,S~E,0.44912804810854656,0.07123261169261795,20,0.01592809619595401
223,S>E,0.48133609067024663,0.08277727997281246,20,0.01850956250117406
223,S>>E,0.47980487237945446,0.11100489789801918,20,0.024821449753539438
224,E>>S,0.48299755226034646,0.1359134448675402,20,0.03039117017799898
224,E>S,0.4702841560099925,0.08183098103023288,20,0.01829796362490965
224,S~E,0.43764966693593976,0.09409648265318056,20,0.02104061316561415
224,S>E,0.464316962924357,0.09253463119710086,20,0.020691372562959023
224,S>>E,0.504649391241229,0.13083356697018686,20,0.0292552749484109
225,E>>S,0.48310913580938947,0.10664085940746204,20,0.023845621081408305
225,E>S,0.4532032528312901,0.10612755624578475,20,0.023730843005150708
225,S~E,0.432275114982978,0.07277036138978489,20,0.016271947481478508
225,S>E,0.5066683688718163,0.12411140053360549,20,0.027752152837584552
225,S>>E,0.48962143254210166,0.11476280000145496,20,0.025661742209146625
226,E>>S,0.5042655996306075,0.09514049190036003,20,0.021274060730197317
226,E>S,0.46031326799692585,0.09474289861344327,20,0.021185156168502972
226,S~E,0.43167536097474457,0.08885034951854075,20,0.019867542134807282
226,S>E,0.473248874294396,0.09562182517324151,20,0.021381690121996862
226,S>>E,0.5191887144712732,0.16586349956776864,20,0.03708820600195376
227,E>>S,0.49344718182126873,0.10620444331132789,20,0.023748035475665202
227,E>S,0.4640925288101787,0.09748016024953568,20,0.021797226477553465
227,S~E,0.44760737021476943,0.0895802004008578,20,0.020030741753437196
227,S>E,0.47378532642458115,0.09983942908470868,20,0.02232477502681782
227,S>>E,0.4876325706224386,0.11849862786768085,20,0.026497098715258533
228,E>>S,0.507973370889132,0.11282374328080917,20,0.025228155945187444
228,E>S,0.4517973062781463,0.09109825181535058,20,0.020370188369051752
228,S~E,0.4565347960481995,0.0865989025965142,20,0.01936410329826888
228,S>E,0.5037635028902187,0.11326832175249216,20,0.025327566713589055
228,S>>E,0.483897820224611,0.0916181891287505,20,0.020486449886731834
229,E>>S,0.5035577705492765,0.1347066565563155,20,0.030121324108163917
229,E>S,0.4630499035456065,0.1030213161754302,20,0.023036266609976055
229,S~E,0.43711200684169943,0.07700528350132153,20,0.017218904853559796
229,S>E,0.4737093910726573,0.08078668252499614,20,0.018064451380258573
229,S>>E,0.48856365912922184,0.10449633066330445,20,0.023366089876244445
230,E>>S,0.4664845215550222,0.11919330170705779,20,0.026652432507962294
230,E>S,0.47801392777376933,0.10979671426885547,20,0.024551291681128195
230,S~E,0.44479928495010823,0.052983482845525356,20,0.011847466932728867
230,S>E,0.4765872541103569,0.09798876833265963,20,0.021910954702330565
230,S>>E,0.49174436077808475,0.12083050367461537,20,0.027018521997197807
231,E>>S,0.48963309838781893,0.09811638014360098,20,0.021939489570730237
231,E>S,0.4987245230600313,0.09432350494916755,20,0.021091376894237648
231,S~E,0.4583216981402277,0.07830962742698479,20,0.017510565021941992
231,S>E,0.47302364038673905,0.09862851028469949,20,0.02205400535161252
231,S>>E,0.5054359817325946,0.1275263647168396,20,0.028515762043028404
232,E>>S,0.48408771891431285,0.10073919966255086,20,0.02252596984443876
232,E>S,0.4740488273358607,0.08646101089107405,20,0.019333269775579125
232,S~E,0.4378729418280555,0.07091400031546816,20,0.01585685252618283
232,S>E,0.49662052970553916,0.1011162903563661,20,0.022610289886944104
232,S>>E,0.5017773528094961,0.16071456120297758,20,0.035936868382390824
233,E>>S,0.4905973122632218,0.11961384507971237,20,0.02674646886483656
233,E>S,0.48007482822141767,0.0975631504939035,20,0.02181578366034104
233,S~E,0.45362759676094955,0.0849715217009608,20,0.019000209867494688
233,S>E,0.4919759943367795,0.08097888389246022,20,0.01810742891256038
233,S>>E,0.48193914855914144,0.11675862391904349,20,0.026108022004231412
234,E>>S,0.48311014888780085,0.1226371996691009,20,0.027422511503032432
234,E>S,0.4647886327258319,0.1017139013923976,20,0.02274391977701115
234,S~E,0.4629168167302802,0.09624841870306211,20,0.021521800694690903
234,S>E,0.4869659803513315,0.06412108728753295,20,0.014337910996612127
234,S>>E,0.5031067990931051,0.12763171104500134,20,0.028539318198123373
235,E>>S,0.4874877355728325,0.11812176794117017,20,0.026412830273891186
235,E>S,0.46976784114961356,0.08605907787582262,20,0.01924339482112876
235,S~E,0.444725966997356,0.09521362681693829,20,0.021290414194697092
235,S>E,0.47275489739412213,0.0766068785194914,20,0.01712981879136512
235,S>>E,0.5205616692868694,0.11938527346269291,20,0.026695358697498305
236,E>>S,0.49106114951077406,0.11116292835905908,20,0.024856786438879525
236,E>S,0.4725312507000984,0.07728543857402294,20,0.01728154943223997
236,S~E,0.4692752386973291,0.08123155652111101,20,0.018163928229932055
236,S>E,0.46499812534566265,0.08395286605540102,20,0.018772431540581128
236,S>>E,0.4634901293585562,0.09642198080445426,20,0.021560610360393955
237,E>>S,0.49416526086145407,0.1509201216201644,20,0.03374676511152233
237,E>S,0.4524901610072389,0.12007393842732376,20,0.02684934886496201
237,S~E,0.44931260052567634,0.08505465128609967,20,0.019018798207825875
237,S>E,0.4735748273632166,0.10417166586763536,20,0.023293492620942727
237,S>>E,0.4915198623026322,0.11612866643138008,20,0.025967159227696376
238,E>>S,0.5074701192935172,0.11716380955589836,20,0.026198624266982818
238,E>S,0.4566521654127018,0.09920961987896329,20,0.022183945407127637
238,S~E,0.4499770103952125,0.08328379227609577,20,0.018622822095332205
238,S>E,0.47453732392730685,0.0992348937908602,20,0.02218959682563352
238,S>>E,0.4848936212922589,0.12139647422195578,20,0.0271450768589094
239,E>>S,0.493961167344574,0.11039342990507023,20,0.024684721353709516
239,E>S,0.4505813805043043,0.09993879120793282,20,0.02234699307300961
239,S~E,0.4338163100332766,0.09878895446929485,20,0.022089881761947493
239,S>E,0.510995121637641,0.09503979498153621,20,0.021251544214635834
239,S>>E,0.4758455728061398,0.10225375482296549,20,0.02286463467387478
240,E>>S,0.50717665668588,0.11864548656456489,20,0.02652993731819051
240,E>S,0.4692200339779092,0.09215891455529092,20,0.02060735976782253
240,S~E,0.44233522599586916,0.09918078874485074,20,0.022177498569553228
240,S>E,0.4958270122380445,0.12599210941069966,20,0.028172692127091538
240,S>>E,0.48129974579880364,0.1522812078352429,20,0.03405111324153767
241,E>>S,0.47772360783915724,0.1050912792172523,20,0.0234991244172187
241,E>S,0.4722862995964558,0.08566298400580645,20,0.019154825539246044
241,S~E,0.4516990182550783,0.06738113298273074,20,0.015066879375033908
241,S>E,0.45782637464870246,0.09944475809911145,20,0.022236523911563597
241,S>>E,0.5091669701816509,0.16595608112986188,20,0.037108907868584125
242,E>>S,0.48581812390951995,0.10368702505541928,20,0.02318512364086414
242,E>S,0.4760220252228821,0.08301702022822553,20,0.018563170051978738
242,S~E,0.44273845774820575,0.07590050620031143,20,0.01697186913905406
242,S>E,0.4817600182404034,0.08948871893973578,20,0.02001028587686221
242,S>>E,0.5254069697522474,0.15046679237499014,20,0.0336453976106825
243,E>>S,0.5009896845459847,0.10239740097973303,20,0.022896754930998662
243,E>S,0.46423263235502493,0.0817033048399992,20,0.018269414360862577
243,S~E,0.43650934732838104,0.10055012214428233,20,0.02248369082605222
243,S>E,0.4810641890554327,0.09741467095034397,20,0.021782582625074313
243,S>>E,0.5012562365933801,0.14704886701890854,20,0.032881126266860634
244,E>>S,0.5063204391701978,0.13068199581862133,20,0.029221382608578057
244,E>S,0.46833287332795,0.09109443479079606,20,0.020369334856414182
244,S~E,0.45317921097539493,0.09061223111411289,20,0.02026151083640779
244,S>E,0.4877558661606926,0.0896788912211394,20,0.02005280969172768
244,S>>E,0.5183083807802576,0.14666197677492493,20,0.03279461497832275
245,E>>S,0.4926776175828781,0.14113423383896934,20,0.031558574081628654
245,E>S,0.4727174062788378,0.10152308438964636,20,0.0227012517980697
245,S~E,0.42388987513795107,0.09692211711190266,20,0.02167244423854099
245,S>E,0.4916716342060818,0.10325850180470729,20,0.02308930292901102
245,S>>E,0.5053064493760011,0.16231341814849942,20,0.036294383664039274
246,E>>S,0.5004832471800621,0.10491855498584025,20,0.02346050210493883
246,E>S,0.4661666433852173,0.09387422276381534,20,0.020990914343484927
246,S~E,0.45975235158839106,0.0896678324894663,20,0.020050336884151084
246,S>E,0.4965769192035737,0.09975345308838708,20,0.022305550209596983
246,S>>E,0.4984322520579229,0.08626762149626432,20,0.019290026592286912
247,E>>S,0.46853048115482576,0.08047756965138196,20,0.01799533164044641
247,E>S,0.45377876776638015,0.09530631685820179,20,0.02131114031800734
247,S~E,0.4412606727048887,0.098368330264073,20,0.021995827330361706
247,S>E,0.4792561513224204,0.0928623897690596,20,0.020764661607669824
247,S>>E,0.5303244711753521,0.1599363652539078,20,0.035762858478197324
248,E>>S,0.5115569535558124,0.11839020253486282,20,0.026472854073792115
248,E>S,0.460689619920928,0.10742942541795214,20,0.024021949801828472
248,S~E,0.4486909452934684,0.07881891454903936,20,0.01762444508443992
248,S>E,0.4868280716671096,0.10968829592568863,20,0.0245270486025953
248,S>>E,0.4971412236453294,0.12693479364047222,20,0.028383482729000386
249,E>>S,0.4753150559903445,0.14759055541621263,20,0.033002251474760116
249,E>S,0.4719947413703499,0.09344386656147427,20,0.0208946837711876
249,S~E,0.44848993778059265,0.0691363372960273,20,0.015459354990927106
249,S>E,0.49384174588908997,0.11958935260451402,20,0.026740992180888486
249,S>>E,0.4939215196475171,0.10248136592597838,20,0.022915530063751834
250,E>>S,0.47806047597053497,0.1139996459437963,20,0.02549109577412367
250,E>S,0.473136103877549,0.09228198805084502,20,0.020634879838051276
250,S~E,0.4417074533171568,0.08766334339760316,20,0.019602119497194804
250,S>E,0.47638497818583064,0.09572225313410752,20,0.02140414649673067
250,S>>E,0.5063559519773785,0.15241479161349072,20,0.034080983482423007
251,E>>S,0.4962822775623493,0.09642491356345709,20,0.021561266145243153
251,E>S,0.4645505606526532,0.09597933201022434,20,0.021461631080988315
251,S~E,0.4355765415750321,0.07926859834431217,20,0.01772499743790093
251,S>E,0.48156074012742367,0.11303753299390273,20,0.025275960778324183
251,S>>E,0.5125127413378303,0.10977887220976149,20,0.024547302075428924
252,E>>S,0.48592420057183866,0.11281107699815254,20,0.025225323678283198
252,E>S,0.4711390028302646,0.0788681870441213,20,0.017635462749282342
252,S~E,0.4370652217978749,0.07381410829182532,20,0.01650533638390523
252,S>E,0.47483286927173857,0.11176832368122684,20,0.024992156948242274
252,S>>E,0.49513130253456933,0.10699880444714363,20,0.023925660025501994
253,E>>S,0.5052453961885204,0.11632859537082961,20,0.026011864697624235
253,E>S,0.4724355731708931,0.09173259338654068,20,0.020512031456465258
253,S~E,0.425015473012619,0.08838862250909572,20,0.019764296836790606
253,S>E,0.4772003667270958,0.07855695178989908,20,0.01756586843073881
253,S>>E,0.5068068407643056,0.11747905754503439,20,0.026269115860330646
254,E>>S,0.47665439302021084,0.10861645322819422,20,0.02428737728931687
254,E>S,0.44987983035855167,0.09724174172905231,20,0.02174391447566389
254,S~E,0.4553485746433347,0.07327358670356734,20,0.01638447208244013
254,S>E,0.5039028892429898,0.10163412186099838,20,0.02272608053146898
254,S>>E,0.49343175751606533,0.14389097351427796,20,0.03217499981265473
255,E>>S,0.5030766093143115,0.11487659611257887,20,0.025687187793151444
255,E>S,0.44962812193196616,0.10350182908662886,20,0.02314371256332671
255,S~E,0.4460778031220019,0.10581941643671648,20,0.023661940849185662
255,S>E,0.49552282977977696,0.10957834672656845,20,0.02450246321426486
255,S>>E,0.5143342977585366,0.14236523275020768,20,0.03183383380620437
256,E>>S,0.44718781308190225,0.14278316912370892,20,0.03192728722034622
256,E>S,0.46229005546877167,0.11050501462755918,20,0.024709672456183093
256,S~E,0.45762671949954026,0.09197625569633733,20,0.02056651600529125
256,S>E,0.4966203103789356,0.08349047147350694,20,0.018669036968826852
256,S>>E,0.5160649034094404,0.11885167273319547,20,0.02657604194709833
257,E>>S,0.47363725115465005,0.13906591087576006,20,0.03109608300711268
257,E>S,0.46588814567966425,0.0898342082522825,20,0.020087539635697624
257,S~E,0.4496089681339135,0.08717337407660034,20,0.01949255902632963
257,S>E,0.4654207564461849,0.10119503704012833,20,0.022627898180733606
257,S>>E,0.5104116353923079,0.11378417752259118,20,0.02544291557044175
258,E>>S,0.4973164776603781,0.11920255409568775,20,0.026654501404955375
258,E>S,0.4475668507294099,0.09739668421287917,20,0.021778560668307842
258,S~E,0.45835481009843004,0.08457032176659476,20,0.018910498834913598
258,S>E,0.4776971432898763,0.10197832355956515,20,0.0228030463710656
258,S>>E,0.5106284030960324,0.14213535799762686,20,0.0317824322488962
259,E>>S,0.5002255660199408,0.1060917756480128,20,0.02372284222026134
259,E>S,0.46703231442902887,0.08770656887918388,20,0.019611785008712267
259,S~E,0.4354170744371101,0.08353259420598307,20,0.01867845589814832
259,S>E,0.5038211507114126,0.09958476511957594,20,0.022267830433072178
259,S>>E,0.5249406227013528,0.15662259218468666,20,0.03502187629371867
260,E>>S,0.4585071077648723,0.12007492715943215,20,0.0268495699521826
260,E>S,0.48344096102207545,0.10564676519661036,20,0.023623334858257967
260,S~E,0.46308018785556226,0.07412243537680342,20,0.016574280416036768
260,S>E,0.47631223467283174,0.09629223357702046,20,0.021531597998350548
260,S>>E,0.5194467978939936,0.150440761370663,20,0.03363957690116269
261,E>>S,0.47754770867539176,0.12729848437856608,20,0.028464806450316883
261,E>S,0.46260126835461196,0.08011508904350478,20,0.01791427851247253
261,S~E,0.44410986224814053,0.1011327827583182,20,0.022613977700131817
261,S>E,0.4895752282955642,0.0993081133803711,20,0.022205969223576618
261,S>>E,0.4882267129543313,0.10737668115393478,20,0.02401015582585187
262,E>>S,0.5055264953702971,0.1201633839911692,20,0.026869349501066432
262,E>S,0.4523654020569433,0.07662622051421836,20,0.017134143792868112
262,S~E,0.44549182613990157,0.09673163928713327,20,0.02162985210210193
262,S>E,0.49201758591978073,0.0975509811269012,20,0.021813062507155014
262,S>>E,0.48903792357875736,0.08661139358966273,20,0.019366896369247537
263,E>>S,0.49588396330375817,0.13260263635297684,20,0.029650850888094098
263,E>S,0.4479471416980392,0.11152403891928744,20,0.024937533214885888
263,S~E,0.4641760503551932,0.07540589994276657,20,0.016861271817657356
263,S>E,0.48887306435447203,0.11087009509533495,20,0.024791306930503496
263,S>>E,0.5040694669205503,0.1512332440415868,20,0.03381678141348031
264,E>>S,0.4881307601794731,0.13936420519639972,20,0.03116278364493792
264,E>S,0.45529909663732787,0.07826247427621724,20,0.01750002125689504
264,S~E,0.45320433684854927,0.09747498478091397,20,0.021796069207588108
264,S>E,0.49033673848017056,0.07715333774304585,20,0.01725201078844507
264,S>>E,0.4847719709358957,0.11569671698420053,20,0.025870572395022683
265,E>>S,0.49070711577692333,0.10557309281442213,20,0.023606861212794247
265,E>S,0.4480082362531482,0.0946758470262654,20,0.021170162977810075
265,S~E,0.4664523231426355,0.0830713560919224,20,0.018575319920462973
265,S>E,0.49664911953479074,0.1065188407707647,20,0.023818336884790597
265,S>>E,0.5053072636880976,0.10926012758349095,20,0.02443130725069856
266,E>>S,0.48776451437720336,0.11290454830455313,20,0.02524622449778894
266,E>S,0.4587480109758548,0.09974450298846924,20,0.02230354890641481
266,S~E,0.44069044412598435,0.06971283360359122,20,0.015588263484176159
266,S>E,0.47420831074511743,0.10997253297129828,20,0.024590605938165987
266,S>>E,0.5091654237928698,0.10010664243923971,20,0.022384525749340533
267,E>>S,0.4682589175385541,0.10745911064836627,20,0.024028587621141847
267,E>S,0.45136167152259893,0.095805141781108,20,0.021422680961656275
267,S~E,0.4415900025805719,0.0823959576112384,20,0.018424296228992023
267,S>E,0.5002008311324381,0.10246425310753828,20,0.022911703521219965
267,S>>E,0.4882446407129685,0.09085008528377175,20,0.02031469664561669
268,E>>S,0.4858150123958607,0.10598846775863711,20,0.023699741873935736
268,E>S,0.46640115929711634,0.11143876612844757,20,0.024918465639190982
268,S~E,0.45952758226402485,0.07871538698901884,20,0.01760129561826486
268,S>E,0.4649821171543144,0.11016592650022718,20,0.024633850045875344
268,S>>E,0.5136478125062703,0.11627310943160948,20,0.025999457664435073
269,E>>S,0.50782166818561,0.12529229095250932,20,0.02801620796264927
269,E>S,0.47681560810666557,0.08664316269404848,20,0.01937400015694662
269,S~E,0.46281589004051626,0.09509702734967064,20,0.02126434176120202
269,S>E,0.47727180921402307,0.07460231608087538,20,0.016681585003576305
269,S>>E,0.504158783334362,0.14319882233389372,20,0.03202023010365014
270,E>>S,0.48941916999801566,0.11472500250262746,20,0.025653290431470847
270,E>S,0.4581423311800276,0.10347754295877408,20,0.023138282020047356
270,S~E,0.45037936817495183,0.07073934539576043,20,0.01581779849887571
270,S>E,0.4900852672682916,0.11550016391141568,20,0.025826621791829346
270,S>>E,0.49707852082803605,0.10810161488937535,20,0.024172255937014667
271,E>>S,0.4952267615941303,0.10493635348181211,20,0.023464481969627863
271,E>S,0.48074631625080044,0.10323422884757981,20,0.02308387533079582
271,S~E,0.43953355014319156,0.09309940419148761,20,0.020817659643689514
271,S>E,0.5021077961629703,0.11024569698851364,20,0.024651687269316033
271,S>>E,0.4795471770031615,0.08426262638606237,20,0.01884169605619029
272,E>>S,0.5031833390125262,0.10792412994423374,20,0.02413256909678272
272,E>S,0.4638673813830323,0.10458734970100614,20,0.0233864423517992
272,S~E,0.4534351212271631,0.062492756959952045,20,0.013973805266382587
272,S>E,0.4818992922280495,0.0971793019114316,20,0.02172995250799363
272,S>>E,0.4973504065776229,0.11413355772895417,20,0.025521039359583803
273,E>>S,0.4724449131506172,0.11433894245379696,20,0.02556696478021266
273,E>S,0.460098092958789,0.07883312379534672,20,0.01762762236850515
273,S~E,0.4518688056491994,0.09373683030706281,20,0.020960192456195494
273,S>E,0.4731415688084831,0.08660664512987903,20,0.019365834581361062
273,S>>E,0.5007808504360672,0.09492916652443954,20,0.021226806939604426
274,E>>S,0.4952644251677543,0.09562898286518633,20,0.021383290630571924
274,E>S,0.469237225074131,0.07510315737345731,20,0.01679357652119151
274,S~E,0.4451206593250278,0.10248132166179878,20,0.022915520165980377
274,S>E,0.4712468353902651,0.0809135645065622,20,0.018092823053848732
274,S>>E,0.4849040411572892,0.10889627646974086,20,0.024349947668295138
275,E>>S,0.4726999786147704,0.11005314656364598,20,0.024608631685405977
275,E>S,0.47213231100777237,0.07984578925887344,20,0.017854061249996354
275,S~E,0.4410247247162249,0.09142875115098367,20,0.02044409026715116
275,S>E,0.5097086775146955,0.09553583381660276,20,0.021362461870104692
275,S>>E,0.4866400702231715,0.10904660684765691,20,0.024383562562705487
276,E>>S,0.4884361400433332,0.11632691244014677,20,0.026011488382883412
276,E>S,0.4935852668021029,0.08193812773330386,20,0.018321922356072818
276,S~E,0.44594682400735025,0.0774156004740336,20,0.017310654517890406
276,S>E,0.47591638394777275,0.0910655479830404,20,0.020362875569834717
276,S>>E,0.46720637945727617,0.09997763731125138,20,0.022355679325777738
277,E>>S,0.501339430981142,0.11132299390418496,20,0.024892578182855226
277,E>S,0.4625403208949831,0.07493648644143246,20,0.016756307767803427
277,S~E,0.4484340556798734,0.09345418729721518,20,0.020896991557857045
277,S>E,0.4807818681335334,0.09602028877501143,20,0.021470789292008553
277,S>>E,0.5062935688507441,0.1088809224004052,20,0.02434651439401856
278,E>>S,0.5016908373888788,0.10155412633181721,20,0.022708192987354464
278,E>S,0.4602554269147575,0.09355328788585368,20,0.02091915112313764
278,S~E,0.4543147066311999,0.1025649122838834,20,0.022934211597306648
278,S>E,0.49225401599586566,0.1129010799244691,20,0.025245448944424972
278,S>>E,0.5025458942415498,0.12753096279875356,20,0.028516790205400978
279,E>>S,0.4910200430688539,0.12011987034714924,20,0.026859619554468694
279,E>S,0.4504030609549983,0.10412444605155596,20,0.02328293394907887
279,S~E,0.43773821421977743,0.07502713617159994,20,0.016776577663683078
279,S>E,0.5002430224182558,0.0938890696413384,20,0.020994234206224448
279,S>>E,0.5289453502955437,0.11234545765765405,20,0.025121208028583874
280,E>>S,0.5276762829586853,0.10171796828349362,20,0.02274482916150593
280,E>S,0.46150518477916336,0.07799894456335525,20,0.017441094221689997
280,S~E,0.4579857421110266,0.09144959403797326,20,0.020448750878366766
280,S>E,0.47505543559907093,0.1013199992821784,20,0.02265584058751808
280,S>>E,0.481484218442031,0.127438580764639,20,0.02849613295458299
281,E>>S,0.4943885638794313,0.12420501926186348,20,0.027773086621619748
281,E>S,0.44663384085092367,0.09514854702339788,20,0.021275861910465294
281,S~E,0.45366682861463675,0.0933504028018761,20,0.02087378463919818
281,S>E,0.4870256130153188,0.08628290518161587,20,0.01929344412822619
281,S>>E,0.5046115736875634,0.12141090723722402,20,0.027148304179235406
282,E>>S,0.49912474694945363,0.11102528753589468,20,0.02482600901517206
282,E>S,0.4748650921413643,0.09137847373194455,20,0.020432847894480688
282,S~E,0.438369513664683,0.08049771912632318,20,0.01799983720001436
282,S>E,0.4731764067643895,0.08071584086637665,20,0.01804861070382737
282,S>>E,0.500749472403035,0.13366451939467872,20,0.029888295154634065
283,E>>S,0.4911674229571954,0.13433881784612609,20,0.03003907287208998
283,E>S,0.4710814074601811,0.085386520175566,20,0.019093006347472283
283,S~E,0.4514394571895391,0.08454864831443212,20,0.018905652503679322
283,S>E,0.46328574911820225,0.07700060097851916,20,0.017217857809630564
283,S>>E,0.4873359688183795,0.15589462394761758,20,0.03485909764736395
284,E>>S,0.47039500632378106,0.13708008712329348,20,0.030652039316927778
284,E>S,0.4547317969384885,0.0850654902085016,20,0.01902122186455523
284,S~E,0.43088588505418574,0.08666446946334015,20,0.01937876449539833
284,S>E,0.5133980077119793,0.11827283742346588,20,0.026446610437065077
284,S>>E,0.5134639215896822,0.15411981069285813,20,0.03446223733886297
285,E>>S,0.47634820850355275,0.11350561857686767,20,0.0253806278966039
285,E>S,0.4632675067286905,0.07958282747196205,20,0.017795261206894487
285,S~E,0.43470194255988054,0.09454434360180808,20,0.021140757918174016
285,S>E,0.49765996070315177,0.11039584030281027,20,0.024685260335029473
285,S>>E,0.4739527669719121,0.07932296788198584,20,0.017737154836115286
286,E>>S,0.5098607537173799,0.10266311678424055,20,0.022956170791156146
286,E>S,0.46927108631878117,0.09074571577626513,20,0.020291358914260392
286,S~E,0.4550227791845362,0.07975092492613595,20,0.017832848940332238
286,S>E,0.48577217413877155,0.07913941351081451,20,0.017696110830964652
286,S>>E,0.5003487739577217,0.11696098366539441,20,0.02615327101910644
287,E>>S,0.49497299806014833,0.13439802574998053,20,0.03005231216187236
287,E>S,0.47969345085209847,0.10685082251356565,20,0.023892570259209774
287,S~E,0.4489349248603367,0.09365255132132322,20,0.020941347102076645
287,S>E,0.49856928270119916,0.10079650012156052,20,0.022538782616587514
287,S>>E,0.5071596419623374,0.14853593733218112,20,0.03321364529764057
288,E>>S,0.48855068584270267,0.1076969941159117,20,0.024081779981557343
288,E>S,0.47345592123893,0.07294225895111697,20,0.016310384944709006
288,S~E,0.4557617281609113,0.10566176512420085,20,0.02362668894403296
288,S>E,0.4804884688872564,0.08800280248984256,20,0.01967802485777757
288,S>>E,0.5187475546397058,0.14123503328085704,20,0.031581113522044145
289,E>>S,0.5072948500857745,0.11937891344306556,20,0.026693936553875804
289,E>S,0.4478642930135166,0.06226246716281088,20,0.013922310902289358
289,S~E,0.44872565575040957,0.08469970248717082,20,0.018939429243532195
289,S>E,0.5057970765562363,0.11018575721596545,20,0.02463828432871867
289,S>>E,0.4986384996219724,0.1036471691305991,20,0.023176211585143734
290,E>>S,0.46877528942812097,0.10196963779523302,20,0.02280110417511728
290,E>S,0.467241001981361,0.0920283815029283,20,0.020578171689983195
290,S~E,0.4594943461841588,0.08987565060132417,20,0.02009680642665807
290,S>E,0.48629089852153423,0.10102880831906769,20,0.02259072830872316
290,S>>E,0.4992832304771076,0.11425621965987556,20,0.025548467401162966
291,E>>S,0.5078339650379917,0.14189259521358494,20,0.031728148840143716
291,E>S,0.4863369496564604,0.08470005053509037,20,0.01893950706941295
291,S~E,0.4297942046633446,0.09983640828818298,20,0.022324099556180053
291,S>E,0.4882301774259664,0.08844644904229702,20,0.01977722724270473
291,S>>E,0.5018002524847236,0.10870951942770034,20,0.024308187524167198
292,E>>S,0.4922577959698916,0.10641376341240431,20,0.023794840873171602
292,E>S,0.46355308467167794,0.11797272317024957,20,0.02637950284994425
292,S~E,0.46435978846426507,0.08829219529689925,20,0.019742735056655393
292,S>E,0.48742231802593183,0.08536434427887828,20,0.01908804766622671
292,S>>E,0.4927623864364021,0.07570343735030129,20,0.01692780320456702
293,E>>S,0.47971389138598636,0.1054560789452194,20,0.023580696116209488
293,E>S,0.47228174607801765,0.08286253646097179,20,0.018528626431478776
293,S~E,0.4661838938470728,0.08362691070562607,20,0.01869954570860848
293,S>E,0.4822903770009792,0.09861520870215966,20,0.02205103102733578
293,S>>E,0.5021519495048536,0.11205043908086942,20,0.02505523986935231
294,E>>S,0.503629287537048,0.12498632897163552,20,0.027947792783872837
294,E>S,0.4813343422530453,0.09529093908810096,20,0.021307701744078558
294,S~E,0.4601175842985876,0.08790698776478366,20,0.019656600033929855
294,S>E,0.47932246231908104,0.07832899029972964,20,0.01751489469191171
294,S>>E,0.5013671600868366,0.09666679412711279,20,0.021615352283520163
295,E>>S,0.4981022025400536,0.11679266079897596,20,0.026115632881958513
295,E>S,0.4713677698366495,0.07187186480952637,20,0.016071037538377592
295,S~E,0.4493011037598461,0.09651203528567043,20,0.02158074715456174
295,S>E,0.49329091432300143,0.0895126745668549,20,0.020015642517930407
295,S>>E,0.4943848382884742,0.11262642635001574,20,0.025184034538150872
296,E>>S,0.47420166114760554,0.1145281930399684,20,0.025609282497758762
296,E>S,0.48554071210682526,0.09259372090259382,20,0.020704585422784295
296,S~E,0.43907900839584063,0.09493745729046478,20,0.021228660811246223
296,S>E,0.46782023676811324,0.08799235088921949,20,0.01967568780883088
296,S>>E,0.509992511552823,0.12387808511900834,20,0.027699981924860777
297,E>>S,0.494555662315529,0.11344630029080849,20,0.025367363924610194
297,E>S,0.46823906844375485,0.06389583464814769,20,0.014287542975234458
297,S~E,0.44896025523387334,0.10197039240645663,20,0.022801272911316537
297,S>E,0.48890720303632146,0.08180742045172495,20,0.018292695319396354
297,S>>E,0.48817059822393966,0.11353519042906061,20,0.025387240363776303
298,E>>S,0.48162786421279236,0.12642807173930423,20,0.028270176267330433
298,E>S,0.48202908354832036,0.0972949673140588,20,0.02175581607828556
298,S~E,0.4412805322905503,0.1164713496992094,20,0.026043785535858188
298,S>E,0.49697523271314736,0.0897114911120123,20,0.02006009924893277
298,S>>E,0.5185738325024108,0.15212883848900363,20,0.03401704241994985
299,E>>S,0.48365450160308565,0.12616506678030606,20,0.028211366570656485
299,E>S,0.47198848647219827,0.07006769481900006,20,0.015667612864199397
299,S~E,0.43633567140819707,0.09809644257114664,20,0.021935031393998813
299,S>E,0.5014570070799069,0.10245514200607736,20,0.022909666216998314
299,S>>E,0.5095282535945562,0.1524673719900115,20,0.03409274081204131
300,E>>S,0.4847416267549713,0.12020525238137546,20,0.0268787115577274
300,E>S,0.47466593466922335,0.09995015056835822,20,0.02234953310321882
300,S~E,0.4456202843027161,0.0834112098825551,20,0.018651313538289544
300,S>E,0.472162266097733,0.09771111539076256,20,0.0218488696171071
300,S>>E,0.5092050724849879,0.10338284926001666,20,0.023117107865301106
301,E>>S,0.49685134711141005,0.12269676956516032,20,0.02743583173673258
301,E>S,0.47191231170989356,0.09676761049296334,20,0.021637895508248794
301,S~E,0.44625284377160934,0.09731945813976031,20,0.02176129239339493
301,S>E,0.47511732497607884,0.1020922799257684,20,0.022828527789195533
301,S>>E,0.49719950672053237,0.10665078142429976,20,0.02384783971182061
302,E>>S,0.5033677714119194,0.10391647904690579,20,0.023236431113131388
302,E>S,0.46554127906902015,0.11690138529703119,20,0.026139944418805617
302,S~E,0.4564287945341664,0.08165048668037421,20,0.018257603861325786
302,S>E,0.49744730950128135,0.09514027069101265,20,0.021274011266283515
302,S>>E,0.48252850106962814,0.12179055498477262,20,0.027233195996337743
303,E>>S,0.4839547152511147,0.09927346297656049,20,0.022198221157739787
303,E>S,0.45941293829245194,0.09670635570071316,20,0.021624198520306892
303,S~E,0.46330659511352756,0.11666299491245037,20,0.026086638708295116
303,S>E,0.4599792129160087,0.08607363134364548,20,0.019246649075464785
303,S>>E,0.5087113734684231,0.10417593180294889,20,0.023294446513077594
304,E>>S,0.4926372166598301,0.11402332946946632,20,0.025496391571458173
304,E>S,0.45710665732665134,0.08930883045508134,20,0.019970061588856534
304,S~E,0.4678227569992511,0.09937534980006223,20,0.022221003744075925
304,S>E,0.4907408268852775,0.08709578402994816,20,0.019475209364460466
304,S>>E,0.5286194368724264,0.13538088364062806,20,0.030272085867443354
305,E>>S,0.47399546952171673,0.11720523246144558,20,0.02620788671024573
305,E>S,0.45723375460635357,0.10784324564278584,20,0.024114482817147714
305,S~E,0.44921386317603196,0.09750889220265208,20,0.021803651137582925
305,S>E,0.5001728043375524,0.0870270178524814,20,0.01945983277972362
305,S>>E,0.5241737269699527,0.14082043861572768,20,0.03148840733661035
306,E>>S,0.5148334184605675,0.1354008907627991,20,0.030276559595964214
306,E>S,0.45684844195161667,0.09437902443251847,20,0.021103791428122482
306,S~E,0.46733262759539373,0.10708766785014893,20,0.023945530486485178
306,S>E,0.4712548213790645,0.09226447489932821,20,0.020630963778322093
306,S>>E,0.4915204471375472,0.15139855397632138,20,0.033853745838622565
307,E>>S,0.49542836936906387,0.1079978314219879,20,0.024149049248212772
307,E>S,0.4682672315550702,0.07189215205671777,20,0.016075573904757223
307,S~E,0.43578609225951953,0.10554100367929793,20,0.02359968586404656
307,S>E,0.4768746121231713,0.1110658413135625,20,0.024835077115533025
307,S>>E,0.5246499852179862,0.10211499941243118,20,0.02283360802085472
308,E>>S,0.4783831442582825,0.11563455960415006,20,0.02585667358231307
308,E>S,0.47491067738250814,0.09386853974412245,20,0.02098964358164985
308,S~E,0.4431560985227871,0.08337328535801442,20,0.018642833356800812
308,S>E,0.5042286781968011,0.10667424169228605,20,0.02385308558721938
308,S>>E,0.49679861184875157,0.1301282295123331,20,0.029097556698127112
309,E>>S,0.5001440595903202,0.13609401379212316,20,0.03043154661699813
309,E>S,0.4537489975788954,0.08887800756962132,20,0.01987372666304141
309,S~E,0.45466230011493386,0.09025541391486233,20,0.020181724085101257
309,S>E,0.4867386810984023,0.11539031394341312,20,0.025802058592251355
309,S>>E,0.5001689443602269,0.1082934133148221,20,0.024215143368742306
310,E>>S,0.5053057108457035,0.10401671184883797,20,0.02325884384900095
310,E>S,0.4613532282487388,0.09900022619402694,20,0.022137123555769952
310,S~E,0.4311108571313354,0.09251081898523512,20,0.020686047990516383
310,S>E,0.47452188216149704,0.10379227307321898,20,0.023208657813093864
310,S>>E,0.5004480926420329,0.12659586904341033,20,0.028307696885172675
311,E>>S,0.46907931619623033,0.09390919289114018,20,0.020998733901672943
311,E>S,0.4717262624621251,0.09062744099692209,20,0.02026491186959691
311,S~E,0.44902676206412817,0.08953560692852368,20,0.020020770349888008
311,S>E,0.48131479481671136,0.09169625928479679,20,0.020503906904325186
311,S>>E,0.5017027030591313,0.12632479869200391,20,0.028247083711929726
312,E>>S,0.4527727483343315,0.11127775129585953,20,0.02488246162808572
312,E>S,0.4672824406223359,0.0861726506399191,20,0.019268790463219984
312,S~E,0.44845024046512333,0.09226401052827692,20,0.020630859941798346
312,S>E,0.4748506138933516,0.10207713860122912,20,0.02282514208610161
312,S>>E,0.5245651340138412,0.16315400814775158,20,0.03648234530199271
313,E>>S,0.4882721364637187,0.09261651358942427,20,0.02070968202249857
313,E>S,0.48225446594587734,0.10106976502918626,20,0.022599886507519148
313,S~E,0.4453180242071643,0.08167789042531134,20,0.018263731524977535
313,S>E,0.49252732723736214,0.05737483643477295,20,0.0128294034466084
313,S>>E,0.4936741394204702,0.09665589117781404,20,0.021612914309941438
314,E>>S,0.5027109545015489,0.12155210975201486,20,0.02717987802140203
314,E>S,0.4629211732925347,0.09645760100319732,20,0.02156857527897011
314,S~E,0.43723371413641027,0.09062053309631185,20,0.02026336721606228
314,S>E,0.478129705889949,0.08504561819046066,20,0.01901677834623627
314,S>>E,0.4751774593481145,0.09025286453894603,20,0.020181154027316354
315,E>>S,0.4713566645703115,0.10683914722878951,20,0.02388995958616816
315,E>S,0.4620839141907685,0.09057015676836543,20,0.020252102726687777
315,S~E,0.4559365441902055,0.09722274520254857,20,0.021739666723204015
315,S>E,0.47944301788217264,0.08523245595283285,20,0.019058556539979087
315,S>>E,0.5054574181033225,0.12278447357638665,20,0.027455442949832726
316,E>>S,0.495324896716395,0.10985857718606289,20,0.024565124649944415
316,E>S,0.47335191733288606,0.08842113863406863,20,0.019771567663371035
316,S~E,0.451728920565175,0.07512334531865299,20,0.016798090682969866
316,S>E,0.4760159497606808,0.07856450219133608,20,0.017567556751825867
316,S>>E,0.5091674316184882,0.11268275299554482,20,0.025196629558985627
317,E>>S,0.4933536578000005,0.08758470081800211,20,0.019584534481803414
317,E>S,0.45898019354574765,0.09142242024346149,20,0.020442674633193277
317,S~E,0.4312365800247444,0.10767153904048427,20,0.024076088053654528
317,S>E,0.49268139424125473,0.07821244542143395,20,0.01748883446488185
317,S>>E,0.5182345361914985,0.0893504319687515,20,0.01997936397010987
318,E>>S,0.47771079524264676,0.1330706970987988,20,0.029755512452619814
318,E>S,0.4722879971747188,0.060414361786899594,20,0.013509061977277316
318,S~E,0.4676838121369172,0.11126647023399741,20,0.024879939105967513
318,S>E,0.48534969410097145,0.10018094031705131,20,0.022401139259877606
318,S>>E,0.48778916732117955,0.10278379045117629,20,0.022983154243392395
319,E>>S,0.4935007345909721,0.12411077901481368,20,0.027752013861757775
319,E>S,0.45339141794291465,0.10404435767235959,20,0.023265025643069783
319,S~E,0.45832506087859537,0.08414570024475218,20,0.018815550576158656
319,S>E,0.4948885014463782,0.09538730987936346,20,0.021329250908109394
319,S>>E,0.5031925943804201,0.10753725950489221,20,0.024046062236697436
320,E>>S,0.4697331196906127,0.09812176880439748,20,0.0219406945119151
320,E>S,0.46219895163549873,0.08584110634316551,20,0.019194654904710645
320,S~E,0.4538764304939161,0.10739641286451372,20,0.024014567970468557
320,S>E,0.4862878914067023,0.09506058497807142,20,0.021256192999186303
320,S>>E,0.5311881324229075,0.10713851530595987,20,0.023956900323252796
321,E>>S,0.5073543998461456,0.1291613535552256,20,0.028881356661536853
321,E>S,0.4619501896600691,0.09966960048405778,20,0.022286800197259912
321,S~E,0.4559759282401539,0.0891607987698597,20,0.01993696069775859
321,S>E,0.5085790558347498,0.07435992351389746,20,0.016627384377875976
321,S>>E,0.4872493754122715,0.08416150323242982,20,0.018819084231628137
322,E>>S,0.49269918170235305,0.10157404674703155,20,0.022712647327610393
322,E>S,0.4845963770247138,0.10927127201018404,20,0.02443379922026416
322,S~E,0.45612661848422265,0.07558605691192319,20,0.016901556140622807
322,S>E,0.4900267601231955,0.07503756969568713,20,0.016778910670593464
322,S>>E,0.5236046646712803,0.1493523529077153,20,0.03339620137011898
323,E>>S,0.49161460391006473,0.11833727919019389,20,0.02646102005416448
323,E>S,0.4876023357559779,0.09346889361312057,20,0.02090027999006335
323,S~E,0.44528028705569833,0.0967494636785038,20,0.021633837757178136
323,S>E,0.4789400833543917,0.0693690795495993,20,0.01551139774094945
323,S>>E,0.5095661022742534,0.09419267912118026,20,0.02106212334977842
324,E>>S,0.4802352416602373,0.09427908281127831,20,0.021081443802235027
324,E>S,0.48540635307874186,0.09431468468259487,20,0.02108940462267403
324,S~E,0.46176888145562767,0.10289990004027573,20,0.023009117136798988
324,S>E,0.46874762684527893,0.08733819658101839,20,0.019529414458739684
324,S>>E,0.49199538602994536,0.0823948062556629,20,0.018424038778058715
325,E>>S,0.4760515533444737,0.09888182217960895,20,0.0221106476132652
325,E>S,0.47911668739476765,0.08292310611525894,20,0.01854217021791475
325,S~E,0.4731952847069925,0.10954294445066148,20,0.02449454702471624
325,S>E,0.49880514345255567,0.08718239090905189,20,0.01949457525135997
325,S>>E,0.5196576915287563,0.1432767748724685,20,0.03203766082117733
326,E>>S,0.493379168415753,0.11340820750459156,20,0.02535884611866685
326,E>S,0.4620685879222071,0.07694775824113032,20,0.017206041814338702
326,S~E,0.46305812159037074,0.09554616535763642,20,0.021364772072911053
326,S>E,0.49880698930378076,0.12012080024106575,20,0.026859827485069612
326,S>>E,0.5124680401786017,0.10937353384935886,20,0.024456665662654063
327,E>>S,0.5091364899497308,0.08063858555333252,20,0.0180313358906684
327,E>S,0.4671587614730634,0.09446731290981014,20,0.021123533331807894
327,S~E,0.44923215331747396,0.08830051741516928,20,0.01974459593887225
327,S>E,0.49992953716337923,0.09268544953814763,20,0.020725096569242457
327,S>>E,0.5063595800748029,0.12538946706710932,20,0.028037937202452762
328,E>>S,0.49621447054372714,0.09579242624220842,20,0.021419837680721275
328,E>S,0.46541957219570634,0.07638639378845315,20,0.017080516906704892
328,S~E,0.4536931318693795,0.09517794021014718,20,0.02128243442682997
328,S>E,0.5041840699567758,0.09043204225819328,20,0.020221219383345375
328,S>>E,0.48857961119144744,0.07296363629016259,20,0.01631516506303741
329,E>>S,0.48562414796291264,0.10339131078605071,20,0.02311899992004166
329,E>S,0.49379518591724036,0.10417758569087791,20,0.02329481633366124
329,S~E,0.46969533606102026,0.07082345460325203,20,0.01583660588942419
329,S>E,0.47623774205052066,0.08075667262382981,20,0.018057740962357974
329,S>>E,0.5067288692326395,0.09798898185675306,20,0.021911002447769338
330,E>>S,0.49049045601860336,0.09378827767497486,20,0.02097169643738697
330,E>S,0.48448482930559233,0.0917386714603751,20,0.020513390555091864
330,S~E,0.458384460412485,0.10271209899402,20,0.02296712354623165
330,S>E,0.4832080977610514,0.09618616070876795,20,0.02150787938395245
330,S>>E,0.507551536236282,0.12695022625115257,20,0.028386933565655543
331,E>>S,0.504794752317933,0.10448238398801253,20,0.023362971304843157
331,E>S,0.48311518694842126,0.10423993285398894,20,0.023308757583153292
331,S~E,0.4750384480288,0.07829790241557136,20,0.017507943229686254
331,S>E,0.48529255856823905,0.09523942220534225,20,0.02129618221889482
331,S>>E,0.5113346196595654,0.1232855955069982,20,0.027567497220019062
332,E>>S,0.4734943078829327,0.09906483731746824,20,0.022151571042181687
332,E>S,0.45435958164643975,0.07327182708295349,20,0.016384078619309413
332,S~E,0.4549162323889804,0.08732809496147441,20,0.019527155667941366
332,S>E,0.4994658004028927,0.09850727384242876,20,0.02202689605898576
332,S>>E,0.5396216154600562,0.13922062236359634,20,0.031130677547482884
333,E>>S,0.46991741876191984,0.07392047893998696,20,0.016529121583915243
333,E>S,0.47471215991876753,0.08283370200346513,20,0.018522178850770853
333,S~E,0.453187518785786,0.089217345704768,20,0.01994960497679601
333,S>E,0.49190279837284,0.08219049906339727,20,0.01837835430103891
333,S>>E,0.5237635164656792,0.10551351344377333,20,0.023593538860511507
334,E>>S,0.4918338707286803,0.12594481402734597,20,0.028162116557871465
334,E>S,0.4599723650217483,0.0804653617074103,20,0.017992601861187795
334,S~E,0.44514368629822965,0.0916330909989956,20,0.020489782046217826
334,S>E,0.48988285500307704,0.08419849386038318,20,0.018827355587491545
334,S>>E,0.5199299468614242,0.11001971633558044,20,0.02460115645916019
335,E>>S,0.49831600213475163,0.11176596364614576,20,0.024991629228355215
335,E>S,0.4868594965496923,0.07696111467664912,20,0.017209028404114417
335,S~E,0.4624045720381796,0.0944557530593832,20,0.021120948470671454
335,S>E,0.5053438705581845,0.09506281323575735,20,0.02125669125275202
335,S>>E,0.5000573716599512,0.12132901256573549,20,0.02712999197399107
336,E>>S,0.49948723901428904,0.09027833549739966,20,0.020186849506771794
336,E>S,0.47225127392230676,0.07316625126409128,20,0.0163604711485338
336,S~E,0.4660999285864037,0.07971416033063536,20,0.017824628126861777
336,S>E,0.4984464691087389,0.08653065543993253,20,0.01934884277013011
336,S>>E,0.5055089904610771,0.0691962567422703,20,0.015472753386424452
337,E>>S,0.47581743662390164,0.1141844256722431,20,0.025532413777490767
337,E>S,0.4622604376499272,0.09511957160689899,20,0.021269382810368505
337,S~E,0.4413304941949206,0.07893001345178646,20,0.017649287554316734
337,S>E,0.5063696936722905,0.10218328203346315,20,0.022848876479085654
337,S>>E,0.5153176987971821,0.11193558806676429,20,0.02502955840186992
338,E>>S,0.5484499258298731,0.14144676493624664,20,0.031628458159488115
338,E>S,0.5009553394897169,0.07629478651636469,20,0.01706003289794258
338,S~E,0.44815773178609863,0.07483819242023028,20,0.01673432855648444
338,S>E,0.4772753824987325,0.11312339671783203,20,0.0252951604906749
338,S>>E,0.5048888739898925,0.10774535945277898,20,0.024092594799656333
339,E>>S,0.4889783494072469,0.16079933496643264,20,0.03595582437217022
339,E>S,0.47829288095856376,0.08115555222476349,20,0.018146933152610546
339,S~E,0.447482588892208,0.08459742677611659,20,0.018916559699295756
339,S>E,0.49931823829070004,0.08655462390721878,20,0.019354202282346963
339,S>>E,0.5079633383705915,0.09696419329500981,20,0.021681852759107126
340,E>>S,0.5042149445701358,0.10327944466090311,20,0.023093985894020706
340,E>S,0.4539902106673387,0.09809668826879007,20,0.021935086333662077
340,S~E,0.4674485171492321,0.08251268029494026,20,0.01845039621451938
340,S>E,0.5117586795281304,0.0955528265950788,20,0.021366261570884594
340,S>>E,0.5137657980271941,0.15199635555454274,20,0.03398741833521853
341,E>>S,0.4955320791261525,0.1360509877972251,20,0.03042192571205897
341,E>S,0.4723830316775606,0.08362604266433867,20,0.018699351608675887
341,S~E,0.4562210549824569,0.0823734382686249,20,0.018419260750902784
341,S>E,0.5180149790003427,0.09646236557356677,20,0.021569640669293077
341,S>>E,0.5416091589107885,0.13210244095884202,20,0.029539003797762323
342,E>>S,0.4777377011263614,0.1091174956000004,20,0.02439941376961351
342,E>S,0.45449334544108055,0.08149553157287563,20,0.018222954845943027
342,S~E,0.46436622295330016,0.08066228411177553,20,0.018036635049433133
342,S>E,0.5008418784378056,0.09284333457222306,20,0.02076040073612471
342,S>>E,0.516507623338038,0.09775865946431762,20,0.021859500795146737
343,E>>S,0.5050141785470763,0.12225366685531137,20,0.027336750958708918
343,E>S,0.4852071796727868,0.09948865185102401,20,0.022246338852869998
343,S~E,0.45010017082645215,0.09540092032265397,20,0.021332294295749545
343,S>E,0.4881038769950896,0.06373691603394008,20,0.01425200769280863
343,S>>E,0.5187205649836032,0.11957382067035816,20,0.02673751913482903
344,E>>S,0.48443459584906645,0.1298890298850081,20,0.02904407003543798
344,E>S,0.4517314132008171,0.0803654485326756,20,0.017970260596132336
344,S~E,0.46558096112295255,0.07940550102610569,20,0.01775560980818016
344,S>E,0.5150831730974171,0.09355788004339251,20,0.020920177960779662
344,S>>E,0.5130576476708929,0.12113270432102881,20,0.02708609611602029
345,E>>S,0.5053957906227502,0.11938967026560919,20,0.026696341852518752
345,E>S,0.4688491205708673,0.0831368483964349,20,0.01858996444495228
345,S~E,0.46636585330243524,0.0678654732765144,20,0.015175181157148158
345,S>E,0.485318562657757,0.07746771453977584,20,0.01732230757724876
345,S>>E,0.517576495442587,0.09352021279199262,20,0.020911755307314088
346,E>>S,0.5018950488860836,0.09729753020510114,20,0.02175638915814452
346,E>S,0.5044814341342004,0.07940488200261524,20,0.01775547139031973
346,S~E,0.4640718924874343,0.0848899673315295,20,0.018981973756103637
346,S>E,0.4897096337866179,0.0813954519331277,20,0.018200576358179017
346,S>>E,0.4814579225415644,0.09009973456152874,20,0.020146913123426546
347,E>>S,0.5118685055198765,0.14935557907090594,20,0.033396922762139056
347,E>S,0.4695982090867683,0.09343032906489333,20,0.020891656694927586
347,S~E,0.4554286738133001,0.07685980647804333,20,0.01718637520223836
347,S>E,0.4954247713417084,0.09693938430774883,20,0.021676305300910276
347,S>>E,0.5193899885345237,0.11977463850605001,20,0.026782423367999166
348,E>>S,0.5112132655829438,0.12594775855049492,20,0.0281627749732637
348,E>S,0.48847757106132256,0.1074555582292765,20,0.024027793276084917
348,S~E,0.4538629578052532,0.07994004871333886,20,0.01787513830476703
348,S>E,0.5088551854095826,0.0674142416040962,20,0.015074282687835356
348,S>>E,0.5252902750770194,0.14443673317968217,20,0.032297035383776866
349,E>>S,0.5040410874884708,0.1085143631046161,20,0.02426454924370167
349,E>S,0.4652683138162398,0.09911190660282075,20,0.022162096054351745
349,S~E,0.45636425410199594,0.09752858447069346,20,0.02180805446258009
349,S>E,0.49653616044569676,0.08482982441039569,20,0.018968525390101576
349,S>>E,0.518267164306449,0.13866133762811436,20,0.031005617678751315
350,E>>S,0.49982021504513696,0.09904718453269895,20,0.02214762375950806
350,E>S,0.4811616681309485,0.06553027674316923,20,0.014653015338209993
350,S~E,0.46711925486095385,0.0695039806875988,20,0.01554156255243035
350,S>E,0.4967317270942136,0.07112555471053397,20,0.01590415752701343
350,S>>E,0.5352923841785082,0.1385574961053244,20,0.030982398008366767
351,E>>S,0.5094509920105581,0.08666321274200997,20,0.019378483483966022
351,E>S,0.4739874695276639,0.08487724157083466,20,0.018979128189505732
351,S~E,0.4361158600767567,0.10636736824034226,20,0.02378446659731575
351,S>E,0.5161774667124249,0.09184837164874102,20,0.020537920262924933
351,S>>E,0.5066597522518641,0.09338843401920448,20,0.02088228867791951
352,E>>S,0.4996651928147965,0.07736306682810386,20,0.017298907637549925
352,E>S,0.477993147197824,0.08509104389288849,20,0.0190269358420917
352,S~E,0.44772254557256386,0.0798341700441281,20,0.01785146311459478
352,S>E,0.49615741645765066,0.08434226360484373,20,0.018859503479663704
352,S>>E,0.50422546258922,0.0972937321435549,20,0.021755539885764508
353,E>>S,0.4769877918542977,0.09735684577242035,20,0.02176965252220949
353,E>S,0.4753346652110138,0.09307589621077592,20,0.020812403099401
353,S~E,0.44944710094855794,0.07609711284509998,20,0.0170158317213116
353,S>E,0.4946476615464036,0.09466936529141202,20,0.021168713617835646
353,S>>E,0.5081334430590038,0.10041450075676267,20,0.02245336496188254
354,E>>S,0.5155788481439989,0.09729302456662174,20,0.02175538166675232
354,E>S,0.494231788496515,0.09739586421974278,20,0.021778377312268435
354,S~E,0.44681529805176623,0.0792008778701579,20,0.017709854679533184
354,S>E,0.498321712648247,0.0913679089513503,20,0.02043048553772308
354,S>>E,0.5138908784162528,0.12459149377617212,20,0.02785950495017628
355,E>>S,0.5221409232918715,0.10743428766117942,20,0.024023037032466405
355,E>S,0.46061992596609314,0.07302159969406927,20,0.01632812607417167
355,S~E,0.47800492339380946,0.08829990079535464,20,0.019744458058490073
355,S>E,0.5042487260982953,0.11392730488887645,20,0.025474919822487185
355,S>>E,0.5100595236253842,0.09237028474930961,20,0.02065462358004684
356,E>>S,0.5143226640351611,0.12124517163769052,20,0.02711124457255055
356,E>S,0.4582588207014487,0.10432529513940618,20,0.02332784517044406
356,S~E,0.46487299055323905,0.0944196539965007,20,0.021112876474818524
356,S>E,0.505104965503094,0.09467938870210076,20,0.021170954920602288
356,S>>E,0.5143593675490752,0.11624721129537327,20,0.0259936666651236
357,E>>S,0.5319656163543331,0.11252968960453696,20,0.02516240354426961
357,E>S,0.47173510699203874,0.09387932768475578,20,0.020992055838509185
357,S~E,0.4528092760335194,0.08443005134825306,20,0.01887913341584916
357,S>E,0.500695292443856,0.09346089665355865,20,0.020898491815543974
357,S>>E,0.49253745528323584,0.10861805879757479,20,0.02428773630554463
358,E>>S,0.4836428927608141,0.096044297374951,20,0.021476157778159505
358,E>S,0.4598906869922229,0.08566390150416388,20,0.01915503069811569
358,S~E,0.4734814211507933,0.07942656392066622,20,0.017760319614584186
358,S>E,0.47598782186289484,0.08168110737051182,20,0.01826445085579235
358,S>>E,0.5203928333113187,0.10407686731670332,20,0.023272295020537473
359,E>>S,0.5063976933900152,0.10903077079852555,20,0.024380021514470215
359,E>S,0.46526324380278233,0.09116982106437277,20,0.020386191739642973
359,S~E,0.46423710840312743,0.07802761991014548,20,0.017447506224160133
359,S>E,0.5052216571213954,0.11169754933552634,20,0.024976331323437333
359,S>>E,0.5133074905898087,0.09441708117452463,20,0.021112301174335275
360,E>>S,0.5165843285994558,0.09928944136601656,20,0.022201794034239258
360,E>S,0.48515754954172685,0.0689261082018699,20,0.015412346336388688
360,S~E,0.48090006300283533,0.07668825562902043,20,0.017148015266237056
360,S>E,0.48789614017184035,0.10580445002475031,20,0.023658594257732098
360,S>>E,0.4771468629407961,0.09401497221968129,20,0.021022386878596165
361,E>>S,0.4914655428907304,0.09839613408537058,20,0.02200204445380727
361,E>S,0.4846642238468927,0.07407577557271339,20,0.016563846966660554
361,S~E,0.46175950739207694,0.0780417804144901,20,0.017450672609191156
361,S>E,0.49171977124071137,0.0862659805791312,20,0.0192896596720614
361,S>>E,0.5252223135651488,0.13654565310179753,20,0.030532536236772427
362,E>>S,0.49835653692829596,0.08076856170213252,20,0.018060399441085444
362,E>S,0.4876056557827383,0.07899067718236799,20,0.017662852376851636
362,S~E,0.4547285288206857,0.08539817687296562,20,0.019095612864250155
362,S>E,0.48301344631584886,0.1002659645271353,20,0.02242015125122571
362,S>>E,0.5256060863592719,0.15081959287997737,20,0.03372428620184727
363,E>>S,0.47055039158830664,0.11361125035138339,20,0.025404247879444012
363,E>S,0.47121846291662506,0.09834624867481524,20,0.02199088973689855
363,S~E,0.46000742106861275,0.08162071135697219,20,0.01825094589660789
363,S>E,0.47946742088898703,0.06602162985047885,20,0.014762885233099998
363,S>>E,0.5192784262379695,0.10138035792765086,20,0.022669337190948703
364,E>>S,0.5004625708350051,0.0895161068663535,20,0.02001641000343021
364,E>S,0.48540422604972056,0.08524989679945198,20,0.019062456431841637
364,S~E,0.4575475387047708,0.09503179825490901,20,0.021249756092202244
364,S>E,0.48940628683550924,0.07484537657670343,20,0.016735934982707937
364,S>>E,0.4779148206318949,0.11747967007798826,20,0.026269252826862977
365,E>>S,0.5088429453713313,0.10150715818923764,20,0.02269769059139598
365,E>S,0.4749807638276488,0.0767461511949719,20,0.01716096110834339
365,S~E,0.4758205159053669,0.0922162743587665,20,0.020620185809797274
365,S>E,0.48303651484546606,0.07514417230827487,20,0.01680274773942599
365,S>>E,0.5166053942122364,0.12045330860642707,20,0.026934178615873137
366,E>>S,0.4713453330174674,0.13340568879655787,20,0.02983041887342855
366,E>S,0.4767431832795439,0.08885190056309752,20,0.01986788895891379
366,S~E,0.45950412853944067,0.07383396866158484,20,0.016509777297589286
366,S>E,0.4921791786297546,0.0792791891079096,20,0.017727365604634678
366,S>>E,0.4957475280785504,0.09416958330165141,20,0.021056958967532163
367,E>>S,0.4856022429387969,0.11134761513538328,20,0.024898083657520147
367,E>S,0.4815584706054989,0.08085486906738774,20,0.0180796983546524
367,S~E,0.4481116444573737,0.07007808429076581,20,0.015669936020711248
367,S>E,0.4865733399922275,0.09778483594463379,20,0.0218653540340866
367,S>>E,0.4950994820961002,0.07184885433799844,20,0.016065892240524515
368,E>>S,0.49512079827597405,0.11121830191012533,20,0.024869168341313492
368,E>S,0.4773520305088354,0.0952403143023693,20,0.021296381697854323
368,S~E,0.462505492166761,0.0993632713640757,20,0.022218302923683153
368,S>E,0.49425877705020305,0.11442274239673061,20,0.025585703017103684
368,S>>E,0.5030282991877726,0.15259925322435536,20,0.034122230352536254
369,E>>S,0.4784836462980232,0.10561332128205508,20,0.02361585657162004
369,E>S,0.46233042198741614,0.1007395816892858,20,0.022526055268213614
369,S~E,0.45840112837382374,0.0881889423246544,20,0.019719646990173558
369,S>E,0.48758942265710975,0.07125770123235926,20,0.015933706387592585
369,S>>E,0.5016695561049923,0.11093177297820508,20,0.024805098524384086
370,E>>S,0.504839581051522,0.09757371857139488,20,0.02181814675430726
370,E>S,0.4579319383949591,0.07840641624502709,20,0.017532207659602436
370,S~E,0.44622882934240693,0.0842152462102,20,0.018831101526788876
370,S>E,0.48910710319967066,0.0900968809836363,20,0.020146275044011886
370,S>>E,0.5179848585777511,0.1144487077745476,20,0.02559150905208971
371,E>>S,0.48369395245774516,0.07651048929837449,20,0.017108265506293553
371,E>S,0.4750394618668265,0.06673203944915708,20,0.014921737648551285
371,S~E,0.47528595235781185,0.07048613436827852,20,0.015761178791865497
371,S>E,0.49456011796629246,0.09826014781531224,20,0.021971636999421562
371,S>>E,0.4734470478954377,0.08639951434367552,20,0.019319518729542656
372,E>>S,0.4639890628955137,0.1112165782760353,20,0.02486878292501413
372,E>S,0.4652051114470968,0.07132005404035888,20,0.015947648899320096
372,S~E,0.4746518844266673,0.07795561978277799,20,0.017431406506241896
372,S>E,0.4983110969795089,0.08024080667777247,20,0.01794238983009183
372,S>>E,0.4983287193040917,0.0911245916370317,20,0.02037607813223117
373,E>>S,0.5094342836493622,0.12422474344841075,20,0.027777497083811806
373,E>S,0.4773700022538,0.09193682487047829,20,0.020557699004588273
373,S~E,0.4831043551063646,0.08568515516108748,20,0.019159783160280854
373,S>E,0.49898043982854956,0.08611346159851865,20,0.01925555539121054
373,S>>E,0.5182461830479173,0.15468001992557642,20,0.03458750393146108
374,E>>S,0.5034390648255461,0.0801599337135706,20,0.0179243060855421
374,E>S,0.48239445366340084,0.07341902769108659,20,0.016416993675920904
374,S~E,0.4868452935770303,0.07578206224023189,20,0.01694538426442785
374,S>E,0.4896302810868315,0.07083448245594244,20,0.015839071792250355
374,S>>E,0.5062764710343644,0.09860651584527232,20,0.022049087245443903
375,E>>S,0.4862389988579504,0.11422727292701529,20,0.025541994714922755
375,E>S,0.4930503405658765,0.10979505060262225,20,0.02455091967404926
375,S~E,0.4555406944300109,0.0951338017673394,20,0.021272564770976055
375,S>E,0.4801761174733489,0.09681251489001616,20,0.02164793643667867
375,S>>E,0.4987269784624669,0.09259934490575146,20,0.02070584298812091
376,E>>S,0.5105564198756252,0.1097824953722018,20,0.02454811223917993
376,E>S,0.4792555679995282,0.09222458404120683,20,0.020622043911278073
376,S~E,0.4718282947649361,0.10638766789906776,20,0.023789005738998774
376,S>E,0.4667939246928904,0.09196657562512177,20,0.02056435147556475
376,S>>E,0.4729806990795124,0.09454660480424187,20,0.0211412635384093
377,E>>S,0.5138840993169882,0.13760302463085408,20,0.03076897169841676
377,E>S,0.49216122501226656,0.08702693590928266,20,0.01945981445666735
377,S~E,0.46752109708744005,0.07474056371535452,20,0.016712498114418696
377,S>E,0.4753885328312205,0.06673311427683992,20,0.014921977987327579
377,S>>E,0.46455737020461535,0.11528435230521286,20,0.025778364849649054
378,E>>S,0.4949860860714722,0.12882569114874715,20,0.028806300265699157
378,E>S,0.48159316882198144,0.09461296911445816,20,0.021156103049301652
378,S~E,0.4560398783342907,0.0758850492306698,20,0.01696841285556958
378,S>E,0.48452916445988237,0.09189677270906542,20,0.020548743069031778
378,S>>E,0.49132825287336174,0.09872197568999842,20,0.022074904851591817
379,E>>S,0.4925591731805257,0.1301939893327538,20,0.029112261040992
379,E>S,0.47823343731392365,0.08981758738853189,20,0.020083823097578512
379,S~E,0.44406927955062836,0.08067181533980612,20,0.018038766296811677
379,S>E,0.4994826346308203,0.08912548689871191,20,0.019929064723328675
379,S>>E,0.5004942895078722,0.09398307761660585,20,0.021015255028536958
380,E>>S,0.5066611724109891,0.10441714570803746,20,0.023348383581967218
380,E>S,0.4790247264412194,0.08981435793390463,20,0.02008310096957083
380,S~E,0.4499710104203184,0.07300894073035927,20,0.016325295443833647
380,S>E,0.4695945864228748,0.1095434441378922,20,0.02449465875817778
380,S>>E,0.4893718772971523,0.07561334034781457,20,0.016907656902354098
381,E>>S,0.5279176500170246,0.09821971107731989,20,0.021962595069927635
381,E>S,0.4536932010326976,0.07047043913930988,20,0.015757669231975864
381,S~E,0.44219180911437583,0.07537705295980562,20,0.016854821436172708
381,S>E,0.48684693601097573,0.08389624285525792,20,0.018759770208118774
381,S>>E,0.474890859742365,0.11779213076865847,20,0.026339121161326487
382,E>>S,0.4852197646275447,0.11092325237600768,20,0.024803193259811823
382,E>S,0.4688548498145713,0.09605123018686577,20,0.02147770800203117
382,S~E,0.4894691456819202,0.09417643944654795,20,0.021058492048137388
382,S>E,0.4913012207813846,0.0987320128602358,20,0.022077149231087067
382,S>>E,0.5008899054911592,0.08992490881151342,20,0.020107820897301384
383,E>>S,0.4935501960179156,0.12083995753867237,20,0.027020635945465957
383,E>S,0.47376333706521967,0.10209652878158017,20,0.022829477862237702
383,S~E,0.48023458834642535,0.08291568020293291,20,0.018540509733439153
383,S>E,0.4944115166241855,0.08888128129537497,20,0.019874458690373898
383,S>>E,0.5064365203642637,0.10254514263588697,20,0.022929790969625524
384,E>>S,0.47977004371678056,0.09313032026673057,20,0.02082457268827359
384,E>S,0.4754049810706892,0.07882988702833078,20,0.01762689860539765
384,S~E,0.46697690863629254,0.09165890718061663,20,0.020495554719920237
384,S>E,0.48993505057279946,0.08305748041706784,20,0.018572217225242126
384,S>>E,0.4807282378962786,0.08789890048659904,20,0.019654791663552478
385,E>>S,0.5109601254864721,0.11394965585813689,20,0.02547991765115012
385,E>S,0.47799014838382237,0.08894866413597331,20,0.01988952595158339
385,S~E,0.4593085158792712,0.08561188598336851,20,0.01914339967407734
385,S>E,0.4842173156146451,0.09813420242640242,20,0.02194347475431606
385,S>>E,0.5211130586803556,0.10297762624989852,20,0.023026497245633982
386,E>>S,0.46793622891089826,0.1187335454744978,20,0.026549627889053958
386,E>S,0.45481548811320394,0.09896968037862872,20,0.022130293303804092
386,S~E,0.4722311889520377,0.07803247945005566,20,0.017448592850317985
386,S>E,0.5190868069415843,0.0855140117993948,20,0.01912151434121659
386,S>>E,0.5009066866398632,0.0845197760179036,20,0.018899196461908893
387,E>>S,0.5018669856803004,0.09472349758121008,20,0.021180817965812265
387,E>S,0.46254549323280153,0.08032015002999336,20,0.01796013154300469
387,S~E,0.46533398929697034,0.08713810719659974,20,0.019484673112226066
387,S>E,0.48831172290611213,0.0848929484786568,20,0.018982640360866394
387,S>>E,0.5014372151835551,0.11106962595908618,20,0.024835923387999195
388,E>>S,0.4991291869176946,0.11576675466764866,20,0.025886233297140345
388,E>S,0.4839262405040712,0.10644698228335601,20,0.023802268838529983
388,S~E,0.4463809312902926,0.08542431046279209,20,0.01910145651258496
388,S>E,0.4936631761601896,0.07101960365005122,20,0.015880466149660672
388,S>>E,0.47901785966983007,0.11020610014376063,20,0.02464283314565981
389,E>>S,0.47946318516251657,0.0962950433578512,20,0.02153222628444449
389,E>S,0.45998304248776495,0.09022399488005954,20,0.02017469857534061
389,S~E,0.46813989868663386,0.0931609153858539,20,0.020831413964887538
389,S>E,0.5074583257404883,0.07681315876437586,20,0.017175944456362818
389,S>>E,0.4817419154787629,0.08917661661051285,20,0.019940497674454362
390,E>>S,0.4658557817109427,0.08413001360518807,20,0.018812042936918266
390,E>S,0.4715892718294363,0.09663526628733485,20,0.021608302444227442
390,S~E,0.4758979427632326,0.06728541810532201,20,0.015045476877799512
390,S>E,0.49031579352185456,0.08205712777695993,20,0.01834853157476686
390,S>>E,0.4767856687754531,0.13211279355139247,20,0.02954131870783094
391,E>>S,0.4859805607901486,0.09977735498468049,20,0.022310894836087305
391,E>S,0.49078162697952477,0.08950862487901207,20,0.020014736980199985
391,S~E,0.44786818566561193,0.08194866892228479,20,0.01832427943758532
391,S>E,0.4934213193303318,0.08777959223711396,20,0.019628113527939965
391,S>>E,0.48156867723524355,0.09172353691819478,20,0.020510006368579508
392,E>>S,0.5105184076737754,0.10247841601646274,20,0.02291487044393139
392,E>S,0.4633595962361669,0.11796153217100933,20,0.02637700046644052
392,S~E,0.45257458486774366,0.08036260285050427,20,0.01796962428225459
392,S>E,0.48366149953618154,0.083150528756075,20,0.018593023466363472
392,S>>E,0.4897053363246796,0.08061032709485075,20,0.01802501710725794
393,E>>S,0.51985710884041,0.09553801299628631,20,0.021362949149495453
393,E>S,0.4662587523343503,0.08292647503323958,20,0.018542923530876283
393,S~E,0.4546567298274697,0.07361867305313191,20,0.016461635736013492
393,S>E,0.506959343600247,0.07598588734521579,20,0.016990960943454352
393,S>>E,0.49610565465200523,0.07711484778207048,20,0.017243404171525846
394,E>>S,0.5081543710741774,0.10059397441402224,20,0.022493496491662827
394,E>S,0.4672721374828474,0.11830288818721262,20,0.026453329992116425
394,S~E,0.46326131180535424,0.08458646618203236,20,0.018914108835951144
394,S>E,0.4982144878176798,0.07729777330074146,20,0.01728430756098262
394,S>>E,0.500256127021816,0.0953431830675069,20,0.021319383853015236
395,E>>S,0.49564582482660446,0.12322239148134835,20,0.02755336437023859
395,E>S,0.47992190522493805,0.07993595085513472,20,0.017874221995816366
395,S~E,0.4468377620651275,0.08367339772283411,20,0.018709940521663318
395,S>E,0.46859810488617215,0.0843316254096993,20,0.018857124706913617
395,S>>E,0.48849333372457016,0.09331121507825318,20,0.020865021997807747
396,E>>S,0.5061621149637299,0.09219961185632129,20,0.020616459960982998
396,E>S,0.4611947651972856,0.09905088702547028,20,0.022148451662060347
396,S~E,0.4725247113740207,0.05633229731443723,20,0.012596284612381048
396,S>E,0.48776171001670665,0.08564904928289462,20,0.019151709640478198
396,S>>E,0.5029066728783026,0.113080701713818,20,0.0252856135975474
397,E>>S,0.4794688798058727,0.11539673506375916,20,0.025803494398409902
397,E>S,0.44724981801667346,0.0765249002682847,20,0.017111487897127648
397,S~E,0.47151234286107535,0.08930902720803544,20,0.019970105584154546
397,S>E,0.49125376792436687,0.0909768785626025,20,0.020343048484672253
397,S>>E,0.49478430732806783,0.10545271215717969,20,0.023579943279517228
398,E>>S,0.5094982987090582,0.080994204238037,20,0.018110854645975227
398,E>S,0.46752231305782593,0.09959920144945435,20,0.02227105849456755
398,S~E,0.47298775330999077,0.09167086833219071,20,0.020498229314721117
398,S>E,0.5051888487641794,0.08889289432322157,20,0.019877055442342858
398,S>>E,0.48537050635316203,0.07239011888024452,20,0.01618692267155177
399,E>>S,0.4898653457526221,0.11220102912317197,20,0.02508891282648461
399,E>S,0.46373710923038003,0.08469333023685029,20,0.01893800436504356
399,S~E,0.45528576411882044,0.08838947668042275,20,0.019764487835305773
399,S>E,0.5003129065741987,0.09271588665247336,20,0.020731902514909584
399,S>>E,0.4841297358284004,0.09236766536447047,20,0.020654037867790884
400,E>>S,0.49189993377455277,0.11670674326592774,20,0.026096421137523022
400,E>S,0.4648772789928638,0.08413311702384794,20,0.018812736882426878
400,S~E,0.47811612724494934,0.0925482606110781,20,0.020694420192573684
400,S>E,0.47181432169685855,0.08028951312896197,20,0.017953280923672082
400,S>>E,0.4823449409201027,0.08808360376352602,20,0.019696092571840046
401,E>>S,0.4814844446033093,0.11856635594651384,20,0.026512243174084134
401,E>S,0.4735452912024611,0.07590846983061622,20,0.01697364986092498
401,S~E,0.42434461818058555,0.10075324691852397,20,0.02252911090636408
401,S>E,0.4815443694837538,0.10680682445534892,20,0.023882731994304712
401,S>>E,0.47987228003656474,0.12331578963225617,20,0.027574248831678857
402,E>>S,0.5336493419926537,0.11011641192402084,20,0.0246227782500479
402,E>S,0.46867004854572897,0.07478272966750443,20,0.016721926707953014
402,S~E,0.4457493357432911,0.08861308299152076,20,0.019814487726487084
402,S>E,0.4757374792585285,0.10781513729234712,20,0.024108197598916078
402,S>>E,0.503149876571877,0.10096000325400149,20,0.02257534302845473
403,E>>S,0.4914193915353513,0.0913994526133317,20,0.020437538914968047
403,E>S,0.4555427527351932,0.07514748648191,20,0.016803488811179726
403,S~E,0.4578578648921048,0.058447994439712284,20,0.01306936887157264
403,S>E,0.47712180457388415,0.10639250302797087,20,0.023790086906689507
403,S>>E,0.5046016648181976,0.09968958791953544,20,0.022291269523702306
404,E>>S,0.4851287167779028,0.09142625443869462,20,0.020443531985311306
404,E>S,0.4573833018769392,0.08292490984013205,20,0.018542573543057647
404,S~E,0.46707746510316844,0.08099671716868895,20,0.01811141655435128
404,S>E,0.4942148501018904,0.08626049376093431,20,0.019288432782214558
404,S>>E,0.5114199250716529,0.10090108701143002,20,0.022562168956117862
405,E>>S,0.48053332475296184,0.11001133211335445,20,0.024599281690076615
405,E>S,0.49809178741245336,0.07705141202992377,20,0.01722921950612546
405,S~E,0.48422008911065584,0.08847600139350797,20,0.019783835349324996
405,S>E,0.4942783153580529,0.10508196097360412,20,0.02349704079459588
405,S>>E,0.45530695657872106,0.10123359125098487,20,0.022636519164363014
406,E>>S,0.49320569981232254,0.12327477031753688,20,0.027565076634068576
406,E>S,0.4571954946887763,0.09000701551853171,20,0.02012618051513154
406,S~E,0.44693852915844945,0.08708892580858185,20,0.019473675819542485
406,S>E,0.49223266160223417,0.08114718773129337,20,0.01814506279501089
406,S>>E,0.48176662573356444,0.1534555473704903,20,0.03431370354448554
407,E>>S,0.5068658218992506,0.10406226133372928,20,0.02326902902345666
407,E>S,0.46720397880379033,0.1133255876857548,20,0.025340371765546082
407,S~E,0.43390554473934817,0.09256330817952291,20,0.020697784931167553
407,S>E,0.4685044476902488,0.09914207080464316,20,0.022168840974927936
407,S>>E,0.4998241462515959,0.10154532342901615,20,0.022706224598448215
408,E>>S,0.49670049237833547,0.09205928677939948,20,0.020585082319888492
408,E>S,0.4577465475808994,0.0765942819295722,20,0.01712700210823072
408,S~E,0.4606133537475646,0.09667380622405614,20,0.021616920236063177
408,S>E,0.4567418154781458,0.10564917164566529,20,0.02362387295662509
408,S>>E,0.4904140849502431,0.10034373153390899,20,0.022437540482580974
409,E>>S,0.4919895087457647,0.09396055013591133,20,0.02101021773071748
409,E>S,0.4748732798543641,0.08117610568117263,20,0.018151529045180886
409,S~E,0.43991015259348815,0.06518356624728368,20,0.014575488514478716
409,S>E,0.4822980130246747,0.0958347054415784,20,0.02142929159710383
409,S>>E,0.4673646252155277,0.14124716163452586,20,0.031583825504370014
410,E>>S,0.49300102232833226,0.11645566230365903,20,0.026040277727574133
410,E>S,0.48197032792473193,0.09207294300850466,20,0.02058813594554804
410,S~E,0.45214884576475606,0.08972324938643282,20,0.020062728479023007
410,S>E,0.4834155239364269,0.0973488234569615,20,0.021767858677939195
410,S>>E,0.4530272113408171,0.09533566046240564,20,0.021317701747377803
411,E>>S,0.48340946555332487,0.12293885963978066,20,0.027489964723085486
411,E>S,0.4684528285188293,0.09272292486000684,20,0.020733476305958044
411,S~E,0.4584450319256107,0.0680170324690684,20,0.01520907082286473
411,S>E,0.490433598215693,0.09886833470310813,20,0.022107631721835126
411,S>>E,0.4915441314135216,0.08837072307215725,20,0.019760294401015267
412,E>>S,0.46706995833514453,0.10199898964297459,20,0.022807667447798816
412,E>S,0.4562405173068996,0.1117833090188347,20,0.02499550777159797
412,S~E,0.45003371647507284,0.08782829374635664,20,0.019639003516467312
412,S>E,0.49367011317295245,0.10207976387048626,20,0.02282572911415343
412,S>>E,0.5434891797679057,0.12346429896222788,20,0.027607456527389825
413,E>>S,0.4774308743580513,0.09677885701662704,20,0.021640410307391056
413,E>S,0.4747792620379193,0.10122662235531034,20,0.022634960871917378
413,S~E,0.46384096023799637,0.08344942034247946,20,0.018659857656873783
413,S>E,0.4791175178613661,0.1157480644778048,20,0.02588205404364002
413,S>>E,0.5052502417565119,0.09382776051565427,20,0.020980525068957364
414,E>>S,0.47751446216542853,0.08698540313250261,20,0.019450527445449898
414,E>S,0.46778109479579066,0.09121898012009547,20,0.02039718403867354
414,S~E,0.452222746255587,0.0946456598983393,20,0.021163412930801248
414,S>E,0.4998079773987607,0.10508693590827016,20,0.02349815322380557
414,S>>E,0.4802191739874332,0.08914037758262248,20,0.019932394381474223
415,E>>S,0.49678223233596414,0.11684258467161633,20,0.026126796199250905
415,E>S,0.44546900083065866,0.08663762395096475,20,0.019372761656342108
415,S~E,0.45432367075659597,0.08221867816767775,20,0.01838465534031053
415,S>E,0.48332616612708623,0.10619354746456429,20,0.023745599090261617
415,S>>E,0.4945986247347459,0.09224253392242268,20,0.020626057626736742
416,E>>S,0.4988331730540422,0.10432519345715979,20,0.023327822433602558
416,E>S,0.48375349946901025,0.09050634226432344,20,0.020237833369788946
416,S~E,0.4485599040029441,0.08162538270451863,20,0.01825199044167393
416,S>E,0.4850261955352485,0.11135107950070497,20,0.024898858313155962
416,S>>E,0.4625822503897802,0.10475046400835358,20,0.02342291581973237
417,E>>S,0.4905035175146354,0.11594472891998642,20,0.025926029549787538
417,E>S,0.4719910977698566,0.09013049995873801,20,0.02015379247537802
417,S~E,0.4516991737857724,0.09312502486389045,20,0.020823388600201713
417,S>E,0.47087780922816014,0.10519593228727205,20,0.023522525555080522
417,S>>E,0.49605489256997287,0.1056523354725322,20,0.023624580409819435
418,E>>S,0.44947135069790106,0.13161109965567117,20,0.029429136542357986
418,E>S,0.46006572318254174,0.09241840997612052,20,0.02066538470790502
418,S~E,0.46358082893416963,0.07818351190734385,20,0.01748236473444851
418,S>E,0.4789921383907392,0.10127098684373317,20,0.022644881073107425
418,S>>E,0.4790026724207041,0.0769353734617295,20,0.017203272493476047
419,E>>S,0.5267272439383943,0.12577976312281153,20,0.02812521005364278
419,E>S,0.46306972150151154,0.10111672069638179,20,0.022610386113896954
419,S~E,0.464916344482583,0.06809129529831054,20,0.015225676496303417
419,S>E,0.47019900848645585,0.1072060541574904,20,0.02397200246956725
419,S>>E,0.4747913532875375,0.14674250855934806,20,0.0328126224327547
420,E>>S,0.4837709300836942,0.09650509442665048,20,0.021579195131302655
420,E>S,0.46320465633974284,0.10453277883432271,20,0.02337423993504968
420,S~E,0.4650495388113156,0.09094461191587219,20,0.02033583344312276
420,S>E,0.4746449920378815,0.09956782268404202,20,0.02226404198931635
420,S>>E,0.46257680758792663,0.1148538220381646,20,0.025682095355299948
421,E>>S,0.49929793599501604,0.11832582718775278,20,0.026458459308570798
421,E>S,0.47183974436939147,0.0944626782864781,20,0.021122496998525836
421,S~E,0.4770087753608133,0.08737930686521464,20,0.0195386069977434
421,S>E,0.49064346357224703,0.09677190527319766,20,0.021638855850304034
421,S>>E,0.509799842011881,0.12503109987928968,20,0.027957803863165744
422,E>>S,0.49638233900237977,0.12204141887732507,20,0.02728929086802249
422,E>S,0.4758008323873443,0.11249207046849401,20,0.02515399164972492
422,S~E,0.4577044555835765,0.10317752364236951,20,0.023071195661442993
422,S>E,0.4789321878025582,0.0852424812905494,20,0.019060798273642245
422,S>>E,0.4782187578265539,0.10846271173600638,20,0.02425299964656745
423,E>>S,0.5010452521310925,0.13326410722338328,20,0.029798760271230573
423,E>S,0.46371785567240187,0.07268125087148286,20,0.01625202176383515
423,S~E,0.44195469300998286,0.07427351750546544,20,0.016608063407024132
423,S>E,0.49021187002718103,0.1181967967389887,20,0.026429607223110416
423,S>>E,0.49988600493372715,0.10063088384845174,20,0.022501749692102373
424,E>>S,0.47617612694382505,0.10265345098382889,20,0.022954009452478403
424,E>S,0.46034035883207347,0.10244067376712046,20,0.02290643102041608
424,S~E,0.4407265484964246,0.07116683501270653,20,0.01591338808319239
424,S>E,0.4927876723814273,0.09675952196056907,20,0.021636086857421615
424,S>>E,0.5172142500616531,0.11758031299398072,20,0.02629175726702427
425,E>>S,0.48901236477624355,0.14377841120986012,20,0.0321498301162165
425,E>S,0.4580454720605617,0.11394641202004896,20,0.02547919230690286
425,S~E,0.4555683507806886,0.08552203747023741,20,0.0191233089357735
425,S>E,0.49294578707246106,0.11872271747682853,20,0.026547206675169088
425,S>>E,0.4808869661764074,0.08428630615489814,20,0.018846991013471117
426,E>>S,0.4710429955199616,0.0755904177618922,20,0.016902531256319846
426,E>S,0.43106197125705287,0.06440265390723655,20,0.014400871206797337
426,S~E,0.4558067564582903,0.08414971411118823,20,0.018816448103979016
426,S>E,0.4704112468878027,0.09759876971237975,20,0.021823748359722873
426,S>>E,0.5172504234474016,0.12338679570461976,20,0.027590126272140882
427,E>>S,0.45715462128445034,0.1136409487527782,20,0.0254108886438782
427,E>S,0.4442090550643264,0.09276275593411945,20,0.02074238280489131
427,S~E,0.4694575580329826,0.08406017124690938,20,0.018796425710836263
427,S>E,0.478950740832999,0.0927441929381721,20,0.020738231992810875
427,S>>E,0.5243650769087079,0.11915433939234756,20,0.02664372026953701
428,E>>S,0.4855240462498549,0.0923553167976878,20,0.02065127664431581
428,E>S,0.45122808478118676,0.09120384371731823,20,0.020393799436119065
428,S~E,0.436578297558162,0.09926484071276567,20,0.02219629316094327
428,S>E,0.472391601242906,0.10144768303798585,20,0.02268439154327887
428,S>>E,0.5072058664456384,0.10233714239199415,20,0.022883280701157433
429,E>>S,0.4866381242295829,0.12997648740327783,20,0.029063626131037433
429,E>S,0.44456399498328,0.09994316201468174,20,0.02234797041511032
429,S~E,0.44680778765426654,0.07528493705523365,20,0.016834223693729528
429,S>E,0.507003295274632,0.10956912358635036,20,0.024500400857415495
429,S>>E,0.46690512608622525,0.11045212176861764,20,0.024697845253371334
430,E>>S,0.467360781945799,0.11708593544009002,20,0.026181211085319303
430,E>S,0.4633424515026167,0.07661211345290524,20,0.017130989358062225
430,S~E,0.470823735052362,0.08162844378929167,20,0.01825267492103767
430,S>E,0.4597204030752889,0.11184961734626506,20,0.02501033476435883
430,S>>E,0.47934193796546565,0.15203694762448824,20,0.033996494997993086
431,E>>S,0.46269116700151136,0.11410760591453316,20,0.025515236357465318
431,E>S,0.4621708175630811,0.08259803198876413,20,0.018469481433457873
431,S~E,0.46926814879224565,0.07455069146756296,20,0.016670041389108433
431,S>E,0.4847610119094924,0.08827549218698962,20,0.019739000127736033
431,S>>E,0.5061344166486836,0.11723569305868906,20,0.026214697906852897
432,E>>S,0.46807810010511675,0.08197949351416166,20,0.018331172025866857
432,E>S,0.4495296856453205,0.10427510642726016,20,0.023316622633237895
432,S~E,0.4496050229993872,0.0927720523493165,20,0.020744461546524075
432,S>E,0.47320661229225464,0.09589510126800398,20,0.021442796514448317
432,S>>E,0.47526621993720697,0.08914174708671736,20,0.019932700611899386
433,E>>S,0.488397206228247,0.09031192114670991,20,0.020194359486264413
433,E>S,0.4735479425834714,0.09766172382259569,20,0.021837825326713457
433,S~E,0.4396813962260924,0.10830269237522924,20,0.024217218229726074
433,S>E,0.48769439054756675,0.1152278684679073,20,0.025765734679664525
433,S>>E,0.46055502533305875,0.13954323088636414,20,0.031202815006185842
434,E>>S,0.47026223655241645,0.07760299397460359,20,0.01735255697847202
434,E>S,0.46428825296803833,0.0876967231719278,20,0.01960958344164115
434,S~E,0.46311813613185493,0.08438132003824864,20,0.01886823676366891
434,S>E,0.47492038019096805,0.1024257133596403,20,0.022903085771606407
434,S>>E,0.48424439641557077,0.11826562093292942,20,0.026444996780725226
435,E>>S,0.46360619751015264,0.06921582861764725,20,0.015477129790803453
435,E>S,0.45180165212769274,0.06163835475878764,20,0.013782755126189681
435,S~E,0.4844167941905099,0.0912136163025588,20,0.020395984652610447
435,S>E,0.4807838977201976,0.08466320913766394,20,0.01893126908250979
435,S>>E,0.4930106939490112,0.09096996532899582,20,0.020341502638643365
436,E>>S,0.47959091303183293,0.09471771481954637,20,0.02117952490099449
436,E>S,0.4638289294971278,0.1027299591234853,20,0.022971117192588784
436,S~E,0.43059261403073446,0.0889130520537348,20,0.01988156284791283
436,S>E,0.5024536383248643,0.1295939251561725,20,0.02897808261202217
436,S>>E,0.4993403997325241,0.08629478189291472,20,0.019296099841607527
437,E>>S,0.48771942786968925,0.09510263622330721,20,0.02126559594347488
437,E>S,0.46713862066516976,0.09375797435654082,20,0.020964920409390738
437,S~E,0.44396534184713116,0.09393269312235053,20,0.021003988713120276
437,S>E,0.4842531015059663,0.10608952160313256,20,0.023722338200503686
437,S>>E,0.46212353831712816,0.09076441172168521,20,0.020295539454746686
438,E>>S,0.45657162829728276,0.0948900095624494,20,0.021218051176724192
438,E>S,0.46577478720499743,0.06703195221570604,20,0.014988800181883635
438,S~E,0.45452893275147854,0.09381190751058052,20,0.02097698022925811
438,S>E,0.48289749089198064,0.07878125653377113,20,0.01761602449623617
438,S>>E,0.465657109397719,0.11193577483584098,20,0.02502960016470508
439,E>>S,0.4949594277226644,0.10398930019955814,20,0.023252714417884443
439,E>S,0.46817969610715354,0.09686178879942574,20,0.02165895441777437
439,S~E,0.4592075076606724,0.09273295439951973,20,0.020735718979171428
439,S>E,0.4836179570246063,0.09868545656851446,20,0.022066738927780147
439,S>>E,0.5156634288097385,0.1478266895124304,20,0.03305505266385496
440,E>>S,0.4952923114159706,0.11213110596781238,20,0.025073277533626082
440,E>S,0.4721707516634749,0.09515383511088454,20,0.021277044362774406
440,S~E,0.45491674807830657,0.10709757737985826,20,0.023947746324690686
440,S>E,0.48814374275622524,0.07994121689772146,20,0.017875399518736002
440,S>>E,0.5116437729489132,0.1355520446361304,20,0.030310358629547333
441,E>>S,0.47174337583735976,0.11455918334642709,20,0.02561621214094728
441,E>S,0.47394863941857945,0.10444555399156238,20,0.023354735867275798
441,S~E,0.4500230162581197,0.08277802554221925,20,0.018509729215561613
441,S>E,0.47183006176424813,0.08054444344624516,20,0.01801028507556916
441,S>>E,0.4882417660151197,0.09573548517550384,20,0.021407105271134996
442,E>>S,0.4805269835120404,0.10851956941895707,20,0.024265713410979536
442,E>S,0.46754397242264556,0.08136640982727612,20,0.018194082345889633
442,S~E,0.45852160665657593,0.09404003210734853,20,0.02102799043982941
442,S>E,0.4933977736181444,0.11102581200815637,20,0.024826126290735006
442,S>>E,0.5009386724716791,0.12050669431838307,20,0.02694611602396922
443,E>>S,0.47486231271926754,0.10683521031878573,20,0.023889079266329185
443,E>S,0.47262674124470927,0.06299356454027015,20,0.014085789245706434
443,S~E,0.44344303489055037,0.09037251436169753,20,0.02020790854103317
443,S>E,0.49580164418789724,0.10813788068092359,20,0.02418036521453064
443,S>>E,0.46180040951916446,0.10306423596326772,20,0.023045863766294514
444,E>>S,0.4840403055229367,0.10946678804131439,20,0.024477517933894
444,E>S,0.451293190283374,0.09480246904378353,20,0.021198476521671946
444,S~E,0.46554306604978146,0.10297977100521633,20,0.023026976827502554
444,S>E,0.49370626166613746,0.11842146861262803,20,0.026479845381319398
444,S>>E,0.5069136401543615,0.10782696476032361,20,0.024110842301155788
445,E>>S,0.4773532984608197,0.11901282448721807,20,0.026612076574767114
445,E>S,0.4831330184904788,0.08357859487294744,20,0.018688741959982588
445,S~E,0.46054371739470873,0.10637283840938788,20,0.02378568976429919
445,S>E,0.48992043819543574,0.09798865794089394,20,0.02191093001798134
445,S>>E,0.5013309679426365,0.11193322856191129,20,0.025029030800545467
446,E>>S,0.4981279228858434,0.09339319314853091,20,0.020883352851588273
446,E>S,0.45030617553529745,0.09043968092058272,20,0.02022292744018137
446,S~E,0.4435949491327542,0.07054983560449658,20,0.01577542282130893
446,S>E,0.49085491594141367,0.10085395669151828,20,0.022551630296205466
446,S>>E,0.5164728208606164,0.11158533313696732,20,0.02495123901862188
447,E>>S,0.4638737923785678,0.11462183844295618,20,0.025630222246444866
447,E>S,0.4805865139583084,0.08679189630525104,20,0.019407258003465416
447,S~E,0.46095583919937083,0.06820619589688386,20,0.015251369051209954
447,S>E,0.48279959499021474,0.08498306420381828,20,0.01900279084959667
447,S>>E,0.4828676063271467,0.09547204301741187,20,0.021348197813771706
448,E>>S,0.4870822135137117,0.10951203547745943,20,0.02448763556819679
448,E>S,0.47004091052565833,0.08565912781141886,20,0.019153963267967537
448,S~E,0.44036593623456427,0.093832783889536,20,0.02098164832950496
448,S>E,0.4929280652122784,0.07819809346342323,20,0.017485625269509628
448,S>>E,0.5156903620912443,0.1184978855772106,20,0.026496932734063477
449,E>>S,0.4872046025862292,0.10541967063518526,20,0.023572554970591266
449,E>S,0.47600643196730086,0.07319875676735332,20,0.01636773960002748
449,S~E,0.4438152735761015,0.09858224637186772,20,0.02204366042621282
449,S>E,0.4917520653758641,0.11475375820095136,20,0.02565972040109012
449,S>>E,0.46036475584381426,0.14190716617825935,20,0.031731407006894696
450,E>>S,0.466275584123236,0.13500568463570756,20,0.0301881888194341
450,E>S,0.45186821925948006,0.07961037684805107,20,0.017801421434661763
450,S~E,0.4550796298002965,0.08204894182792842,20,0.01834670114091738
450,S>E,0.48277129860799073,0.10167409668744351,20,0.022735019174400985
450,S>>E,0.4863049914349175,0.12395018376058008,20,0.027716103671224755
451,E>>S,0.5148565012759905,0.07824907320647874,20,0.017497024686604388
451,E>S,0.4791662424474546,0.08525970516820577,20,0.019064649649769824
451,S~E,0.4555346967980306,0.09250076906153201,20,0.0206838007592595
451,S>E,0.45431580835410995,0.11247677390154578,20,0.02515057123337306
451,S>>E,0.4944467170045703,0.10170145867027486,20,0.022741137499761994
452,E>>S,0.4828247883131235,0.08980788976538286,20,0.02008165464312037
452,E>S,0.4654831015989944,0.08681417514092056,20,0.019412239702567075
452,S~E,0.45181909677971993,0.09128809373893665,20,0.020412638313663526
452,S>E,0.4940115793055469,0.10530240797919398,20,0.023546334243589397
452,S>>E,0.4813618993301406,0.09795562405063896,20,0.0219035434155642
453,E>>S,0.507878183146158,0.12016076698554078,20,0.026868764320818164
453,E>S,0.4817006381954667,0.06040552507117037,20,0.013507086027570477
453,S~E,0.4619711869798063,0.08945555012210528,20,0.0200028691037667
453,S>E,0.4890606075887381,0.09695994551044902,20,0.021680902925603956
453,S>>E,0.4679398187542527,0.10900638579767112,20,0.024374568862516027
454,E>>S,0.505388004345918,0.10553218661699364,20,0.023597714308979133
454,E>S,0.46295378398504977,0.1012799289471562,20,0.022646880588218996
454,S~E,0.4614983627374567,0.09460852164103237,20,0.021155108564010833
454,S>E,0.4745678607713163,0.06976325699702855,20,0.015599538497714368
454,S>>E,0.5006559934694662,0.11034039906676361,20,0.024672863297773778
455,E>>S,0.4915291145552055,0.1096160788191944,20,0.024510900366669353
455,E>S,0.4584024272543485,0.09195756076892297,20,0.02056233569243796
455,S~E,0.46169126501933977,0.0858983492633817,20,0.019207454810794045
455,S>E,0.4951070666843352,0.09925398586226473,20,0.022193865942582703
455,S>>E,0.46314732676747344,0.10220671521632195,20,0.0228541162980658
456,E>>S,0.4887747607179921,0.08772685335654559,20,0.01961632075573915
456,E>S,0.46657965255460915,0.10222555889241959,20,0.02285832987213583
456,S~E,0.4370233111312613,0.08764045040403047,20,0.0195970004682111
456,S>E,0.48669070161918054,0.09116554525059638,20,0.020385235638616658
456,S>>E,0.46889308496767246,0.10808376832788592,20,0.02416826532454917
457,E>>S,0.4727393835239984,0.10497693086773265,20,0.023473555348954615
457,E>S,0.4691991835795826,0.09138163796089496,20,0.02043355543758364
457,S~E,0.43893930679092685,0.0825570187127734,20,0.018460310586148353
457,S>E,0.4854800114150444,0.10895893989230188,20,0.024363959635550058
457,S>>E,0.5011081502062027,0.09420097775375678,20,0.02106397898043456
458,E>>S,0.47490894120609306,0.07838670741383519,20,0.017527800630972222
458,E>S,0.4742016571776716,0.07368550403543012,20,0.01647657959795568
458,S~E,0.4526179225876053,0.08612039858385799,20,0.019257106548288307
458,S>E,0.4851301728798183,0.08722184976814311,20,0.019503398520484227
458,S>>E,0.4929505428492661,0.1040298522050005,20,0.02326178212196375
459,E>>S,0.5000971147698591,0.08415644905106634,20,0.0188179540823182
459,E>S,0.4572272598578266,0.0861692702104296,20,0.019268034576206818
459,S~E,0.43549993567557,0.09357654373452481,20,0.020924351288987952
459,S>E,0.4832441700998237,0.08935923574946121,20,0.019981332555322463
459,S>>E,0.47746140714870144,0.10667085402470046,20,0.023852328081718725
460,E>>S,0.4903706264584106,0.11258284426307193,20,0.025174289287250105
460,E>S,0.46225164225988447,0.08292827005504226,20,0.01854332490995347
460,S~E,0.45112252614566994,0.08871710554967946,20,0.01983774787761071
460,S>E,0.46358654073165234,0.086217541106478,20,0.019278828276696722
460,S>>E,0.4991727302531392,0.0996784617750627,20,0.022288781642165453
461,E>>S,0.49199405335615126,0.10795796834314147,20,0.024140135592803466
461,E>S,0.46476339548267953,0.10680924524641135,20,0.023883273299642203
461,S~E,0.43947694830059436,0.10676942227385587,20,0.023874368612272188
461,S>E,0.48133694213966055,0.08424507653142917,20,0.018837771789394782
461,S>>E,0.4787217001049924,0.10810868339777656,20,0.02417383650354313
462,E>>S,0.4828894036046375,0.09664919643733175,20,0.021611417320460426
462,E>S,0.4709645946017865,0.08256647695769603,20,0.018462425514007834
462,S~E,0.44419138883009585,0.0863954563186777,20,0.01931861132756771
462,S>E,0.4666009391026589,0.08854259321444183,20,0.01979872573316035
462,S>>E,0.5039615756105971,0.12402929389620304,20,0.027733793235320974
463,E>>S,0.5187620162487434,0.1038595547103986,20,0.023223702444530973
463,E>S,0.4678672188351074,0.07905959259432246,20,0.017678262331434397
463,S~E,0.4566241466423627,0.10089105149300862,20,0.02255992494597989
463,S>E,0.4860242253129754,0.09881383750016902,20,0.02209544577679958
463,S>>E,0.46332640205941544,0.11015280895658226,20,0.02463091687394656
464,E>>S,0.4994152617632208,0.09807755016736505,20,0.02193080692408741
464,E>S,0.48144597217823526,0.09846402972074027,20,0.022017226379413488
464,S~E,0.4485886922291605,0.09143171387072441,20,0.02044475275142502
464,S>E,0.48214844727221695,0.08709452280904838,20,0.01947492734689381
464,S>>E,0.47979482965792986,0.08177073277173862,20,0.018284491704757735
465,E>>S,0.4826883419114096,0.0996882614496053,20,0.022290972916008917
465,E>S,0.46978760560223715,0.08265897556396078,20,0.01848310883115103
465,S~E,0.44199297087167205,0.0842815279985745,20,0.018845922585236437
465,S>E,0.4741560353752618,0.07984959960767452,20,0.017854913269890076
465,S>>E,0.4926065046159411,0.11348874453640573,20,0.025376854746451107
466,E>>S,0.4493019009330255,0.12411486299399944,20,0.027752927067265582
466,E>S,0.4711938809527784,0.10705496841575216,20,0.023938218670671477
466,S~E,0.44029209505542877,0.08385039182512834,20,0.01874951760609796
466,S>E,0.47167324353473833,0.0796088550026967,20,0.0178010811396954
466,S>>E,0.4935606637176577,0.10496545650504661,20,0.02347098960345817
467,E>>S,0.4831988865501892,0.09551570676963278,20,0.021357961325583572
467,E>S,0.4653018066609828,0.0912639644288918,20,0.020407242835912484
467,S~E,0.4236042045851443,0.10128171513280763,20,0.0226472799914727
467,S>E,0.4924260799621563,0.07778343209753898,20,0.01739290416933362
467,S>>E,0.4746161352353636,0.08669216129109196,20,0.019384956576325756
468,E>>S,0.49341863188272883,0.09431173699064463,20,0.021088745498716283
468,E>S,0.45414761875359355,0.08289337851051137,20,0.01853552292341237
468,S~E,0.4617003781701262,0.08688808744508601,20,0.019428766996215836
468,S>E,0.46463002523086594,0.08539710627168053,20,0.019095373470525128
468,S>>E,0.4636108411604109,0.10244041429122591,20,0.022906372999842207
469,E>>S,0.49768806208522964,0.1285541412433274,20,0.028745579860918937
469,E>S,0.44716747042578325,0.08128510095945356,20,0.018175901130327153
469,S~E,0.4419103617031935,0.09928947687730932,20,0.02220180197480572
469,S>E,0.4784510602147677,0.09092919452241059,20,0.02033238600914116
469,S>>E,0.48335927974561593,0.1194088697716307,20,0.026700634992578604
470,E>>S,0.47640776788247485,0.0972030118248276,20,0.021735254205803037
470,E>S,0.4726855406527319,0.10841166218233356,20,0.024241584619344104
470,S~E,0.43180017075908167,0.09831331222198932,20,0.0219835249221529
470,S>E,0.4888734742772873,0.11281761730443642,20,0.02522678613522764
470,S>>E,0.49910619480809987,0.09971923827844477,20,0.02229789954551016
471,E>>S,0.5004488169588586,0.09142945023853963,20,0.020444246587880896
471,E>S,0.46594587468764653,0.08417634990267181,20,0.018822404048018198
471,S~E,0.4367170993121322,0.07331859916881402,20,0.01639453717565277
471,S>E,0.4735133372656528,0.09432512314240174,20,0.021091738733244887
471,S>>E,0.4913179773483005,0.12554371185875526,20,0.028072427386382322
472,E>>S,0.47824356357133563,0.07415980412684413,20,0.01658263632256929
472,E>S,0.4539886448409952,0.09051914958670625,20,0.020240697174134716
472,S~E,0.43569665419279335,0.07085280753085432,20,0.015843169403569928
472,S>E,0.48538845703057304,0.10137572419369678,20,0.022668301056537606
472,S>>E,0.47060142624414986,0.12736566022676768,20,0.02847982742661938
473,E>>S,0.48258840770396194,0.10795867214052197,20,0.024140292966681985
473,E>S,0.4570565571799552,0.1055307411680429,20,0.023597391096767947
473,S~E,0.42806278263314423,0.08717288950678989,20,0.019492450673226032
473,S>E,0.4690693314133926,0.09536877520266893,20,0.0213251064284064
473,S>>E,0.5069065902312684,0.09971970810968031,20,0.02229800460296822
474,E>>S,0.471474720350439,0.09400442004059233,20,0.021020027339620797
474,E>S,0.4711216082986627,0.06636517800315882,20,0.014839704935393687
474,S~E,0.46725199791790767,0.10828972921319231,20,0.02421431957857428
474,S>E,0.4718700981269647,0.07390799779764688,20,0.016526330715644317
474,S>>E,0.501883965922332,0.11511082036595985,20,0.025739561928405343
475,E>>S,0.4710605116973592,0.08901863082902228,20,0.019905170979765227
475,E>S,0.4721382116536731,0.09343923299787057,20,0.020893647674868007
475,S~E,0.4391446151432839,0.07332186200357353,20,0.016395266767684935
475,S>E,0.49627116316214526,0.10548209846177939,20,0.02358651425698647
475,S>>E,0.45686867602161607,0.11984176874475133,20,0.02679743414570736
476,E>>S,0.4678668383528888,0.088414558420819,20,0.019770096282957773
476,E>S,0.4637003274737708,0.09671566406468761,20,0.02162627993376751
476,S~E,0.4430989419141807,0.06722639604567755,20,0.015032279144045806
476,S>E,0.47828646179910567,0.10596408868481616,20,0.02369429054730652
476,S>>E,0.4960820132173964,0.13879648234421163,20,0.031035836955950656
477,E>>S,0.4894334771520886,0.10265928130393696,20,0.02295531315168763
477,E>S,0.4548519050374029,0.07588184142429957,20,0.01696769556825933
477,S~E,0.4512460032530218,0.07577045905652256,20,0.016942789713674904
477,S>E,0.4980140067153771,0.09089087313525675,20,0.020323817086474353
477,S>>E,0.48511679739355973,0.108031679508011,20,0.024156617910338362
478,E>>S,0.49800104509356735,0.10883595475303567,20,0.02433645932238791
478,E>S,0.49252141673607064,0.08193802385935584,20,0.01832189912915193
478,S~E,0.4330597716496253,0.08090471026259302,20,0.018090843184708286
478,S>E,0.46015081020124954,0.08003788388282772,20,0.01789701491372376
478,S>>E,0.49693411789457737,0.10360130622166366,20,0.023165956326941184
479,E>>S,0.4461013190117937,0.1155745649448019,20,0.025843258368654125
479,E>S,0.4664083572158132,0.09785228275854803,20,0.0218804356001644
479,S~E,0.4433699945549585,0.0948575750650113,20,0.02121079860261543
479,S>E,0.49117737500801156,0.10265691404489,20,0.02295478381647269
479,S>>E,0.4829422650803223,0.12129882755369092,20,0.02712324240010774
480,E>>S,0.5022233229461529,0.08687749143932427,20,0.019426397657298512
480,E>S,0.45257353162816905,0.07567687415510713,20,0.01692186349355165
480,S~E,0.43799111402329727,0.1030613569073923,20,0.02304521998982967
480,S>E,0.4713692165005581,0.11951768989562238,20,0.026724967912035137
480,S>>E,0.4672272804739864,0.10847490037941245,20,0.024255725110088396
481,E>>S,0.46821960262938156,0.11369732617767901,20,0.02542349501932566
481,E>S,0.4647631868019257,0.08829748994167665,20,0.01974391897521929
481,S~E,0.4235160164232351,0.09603793516442137,20,0.02147473514463636
481,S>E,0.48817797063172713,0.11432016241526645,20,0.02556276543593523
481,S>>E,0.4866599625073297,0.09442853099607276,20,0.02111486143226646
482,E>>S,0.4760334410390247,0.11547335066056391,20,0.025820626166669115
482,E>S,0.45083228416203863,0.10494552992222785,20,0.023466533884083967
482,S~E,0.4576168692929067,0.10352026454780565,20,0.023147834857765493
482,S>E,0.46798925504095507,0.07806973486707203,20,0.017456923414815854
482,S>>E,0.49061963216461696,0.09275129499282715,20,0.02073982006050974
483,E>>S,0.4888225140063258,0.08666989332688464,20,0.019379977308156944
483,E>S,0.4475990699394223,0.09285482250305435,20,0.02076296951555067
483,S~E,0.44157467920877397,0.09186585496249154,20,0.020541829650726748
483,S>E,0.47866637954280433,0.09275925292536896,20,0.02074159950832212
483,S>>E,0.4882876450011179,0.10663766615894356,20,0.02384490704933267
484,E>>S,0.4793333461940569,0.10423004962247866,20,0.023306547625403854
484,E>S,0.45852764056773676,0.0871167080822699,20,0.019479888124796084
484,S~E,0.4582434383226469,0.09225486204444289,20,0.020628814278623953
484,S>E,0.49829277199689087,0.10956497891627964,20,0.024499474081013252
484,S>>E,0.4787950675131423,0.0910906582708214,20,0.02036849040087601
485,E>>S,0.48403407283083366,0.09681037760812834,20,0.021647458525919847
485,E>S,0.45964045120372543,0.08362825360659389,20,0.018699845990393586
485,S~E,0.44650987455158486,0.08470846424702075,20,0.01894138843259489
485,S>E,0.4789818175783214,0.09905177252057748,20,0.02214864966478569
485,S>>E,0.5077811536401444,0.11731104101641056,20,0.026231546222396002
486,E>>S,0.5115743378480915,0.11652861846462048,20,0.026056591221102855
486,E>S,0.45638726588764955,0.08428817723259742,20,0.01884740939916379
486,S~E,0.4330352534359916,0.0850221728688938,20,0.019011535812958485
486,S>E,0.47809480385931763,0.10057881672604507,20,0.02249010712959296
486,S>>E,0.46896305694756607,0.09151346447445043,20,0.020463032742138322
487,E>>S,0.4830527711303813,0.09491711687872452,20,0.02122411255691207
487,E>S,0.4800145496768609,0.08899436258045638,20,0.019899744434416406
487,S~E,0.4451191398890778,0.09544862247954729,20,0.021342960822298227
487,S>E,0.4764555990935066,0.08593425812458162,20,0.01921548427625781
487,S>>E,0.4945383512604179,0.10894364977774433,20,0.024360540661996617
488,E>>S,0.46971156484803006,0.10826867303114339,20,0.02420961127313348
488,E>S,0.47513393249138486,0.08072298368532356,20,0.018050207886698998
488,S~E,0.43722550349992256,0.09303610276430295,20,0.020803505014263746
488,S>E,0.47525647564402407,0.07965160827412171,20,0.017810641061812085
488,S>>E,0.5078377010244209,0.12006602817013898,20,0.026847580077683543
489,E>>S,0.4754773909394209,0.07730190935280519,20,0.017285232410339916
489,E>S,0.47721370252296447,0.10318345012351067,20,0.023072520862912893
489,S~E,0.433390738517023,0.08430368746146165,20,0.01885087759177249
489,S>E,0.4745370004240777,0.0940479911625959,20,0.021029770138686392
489,S>>E,0.49231697000538227,0.10810705939380852,20,0.024173473365216306
490,E>>S,0.48091802574639236,0.10637301942758322,20,0.023785730241198184
490,E>S,0.4809950946331939,0.09717917431062563,20,0.021729923975586016
490,S~E,0.4313597229901379,0.07958869198396522,20,0.017796572551643883
490,S>E,0.48326038954469974,0.10772892958522612,20,0.02408892096958538
490,S>>E,0.4771508479354273,0.09765243228306687,20,0.02183574767531325
491,E>>S,0.4743198872139369,0.12165548939036026,20,0.027202994411284997
491,E>S,0.46238612804327694,0.08234228458953209,20,0.01841229457648271
491,S~E,0.4407218850380346,0.06914813352518022,20,0.015461992707953513
491,S>E,0.4697340718314257,0.09382608233733276,20,0.02098014981687684
491,S>>E,0.4604244565218253,0.12019934293244265,20,0.026877390164775066
492,E>>S,0.47469427457991076,0.10496525177774954,20,0.02347094382504286
492,E>S,0.4573866583371918,0.09577314949760987,20,0.021415527269590548
492,S~E,0.44460341901800665,0.08146075903940679,20,0.018215179471084406
492,S>E,0.48739523221589537,0.10092990677011643,20,0.022568613250069657
492,S>>E,0.47899178368797457,0.10116102284939477,20,0.022620292376465616
493,E>>S,0.5104640258593371,0.12112764472694591,20,0.0270849647563895
493,E>S,0.4761387790346688,0.08623970825998575,20,0.019283785002907824
493,S~E,0.4328177158464661,0.09533470357397421,20,0.021317487780619846
493,S>E,0.4687213097640776,0.10476745884979258,20,0.023426715981804812
493,S>>E,0.49129820594962614,0.1247616409813346,20,0.027897551021868774
494,E>>S,0.47969842356380105,0.10921686279239111,20,0.0244216329493054
494,E>S,0.46822633965607885,0.07970038087309879,20,0.017821546946487292
494,S~E,0.4280186991331238,0.09993614934277004,20,0.02234640233400047
494,S>E,0.48069566856572105,0.08898115915314739,20,0.019896792058316518
494,S>>E,0.468347949011361,0.10232146866632667,20,0.02287977594955212
495,E>>S,0.4783852379037855,0.12629404396602537,20,0.028240206746137985
495,E>S,0.47403561700089963,0.08040266347366253,20,0.017978582109914876
495,S~E,0.43927488152718697,0.07802285402608203,20,0.017446440540086254
495,S>E,0.4848758185551222,0.08644124687353727,20,0.019328850406907048
495,S>>E,0.4901150042179984,0.11394225538770622,20,0.025478262855655274
496,E>>S,0.5100987476882539,0.09295851162815205,20,0.020786155108775264
496,E>S,0.47746420833186215,0.08586225860997516,20,0.019199384695357105
496,S~E,0.44094905264262413,0.10174099770171875,20,0.0227499786959693
496,S>E,0.46474310837164723,0.06426500660455552,20,0.014370092334225907
496,S>>E,0.4754049071771801,0.11946213775784789,20,0.026712546076399217
497,E>>S,0.47976956797881937,0.08597827441394502,20,0.019225326617771196
497,E>S,0.4702110851995502,0.07784094827114348,20,0.017405765176732153
497,S~E,0.4364191995059058,0.08070337334544314,20,0.018045822881395546
497,S>E,0.4703482306180427,0.10114939988828638,20,0.022617693403351798
497,S>>E,0.4911094490464862,0.1333125894011605,20,0.029809601215751286
498,E>>S,0.4836555359308363,0.0897120716633654,20,0.020060229064161765
498,E>S,0.4414535810421246,0.08979212439698972,20,0.02007812939957863
498,S~E,0.447292170563425,0.09475015843739407,20,0.021186779514488836
498,S>E,0.4918644554852453,0.09848744931581187,20,0.02202246316007205
498,S>>E,0.4774844261019047,0.1007968322499449,20,0.022538856882751986
499,E>>S,0.48825972264306455,0.08057692249482536,20,0.018017547611616145
499,E>S,0.4435769568557576,0.08413295802463126,20,0.018812701329121193
499,S~E,0.4554492475637664,0.07002921782818944,20,0.015659009147497176
499,S>E,0.5056239358583005,0.10616020186200333,20,0.023738142786853916
499,S>>E,0.4710527001242951,0.09220466577490567,20,0.02061759005153374
500,E>>S,0.5054917860883382,0.08001934167880806,20,0.017892868750859697
500,E>S,0.47919594118988584,0.06019057487945094,20,0.01345902170352435
500,S~E,0.44775157289428735,0.09035605870462386,20,0.020204228944250054
500,S>E,0.4553496381070092,0.07629767782779737,20,0.01706067941483334
500,S>>E,0.47436764248133095,0.11489746795554877,20,0.02569185487912108
501,E>>S,0.4817318487564691,0.0920309266126355,20,0.02057874079381474
501,E>S,0.4705408876153375,0.0900762781536706,20,0.02014166811117867
501,S~E,0.43575287469712204,0.09279891317508314,20,0.020750467809758675
501,S>E,0.4874259715442609,0.07950399310673804,20,0.017777633306934094
501,S>>E,0.45673014245047333,0.1009398054844636,20,0.02257082666988667
502,E>>S,0.49349676670874365,0.08155199400831484,20,0.01823558023032475
502,E>S,0.4652635067638733,0.0829677873080416,20,0.01855216123635253
502,S~E,0.42328639687782205,0.09168523567801216,20,0.02050144195091242
502,S>E,0.4918730277840469,0.07379795803315481,20,0.016501725076281084
502,S>>E,0.4719208429756231,0.11112729135822878,20,0.024848817763242447
503,E>>S,0.46297676173130764,0.0819238589307807,20,0.01831873175483289
503,E>S,0.4632992634991339,0.07128159563851409,20,0.015939049339237003
503,S~E,0.43772540267060267,0.09490332589126639,20,0.021221028798368746
503,S>E,0.4828542708589424,0.08384395746911903,20,0.018748078840355138
503,S>>E,0.49371210393170084,0.1285736156047337,20,0.028749934460511228
504,E>>S,0.47063709563262474,0.10100765396108645,20,0.02258599805047652
504,E>S,0.46879196454450545,0.09925077461690587,20,0.022193147886291217
504,S~E,0.4390387727368483,0.08536536539647352,20,0.019088275995062305
504,S>E,0.48595909405305093,0.07321159610202298,20,0.0163706105625382
504,S>>E,0.4701219205752561,0.07742616312178204,20,0.017313016397729194
505,E>>S,0.4640099994985153,0.08473092105687956,20,0.0189464099279351
505,E>S,0.44789443221689806,0.0746919292827364,20,0.016701623124680567
505,S~E,0.44560437431344263,0.10874965511623157,20,0.024317162136955155
505,S>E,0.47625233070462175,0.10447826990429178,20,0.023362051367756684
505,S>>E,0.5089997110408784,0.11180748695482806,20,0.02500091412244165
506,E>>S,0.4898469496599073,0.08544222679310608,20,0.019105462725833904
506,E>S,0.4600112854990174,0.0949473072065152,20,0.021230863319432365
506,S~E,0.445029264033141,0.08393864926390592,20,0.01876925256936063
506,S>E,0.4948275117135673,0.08753737826012557,20,0.019573952836175305
506,S>>E,0.46784982345112114,0.10493727834494589,20,0.023464688775311562
507,E>>S,0.5115329926949398,0.1108180373565925,20,0.02477966646624519
507,E>S,0.47048917735795304,0.08315782199183315,20,0.018594654283456587
507,S~E,0.43213054798106165,0.08446236855341988,20,0.018886359762608742
507,S>E,0.4795881039054328,0.09322395357896139,20,0.020845509733384247
507,S>>E,0.5033376833921985,0.12021593602773308,20,0.02688110049367772
508,E>>S,0.471504015699863,0.11146252894411371,20,0.02492377916630761
508,E>S,0.47193458055615645,0.09288105016599417,20,0.02076883419927311
508,S~E,0.4419954580731398,0.08658542967765803,20,0.019361090662027104
508,S>E,0.4939596763072117,0.10960195522129755,20,0.02450774223417093
508,S>>E,0.46294651661080205,0.08638250592708015,20,0.01931571553197297
509,E>>S,0.49097465613804436,0.09954254893466771,20,0.022258390607151627
509,E>S,0.45353604172387263,0.07052090204224458,20,0.01576895308010626
509,S~E,0.4510388311023744,0.10092190061282963,20,0.022566823018876473
509,S>E,0.4602552969855024,0.09526960568345422,20,0.021302931449780394
509,S>>E,0.49293577369577235,0.08411382850386388,20,0.018808423838239906
510,E>>S,0.4614985959736778,0.10914871794237266,20,0.024406395297609622
510,E>S,0.4759472976750295,0.07908154371637457,20,0.01768317075154349
510,S~E,0.4537603177076037,0.0847012487058126,20,0.018939774988531305
510,S>E,0.4842815265511601,0.09066242354064963,20,0.02027273420417697
510,S>>E,0.4701208084487994,0.09244114183430259,20,0.02067046770592002
511,E>>S,0.4843931877253647,0.09973546036716352,20,0.022301526914821377
511,E>S,0.4813068829703656,0.08424456890549946,20,0.018837658280786183
511,S~E,0.4443964356444984,0.09073027962354412,20,0.020287907285580865
511,S>E,0.4601119829177658,0.10523374198349726,20,0.023530980060177342
511,S>>E,0.4546803237821998,0.08316979159298821,20,0.018597330767641213
512,E>>S,0.4946444043563532,0.11489665025943836,20,0.025691672036712302
512,E>S,0.4653892575316031,0.08138338779680362,20,0.018197878735287974
512,S~E,0.4684729431645141,0.1111088692572649,20,0.024844698456238087
512,S>E,0.48633579604657795,0.09765338744219056,20,0.021835961255386237
512,S>>E,0.4703829511196811,0.10690329646588585,20,0.023904303791653377
513,E>>S,0.5124083535770035,0.10806806896016566,20,0.02416475483920654
513,E>S,0.4593695652013688,0.09823954696488,20,0.021967030509225483
513,S~E,0.4485958868351176,0.07930170217954836,20,0.017732399680491336
513,S>E,0.5000019752100433,0.10298646364996342,20,0.02302847334836293
513,S>>E,0.4624221122952482,0.09719015779483123,20,0.021732379957317367
514,E>>S,0.502031930457006,0.12718344044108462,20,0.028439081843856105
514,E>S,0.4546375231982379,0.0910639908500716,20,0.020362527384317892
514,S~E,0.4574061614207972,0.09449402546821242,20,0.021129506441451937
514,S>E,0.4801856988218819,0.09826871452125631,20,0.02197355257310498
514,S>>E,0.5126958767752564,0.09539965215825578,20,0.021332010725569443
515,E>>S,0.5191249772519339,0.11227878188433008,20,0.025106298872423397
515,E>S,0.48162851025833453,0.07838018823274137,20,0.01752634289776388
515,S~E,0.4366275441886347,0.09442525856088872,20,0.021114129693514113
515,S>E,0.4782307210728899,0.08076790006379156,20,0.01806025149425475
515,S>>E,0.45387830631298376,0.08178869573948548,20,0.018288508346453694
516,E>>S,0.509488343443617,0.09402064182798846,20,0.021023654641554226
516,E>S,0.4765447692446575,0.10249725911235356,20,0.02291908388826323
516,S~E,0.44279019311543155,0.08039247973908147,20,0.01797630495763607
516,S>E,0.4729210119816326,0.09251881149596686,20,0.02068783517024709
516,S>>E,0.4575807809312099,0.0839827426119648,20,0.018779112141722152
517,E>>S,0.47967784484897413,0.08551414440163146,20,0.0191215439919781
517,E>S,0.4653028016015356,0.08493988420881443,20,0.018993135509187
517,S~E,0.4445208818910653,0.1149818375902383,20,0.025710720502961346
517,S>E,0.4788563057428412,0.12590471382565818,20,0.02815314988018293
517,S>>E,0.4960250422645731,0.12228185666888823,20,0.027343054392652007
518,E>>S,0.48866963781562206,0.1177111870640701,20,0.026321021598745463
518,E>S,0.44543345625257424,0.08896882774418181,20,0.01989403467144598
518,S~E,0.45536102045933663,0.07919303974499625,20,0.017708102021465423
518,S>E,0.49394382211582866,0.09706892113162895,20,0.02170527061528881
518,S>>E,0.486158649348722,0.08373925320377044,20,0.018724666254869776
519,E>>S,0.48164837777772274,0.0989527188212943,20,0.02212650058428369
519,E>S,0.4462223836156614,0.09014520757306548,20,0.020157081197920323
519,S~E,0.45932458043395397,0.09537400371902569,20,0.02132627556020592
519,S>E,0.48156931725600305,0.06881271422213692,20,0.01538699067169647
519,S>>E,0.49644177643152265,0.07860985833084136,20,0.01757769869293894
520,E>>S,0.4837709500973511,0.10560655721411132,20,0.02361434408004737
520,E>S,0.4519213810055331,0.0696735441403833,20,0.015579478093122922
520,S~E,0.4327736355991645,0.08232856925765557,20,0.018409227735041722
520,S>E,0.48626016709006575,0.08697317323544257,20,0.01944779275733149
520,S>>E,0.49210885242068353,0.08519656147318909,20,0.01905053029032904
521,E>>S,0.4771552050581562,0.1365947163342469,20,0.030543507109067697
521,E>S,0.4681924165909551,0.08185763369177744,20,0.01830392334120914
521,S~E,0.4499060076217539,0.10238334148524508,20,0.022893611132458226
521,S>E,0.464143850945427,0.0642786965206082,20,0.014373153492515915
521,S>>E,0.509911022287282,0.12734031757458686,20,0.028474160637318734
522,E>>S,0.4954218845160452,0.10605952019962768,20,0.023715629682737955
522,E>S,0.46554225132917093,0.07991841229323467,20,0.017870300254152757
522,S~E,0.449372242360835,0.10235722251019468,20,0.022887770752086693
522,S>E,0.4678820858854048,0.08937301260012698,20,0.019984413152782914
522,S>>E,0.47081734057423547,0.08998852088321314,20,0.020122044988952398
523,E>>S,0.4776307939588743,0.10965750191774422,20,0.024520162853088962
523,E>S,0.455432265625819,0.0718730999648319,20,0.01607131372750019
523,S~E,0.4452863755468148,0.09502371485814157,20,0.02124794858973613
523,S>E,0.4652156227417105,0.06890737964389317,20,0.015408158503513037
523,S>>E,0.47218726619503926,0.09204888070661581,20,0.02058275545127618
524,E>>S,0.48358795883014755,0.1121340225705226,20,0.025073929705818423
524,E>S,0.4568290435990992,0.09664589230282697,20,0.02161067849352448
524,S~E,0.45009803871476783,0.09529865009080224,20,0.02130942597670003
524,S>E,0.4986420297394921,0.07814732677259835,20,0.017474273492341916
524,S>>E,0.47821789303389356,0.0882212242670348,20,0.019726865451934385
525,E>>S,0.5006830820762603,0.10516340723972478,20,0.023515252733351814
525,E>S,0.45648773949527194,0.07504290574057902,20,0.01678010384650439
525,S~E,0.469463452298225,0.0822175904731309,20,0.01838441212441598
525,S>E,0.46234502383910414,0.09585826002922224,20,0.02143455856301919
525,S>>E,0.45969746908408815,0.10377814238721524,20,0.023205498095646555
526,E>>S,0.46687426972233104,0.08209041224851209,20,0.01835597420886544
526,E>S,0.4462244141256252,0.07514609469900593,20,0.016803177599061386
526,S~E,0.44067800221721,0.08748763714731747,20,0.019562830385223762
526,S>E,0.4784055312434516,0.07372359102002249,20,0.016485096106616335
526,S>>E,0.4735209302337003,0.11694788644894868,20,0.026150342392477575
527,E>>S,0.497613875454022,0.10137114938087333,20,0.022667278097291847
527,E>S,0.44707679587222593,0.07930957397201262,20,0.01773415986679682
527,S~E,0.4437337439968193,0.07673380339633049,20,0.017158200056629918
527,S>E,0.47056854459680625,0.08698995287250838,20,0.01945154479824318
527,S>>E,0.47776931016031854,0.08257116959525426,20,0.018463474819665232
528,E>>S,0.48600446911652073,0.08321491540570439,20,0.01860742075890495
528,E>S,0.46994003696004844,0.10728703767010697,20,0.023990110933493982
528,S~E,0.4522284146016603,0.09181807564604988,20,0.020531145870778544
528,S>E,0.46096942270342056,0.09244136840778898,20,0.020670518369291766
528,S>>E,0.485358394163364,0.10782423039435032,20,0.024110230878336626
529,E>>S,0.4523807749582806,0.11186863729256903,20,0.025014587753645238
529,E>S,0.44678996616061417,0.08946615869089065,20,0.020005241251861507
529,S~E,0.44293293118291677,0.10846961372711864,20,0.024254542978698158
529,S>E,0.4895603865976835,0.10634579160913579,20,0.023779641915905435
529,S>>E,0.49952606729093996,0.0849078594128493,20,0.01898597454711264
530,E>>S,0.46889158293087496,0.08626991865834203,20,0.019290540253343022
530,E>S,0.4657302264626105,0.0670039067018148,20,0.014982529014331163
530,S~E,0.4546001711484318,0.07817939532489462,20,0.01748144423862936
530,S>E,0.4605954929347978,0.07864741361170105,20,0.017586096309030578
530,S>>E,0.48383563097469506,0.09248467152669439,20,0.02068020124104279
531,E>>S,0.46784741852103007,0.09976815603985613,20,0.02230883788949245
531,E>S,0.45535968007133504,0.08354284643598242,20,0.018680748366468273
531,S~E,0.4496401431331982,0.10022321569039522,20,0.02241059232073472
531,S>E,0.49311229453328564,0.10501004770964317,20,0.02348096049992582
531,S>>E,0.47547316290493297,0.11480033918231675,20,0.025670136225169286
532,E>>S,0.4676337073878237,0.08079122315262784,20,0.01806546669546307
532,E>S,0.44347788825263634,0.09541688173937506,20,0.021335863377030098
532,S~E,0.4313044067953209,0.09929468087667309,20,0.022202965624438943
532,S>E,0.4925846468137893,0.10327241736800666,20,0.02309241454355928
532,S>>E,0.4710744991864684,0.09586727824959096,20,0.02143657509839724
533,E>>S,0.46366001278995805,0.09004834520922005,20,0.020135422114918353
533,E>S,0.45998085154679236,0.08886484737271677,20,0.01987078395355383
533,S~E,0.43540670621834127,0.12070399763502761,20,0.026990234386789557
533,S>E,0.46967550616904663,0.1087696115290227,20,0.024321624526513957
533,S>>E,0.49209278312316923,0.10485101190376245,20,0.023445399012645245
534,E>>S,0.46036616150989207,0.13177608041977998,20,0.029466027362710704
534,E>S,0.464478609033418,0.08199615319619001,20,0.01833489724401675
534,S~E,0.4422928260152079,0.07946361106519645,20,0.017768603607938374
534,S>E,0.4878962181558243,0.1058689418927828,20,0.023673015077823756
534,S>>E,0.471985054451497,0.0909839382694562,20,0.020344627083114863
535,E>>S,0.46160930915192677,0.11613307914322736,20,0.02596814594006194
535,E>S,0.4481478519061823,0.08422148818177323,20,0.01883249727406401
535,S~E,0.44414256279701025,0.08854848277067487,20,0.019800042677969792
535,S>E,0.4730111826063224,0.1083600082927598,20,0.024230034458505183
535,S>>E,0.5017172971857773,0.10127233866091508,20,0.022645183348618612
536,E>>S,0.48346183733235637,0.11627140494248404,20,0.025999076529079932
536,E>S,0.4823648458765266,0.09848072820951213,20,0.022020960275015027
536,S~E,0.44352086230984594,0.09504237236040344,20,0.021252120534070922
536,S>E,0.47555114577927665,0.0906215553004982,20,0.020263595787867034
536,S>>E,0.455377587013124,0.06281211212258257,20,0.014045215251643322
537,E>>S,0.487667554223335,0.13113276914834124,20,0.02932217858934782
537,E>S,0.46405943624543167,0.08511236360690755,20,0.019031703075072445
537,S~E,0.4485721530430832,0.08652734145998917,20,0.019348101741687166
537,S>E,0.4588636264490732,0.10267274607848026,20,0.02295832396680568
537,S>>E,0.4785323754512098,0.08050904646486211,20,0.01800237006991208
538,E>>S,0.4924310570008526,0.07673904107599447,20,0.017159371237407222
538,E>S,0.4596450043281589,0.09080268730197058,20,0.020304098134686317
538,S~E,0.4186780850495742,0.07928784647460604,20,0.017729301450678615
538,S>E,0.45139853425146337,0.09699106105540507,20,0.021687860572971823
538,S>>E,0.48769995726002807,0.11095788792828079,20,0.024810938004743915
539,E>>S,0.495597889164332,0.1273132314700758,20,0.028468104000225498
539,E>S,0.45977850696437716,0.08844738041912316,20,0.01977743550489432
539,S~E,0.4559596175653663,0.11080817601180543,20,0.024777461402515848
539,S>E,0.4824696552045319,0.08850878639672524,20,0.01979116629890863
539,S>>E,0.48057637978818485,0.08586314418928578,20,0.01919958271691091
540,E>>S,0.4801595271123153,0.10665350431588382,20,0.02384844856888834
540,E>S,0.46132676444660425,0.09442509925871892,20,0.02111409407246605
540,S~E,0.4472721306078654,0.09979632075564498,20,0.022315135711399536
540,S>E,0.4595056898644273,0.08928647432110061,20,0.019965062605327034
540,S>>E,0.4763954024552646,0.0797385145628945,20,0.017830073898748904
541,E>>S,0.48433768574301383,0.09280088454236332,20,0.020750908620883385
541,E>S,0.4785855360905245,0.0865131717117312,20,0.01934493328965428
541,S~E,0.4503352190585327,0.10969781401661735,20,0.024529176912428563
541,S>E,0.47766423274707376,0.07885395808064576,20,0.017632281056324275
541,S>>E,0.4799964885287137,0.06723944943496306,20,0.015035197970623722
542,E>>S,0.4595863834662336,0.10703836068287366,20,0.02393450506870463
542,E>S,0.43772056061040504,0.10524782209428617,20,0.023534128468662815
542,S~E,0.46294500235888797,0.10097918798942208,20,0.02257963286570781
542,S>E,0.4935106815685084,0.10866309088089342,20,0.024297805785491518
542,S>>E,0.4980343326344693,0.08202757780597193,20,0.01834192400038063
543,E>>S,0.4512366874335969,0.12387702356109086,20,0.02769974455329422
543,E>S,0.4605087549219702,0.10251079189268494,20,0.022922109909937784
543,S~E,0.44570814793354635,0.0825477839748465,20,0.018458245635972453
543,S>E,0.4761527703039695,0.09348169698404508,20,0.020903142910836187
543,S>>E,0.45595625553339947,0.09021373208967905,20,0.02017240374564765
544,E>>S,0.4966899146581733,0.07920622522816875,20,0.017711050385134413
544,E>S,0.46580862800430484,0.08332965794006535,20,0.01863307796957912
544,S~E,0.41898524262475173,0.10265033128175008,20,0.022953311865886627
544,S>E,0.47520949072402824,0.08410031867379851,20,0.018805402948400843
544,S>>E,0.4562826790999967,0.08765532065639448,20,0.019600325557723952
545,E>>S,0.4833496743146317,0.08089334735238705,20,0.018088302360744008
545,E>S,0.4519901791859645,0.0925580200447622,20,0.02069660246828764
545,S~E,0.43505793002583726,0.0981924804627726,20,0.021956506119407953
545,S>E,0.492208654134501,0.0951158303362389,20,0.021268546236816684
545,S>>E,0.4839552651814657,0.08570581947768055,20,0.019164403841941922
546,E>>S,0.518751086410438,0.07536814072652347,20,0.016852828600227684
546,E>S,0.4647068162175446,0.08994347141320633,20,0.020111971621223843
546,S~E,0.4606709716646343,0.09023295826441483,20,0.0201767028490133
546,S>E,0.4838695813281806,0.0846670242871869,20,0.018932122175877558
546,S>>E,0.47024826768378974,0.09293404422123834,20,0.020780684030266044
547,E>>S,0.5103488731889462,0.1054481175295799,20,0.023578915889552785
547,E>S,0.4843425546257885,0.08930626298557676,20,0.019969487485222294
547,S~E,0.4329971560460354,0.09417287469293815,20,0.021057694944997932
547,S>E,0.4760798710025436,0.08825648238549429,20,0.019734749406897803
547,S>>E,0.47615551482412793,0.10398923426609208,20,0.02325269967471323
548,E>>S,0.48482821290869504,0.08403910888100094,20,0.018791716022642437
548,E>S,0.4800330120962605,0.0797770993410164,20,0.017838701717426634
548,S~E,0.4546723819967536,0.10801654727988498,20,0.024153234241264282
548,S>E,0.47280569810393464,0.10318699224624603,20,0.023073312905634982
548,S>>E,0.5025681112229557,0.13243396192234572,20,0.029613134138798375
549,E>>S,0.4916957681813684,0.09745557785548004,20,0.02179172968713765
549,E>S,0.46311310715382437,0.09692697589181906,20,0.02167353069475907
549,S~E,0.4572352557564641,0.08842247446420458,20,0.019771866364070072
549,S>E,0.45559295396731203,0.0750757368003353,20,0.01678744509464323
549,S>>E,0.4621796342909554,0.10914324974836088,20,0.024405172572257175
550,E>>S,0.511674033487336,0.08454020589568036,20,0.018903764721456977
550,E>S,0.4635606605156542,0.10127974545881281,20,0.022646839558978105
550,S~E,0.4650262361928658,0.08137261382917284,20,0.018195469602886993
550,S>E,0.45556601917405865,0.09601834337702776,20,0.02147035428779508
550,S>>E,0.49135973244301556,0.10139444295982392,20,0.022672486699889124
551,E>>S,0.4985640406002864,0.09979425185618784,20,0.022314673091417058
551,E>S,0.4578850452551733,0.11038770317988428,20,0.024683440819029092
551,S~E,0.4387648553660976,0.08307568925588418,20,0.018576288845380595
551,S>E,0.4804022541382261,0.08718670554480701,20,0.01949554003324463
551,S>>E,0.4869694923599582,0.06676120348047744,20,0.01492825892420431
552,E>>S,0.46613763575189615,0.0934368617023099,20,0.020893117437061164
552,E>S,0.48669614328899335,0.09950026311713307,20,0.022248935210902467
552,S~E,0.41575017006101217,0.1014097898281507,20,0.02267591836397117
552,S>E,0.45386930812685905,0.09164373127050007,20,0.020492161283256132
552,S>>E,0.48229860456087714,0.09934388900350191,20,0.02221396889610241
553,E>>S,0.4874129499952803,0.10363471009391687,20,0.02317342565984817
553,E>S,0.46904901006399385,0.10376008150486152,20,0.0232014595595789
553,S~E,0.4441257569358542,0.1041242554480774,20,0.023282891328845385
553,S>E,0.47894907541017073,0.0903986909633634,20,0.020213761807107652
553,S>>E,0.4785977152689421,0.0625667664790738,20,0.01399035429795642
554,E>>S,0.48203843044497613,0.12717648598383535,20,0.028437526779940506
554,E>S,0.4564548866477976,0.09145357160401059,20,0.020449640289171213
554,S~E,0.46051864728432834,0.08390212445915331,20,0.018761085374731458
554,S>E,0.471416881490346,0.09619804395463222,20,0.021510536558507033
554,S>>E,0.4845784754808632,0.08665007693741149,20,0.019375546228763887
555,E>>S,0.4593804870464022,0.12274232505468387,20,0.02744601825386487
555,E>S,0.4241931013961208,0.09880952944402016,20,0.022094482466159606
555,S~E,0.4489594198487743,0.09221422910531185,20,0.02061972847722169
555,S>E,0.5017523645883106,0.13042352278852767,20,0.02916358628201408
555,S>>E,0.5154966327033075,0.1314431183585506,20,0.02939157478242697
556,E>>S,0.46443519145069184,0.11812141191158408,20,0.026412750663255536
556,E>S,0.4657781867878771,0.09018063978967407,20,0.020165004082413354
556,S~E,0.4531709672778126,0.07465124230343684,20,0.016692525239529275
556,S>E,0.47272120563697995,0.08703061603156534,20,0.019460637357026307
556,S>>E,0.4947546424157081,0.09144596575698033,20,0.020447939570072602
557,E>>S,0.48114230634412103,0.09475643984424721,20,0.021188184079760634
557,E>S,0.4544664575266487,0.10446003853499189,20,0.02335797470964894
557,S~E,0.43800631826928366,0.08079901457605158,20,0.01806720891070477
557,S>E,0.48163362105702623,0.09934786257746726,20,0.022214857414252425
557,S>>E,0.5052232293397048,0.10723253491843109,20,0.023977923747723177
558,E>>S,0.47851185231118576,0.1241082648185863,20,0.02775145167039046
558,E>S,0.44905927587165645,0.09103584340662116,20,0.02035623342462309
558,S~E,0.45937063633190034,0.10208191231094232,20,0.022826209520043966
558,S>E,0.45379531592727834,0.08947980204593575,20,0.02000829199879371
558,S>>E,0.507873933669424,0.13048620765565144,20,0.029177603044419007
559,E>>S,0.4781249231172954,0.11061477539120615,20,0.024734215709060783
559,E>S,0.46074985511794064,0.09016358433566621,20,0.020161190366958483
559,S~E,0.45892874023161345,0.08920601795605075,20,0.01994707201517963
559,S>E,0.48169449922383156,0.09958363243465201,20,0.022267577157023478
559,S>>E,0.48198354620666334,0.08384877696433364,20,0.01874915651224685
560,E>>S,0.4772197964119691,0.0939278777132352,20,0.021002911954908138
560,E>S,0.4447519432690923,0.10181009377775116,20,0.022765429048267994
560,S~E,0.44586447377412436,0.08259046721158325,20,0.018467789897856766
560,S>E,0.48572545235588793,0.1139867756260274,20,0.02548821788358134
560,S>>E,0.489289517618717,0.12335444478044645,20,0.027582892385582237
561,E>>S,0.4894725260958196,0.12067885050434958,20,0.026984611317426042
561,E>S,0.4544851498597196,0.09489258950644269,20,0.021218628069738905
561,S~E,0.446051823810404,0.10178636709437505,20,0.022760123600577036
561,S>E,0.474611228546589,0.08794351982477969,20,0.019664768850880775
561,S>>E,0.4979225902746901,0.10069875384729278,20,0.022516925885206512
562,E>>S,0.5049753520805823,0.11929893200013761,20,0.026676052159543263
562,E>S,0.4442569624410275,0.08987932329761002,20,0.020097627666513657
562,S~E,0.42833314511774967,0.0794388296014762,20,0.01776306230419233
562,S>E,0.49679888881457357,0.10491484874938216,20,0.02345967336527273
562,S>>E,0.49407054299483893,0.09201553289563465,20,0.02057529865405071
563,E>>S,0.4869368699830379,0.1007758062756864,20,0.02253415533197847
563,E>S,0.44869280484444085,0.08240539472863563,20,0.01842640643259321
563,S~E,0.43677411263681487,0.10424527013850915,20,0.023309951036253537
563,S>E,0.4726364259179842,0.10943220055329154,20,0.024469783936455
563,S>>E,0.49171261129895116,0.11169596395900597,20,0.024975976822470387
564,E>>S,0.4920990895750913,0.09968756008721558,20,0.022290816086610887
564,E>S,0.4606518316688163,0.0892415341738402,20,0.01995501368290772
564,S~E,0.4505481582130444,0.09286961914826435,20,0.020766278146003517
564,S>E,0.4829039362477593,0.09152444275486497,20,0.02046548756026662
564,S>>E,0.4941031720452688,0.094306809568339,20,0.02108764369359336
565,E>>S,0.4736839965158053,0.10101181812716842,20,0.022586929186319406
565,E>S,0.46285359468929543,0.0940298174204471,20,0.021025706366401362
565,S~E,0.4540860458083055,0.10290722144764815,20,0.023010754253256556
565,S>E,0.47601759786995157,0.10515350809620963,20,0.023513039217569923
565,S>>E,0.4736000894841982,0.08337258312016758,20,0.018642676331644622
566,E>>S,0.47247210840976805,0.10688081438016939,20,0.02389927664445958
566,E>S,0.45566110712337543,0.0936915090594734,20,0.02095005831715199
566,S~E,0.45757914633020347,0.10203660224942011,20,0.02281607788228113
566,S>E,0.47531413389132143,0.10955766184706953,20,0.02449783793459826
566,S>>E,0.5115083636609246,0.12660893765499512,20,0.02831061911556019
567,E>>S,0.4817963550295647,0.09467009248165546,20,0.021168876222517338
567,E>S,0.4533287170413015,0.10885639138621492,20,0.02434102909248991
567,S~E,0.4517255699628898,0.09311905464094226,20,0.020822053617766418
567,S>E,0.47610627389232557,0.07537027236747189,20,0.016853305249634114
567,S>>E,0.5014150307555095,0.10067225755814158,20,0.022511001134837155
568,E>>S,0.49558088191337324,0.0988591040833573,20,0.022105567692511395
568,E>S,0.4637137501651541,0.07946266425732551,20,0.01776839189526227
568,S~E,0.45126708221255807,0.09272783566340612,20,0.020734574394980537
568,S>E,0.47682433136599284,0.08278456919476462,20,0.018511192420752873
568,S>>E,0.4844504280837419,0.08764576348653601,20,0.01959818850957635
569,E>>S,0.5204984558593904,0.11461150090802118,20,0.02562791070336142
569,E>S,0.464734114467323,0.09623639872967338,20,0.021519112946932407
569,S~E,0.45367492820813704,0.09722184614057201,20,0.021739465686834457
569,S>E,0.4504841589246781,0.0845266825369392,20,0.018900740806514042
569,S>>E,0.4836319945053127,0.10767264710305982,20,0.024076335823978754
570,E>>S,0.4737909898433708,0.10563022819548906,20,0.023619637072392848
570,E>S,0.43936186809254796,0.10813673712343976,20,0.024180109507303635
570,S~E,0.4397655156680287,0.07330460728865335,20,0.016391408496135542
570,S>E,0.4635228649035327,0.09768911045770144,20,0.0218439491644906
570,S>>E,0.49992245872364094,0.09480363233979261,20,0.02119873664256737
571,E>>S,0.4804058416286686,0.10074122539957099,20,0.022526422813006913
571,E>S,0.4516868546926248,0.10275758682843564,20,0.02297729493522191
571,S~E,0.42449836976475286,0.08763509893549871,20,0.019595803843469456
571,S>E,0.48905782096920436,0.07312149702595187,20,0.016350463796657708
571,S>>E,0.5213314016809623,0.1075052773101678,20,0.024038910800550095
572,E>>S,0.4771917295808338,0.09297050334431675,20,0.02078883653802638
572,E>S,0.45914213590106884,0.08299208778074188,20,0.018557594987236848
572,S~E,0.43055197465164313,0.08427588875111042,20,0.018844661611169274
572,S>E,0.4697030231837682,0.07592421225668984,20,0.01697716997440812
572,S>>E,0.5011156676253157,0.10330641520306393,20,0.023100016690586866
573,E>>S,0.5056702878663819,0.10470064110447615,20,0.02341177507974173
573,E>S,0.449357913070959,0.08200029423932395,20,0.018335823209411274
573,S~E,0.4233209819236509,0.07741764641582477,20,0.017311112004382713
573,S>E,0.47908706911529464,0.08436912802329041,20,0.01886551054624598
573,S>>E,0.5156016215451849,0.09292125733700714,20,0.020777824796029902
574,E>>S,0.49382661929002253,0.09759646695607765,20,0.02182323344776016
574,E>S,0.4590009064079643,0.09399677524812945,20,0.02101831791205871
574,S~E,0.43970026593919337,0.1301950348436421,20,0.02911249482433374
574,S>E,0.486204367743533,0.07415745525876097,20,0.016582111099698878
574,S>>E,0.47073275537215703,0.07567435922144239,20,0.016921301137288323
575,E>>S,0.4870793790247263,0.10371953014187206,20,0.02319239199915643
575,E>S,0.4586268833016843,0.1021556856628634,20,0.022842705743026322
575,S~E,0.4469821894014858,0.0829313609253684,20,0.01854401604956936
575,S>E,0.4845792709105631,0.07939906500281803,20,0.017754170669622562
575,S>>E,0.4853132013226923,0.0735346905781696,20,0.01644285668372005
576,E>>S,0.46678209363837747,0.11003370306947687,20,0.024604283987937754
576,E>S,0.4346833117410151,0.08099909447382668,20,0.0181119481359404
576,S~E,0.46274762369794536,0.09666174262512754,20,0.021614222733337414
576,S>E,0.45914374824254905,0.08601728159353574,20,0.019234048888288734
576,S>>E,0.5020081556740232,0.10456640001574055,20,0.023381757859763094
577,E>>S,0.5070757568204902,0.09068449947597336,20,0.020277670533382048
577,E>S,0.4497067668593502,0.09364886497926603,20,0.020940522810933827
577,S~E,0.46208436627227345,0.09710278380203248,20,0.02171284253858101
577,S>E,0.4830918297276872,0.08766762809999272,20,0.019603077585775446
577,S>>E,0.4502604901179753,0.1033716165079476,20,0.023114596145581024
578,E>>S,0.48818376552875364,0.1221682100787306,20,0.027317642242551655
578,E>S,0.4537881343172415,0.09929625571249423,20,0.02220331776843389
578,S~E,0.45083702798039316,0.1091324012154481,20,0.02440274676655226
578,S>E,0.4818195793816685,0.11060850554324692,20,0.02473281372843624
578,S>>E,0.48374120933673365,0.09106039605042733,20,0.020361723562680886
579,E>>S,0.49129031921969074,0.09809867420444629,20,0.0219355304023747
579,E>S,0.44290175932383136,0.08230091526204462,20,0.01840304411363817
579,S~E,0.4341293018194639,0.08386928579032842,20,0.01875374242515315
579,S>E,0.4911974864308254,0.08584120028642613,20,0.019194675911062324
579,S>>E,0.4668123000636326,0.07392272668832436,20,0.016529624195723118
580,E>>S,0.5222867536759566,0.09527734370264775,20,0.021304661723473187
580,E>S,0.46578038557699697,0.07643837266663053,20,0.017092139737204772
580,S~E,0.4335583443418106,0.09412260527613393,20,0.021046454361681583
580,S>E,0.4592579493856288,0.08114731989747322,20,0.018145092348267135
580,S>>E,0.4958198828183953,0.10452752985917542,20,0.023373066228525526
581,E>>S,0.48942691030975416,0.10445333900751991,20,0.023356476649764493
581,E>S,0.4462336215076766,0.11005977029425508,20,0.02461011279659664
581,S~E,0.4451258264212192,0.0999762964203546,20,0.02235537949345818
581,S>E,0.47614819044707984,0.09797124764327096,20,0.02190703695708199
581,S>>E,0.5109220259058733,0.11334981893666214,20,0.025345790037966946
582,E>>S,0.48720216710680503,0.10348952723631395,20,0.023140961785971394
582,E>S,0.47035840337920004,0.10685964647074636,20,0.023894543356018434
582,S~E,0.44394797585533413,0.09213922861314948,20,0.02060295785733959
582,S>E,0.4769982743461757,0.08680879216899196,20,0.01941103603345174
582,S>>E,0.47591047490578464,0.08923300786394833,20,0.019953107142056177
583,E>>S,0.49979976840140933,0.1251009456752904,20,0.027973421857945765
583,E>S,0.44396243193658796,0.09582514602922584,20,0.0214271540475193
583,S~E,0.4655908493553226,0.08998206945260098,20,0.020120602405212306
583,S>E,0.4721847393963218,0.09475007970907867,20,0.02118676191030234
583,S>>E,0.4801951300781667,0.07474302091969529,20,0.01671304756201275
584,E>>S,0.4670627772527759,0.11875052075993975,20,0.026553423678272525
584,E>S,0.4663592676376796,0.09130058315859808,20,0.020415431032799778
584,S~E,0.4377039331382503,0.09126096189458777,20,0.020406571448831623
584,S>E,0.45746890224134235,0.0689638578733203,20,0.015420787419537825
584,S>>E,0.49470198615156047,0.08234086767299463,20,0.01841197774431309
585,E>>S,0.4971566796378931,0.12454996887631604,20,0.027850219700292576
585,E>S,0.4588208853452779,0.09193812232197533,20,0.020557989123562763
585,S~E,0.45553631310136994,0.08207511264346995,20,0.018352553113175126
585,S>E,0.48913779802577323,0.11227725601049643,20,0.025105957676661683
585,S>>E,0.47119221292733576,0.08302488194450476,20,0.018564927985180755
586,E>>S,0.4869026556656647,0.09195592494834089,20,0.020561969911835905
586,E>S,0.4565521293288529,0.07776664876072811,20,0.017389151301133783
586,S~E,0.4356092869822758,0.12048169506266314,20,0.026940526020451556
586,S>E,0.4839076848026034,0.0741858542018315,20,0.016588461296418364
586,S>>E,0.5189454762489997,0.10314593983903843,20,0.023064133308319364
587,E>>S,0.47381659098798556,0.10055547516570336,20,0.022484887798030463
587,E>S,0.4672408065998156,0.08526414983673782,20,0.019065643507867335
587,S~E,0.4523032739101053,0.10524454419237052,20,0.023533395507512118
587,S>E,0.4718514456522234,0.06678458979232028,20,0.014933488262506671
587,S>>E,0.49278223906499524,0.0917682749853525,20,0.02052001010451417
588,E>>S,0.5021653439605182,0.10947559681195654,20,0.024479487634889406
588,E>S,0.4591440442019857,0.08041359279447488,20,0.01798102598034331
588,S~E,0.44305669977557527,0.08653812605645687,20,0.019350513250768336
588,S>E,0.48287217101132895,0.08416502067699524,20,0.018819870756143674
588,S>>E,0.4930726524762762,0.07406073527997595,20,0.016560483854964312
589,E>>S,0.49654096787290725,0.10878723389570381,20,0.0243255650074963
589,E>S,0.45712319965485176,0.08881723906971004,20,0.01986013841337218
589,S~E,0.4640699208068731,0.10620108442442322,20,0.023747284405720444
589,S>E,0.47427985644746096,0.0901235809207648,20,0.02015224533145332
589,S>>E,0.4958832183279428,0.07463435022020967,20,0.01668874805489152
590,E>>S,0.48374986978032614,0.1080058303462312,20,0.024150837862048257
590,E>S,0.46404157446448024,0.07603685416192221,20,0.017002357470129587
590,S~E,0.4472569909106154,0.10479677191018016,20,0.023433270581370333
590,S>E,0.46741432971476593,0.09016007000285724,20,0.02016040453825284
590,S>>E,0.4773386752855321,0.09303687171627258,20,0.0208036769571513
591,E>>S,0.49748009990403885,0.12825996169308887,20,0.02867979931372657
591,E>S,0.47101811622665163,0.06675004083711594,20,0.014925762881267821
591,S~E,0.44959733347899916,0.08319076873841304,20,0.018602021399955596
591,S>E,0.47057973453692925,0.054130693143311585,20,0.012103990953762647
591,S>>E,0.48225076610937406,0.08621268927886942,20,0.019277743375061933
592,E>>S,0.46721949021041204,0.08727197507380505,20,0.01951460687956953
592,E>S,0.45681377888970653,0.10797508974733827,20,0.024143964055168894
592,S~E,0.4410852912261192,0.0844063694910954,20,0.01887383799160536
592,S>E,0.47274012706682383,0.07336364386133556,20,0.01640460947510315
592,S>>E,0.4778290085985829,0.07685822677610678,20,0.017186021970146927
593,E>>S,0.4938392293714184,0.10219213045101233,20,0.02285085504539898
593,E>S,0.46714545148954656,0.08731367492165724,20,0.01952393124901442
593,S~E,0.447486948093596,0.07706630982349144,20,0.017232550754038668
593,S>E,0.45453115716203935,0.09272910153679602,20,0.02073485745287561
593,S>>E,0.5135418486916254,0.09741957971463064,20,0.021783680258137365
594,E>>S,0.4880109597595421,0.1358851133478765,20,0.030384835057611588
594,E>S,0.44589314965865634,0.08097499921642864,20,0.018106560272592664
594,S~E,0.4634552766407866,0.10357308289165618,20,0.023159645398496367
594,S>E,0.46280953424648025,0.08760909369039284,20,0.01958998889388663
594,S>>E,0.4918198659989554,0.11466888583318914,20,0.02564074236271735
595,E>>S,0.4822206072994121,0.10108635256271341,20,0.022603595592773723
595,E>S,0.4510106627758718,0.08473071453846294,20,0.018946363749013283
595,S~E,0.45852990643793756,0.08623730719960983,20,0.019283248109485958
595,S>E,0.48563338275995155,0.09908800935357345,20,0.02215675246697252
595,S>>E,0.4707150648631492,0.10306837479861537,20,0.023046789238013017
596,E>>S,0.4797844881277352,0.10760188777390998,20,0.024060513556976623
596,E>S,0.4541116253285889,0.10769304286444553,20,0.024080896454869886
596,S~E,0.4476202913743929,0.08411805070055055,20,0.018809367950120483
596,S>E,0.4819068402180243,0.11789178088968662,20,0.02636140360578499
596,S>>E,0.4702783994493357,0.09647943312065803,20,0.0215734570888436
597,E>>S,0.4790871277800501,0.11904158393275929,20,0.02661850738228965
597,E>S,0.4671844247930933,0.09469719402917003,20,0.021174936312771137
597,S~E,0.45107453094145694,0.09342297280393692,20,0.02089001178497171
597,S>E,0.4665136182009128,0.07561724217772872,20,0.016908529378046565
597,S>>E,0.4660869853255635,0.1010325117020882,20,0.022591556410341218
598,E>>S,0.48373744524832796,0.10047953189389089,20,0.02246790636620982
598,E>S,0.4503504249360303,0.08496938568400336,20,0.018999732239582897
598,S~E,0.43899110943082276,0.08719367051293067,20,0.019497097447463193
598,S>E,0.49711312997978246,0.08998480561615357,20,0.020121214229982424
598,S>>E,0.4919825337434133,0.07474855017651941,20,0.01671428394142513
599,E>>S,0.4510811736462331,0.11277493537341207,20,0.0252172421653095
599,E>S,0.45789735560992373,0.09083634505626664,20,0.020311624237343916
599,S~E,0.4602547529244892,0.07634118375430404,20,0.017070407635742642
599,S>E,0.5024134127560247,0.10717036428962096,20,0.023964021972500842
599,S>>E,0.4899707050968945,0.08398170371467066,20,0.01877887983722502
600,E>>S,0.462257712048567,0.11984884285855142,20,0.026799015965641118
600,E>S,0.45711194234884056,0.10872151305879303,20,0.02431086938160923
600,S~E,0.45769279149702113,0.08745007919217072,20,0.019554432171143363
600,S>E,0.487822597154684,0.09030114803781604,20,0.02019195054588284
600,S>>E,0.48186982282931706,0.09008195890459884,20,0.02014293836570255
601,E>>S,0.5024111345095703,0.10397947330571687,20,0.023250517057620768
601,E>S,0.457988166578429,0.08957732080889326,20,0.020030097857099177
601,S~E,0.4554494474444146,0.09129105936717993,20,0.020413301448298324
601,S>E,0.47055527215771253,0.08094368498088035,20,0.018099558196657723
601,S>>E,0.4787870731640501,0.06602747596834797,20,0.014764192464795982
602,E>>S,0.4940159136223124,0.10641107025861833,20,0.02379423866567767
602,E>S,0.46107790596473397,0.09722009423865616,20,0.021739073949657083
602,S~E,0.46240030482818373,0.09223869481921189,20,0.020625199177161546
602,S>E,0.457638906250717,0.07459129021483366,20,0.016679119544978294
602,S>>E,0.4702825937447555,0.09754854442194211,20,0.021812517643362048
603,E>>S,0.4528432626487378,0.11719161075341011,20,0.026204840803732036
603,E>S,0.4549109303475924,0.1072109061393026,20,0.023973087405683016
603,S~E,0.4384040772432969,0.09215587614376304,20,0.020606680358350532
603,S>E,0.48347214027908336,0.09448715744878133,20,0.021127970705620065
603,S>>E,0.48383086902950456,0.08179451825222911,20,0.018289810299883157
604,E>>S,0.47636187201133395,0.09160590534189071,20,0.020483703148487874
604,E>S,0.45552172847391564,0.07221737119528693,20,0.01614829511489968
604,S~E,0.4286504636953918,0.09426178099639948,20,0.02107757499881471
604,S>E,0.4719199011383445,0.09245489846660164,20,0.02067354378241623
604,S>>E,0.4877326089588534,0.10288976368051937,20,0.023006850577853025
605,E>>S,0.4916252654945993,0.09801259456832057,20,0.02191628241058914
605,E>S,0.4648292654740643,0.1063021438660659,20,0.023769881983848565
605,S~E,0.4726345268543846,0.09250607622239886,20,0.02068498747650608
605,S>E,0.4808546985125304,0.09178583511735865,20,0.020523936669400132
605,S>>E,0.4898193061252013,0.12035800331333803,20,0.026912867704476873
606,E>>S,0.4579289183833707,0.1125043021616793,20,0.025156726739469143
606,E>S,0.4710654308683713,0.09060628322242188,20,0.0202601808473934
606,S~E,0.46038170363727887,0.08603554469813579,20,0.019238132642625323
606,S>E,0.4857845814746654,0.07706204083917301,20,0.017231596180125576
606,S>>E,0.49959451309137587,0.10916970144359488,20,0.024411087351123507
607,E>>S,0.4653034444659955,0.12119285331874897,20,0.02709954584078837
607,E>S,0.431128910622096,0.0936554499035048,20,0.020941995244756283
607,S~E,0.478477515678332,0.11049918408801343,20,0.024708368707906114
607,S>E,0.4786696742141423,0.08819856340413344,20,0.01972179832894676
607,S>>E,0.4911898330529847,0.0935511019973182,20,0.02091866234360198
608,E>>S,0.4881969739673318,0.12376163087898882,20,0.027673941965165604
608,E>S,0.45874556742750217,0.07557845739230908,20,0.016899856836377458
608,S~E,0.4791916709531855,0.10431028160245513,20,0.023324488041523535
608,S>E,0.4705888627219304,0.07736662577968889,20,0.017299703443317202
608,S>>E,0.4639936065401419,0.08433783586283584,20,0.018858513406452056
609,E>>S,0.4700253096186879,0.12842137386837932,20,0.028715892173361127
609,E>S,0.4678566529697267,0.08273187289829341,20,0.01849940917064566
609,S~E,0.45787711325232366,0.08679873296367208,20,0.019408786726762255
609,S>E,0.4797093076621638,0.10635878850798276,20,0.023782548110837288
609,S>>E,0.4814114057556269,0.10851600936912305,20,0.024264917359636318
610,E>>S,0.4962891802527052,0.08550352999711314,20,0.019119170538973735
610,E>S,0.4705518870476082,0.09971002524276233,20,0.022295839448103653
610,S~E,0.43526834050309776,0.08213199351517056,20,0.018365272062749325
610,S>E,0.48790381833041063,0.08838478924731671,20,0.019763439693399262
610,S>>E,0.49593208540817335,0.09577388653198873,20,0.021415692075487838
611,E>>S,0.4749000677478373,0.13483163957269884,20,0.03014927116023053
611,E>S,0.49946123720239155,0.0896840956215638,20,0.020053973431040793
611,S~E,0.42607425208909566,0.08890033261441607,20,0.019878718694817592
611,S>E,0.4695383301635349,0.07308650736085989,20,0.016342639869692147
611,S>>E,0.4903758542385523,0.08800359223437432,20,0.019678201450023358
612,E>>S,0.4754195502349773,0.09714748977251814,20,0.021722839097481614
612,E>S,0.45435377832175117,0.08828461639711674,20,0.019741040363144557
612,S~E,0.44748343091165765,0.10220838245717448,20,0.022854489104453913
612,S>E,0.4529848309254557,0.08918974023927312,20,0.019943432207056303
612,S>>E,0.4878958863210758,0.1070991450357887,20,0.023948096863213267
613,E>>S,0.4490209877591673,0.11061781624169445,20,0.02473489566390091
613,E>S,0.4467552155847548,0.08921247008687039,20,0.019948514755490875
613,S~E,0.4218936042463487,0.10032113101418642,20,0.022432486852738326
613,S>E,0.4977472285971884,0.10539102304680634,20,0.023566149175090596
613,S>>E,0.4759044118774254,0.091088473651445,20,0.020368001905132948
614,E>>S,0.48332484513372675,0.11529684673838726,20,0.02578115868984088
614,E>S,0.4457744101200767,0.10377828188677146,20,0.02320552928869561
614,S~E,0.4442012965199035,0.09966371053338237,20,0.02228548316425048
614,S>E,0.4682373010716562,0.07685697363873226,20,0.017185741760111468
614,S>>E,0.5114077978308933,0.0971404856606664,20,0.021721272930459362
615,E>>S,0.4792295511907283,0.11371406124559545,20,0.02542723709427258
615,E>S,0.449063218960234,0.07189241001285814,20,0.016075631585503732
615,S~E,0.4499977673884258,0.11164513973670952,20,0.024964612180874545
615,S>E,0.485016688753122,0.08136321772998219,20,0.01819336857123563
615,S>>E,0.5061402395130644,0.14734232467556746,20,0.032946745393741345
616,E>>S,0.47649370130387697,0.08993046566728585,20,0.020109063448026213
616,E>S,0.45149165644119094,0.09349743970471922,20,0.020906663090194
616,S~E,0.4266069376273234,0.09534949513072895,20,0.021320795273259512
616,S>E,0.45579536163987183,0.07353571721782065,20,0.016443086247324868
616,S>>E,0.49160509373582395,0.09432478169635791,20,0.021091662383588422
617,E>>S,0.47592008592283463,0.14628166013252483,20,0.03270957359178464
617,E>S,0.471683111625574,0.10687464719159177,20,0.02389789761917062
617,S~E,0.4524005664235826,0.06945287941272894,20,0.015530135959995759
617,S>E,0.4836434431785701,0.08040209190000823,20,0.01797845430216036
617,S>>E,0.47471067420749335,0.10938954028780982,20,0.024460244811099468
618,E>>S,0.4382524479770775,0.1363609435548596,20,0.030491233926467784
618,E>S,0.45528975993955506,0.08743876008725872,20,0.019551901142340594
618,S~E,0.4737668142756254,0.09510767560374633,20,0.021266722783197516
618,S>E,0.47251427339434776,0.07065433369417702,20,0.015798789304513366
618,S>>E,0.4919427591076536,0.09548866476275726,20,0.021351914549021404
619,E>>S,0.4597488094038747,0.0983398861951443,20,0.02198946704319358
619,E>S,0.4626031131670324,0.10956451051564305,20,0.024499369343446837
619,S~E,0.45536470550949043,0.1125914609036145,20,0.025176216026649188
619,S>E,0.4908891523557032,0.10386121841136686,20,0.023224074459376902
619,S>>E,0.5038853324002436,0.11195388662581589,20,0.025033650084062886
620,E>>S,0.4921973204827813,0.10349240563349336,20,0.023141605415147332
620,E>S,0.45856276967782933,0.07235945390592896,20,0.016180065774841983
620,S~E,0.4343449623148416,0.09722345191648402,20,0.021739824749244047
620,S>E,0.47231459497025224,0.086189604506648,20,0.019272581463068716
620,S>>E,0.5154573573345707,0.1102302317718237,20,0.02464822914173549
621,E>>S,0.48715142456677063,0.09777923122033345,20,0.021864100779633532
621,E>S,0.4514653701961109,0.12326040188909362,20,0.027561863755795682
621,S~E,0.42340730106575525,0.07267003526299584,20,0.01624951387753655
621,S>E,0.47598170523713124,0.09335048139985049,20,0.02087380221423954
621,S>>E,0.5022014452177955,0.10408704921619744,20,0.023274571762478366
622,E>>S,0.4721709488460414,0.13268599016745083,20,0.029669489367628876
622,E>S,0.44213796986533166,0.1017108525227618,20,0.022743238029035134
622,S~E,0.4425598720469354,0.0682294003133784,20,0.015256557716475955
622,S>E,0.48480156789937323,0.07383067071792475,20,0.016509039854968294
622,S>>E,0.47047497770497476,0.08072022025544638,20,0.018049589964993354
623,E>>S,0.4852765607048375,0.12196151221621462,20,0.027271423195412692
623,E>S,0.45807391540171194,0.07275148271894007,20,0.01626772608234512
623,S~E,0.4312053783832829,0.09633271249784166,20,0.02154064936021175
623,S>E,0.4781638966824807,0.09505765394288322,20,0.02125553759979378
623,S>>E,0.4921312374179304,0.08787823758376283,20,0.019650171298017053
624,E>>S,0.4852607526050071,0.11008490660112309,20,0.024615733445682655
624,E>S,0.46225136996977534,0.08365164472591474,20,0.01870507640368071
624,S~E,0.43316043111628943,0.08579166018142283,20,0.019183598406822336
624,S>E,0.4828988448517781,0.07764138167244361,20,0.017361140728659023
624,S>>E,0.49814803782859685,0.13052274081189977,20,0.029185772106499395
625,E>>S,0.4703430571315647,0.09455237872982451,20,0.02114255462741928
625,E>S,0.45014839752632174,0.09343038139702611,20,0.020891668396748216
625,S~E,0.4591103833522749,0.10362685041254197,20,0.023171668181664596
625,S>E,0.4596311106855038,0.08073007542082561,20,0.0180517936469651
625,S>>E,0.49423005346192017,0.11601308237598108,20,0.02594131384719765
626,E>>S,0.47978885560064455,0.12270515555585113,20,0.02743770690125691
626,E>S,0.45150315455561413,0.0840527515771269,20,0.01879476662223584
626,S~E,0.45665597888556075,0.1184757838322261,20,0.02649199063364281
626,S>E,0.46548254247990684,0.09115889077897252,20,0.02038374765352613
626,S>>E,0.4799415036793467,0.10146826909292776,20,0.02268899472510274
627,E>>S,0.48177914202440286,0.10778459913078874,20,0.024101369058400834
627,E>S,0.4645345537270777,0.09228697663648526,20,0.02063599531971159
627,S~E,0.4482298346852994,0.0868318007240131,20,0.019416180902760875
627,S>E,0.45876535224869447,0.09112569044083453,20,0.020376323832230876
627,S>>E,0.5036697137431582,0.10169928938635252,20,0.02274065243313071
628,E>>S,0.46336602070972577,0.10719627050898356,20,0.02396981477925432
628,E>S,0.4488988745997595,0.08703580338236712,20,0.019461797283927898
628,S~E,0.43239778137282264,0.07126409889760178,20,0.01593513694903054
628,S>E,0.4693849193839802,0.07375656232794625,20,0.016492468715198796
628,S>>E,0.4901513898016018,0.0964612303238124,20,0.021569386819730856
629,E>>S,0.4916570068778376,0.09349277821524295,20,0.02090562074945947
629,E>S,0.44596179700550315,0.10999422476254886,20,0.02459545637014499
629,S~E,0.4409605398790569,0.07244777214506204,20,0.016199814333477447
629,S>E,0.4721803281582811,0.07880640433794862,20,0.017621647716198743
629,S>>E,0.47914622218882535,0.09778514451201432,20,0.02186542303185045
630,E>>S,0.4959199562688211,0.08877891111985549,20,0.019851568023240885
630,E>S,0.4562741441929533,0.09403955256890104,20,0.021027883211772767
630,S~E,0.4589037278541298,0.09615716679375827,20,0.0215013961474629
630,S>E,0.4546919758878607,0.07509996814916833,20,0.016792863388960945
630,S>>E,0.467477688693921,0.10771603834531257,20,0.024086038400709286
631,E>>S,0.4730292559819545,0.07532143930307524,20,0.01684238584448006
631,E>S,0.4469647087778993,0.07319896906246962,20,0.01636778707065861
631,S~E,0.44391131402483197,0.11100689761380905,20,0.024821896903583624
631,S>E,0.4934285929990786,0.08726205320989587,20,0.01951238828335309
631,S>>E,0.4743437074585189,0.09075737941106121,20,0.02029396698228727
632,E>>S,0.4607936342702826,0.08778336432082146,20,0.019628956991498643
632,E>S,0.4502738220345622,0.0791307749705115,20,0.017694179194630264
632,S~E,0.4393162637378866,0.08446251335643304,20,0.018886392141546818
632,S>E,0.46545620515136854,0.0950515712298681,20,0.021254177463814833
632,S>>E,0.5081822860845858,0.13408354978847747,20,0.029981993199151315
633,E>>S,0.47310487164486037,0.09482263542763208,20,0.021202985862186517
633,E>S,0.4574534308506409,0.07736467073288351,20,0.0172992662815616
633,S~E,0.4175789151956443,0.0909609047206765,20,0.020339476625031418
633,S>E,0.4769852882413714,0.09111654140973767,20,0.020374278046684794
633,S>>E,0.4991456768415136,0.07959930820276191,20,0.017798946410333225
634,E>>S,0.45122001801598854,0.10835612514135483,20,0.02422916615945434
634,E>S,0.45949601328939627,0.07268563011509567,20,0.016253000992475976
634,S~E,0.4612439943044608,0.09811711090485362,20,0.021939652973913856
634,S>E,0.4536642635804184,0.1172346877282661,20,0.02621447310813634
634,S>>E,0.4930694753977525,0.10165746499896329,20,0.02273130021579875
635,E>>S,0.4776338131452514,0.12340747113508031,20,0.02759474943893827
635,E>S,0.458349371218208,0.09648054269180345,20,0.021573705196494306
635,S~E,0.4761223828801861,0.08110114082601812,20,0.018134766393975994
635,S>E,0.4690522441940699,0.0654423006835503,20,0.014633343293239941
635,S>>E,0.46856586906724207,0.08413276431373175,20,0.018812658014047263
636,E>>S,0.4628738978745862,0.11573815123221019,20,0.025879837374537303
636,E>S,0.4513861351728104,0.09743324660080632,20,0.021786736266790323
636,S~E,0.4324276126871597,0.09454247788706323,20,0.021140340731674406
636,S>E,0.48920073379779705,0.0821498892466615,20,0.01836927366996141
636,S>>E,0.4849320275778649,0.10956866563346605,20,0.024500298456037514
637,E>>S,0.4595428016070846,0.11786338201047275,20,0.02635505342334429
637,E>S,0.4737581907822099,0.11694961286372288,20,0.02615072843055682
637,S~E,0.4574927050785891,0.0986283132285234,20,0.022053961288512006
637,S>E,0.46328805961564157,0.09099612912689825,20,0.020347353041709308
637,S>>E,0.48719688152564117,0.1424803080632528,20,0.031859565428454466
638,E>>S,0.46778709881190583,0.10766830243715021,20,0.024075364327147415
638,E>S,0.4328615032476876,0.08603155998920668,20,0.019237241634621722
638,S~E,0.45253009234865554,0.11193854506540411,20,0.025030219606866723
638,S>E,0.4892935956559099,0.09620763975269654,20,0.02151268224418405
638,S>>E,0.49645828106355944,0.11754535940510867,20,0.02628394140694672
639,E>>S,0.49155087496513383,0.10097761216053618,20,0.02257928049965683
639,E>S,0.44283403592300247,0.08690977681566445,20,0.01943361688691609
639,S~E,0.4372591963751602,0.09703995350928499,20,0.02169879325801805
639,S>E,0.4937857399833498,0.10635062987165611,20,0.02378072378429428
639,S>>E,0.4722361104789212,0.0812100790816579,20,0.018159125728472073
640,E>>S,0.47333685813593285,0.11470259816163114,20,0.025648280668524964
640,E>S,0.44379600372947675,0.09266328613907658,20,0.020720140682548925
640,S~E,0.44961481272458037,0.09547483941426335,20,0.021348823107116905
640,S>E,0.4740629313754569,0.09237051655740752,20,0.020654675413913307
640,S>>E,0.48357221414561147,0.09430604567957347,20,0.021087472882872663
641,E>>S,0.4594663837741108,0.1497709412949739,20,0.0334898005789692
641,E>S,0.4635870173570442,0.08686084935614831,20,0.019422676374371645
641,S~E,0.44265781300701545,0.08024898784239867,20,0.01794421919411576
641,S>E,0.46684581759700566,0.06895863131449771,20,0.015419618725456255
641,S>>E,0.4857469934661716,0.10904759646091294,20,0.02438378384695668
642,E>>S,0.46298614548464256,0.10508048227574751,20,0.023496710147703322
642,E>S,0.46050405993028776,0.08675743524086335,20,0.01939955227521063
642,S~E,0.4421644503144845,0.09783085338175475,20,0.02187564384584188
642,S>E,0.4690764806591007,0.09229358180279182,20,0.020637472279798008
642,S>>E,0.4928529934479715,0.11639257645491694,20,0.026026171302953573
643,E>>S,0.46970487121947635,0.1019565136164732,20,0.0227981695195317
643,E>S,0.45607649010692414,0.08702351083211143,20,0.019459048586129044
643,S~E,0.44228332707377893,0.09657661406466038,20,0.021595187408534288
643,S>E,0.4611674400123043,0.08558851915615186,20,0.01913817469266985
643,S>>E,0.5072100058400061,0.09163843257378176,20,0.020490976458650702
644,E>>S,0.47121289005155925,0.09278230001051704,20,0.020746752993229554
644,E>S,0.46294299070508593,0.07858882546048,20,0.017572995600149948
644,S~E,0.420200127549306,0.10162371485115515,20,0.022723753453323784
644,S>E,0.4972339921428611,0.09915614146569886,20,0.022171987270388827
644,S>>E,0.4732871550720167,0.08587292934180951,20,0.019201770743532232
645,E>>S,0.4758616122336289,0.07456008110409272,20,0.016672140975664888
645,E>S,0.44661711495647366,0.10694216170751956,20,0.02391299432387887
645,S~E,0.4204518476266722,0.09964107487060615,20,0.02228042167618214
645,S>E,0.4621866460527535,0.072413095018586,20,0.01619206029227097
645,S>>E,0.4957488138537312,0.08147363494787621,20,0.018218058611745372
646,E>>S,0.4755665797830858,0.10318539491535643,20,0.023072955731589812
646,E>S,0.4466074280107004,0.07481328088979192,20,0.016728758168936066
646,S~E,0.4370716029210994,0.08322980548417754,20,0.018610750281670575
646,S>E,0.46407442842867364,0.0972679033651618,20,0.021749764395338232
646,S>>E,0.5030954277093488,0.09284614738493623,20,0.020761029700168174
647,E>>S,0.46540699645501443,0.10912840211086104,20,0.024401852539581683
647,E>S,0.4624149736891199,0.10167685122972199,20,0.022735635108779146
647,S~E,0.44450215639284396,0.0806211643662884,20,0.01802744039482046
647,S>E,0.4816819792843634,0.08873054270840636,20,0.01984075251764449
647,S>>E,0.5008181066333439,0.09911370416982182,20,0.022162498002552593
648,E>>S,0.45218324000168897,0.09559713369406041,20,0.021376168939405464
648,E>S,0.4564276510951039,0.09540402700800067,20,0.021332988971711535
648,S~E,0.4370125876068266,0.09416834341761639,20,0.02105668172103351
648,S>E,0.4765012138494072,0.07544657033690638,20,0.016870365994254188
648,S>>E,0.5054949916246468,0.1377814120023153,20,0.030808860327308243
649,E>>S,0.4712145174773325,0.10931545437854177,20,0.024443678698169644
649,E>S,0.4567239784897616,0.10609488071161391,20,0.023723536533589995
649,S~E,0.43884997036877954,0.10732931616207941,20,0.023999564691697638
649,S>E,0.485601074719776,0.1018304965088264,20,0.022769991237629083
649,S>>E,0.4696856330827076,0.08459553032184648,20,0.01891613563922934
650,E>>S,0.47221905189483204,0.09931379798781349,20,0.022207240340443277
650,E>S,0.449139185213684,0.0915300737464164,20,0.020466746688255592
650,S~E,0.4385105145443565,0.08239288899801146,20,0.018423610066214815
650,S>E,0.47284080709032705,0.09012150836918614,20,0.020151781894831643
650,S>>E,0.48125776203440773,0.085386762931849,20,0.01909306062942736
651,E>>S,0.46061360739270746,0.1065688853661872,20,0.02382952719651771
651,E>S,0.45548313930487383,0.07303184819338199,20,0.016330417708284733
651,S~E,0.45559423840845803,0.07787995474672495,20,0.01741448728982844
651,S>E,0.47840422262833543,0.09259051843832686,20,0.020703869330004652
651,S>>E,0.4783257424725044,0.09340207064947838,20,0.02088533792114716
652,E>>S,0.48183586842702253,0.11531700821030715,20,0.02578566693201481
652,E>S,0.4524170628010773,0.06612978366312913,20,0.014787069160811179
652,S~E,0.45647094091878504,0.08222772123007582,20,0.018386677430535216
652,S>E,0.49046495081262975,0.09508038461153846,20,0.021260620331822494
652,S>>E,0.47392808136631154,0.11123476213144715,20,0.02487284895869352
653,E>>S,0.4626700486549554,0.11952522598567794,20,0.026726653033000015
653,E>S,0.4663013051896464,0.056463230538809354,20,0.01262556217140198
653,S~E,0.4585048319388071,0.11262475353221947,20,0.02518366048472023
653,S>E,0.48505275805454107,0.06422398162904845,20,0.014360918870825001
653,S>>E,0.48640368256791594,0.10870353102269623,20,0.0243068484761006
654,E>>S,0.4581446502550091,0.1020257333943758,20,0.022813647532409463
654,E>S,0.4398110953820714,0.09538239160486098,20,0.02132815114849744
654,S~E,0.4400080166704708,0.08895797613145902,20,0.019891608177074614
654,S>E,0.4799979564747848,0.07791938578888993,20,0.017423304338898896
654,S>>E,0.4845252289467773,0.08590970997935188,20,0.019209995144112285
655,E>>S,0.4560468927823448,0.10483758401304978,20,0.02344239644500245
655,E>S,0.45991774643727784,0.09723017784504923,20,0.021741328712592406
655,S~E,0.45308044843778095,0.0981713302797993,20,0.021951776794721465
655,S>E,0.4811443471389515,0.08841046939904684,20,0.019769181949893373
655,S>>E,0.5055122667439296,0.11562245961589587,20,0.02585396794268674
656,E>>S,0.45307903323832743,0.11923851330827355,20,0.026662542129331297
656,E>S,0.46421298804757044,0.09568552034886871,20,0.02139593279625098
656,S~E,0.439439089486951,0.07182700099270156,20,0.016061005683962556
656,S>E,0.4750741180730748,0.06924887345789749,20,0.015484518841713969
656,S>>E,0.5017309140307422,0.0990804526638757,20,0.02215506273978762
657,E>>S,0.4615230238312821,0.10962958272564634,20,0.024513919931948187
657,E>S,0.4590062673191754,0.09186537128842297,20,0.02054172149791712
657,S~E,0.4390840732335943,0.0873336720953054,20,0.019528402752977937
657,S>E,0.5003776111337009,0.09160368705671476,20,0.020483207124843184
657,S>>E,0.5173895880293153,0.14126668036266266,20,0.031588190024664835
658,E>>S,0.4611274497558403,0.09520661551104756,20,0.02128884641903882
658,E>S,0.45414834974244345,0.08275110116798817,20,0.01850370874245838
658,S~E,0.44946889405306106,0.07632617199934398,20,0.017067050905287418
658,S>E,0.4767882631735077,0.09989358099463401,20,0.02233688376198827
658,S>>E,0.47853079179105,0.10999945902444773,20,0.02459662678668678
659,E>>S,0.4692117482190829,0.10636490917898513,20,0.023783916734480208
659,E>S,0.45020748032574004,0.08108685576323298,20,0.018131572156830953
659,S~E,0.440769257370268,0.08663549398056815,20,0.019372285380482423
659,S>E,0.47220169119263533,0.08489436598976648,20,0.018982957325986406
659,S>>E,0.49663525613390513,0.1003758640627685,20,0.022444725534462855
660,E>>S,0.4867053599423028,0.10972152843672082,20,0.0245344796179684
660,E>S,0.45928865096241767,0.1016681229824435,20,0.022733683413355233
660,S~E,0.4549767175460289,0.08335581208425555,20,0.018638926214009383
660,S>E,0.47104799433233574,0.07696480719647453,20,0.017209854076648205
660,S>>E,0.5085902203218654,0.10909669285997518,20,0.024394762135532044
661,E>>S,0.4707089203223319,0.09723906280278634,20,0.021743315449540147
661,E>S,0.43687321731061973,0.08374194446782215,20,0.01872526803980628
661,S~E,0.42980907411747904,0.08052509332775773,20,0.018005958257538104
661,S>E,0.46633194712566467,0.08737240246887146,20,0.0195370631277867
661,S>>E,0.5036879237622331,0.10246556320422806,20,0.02291199646774551
662,E>>S,0.5028223472756406,0.10678344768987581,20,0.02387750479063552
662,E>S,0.4593343713729926,0.08326300275844606,20,0.018618173417863787
662,S~E,0.44090406995920384,0.07229113190176427,20,0.016164788510274853
662,S>E,0.47460530566295284,0.07429125615896456,20,0.016612029890529467
662,S>>E,0.4925069249916733,0.11469935959003723,20,0.025647556501901564
663,E>>S,0.4755070591987831,0.13216156845805246,20,0.029552225108519736
663,E>S,0.4669714652110596,0.08590716558305275,20,0.01920942619980363
663,S~E,0.43761723408181147,0.08412766848636621,20,0.018811518552408167
663,S>E,0.4818681052385817,0.07593944262477698,20,0.016980575588244638
663,S>>E,0.49489456883946054,0.10684392098280404,20,0.023891027030016596
664,E>>S,0.491579382746279,0.08092936382346258,20,0.01809635588850746
664,E>S,0.47898407131255033,0.06044441532697295,20,0.013515782153134169
664,S~E,0.4415019914854265,0.08912695663355863,20,0.01992939336603129
664,S>E,0.46972636123058925,0.09336009504814041,20,0.020875951891348346
664,S>>E,0.47221151109921583,0.08209225920642255,20,0.018356387201209374
665,E>>S,0.5065449396257071,0.10019988371180436,20,0.022405375131716847
665,E>S,0.45842225318025387,0.08498818767634493,20,0.019003936492881714
665,S~E,0.4305989308082129,0.0841794879557782,20,0.018823105738024485
665,S>E,0.4585047026814569,0.08413696440588815,20,0.01881359718320461
665,S>>E,0.4768562197797149,0.10701440455474527,20,0.023929148315607354
666,E>>S,0.46910640274335635,0.1222520581218606,20,0.027336391234973556
666,E>S,0.46851220657135934,0.07558125412993984,20,0.016900482205923217
666,S~E,0.44432687786673686,0.07714747659556026,20,0.01725070019602468
666,S>E,0.47891457359763895,0.10065844243997023,20,0.02250791198050232
666,S>>E,0.4802775704831513,0.10817180017192506,20,0.024187949843294785
667,E>>S,0.46355548832722543,0.09517784790543032,20,0.021282413786867817
667,E>S,0.46523430692320905,0.09262036359622941,20,0.020710542910191584
667,S~E,0.4604962926684581,0.08312780153191314,20,0.018587941504546894
667,S>E,0.4569776789056073,0.07920458540544673,20,0.01771068370962666
667,S>>E,0.47061083519003316,0.09214446868641214,20,0.020604129573341828
668,E>>S,0.46054600789356215,0.13046853249770984,20,0.029173650758951963
668,E>S,0.4822503580754507,0.08295751093242709,20,0.018549863368908893
668,S~E,0.4574647141885969,0.08320078977203477,20,0.018604262171193896
668,S>E,0.48161957621259843,0.08124367497318571,20,0.018166637998194166
668,S>>E,0.46546808269724405,0.10267394677265484,20,0.022958592450185136
669,E>>S,0.4674582599336909,0.10943187695119165,20,0.024469711576825696
669,E>S,0.4654710008785029,0.07528421653977099,20,0.016834062581574192
669,S~E,0.4515052278821788,0.08449251902608526,20,0.018893101613252097
669,S>E,0.4798339455292546,0.09374656981129609,20,0.02096237027554877
669,S>>E,0.4954692013619604,0.11765914069796836,20,0.02630938367748693
670,E>>S,0.4842492037363981,0.08860316709252146,20,0.019812270464065036
670,E>S,0.45646732242203064,0.07649233651227474,20,0.01710420641992355
670,S~E,0.44740303914610424,0.0967814998061049,20,0.021641001253083325
670,S>E,0.4725415373228895,0.07929420517350222,20,0.017730723298976646
670,S>>E,0.4943966714012655,0.12439573342802022,20,0.027815731605599615
671,E>>S,0.4630279871549391,0.10272607729581926,20,0.022970249189534962
671,E>S,0.43818486721742306,0.0796758228642881,20,0.01781605560877802
671,S~E,0.4431019815439595,0.09157054651521462,20,0.020475796674482637
671,S>E,0.4801738689537829,0.07817088227827847,20,0.01747954066353643
671,S>>E,0.48909408528915616,0.0943855352001225,20,0.021105247280017312
672,E>>S,0.4576753617364651,0.12185319246953567,20,0.027247202163724723
672,E>S,0.4606706955082487,0.0900998928311089,20,0.020146948513580547
672,S~E,0.44482408724484834,0.05616692449492083,20,0.0125593061257741
672,S>E,0.5026835467876553,0.08706470326024134,20,0.019468259493074718
672,S>>E,0.47805112700336705,0.07858942836653919,20,0.017573130414043188
673,E>>S,0.4555730953596083,0.10326829671231874,20,0.023091493136936272
673,E>S,0.4675335730488979,0.08833423991824763,20,0.019752136519797715
673,S~E,0.44905103685364384,0.09406522383619266,20,0.021033623481646033
673,S>E,0.4667467540925571,0.0774700433118421,20,0.017322828306513185
673,S>>E,0.5009848544184863,0.11666369923332902,20,0.026086796199231377
674,E>>S,0.4980801155208739,0.08672212068848721,20,0.019391655701239827
674,E>S,0.47000913535432726,0.0750292581487026,20,0.016777052152187902
674,S~E,0.4403878286211683,0.09015929262630398,20,0.020160230711571123
674,S>E,0.4541185507392377,0.08469110310531698,20,0.01893750636329323
674,S>>E,0.4809730419752102,0.11675909184054561,20,0.0261081266346601
675,E>>S,0.47413930259190246,0.09929902510235464,20,0.0222039370228323
675,E>S,0.4605657882306168,0.08111936318716864,20,0.018138841037800307
675,S~E,0.4493697139778551,0.08831858012878915,20,0.019748634884423466
675,S>E,0.45724057237593874,0.07412864710039642,20,0.016575669399657905
675,S>>E,0.4913614402293393,0.07722228943874876,20,0.01726742885632063
676,E>>S,0.452944813751676,0.1069927489574058,20,0.023924305976832913
676,E>S,0.4546763923960383,0.059767288001712486,20,0.013364371880263667
676,S~E,0.4433597867031761,0.09288843032264628,20,0.020770484452468978
676,S>E,0.4882085819204092,0.07723769535982367,20,0.017270873724998578
676,S>>E,0.510475313673654,0.1459019770914723,20,0.032624673882814904
677,E>>S,0.46895162407425206,0.10105285135297075,20,0.022596104494542416
677,E>S,0.4409219501368481,0.08111265142524882,20,0.018137340242210153
677,S~E,0.4516991919998354,0.09098155382931751,20,0.020344093906091026
677,S>E,0.4591806727212604,0.1130669711923754,20,0.02528254335961618
677,S>>E,0.5044842917736485,0.1572000842746443,20,0.03515100745068003
678,E>>S,0.48296484732657585,0.12641418874312718,20,0.028267071935012107
678,E>S,0.482973004361608,0.08767872544275,20,0.019605559027052934
678,S~E,0.43512024343210365,0.10794535626297841,20,0.02413731544594524
678,S>E,0.4572200485537549,0.07894771626966379,20,0.017653246024733435
678,S>>E,0.49000207353757574,0.10104416684283879,20,0.022594162579041784
679,E>>S,0.5068760452639322,0.10589290318468265,20,0.023678372985575437
679,E>S,0.4678074591821827,0.07176946919772575,20,0.01604814118351921
679,S~E,0.4613865796266275,0.08352728103674334,20,0.01867726783738872
679,S>E,0.47508062721943967,0.10519191237093946,20,0.02352162667446217
679,S>>E,0.4988677216420139,0.14449229739346087,20,0.032309459919689414
680,E>>S,0.5034966721572133,0.11084965840705602,20,0.02478673714808083
680,E>S,0.47306458632137216,0.06803174440808371,20,0.015212360512436636
680,S~E,0.4671667291714094,0.0908457498036271,20,0.020313727202784834
680,S>E,0.47365948306288247,0.10205770918995666,20,0.02282079753766481
680,S>>E,0.501544684710073,0.10690239177857216,20,0.0239041014974202
681,E>>S,0.48249864074171284,0.10496014625321987,20,0.023469802195051945
681,E>S,0.4573968346219857,0.11695956462827256,20,0.026152953712759736
681,S~E,0.46609674219860586,0.0982621083718047,20,0.02197207539318065
681,S>E,0.49608536074388015,0.07991384287174165,20,0.017869278500445132
681,S>>E,0.49216759841237706,0.1476231137401536,20,0.03300953173731667
682,E>>S,0.47799902552689033,0.06193536234225766,20,0.013849168040836872
682,E>S,0.4468917713464503,0.08031323545347294,20,0.01795858539669116
682,S~E,0.4418224040681066,0.09693111472334853,20,0.021674456165623805
682,S>E,0.4715982297577754,0.09704466352033701,20,0.021699846448506758
682,S>>E,0.511908709945895,0.1448986037050882,20,0.032400312772938006
683,E>>S,0.4780361362418849,0.13626578933100583,20,0.030469956795179463
683,E>S,0.47734484493332224,0.07291284885582094,20,0.016303808647478338
683,S~E,0.4610319709055615,0.0964991138039974,20,0.02157785782342265
683,S>E,0.4875738363474057,0.07667413906125681,20,0.017144858705724214
683,S>>E,0.48347327740540325,0.11297889360034875,20,0.025262848611309577
684,E>>S,0.4823842266680443,0.11041146263292027,20,0.024688753594238763
684,E>S,0.4469144519446891,0.06511542016409695,20,0.014560250587038128
684,S~E,0.4567560314972517,0.0864925074967172,20,0.01934031263070698
684,S>E,0.49567927465173567,0.09354414516596485,20,0.020917106748820573
684,S>>E,0.5211515791534918,0.11092237598870759,20,0.02480299729365406
685,E>>S,0.5110122370338269,0.12146152107666085,20,0.02715962177779371
685,E>S,0.45436519804117814,0.08492777675716531,20,0.01899042820069483
685,S~E,0.4427111884202623,0.06672535066965234,20,0.014920241991985373
685,S>E,0.4647085656494858,0.09211572227618034,20,0.020597701680603087
685,S>>E,0.4701213299341598,0.06574322793648454,20,0.014700632672624265
686,E>>S,0.48970226371993775,0.11370977523408317,20,0.025426278712963202
686,E>S,0.47533749196141317,0.06929611216194628,20,0.015495081737056179
686,S~E,0.44457560099497356,0.1001195591025342,20,0.02238741400305743
686,S>E,0.4782332516923863,0.06679640319885156,20,0.01493612982051165
686,S>>E,0.4558365021956391,0.09915062022584123,20,0.022170752683624652
687,E>>S,0.474724118504197,0.09045688768227803,20,0.020226774989063705
687,E>S,0.4583964866846319,0.07882293370522193,20,0.01762534379508356
687,S~E,0.44661267593209014,0.08541151206363148,20,0.019098594703532333
687,S>E,0.4778547900544329,0.08509188569360453,20,0.019027124074454154
687,S>>E,0.5194087292135043,0.10907666654544755,20,0.024390284115469788
688,E>>S,0.4738341322100121,0.11921553259806629,20,0.026657403486311834
688,E>S,0.44546077305932597,0.07592839238404758,20,0.01697810467930077
688,S~E,0.4426131791020154,0.10183681644959325,20,0.022771404419345928
688,S>E,0.47166412823985604,0.09848048652684507,20,0.022020906233127774
688,S>>E,0.4702791294465497,0.1478454652101443,20,0.03305925103749629
689,E>>S,0.49032241844462565,0.10961080768473534,20,0.024509721705172457
689,E>S,0.4687904625229818,0.0878038018931387,20,0.019633526971598286
689,S~E,0.4494251724563318,0.09482958282691954,20,0.021204539347893875
689,S>E,0.4662355303295846,0.08520593891717058,20,0.019052627150548822
689,S>>E,0.4965945665869579,0.07920491763823678,20,0.017710757999136954
690,E>>S,0.47040022090294853,0.10578490105600302,20,0.023654222975431204
690,E>S,0.4569463618098604,0.07747302604022481,20,0.017323495264855403
690,S~E,0.4374287628341918,0.09138886311684444,20,0.020435171031568746
690,S>E,0.4821590748843093,0.08042606472835583,20,0.017983814789540177
690,S>>E,0.49120138834719296,0.11045608530137263,20,0.024698731526238454
691,E>>S,0.4670276421326759,0.12788176300779538,20,0.028595231516794845
691,E>S,0.46317702641983727,0.08689465032152949,20,0.01943023450000139
691,S~E,0.445407444614761,0.11472363539605442,20,0.025652984737147867
691,S>E,0.5096012907734381,0.08909135307274967,20,0.0199214321678103
691,S>>E,0.47257102549330965,0.0824921868953727,20,0.018445813751067068
692,E>>S,0.47408494558007125,0.11001573397963392,20,0.02460026597729949
692,E>S,0.4543767741368301,0.08430597384270244,20,0.018851388842160182
692,S~E,0.43114614858507194,0.08884031768933875,20,0.01986529894960385
692,S>E,0.4882579457099522,0.0856875251962649,20,0.01916031311625743
692,S>>E,0.5060998720365528,0.13511138430579978,20,0.03021182398418665
693,E>>S,0.4715378574492145,0.09149666833654457,20,0.020459277011526625
693,E>S,0.47159231228187215,0.059274815330089735,20,0.013254251643182727
693,S~E,0.4420591503606047,0.07819693504390293,20,0.017485366239030246
693,S>E,0.4746018641613163,0.06571307200650461,20,0.01469388960168828
693,S>>E,0.4885328711647636,0.08853644311410394,20,0.019797350528917956
694,E>>S,0.4828060916963112,0.10617463200021601,20,0.023741369463850744
694,E>S,0.46146696190501685,0.07299532506857057,20,0.016322250889301827
694,S~E,0.4617387637078105,0.07895824114448602,20,0.01765559945828915
694,S>E,0.4760222208421337,0.1127406397335262,20,0.025209573427097835
694,S>>E,0.4911618016759993,0.10811026081102804,20,0.024174189223869023
695,E>>S,0.46854842282782705,0.08598311673127605,20,0.019226409392843275
695,E>S,0.4631452012165396,0.08100336102698652,20,0.0181129021662299
695,S~E,0.4567174728095102,0.09215712307300127,20,0.020606959180204512
695,S>E,0.48120705629940097,0.06747284120029308,20,0.015087385955890383
695,S>>E,0.5128045224731929,0.1563755109015188,20,0.034966627239205544
696,E>>S,0.4663168927827366,0.1009730910313314,20,0.022578269544433135
696,E>S,0.48544848295499515,0.059957909011556745,20,0.01340699603385881
696,S~E,0.4412103898921699,0.09705234891489135,20,0.0217015649549725
696,S>E,0.4854903474556229,0.10014768312640072,20,0.022393702725974067
696,S>>E,0.4687778810362261,0.09563441267231107,20,0.021384504772355487
697,E>>S,0.47870497020279457,0.09343563837797327,20,0.02089284389342364
697,E>S,0.4497831755259809,0.09616923696116837,20,0.021504095118945778
697,S~E,0.4550237626277446,0.10056104895297255,20,0.022486134134753064
697,S>E,0.4757572446080938,0.09022652068661735,20,0.02017526336285674
697,S>>E,0.49497521512913184,0.14089325228255528,20,0.0315046889674821
698,E>>S,0.4756152948109766,0.10687628133794726,20,0.023898263025404223
698,E>S,0.46541791883962835,0.07614733527710538,20,0.01702706179850754
698,S~E,0.44416149633484875,0.09259745704009079,20,0.020705420848525946
698,S>E,0.4508825983124633,0.09775088177228314,20,0.02185776165033702
698,S>>E,0.48059659134098,0.0833114844670578,20,0.018629014257475908
699,E>>S,0.4961587839070415,0.12250194856951985,20,0.02739226843776295
699,E>S,0.4739621496692628,0.08276141509604572,20,0.01850601500688355
699,S~E,0.4538873437669233,0.08360873151385671,20,0.01869548071775125
699,S>E,0.47446852498916253,0.07118416619107537,20,0.01591726345248868
699,S>>E,0.4843397173449466,0.11390481971874201,20,0.02546989198559656
700,E>>S,0.4675623421017662,0.13665237311935802,20,0.03055639955815495
700,E>S,0.47165348661153594,0.08309661476851156,20,0.01858096793225048
700,S~E,0.4562878973819048,0.08571153440336704,20,0.019165681738174057
700,S>E,0.478987913046731,0.10157163853723596,20,0.02271210883552969
700,S>>E,0.486334699666951,0.16037889094808938,20,0.035861810231595355
701,E>>S,0.4798248682630543,0.10353503483085559,20,0.023151137593460155
701,E>S,0.47108726456149475,0.07491455146075801,20,0.016751402957016107
701,S~E,0.44388109136970477,0.08690076666581711,20,0.019431602156161482
701,S>E,0.4902456294717483,0.08493704891498555,20,0.01899250151821324
701,S>>E,0.4907586362246601,0.12980071292296855,20,0.02902432176236931
702,E>>S,0.4575134342339669,0.08062159992053665,20,0.018027537787711156
702,E>S,0.45737606132665665,0.07708553083934651,20,0.01723684870384352
702,S~E,0.4652580972166436,0.07789779338586303,20,0.017418476130802323
702,S>E,0.4753451253459554,0.09309076156162256,20,0.020815727092901252
702,S>>E,0.4918171065513822,0.09192289521126325,20,0.02055458423809745
703,E>>S,0.4804506674805495,0.11396317399399411,20,0.025482940398220702
703,E>S,0.47001712169203175,0.08533776512993142,20,0.019082104387843784
703,S~E,0.446877471472959,0.08261468001708573,20,0.01847320404575972
703,S>E,0.4786761590776981,0.08692162276186684,20,0.019436265721012726
703,S>>E,0.4873198969182627,0.1122570353031291,20,0.025101436189039036
704,E>>S,0.4869322850000556,0.09407747455063514,20,0.021036362824672666
704,E>S,0.4708921059486304,0.08894065764263843,20,0.019887735645247574
704,S~E,0.44592454203945364,0.0646704287194787,20,0.014460747475080905
704,S>E,0.4660712753442261,0.0775355499459087,20,0.017337476035188197
704,S>>E,0.47542862093089555,0.07433948469023105,20,0.01662281411796615
705,E>>S,0.4694202634647887,0.12391776609702827,20,0.0277088548612874
705,E>S,0.4804613035457092,0.0912787274997013,20,0.02041054395890115
705,S~E,0.4565041613070438,0.09779703308723063,20,0.02186808139808438
705,S>E,0.4772008309309871,0.06951929851816192,20,0.015544987723471045
705,S>>E,0.48879980245804366,0.11613938748515988,20,0.025969556528200582
706,E>>S,0.4844019216860529,0.11075950977608724,20,0.024766579301388356
706,E>S,0.47050595319950733,0.08837680905682933,20,0.019761655268558945
706,S~E,0.4528695569380532,0.07811763666747525,20,0.017467634583010476
706,S>E,0.47352271098012083,0.06479809613106256,20,0.0144892947761622
706,S>>E,0.4931921040140588,0.10842496281900106,20,0.02424455873211736
707,E>>S,0.489532179638995,0.09318401190712913,20,0.020836578504049054
707,E>S,0.4546017998504004,0.07807453044052831,20,0.01745799573763979
707,S~E,0.4716118806118755,0.09048744175006014,20,0.0202336070863187
707,S>E,0.467764533577309,0.08149064282092505,20,0.018221861687774364
707,S>>E,0.529391873010285,0.11618966065114661,20,0.02598079794985963
708,E>>S,0.5029830890896121,0.09504586228965645,20,0.02125290090597556
708,E>S,0.4657456901513033,0.0736666004750289,20,0.016472352633348293
708,S~E,0.42842842516160157,0.10180297086479789,20,0.022763836316511864
708,S>E,0.4523865636231169,0.06990954916722465,20,0.015632250421427813
708,S>>E,0.48532303232354385,0.10968660638599638,20,0.024526670810035043
709,E>>S,0.5019138200323207,0.10003475305564256,20,0.022368450794482155
709,E>S,0.4672346029601392,0.07341968487342314,20,0.01641714062635872
709,S~E,0.4269185508961053,0.09495444915044673,20,0.021232460306644604
709,S>E,0.47310724657510395,0.07019732958281209,20,0.01569660007861248
709,S>>E,0.4963952289812802,0.11073336954775487,20,0.024760734168638502
710,E>>S,0.4815587424411573,0.07147635186522919,20,0.015982598155434635
710,E>S,0.44727403846458397,0.07435098144623434,20,0.01662538487076056
710,S~E,0.435274205553298,0.08279462357345171,20,0.018513440648174458
710,S>E,0.4927423500227782,0.06755234441426788,20,0.01510516341497812
710,S>>E,0.46927656456764294,0.1080852276451394,20,0.024168591637807123
711,E>>S,0.472882942109439,0.09932765714637887,20,0.022210339342509593
711,E>S,0.48224434894187107,0.06718448041008791,20,0.015022906522995951
711,S~E,0.4531457422665312,0.08950114947123512,20,0.020013065428205107
711,S>E,0.4595800055958416,0.07886487068282898,20,0.017634721188353585
711,S>>E,0.4841694541997252,0.09913736550623384,20,0.02216778883821817
712,E>>S,0.4906405593230499,0.08030589974592311,20,0.017956945082616717
712,E>S,0.4541681572179798,0.08949968240068945,20,0.020012737381258316
712,S~E,0.4379561261959705,0.0905384871482164,20,0.020245021184340295
712,S>E,0.4929428475307823,0.06630070992370764,20,0.014825289434590517
712,S>>E,0.5047179235460375,0.10766263921268251,20,0.024074097991659254
713,E>>S,0.47074899645679713,0.11542622074378162,20,0.025810087596899203
713,E>S,0.4583803002556639,0.08948463568312398,20,0.020009372832926853
713,S~E,0.4579964304168742,0.06892652437974811,20,0.01541243939659133
713,S>E,0.5071715236077208,0.09724813620484174,20,0.021745344323918454
713,S>>E,0.4866990442589333,0.10471601929027828,20,0.023415213746624152
714,E>>S,0.4588117932790988,0.11309896005651701,20,0.02528969628709055
714,E>S,0.4371973359113673,0.0776974632204892,20,0.01737368094403036
714,S~E,0.437671157659525,0.07130525889600108,20,0.015944340604468
714,S>E,0.48316665818561944,0.09203161401655663,20,0.020578894502004307
714,S>>E,0.5003227024279286,0.10483766777260019,20,0.023442415174207296
715,E>>S,0.4790824675050203,0.10371163586911027,20,0.0231906267861036
715,E>S,0.44558679821972874,0.09125450971819624,20,0.020405128698330194
715,S~E,0.4581954875056032,0.07080134937314272,20,0.015831663009705926
715,S>E,0.47022377569260215,0.07853571531236628,20,0.01756111981000221
715,S>>E,0.4852727768758805,0.09434623954078067,20,0.021096460503466412
716,E>>S,0.49234177526536727,0.07805417548910246,20,0.0174534442321331
716,E>S,0.45905506971292265,0.07907144661709614,20,0.017680912971507274
716,S~E,0.45453577877702644,0.08375756320505896,20,0.018728760495624698
716,S>E,0.4722420917290281,0.07711065491493632,20,0.01724246661793259
716,S>>E,0.5057668637849035,0.14396092272447555,20,0.032190640931552154
717,E>>S,0.47215052700610727,0.0963530499440637,20,0.021545196951435874
717,E>S,0.47384606571127785,0.08971647311252247,20,0.020061213258113237
717,S~E,0.4288016392889979,0.09792539382039313,20,0.021896783730583687
717,S>E,0.4900712208676342,0.09633301378448103,20,0.021540716729952385
717,S>>E,0.48902826724536536,0.12409759757001931,20,0.02774906640109759
718,E>>S,0.4792077196635896,0.09416910087358686,20,0.021056851093337506
718,E>S,0.45404473246224786,0.07360941249480424,20,0.016459565012220467
718,S~E,0.4426378613627812,0.08321412210118262,20,0.018607243370621196
718,S>E,0.46598807094275285,0.09111375309254512,20,0.020373654560006255
718,S>>E,0.4989447673827739,0.1333089879101979,20,0.029808795897890015
719,E>>S,0.48447558385244616,0.12528152485888958,20,0.02801380059093068
719,E>S,0.4590782024373551,0.07662415722247937,20,0.017133682426809533
719,S~E,0.43607822471045665,0.08705856990136161,20,0.01946688803233617
719,S>E,0.497645777343832,0.07829776162517012,20,0.01750791174799548
719,S>>E,0.5045776452110233,0.10423469062573719,20,0.023307585385280844
720,E>>S,0.4723381038522444,0.06968344672251313,20,0.015581692377802428
720,E>S,0.4701603610384266,0.06569262555712423,20,0.014689317636616976
720,S~E,0.4561482590812379,0.08814455022926478,20,0.01970972061587807
720,S>E,0.4718702402865082,0.07742129853041656,20,0.0173119286420316
720,S>>E,0.47178842572357854,0.10288479147240094,20,0.023005738758317917
721,E>>S,0.4735199213780154,0.11258762133445677,20,0.02517535747288509
721,E>S,0.44943351573054463,0.08478909369500841,20,0.01895941772526376
721,S~E,0.446336783430355,0.0881370109893046,20,0.019708034790573106
721,S>E,0.4880290412356262,0.09853864557669044,20,0.022033910992023877
721,S>>E,0.48263793888138196,0.1208032069864517,20,0.02701241827216835
722,E>>S,0.48861022323190095,0.07969272592102612,20,0.017819835247167393
722,E>S,0.45068973749527486,0.08358059581402887,20,0.01868918938401029
722,S~E,0.42059933168491737,0.0944865945781375,20,0.021127844843917852
722,S>E,0.4921795688841789,0.1004494122378192,20,0.022461171406366297
722,S>>E,0.4868149821816353,0.109330021887937,20,0.0244469360922967
723,E>>S,0.458992255588348,0.09154032300540337,20,0.020469038492236975
723,E>S,0.4612960459957328,0.08973448463711635,20,0.02006524075745027
723,S~E,0.45525044609959214,0.07776276156181743,20,0.017388282097033147
723,S>E,0.48840730274518346,0.0802000107405881,20,0.017933267581216824
723,S>>E,0.5016884747815836,0.1300155973352102,20,0.029072371377677052
724,E>>S,0.4782354722853756,0.12330420287343707,20,0.027571657953643018
724,E>S,0.45720535410566576,0.09653937343079323,20,0.021586860149649074
724,S~E,0.4368464037634709,0.11241618427617474,20,0.02513702298126697
724,S>E,0.4733221376423538,0.07785787898375694,20,0.017409550999163276
724,S>>E,0.4779869022127704,0.0672784542632972,20,0.015043919715384308
725,E>>S,0.4618968691361509,0.08794560631655185,20,0.019665235404624483
725,E>S,0.4380621418967826,0.10064219446784704,20,0.022504278823485924
725,S~E,0.4428413928559577,0.07212824618065393,20,0.016128366155778177
725,S>E,0.4947489106093316,0.11127828394032308,20,0.024882580731008554
725,S>>E,0.48919586148763133,0.11808954626015379,20,0.026405625286980993
726,E>>S,0.49378803148976297,0.09781351850200691,20,0.021871767648892083
726,E>S,0.4770140229821216,0.07383305130255303,20,0.016509572169873796
726,S~E,0.44113966873161603,0.07382989492324735,20,0.01650886638200477
726,S>E,0.4703980567953746,0.07074487989440192,20,0.015819036050394083
726,S>>E,0.47805748171301987,0.09012126214762825,20,0.020151726838017546
727,E>>S,0.4868223052121978,0.0742867884329258,20,0.016611030876616716
727,E>S,0.46322565595314613,0.057072188276451816,20,0.012761729261081281
727,S~E,0.4488442333559794,0.09575779894146633,20,0.02141209478088761
727,S>E,0.46875840086627374,0.09953074734314823,20,0.022255751691063603
727,S>>E,0.4880972509794231,0.08665439575393089,20,0.019376511945495858
728,E>>S,0.48479610402448803,0.11145859028806542,20,0.02492289845604121
728,E>S,0.46063404217620574,0.07869356933381565,20,0.017596417042250463
728,S~E,0.4341906113090232,0.08319760050811704,20,0.018603549030102074
728,S>E,0.4858136585119386,0.08678184935453138,20,0.01940501143698784
728,S>>E,0.4924243704232918,0.11007322675232083,20,0.024613121752093778
729,E>>S,0.45154011581804276,0.09544719201540412,20,0.021342640960791876
729,E>S,0.47968240878984086,0.059675678320267565,20,0.013343887332752874
729,S~E,0.4548805958707634,0.07024568300477435,20,0.015707412232457713
729,S>E,0.4578360264493065,0.09364919849095167,20,0.020940597386413864
729,S>>E,0.4745741705745153,0.11866112798004236,20,0.0265334348450177
730,E>>S,0.5052731877468132,0.11337737455595581,20,0.025351951661757223
730,E>S,0.46359763717750446,0.08949924094551968,20,0.020012638668881456
730,S~E,0.45707482199660293,0.09716814403434572,20,0.02172745753082877
730,S>E,0.4659969004659942,0.08108998866190904,20,0.018132272694271583
730,S>>E,0.47311096977281064,0.10061422409224142,20,0.022498024457364887
731,E>>S,0.4995195055762183,0.06846547932209716,20,0.015309346587631547
731,E>S,0.45683177413451614,0.07393959996523658,20,0.016533397175141008
731,S~E,0.4483029309841117,0.07346786047791619,20,0.016427913019009078
731,S>E,0.47108914449032807,0.08509413626674818,20,0.01902762731790791
731,S>>E,0.4977177561542107,0.1122153577218202,20,0.02509211679854459
732,E>>S,0.46411956922720526,0.10194216262480423,20,0.022794960540240064
732,E>S,0.455843344134699,0.08329903565651757,20,0.01862623061881521
732,S~E,0.42512268670234843,0.10124434314795068,20,0.022638923361613276
732,S>E,0.4836961304537729,0.0682333163917218,20,0.01525743337821406
732,S>>E,0.5047389693788366,0.13775161709948763,20,0.030802197984497674
733,E>>S,0.48437957635443807,0.09604359284656966,20,0.021476000240824227
733,E>S,0.4644208863010097,0.08388952345076822,20,0.018758267703598046
733,S~E,0.45285006845552467,0.08758000337976665,20,0.019583484102681955
733,S>E,0.5010241956393087,0.07986598549621589,20,0.0178585772659551
733,S>>E,0.4951870004432718,0.14732915298294166,20,0.032943800113732345
734,E>>S,0.5024470194241246,0.08418063698799479,20,0.01882336266943895
734,E>S,0.48914205517951037,0.08572015868193425,20,0.019167610185487374
734,S~E,0.44546295764516775,0.07933538458236898,20,0.01773993129472658
734,S>E,0.4630830124053961,0.06673385456746854,20,0.014922143521344447
734,S>>E,0.47951212794951037,0.10693520677242346,20,0.023911439153113473
735,E>>S,0.465231497442448,0.11245975736280625,20,0.025146766219636723
735,E>S,0.46971278526583016,0.10359285294820522,20,0.023164066117532637
735,S~E,0.45491495845480034,0.07400456822059598,20,0.016547924518677325
735,S>E,0.47897270453548046,0.07452053312425111,20,0.016663297778535025
735,S>>E,0.48759626987296095,0.14303449019336614,20,0.03198348431993937
736,E>>S,0.45865429907455546,0.11999548282117,20,0.026831805658104432
736,E>S,0.45795435616323454,0.08499238767861685,20,0.01900487564194028
736,S~E,0.4490874283030181,0.0966639761509702,20,0.02161472216489878
736,S>E,0.48779214221572537,0.07826374153989624,20,0.017500304625668206
736,S>>E,0.4910441971960789,0.07757834315681235,20,0.017347044888043804
737,E>>S,0.4975841422028065,0.12583041774980697,20,0.028136536772576447
737,E>S,0.46811286099829363,0.07137013710099116,20,0.0159588478121296
737,S~E,0.4628932420990662,0.09292228176626591,20,0.020778053865375977
737,S>E,0.469907116413534,0.08736309453771528,20,0.01953498181110719
737,S>>E,0.4849617996219047,0.08406863465702326,20,0.01879831818686987
738,E>>S,0.4859930385326069,0.08819728983868208,20,0.01972151355105446
738,E>S,0.46780456722883024,0.07868679878047227,20,0.017594903100498355
738,S~E,0.4585269556723908,0.08361407034827555,20,0.018696674517419364
738,S>E,0.46262608444501463,0.07433240842093054,20,0.016621231816047848
738,S>>E,0.48745687823823713,0.0878940681081103,20,0.019653711110873096
739,E>>S,0.4871377678731408,0.11012248768391926,20,0.02462413683126268
739,E>S,0.44666686436682285,0.08234607667583595,20,0.01841314251275791
739,S~E,0.4376780050532013,0.10084204054228785,20,0.022548965764234537
739,S>E,0.4919284194145737,0.0910624841570059,20,0.02036219047750628
739,S>>E,0.456189598383905,0.08919233689126722,20,0.019944012836093577
740,E>>S,0.4738601261877832,0.07776025683431043,20,0.01738772202293607
740,E>S,0.4795982361237126,0.1068734996177164,20,0.023897641013851164
740,S~E,0.4275165330740503,0.08454000906098719,20,0.01890372070788155
740,S>E,0.4702748234154656,0.08944585499933057,20,0.020000701208409254
740,S>>E,0.4825621923827324,0.11160511140146336,20,0.024955661573010886
741,E>>S,0.47437918798064055,0.08292392249262599,20,0.01854235276544355
741,E>S,0.48889049724812655,0.07542648688487597,20,0.0168658751978579
741,S~E,0.4293791980538879,0.09920153147495424,20,0.022182136785008265
741,S>E,0.47163932696086885,0.07061194337147529,20,0.015789310540198442
741,S>>E,0.48704616387028477,0.12508519899910303,20,0.027969900794108302
742,E>>S,0.48529972765809715,0.09214606563001693,20,0.020604486660787482
742,E>S,0.4666736389985423,0.09590057039371154,20,0.021444019448134278
742,S~E,0.45438778281744785,0.07414730294715259,20,0.016579840973810368
742,S>E,0.46955071365434636,0.07451553683600241,20,0.016662180574519098
742,S>>E,0.5150697225379769,0.1717149437690113,20,0.03839662870200632
743,E>>S,0.49388223530592174,0.11171994108148423,20,0.024981338270047008
743,E>S,0.48338855937046066,0.08293312775027771,20,0.018544411123629517
743,S~E,0.47794126887518074,0.09036255357853712,20,0.020205681242207587
743,S>E,0.4753179153167421,0.08471565099816884,20,0.018942995439005343
743,S>>E,0.4831693700103763,0.1422478380931033,20,0.0318075835628563
744,E>>S,0.46745411074260546,0.10279660452969841,20,0.022986019558456843
744,E>S,0.46396661338038747,0.08687315161310091,20,0.019425427242653913
744,S~E,0.4375767462243272,0.08380225724981084,20,0.01873875438785016
744,S>E,0.4869170618159931,0.08095064289769954,20,0.018101114034156672
744,S>>E,0.49094458958124687,0.12581677824619023,20,0.02813348688684981
745,E>>S,0.48916214875092806,0.09747893751112284,20,0.021796953064932484
745,E>S,0.48046346185930594,0.11559831974677738,20,0.025848570103855047
745,S~E,0.4442368395630919,0.099437173697435,20,0.022234827987791875
745,S>E,0.47924752898573875,0.09111518148976326,20,0.02037397395933412
745,S>>E,0.49375124253488434,0.13296856806665283,20,0.02973267570678435
746,E>>S,0.4889663501010382,0.08904980437615502,20,0.019912141596814086
746,E>S,0.4569033157739134,0.07432200182627233,20,0.016618904830740844
746,S~E,0.45271638984117846,0.10000190810279222,20,0.02236110643975304
746,S>E,0.4724149736723173,0.07396771443731633,20,0.01653968376221319
746,S>>E,0.4705956575018768,0.10152340111418418,20,0.022701322619829368
747,E>>S,0.48630358299648113,0.10974973798501299,20,0.024540787464727983
747,E>S,0.47934707640377183,0.09403246942798668,20,0.021026299373314898
747,S~E,0.4696419350954469,0.08373648808797635,20,0.01872404795618165
747,S>E,0.4814628729681041,0.10032581167490606,20,0.022433533480293196
747,S>>E,0.47345037452292643,0.10708629914507306,20,0.023945224434726096
748,E>>S,0.49229437693798783,0.1043495197446062,20,0.023333261956839595
748,E>S,0.45489485559757004,0.08699661166303016,20,0.019453033749068645
748,S~E,0.4614537019123369,0.1049323630459334,20,0.023463589681039395
748,S>E,0.4751985669670121,0.0879626921412348,20,0.019669055911168753
748,S>>E,0.49281183815842,0.10364829524754293,20,0.023176463392547437
749,E>>S,0.48204719331967016,0.11793739906692859,20,0.026371604140317258
749,E>S,0.4699186903833435,0.05854284400477629,20,0.01309057787908458
749,S~E,0.4266849983281752,0.08357277984067221,20,0.01868744167923671
749,S>E,0.46135758663917337,0.10307145192745278,20,0.023047477304938613
749,S>>E,0.5057053344948199,0.13419412276687112,20,0.030006718068767597
750,E>>S,0.4804654790131093,0.11056313945224269,20,0.02472266956210035
750,E>S,0.46187079808276055,0.08398257236333065,20,0.018779074072970248
750,S~E,0.44944109643271,0.1014533800614325,20,0.022685665436448482
750,S>E,0.4797564584687232,0.07789604853281946,20,0.01741808596980071
750,S>>E,0.4844093926784712,0.12091152259914713,20,0.027036638379469503
751,E>>S,0.4946523384204803,0.09909089305466162,20,0.022157397282138516
751,E>S,0.47202931157183875,0.08143584061289003,20,0.01820960754152602
751,S~E,0.4361707894482418,0.09546031892495498,20,0.021345576227000895
751,S>E,0.45739030016365023,0.08490540535706355,20,0.018985425803556888
751,S>>E,0.503327155473711,0.09874969149251134,20,0.0220811022934388
752,E>>S,0.4610966643099637,0.1421094843082913,20,0.0317766467160779
752,E>S,0.46842438304065437,0.07170042197419788,20,0.016032701754972612
752,S~E,0.45376728632928504,0.0897694705356887,20,0.02007306384219644
752,S>E,0.4817258616212171,0.0892123930276132,20,0.019948497524517137
752,S>>E,0.49942427362790004,0.13589623639835754,20,0.030387322247310864
753,E>>S,0.4628865792021603,0.10554524441969634,20,0.023600634122427137
753,E>S,0.45020569385842385,0.06927529945117963,20,0.015490427873449153
753,S~E,0.45191811390102676,0.07895023029634032,20,0.017653808178188034
753,S>E,0.4858471115745847,0.10754923523208951,20,0.02404874009070675
753,S>>E,0.5025292442928141,0.10653534866786227,20,0.02382202816279817
754,E>>S,0.5216371076864298,0.12574560080866976,20,0.02811757112797381
754,E>S,0.4757713909786231,0.08661757202828009,20,0.01936827791012186
754,S~E,0.437038153320661,0.08159279456555822,20,0.01824470351227636
754,S>E,0.48127093184914516,0.09486992535997923,20,0.021213560212524477
754,S>>E,0.49344900471550385,0.10792900621753342,20,0.024133659464640217
755,E>>S,0.4722025844187515,0.10837800723841595,20,0.02423405914510623
755,E>S,0.47817482449679716,0.08601691750288261,20,0.019233967475143696
755,S~E,0.44277416510671264,0.0889958481774056,20,0.019900076623992968
755,S>E,0.4759686777292987,0.08426502629578131,20,0.01884223269231743
755,S>>E,0.5006579424443919,0.14535772377336875,20,0.032502975141188974
756,E>>S,0.48238966407526884,0.10364568228845192,20,0.023175879117132446
756,E>S,0.4680797418665247,0.08189172130362443,20,0.018311545562937192
756,S~E,0.44284709877276696,0.10349048028960296,20,0.023141174895165432
756,S>E,0.48729287974093644,0.08428180624189632,20,0.018845984802334625
756,S>>E,0.5065807313502636,0.09631190853740748,20,0.021535997453238545
757,E>>S,0.46625203443289376,0.10689150176010684,20,0.023901666415263728
757,E>S,0.4827401537853785,0.10629260644185715,20,0.02376774935096246
757,S~E,0.44946565639997627,0.08509167621620108,20,0.019027077233882767
757,S>E,0.4668437219064934,0.06202948084212646,20,0.013870213577201565
757,S>>E,0.4823087206554234,0.09021100361910771,20,0.020171793641080436
758,E>>S,0.47866425648135724,0.12159310937442266,20,0.0271890458156776
758,E>S,0.4321776347498618,0.1020653109553421,20,0.022822497344079894
758,S~E,0.44757891619234513,0.08200331288080417,20,0.018336498198166223
758,S>E,0.5018815649596939,0.10187587167808355,20,0.022780137433924038
758,S>>E,0.520677473916163,0.13753100273109892,20,0.03075286711204464
759,E>>S,0.4773963255993987,0.10353174025497362,20,0.023150400903897243
759,E>S,0.47024687866168857,0.0583895345420382,20,0.013056296841056947
759,S~E,0.47009905006608593,0.07940607349109811,20,0.017755737815243942
759,S>E,0.4834219231280885,0.08547760851355558,20,0.019113374319042503
759,S>>E,0.5054763933571808,0.1313519702593465,20,0.029371193447842944
760,E>>S,0.4982418604941274,0.13278827105805863,20,0.0296923600700487
760,E>S,0.4588792791163221,0.09869359224467839,20,0.02206855812027469
760,S~E,0.4562689042618639,0.08180447871848334,20,0.01829203752784636
760,S>E,0.46796742081195675,0.09627863564968753,20,0.021528557409363592
760,S>>E,0.48239105392512743,0.1559036232554636,20,0.03486110995377337
761,E>>S,0.47050612907563216,0.11007596861328207,20,0.024613734850843196
761,E>S,0.46409393574556396,0.08786203869881665,20,0.01964654911722712
761,S~E,0.45667466674651297,0.07492797621180236,20,0.016754404822607726
761,S>E,0.4885769108439858,0.10876254612834346,20,0.024320044654893253
761,S>>E,0.5016343681611453,0.10285934418184314,20,0.023000048571164874
762,E>>S,0.4645649023550099,0.12687185088791722,20,0.028369408301659994
762,E>S,0.46443405268600796,0.09327221640832777,20,0.020856301630109216
762,S~E,0.4342502720058462,0.09249345174740226,20,0.020682164558078815
762,S>E,0.49100640332259005,0.09430116310569117,20,0.021086381106162063
762,S>>E,0.4879572099286091,0.10551262574548174,20,0.02359334036513916
763,E>>S,0.4821251756426331,0.1344353603621121,20,0.030060660434936336
763,E>S,0.4817212734274431,0.07958479960441069,20,0.017795702189116067
763,S~E,0.44947904313580195,0.10118668350773737,20,0.02262603027410576
763,S>E,0.475822732099975,0.09550051420985431,20,0.021354564165941885
763,S>>E,0.49183294786758447,0.08511258874526825,20,0.019031753417540334
764,E>>S,0.48911538349278383,0.12704303981879814,20,0.02840768731030452
764,E>S,0.4501352063717389,0.10503803042289046,20,0.023487217624827406
764,S~E,0.4578443836970096,0.0867984400981215,20,0.01940872124003432
764,S>E,0.4831790908396977,0.08959784532792421,20,0.020034687279075047
764,S>>E,0.47763063957168256,0.07802430661252645,20,0.017446765348289546
765,E>>S,0.5005936058544084,0.10722801845240724,20,0.02397691383521844
765,E>S,0.44447292330259736,0.08947040022582632,20,0.020006189687906017
765,S~E,0.4414299085725065,0.09292952229345805,20,0.020779672896475435
765,S>E,0.45915977623789883,0.09025827744848278,20,0.020182364390684375
765,S>>E,0.49693812547834276,0.09198964041940376,20,0.020569508920354907
766,E>>S,0.48605634937087494,0.1126200089964422,20,0.02518259957426826
766,E>S,0.46351510965570875,0.07108819454202021,20,0.01589580353936867
766,S~E,0.4524775940208802,0.07179260961019408,20,0.016053315537049865
766,S>E,0.4706969762346733,0.0828021984577195,20,0.018515134443788904
766,S>>E,0.49595755525488877,0.12404901454000943,20,0.027738202905332087
767,E>>S,0.46891844032800023,0.1417473823035064,20,0.0316956782463291
767,E>S,0.45319353906073445,0.11108033428706449,20,0.02483831784292768
767,S~E,0.4357319514517693,0.07629468785424974,20,0.017060010836422997
767,S>E,0.4964177624844088,0.08946846146064072,20,0.020005756166831277
767,S>>E,0.515176040211935,0.10947490602520528,20,0.02447933317027603
768,E>>S,0.4807197934759252,0.08046936134570314,20,0.017993496207498617
768,E>S,0.46912600503557245,0.10320774383727782,20,0.023077953102453818
768,S~E,0.4545487985712321,0.0700590965015791,20,0.015665690221974855
768,S>E,0.5038227240488278,0.09385412118821583,20,0.02098641949453539
768,S>>E,0.5014189099642561,0.09435457272368367,20,0.021098323859810416
769,E>>S,0.47326409887479104,0.12706561844274664,20,0.028412736044103243
769,E>S,0.46024192839774136,0.09362842100803705,20,0.020935951399994022
769,S~E,0.4369272589839014,0.0893687674235503,20,0.019983463902442718
769,S>E,0.4986115553239697,0.10310029370581113,20,0.023053926522638737
769,S>>E,0.5130299741464914,0.11464128642518544,20,0.025634570947473848
770,E>>S,0.4707621886070642,0.0939453776891035,20,0.02100682506847275
770,E>S,0.4762547740900215,0.09397320123321767,20,0.02101304660207418
770,S~E,0.4373733737463742,0.09660387234461829,20,0.021601282545227845
770,S>E,0.4914541846590537,0.07101083365224749,20,0.015878505118535502
770,S>>E,0.4877007128888171,0.13285586083389195,20,0.029707473603383428
771,E>>S,0.47643062237781697,0.09927704985406538,20,0.022199023207932576
771,E>S,0.4718472275694885,0.0904797107680745,20,0.020231878386193426
771,S~E,0.46063051138215955,0.08720262606561659,20,0.01949909996992137
771,S>E,0.46576826358396356,0.05062190329306799,20,0.011319401691372048
771,S>>E,0.5011639167504364,0.11786878042528519,20,0.026356260545593424
772,E>>S,0.4601874709118198,0.12851562196483327,20,0.028736966688403226
772,E>S,0.4705937554149967,0.0983491528679154,20,0.02199153913421772
772,S~E,0.4427823086979187,0.09694806093338858,20,0.021678245453384856
772,S>E,0.49155846496170497,0.08610618199745572,20,0.01925392762292796
772,S>>E,0.5267761232688728,0.11630273891624285,20,0.026006083018612923
773,E>>S,0.4748723926020739,0.07838448016223351,20,0.017527302602373788
773,E>S,0.4551973972879922,0.08616029420850149,20,0.019266027481159076
773,S~E,0.4405539673826097,0.09602185514447911,20,0.02147113954286932
773,S>E,0.4935507926371837,0.08320192552219194,20,0.018604516132649584
773,S>>E,0.5090229144737332,0.14042019502282269,20,0.03139891014848092
774,E>>S,0.5019782091738201,0.10401938303282486,20,0.02325944114389846
774,E>S,0.474750200893982,0.0925175185722196,20,0.02068754606370823
774,S~E,0.44857870255541404,0.07777580032652158,20,0.01739119765345526
774,S>E,0.47915969659091406,0.06593814773998624,20,0.014744218065703335
774,S>>E,0.48253423838062276,0.09627094091931021,20,0.021526836815344372
775,E>>S,0.48158360952182855,0.10319856342064111,20,0.023075900298887675
775,E>S,0.4785100288387671,0.0891743427974938,20,0.01993998923440649
775,S~E,0.4438445539138313,0.07995375262059083,20,0.017878202591584305
775,S>E,0.502044719717786,0.09369673020302742,20,0.0209512258003427
775,S>>E,0.4762846702521487,0.10086967710425689,20,0.022555145487357254
776,E>>S,0.5048690385845804,0.09864129428749192,20,0.02205686394153936
776,E>S,0.4634589002289021,0.09126478944501602,20,0.02040742731512611
776,S~E,0.45472438429924306,0.07799507359914623,20,0.017440228647779013
776,S>E,0.4795507130383688,0.0805239183473966,20,0.01800569552394213
776,S>>E,0.5003113104041859,0.11784173894570518,20,0.026350213886938118
777,E>>S,0.48291078408725224,0.12714234786540085,20,0.02842989326459616
777,E>S,0.4582677190105303,0.10204810054303912,20,0.022818648978896867
777,S~E,0.4459952275020271,0.08966645309396974,20,0.020050028441941266
777,S>E,0.4831438156600984,0.09635602803776329,20,0.021545862873431437
777,S>>E,0.49343094635681284,0.1240781189355623,20,0.027744710846022112
778,E>>S,0.483470584722563,0.08946704158563336,20,0.020005438673127676
778,E>S,0.4542212519766934,0.08602789064445017,20,0.019236421144190875
778,S~E,0.4431229240956651,0.08207869224921803,20,0.01835335353735366
778,S>E,0.4834102653333825,0.08637054667664763,20,0.019313041362280264
778,S>>E,0.5202821648113851,0.12359593804806239,20,0.027636891921832017
779,E>>S,0.46582397294672545,0.11565880711316232,20,0.025862095490156712
779,E>S,0.4699564382203133,0.10826257308940387,20,0.024208247284694645
779,S~E,0.4572810055777158,0.08720074330585201,20,0.019498678972039482
779,S>E,0.5190080715648275,0.11027962180819334,20,0.024659273089608857
779,S>>E,0.5023143261720743,0.11895767461680239,20,0.026599744688847137
780,E>>S,0.49218968256838175,0.09458875003313873,20,0.021150687498083368
780,E>S,0.4418561247663481,0.10120716446083215,20,0.022630609954442153
780,S~E,0.4494078839544494,0.10148050389563774,20,0.022691730510157822
780,S>E,0.49087978451409525,0.0876657031112784,20,0.019602647145213332
780,S>>E,0.52470598361301,0.14714258918971168,20,0.0329020831813521
781,E>>S,0.48775168531676405,0.10769283991561182,20,0.024080851074131073
781,E>S,0.4562619302305569,0.09386121841578597,20,0.020988006482865255
781,S~E,0.45670240533364925,0.0628453471347529,20,0.014052646826287912
781,S>E,0.47862440994993055,0.089626764592985,20,0.020041153823328575
781,S>>E,0.5162845174981825,0.13201818797699477,20,0.029520164258290574
782,E>>S,0.46279753657547207,0.07803294525147961,20,0.017448697006682782
782,E>S,0.4689565124763452,0.09411830517283988,20,0.021045492829354005
782,S~E,0.4594122477467796,0.07660312193171923,20,0.01712897879280292
782,S>E,0.4930624751390084,0.08952848879651193,20,0.0200191786871829
782,S>>E,0.5007800285161776,0.12532629161552405,20,0.02802381074202737
783,E>>S,0.4720426959037655,0.1037453763897911,20,0.023198171395887462
783,E>S,0.4593247774886728,0.06948724641767247,20,0.015537820655919438
783,S~E,0.4403415821814529,0.08812543341091104,20,0.019705445965342825
783,S>E,0.4999623087389016,0.10033923744777093,20,0.02243653557437083
783,S>>E,0.5037125290953177,0.10406721493969026,20,0.02327013668342291
784,E>>S,0.4915919948464015,0.11548811953060438,20,0.02582392858640525
784,E>S,0.4706522220974795,0.08005714498007484,20,0.01790132182600034
784,S~E,0.42928857467594145,0.094633129856596,20,0.021160611128291356
784,S>E,0.4838029634083381,0.08436879879831638,20,0.0188654369293038
784,S>>E,0.5209236258420895,0.1624357384771098,20,0.036321735321019566
785,E>>S,0.4742351649417416,0.09386170180601025,20,0.02098811457220537
785,E>S,0.4631952887068129,0.09747874972555344,20,0.021796911074802645
785,S~E,0.4437194561891385,0.0824870580111699,20,0.01844466689769445
785,S>E,0.4821104709351485,0.0828236017681039,20,0.01851992036948521
785,S>>E,0.5178730319952279,0.1142208160847283,20,0.025540550921095383
786,E>>S,0.49680549811960484,0.10936768901564532,20,0.024455358718104
786,E>S,0.4514874323804524,0.09716933218512254,20,0.021727723209419215
786,S~E,0.4510327636014148,0.078810020442152,20,0.01762245630167999
786,S>E,0.47802842757386604,0.0983061813924703,20,0.02198193042019885
786,S>>E,0.5063576435026527,0.10739693055819878,20,0.02401468373029569
787,E>>S,0.493878112752971,0.09260504198518582,20,0.020707116893809756
787,E>S,0.4576286245024215,0.08778930759576313,20,0.019630285948176496
787,S~E,0.4382420257105896,0.0763087863191086,20,0.01706316334900328
787,S>E,0.5006279491692094,0.07344971880214994,20,0.01642385641698517
787,S>>E,0.5150038948573907,0.11633316535078769,20,0.026012886576208444
788,E>>S,0.45731460236792626,0.09334920660282706,20,0.02087351716095935
788,E>S,0.4758223205399147,0.07808883609440616,20,0.017461194579093134
788,S~E,0.4310641138987032,0.08481235267159193,20,0.018964618590536542
788,S>E,0.4918997051292269,0.09911262077592312,20,0.022162255748312203
788,S>>E,0.49272518874761656,0.13629723661349905,20,0.030476988621315707
789,E>>S,0.4471883400567457,0.11352192148723653,20,0.02538427333818549
789,E>S,0.45527544353122246,0.07719835490093968,20,0.017262076930965518
789,S~E,0.4539862040609541,0.08037001506650125,20,0.017971281704137906
789,S>E,0.47955759693805444,0.06602226735976127,20,0.014763027784509176
789,S>>E,0.5042484986999467,0.09254832792945192,20,0.020694435245419685
790,E>>S,0.48334419809483825,0.10229214970051616,20,0.022873220029493886
790,E>S,0.4734480611526875,0.0833224525315194,20,0.01863146679124768
790,S~E,0.4348156206431052,0.09006797603198942,20,0.02013981170033501
790,S>E,0.5059507806207184,0.11491481515652019,20,0.025695733831180227
790,S>>E,0.510399174843955,0.11294705019326111,20,0.02525572820902126
791,E>>S,0.481484061221356,0.10682073887692888,20,0.02388584335355675
791,E>S,0.4588221906832094,0.07562557957790904,20,0.016910393677402446
791,S~E,0.4536815470567096,0.08399802869940867,20,0.018782530214785605
791,S>E,0.5049946616828488,0.09631985260657298,20,0.021537773801105747
791,S>>E,0.5243742933345745,0.13819709104754996,20,0.03090180898750493
792,E>>S,0.4690072493235822,0.13294600066436302,20,0.02972762948222479
792,E>S,0.44934767591477226,0.09333334817920022,20,0.020869971109634792
792,S~E,0.44371857925886166,0.07045186567478039,20,0.015753516079049304
792,S>E,0.49055926432589214,0.08972007050824943,20,0.020062017660251983
792,S>>E,0.47708570696863345,0.10327764995193786,20,0.023093584584896094
793,E>>S,0.5059403645939147,0.12883968873246723,20,0.028809430220571045
793,E>S,0.47342985663753534,0.08238904455184996,20,0.018422750421919522
793,S~E,0.45374985788592365,0.08490093434131156,20,0.018984426054041898
793,S>E,0.465192879036466,0.08906469345515557,20,0.019915470896090845
793,S>>E,0.48405374742608165,0.10299864199308663,20,0.023031196508670613
794,E>>S,0.4660141585009735,0.09481341104014862,20,0.021200923226440134
794,E>S,0.4632809016365284,0.09464850479915653,20,0.021164049069962908
794,S~E,0.4515557208919397,0.07725801058472,20,0.017275416347383218
794,S>E,0.4965922168536744,0.08248161940509516,20,0.01844345078840585
794,S>>E,0.5075350452144654,0.12270885509344605,20,0.027438534143011666
795,E>>S,0.4769884956420977,0.11939809743762213,20,0.02669822622546665
795,E>S,0.4652820458070906,0.09298045969605113,20,0.020791062845954975
795,S~E,0.4465368852453838,0.08203149151466065,20,0.018342799132247838
795,S>E,0.5045574592749309,0.0961843138600169,20,0.021507466416017296
795,S>>E,0.5142725252922768,0.13103012032575673,20,0.02929922561483689
796,E>>S,0.49060316304657386,0.11006239658816903,20,0.024610700053768687
796,E>S,0.4737634585798921,0.08693760658101854,20,0.019439839811629053
796,S~E,0.4483151599526375,0.08290250942138472,20,0.018537564657153296
796,S>E,0.4847239597790831,0.08248361077260243,20,0.018443896071717297
796,S>>E,0.48819264500992243,0.12674484812927342,20,0.028341009621494242
797,E>>S,0.49492639041908254,0.11929795637374789,20,0.02667583400285046
797,E>S,0.4857055438977523,0.10542689150425053,20,0.023574169605999923
797,S~E,0.43587312874035655,0.09196518132294293,20,0.02056403970011944
797,S>E,0.47776574036975783,0.07626926628498205,20,0.01705432640072527
797,S>>E,0.4730619187714609,0.08439801144595216,20,0.018871969075895435
798,E>>S,0.45988794456022164,0.125335277635245,20,0.028025820077121687
798,E>S,0.47077743417606016,0.09233012867923696,20,0.020645644409807668
798,S~E,0.43692418339799477,0.10786818965948347,20,0.024120060468844493
798,S>E,0.505764837396862,0.09079153770181429,20,0.020301605008299178
798,S>>E,0.5095423839065572,0.11142391466220046,20,0.024915144750381573
799,E>>S,0.4677143863722385,0.13054808356646855,20,0.029191438918694683
799,E>S,0.4468345633889528,0.08792244536801723,20,0.019660056459089803
799,S~E,0.4307135706414479,0.08800250147400837,20,0.019677957548590815
799,S>E,0.4873256980745513,0.07873548887335555,20,0.01760579053625013
799,S>>E,0.5192384124503846,0.1170204420171929,20,0.026166566310751593
800,E>>S,0.45546104433806917,0.12445692644507772,20,0.0278294147801885
800,E>S,0.45718025389010364,0.09634603529887396,20,0.021543628429087643
800,S~E,0.4571148174036844,0.07798524481223053,20,0.017438030864211026
800,S>E,0.4938814780646605,0.10320543500006399,20,0.023077436830757907
800,S>>E,0.532279312109883,0.12733696162718794,20,0.028473410224667445
801,E>>S,0.466214623984938,0.1093201387589234,20,0.02444472615746622
801,E>S,0.46386386920256156,0.08719309226954208,20,0.01949696814831075
801,S~E,0.4675388211579733,0.10559272566777482,20,0.023611251252263137
801,S>E,0.4846890452613878,0.07847421408249515,20,0.017547367716933042
801,S>>E,0.5033362696406118,0.08333301861143395,20,0.018633829438542145
802,E>>S,0.47362750004318455,0.0802885354223138,20,0.017953062301819343
802,E>S,0.49483537135139083,0.08561104196172316,20,0.019143210945099992
802,S~E,0.44346715232956624,0.08531017170758426,20,0.01907593431103377
802,S>E,0.4916873012245023,0.10585029776668722,20,0.02366884612449068
802,S>>E,0.4722347116519905,0.09110973136608194,20,0.020372755274630398
803,E>>S,0.47596281131368323,0.087877565880726,20,0.01965002110065195
803,E>S,0.46842735814635617,0.07585202833994319,20,0.01696102915993535
803,S~E,0.4332348240724608,0.07330305735025307,20,0.016391061919373145
803,S>E,0.49330951290633324,0.09144735309607377,20,0.020448249788524678
803,S>>E,0.4964399394751061,0.13257939638111252,20,0.02964565427240572
804,E>>S,0.46693716489380915,0.15614932368927426,20,0.03491605024098355
804,E>S,0.47134193974987104,0.10292298091085819,20,0.023014278176359215
804,S~E,0.4573011220638234,0.06793071983214581,20,0.015189770730517114
804,S>E,0.4819849047499217,0.10108088461148199,20,0.02260237292170861
804,S>>E,0.48418086533380744,0.10675090364811486,20,0.02387022772167151
805,E>>S,0.44573125771326383,0.12495037638848522,20,0.02793975354188376
805,E>S,0.4614912339880831,0.095011002026857,20,0.021245105914242255
805,S~E,0.4655691045237574,0.07672215524862032,20,0.01715559545162073
805,S>E,0.480651071187925,0.09593721348520483,20,0.02145221309248275
805,S>>E,0.48989928677151956,0.11237852069012247,20,0.025128601147398042
806,E>>S,0.4637595354573899,0.11975358356119202,20,0.02677771533920267
806,E>S,0.4542771270927367,0.08864286899891836,20,0.01982114808021902
806,S~E,0.4240079109828769,0.07149471690519618,20,0.015986704703212205
806,S>E,0.4862064911166473,0.08016549974188664,20,0.017925550687310037
806,S>>E,0.5081102165364897,0.11369558302062552,20,0.025423105237558953
807,E>>S,0.4656249855005556,0.11832238605355125,20,0.026457689847571363
807,E>S,0.46061676119437,0.08998554882171618,20,0.02012138041579835
807,S~E,0.4486957006610396,0.09506584216991626,20,0.021257368543019885
807,S>E,0.5108994273570171,0.09673977001798421,20,0.021631670188790874
807,S>>E,0.5066098869646742,0.10292341694257923,20,0.02301437567601607
808,E>>S,0.4808479601500825,0.1027469410589584,20,0.02297491446879952
808,E>S,0.4571362467522563,0.09840692088480772,20,0.02200445645548738
808,S~E,0.4541155801503578,0.09884208449868563,20,0.02210176199768393
808,S>E,0.506100578434433,0.09722501967088801,20,0.021740175309785982
808,S>>E,0.5040539622885976,0.11572389418827263,20,0.025876649402597044
809,E>>S,0.48873654741585126,0.11338273054464583,20,0.02535314929723698
809,E>S,0.465461558817809,0.082342315306321,20,0.018412301444965515
809,S~E,0.4599735547240851,0.06773838729583836,20,0.015146763867970273
809,S>E,0.48489250991544974,0.08801267045523498,20,0.019680231401919275
809,S>>E,0.5120173968388194,0.12502120941647793,20,0.027955592288448145
810,E>>S,0.4995271718067208,0.15625960566249464,20,0.0349407100398649
810,E>S,0.46623644989625357,0.1292777556832132,20,0.028907384968627447
810,S~E,0.4677828428141799,0.1117312527253555,20,0.024983867630510352
810,S>E,0.47532102382277264,0.08638332564106198,20,0.019315898825591517
810,S>>E,0.5069608558157628,0.10205233208125437,20,0.022819595179606737
811,E>>S,0.4783084409460785,0.09951980506268543,20,0.022253304922769234
811,E>S,0.47582381659440964,0.11147444247799519,20,0.024926443113468734
811,S~E,0.45945941037809235,0.09382139677914102,20,0.020979102094213914
811,S>E,0.47936022774290654,0.0800400544989989,20,0.01789750027825494
811,S>>E,0.49389037126398067,0.10310511734499678,20,0.02305500512115054
812,E>>S,0.4770129843411558,0.12753011187794322,20,0.02851659993372344
812,E>S,0.48767354693886683,0.08145229584155499,20,0.01821328704251404
812,S~E,0.45119876701194944,0.10975177526913746,20,0.024541243015307163
812,S>E,0.5011592616147477,0.0854964398348187,20,0.019117585130487547
812,S>>E,0.518080614410271,0.07626319681385874,20,0.01705296922572335
813,E>>S,0.46945068488078245,0.1120106440534986,20,0.025046341430715546
813,E>S,0.44569295105825235,0.10138455999391173,20,0.022670276801529228
813,S~E,0.44435857857441763,0.10361593320639317,20,0.023169227020157286
813,S>E,0.5115314467053944,0.10016973056341158,20,0.02239863268276266
813,S>>E,0.5113799976802968,0.13255945809052166,20,0.02964119593509409
814,E>>S,0.4677781917837184,0.08694854871237984,20,0.019442286546583313
814,E>S,0.45774772754753634,0.07970324901177327,20,0.017822188281791794
814,S~E,0.4430958789632517,0.09627663538857623,20,0.02152811013738183
814,S>E,0.5239043803319139,0.1007149598951221,20,0.02252054966766581
814,S>>E,0.4955252462931726,0.0906139703261551,20,0.02026189973604316
815,E>>S,0.47221995227151614,0.12218214373228464,20,0.02732075790220383
815,E>S,0.4709579059658333,0.09103125822046895,20,0.02035520814583051
815,S~E,0.46236452206125334,0.09074018242007281,20,0.02029012161820142
815,S>E,0.4790502599458314,0.07395243598516936,20,0.01653626739645403
815,S>>E,0.5058045032405685,0.12152650342756613,20,0.027174152273189905
816,E>>S,0.49407240520656226,0.16891984052026737,20,0.037771624615174124
816,E>S,0.4911712417938972,0.1054923929407851,20,0.023588816172471442
816,S~E,0.4576582550688837,0.09013821619780005,20,0.02015551787888535
816,S>E,0.49542831763795697,0.09553854283350793,20,0.02136306762469991
816,S>>E,0.5015456139318281,0.0987784675089994,20,0.0220875368063377
817,E>>S,0.46499273090942744,0.14196053568358835,20,0.03174334079107881
817,E>S,0.45460834868620054,0.10332008368329504,20,0.023103073055681454
817,S~E,0.460272452174516,0.1112328745693251,20,0.024872426886971853
817,S>E,0.4879806041074014,0.08451399058585927,20,0.01889790279997586
817,S>>E,0.4999693631049942,0.09375931986529462,20,0.02096522127429452
818,E>>S,0.4723930146927119,0.1174989007328691,20,0.026273552932019516
818,E>S,0.4719318484081897,0.08720575836869948,20,0.01949980037418332
818,S~E,0.4549850067040716,0.09017901597463987,20,0.02016464098633342
818,S>E,0.5076242888925213,0.10652244476348291,20,0.02381914276206143
818,S>>E,0.5252358574656395,0.13932603841499905,20,0.03115424929316849
819,E>>S,0.4836791352882295,0.10503036503904106,20,0.023485503592891317
819,E>S,0.486797828081272,0.10615640434968114,20,0.023737293637284138
819,S~E,0.45694358092930054,0.09708134287782182,20,0.021708048202177463
819,S>E,0.48671512270488454,0.08387166842977944,20,0.018754275199530986
819,S>>E,0.4750098235972283,0.08308484654528338,20,0.018578336477539217
820,E>>S,0.4663918914625419,0.12117438311184152,20,0.027095415776968012
820,E>S,0.46295662191624254,0.08584640558574783,20,0.019195839851374977
820,S~E,0.4502739842082786,0.08354965912990596,20,0.018682271731140565
820,S>E,0.49466063989330483,0.1002782584857656,20,0.0224229002639467
820,S>>E,0.4927538570889462,0.08741275538817966,20,0.019546086314853075
821,E>>S,0.48610046545112445,0.10004813545361363,20,0.02237144318963868
821,E>S,0.46293291469600917,0.0773921922170453,20,0.017305420272504344
821,S~E,0.47651000480503203,0.11219635688063563,20,0.025087868081292753
821,S>E,0.48441488427017865,0.08725993488171999,20,0.019511914610773094
821,S>>E,0.49524347229495225,0.13468325257952715,20,0.03011609081985966
822,E>>S,0.454538072411989,0.1511458676275595,20,0.033797243453340786
822,E>S,0.4793482339678182,0.11307649382524114,20,0.02528467268505744
822,S~E,0.4276941852119863,0.1057955489642833,20,0.02365660392010449
822,S>E,0.5077339500666407,0.10737907278934622,20,0.024010690611787608
822,S>>E,0.5227781826933741,0.12157415034153599,20,0.027184806447045372
823,E>>S,0.48268873671517465,0.09914214817729929,20,0.022168858275979808
823,E>S,0.46762831581924785,0.09306923506018562,20,0.020810913620848175
823,S~E,0.43863223584145644,0.09339110534603551,20,0.02088288600475794
823,S>E,0.48270085940682134,0.10184515910527674,20,0.022773269893868044
823,S>>E,0.5081366890668937,0.11298722400094015,20,0.025264711345509793
824,E>>S,0.47276534217867655,0.11646654688098042,20,0.02604271159305383
824,E>S,0.4728073332278882,0.09445608472854385,20,0.02112102263415038
824,S~E,0.44608144032272906,0.1083106669508202,20,0.024219001399037383
824,S>E,0.4841787490130244,0.09825859062213835,20,0.021971288800442468
824,S>>E,0.5283683738270792,0.14261811970585594,20,0.03189038104854962
825,E>>S,0.4876687537681704,0.12117294438964757,20,0.02709509406890537
825,E>S,0.47023897295172734,0.07987338470299588,20,0.01786023177888906
825,S~E,0.4310388549886028,0.10880842752825737,20,0.02433030404780429
825,S>E,0.46971883704596784,0.0872787198150241,20,0.019516115049555173
825,S>>E,0.5087900654632048,0.11325826605747626,20,0.0253253181918274
826,E>>S,0.5053948572216911,0.14010155429910354,20,0.03132765991661734
826,E>S,0.46737385403186665,0.09303770185650972,20,0.020803862582151413
826,S~E,0.4434398230128953,0.10507804821276798,20,0.023496165874674946
826,S>E,0.47560457919307053,0.08343660634268105,20,0.018656992359412494
826,S>>E,0.48988652733665006,0.1062743388726432,20,0.023763664598307855
827,E>>S,0.4842824072166142,0.111263247493014,20,0.024879218479176235
827,E>S,0.4626025094245404,0.09142353259399778,20,0.02044292336233467
827,S~E,0.45426906143429624,0.09841821593910258,20,0.022006982106408664
827,S>E,0.49201016765887307,0.09808085800738847,20,0.02193154657960252
827,S>>E,0.5041862327545423,0.14435910167841745,20,0.03227967645237454
828,E>>S,0.4588237581615962,0.1221856495734975,20,0.02732154183213086
828,E>S,0.44269403697251797,0.08573549403916046,20,0.01917103927560908
828,S~E,0.4411870509202145,0.11799919685152442,20,0.026385422545038777
828,S>E,0.5039850961054008,0.08869105455289518,20,0.019831922697641582
828,S>>E,0.5046114613926335,0.08709398643826649,20,0.019474807410740865
829,E>>S,0.4839462205734745,0.09893719782904889,20,0.02212302998490979
829,E>S,0.4786040112863553,0.09160894600847073,20,0.020484383062204858
829,S~E,0.450130683159015,0.08905851441805672,20,0.019914089221391994
829,S>E,0.5046572620581746,0.08172248075310624,20,0.018273702225386376
829,S>>E,0.4881543933921916,0.09357766852740493,20,0.020924602800322004
830,E>>S,0.5043189130801126,0.12297449058261571,20,0.027497932044113643
830,E>S,0.4483471022016551,0.10266976232438,20,0.02295765677910605
830,S~E,0.45300400385327466,0.10051077435763492,20,0.02247489239348144
830,S>E,0.47305502780884306,0.088995480956189,20,0.019899994510832658
830,S>>E,0.4867095370376659,0.1390966865444925,20,0.031102964655846554
831,E>>S,0.4714420281112071,0.08822719058723393,20,0.019728199561688465
831,E>S,0.46654143712780627,0.10924954432735345,20,0.024428940762683884
831,S~E,0.4582235205895234,0.10186316170991978,20,0.022777295398643434
831,S>E,0.4921266399595843,0.08260018493426442,20,0.018469962846706923
831,S>>E,0.503846953042079,0.11237779649846245,20,0.02512843921321999
832,E>>S,0.4799383271528533,0.12274524925464073,20,0.027446672124853206
832,E>S,0.46940073387074416,0.10441409264489714,20,0.02334770089629508
832,S~E,0.4541794969839298,0.10950495442564176,20,0.02448605219687514
832,S>E,0.48084612643506064,0.08114058191492438,20,0.018143585689566095
832,S>>E,0.4977119880005218,0.1024151132204586,20,0.02290071550842828
833,E>>S,0.48390307251596065,0.08182633807273623,20,0.018296925428051735
833,E>S,0.4704511138574505,0.09147891653410471,20,0.020455307587828757
833,S~E,0.4533236219351127,0.10920918019797562,20,0.024419915068969743
833,S>E,0.4894325754144037,0.11034147815205639,20,0.024673104588580595
833,S>>E,0.501388446654109,0.12558567311645674,20,0.02808181020884651
834,E>>S,0.4741477826093726,0.10214770161324109,20,0.0228409204552572
834,E>S,0.45734769043671886,0.09802200246345466,20,0.021918386079893645
834,S~E,0.44790386418941,0.09930496767521618,20,0.022205265822520262
834,S>E,0.48634751989588604,0.09760941548209848,20,0.02182612882619926
834,S>>E,0.5178638992305056,0.12391460553210787,20,0.02770814813748647
835,E>>S,0.485072730072004,0.10227842451005725,20,0.02287015098360686
835,E>S,0.46178481790262593,0.0926780637339918,20,0.020723445053226364
835,S~E,0.4738834899711148,0.07268730306453983,20,0.01625337507534398
835,S>E,0.4894833625453872,0.10712676770098307,20,0.0239542734789227
835,S>>E,0.5018315437203386,0.10634035288894816,20,0.023778425781100423
836,E>>S,0.49596897270262896,0.12577014970051495,20,0.028123060427067623
836,E>S,0.4724601106512236,0.08502955819704276,20,0.019013187222536206
836,S~E,0.45687757382393546,0.10846027189769866,20,0.024252454082136433
836,S>E,0.4708816233335747,0.08703955553135201,20,0.019462636289947093
836,S>>E,0.5208049692382662,0.14563093575469907,20,0.03256406719744118
837,E>>S,0.4705535336193244,0.11957785909741107,20,0.026738422154570278
837,E>S,0.4675595563053502,0.09128346996030977,20,0.020411604405331265
837,S~E,0.43769716052704855,0.10781006430868216,20,0.02410706324528372
837,S>E,0.4798316174906703,0.09252097734875164,20,0.020688319469652692
837,S>>E,0.49495874668810436,0.12110458366258091,20,0.027079808145634134
838,E>>S,0.4717582957763688,0.10225977881404351,20,0.02286598167922941
838,E>S,0.4522652985175908,0.09476710152942765,20,0.02119056810504245
838,S~E,0.4418328586658915,0.10346015343858561,20,0.023134393605123604
838,S>E,0.4961797570184247,0.07888904029142274,20,0.017640125677134105
838,S>>E,0.498801921975873,0.12669222732766278,20,0.028329243252551047
839,E>>S,0.49594617153524034,0.10953168682168668,20,0.02449202974235093
839,E>S,0.4550584274262208,0.09157071171109783,20,0.020475833613405083
839,S~E,0.44327509163245543,0.08292714789107837,20,0.018543073986462957
839,S>E,0.4827069336902551,0.09129852493210891,20,0.020414970799365488
839,S>>E,0.48599831502764107,0.0908567500127955,20,0.020316186924331563
840,E>>S,0.4953806878306425,0.1593046142953431,20,0.03562159466937719
840,E>S,0.4685508057753231,0.1027775883864204,20,0.022981767419552893
840,S~E,0.46380465421844724,0.09535969367408773,20,0.02132307573688168
840,S>E,0.47976053411765446,0.09047617864116039,20,0.02023108857860492
840,S>>E,0.4894275105595109,0.1360883384483517,20,0.030430277571551263
841,E>>S,0.4893391516814275,0.12783359380809192,20,0.028584460556298975
841,E>S,0.4781788455480679,0.08636328796172003,20,0.019311418264279526
841,S~E,0.4315954252337445,0.10959632645957373,20,0.02450648360478657
841,S>E,0.48425261900960787,0.08245574039078434,20,0.018437664064886884
841,S>>E,0.4904724041169145,0.0936954350230958,20,0.02095093618930568
842,E>>S,0.48317402970024687,0.08639547004435576,20,0.019318614396722625
842,E>S,0.47950247899976606,0.07492933773547776,20,0.016754709268556843
842,S~E,0.44469392134923125,0.10185686142902085,20,0.0227758866130067
842,S>E,0.4661488447257458,0.08250765468468291,20,0.018449272453902994
842,S>>E,0.4769481033802167,0.07792772539477145,20,0.01742516913146456
843,E>>S,0.494378183903539,0.11037288711912811,20,0.024680127847128138
843,E>S,0.45909652685155083,0.09378909506819834,20,0.020971879212068174
843,S~E,0.46300497959310205,0.08704238265726087,20,0.019463268454518408
843,S>E,0.491549324687447,0.10145177323460765,20,0.02268530613904764
843,S>>E,0.5312528912376626,0.15065045586947853,20,0.033686466016548615
844,E>>S,0.4860971195716314,0.1353380537834178,20,0.030262508820224476
844,E>S,0.4869370758711873,0.08575601258049692,20,0.019175627360931827
844,S~E,0.4362907271848197,0.11804959992066943,20,0.026396693013927063
844,S>E,0.5020760645692172,0.11861837924254857,20,0.02652387593671886
844,S>>E,0.4712298362038262,0.11322715004055861,20,0.02531836043892571
845,E>>S,0.497822465499176,0.10474413972888574,20,0.02342150166785249
845,E>S,0.4747076612943867,0.11342717024595693,20,0.02536308631654012
845,S~E,0.44057537752762094,0.09805781210249398,20,0.02192639335860781
845,S>E,0.47490002891817806,0.07446257606705144,20,0.016650338186567595
845,S>>E,0.4983502783345978,0.09797399972024184,20,0.021907652340200614
846,E>>S,0.49681770161508043,0.10941435156196078,20,0.024465792780660457
846,E>S,0.4649871561206763,0.09446485684371368,20,0.021122984138733
846,S~E,0.4378899570603972,0.08223163909646969,20,0.01838755349209356
846,S>E,0.47872577946941536,0.10200273457813709,20,0.022808504840758286
846,S>>E,0.4990292050688182,0.14729644964072441,20,0.032936487424103426
847,E>>S,0.4911964459236093,0.11957473752721985,20,0.026737724150255868
847,E>S,0.4414464256360818,0.11234882691410887,20,0.025121961417230537
847,S~E,0.44123204692606466,0.09336201465427398,20,0.020876381128328812
847,S>E,0.50098377640592,0.1027576496789408,20,0.022977308989022106
847,S>>E,0.5256576675474474,0.15333541312170268,20,0.03428684070981404
848,E>>S,0.5035068328935837,0.11757316927307183,20,0.026290159882467815
848,E>S,0.46215305781043137,0.11324349853205176,20,0.025322016072756536
848,S~E,0.4716008526563165,0.09291812557912356,20,0.02077712451367823
848,S>E,0.47331895886539055,0.07860158618397413,20,0.017575848984667443
848,S>>E,0.48686613025646003,0.10194949938483072,20,0.022796601089655446
849,E>>S,0.5026259336044933,0.12131311462215831,20,0.02712643708573697
849,E>S,0.4564953620709332,0.08532785211077543,20,0.019079887769374276
849,S~E,0.44408219748982064,0.09569978586608849,20,0.021399122662874744
849,S>E,0.48297777902462735,0.11229982790777893,20,0.025111004906332165
849,S>>E,0.49295471292278015,0.11779868163619579,20,0.026340585979838994
850,E>>S,0.4582586538376323,0.14834303775761748,20,0.033170511641485066
850,E>S,0.4590174311358471,0.06350309049297909,20,0.014199722712362186
850,S~E,0.4380717831578921,0.08298948425172376,20,0.018557012820450258
850,S>E,0.4987195057548505,0.09198140257175325,20,0.020567666881621424
850,S>>E,0.4998616000077546,0.11457525660655463,20,0.0256198062311738
851,E>>S,0.4816434503689842,0.13069213026700613,20,0.029223648740128342
851,E>S,0.4798060267572214,0.07702347270511327,20,0.017222972083173287
851,S~E,0.43857175869431525,0.09455452336879565,20,0.021143034183271948
851,S>E,0.4961360781684861,0.08425127375157974,20,0.018839157529947602
851,S>>E,0.4887339965496181,0.14797898122761638,20,0.03308910612661155
852,E>>S,0.504338484573641,0.13244955007319908,20,0.02961661975529354
852,E>S,0.45700847512159265,0.10711461593800174,20,0.02395155626211543
852,S~E,0.4448883923538179,0.08758412540039942,20,0.01958440581451591
852,S>E,0.47948975397151,0.10226111377036891,20,0.022866280184538467
852,S>>E,0.5013648467495027,0.10321875689971526,20,0.023080415698078876
853,E>>S,0.48237757088155914,0.12660075850265645,20,0.02830879020149743
853,E>S,0.45352789507019314,0.11462547480990072,20,0.02563103536281278
853,S~E,0.45235931778994465,0.09231058269492434,20,0.020641273794846655
853,S>E,0.4812521075464037,0.07471014149366671,20,0.016705695498846644
853,S>>E,0.4934669699687997,0.13647672646892708,20,0.030517123773116578
854,E>>S,0.4961158339023318,0.1346880506655227,20,0.030117163704504454
854,E>S,0.45629881123583543,0.09939719048413262,20,0.022225887469501576
854,S~E,0.4490350455817689,0.10282945297142805,20,0.022993364693323085
854,S>E,0.4805926730149885,0.08105547815285262,20,0.018124555909852753
854,S>>E,0.48799616689388187,0.08433878407850214,20,0.018858725433920774
855,E>>S,0.4937131755371527,0.1263656681307982,20,0.028256222396264352
855,E>S,0.4754237982921484,0.08055814195051035,20,0.018013348154241864
855,S~E,0.4436988990890517,0.09707669250276454,20,0.02170700834670257
855,S>E,0.4858670274147158,0.08785069837842732,20,0.019644013344499403
855,S>>E,0.47304355583828545,0.12158724094056646,20,0.027187733593975204
856,E>>S,0.4703054324621811,0.1497840715319027,20,0.03349273658920255
856,E>S,0.46771398457723556,0.09945498169306875,20,0.022238809976669886
856,S~E,0.45613736410858585,0.11554403186604752,20,0.02583643096468841
856,S>E,0.47805142623507485,0.07366127678959902,20,0.01647116222109709
856,S>>E,0.49840599542759423,0.11909436607272399,20,0.02663030982758555
857,E>>S,0.48401469405263386,0.12113043551505,20,0.027085588795580654
857,E>S,0.47832598746008637,0.10893902283757102,20,0.02435950604672108
857,S~E,0.4543014959409152,0.12180512456004682,20,0.027236453852409383
857,S>E,0.4716218504569817,0.0782972608336397,20,0.017507799767605022
857,S>>E,0.495370150888567,0.13892700824122287,20,0.03106502343380478
858,E>>S,0.4974540703534737,0.10865506249847097,20,0.02429601058460692
858,E>S,0.46270512747919323,0.09439733352012321,20,0.0211078854645715
858,S~E,0.44687241639645087,0.07854354945811401,20,0.01756287157824597
858,S>E,0.4842087473754678,0.08903097573000457,20,0.019907931383542417
858,S>>E,0.5044371616588614,0.11541116343872551,20,0.02580672068113286
859,E>>S,0.49336605908064535,0.13214270870001393,20,0.0295480079384184
859,E>S,0.4723608649672527,0.07855964524567612,20,0.017566470705759996
859,S~E,0.43479044405578826,0.09760435012571927,20,0.021824996178079842
859,S>E,0.4977445336954184,0.10489579855464153,20,0.023455413612230264
859,S>>E,0.474393082999719,0.09691630201268117,20,0.021671143942825478
860,E>>S,0.48384147227118157,0.11857358256094537,20,0.026513859094195742
860,E>S,0.47142820358835047,0.06821097864000696,20,0.01525243850508417
860,S~E,0.44849215304660534,0.11223200159734745,20,0.025095838482253385
860,S>E,0.48089841220443785,0.09508051468501487,20,0.021260649417136023
860,S>>E,0.48753412342754465,0.1361554597950313,20,0.030445286360942955
861,E>>S,0.490117857395327,0.11622342888456418,20,0.025988348756399805
861,E>S,0.4662030819487907,0.09418821979915017,20,0.021061126215059137
861,S~E,0.4455264760149899,0.09184579069522628,20,0.02053734314417436
861,S>E,0.493286891344238,0.10929134604997758,20,0.0244382879120203
861,S>>E,0.482012860738773,0.14657658612403815,20,0.03277552104832017
862,E>>S,0.45324435503478755,0.09220872919633934,20,0.02061849866018843
862,E>S,0.46897846911960717,0.09754254657252832,20,0.021811176483461245
862,S~E,0.44479623680729957,0.12301532355291614,20,0.027507062573845144
862,S>E,0.4794247708658726,0.10742028062670295,20,0.02401990496434115
862,S>>E,0.47915448187801407,0.10656979668768181,20,0.023829730974198843
863,E>>S,0.478058808701162,0.1489616630017068,20,0.03330884045132317
863,E>S,0.46270596415408577,0.08136906483507358,20,0.018194676023681224
863,S~E,0.46220278401592496,0.08031717404642516,20,0.01795946609284885
863,S>E,0.48356638557736986,0.08911634112342197,20,0.01992701966580315
863,S>>E,0.5049832693474556,0.12871899310106458,20,0.028782441856930685
864,E>>S,0.49916922145163234,0.1418131674728778,20,0.03171038825739168
864,E>S,0.46016634031319137,0.09508476829841474,20,0.021261600554007234
864,S~E,0.4573502706276976,0.11302087868762704,20,0.025272236762229127
864,S>E,0.4925143064351718,0.10866973788856434,20,0.02429929210159143
864,S>>E,0.48726720722083794,0.11682262845138501,20,0.026122333852749785
865,E>>S,0.4722791541034949,0.1358943958480002,20,0.03038691068773936
865,E>S,0.44877196493615523,0.09285385168330484,20,0.02076275243365529
865,S~E,0.4481251143013596,0.11516376040882748,20,0.02575139968186372
865,S>E,0.49109047985526216,0.08620668835884336,20,0.019276401528551354
865,S>>E,0.49093872512095904,0.10420798392255892,20,0.023301613584904693
866,E>>S,0.4587995637429928,0.14951732834079465,20,0.033433090998417264
866,E>S,0.43762927141001307,0.0735790076212859,20,0.016452766275817036
866,S~E,0.4511155549881053,0.09830705019596145,20,0.02198212469056538
866,S>E,0.4931638883051227,0.08763600897379421,20,0.019596007334218544
866,S>>E,0.5198710941764431,0.1260190704826412,20,0.028178720806052292
867,E>>S,0.47161985169115217,0.1051790420158422,20,0.023518748775572966
867,E>S,0.44956984561145763,0.09265359715590597,20,0.020717974160048693
867,S~E,0.4528165707873816,0.08563005240651272,20,0.01914746180978319
867,S>E,0.486116891236806,0.08272923695458279,20,0.018498819755713478
867,S>>E,0.46821056257703636,0.13084670127194437,20,0.02925821186756758
868,E>>S,0.4977382660387826,0.09380959345087468,20,0.020976462789777484
868,E>S,0.44800952587757303,0.08936771045351152,20,0.019983227556757032
868,S~E,0.45735357258773474,0.09817799684049673,20,0.021953267483011026
868,S>E,0.4835868304901457,0.1017395621646295,20,0.02274965770011772
868,S>>E,0.4791538620266291,0.08942978110041529,20,0.01999710697534545
869,E>>S,0.5095451024883506,0.11290103430580135,20,0.025245438743780758
869,E>S,0.4676941811667021,0.08072796803790823,20,0.01805132242181931
869,S~E,0.43525609577886204,0.08507092806357648,20,0.019022437805915154
869,S>E,0.47316799008819216,0.08668017038913209,20,0.019382275329136375
869,S>>E,0.4775849202143032,0.12531988335001376,20,0.028022377810297483
870,E>>S,0.488543934100327,0.1242562205437093,20,0.027784535576293987
870,E>S,0.4683258137350207,0.0902425297219229,20,0.020178843091976477
870,S~E,0.4374364826638454,0.0913327241764452,20,0.020422617982876996
870,S>E,0.4940205885691637,0.07740634745102969,20,0.017308585479046994
870,S>>E,0.49369271641902807,0.11698219650381932,20,0.026158014353977823
871,E>>S,0.47809187219975435,0.12452219214665664,20,0.02784400863472147
871,E>S,0.4456269842255078,0.10803749824655909,20,0.024157919019832046
871,S~E,0.4578427640238044,0.09937815686969129,20,0.022221631423926743
871,S>E,0.47166009202384107,0.08663926207888983,20,0.01937312795288174
871,S>>E,0.4943895549739829,0.09325223391943703,20,0.020851833409757284
872,E>>S,0.469136824503919,0.13389868165012617,20,0.02994065542672858
872,E>S,0.46277979453087914,0.10436206248740994,20,0.02333606659939294
872,S~E,0.4530761183436482,0.08527839212254756,20,0.01906882817978989
872,S>E,0.48081116568496973,0.09482308331061459,20,0.021203086011866
872,S>>E,0.4596195523431582,0.11434135065871225,20,0.025567503271202094
873,E>>S,0.4960403956635696,0.10125426241211899,20,0.022641141376509986
873,E>S,0.45629588386525566,0.08358850219633478,20,0.018690957304839502
873,S~E,0.4532801482244109,0.11286668265101936,20,0.025237757480257545
873,S>E,0.49347658785173526,0.11122886077230436,20,0.02487152937467323
873,S>>E,0.4908870822037595,0.1275675856861239,20,0.028524979331970214
874,E>>S,0.48703174738497124,0.12597935355352244,20,0.028169839830715585
874,E>S,0.4560474417315822,0.07794593225002538,20,0.01742924030806499
874,S~E,0.45589911457121746,0.09112202129973875,20,0.020375503387339955
874,S>E,0.48328890951891595,0.09031143911915962,20,0.020194251701627464
874,S>>E,0.5035201504960005,0.1306234026369576,20,0.029208280774856245
875,E>>S,0.46652558006380407,0.11357447617372257,20,0.02539602492333739
875,E>S,0.4553862586119083,0.09787088645702417,20,0.02188459551360696
875,S~E,0.4504827246797718,0.09493547050869004,20,0.021228216553335746
875,S>E,0.4967264886318691,0.10622749745499287,20,0.023753190538904994
875,S>>E,0.47011950267684943,0.12829496707231466,20,0.028687626754479275
876,E>>S,0.4668573994273192,0.10584529804812379,20,0.023667728153433057
876,E>S,0.4460457108496704,0.09616256331658875,20,0.021502602846652005
876,S~E,0.45691085348754995,0.09915848361614557,20,0.022172510991150064
876,S>E,0.4831760371662511,0.07749979584295098,20,0.0173294811747194
876,S>>E,0.49595964255355796,0.09845776553646268,20,0.02201582566522666
877,E>>S,0.5001755610146154,0.10866401342499925,20,0.024298012072624806
877,E>S,0.45245361321655475,0.08251545590692946,20,0.018451016860228084
877,S~E,0.4520492684074333,0.07710498036588949,20,0.01724119775019155
877,S>E,0.4983195000865609,0.08621154372928803,20,0.019277487222388378
877,S>>E,0.49435250480676657,0.11181756610960929,20,0.025003167889966305
878,E>>S,0.4855327908688367,0.10111603984654266,20,0.022610233871244678
878,E>S,0.45526678394626235,0.08017330987791954,20,0.017927297086818346
878,S~E,0.4599612380779018,0.10574613742797809,20,0.023645555164699378
878,S>E,0.47795154783008853,0.06548035516245188,20,0.014641852533407168
878,S>>E,0.4868618304604456,0.11841954698779018,20,0.026479415692942928
879,E>>S,0.4923488041179909,0.1205758961197227,20,0.026961590017165308
879,E>S,0.4608854156625603,0.08355939045144956,20,0.018684447720788804
879,S~E,0.4580537887687721,0.09134218455883014,20,0.020424733388687583
879,S>E,0.4948687424221796,0.0973548334813131,20,0.02176920256023886
879,S>>E,0.5041661152337779,0.13309842768834432,20,0.029761713200947806
880,E>>S,0.47111367579326124,0.1286644006304993,20,0.028770234609406323
880,E>S,0.46449688538916656,0.10829227574440971,20,0.024214889000265173
880,S~E,0.4674780579102544,0.0983808200799706,20,0.021998620138099053
880,S>E,0.4904693071592711,0.0967959347804855,20,0.021644229011480175
880,S>>E,0.5064416525643903,0.1326501884233488,20,0.029661483854276357
881,E>>S,0.473943361081482,0.142511772870593,20,0.031866601173265625
881,E>S,0.45881557975929343,0.09522181835544898,20,0.021292245878392114
881,S~E,0.4577091382516838,0.11451325703436523,20,0.02560594270537466
881,S>E,0.5080751552710001,0.09923888800236501,20,0.022190489958477645
881,S>>E,0.4957418208772813,0.11235362386320012,20,0.0251230340476558
882,E>>S,0.49417866782832603,0.11981865474242305,20,0.026792265697663548
882,E>S,0.4712549380588945,0.09012580363004301,20,0.020152742344357346
882,S~E,0.45385247679523555,0.08364159418325243,20,0.018702829034020343
882,S>E,0.47541227731231883,0.0931114047464411,20,0.020820343049353887
882,S>>E,0.5225900563482764,0.11337444857834707,20,0.025351297393273842
883,E>>S,0.4761399395234781,0.10448865972176988,20,0.02336437460157217
883,E>S,0.4629349181498476,0.09682729669430014,20,0.021651241748599576
883,S~E,0.44604106561752166,0.10208857856258022,20,0.022827700139225714
883,S>E,0.4790859365995558,0.10168414578307622,20,0.0227372662204957
883,S>>E,0.49773256602925436,0.11098167566433438,20,0.02481625710422858
884,E>>S,0.4732298139095109,0.09940589536278667,20,0.02222783393954221
884,E>S,0.4735771521974595,0.08557654152943471,20,0.019135496413914984
884,S~E,0.44622239761372634,0.07542156656024948,20,0.016864774979824283
884,S>E,0.48752646259570415,0.10566472518197707,20,0.023627350833073456
884,S>>E,0.4967469320258376,0.09703347608539932,20,0.021697344862005304
885,E>>S,0.4621238207779821,0.14470775336507166,20,0.03235763733955742
885,E>S,0.4662951015542521,0.08994081068145807,20,0.020111376663517942
885,S~E,0.46650608308907104,0.10032392034697832,20,0.02243311056651178
885,S>E,0.49695778766362697,0.09564899985916278,20,0.02138776656649558
885,S>>E,0.47587749846059746,0.10075505441060463,20,0.022529515073880194
886,E>>S,0.4903920682846771,0.10678467446713409,20,0.023877779106369793
886,E>S,0.4661837552676846,0.08402918968713925,20,0.018789498023466765
886,S~E,0.4569927856614366,0.11425628038960102,20,0.025548480980742402
886,S>E,0.49202994505518927,0.09224837909595943,20,0.020627364647273588
886,S>>E,0.47439331891513714,0.09998436905839697,20,0.022357184590200224
887,E>>S,0.48020909071934187,0.11671691523321502,20,0.02609869565855495
887,E>S,0.47115053996874057,0.08033947933048298,20,0.01796445370598992
887,S~E,0.4475684322944498,0.1143189643455513,20,0.025562497539402745
887,S>E,0.4863217170322742,0.10183375762311235,20,0.02277072044495166
887,S>>E,0.4894950101805703,0.13398696995618734,20,0.029960397292125688
888,E>>S,0.48474277362407225,0.11792103269504199,20,0.02636794450830891
888,E>S,0.4670587588949928,0.08693306399239374,20,0.019438824057933166
888,S~E,0.45514272463124755,0.08994364934983112,20,0.020112011409062713
888,S>E,0.47297454324117905,0.07858685419180339,20,0.017572554811073667
888,S>>E,0.48058975754394107,0.11420644357841327,20,0.025537337130982638
889,E>>S,0.4853836301097916,0.1200425241789708,20,0.026842324425484083
889,E>S,0.47620013436533065,0.06862191091911303,20,0.01534432575610718
889,S~E,0.44172293825380715,0.11295155432113393,20,0.02525673536263156
889,S>E,0.47731686581902644,0.07732147615221782,20,0.017289607679698792
889,S>>E,0.49963718306244786,0.1103674314858397,20,0.02467890793043882
890,E>>S,0.4728575511783474,0.12410108819311061,20,0.027749846928149184
890,E>S,0.4932552363929677,0.06992387211898747,20,0.015635453130805825
890,S~E,0.4568195594698441,0.09544915526854349,20,0.02134307995753954
890,S>E,0.4869546396876365,0.08600623799909421,20,0.019231579465500012
890,S>>E,0.47730429413904557,0.10678796157830239,20,0.023878514126771985
891,E>>S,0.45129326622296356,0.10001662938441974,20,0.022364398218396548
891,E>S,0.46583229641302737,0.09106056033532423,20,0.0203617602979006
891,S~E,0.4505411409342014,0.09709086172102792,20,0.021710176680225065
891,S>E,0.4894501429696036,0.10399665600527593,20,0.02325435922604587
891,S>>E,0.5044937570611718,0.11327239262923339,20,0.0253284769893012
892,E>>S,0.4842206282502909,0.1347413112229712,20,0.03012907312720189
892,E>S,0.4602386903785029,0.09216940845403788,20,0.02060970627491725
892,S~E,0.44118409572452605,0.09043543780470586,20,0.020221978650627664
892,S>E,0.5009700334713498,0.09598004084381917,20,0.02146178958099859
892,S>>E,0.47524565303949406,0.11512606610189885,20,0.025742970978598005
893,E>>S,0.5018056871283986,0.1264515823634067,20,0.02827543340269909
893,E>S,0.456268548648462,0.08309475464310813,20,0.018580551995565603
893,S~E,0.4734143418598095,0.09200632587524633,20,0.020573239901704864
893,S>E,0.4862106725796183,0.11103101102848274,20,0.024827288827021624
893,S>>E,0.49042332290899504,0.10132380185167955,20,0.022656690867907454
894,E>>S,0.46759516761209746,0.12894737128262995,20,0.02883350877078648
894,E>S,0.4407030096021529,0.08300523107608263,20,0.018560533917419877
894,S~E,0.47042492946332376,0.11115305099164,20,0.024854577792380744
894,S>E,0.4961165224861757,0.10156715741136459,20,0.022711106825323277
894,S>>E,0.5065660002164518,0.10475607193799923,20,0.02342416979092244
895,E>>S,0.46562094881782434,0.11829874839263552,20,0.026452404305907697
895,E>S,0.4461605634725007,0.08941255343967844,20,0.019993254753295362
895,S~E,0.4622437803778757,0.08322769166455572,20,0.01861027761723392
895,S>E,0.49443216887145364,0.08795951530418276,20,0.019668345548808575
895,S>>E,0.48778647370539163,0.11626240545455063,20,0.025997064182401754
896,E>>S,0.4786739931414809,0.11431401763923027,20,0.02556139142224289
896,E>S,0.46046641089162693,0.08828227616451105,20,0.01974051707122561
896,S~E,0.44796318183703027,0.08921147040508659,20,0.01994829121984843
896,S>E,0.4638514039114603,0.07982140818212055,20,0.017848609475497944
896,S>>E,0.494898109655091,0.1231944233710715,20,0.02754711051066047
897,E>>S,0.4796503875283086,0.11658368950788363,20,0.026068905480735677
897,E>S,0.45018502338584854,0.08865249870997126,20,0.019823301349070815
897,S~E,0.4536641187585199,0.10942088988605962,20,0.02446725479437485
897,S>E,0.48253029478916964,0.07803990818382746,20,0.017450253965688035
897,S>>E,0.5091557084572544,0.12385875883834778,20,0.02769566043712985
898,E>>S,0.5033862664373558,0.1282179117806116,20,0.028670396667451862
898,E>S,0.4687588554019758,0.09772396040102237,20,0.02185174184871836
898,S~E,0.4627029547925015,0.11280747157637055,20,0.025224517481463992
898,S>E,0.4840691558044371,0.08399866191442534,20,0.01878267180596777
898,S>>E,0.48687959363964034,0.11797085135109102,20,0.026379084298456243
899,E>>S,0.4639631537081533,0.13902961654678622,20,0.031087967348434355
899,E>S,0.45047465202952175,0.09733877033060323,20,0.02176561073054685
899,S~E,0.45138666297727453,0.08141524936260715,20,0.0182050031979886
899,S>E,0.4880517921926833,0.11922458645886698,20,0.026659427991132748
899,S>>E,0.48650913700827186,0.10346609822517323,20,0.023135722899815768
900,E>>S,0.44182831155144076,0.14506893226444403,20,0.03243839939666093
900,E>S,0.46259114426869263,0.0949890309448062,20,0.02124019303094177
900,S~E,0.46923505956309886,0.09633826455950813,20,0.0215418908389419
900,S>E,0.4878295185699617,0.1107630488772161,20,0.02476737066845869
900,S>>E,0.4782373162824438,0.08880886282128138,20,0.019858265427283892
901,E>>S,0.4759314684081327,0.10942215970263976,20,0.024467538733994067
901,E>S,0.44821675014538664,0.08935880215186134,20,0.019981235599951644
901,S~E,0.4578543650421622,0.08468153778151194,20,0.018935367491867743
901,S>E,0.4849496096263195,0.09322939781215214,20,0.020846727100934236
901,S>>E,0.48328790075856565,0.10059481501575072,20,0.022493684455923518
902,E>>S,0.49590774981638563,0.11137633334448355,20,0.02490450524429417
902,E>S,0.4617947414436105,0.07895172525066259,20,0.017654142460136815
902,S~E,0.45121534987730216,0.11536181402103379,20,0.02579568581587199
902,S>E,0.484183055255656,0.11191985823676866,20,0.025026041104955446
902,S>>E,0.503839540289484,0.11500823591882112,20,0.0257166233486817
903,E>>S,0.5029562364338553,0.12576145532480615,20,0.028121116305556942
903,E>S,0.4570083859719909,0.09590732474721976,20,0.021445529767493123
903,S~E,0.46662139124294233,0.11182911319596289,20,0.025005749896969177
903,S>E,0.496219649361052,0.13016695256712726,20,0.02910621543640873
903,S>>E,0.4548731336971711,0.08732203819807449,20,0.01952580133447278
904,E>>S,0.48615055922842415,0.13572738163777506,20,0.030349565175012177
904,E>S,0.46843378343526687,0.09697129294916004,20,0.02168344029003679
904,S~E,0.4683928672635038,0.0891670035000705,20,0.01993834811761193
904,S>E,0.4989374117583618,0.0867494154255801,20,0.019397758989996593
904,S>>E,0.4791949495420268,0.1145046064438852,20,0.025604008374538776
905,E>>S,0.49035034298180724,0.1267354920450237,20,0.028338917537455686
905,E>S,0.4508511738393919,0.11146876217709087,20,0.024925172959573264
905,S~E,0.457215713391019,0.08881932438609293,20,0.019860604704290855
905,S>E,0.4921947257721553,0.09175321363999771,20,0.02051664228530958
905,S>>E,0.48242672760143657,0.10260716037178975,20,0.022943658556954447
906,E>>S,0.4527020228902173,0.12067239722418888,20,0.026983168320114326
906,E>S,0.4366206492118657,0.08805559753295558,20,0.019689830188305144
906,S~E,0.43274024785669196,0.08796220800118022,20,0.019668947654161488
906,S>E,0.4995139489481891,0.10084755006001189,20,0.02255019772984996
906,S>>E,0.4953103268397725,0.12814335908003224,20,0.028653726176811698
907,E>>S,0.49390391124487804,0.1304409209507567,20,0.02916747662935685
907,E>S,0.45161199412293784,0.08655702204158498,20,0.019354738521493164
907,S~E,0.4475160491573771,0.09309454605923714,20,0.02081657333229394
907,S>E,0.49903426102825643,0.09792029609744281,20,0.021895643845078947
907,S>>E,0.5115680731103163,0.131066265716847,20,0.02930730796999201
908,E>>S,0.4815777841773336,0.12614705308540874,20,0.028207338586024852
908,E>S,0.4600983414466319,0.09834089010850335,20,0.021989691525045013
908,S~E,0.46351791208132875,0.09916517690065807,20,0.022174007655066334
908,S>E,0.4738874863266408,0.09447828737606859,20,0.02112598729706496
908,S>>E,0.48837945076809,0.0929346091861066,20,0.020780810360251076
909,E>>S,0.4670178336155349,0.14160915740789667,20,0.031664770220052485
909,E>S,0.46219127681139327,0.08793203235546285,20,0.019662200174652585
909,S~E,0.46272073448763196,0.12995337235360715,20,0.029058457448800742
909,S>E,0.5054884120124216,0.08708036245964976,20,0.019471760996509765
909,S>>E,0.5006108199651852,0.1214351845206166,20,0.02715373274483289
910,E>>S,0.46999670754814576,0.11165719189232237,20,0.024967307124797118
910,E>S,0.4427756968330695,0.10513428914820287,20,0.023508741730150006
910,S~E,0.4774850539898215,0.10102451314340002,20,0.02258976787824634
910,S>E,0.5034364845040586,0.1094405753769011,20,0.024471656603944052
910,S>>E,0.47001238490179914,0.08948230860037597,20,0.02000885248140547
911,E>>S,0.4868039645378417,0.11415869263003264,20,0.025526659694325722
911,E>S,0.4467742731687271,0.10062359582091585,20,0.022500120039603156
911,S~E,0.45448296664248167,0.10557747740067906,20,0.02360784163608662
911,S>E,0.5033047904770207,0.09539551744360111,20,0.021331086175265905
911,S>>E,0.514696385156719,0.11672724985737609,20,0.026101006550769554
912,E>>S,0.4936707032145614,0.11640044126216008,20,0.026027929927316135
912,E>S,0.47091417843882627,0.08204693718708583,20,0.01834625288959793
912,S~E,0.4466759563368526,0.08323794820668837,20,0.018612571049776188
912,S>E,0.4591352618535353,0.08199695408204696,20,0.018335076327538585
912,S>>E,0.4666991202311649,0.10755824818074762,20,0.024050755447294476
913,E>>S,0.47821820165271156,0.13555598696904816,20,0.030311240161986736
913,E>S,0.4634062859999645,0.09094509891148835,20,0.020335942338653008
913,S~E,0.44955848553852445,0.10014283774337412,20,0.022392619265391617
913,S>E,0.48904925968227075,0.08197103850337191,20,0.01832928142797922
913,S>>E,0.4673567346924238,0.11261443474199889,20,0.02518135313308235
914,E>>S,0.49111339266249987,0.10732601622888507,20,0.023998826804203264
914,E>S,0.4715199626274974,0.09861022535129459,20,0.022049916716206777
914,S~E,0.44613103108126395,0.07712439420953032,20,0.017245538817600096
914,S>E,0.492710194877915,0.08893145398332494,20,0.019885677644460902
914,S>>E,0.4577031745938928,0.11351473016647827,20,0.025382665309979142
915,E>>S,0.46782667532952793,0.1237559882224594,20,0.027672680228808255
915,E>S,0.46815434657035226,0.09843266684875425,20,0.02201021342804045
915,S~E,0.45596515073842675,0.08742891599034744,20,0.01954969993535352
915,S>E,0.4782082795276829,0.08192425389427722,20,0.018318820071355574
915,S>>E,0.4968223452206696,0.1366306853253939,20,0.030551550019996373
916,E>>S,0.4854348619826558,0.11576249535006385,20,0.025885280884774604
916,E>S,0.4509568590978093,0.06209580669492705,20,0.013885044488754342
916,S~E,0.46625787188085743,0.10485965048326065,20,0.02344733065774395
916,S>E,0.49427112699107695,0.09476123686656908,20,0.021189256726560763
916,S>>E,0.5024061607985378,0.13342081713352943,20,0.029833801672414045
917,E>>S,0.49802124966586553,0.11919717406346128,20,0.026653298393177424
917,E>S,0.45007104024827294,0.08091966932271064,20,0.018094188132238533
917,S~E,0.4685725853706221,0.0850107771048223,20,0.01900898764264654
917,S>E,0.4753112414434081,0.07779150825551355,20,0.01739471005315644
917,S>>E,0.5102716860720901,0.1330605589619988,20,0.029753245496314817
918,E>>S,0.47451919903720385,0.13481970136380084,20,0.030146601695567977
918,E>S,0.4616256950016543,0.07098859174557384,20,0.015873531677008355
918,S~E,0.44740161900115927,0.10268110716864824,20,0.02296019356340384
918,S>E,0.4923113212504253,0.09356660606897677,20,0.02092212915941764
918,S>>E,0.5155913095830704,0.14298176033284243,20,0.03197169356468186
919,E>>S,0.5014200655071857,0.11627483517893814,20,0.025999843553268957
919,E>S,0.46966093648833873,0.09017531859504821,20,0.02016381422712286
919,S~E,0.45569936633635794,0.08038474944351082,20,0.017974576410997856
919,S>E,0.48858984029728586,0.09605505869223803,20,0.021478564081857627
919,S>>E,0.4763505524413607,0.11166644377961041,20,0.02496937590968674
920,E>>S,0.47215182830197905,0.09850701754278532,20,0.022026838748643227
920,E>S,0.44821996418636145,0.07675255023031533,20,0.01716239197614522
920,S~E,0.44419956788358067,0.09358135891362265,20,0.02092542799576661
920,S>E,0.4727660871694348,0.09731215715479388,20,0.021759659843526163
920,S>>E,0.47829678161936207,0.08993992699279928,20,0.02011117906472674
921,E>>S,0.5178492412295397,0.12981526425304268,20,0.02902757553869019
921,E>S,0.47995872699921527,0.08863100359838169,20,0.01981849489600099
921,S~E,0.44492441734470767,0.10811588340301308,20,0.024175446473657852
921,S>E,0.4898434653914161,0.0981077245885319,20,0.021937554129778488
921,S>>E,0.47069620885926244,0.09113067869987776,20,0.020377439240861883
922,E>>S,0.47771996388556726,0.11116217742942361,20,0.0248566185259084
922,E>S,0.4489669964896028,0.08709745524530335,20,0.01947558305957439
922,S~E,0.45530596488486647,0.09225083681801818,20,0.020627914210632904
922,S>E,0.5090456236311173,0.09832555445424193,20,0.02198626236850422
922,S>>E,0.49634118263956006,0.1291083296498493,20,0.028869500155851466
923,E>>S,0.46640460549715385,0.1257983475189394,20,0.028129365650949048
923,E>S,0.4565501609881535,0.09061590619541847,20,0.020262332609570003
923,S~E,0.44377564723151863,0.09556386428175709,20,0.021368729672657294
923,S>E,0.49789101210230297,0.11000233574744628,20,0.0245972700415045
923,S>>E,0.472000259386345,0.09682033343488405,20,0.021649684716459644
924,E>>S,0.49775104661724734,0.12402931984437435,20,0.027733799037508465
924,E>S,0.4598861126673686,0.08872472462200122,20,0.019839451553974406
924,S~E,0.43964345199744165,0.0926338146909347,20,0.020713550666404863
924,S>E,0.4837068368124748,0.10268199763503909,20,0.022960392677742004
924,S>>E,0.5085382296831499,0.10328311383199083,20,0.02309480634561803
925,E>>S,0.46484698281521686,0.0768149811291188,20,0.01717635194950732
925,E>S,0.4526091690078311,0.0909801584276074,20,0.02034378188478305
925,S~E,0.46170726288396696,0.08895803931448018,20,0.019891622305227646
925,S>E,0.4934394347634375,0.11120751435600548,20,0.0248667561708812
925,S>>E,0.49910078422876836,0.12255529200065078,20,0.027404196391579132
926,E>>S,0.4945282474738787,0.11376508335779278,20,0.02543864598539547
926,E>S,0.44423634985022026,0.09094297144291595,20,0.020335466622218218
926,S~E,0.43798310162023996,0.09025932818993106,20,0.02018259934361489
926,S>E,0.4937260449259232,0.08487964393856252,20,0.018979665375260378
926,S>>E,0.4776311773835166,0.1140208651416931,20,0.025495840531016195
927,E>>S,0.4951706287558135,0.12184817267548956,20,0.027246079703652705
927,E>S,0.46022317204369434,0.08952190295880182,20,0.02001770604910204
927,S~E,0.4512395407011474,0.09282573502269825,20,0.020756465357213625
927,S>E,0.5058323577001167,0.10875920445072415,20,0.024319297433061687
927,S>>E,0.4632953850767441,0.16374400786830004,20,0.03661427325017793
928,E>>S,0.49623157543332985,0.11624859145054835,20,0.025993975277202697
928,E>S,0.4635003088361994,0.0759132474969918,20,0.016974718179603943
928,S~E,0.47187854674201085,0.09188887240907351,20,0.020546976508249323
928,S>E,0.4924692433553311,0.098946763951031,20,0.022125169034813097
928,S>>E,0.47042884649077993,0.09693083719310575,20,0.021674394107974934
929,E>>S,0.4751818894405072,0.10715663086128281,20,0.02396095108456802
929,E>S,0.4606077512416665,0.10164794745309694,20,0.022729172027845135
929,S~E,0.45195097857937877,0.09490280810461947,20,0.02122091301775471
929,S>E,0.5100217098891126,0.11422132240283377,20,0.025540664137265592
929,S>>E,0.4851166950876017,0.09883833231483224,20,0.022100922983867902
930,E>>S,0.4661224329793069,0.12109700815043861,20,0.02707811420962268
930,E>S,0.4589232784973789,0.10560793699335265,20,0.023614652608065126
930,S~E,0.446046949173921,0.07229593791302612,20,0.016165863167063067
930,S>E,0.4906342052820453,0.11660992261077868,20,0.026074771380869086
930,S>>E,0.47837019112188495,0.12653590837684633,20,0.028294289272531345
931,E>>S,0.5006969635243181,0.1373906415262627,20,0.030721481392502886
931,E>S,0.468244507453451,0.10759007892213054,20,0.02405787301744512
931,S~E,0.45867112316874115,0.08254150784418916,20,0.018456842250493908
931,S>E,0.47895471827537345,0.0977407620655675,20,0.021855498815124167
931,S>>E,0.4588917633911446,0.08493368152256472,20,0.018991748546377255
932,E>>S,0.4905941967781982,0.12220022753010577,20,0.027324801562325772
932,E>S,0.4535358312809444,0.06385660036977481,20,0.014278769923885467
932,S~E,0.4469144883107311,0.08278299026136232,20,0.01851083936051092
932,S>E,0.48307037903137634,0.1026853386826639,20,0.022961139758702516
932,S>>E,0.47248807632158984,0.1308501569217232,20,0.029258984574348768
933,E>>S,0.47076886644568716,0.14790628185001384,20,0.03307285005158743
933,E>S,0.4483585532273778,0.0941294305332255,20,0.02104798053556365
933,S~E,0.46460748008672814,0.10545152177882043,20,0.0235796771028242
933,S>E,0.49799046665069957,0.10690742015064611,20,0.023905225875597548
933,S>>E,0.48131593432707415,0.12647276683485673,20,0.028280170394522054
934,E>>S,0.4966494395573734,0.11196725256452149,20,0.02503663879881577
934,E>S,0.45044508039915954,0.11125857252950518,20,0.02487817312555643
934,S~E,0.4544001348094501,0.08771072566892844,20,0.01961271449515597
934,S>E,0.47855463049607155,0.09735068642733566,20,0.021768275250778867
934,S>>E,0.4878146624433203,0.1023873622395243,20,0.02289451020044714
935,E>>S,0.4924289524451848,0.10272417735451662,20,0.02296982434974437
935,E>S,0.4610148020701395,0.09206688345048578,20,0.020586780987183657
935,S~E,0.48656250071441054,0.07576889112482012,20,0.016942439113487827
935,S>E,0.5055823735989124,0.10107836116300244,20,0.022601808661474813
935,S>>E,0.4974693324152316,0.12127777274555716,20,0.02711853440188371
936,E>>S,0.5065514923486127,0.10209378441065874,20,0.02282886420224412
936,E>S,0.4603339366093877,0.09758118926045233,20,0.021819817251164383
936,S~E,0.4708999439796493,0.09364415280496062,20,0.020939469136726955
936,S>E,0.4952875796954408,0.09900215459861043,20,0.022137554760143632
936,S>>E,0.48743914228623264,0.11065329968430569,20,0.024742830002876352
937,E>>S,0.5118798258479911,0.10174327521269719,20,0.02275048796290603
937,E>S,0.47567387609202977,0.06455911622703749,20,0.014435857245096556
937,S~E,0.47484999198156,0.0866041720755691,20,0.019365281589606154
937,S>E,0.47591552237207296,0.06998689357734424,20,0.015649545157298515
937,S>>E,0.4751779652847211,0.09960624622989253,20,0.022272633755362183
938,E>>S,0.4880646757810382,0.10894918505685182,20,0.024361778388032496
938,E>S,0.48240153029694205,0.08960176031396863,20,0.020035562696567675
938,S~E,0.45969942649163836,0.10236201262906465,20,0.02288884185522805
938,S>E,0.4835505969783497,0.10732150914314241,20,0.023997818989193162
938,S>>E,0.5129511240679046,0.13033349328312374,20,0.029143455072607693
939,E>>S,0.4989505670248887,0.10763811674648094,20,0.024068614601518986
939,E>S,0.4593824293531831,0.08158799979239194,20,0.01824363136840271
939,S~E,0.4677682206657468,0.08685429507446496,20,0.01942121079243288
939,S>E,0.49723160947564216,0.09044288997376972,20,0.020223645006288326
939,S>>E,0.49539214441027585,0.1277896436763053,20,0.028574633008069478
940,E>>S,0.46972570518656453,0.1018734380649917,20,0.02277959326149361
940,E>S,0.4542384562695819,0.08264819040159277,20,0.018480697195530707
940,S~E,0.4555368911524852,0.08129766757132918,20,0.018178711110167226
940,S>E,0.49373393521286885,0.11551793041408003,20,0.025830594502597334
940,S>>E,0.4988253966073846,0.12753157963211656,20,0.028516928133534025
941,E>>S,0.4934068329365172,0.13406443316629782,20,0.02997771859248193
941,E>S,0.4741573559043493,0.08050241251622484,20,0.018000886673900863
941,S~E,0.4713525767358572,0.09222218743722034,20,0.02062150801433518
941,S>E,0.4926210659144087,0.09765975977542896,20,0.021837386152415872
941,S>>E,0.4985898809322419,0.10399342761734358,20,0.02325363733655842
942,E>>S,0.4878137238203507,0.10537989645109805,20,0.023563661192654406
942,E>S,0.47329658231793087,0.07694379269488975,20,0.01720515509124252
942,S~E,0.4610138584875519,0.0711098502966584,20,0.015900645913316174
942,S>E,0.4965326974984336,0.11008608977914101,20,0.02461599801233041
942,S>>E,0.48765996593600336,0.1015078103916491,20,0.022697836428288695
943,E>>S,0.4756345242935356,0.10899104231001497,20,0.024371137954374917
943,E>S,0.4524399105155039,0.07295019674411059,20,0.01631215988918151
943,S~E,0.45362944472234,0.08074850145602025,20,0.0180559138336902
943,S>E,0.5086274561225045,0.12552010698343907,20,0.02806714917580158
943,S>>E,0.518500166106166,0.15301393897145893,20,0.03421495690451864
944,E>>S,0.4705727664375269,0.09760250155539242,20,0.021824582825188638
944,E>S,0.4763136360911293,0.0781947563860924,20,0.017484879076333837
944,S~E,0.4666523207205617,0.08790084980586914,20,0.019655227544592258
944,S>E,0.4893827547114903,0.10137115853640434,20,0.02266728014453082
944,S>>E,0.49497269992008314,0.13089729329613264,20,0.02926952458808801
945,E>>S,0.4811051657386825,0.10426031862539431,20,0.02331331598021691
945,E>S,0.45009101981762417,0.07007676581445295,20,0.01566964120044502
945,S~E,0.4644418265745286,0.09632465406384448,20,0.021538847439590763
945,S>E,0.47856750375133217,0.08930284907976203,20,0.019968724112675244
945,S>>E,0.48940025621506694,0.0948755675207981,20,0.02121482183803757
946,E>>S,0.49853515965897416,0.10013436359352361,20,0.02239072438787989
946,E>S,0.47005699604929696,0.07171530883679979,20,0.01603603055864757
946,S~E,0.46653376739652924,0.08608229546655476,20,0.01924858643224384
946,S>E,0.48818808289810567,0.09387689904627892,20,0.020991512778436486
946,S>>E,0.517778050977329,0.11311829668289912,20,0.02529402008819514
947,E>>S,0.5080194132516889,0.13073818743480117,20,0.029233947435932425
947,E>S,0.4670007817521714,0.0873453376330787,20,0.019531011246523455
947,S~E,0.43870026980485327,0.0738539807226581,20,0.016514252130482254
947,S>E,0.4638668985644697,0.07920540127558719,20,0.01771086614373615
947,S>>E,0.49396739114700694,0.09714505160093813,20,0.021722293905742242
948,E>>S,0.4896927305979779,0.12810761046401253,20,0.028645732543259538
948,E>S,0.46348467979529806,0.08291569347082738,20,0.01854051270023055
948,S~E,0.46542988303138666,0.07668817665295831,20,0.017147997606652705
948,S>E,0.4844040256662715,0.09759073858904802,20,0.021821952545952327
948,S>>E,0.48842135517950547,0.11384224652843698,20,0.025455900194887453
949,E>>S,0.4793737658537836,0.136807252935796,20,0.030591031737944748
949,E>S,0.4743168133598702,0.09858896645128297,20,0.02204516308165149
949,S~E,0.4591208096213698,0.08846551756312428,20,0.019781491093584742
949,S>E,0.5124482861868195,0.08611114383814694,20,0.01925503712423587
949,S>>E,0.5242439635059015,0.1345925934396552,20,0.03009581881990613
950,E>>S,0.47032764883842687,0.10815782139807059,20,0.024184824094436716
950,E>S,0.4868367059921514,0.08762415610548795,20,0.019593356952292428
950,S~E,0.47837537242739003,0.0998449508620198,20,0.02232600973376025
950,S>E,0.4935446065376651,0.08231059660718788,20,0.018405208928223567
950,S>>E,0.4716834469554791,0.09717800183680377,20,0.021729661802469262
951,E>>S,0.47707240857179,0.11599242021210861,20,0.02593669364689954
951,E>S,0.4737395402831549,0.09392333467907765,20,0.0210018961015881
951,S~E,0.458878412459882,0.06600914811022375,20,0.014760094231131208
951,S>E,0.4989203625500028,0.11801611654365496,20,0.026389205903215
951,S>>E,0.5007887119160555,0.12133415755992455,20,0.02713114242966613
952,E>>S,0.4788741023513845,0.10596243152051664,20,0.02369391999410416
952,E>S,0.4747485557354989,0.06580286162640947,20,0.014713967171066393
952,S~E,0.45632959380494836,0.08300032206545231,20,0.01855943622927271
952,S>E,0.46153564530070385,0.09983269203852321,20,0.022323268577493994
952,S>>E,0.4714941703585544,0.0994026595211117,20,0.022227110383347244
953,E>>S,0.493007236772878,0.11263023604755319,20,0.025184886412417617
953,E>S,0.4665281984995017,0.10032472892733237,20,0.02243329137057547
953,S~E,0.45371787558246657,0.12935432645433736,20,0.02892450671355977
953,S>E,0.4773597069344482,0.08522806198981718,20,0.01905757401997972
953,S>>E,0.48978273016619295,0.1057758024741212,20,0.023652188470672544
954,E>>S,0.463499482161206,0.10609895492085433,20,0.02372444755447161
954,E>S,0.45549031395537154,0.07035915315397166,20,0.015732784929159936
954,S~E,0.46130494960480845,0.09184678330057433,20,0.02053756509747767
954,S>E,0.49042076849705224,0.11608033593596599,20,0.025956352200383163
954,S>>E,0.4869078207306129,0.08295275982140216,20,0.018548800988186852
955,E>>S,0.49517606210697246,0.09645547076238735,20,0.021568098942644158
955,E>S,0.4612345730190964,0.07462853753897594,20,0.016687448299854506
955,S~E,0.4661400877332481,0.08319533723237775,20,0.018603042946261587
955,S>E,0.4821448167925723,0.09583319133415466,20,0.021428953032391358
955,S>>E,0.4984299822145194,0.1139534456648024,20,0.025480765077682686
956,E>>S,0.49017824750629596,0.13029888730994652,20,0.02913571694176251
956,E>S,0.478229566968518,0.08514426671413952,20,0.01903883682671886
956,S~E,0.463889241768115,0.08319337401255372,20,0.018602603956963455
956,S>E,0.4849279764378237,0.08830370946129133,20,0.019745309702083873
956,S>>E,0.5031390953540807,0.1083258823265906,20,0.024222403660489965
957,E>>S,0.4706068358166234,0.14259412291643456,20,0.03188501520331082
957,E>S,0.47236084190327965,0.08645941001520263,20,0.01933291180885192
957,S~E,0.44738584274915694,0.07663728035955006,20,0.017136616849466345
957,S>E,0.5005737108044669,0.09217009629970231,20,0.02060986008188362
957,S>>E,0.4896928276336263,0.09610929148799327,20,0.021490690903649485
958,E>>S,0.5037989859251312,0.09315440013975784,20,0.020829957111571443
958,E>S,0.4831468546597133,0.057288453505465346,20,0.012810087636405662
958,S~E,0.46071983469246636,0.08302965035168204,20,0.018565994233440037
958,S>E,0.4760773830251474,0.11560650479812586,20,0.0258504003369765
958,S>>E,0.4986128520581669,0.12336581189341123,20,0.027585434149311954
959,E>>S,0.4957453740343425,0.11466442642650485,20,0.025639745209068813
959,E>S,0.4602202968383592,0.057654827824832944,20,0.01289201142473728
959,S~E,0.4517739671154029,0.08938662037826955,20,0.01998745594447787
959,S>E,0.48698173837263364,0.1022203747858554,20,0.022857170670667816
959,S>>E,0.48923796719280377,0.11151765076479064,20,0.024936104780115327
960,E>>S,0.48716923675500395,0.09534012660456695,20,0.02131870040712479
960,E>S,0.46858052351031276,0.08043374487259483,20,0.017985532121999718
960,S~E,0.4570092583388233,0.06549168581924904,20,0.014644386145289984
960,S>E,0.5008610508607514,0.13887013393533887,20,0.031052305952391807
960,S>>E,0.48858709961849733,0.09823414578688279,20,0.02196582276910945
961,E>>S,0.5000639612187557,0.12569839340989034,20,0.028107015232702637
961,E>S,0.487272346383089,0.0844829579553801,20,0.018890963692848654
961,S~E,0.4460117701315184,0.07635508685872099,20,0.0170735164644001
961,S>E,0.49111893218687896,0.12481808120684944,20,0.02791017143996043
961,S>>E,0.4939501184258773,0.0899607260636709,20,0.02011582987836052
962,E>>S,0.47028235983622635,0.10279605287526165,20,0.022985896204774776
962,E>S,0.45376029552028474,0.05982509159921632,20,0.01337729715759993
962,S~E,0.454726369212752,0.06645250140811707,20,0.014859231042345024
962,S>E,0.4869950852932197,0.10467796747536152,20,0.02340670510214204
962,S>>E,0.4898784954406115,0.10036180938548575,20,0.022441582813082252
963,E>>S,0.505128893628539,0.12087800324158852,20,0.027029143223263188
963,E>S,0.46511305174261663,0.05934103439982733,20,0.013269058677316734
963,S~E,0.4481347394882089,0.07562315313405328,20,0.016909851108061938
963,S>E,0.49256086110951725,0.10629442338784337,20,0.023768155632436123
963,S>>E,0.4793823494754137,0.10987899241679674,20,0.02456968963431414
964,E>>S,0.48083799360184976,0.11429671780409037,20,0.025557523061505653
964,E>S,0.45531374568501626,0.08094287277398227,20,0.01809937658167413
964,S~E,0.4584096273929335,0.07930193767550649,20,0.017732452338988416
964,S>E,0.4819916371749676,0.08163153214600508,20,0.018253365498592664
964,S>>E,0.4754350900463279,0.0983837996625356,20,0.021999286393015047
965,E>>S,0.5026283993654995,0.11378572379060925,20,0.025443261326481732
965,E>S,0.47008450988471645,0.08857737643417908,20,0.019806503497541234
965,S~E,0.47174450001413354,0.07927898855308096,20,0.017727320759211674
965,S>E,0.5038973171349468,0.09550336400577605,20,0.021355201399682187
965,S>>E,0.4853223290604059,0.10928836219989967,20,0.02443762070285941
966,E>>S,0.47464185620837984,0.11794854897092844,20,0.026374097334645883
966,E>S,0.47573083167361385,0.07218790068600577,20,0.01614170530869126
966,S~E,0.4630731845847052,0.08675561654439753,20,0.019399145602317827
966,S>E,0.48105882841472286,0.10079944910821878,20,0.022539442030050774
966,S>>E,0.4957918082438935,0.08654403986927886,20,0.019351835619515954
967,E>>S,0.4852447998571877,0.10265772103934565,20,0.022954964265918722
967,E>S,0.4852755851031513,0.08289281575150342,20,0.018535397086672695
967,S~E,0.46928079395932815,0.0756366516515796,20,0.01691286946834037
967,S>E,0.49284150807594945,0.09178787292016446,20,0.020524392335959984
967,S>>E,0.4933193217522711,0.14805453018706294,20,0.03310599938750674
968,E>>S,0.4931152447571745,0.10279129947396547,20,0.022984833311932514
968,E>S,0.46344959250010154,0.07900944700419725,20,0.017667049436605214
968,S~E,0.44724597042511804,0.08005394285008392,20,0.01790060580796709
968,S>E,0.5062325104268155,0.08845711769542065,20,0.01977961282606601
968,S>>E,0.5076278810743667,0.09988360653591823,20,0.022334653405215545
969,E>>S,0.4939437112661874,0.11908428200302076,20,0.026628054961050925
969,E>S,0.48732688864663476,0.0860800193138884,20,0.019248077469034924
969,S~E,0.47291879211064425,0.0767756560786559,20,0.017167558600901953
969,S>E,0.4927068918605052,0.08942958366292221,20,0.01999706282697987
969,S>>E,0.49598629432356933,0.11802909168836277,20,0.026392107233773457
970,E>>S,0.490601971280614,0.10430362841834234,20,0.023323000344329235
970,E>S,0.46996976029201265,0.08313918734950537,20,0.018590487450758458
970,S~E,0.47365122132299114,0.0990064739541041,20,0.022138520597393914
970,S>E,0.4944772708282656,0.10214955421204826,20,0.022841334708943985
970,S>>E,0.5085264542502467,0.13607839684990042,20,0.030428054562557056
971,E>>S,0.47872877489126936,0.12883120605097997,20,0.028807533435327343
971,E>S,0.4730837437466751,0.06973829257778397,20,0.015593956283869398
971,S~E,0.45860052282951,0.08424505311223962,20,0.0188377665527048
971,S>E,0.4931763885932304,0.11313303108750594,20,0.025297314801226024
971,S>>E,0.49198470456210214,0.0939116251065676,20,0.020999277761576108
972,E>>S,0.5102910024144378,0.12376159852130865,20,0.027673934729768358
972,E>S,0.47658525792658335,0.09606673976971083,20,0.02148117605018559
972,S~E,0.4671190849227642,0.06850350219052334,20,0.015317848759481592
972,S>E,0.5159219897779679,0.1133403276915606,20,0.025343667731043133
972,S>>E,0.47570602535605844,0.09535115968144281,20,0.02132116747811433
973,E>>S,0.5033694001262154,0.10967959647303162,20,0.024525103345844488
973,E>S,0.46096241894825046,0.0636280295788641,20,0.014227659941270744
973,S~E,0.45097905435425034,0.07926401728954047,20,0.01772397308291311
973,S>E,0.49475682726369047,0.10733413527729758,20,0.024000642278619564
973,S>>E,0.5166794660502083,0.10573121080437191,20,0.02364221747019358
974,E>>S,0.47258586194691066,0.10698719109778496,20,0.02392306320164075
974,E>S,0.47396936684520297,0.08773382906600825,20,0.019617880571794134
974,S~E,0.47457343829148824,0.07605527141507794,20,0.017006475693131087
974,S>E,0.4961745559584509,0.1208054185055956,20,0.027012912782882283
974,S>>E,0.47189387811738814,0.08208512458927958,20,0.018354791852316865
975,E>>S,0.4998988095976287,0.1103656789784578,20,0.024678516057875115
975,E>S,0.45575896852843256,0.08391181934214356,20,0.018763253216471466
975,S~E,0.451240111496732,0.08334570600671766,20,0.01863666642637332
975,S>E,0.5122188062336887,0.13460650709745145,20,0.030098930008370935
975,S>>E,0.4858780253703567,0.08991280001396233,20,0.020105113287856382
976,E>>S,0.5058124231011047,0.09890689586173675,20,0.0221162542590336
976,E>S,0.4926377001996016,0.08139820222316606,20,0.01820119134172738
976,S~E,0.45511908341368523,0.07035824889999702,20,0.01573258273182431
976,S>E,0.4890957470777348,0.08907927888088661,20,0.019918732296432384
976,S>>E,0.47300821485965,0.097960315094705,20,0.02190459236490591
977,E>>S,0.5087575230221815,0.11214454086689743,20,0.025076281668388583
977,E>S,0.47391043332065924,0.06307063371439348,20,0.014103022436937385
977,S~E,0.4626288226201577,0.08659821952852684,20,0.019363950559623578
977,S>E,0.4786071991014709,0.07194619448205442,20,0.016087658158429392
977,S>>E,0.5127186113186338,0.13438279841039316,20,0.030048907225228978
978,E>>S,0.48385668790051123,0.13754574302300554,20,0.030756163141515778
978,E>S,0.4660008573400874,0.0857544379768304,20,0.01917527526884823
978,S~E,0.47842704574740597,0.07809688594514448,20,0.017462994580439095
978,S>E,0.5113678512907937,0.10360864823336396,20,0.02316759805066653
978,S>>E,0.5051647386064438,0.07280842323114614,20,0.016280458367941765
979,E>>S,0.4989701603236904,0.0973823477543305,20,0.021775354938720695
979,E>S,0.46074742742900165,0.06443241085214205,20,0.014407525061958476
979,S~E,0.4850836270893117,0.078549671212175,20,0.01756424044406816
979,S>E,0.4948396389990076,0.11281799398572881,20,0.025226870363725205
979,S>>E,0.4867097095293381,0.0820667820519636,20,0.01835069033628503
980,E>>S,0.4974049237177173,0.102706278629808,20,0.022965822073228462
980,E>S,0.4752557980731612,0.062489303107294426,20,0.013973032961449916
980,S~E,0.48387882647101366,0.10078305932865385,20,0.02253577716392643
980,S>E,0.4844200219970188,0.07710478920256582,20,0.017241155004772895
980,S>>E,0.5033508705294542,0.08533926039793617,20,0.019082438739934104
981,E>>S,0.47582387706077,0.09480868840039518,20,0.02119986721208794
981,E>S,0.47410730047208294,0.06956458393535764,20,0.015555113850594951
981,S~E,0.4928344109375094,0.10172096986708178,20,0.022745500336000257
981,S>E,0.5051920607973102,0.11271342163221232,20,0.025203487274622204
981,S>>E,0.49375793055808376,0.11158787260644543,20,0.02495180686125986
982,E>>S,0.48382103499250617,0.12151185101862506,20,0.02717087589494727
982,E>S,0.4651848874184662,0.09082570457431698,20,0.020309244953248633
982,S~E,0.4551836522028002,0.07445987353432142,20,0.01664973388187802
982,S>E,0.5144281836558257,0.12282440506417694,20,0.027464371901946904
982,S>>E,0.4999755241765455,0.11664378938881687,20,0.026082344222656314
983,E>>S,0.4834767190983123,0.1445598656775922,20,0.03232456864733348
983,E>S,0.47695131404222063,0.07719082525166798,20,0.01726039325020369
983,S~E,0.4512086994075819,0.06577335123611582,20,0.014707368447192478
983,S>E,0.5259362048550671,0.13813293927449832,20,0.03088746421496287
983,S>>E,0.5033816033560067,0.12295243948012097,20,0.027493001267697936
984,E>>S,0.47974035335093407,0.11701290370324881,20,0.02616488069251012
984,E>S,0.46843865674853225,0.08609541535267083,20,0.0192515201279651
984,S~E,0.4731329188828647,0.08351843023544246,20,0.01867528873805231
984,S>E,0.49583195765639987,0.11286295223406857,20,0.025236923333668906
984,S>>E,0.5103280200358606,0.11453702281932797,20,0.025611256896446194
985,E>>S,0.4914626250905153,0.11804375338633247,20,0.026395385689106036
985,E>S,0.47544146361603845,0.08099964840176385,20,0.018112071997992616
985,S~E,0.4520618052366762,0.07246022379454631,20,0.01620259860694533
985,S>E,0.47896272646142324,0.08701603450829531,20,0.01945737682930158
985,S>>E,0.46971170910410126,0.1406940626780831,20,0.03146014881788099
986,E>>S,0.47936162852983577,0.1236302608529948,20,0.02764456673433275
986,E>S,0.46614207834693183,0.09632985695044091,20,0.021540010840401646
986,S~E,0.4641120656153749,0.05337797881920538,20,0.011935678914128717
986,S>E,0.48534299975790623,0.08612842788536507,20,0.019258901954686474
986,S>>E,0.4983291048712535,0.1320684871995061,20,0.029531411506365644
987,E>>S,0.4625792903283534,0.141209190631425,20,0.03157533492995927
987,E>S,0.47520122512996227,0.06897780719795477,20,0.015423906583350114
987,S~E,0.4597663287548743,0.08282332929221906,20,0.018519859442025135
987,S>E,0.5093572844348323,0.10665882671769965,20,0.023849638694114716
987,S>>E,0.5168725476723524,0.11760660532333471,20,0.026297636410596504
988,E>>S,0.47883202982642936,0.10199635922409885,20,0.02280707926825727
988,E>S,0.47817716690209605,0.08777836844565237,20,0.019627839879850124
988,S~E,0.4507391542476834,0.08290692670123043,20,0.018538552390954362
988,S>E,0.4937734890226982,0.13165052250759782,20,0.02943795176003548
988,S>>E,0.49909573895317294,0.10687605848391098,20,0.023898213193726803
989,E>>S,0.4794098938350483,0.1084902581424952,20,0.024259159210311933
989,E>S,0.4672030391907117,0.09146579313888603,20,0.020452373107448303
989,S~E,0.48038889036008586,0.1231389328214982,20,0.027534702446564994
989,S>E,0.4880488864809638,0.08358338830411909,20,0.018689813803777114
989,S>>E,0.5146755175660739,0.11361273447137142,20,0.025404579738762013
990,E>>S,0.4882842675282957,0.0986412804046223,20,0.02205686083723534
990,E>S,0.45061489925502674,0.08392710350568186,20,0.018766670859336552
990,S~E,0.46604383641198244,0.08215590019350125,20,0.01837061775853569
990,S>E,0.5055700179335123,0.0949443780940275,20,0.021230208349968742
990,S>>E,0.4966108868317468,0.11374048980608456,20,0.025433146700052693
991,E>>S,0.4962011586797222,0.12596687596102016,20,0.02816704975621252
991,E>S,0.46957059198198275,0.08706874254179763,20,0.01946916270388873
991,S~E,0.4517182281389389,0.07960822333982348,20,0.017800939895583064
991,S>E,0.5022758092023301,0.09718111347688979,20,0.02173035758634465
991,S>>E,0.4873514924379653,0.1171374933937901,20,0.026192739794244718
992,E>>S,0.4807353712753052,0.15124840923595198,20,0.033820172454029566
992,E>S,0.4649229326597687,0.07478255557466336,20,0.01672188777961031
992,S~E,0.4714594158001537,0.08170043656507686,20,0.018268772995092126
992,S>E,0.48962659376703943,0.11478888649197115,20,0.025667575325755487
992,S>>E,0.5036433365504652,0.10315986832154798,20,0.023067247811690842
993,E>>S,0.5045952612618647,0.10628574096582513,20,0.023766214183851914
993,E>S,0.4804169411032678,0.10677967960338315,20,0.02387666222088125
993,S~E,0.46768980262989607,0.06665320063993684,20,0.014904108754883124
993,S>E,0.4881384696055887,0.11291312970369086,20,0.025248143356970343
993,S>>E,0.481664186459059,0.09318013964201624,20,0.020835712639247123
994,E>>S,0.47320492007276027,0.09442580296614243,20,0.021114251426229573
994,E>S,0.4865035960625817,0.0898422322828701,20,0.020089333863482363
994,S~E,0.4625762187953971,0.08255778019060536,20,0.018460480857767914
994,S>E,0.510406033806637,0.1078278909799423,20,0.02411104941015874
994,S>>E,0.4649667620796281,0.10146629276239372,20,0.022688552804160725
995,E>>S,0.492165979734675,0.11608108232940223,20,0.0259565190990293
995,E>S,0.48575109835764174,0.1092198337884835,20,0.024422297284227748
995,S~E,0.474637020505435,0.09282523027451965,20,0.02075635249208974
995,S>E,0.48889085509560576,0.09013806972397585,20,0.02015548512634257
995,S>>E,0.5196916951271653,0.12177112126216687,20,0.02722885048385751
996,E>>S,0.4763723954208923,0.11262225798871937,20,0.025183102464229525
996,E>S,0.4741098253545671,0.09728223151162538,20,0.021752968266286647
996,S~E,0.45527648361690903,0.07122064069436024,20,0.01592541939936773
996,S>E,0.5060262492576415,0.09229234092164226,20,0.020637194810337767
996,S>>E,0.48972003262590913,0.09333289290369724,20,0.020869869306937475
997,E>>S,0.4737007348533848,0.10197109705516069,20,0.022801430475556793
997,E>S,0.48936456906769654,0.07525020031356655,20,0.01682645632216108
997,S~E,0.4439433344183512,0.09607593324885978,20,0.021483231774618267
997,S>E,0.5121900206255041,0.09045947660650266,20,0.020227353890119194
997,S>>E,0.4895984735994162,0.09104096227441685,20,0.020357378038258992
998,E>>S,0.49564068249292437,0.09877645652078464,20,0.02208708713570268
998,E>S,0.4893264268090968,0.07639058798520112,20,0.01708145475760884
998,S~E,0.45557133390791665,0.06571569037840799,20,0.014694475087444914
998,S>E,0.4913161176168055,0.08747643224378232,20,0.019560324892625172
998,S>>E,0.5104414971280875,0.15021896111770613,20,0.03358998085685887
999,E>>S,0.47888767424218515,0.1063445425537375,20,0.023779362618627613
999,E>S,0.4763244718689864,0.06935935782190851,20,0.015509223896551917
999,S~E,0.4630844874316097,0.08450834895152289,20,0.018896641292187825
999,S>E,0.4934638724088319,0.09716807616195501,20,0.021727442354100825
999,S>>E,0.49764230265375825,0.10756974736118718,20,0.024053326742209315
1000,E>>S,0.4674920346149401,0.09420411802416614,20,0.021064681166244867
1000,E>S,0.4690547120690808,0.07687387395016537,20,0.017189520784632005
1000,S~E,0.4582152328319712,0.06783881132556367,20,0.015169219363674298
1000,S>E,0.5136284958323608,0.12368891944152285,20,0.02765768319347404
1000,S>>E,0.5158642671337719,0.11947129781327102,20,0.026714594327059596
1001,E>>S,0.5075968544122944,0.09797990578752855,20,0.021908972976993887
1001,E>S,0.4743503680689267,0.0845090839772328,20,0.01889680564893308
1001,S~E,0.4685224322595447,0.06486010313338142,20,0.014503159963388796
1001,S>E,0.49229827605626203,0.08257551343075711,20,0.018464446130811978
1001,S>>E,0.5095571505254365,0.1251564477643945,20,0.027985832502358768
1002,E>>S,0.48613013234327324,0.0799151320098754,20,0.01786956676049508
1002,E>S,0.46676412280560964,0.07155006570238745,20,0.015999081070511456
1002,S~E,0.45131236997349156,0.09191822369721046,20,0.020553539655799462
1002,S>E,0.4996327615015758,0.07768160099942426,20,0.01737013404357282
1002,S>>E,0.5153411372342815,0.13959828670049232,20,0.031215125860480565
1003,E>>S,0.48980469225557205,0.11792935252015009,20,0.02636980487775917
1003,E>S,0.4752140914161071,0.08166800850602803,20,0.01826152186065097
1003,S~E,0.43921602618145306,0.08337968711040765,20,0.01864426483215345
1003,S>E,0.4832323182121698,0.08871126584039274,20,0.019836442078917316
1003,S>>E,0.49020636327189226,0.13247942166361057,20,0.02962329924596915
1004,E>>S,0.4664666702241441,0.10010108472233648,20,0.022383283006061
1004,E>S,0.48450244330637265,0.08351985222411715,20,0.018675606704386293
1004,S~E,0.45813566191146055,0.08449003331213989,20,0.01889254579071665
1004,S>E,0.4955147854840941,0.09285182529680727,20,0.020762299319859564
1004,S>>E,0.4943988084580657,0.09575296356402016,20,0.02141101355762096
1005,E>>S,0.49349515594897275,0.11007636328317252,20,0.024613823101713568
1005,E>S,0.48087940499877674,0.06896509853833399,20,0.015421064840668618
1005,S~E,0.451712365172342,0.0652732241933383,20,0.01459553664068883
1005,S>E,0.4947742161896492,0.11077216524678923,20,0.024769409150666048
1005,S>>E,0.46603619279736697,0.10141721376377705,20,0.022677578406443275
1006,E>>S,0.497095979762818,0.10866631850926985,20,0.0242985275051371
1006,E>S,0.4734928532171606,0.08377087752754804,20,0.018731737668640693
1006,S~E,0.4561118899317497,0.09933415310071937,20,0.022211791882058
1006,S>E,0.4826145120430489,0.07355999303740988,20,0.016448514485605973
1006,S>>E,0.48548351161586234,0.09164588953380663,20,0.020492643885602815
1007,E>>S,0.4890858495500717,0.08986050391689791,20,0.020093419525056985
1007,E>S,0.46237875823030333,0.08268761864103835,20,0.018489513617894054
1007,S~E,0.43498151908309896,0.06130719702435907,20,0.01370870600564397
1007,S>E,0.4942868132721444,0.09280212102999585,20,0.020751185107923353
1007,S>>E,0.4902793939479199,0.10361112199341257,20,0.023168151200229404
1008,E>>S,0.48782997371731546,0.10346683643542354,20,0.023135887968645904
1008,E>S,0.4954392429544202,0.06071435081832766,20,0.013576141563955063
1008,S~E,0.48394208108414843,0.0957660534290444,20,0.02141394054042201
1008,S>E,0.4804584078284925,0.08298840953315544,20,0.018556772506072714
1008,S>>E,0.5099689086540297,0.119339396636626,20,0.02668510032733055
1009,E>>S,0.49070266067860296,0.1221829716050886,20,0.02732094302019047
1009,E>S,0.4915771758226738,0.07921028286019245,20,0.01771195769923768
1009,S~E,0.47820021483779024,0.07147498089567493,20,0.015982291597322795
1009,S>E,0.48646214688809974,0.09737471751809895,20,0.021773648766030884
1009,S>>E,0.48579228188459717,0.09879787104420329,20,0.022091875568709667
1010,E>>S,0.48941025712366637,0.09640769593521765,20,0.021557416166527683
1010,E>S,0.4864097831230005,0.07816340939847642,20,0.01747786967681392
1010,S~E,0.4425913892803043,0.0723936861768246,20,0.016187720343316666
1010,S>E,0.5016062397758655,0.12181757995397896,20,0.027239238963161265
1010,S>>E,0.46630317142166466,0.07016153238335962,20,0.015688595581474493
1011,E>>S,0.5017280523218733,0.1214483732678037,20,0.027156681838357732
1011,E>S,0.4641395262967033,0.09182214800905575,20,0.020532056478829563
1011,S~E,0.4520108249603821,0.091463634325657,20,0.02045189038213522
1011,S>E,0.5038918549064456,0.10115656310296513,20,0.02261929514684771
1011,S>>E,0.487222320016782,0.1301963063555774,20,0.0291127791430459
1012,E>>S,0.488720758929701,0.11498774139967244,20,0.025712040634883436
1012,E>S,0.47899273045315727,0.07901436742572573,20,0.01766814967630678
1012,S~E,0.4629084131794377,0.07887255246962074,20,0.017636438888099088
1012,S>E,0.4855598942294673,0.08748326760048218,20,0.019561853324848305
1012,S>>E,0.4840798029193678,0.09738706632104231,20,0.021776410042313097
1013,E>>S,0.4575250804606066,0.09883061747576738,20,0.02209919789340945
1013,E>S,0.4681733432797211,0.07152901048975084,20,0.01599437298183784
1013,S~E,0.4606844472723405,0.08513529016812116,20,0.01903682961000884
1013,S>E,0.50388015750901,0.09721446371482814,20,0.021737814926254245
1013,S>>E,0.49027935261893346,0.14173999229072518,20,0.03169402578923576
1014,E>>S,0.47029526702558966,0.09972577309307257,20,0.02229936077448297
1014,E>S,0.46393371531200217,0.0742618853292222,20,0.01660546237334352
1014,S~E,0.4589587318748947,0.07109139633624356,20,0.01589651948232201
1014,S>E,0.5125719228145711,0.12374685447825733,20,0.027670637861515763
1014,S>>E,0.4848207055161435,0.10687206013133362,20,0.023897319134910704
1015,E>>S,0.4920662252350801,0.13317062092534368,20,0.02977785609949244
1015,E>S,0.486483713934895,0.081225649228238,20,0.01816260731908935
1015,S~E,0.4489535524750646,0.07007667553075285,20,0.01566962101239595
1015,S>E,0.46715112809978165,0.1058359960438668,20,0.023665648162048497
1015,S>>E,0.49296138237639475,0.11070268048850097,20,0.024753871886372777
1016,E>>S,0.4736652996834169,0.0934219876840185,20,0.02088979150546135
1016,E>S,0.4627391455136027,0.08318237411170562,20,0.018600144304359245
1016,S~E,0.4560502742312601,0.0842275140563198,20,0.01883384470057501
1016,S>E,0.4979842665613572,0.10105933455991949,20,0.022597554183687377
1016,S>>E,0.4936097329507227,0.12242772869997895,20,0.027375672370405488
1017,E>>S,0.47214756646337375,0.07629702153704045,20,0.01706053266375879
1017,E>S,0.47167831434128604,0.08479447720925355,20,0.01896062151564476
1017,S~E,0.47681143399209497,0.07490366393009829,20,0.016748968431149883
1017,S>E,0.47347988756963444,0.08046010391936871,20,0.01799142618404057
1017,S>>E,0.46008563885055037,0.15421256378728865,20,0.034482977561289985
1018,E>>S,0.491549354051516,0.10955231751551332,20,0.024496642905732866
1018,E>S,0.481406679887644,0.07017654892707051,20,0.01569195338272696
1018,S~E,0.466854917467011,0.08310415163197596,20,0.018582653226154832
1018,S>E,0.46298275317557724,0.08008504302352515,20,0.01790756001815975
1018,S>>E,0.48584549178548003,0.10685805753750077,20,0.02389418805974355
1019,E>>S,0.4959618751023845,0.09693223287576244,20,0.021674706192104473
1019,E>S,0.47253284530106415,0.09028310961652211,20,0.02018791703226084
1019,S~E,0.4652449180300747,0.08589574361081824,20,0.01920687216916828
1019,S>E,0.47643583992537825,0.08113399778774007,20,0.018142113433970434
1019,S>>E,0.4717237649292282,0.09126635874301728,20,0.02040777822082689
1020,E>>S,0.4772655000329956,0.09140585602326164,20,0.02043897076095716
1020,E>S,0.48356010525442716,0.08770598868346116,20,0.019611655273004642
1020,S~E,0.45162995589060023,0.07581627047498661,20,0.01695303345825803
1020,S>E,0.48630997950369703,0.10567763598536459,20,0.023630237776475316
1020,S>>E,0.5102087299312602,0.1125439934923801,20,0.025165601990825587
1021,E>>S,0.503582886223534,0.10701886378830959,20,0.02393014543054509
1021,E>S,0.48609064753620085,0.07939725115988215,20,0.01775376508201205
1021,S~E,0.4596699952759747,0.08533637092697817,20,0.01908179263458599
1021,S>E,0.5000304484524086,0.0919785464837478,20,0.02056702824092843
1021,S>>E,0.4945039204317484,0.08657413853430539,20,0.019358565885619083
1022,E>>S,0.4719842205025837,0.12772211603350062,20,0.028559533368102318
1022,E>S,0.4887386663417373,0.06714464602614913,20,0.015013999283963056
1022,S~E,0.4684051990924343,0.08476130450144792,20,0.018953203872679646
1022,S>E,0.4799236983571801,0.11074711599092381,20,0.02476380796677596
1022,S>>E,0.48592222330913215,0.10200218860985291,20,0.022808382758538588
1023,E>>S,0.4882465467241901,0.09722948395339379,20,0.021741173553701348
1023,E>S,0.4858530277930776,0.07393711431986486,20,0.016532841367939095
1023,S~E,0.46113020689189843,0.07534154327097592,20,0.0168468812283644
1023,S>E,0.47638110539957773,0.09455614879458381,20,0.02114339763952742
1023,S>>E,0.49599775816814384,0.11662374439299356,20,0.026077862025329353
1024,E>>S,0.48712902153149173,0.11635527392996532,20,0.026017830204801154
1024,E>S,0.46815091260810615,0.0831487019402554,20,0.018592614977927975
1024,S~E,0.47883654960552063,0.1017607547923148,20,0.02275439651573034
1024,S>E,0.49242868410482715,0.09657638617884413,20,0.021595136451716665
1024,S>>E,0.4987956738978677,0.10983326586571446,20,0.02455946486665448
1025,E>>S,0.4777286630541838,0.14046518767621904,20,0.03140897081162915
1025,E>S,0.46400806723157395,0.07537521890828444,20,0.01685441132978515
1025,S~E,0.46745692180374093,0.08460112028112093,20,0.018917385592122252
1025,S>E,0.49462318378162273,0.09637781223503392,20,0.021550733968024677
1025,S>>E,0.47678837685795405,0.11534278857504196,20,0.02579143159681799
1026,E>>S,0.4938376124747469,0.1196905162713962,20,0.026763613064488656
1026,E>S,0.4658555628890828,0.08064814925922775,20,0.018033474400318255
1026,S~E,0.4519964085024267,0.07727264754236642,20,0.017278689270611335
1026,S>E,0.4754996100395735,0.11035424149538134,20,0.024675958558910072
1026,S>>E,0.4739006547139171,0.09439491555048986,20,0.02110734479012473
1027,E>>S,0.47456653747337957,0.08464977929177987,20,0.018928266077677378
1027,E>S,0.48882344771447944,0.08420173552211647,20,0.018828080445091117
1027,S~E,0.4800732808014467,0.06468160956267527,20,0.014463247587624234
1027,S>E,0.47117187805789057,0.09509816940275996,20,0.021264597132036184
1027,S>>E,0.5088833995529972,0.11947723941195124,20,0.026715922908913996
1028,E>>S,0.4656669489701235,0.08483348079315246,20,0.018969342982141167
1028,E>S,0.4797470925259836,0.08338605395280974,20,0.01864568850139476
1028,S~E,0.47074836283046056,0.08736027393427498,20,0.019534351105004184
1028,S>E,0.4777703358012248,0.07776444840576202,20,0.017388659286805903
1028,S>>E,0.48711424405492404,0.08369837120175372,20,0.018715524761313208
1029,E>>S,0.4753560926052079,0.1057606982458889,20,0.023648811062565035
1029,E>S,0.4693079546302008,0.07582190413861924,20,0.016954293183742523
1029,S~E,0.46677817067280225,0.0749158852071979,20,0.016751701191786542
1029,S>E,0.5259363594471991,0.11820288330693968,20,0.026430968221079224
1029,S>>E,0.47860665254206597,0.08409426878748967,20,0.01880405015269657
1030,E>>S,0.4901152913139297,0.10470377054077856,20,0.023412474842972077
1030,E>S,0.476638173202346,0.06773700240422476,20,0.015146454196791323
1030,S~E,0.46177056890636514,0.09306139577314049,20,0.020809160702975373
1030,S>E,0.4867790381429993,0.08194535750414089,20,0.018323538981978152
1030,S>>E,0.46812411666379117,0.10406452527550182,20,0.023269535256226707
1031,E>>S,0.510261437976285,0.10080818458657749,20,0.02254139534239338
1031,E>S,0.4936171514397273,0.07513139846000354,20,0.016799891420119093
1031,S~E,0.47417032670156656,0.08121282388128953,20,0.01815973948432817
1031,S>E,0.4973888887441401,0.0829754255105293,20,0.01855386919035137
1031,S>>E,0.4717661329156936,0.08458426790090631,20,0.018913617285347996
1032,E>>S,0.49624536200664765,0.11447147726257403,20,0.025596600464393708
1032,E>S,0.4748594466517576,0.08223279366604153,20,0.018387811661698297
1032,S~E,0.47476475373234067,0.08861018625693282,20,0.019813839996941942
1032,S>E,0.49103442339834313,0.10580540871570238,20,0.02365880862754592
1032,S>>E,0.47288925014857225,0.0895892080744083,20,0.020032755930475
1033,E>>S,0.49540840772065187,0.10212483772868308,20,0.02283580793524706
1033,E>S,0.49310315077213956,0.09539552602067287,20,0.021331088093157455
1033,S~E,0.45034243000203195,0.07129614732787763,20,0.015942303195897435
1033,S>E,0.49728636510049595,0.07607878940726108,20,0.01701173447605267
1033,S>>E,0.46783122801882027,0.0984869649344199,20,0.0220223548491001
1034,E>>S,0.4630276153129097,0.08062646123279259,20,0.01802862481017757
1034,E>S,0.47354694137788994,0.11102254536415855,20,0.024825395846931265
1034,S~E,0.4462465233169242,0.06578621483422967,20,0.014710244835174259
1034,S>E,0.5099266129433586,0.09301195889407705,20,0.020798106280757244
1034,S>>E,0.5132514139745034,0.11364518192390007,20,0.025411835209717088
1035,E>>S,0.4876645717767543,0.10433795417263003,20,0.023330675816325856
1035,E>S,0.4770667154607824,0.09609900201417572,20,0.02148839010735861
1035,S~E,0.4707664818548526,0.060306864132129066,20,0.013485024770928444
1035,S>E,0.510260258141164,0.12785805070412637,20,0.02858992928450414
1035,S>>E,0.5043535468357503,0.11339731837966903,20,0.025356411236312625
1036,E>>S,0.4750335968455718,0.09247578059732954,20,0.020678213168798493
1036,E>S,0.4634221841839855,0.07441586591335381,20,0.016639893478676858
1036,S~E,0.45723938727576663,0.07237356943118675,20,0.016183222102243437
1036,S>E,0.4688474831389948,0.07768521924012937,20,0.017370943106790382
1036,S>>E,0.5089760284676184,0.12848931765559946,20,0.028731084866048428
1037,E>>S,0.48065508515188354,0.1303987873955927,20,0.029158055280008807
1037,E>S,0.4833672651985326,0.06956447253411806,20,0.015555088940520503
1037,S~E,0.467545506026046,0.0712947903085398,20,0.015941999757148818
1037,S>E,0.48232298635022774,0.10326347157499201,20,0.02309041420342994
1037,S>>E,0.49875493769398915,0.10603529860045187,20,0.02371021356850987
1038,E>>S,0.4861771319941681,0.11801825101956973,20,0.026389683186539177
1038,E>S,0.4796535999254556,0.08972627854775025,20,0.020063405820085065
1038,S~E,0.45647199402061195,0.08709967777155007,20,0.019476080031551334
1038,S>E,0.5154779405549816,0.10403607492406539,20,0.023263173564247147
1038,S>>E,0.45993313105459954,0.09510488656289892,20,0.02126609913470483
1039,E>>S,0.49551239434118177,0.12990772518873386,20,0.02904825043243706
1039,E>S,0.4750066188940495,0.09177228548079784,20,0.020520906878558093
1039,S~E,0.4684770021245385,0.07045951226567577,20,0.015755225908753126
1039,S>E,0.4943192979129596,0.08453331758250339,20,0.018902224447805576
1039,S>>E,0.4765290383033764,0.10528177278463893,20,0.023541720073813995
1040,E>>S,0.4706440946697679,0.11448168668625236,20,0.02559888336092929
1040,E>S,0.4745809009175998,0.07978272829047671,20,0.01783996038879015
1040,S~E,0.46494657819648555,0.0740381500185693,20,0.016555433636984824
1040,S>E,0.501584009383395,0.12039999905979672,20,0.026922258238861622
1040,S>>E,0.49195432230509883,0.10468101535605626,20,0.023407386628984114
1041,E>>S,0.5111496657287399,0.0896659288245078,20,0.020049911211725724
1041,E>S,0.48239959595665083,0.06849466938892328,20,0.015315873685000642
1041,S~E,0.46616529016965114,0.05255505149571685,20,0.011751666770542487
1041,S>E,0.5061524830371283,0.09040968169128316,20,0.02021621940858273
1041,S>>E,0.49704409635148694,0.1086146705537576,20,0.024286978671194673
1042,E>>S,0.49143024684734576,0.11455662972022512,20,0.02561564113276961
1042,E>S,0.45614214365639094,0.06463906269066808,20,0.014453733817820428
1042,S~E,0.4737220932056757,0.11108077886890376,20,0.0248384172544491
1042,S>E,0.4955859820380045,0.06087531792239609,20,0.013612134902638892
1042,S>>E,0.47507948476275697,0.09042231634302195,20,0.020219044602598726
1043,E>>S,0.4956567176032907,0.10978290480246851,20,0.02454820379057077
1043,E>S,0.4790276921939599,0.07362108657908417,20,0.016462175416822964
1043,S~E,0.4647394457810806,0.07664384395401704,20,0.017138084513806835
1043,S>E,0.5156372961548195,0.10035987810334356,20,0.022441150965266884
1043,S>>E,0.48696905529459233,0.08873303324968847,20,0.019841309419605248
1044,E>>S,0.4820737840460397,0.0833379544219646,20,0.018634933119329202
1044,E>S,0.4884156284672934,0.07595043012346928,20,0.016983032467642503
1044,S~E,0.459825996158205,0.0649530893109226,20,0.01452395230478379
1044,S>E,0.48699022837081907,0.09869899371687679,20,0.022069765926176113
1044,S>>E,0.4779787695755398,0.10292648901345455,20,0.023015062611946965
1045,E>>S,0.49852227487197587,0.09297038592914066,20,0.020788810283194844
1045,E>S,0.4804060784378046,0.0977161797864141,20,0.02185000205040128
1045,S~E,0.4542816199822372,0.07938605191729056,20,0.01775126085523892
1045,S>E,0.48994841787576904,0.08344745135256336,20,0.018659417377343845
1045,S>>E,0.4977111566489413,0.09735389251949293,20,0.021768992154779447
1046,E>>S,0.5028740853557097,0.12192938435039298,20,0.027264239186217773
1046,E>S,0.47321062803956504,0.06591531455670174,20,0.014739112410706651
1046,S~E,0.4440094769665455,0.07389677927225495,20,0.01652382217710595
1046,S>E,0.5078074156055264,0.08023627675392787,20,0.017941376908326888
1046,S>>E,0.47550272381276304,0.0874848065949576,20,0.019562197454474708
1047,E>>S,0.5214430987322214,0.10767132810128352,20,0.02407604088621533
1047,E>S,0.4950518221940282,0.07710065166615895,20,0.017240229823506384
1047,S~E,0.4571229521378496,0.06654599866725344,20,0.01488013766505891
1047,S>E,0.4992392061616301,0.07961552044958146,20,0.017802571578928877
1047,S>>E,0.49364274618294746,0.11551082454889434,20,0.025829005582837922
1048,E>>S,0.5005333119210136,0.1312880908114918,20,0.029356909569066114
1048,E>S,0.4866743429206551,0.07231509536589481,20,0.01617014690375208
1048,S~E,0.4872162592949428,0.09254202585080548,20,0.020693026057794387
1048,S>E,0.4854757138631084,0.08000200940960976,20,0.017888993137646525
1048,S>>E,0.48665205097027675,0.11048523147619338,20,0.024705248809056782
1049,E>>S,0.47805959798253816,0.11399929491594195,20,0.025491017281909237
1049,E>S,0.49781008331139215,0.08812956928045415,20,0.01970637077388727
1049,S~E,0.46155298070807255,0.08945314905725696,20,0.02000233220934478
1049,S>E,0.5008667810178078,0.09789231591163265,20,0.02188938728532949
1049,S>>E,0.4821589899482152,0.08705212367259468,20,0.019465446611764036
1050,E>>S,0.4952459525134363,0.12507237674064361,20,0.02796703364995427
1050,E>S,0.4730592076714867,0.0739726135969586,20,0.016540779247612464
1050,S~E,0.4600976600919332,0.07799903652117254,20,0.017441114784083053
1050,S>E,0.4799347687448047,0.08060791044274092,20,0.018024476727418387
1050,S>>E,0.4719259217056121,0.07937202499105994,20,0.017748124339182218
1051,E>>S,0.49878613781420517,0.1114264683563224,20,0.024915715773746613
1051,E>S,0.48918843072722656,0.09466998542520867,20,0.02116885228396809
1051,S~E,0.47944183557938064,0.07766518762592099,20,0.017366463901683483
1051,S>E,0.4968201967286685,0.10356429602541746,20,0.023157680595474472
1051,S>>E,0.490230737674206,0.12024740681524429,20,0.026888137575695772
1052,E>>S,0.5178586379829795,0.09288261576862267,20,0.020769184278663415
1052,E>S,0.47410901988672716,0.0783129440665713,20,0.017511306645099225
1052,S~E,0.47335234934528636,0.09090973239940796,20,0.020328034146139123
1052,S>E,0.49581638223595303,0.08037540795909782,20,0.017972487591582036
1052,S>>E,0.48056064154746264,0.07154223248102505,20,0.015997329508966544
1053,E>>S,0.45580921173557165,0.11194888850070278,20,0.025032532469311593
1053,E>S,0.4711049378298994,0.08501572287533636,20,0.019010093550553598
1053,S~E,0.4426037317854029,0.07687266336530413,20,0.017189250089627777
1053,S>E,0.5197808715662637,0.1213075207959752,20,0.027125186268176994
1053,S>>E,0.48571754196587247,0.09579467723520416,20,0.02142034101805681
1054,E>>S,0.48661220696111906,0.10246398760502734,20,0.0229116441530537
1054,E>S,0.49911928323699345,0.06491631296503625,20,0.014515728863847197
1054,S~E,0.4547309246398571,0.06487221154850628,20,0.014505867487320693
1054,S>E,0.48899515286390693,0.07992246769191531,20,0.017871207068865334
1054,S>>E,0.504991021213386,0.10952652353777327,20,0.02449087519696918
1055,E>>S,0.4939724021039347,0.11197520694907659,20,0.025038417453274207
1055,E>S,0.49527149706909485,0.08397741911197032,20,0.018777921770935565
1055,S~E,0.4583034493176769,0.07967821999941228,20,0.01781659162448691
1055,S>E,0.4920684857536736,0.08033688102546993,20,0.017963872707326377
1055,S>>E,0.47954008543717225,0.11735896546122701,20,0.026242262454035353
1056,E>>S,0.5107341742000456,0.12056637788544765,20,0.026959461675278826
1056,E>S,0.4776341612157215,0.07625626199806107,20,0.017051418553769848
1056,S~E,0.45817011696083,0.08704706655168774,20,0.0194643158051522
1056,S>E,0.4892515446689032,0.08919892551282019,20,0.019945486096660622
1056,S>>E,0.48760646496718546,0.13161994444901726,20,0.029431114298274868
1057,E>>S,0.5024082265839135,0.12585107425378642,20,0.028141155707284003
1057,E>S,0.47376592224160213,0.09136836484293236,20,0.020430587478179864
1057,S~E,0.4749557844386497,0.08072238652417402,20,0.018050074357406607
1057,S>E,0.5025685698699569,0.08198657801611699,20,0.018332756168662742
1057,S>>E,0.4780660589498651,0.10909235369190778,20,0.024393791868055594
1058,E>>S,0.5167558345867123,0.09274755575685328,20,0.02073898394192759
1058,E>S,0.48568415212578975,0.07854410970427396,20,0.017562996853095748
1058,S~E,0.4582575775070006,0.10094900961313849,20,0.02257288477562574
1058,S>E,0.47804393261362205,0.07436937422189974,20,0.016629497620428833
1058,S>>E,0.46182080534366066,0.08531079627794322,20,0.019076073969211706
1059,E>>S,0.49520443067975106,0.11437100074413142,20,0.02557413323185569
1059,E>S,0.4962302544270242,0.07117231339810548,20,0.01591461308740829
1059,S~E,0.47345628947593077,0.09643189334405779,20,0.02156282687163227
1059,S>E,0.48237898347747166,0.09681163312532462,20,0.021647739268099625
1059,S>>E,0.4726864379109448,0.08801000326650321,20,0.019679635000387972
1060,E>>S,0.4939746956940657,0.08538995088617322,20,0.019093773477685174
1060,E>S,0.4836103926850585,0.07361208392957465,20,0.016460162363194874
1060,S~E,0.4414173052825589,0.09788660789631744,20,0.021888110934303345
1060,S>E,0.48763778863404605,0.09564081653291304,20,0.02138593671911793
1060,S>>E,0.48020419126392166,0.1009105209110025,20,0.022564278440191557
1061,E>>S,0.4972648748375955,0.11231298690399516,20,0.02511394734733768
1061,E>S,0.46558809784055166,0.07898103980329695,20,0.017660697393378857
1061,S~E,0.4494167205671615,0.05364442841047997,20,0.01199525885399542
1061,S>E,0.48556191300641716,0.09753112038616028,20,0.021808621510516994
1061,S>>E,0.4709036844331081,0.08253427448150952,20,0.018455224821428147
1062,E>>S,0.5155513243280766,0.12033312330102124,20,0.026907304364594736
1062,E>S,0.4790399754525641,0.068591627048694,20,0.015337554076819304
1062,S~E,0.46792045268050597,0.08374385351809575,20,0.0187256949164247
1062,S>E,0.4783398372240196,0.09844035058176856,20,0.022011931562974547
1062,S>>E,0.46291099767306465,0.15327808791004915,20,0.03427402240280586
1063,E>>S,0.4998130586132902,0.11148803550476223,20,0.024929482606655843
1063,E>S,0.4737632006941239,0.07751231849983016,20,0.017332281325923474
1063,S~E,0.4803627755857599,0.06552748422127946,20,0.014652390911332575
1063,S>E,0.46486476179074365,0.0803981232736525,20,0.01797756689032949
1063,S>>E,0.5051086185068393,0.12591726459105787,20,0.028155956316643263
1064,E>>S,0.4968764617849267,0.13230134006346295,20,0.029583478989621947
1064,E>S,0.4605409209387261,0.07520026435840806,20,0.016815290303135503
1064,S~E,0.4765710635798362,0.09751422921306353,20,0.021804844529390587
1064,S>E,0.481025916589202,0.08468246509611496,20,0.018935574845716632
1064,S>>E,0.4958076651313359,0.11212199319140631,20,0.025071239854875308
1065,E>>S,0.495727418351393,0.0998753044991694,20,0.022332797013363336
1065,E>S,0.47078958860284503,0.06963039595121721,20,0.015569829864714781
1065,S~E,0.4519461881063821,0.08575942806667987,20,0.019176391086859954
1065,S>E,0.5109114345529757,0.08635870252237135,20,0.019310392928870487
1065,S>>E,0.4711260284880579,0.09757791435693741,20,0.02181908496047647
1066,E>>S,0.4895196732017659,0.12741833758931745,20,0.02849160644297305
1066,E>S,0.4714342417612132,0.07635445808979462,20,0.01707337586739395
1066,S~E,0.46262348813236515,0.07851268409863411,20,0.017555969874051267
1066,S>E,0.46444665260223256,0.08059747813979704,20,0.018022143993563947
1066,S>>E,0.5051719478752833,0.11457624925615877,20,0.02562002819437307
1067,E>>S,0.4939319349607992,0.10280167425001381,20,0.022987153182382057
1067,E>S,0.45426136210578605,0.08819691559874968,20,0.019721429868461583
1067,S~E,0.47630084166792114,0.08523672776414393,20,0.019059511746026946
1067,S>E,0.4943416920153836,0.08041948635113662,20,0.0179823438196758
1067,S>>E,0.47790297782247954,0.09728590842880737,20,0.0217537904499633
1068,E>>S,0.5054834861825586,0.10765222121928537,20,0.024071768457516737
1068,E>S,0.46733980709645484,0.07854780637120956,20,0.017563823452951564
1068,S~E,0.4713921366544418,0.08240842824978965,20,0.01842708474854437
1068,S>E,0.4933355017982439,0.09596268010333184,20,0.02145790760141165
1068,S>>E,0.46501469399236733,0.09351862711418041,20,0.020911400738976238
1069,E>>S,0.4705873325599236,0.10066883878477834,20,0.02251023667387317
1069,E>S,0.4737817481254717,0.08067114436089165,20,0.018038616261365256
1069,S~E,0.45514098218746774,0.06453063872603831,20,0.01442948948229021
1069,S>E,0.4795535160047968,0.09048884262484623,20,0.020233920331443667
1069,S>>E,0.4898592141433788,0.06759088994085471,20,0.015113782456745788
1070,E>>S,0.48266210629256223,0.10560815419577557,20,0.02361470117600338
1070,E>S,0.4721810550694272,0.09380404454747293,20,0.020975222017256795
1070,S~E,0.440697854068654,0.0848319072519831,20,0.018968991127639157
1070,S>E,0.49722160106615504,0.10524949432387523,20,0.023534502390566328
1070,S>>E,0.49832414798906444,0.1195929393769041,20,0.02674179420757689
1071,E>>S,0.4817498912907226,0.09736323355855521,20,0.02177108087461182
1071,E>S,0.4604807145157278,0.10207576845721592,20,0.02282483571258636
1071,S~E,0.450627913990057,0.094822937712682,20,0.021203053455178537
1071,S>E,0.5054423842695095,0.08661418620039826,20,0.01936752081599147
1071,S>>E,0.4937955164845885,0.09307553900539157,20,0.02081232322584887
1072,E>>S,0.48879267407660193,0.09924576994951527,20,0.0221920288086422
1072,E>S,0.4692420745516067,0.07274629646459373,20,0.01626656640061842
1072,S~E,0.4493462159665376,0.0952343729530175,20,0.02129505317175145
1072,S>E,0.4929348704379728,0.08312651364018528,20,0.018587653523201776
1072,S>>E,0.46847091092718757,0.11042713609295568,20,0.02469225828644694
1073,E>>S,0.5035912409226906,0.10941111127375959,20,0.024465068230192004
1073,E>S,0.4846764368410271,0.08757330241639952,20,0.019581985721721592
1073,S~E,0.45229263272571696,0.0895104657570055,20,0.020015148613033145
1073,S>E,0.4892209909752377,0.0783309628608098,20,0.01751533576997821
1073,S>>E,0.48739531001082603,0.09484193490334801,20,0.021207301356149608
1074,E>>S,0.49426095141884563,0.10734620116243634,20,0.02400334029255746
1074,E>S,0.4697498880725693,0.09208188422070525,20,0.02059013526137622
1074,S~E,0.45153330706454325,0.07832857016022239,20,0.017514800745861887
1074,S>E,0.5023201856361293,0.08982686778202714,20,0.020085898256649845
1074,S>>E,0.47297334697542653,0.08054966972122539,20,0.018011453706181648
1075,E>>S,0.5082818207132174,0.09026211493819448,20,0.020183222479470207
1075,E>S,0.47218332882436453,0.08618310854790073,20,0.019271128922534922
1075,S~E,0.4576859794572572,0.08492650868124288,20,0.01899014465029851
1075,S>E,0.47178184746735463,0.10175391090856736,20,0.0227528661768014
1075,S>>E,0.47719166017849224,0.09063397630308144,20,0.020266373208479516
1076,E>>S,0.502560574705786,0.11478744368896635,20,0.025667252705195796
1076,E>S,0.46599516735543417,0.06895503363313217,20,0.015418814259446783
1076,S~E,0.45019111032485953,0.1041344345630464,20,0.023285167448147535
1076,S>E,0.4831855590171041,0.05474078452952748,20,0.012240411534969228
1076,S>>E,0.4705754137770417,0.09844693235476831,20,0.022013403292158538
1077,E>>S,0.49531072878290283,0.1254935498556925,20,0.028061210821508732
1077,E>S,0.48945574653013457,0.0870219655845952,20,0.019458703058280208
1077,S~E,0.4525439210467814,0.10056900732685527,20,0.02248791368125228
1077,S>E,0.47929280836799126,0.07707907577962927,20,0.017235405308610865
1077,S>>E,0.4667283486891197,0.08672363601596043,20,0.019391994538763654
1078,E>>S,0.4975259438070222,0.10624670455110692,20,0.023757485376161135
1078,E>S,0.47418942566768585,0.07679305869168686,20,0.017171449943474287
1078,S~E,0.43486306127015706,0.09886517112281226,20,0.022106924323775742
1078,S>E,0.4774629172586284,0.07164443543572166,20,0.016020182784386838
1078,S>>E,0.496746441380085,0.11855594353385424,20,0.02650991488783247
1079,E>>S,0.4798565694502055,0.12182124495441754,20,0.027240058482173087
1079,E>S,0.47597727354206076,0.07144445527713104,20,0.015975465861510857
1079,S~E,0.4476126663680918,0.0945783244550815,20,0.0211483562679593
1079,S>E,0.5075864909736681,0.09735436850446304,20,0.021769098588254387
1079,S>>E,0.5100960778593409,0.13109866670406992,20,0.029314553050988863
1080,E>>S,0.46567054713414013,0.10936480692116554,20,0.024454714262186563
1080,E>S,0.4823146688514468,0.07338382337320976,20,0.01640912175113349
1080,S~E,0.45114224668735226,0.06890815454582902,20,0.015408331776853483
1080,S>E,0.4974422004591387,0.10806261141673387,20,0.02416353449539618
1080,S>>E,0.4596776329952488,0.12253830755528372,20,0.027400398554139047
1081,E>>S,0.49033094705770147,0.09635544865096454,20,0.021545733318604713
1081,E>S,0.4860027225403926,0.08640783986340848,20,0.01932138037234975
1081,S~E,0.44560819070183183,0.06512997544159504,20,0.01456350524602984
1081,S>E,0.5020682022539015,0.10937038990816952,20,0.024455962656032403
1081,S>>E,0.48355485326273023,0.09552122925481338,20,0.021359196190810427
1082,E>>S,0.48282450654389786,0.12906185068873188,20,0.028859107144193253
1082,E>S,0.47291618375490163,0.06630816124581936,20,0.014826955600866921
1082,S~E,0.4553758171380033,0.09878562652805566,20,0.0220891376116639
1082,S>E,0.49017645115471603,0.09260938086474209,20,0.020708087096773155
1082,S>>E,0.49601270846289836,0.10857466031758835,20,0.024278032110407643
1083,E>>S,0.48638184281830404,0.08888709304419495,20,0.01987575823691686
1083,E>S,0.4704213382106877,0.06942771132744179,20,0.015524508205039199
1083,S~E,0.4438649556400793,0.08915712533635177,20,0.019936139293055134
1083,S>E,0.4992038655005991,0.09031397130995276,20,0.02019481791670201
1083,S>>E,0.5110341327985317,0.10861696500737152,20,0.024287491726619863
1084,E>>S,0.48011400949555183,0.10267522722650099,20,0.02295887876836934
1084,E>S,0.4915303950054299,0.10201701009969823,20,0.02281169694442078
1084,S~E,0.46868047671483365,0.06973917651924764,20,0.01559415393918949
1084,S>E,0.48734332276662984,0.07023463205026619,20,0.01570494116390806
1084,S>>E,0.48893941052135137,0.09409047458328756,20,0.021039269720344717
1085,E>>S,0.4954259332486302,0.09126344466389029,20,0.020407126612924913
1085,E>S,0.4563361953055428,0.08892876522624281,20,0.01988507642009984
1085,S~E,0.4800399601058566,0.09232207903904605,20,0.02064384445554154
1085,S>E,0.49223269321730967,0.117864171220942,20,0.02635522989617007
1085,S>>E,0.47709882602070053,0.11386766610372039,20,0.025461584184716737
1086,E>>S,0.5016092372714837,0.09541477888951053,20,0.021335393165505742
1086,E>S,0.4799143801123771,0.08263253388143929,20,0.01847719629119528
1086,S~E,0.45926345637873134,0.09927758893038022,20,0.022199143749061078
1086,S>E,0.47371666458717465,0.08722567090023663,20,0.019504252951595438
1086,S>>E,0.49174933309135815,0.11377904621796406,20,0.025441768175845796
1087,E>>S,0.4817175988064891,0.10818936304705215,20,0.024191877021561236
1087,E>S,0.46739367292707723,0.09787046691463311,20,0.02188450170107637
1087,S~E,0.4616729220145122,0.09565432921888128,20,0.02138895824755629
1087,S>E,0.4956326701680279,0.09007718939847566,20,0.020141871871711497
1087,S>>E,0.468204186036105,0.11465144863182353,20,0.025636843285958267
1088,E>>S,0.49758945015830996,0.11348983203843378,20,0.025377097919297147
1088,E>S,0.4595241478744341,0.08794676330771602,20,0.019665494115713725
1088,S~E,0.46690903217738383,0.09025738202195062,20,0.0201821641672249
1088,S>E,0.4641055354193778,0.08204499857143685,20,0.018345819401960593
1088,S>>E,0.5163519464956442,0.11631336698542803,20,0.026008459527129685
1089,E>>S,0.48045353477229114,0.12737724973611247,20,0.028482418919691464
1089,E>S,0.4886313861377253,0.08806382361901248,20,0.019691669597066343
1089,S~E,0.4644738238141364,0.0808282199932319,20,0.018073739440517413
1089,S>E,0.49541493113315677,0.09832222920060589,20,0.021985518819186957
1089,S>>E,0.47711512496192576,0.08973963052650957,20,0.020066391413299065
1090,E>>S,0.5037625476989112,0.10186820282894235,20,0.022778422627125147
1090,E>S,0.4764951670448723,0.06537936063369205,20,0.014619269470240915
1090,S~E,0.45945748848095347,0.09672302121607976,20,0.02162792504283087
1090,S>E,0.45721200044689453,0.07067010358848369,20,0.015802315560080136
1090,S>>E,0.4743476919582629,0.07995307648006623,20,0.01787805140196677
1091,E>>S,0.5022786172697367,0.09574469288871454,20,0.02140916417840064
1091,E>S,0.4735588214552636,0.09152501227386907,20,0.020465614908587382
1091,S~E,0.43458867649903443,0.08638544406275499,20,0.019316372519082574
1091,S>E,0.4787221201545925,0.0742347067090549,20,0.016599385049120643
1091,S>>E,0.48225625380633286,0.07662249544358328,20,0.01713331084175201
1092,E>>S,0.4816143462497939,0.09147834727385196,20,0.020455180297366555
1092,E>S,0.4720372048843095,0.08734320644554378,20,0.019530534698503365
1092,S~E,0.439560690680747,0.10182471408693053,20,0.022768698248785708
1092,S>E,0.5061817071660115,0.09097308293197909,20,0.02034219975586311
1092,S>>E,0.4850615978393898,0.09726610445504917,20,0.021749362146808508
1093,E>>S,0.49660575924599454,0.11854029751494607,20,0.02650641633164688
1093,E>S,0.4764110788592385,0.06609339711715978,20,0.01477893288178579
1093,S~E,0.4504539630788294,0.09273964702408602,20,0.02073721549551924
1093,S>E,0.4830353516123396,0.10962355271240841,20,0.024512571579997665
1093,S>>E,0.47482157249763757,0.09577768724703835,20,0.021416541941209243
1094,E>>S,0.4882660789906135,0.10681706349474784,20,0.023885021513116743
1094,E>S,0.4656185561648969,0.112210092528675,20,0.025090939465565856
1094,S~E,0.4570806799869339,0.0876555024420129,20,0.019600366206223963
1094,S>E,0.5102649895333817,0.1029710325585976,20,0.023025022851436833
1094,S>>E,0.4608251642388952,0.13797957116607187,20,0.030853170063360663
1095,E>>S,0.47684539860147945,0.11362524692452595,20,0.025407377608343894
1095,E>S,0.45899953849248815,0.10024414254483142,20,0.02241527170764218
1095,S~E,0.44959305349505263,0.08473340234511773,20,0.018946964760852333
1095,S>E,0.47734491261513085,0.09081804147276772,20,0.020307531431650372
1095,S>>E,0.4848895167709298,0.061571648484892084,20,0.013767839149894063
1096,E>>S,0.4781192600968976,0.10003148679580282,20,0.02236772043657877
1096,E>S,0.4717723934887175,0.08927720231581389,20,0.01996298932191615
1096,S~E,0.441131045175524,0.07341148274471242,20,0.01641530657462298
1096,S>E,0.48151523164580345,0.07584934816321891,20,0.01696042985420063
1096,S>>E,0.4733135922154477,0.11280168511582601,20,0.02522322358955132
1097,E>>S,0.4990124327158439,0.09576500421199782,20,0.02141370592835808
1097,E>S,0.4800487153279157,0.07544779775993389,20,0.016870640454386854
1097,S~E,0.43613508581415344,0.08544472222472813,20,0.019106020721307914
1097,S>E,0.46934968300300905,0.07385375272255033,20,0.01651420114810827
1097,S>>E,0.4842391217917507,0.0806090886907808,20,0.01802474019168954
1098,E>>S,0.4969671458612327,0.097179397895838,20,0.02172997397075938
1098,E>S,0.459123625561311,0.08495606380451927,20,0.01899675337677145
1098,S~E,0.45510627340756776,0.07566922182136313,20,0.01692015237970784
1098,S>E,0.4799421470856651,0.07210587624097657,20,0.016123364085201063
1098,S>>E,0.5057370377547101,0.11211835866839208,20,0.02507042715082275
1099,E>>S,0.48225410379545475,0.0791548590635927,20,0.01769956456156086
1099,E>S,0.4722871900288509,0.09321723828713883,20,0.020844008148483847
1099,S~E,0.4525607136426381,0.08796170866550099,20,0.019668835999309252
1099,S>E,0.4848961517743266,0.09058910484099117,20,0.020256339644531152
1099,S>>E,0.4977368235674525,0.07559393181505858,20,0.016903317022495503
1100,E>>S,0.4723010276465728,0.11098125539197871,20,0.024816163128472946
1100,E>S,0.4491649182030937,0.08037573467299657,20,0.017972560647030716
1100,S~E,0.44515761468133863,0.0674263670116064,20,0.015076994011380124
1100,S>E,0.4571433816817362,0.07511970796485926,20,0.016797277345935765
1100,S>>E,0.5129950976640343,0.10564431728036078,20,0.02362278748754424
1101,E>>S,0.4755464875720059,0.10659866941429655,20,0.023836187112139477
1101,E>S,0.47047266018186046,0.07454422296784649,20,0.016668594988600585
1101,S~E,0.4602990534597562,0.08246169130739561,20,0.01843899473029401
1101,S>E,0.47416565710090197,0.08290970650886594,20,0.018539173974838098
1101,S>>E,0.4838211819037877,0.08916932733858536,20,0.019938867743700725
1102,E>>S,0.5024941793241234,0.13087476217014546,20,0.029264486475156313
1102,E>S,0.4617727642132225,0.09813936237713113,20,0.021944628554375054
1102,S~E,0.45101830618328975,0.09840806721041338,20,0.02200471278168524
1102,S>E,0.4856029835705348,0.09616300277182412,20,0.02150270111182994
1102,S>>E,0.491067632229708,0.12865390765477816,20,0.02876788830870645
1103,E>>S,0.49587332755167157,0.11228683939273182,20,0.025108100586074954
1103,E>S,0.47774453290639085,0.09937312077513402,20,0.022220505318949625
1103,S~E,0.46924343961539927,0.0996546131271781,20,0.02228344892238131
1103,S>E,0.4828952873931692,0.10280846868629012,20,0.02298867246452032
1103,S>>E,0.49158820332488,0.09714500183585252,20,0.02172228277793081
1104,E>>S,0.5019320072200434,0.12765528842220134,20,0.028544590259938406
1104,E>S,0.45740922262861633,0.09868243271824861,20,0.022066062774305326
1104,S~E,0.4377575117342932,0.08016282749735246,20,0.017924953155266942
1104,S>E,0.4965797779469107,0.07338123112942337,20,0.01640854210780143
1104,S>>E,0.4892529271921841,0.1232979571448002,20,0.02757026136626291
1105,E>>S,0.48635933452220204,0.11775429815513068,20,0.026330661531765026
1105,E>S,0.45592112141921814,0.10743205551234022,20,0.024022537908812373
1105,S~E,0.44925359626744343,0.10134979238725149,20,0.022662502528338502
1105,S>E,0.4992849523362074,0.0902651729759181,20,0.020183906277492985
1105,S>>E,0.47980798055184576,0.07672544879594775,20,0.017156331911191855
1106,E>>S,0.48899329486203663,0.10842235356292847,20,0.024243975284722455
1106,E>S,0.4836151110567273,0.10178266781815408,20,0.02275929641726727
1106,S~E,0.4605925386205144,0.0805488842441524,20,0.01801127806816865
1106,S>E,0.483688421886168,0.085795930556828,20,0.01918455329179188
1106,S>>E,0.48102398735195867,0.1061911783784082,20,0.02374506934649266
1107,E>>S,0.48547828377391655,0.10049145854658614,20,0.022470573246826882
1107,E>S,0.4617634852035728,0.09623042135329984,20,0.021517776364942575
1107,S~E,0.43517260702264665,0.08830586048940542,20,0.019745790686592334
1107,S>E,0.48826657213262575,0.0852111773945961,20,0.01905379850971103
1107,S>>E,0.45989724640342305,0.10404628556096843,20,0.023265456732068025
1108,E>>S,0.4844042146979007,0.1066236210744722,20,0.0238417664729699
1108,E>S,0.47940826183982466,0.07397906058981181,20,0.016542220839039487
1108,S~E,0.47346234926154745,0.09170291129568668,20,0.020505394339178872
1108,S>E,0.45128102779102247,0.08464497869980353,20,0.018927192632678246
1108,S>>E,0.5003480227120092,0.11675543171605356,20,0.026107308205943067
1109,E>>S,0.48388908746187653,0.11251876049535936,20,0.02515995972116414
1109,E>S,0.47339945266146743,0.07738156104645008,20,0.017303043070491214
1109,S~E,0.46135200482951977,0.10104077904097503,20,0.022593405043515615
1109,S>E,0.47688188414676025,0.0867744213345594,20,0.019403350481228283
1109,S>>E,0.44994452574358695,0.0704195578258098,20,0.015746291824398802
1110,E>>S,0.5074955050055465,0.12487803864937551,20,0.027923578331684965
1110,E>S,0.4873641745113539,0.0906851241533683,20,0.020277810215493956
1110,S~E,0.4394319847863482,0.09301783904154662,20,0.020799421121703212
1110,S>E,0.4641409942743236,0.07232509776672323,20,0.016172383508571135
1110,S>>E,0.4736077964266805,0.10737421027945176,20,0.02400960332152108
1111,E>>S,0.5141148289373184,0.11854483936096664,20,0.026507431919291412
1111,E>S,0.4730198145203712,0.0920062470051034,20,0.020573222265804762
1111,S~E,0.43737971060835357,0.08350084888575485,20,0.01867135742874854
1111,S>E,0.49779347299064486,0.08189003158845946,20,0.018311167731140044
1111,S>>E,0.4654927825777356,0.0788487538818454,20,0.01763111736209567
1112,E>>S,0.49425786255468207,0.14158136950762717,20,0.031658556656657025
1112,E>S,0.4687813938705765,0.07819147045105491,20,0.017484144318922493
1112,S~E,0.4592035641189226,0.08483586179558389,20,0.018969875390470292
1112,S>E,0.49136382178998395,0.086499943052157,20,0.019341975271448368
1112,S>>E,0.47815258089573887,0.09981555014602757,20,0.02231943553380567
1113,E>>S,0.5006888004065383,0.1053568086972103,20,0.023558498613940326
1113,E>S,0.47103493534234187,0.09506115915199823,20,0.021256321388379427
1113,S~E,0.45456723938850974,0.09029635716720136,20,0.020190879274646256
1113,S>E,0.4759754256271929,0.05403105172652243,20,0.012081710455631152
1113,S>>E,0.47589096061428615,0.09640162495377085,20,0.02155605865380716
1114,E>>S,0.49508100160343715,0.09235756393491922,20,0.020651779119476233
1114,E>S,0.46427294268960023,0.07631178275117427,20,0.017063833371582158
1114,S~E,0.44946191815345105,0.0829957702943835,20,0.018558418422319922
1114,S>E,0.4619676429515148,0.09615646940518505,20,0.021501240206637254
1114,S>>E,0.48193221633898825,0.08813466050067423,20,0.01970750920533732
1115,E>>S,0.48931525243445406,0.10596970020343387,20,0.02369554532101514
1115,E>S,0.4627736107965921,0.09635976862232082,20,0.02154669929356606
1115,S~E,0.4465235754938276,0.11360292611218809,20,0.025402386522973844
1115,S>E,0.48961468939483527,0.08074710371938056,20,0.018055601290276103
1115,S>>E,0.46096172141849223,0.11040165338559388,20,0.02468656017985577
1116,E>>S,0.507167240760704,0.0914058393379115,20,0.020438967029999446
1116,E>S,0.4692071947569724,0.08364339221562025,20,0.018703231086280362
1116,S~E,0.45669315502049884,0.08358541809608026,20,0.01869026767905765
1116,S>E,0.4655927364246401,0.06002498833920078,20,0.013421995427508514
1116,S>>E,0.48981359809746133,0.09001725920751578,20,0.020128471073622412
1117,E>>S,0.48319125815578845,0.1075891265836142,20,0.024057660068079106
1117,E>S,0.4735716445726063,0.0831492078867304,20,0.01859272811099908
1117,S~E,0.4318732683707597,0.10232546021270417,20,0.02288066848645566
1117,S>E,0.4875925013323939,0.0986535678842434,20,0.022059608401205834
1117,S>>E,0.4647990881402634,0.14540017961041626,20,0.032512468554956965
1118,E>>S,0.48744575380436717,0.11500510281882927,20,0.02571592276622549
1118,E>S,0.45859339808489386,0.08456759934454852,20,0.018909890082837714
1118,S~E,0.42693101786421683,0.07207050560119135,20,0.01611545496970432
1118,S>E,0.4692600586099299,0.10318743162057896,20,0.023073411152722583
1118,S>>E,0.45318102440440383,0.1401700122007636,20,0.03134296756878823
1119,E>>S,0.4962845803254698,0.14240699380212574,20,0.031843171861294435
1119,E>S,0.4540366464016281,0.12266515244096803,20,0.027428761932837876
1119,S~E,0.4658285618055003,0.07017657605336944,20,0.015691959448351795
1119,S>E,0.48301478634912626,0.06772098759825895,20,0.015142873177312723
1119,S>>E,0.47167836146939496,0.08319332705526562,20,0.018602593456994634
1120,E>>S,0.4860235911180328,0.1480351914205823,20,0.033101675107861564
1120,E>S,0.45324292212097933,0.08854614002045028,20,0.019799518823094144
1120,S~E,0.4491511407112457,0.09828807498800259,20,0.02197788170507706
1120,S>E,0.4806247612000848,0.08298707284981871,20,0.018556473614592183
1120,S>>E,0.48192913088189115,0.08810644426974856,20,0.01970119986429546
1121,E>>S,0.49313980298256455,0.1068140991255075,20,0.02388435866000356
1121,E>S,0.4673771791534018,0.08811261381888742,20,0.01970257941742196
1121,S~E,0.4325094370786874,0.07582021891915006,20,0.016953916357213515
1121,S>E,0.45598119036963325,0.09818799160452843,20,0.02195550238019042
1121,S>>E,0.488607811218678,0.10906758560271354,20,0.024388253554944485
1122,E>>S,0.48429428116345347,0.105363158899748,20,0.023559918562394845
1122,E>S,0.4570356359805012,0.09406165983753714,20,0.021032826547319486
1122,S~E,0.4433141819552449,0.08735221333256903,20,0.019532548699668778
1122,S>E,0.49051338418181534,0.1065182861253903,20,0.023818212862314538
1122,S>>E,0.4866809407505762,0.1051566312274334,20,0.023513737570941825
1123,E>>S,0.48201606290246274,0.11183420537516953,20,0.02500688854285514
1123,E>S,0.45916867613152534,0.09451951192941101,20,0.02113520538742653
1123,S~E,0.4290442318891229,0.07445188479786007,20,0.01664794754609983
1123,S>E,0.48769928610989444,0.08684679119486428,20,0.01941953287394467
1123,S>>E,0.5010875787383715,0.08005177057879188,20,0.01790012007333963
1124,E>>S,0.49396142435050344,0.11938646693532086,20,0.02669562556609084
1124,E>S,0.4698362884377529,0.10024839591189585,20,0.022416222789431114
1124,S~E,0.4329184671882468,0.09814732339623472,20,0.021946408692363636
1124,S>E,0.47984266359562755,0.08544590003283589,20,0.019106284087207256
1124,S>>E,0.49229462355911285,0.08556398710872537,20,0.01913268916010256
1125,E>>S,0.4734357673010342,0.1212647011907637,20,0.02711561151337473
1125,E>S,0.4728039294000519,0.11483083146663607,20,0.025676954507222013
1125,S~E,0.464599786033864,0.08274203911798203,20,0.018501682406475456
1125,S>E,0.4763856305476484,0.09387770627656027,20,0.020991693280614742
1125,S>>E,0.49724170477018503,0.13045849635884676,20,0.029171406610079016
1126,E>>S,0.4938249075708228,0.10090374054309635,20,0.022562762303836498
1126,E>S,0.46760731053780924,0.09087497960469228,20,0.02032026318499989
1126,S~E,0.4496851525666181,0.08178074965357178,20,0.018286731547627888
1126,S>E,0.46894639398249216,0.09174194242630203,20,0.020514121965308333
1126,S>>E,0.48246734725695256,0.11404067575054411,20,0.025500270317822846
1127,E>>S,0.4753447365135205,0.0854491229100107,20,0.019107004744451855
1127,E>S,0.4549791545519207,0.10606586328987334,20,0.023717048040835628
1127,S~E,0.458716557922522,0.08501665152207587,20,0.019010301202277258
1127,S>E,0.4753305820892539,0.07508696666339251,20,0.016789956168360622
1127,S>>E,0.49077460291013464,0.08955635311693391,20,0.02002540933864394
1128,E>>S,0.4991278864757501,0.09393219506340468,20,0.021003877343754303
1128,E>S,0.4808284660779697,0.1014742423532108,20,0.022690330386706755
1128,S~E,0.43399168609295585,0.07803512846767145,20,0.017449185188664236
1128,S>E,0.47167522930910144,0.10364205417693544,20,0.023175067846734364
1128,S>>E,0.4548402795371807,0.10735105636298427,20,0.024004425948404413
1129,E>>S,0.4908035319438141,0.11713070100904768,20,0.026191220970843383
1129,E>S,0.47962863574286646,0.09112652354999315,20,0.020376510121102014
1129,S~E,0.45207302030670415,0.07305912355780149,20,0.016336516665180042
1129,S>E,0.4536841370862482,0.088870502091985,20,0.01987204838722157
1129,S>>E,0.4992934194195563,0.10783963634063896,20,0.02411367575265254
1130,E>>S,0.47276751980761167,0.10942595446305574,20,0.024468387268218914
1130,E>S,0.4574245376603486,0.10353505998961457,20,0.023151143219129682
1130,S~E,0.4028699208765805,0.10906478835917775,20,0.02438762807227492
1130,S>E,0.5077011913836349,0.11592111564667754,20,0.025920749461358545
1130,S>>E,0.49509950711434136,0.09798013219837713,20,0.021909023603998715
1131,E>>S,0.4755873961850458,0.12019767977209524,20,0.026877018270815636
1131,E>S,0.4611801088329058,0.08872393211050984,20,0.01983927434301764
1131,S~E,0.4610107158680493,0.0947134087238512,20,0.021178562028725288
1131,S>E,0.4812877996560914,0.08595759870725397,20,0.01922070338920679
1131,S>>E,0.47864311742926996,0.1068095062165755,20,0.02388333165434492
1132,E>>S,0.4936530320933201,0.11387390823295825,20,0.02546297996724676
1132,E>S,0.4735076396573759,0.12808614028653814,20,0.028640931665627367
1132,S~E,0.4361814273196659,0.096923527934953,20,0.02167275970816547
1132,S>E,0.46951616917959704,0.09137171560793886,20,0.02043133673201298
1132,S>>E,0.44813651924905457,0.07869032850726658,20,0.01759569237140376
1133,E>>S,0.48099202104721517,0.09678529334641396,20,0.02164184951448397
1133,E>S,0.4623721712352272,0.11142938604545378,20,0.024916368188870112
1133,S~E,0.44174715610862075,0.08348073884632282,20,0.018666860687228518
1133,S>E,0.48697324092543626,0.08518725617153755,20,0.019048449561624645
1133,S>>E,0.4709046650334837,0.073713963308206,20,0.01648294328480739
1134,E>>S,0.509673560821796,0.09002521410443229,20,0.020130249842648343
1134,E>S,0.4763202543370303,0.10079105870798237,20,0.02253756587952207
1134,S~E,0.4554546150115345,0.09708144165115871,20,0.02170807028856703
1134,S>E,0.4543670226498498,0.07681280569645355,20,0.01717586550797532
1134,S>>E,0.5064033991586949,0.10068479048313907,20,0.022513803582062283
1135,E>>S,0.4727105709536092,0.09510129472585065,20,0.021265295975524425
1135,E>S,0.45915923855925866,0.10231016360589344,20,0.022877248061190274
1135,S~E,0.43607937217464754,0.0833852240475596,20,0.018645502928939343
1135,S>E,0.49484484664706824,0.08393340301713556,20,0.018768079472920106
1135,S>>E,0.48861605546067716,0.09039992797418932,20,0.020214038411137215
1136,E>>S,0.4920580456772351,0.14010506396665207,20,0.03132844470213903
1136,E>S,0.4592073808196943,0.09405286225036558,20,0.021030859347024127
1136,S~E,0.4468883597223793,0.08855337865810521,20,0.019801137431680237
1136,S>E,0.48753997717572684,0.1118629913450055,20,0.025013325281390292
1136,S>>E,0.5036615395461446,0.07625356247970048,20,0.01705081492311377
1137,E>>S,0.49595284883857654,0.1006150455187397,20,0.022498208133913757
1137,E>S,0.46446501390493894,0.08139051862481769,20,0.018199473236905506
1137,S~E,0.4368275586417636,0.06945293406810034,20,0.015530148181308335
1137,S>E,0.4920664208435165,0.0804614285088917,20,0.017991722371262137
1137,S>>E,0.49052971751292224,0.11544927001868524,20,0.02581524157145086
1138,E>>S,0.5024113062635864,0.11083122416937502,20,0.02478261512722402
1138,E>S,0.4671909787742143,0.09534562062966366,20,0.021319928908483422
1138,S~E,0.45086126278868727,0.08326500521695201,20,0.018618621181197934
1138,S>E,0.48159541867678557,0.0817594694526721,20,0.018281973150049233
1138,S>>E,0.4683485318504125,0.10238177536040399,20,0.022893260936297635
1139,E>>S,0.49645495186984234,0.163784436177943,20,0.03662331329503564
1139,E>S,0.4569919597461947,0.09714817069350566,20,0.021722991356043154
1139,S~E,0.4241819592828711,0.06530694414975279,20,0.014603076652162943
1139,S>E,0.4737715974794532,0.08165092943126386,20,0.018257702863434422
1139,S>>E,0.510106112243752,0.11095381756348342,20,0.024810027843505902
1140,E>>S,0.4911929482571198,0.08933149468611401,20,0.019975129464981214
1140,E>S,0.4647502281483938,0.08416316025413696,20,0.01881945475294587
1140,S~E,0.44834646945561785,0.06339613282066318,20,0.014175806249760836
1140,S>E,0.4788635872213819,0.09571505772374093,20,0.0214025375540601
1140,S>>E,0.4553032116716366,0.13643468612577025,20,0.03050772326660697
1141,E>>S,0.4987629596909174,0.09961220150152895,20,0.022273965394582537
1141,E>S,0.47188594710153053,0.10662771821891431,20,0.02384268262231852
1141,S~E,0.4709488808169892,0.079504291994931,20,0.01777770014036581
1141,S>E,0.49476175355804275,0.10284588519333199,20,0.022997039049842943
1141,S>>E,0.48115569862813956,0.10672788899000674,20,0.023865081487670643
1142,E>>S,0.4764071811572374,0.10699457536252963,20,0.023924714373434044
1142,E>S,0.4806681017360283,0.1069925238226806,20,0.023924255635177947
1142,S~E,0.42372871278473345,0.0841245645118654,20,0.018810824482609744
1142,S>E,0.4892509352836091,0.08097101780218899,20,0.01810567000130402
1142,S>>E,0.4882235303679366,0.11602628378398434,20,0.02594426577176705
1143,E>>S,0.49324439591053587,0.12251597089489644,20,0.027395403925037417
1143,E>S,0.477073471637074,0.10011761892082342,20,0.02238698016523803
1143,S~E,0.45873756927812026,0.08346987170776947,20,0.0186644307211759
1143,S>E,0.4688824158462698,0.0895396851612118,20,0.020021682270439878
1143,S>>E,0.46941515297904723,0.0774299715633955,20,0.017313867991162798
1144,E>>S,0.4626411129277447,0.12723193023421492,20,0.028449924491221527
1144,E>S,0.4640147155645119,0.09003333444034166,20,0.020132065604957693
1144,S~E,0.45939174219082685,0.10369089767235831,20,0.023185989584336788
1144,S>E,0.4892828495835412,0.08687465918420369,20,0.019425764345800584
1144,S>>E,0.502585906241017,0.13394927757071753,20,0.02995196901851123
1145,E>>S,0.49590795046523606,0.10704927814563675,20,0.023936946287592638
1145,E>S,0.46729940970783124,0.1032064314698728,20,0.02307765964818091
1145,S~E,0.4476263809336872,0.054311428753660275,20,0.012144404664832105
1145,S>E,0.47233275940625613,0.09678849103186682,20,0.021642564538688295
1145,S>>E,0.4700256001766105,0.10466408219423064,20,0.023403600258892505
1146,E>>S,0.4936999040728396,0.12443218957201665,20,0.02782388344721697
1146,E>S,0.45677945252287017,0.10212427064498669,20,0.02283568113147765
1146,S~E,0.4484892826716297,0.08052498236419077,20,0.01800593344533023
1146,S>E,0.4820508119340504,0.09696412641237735,20,0.021681837803695855
1146,S>>E,0.48645599979078724,0.10114954769305017,20,0.02261772645350172
1147,E>>S,0.47490052094704593,0.10669069411822946,20,0.023856764461499803
1147,E>S,0.46618626910122263,0.08129485284950325,20,0.01817808171923317
1147,S~E,0.4471551102230434,0.08600093574542612,20,0.019230393845536434
1147,S>E,0.48541207137199827,0.08906611393716855,20,0.01991578852552503
1147,S>>E,0.47765024664379707,0.10107934362748666,20,0.022602028347212033
1148,E>>S,0.5012393276773908,0.11742479565485052,20,0.026256982532826767
1148,E>S,0.4645501081178298,0.09490049823485441,20,0.021220396515173327
1148,S~E,0.4361568268019494,0.09799662165990382,20,0.021912710759687322
1148,S>E,0.49272738578281683,0.09926433036329764,20,0.02219617904333299
1148,S>>E,0.5165340280009115,0.11797217437037977,20,0.02637938013456276
1149,E>>S,0.499567652219777,0.10281572540782899,20,0.02299029511678579
1149,E>S,0.47688525553717315,0.08397336475142012,20,0.01877701518835601
1149,S~E,0.4469067780903308,0.07520621609518097,20,0.016816621151936342
1149,S>E,0.48204222808342856,0.10604213538127623,20,0.023711742319176922
1149,S>>E,0.47036050634754467,0.10870676618546114,20,0.024307571880486663
1150,E>>S,0.4759861129298086,0.12584441098363228,20,0.028139665754782293
1150,E>S,0.46667358283778304,0.10445650974835712,20,0.023357185648969596
1150,S~E,0.4590990925296305,0.08166734276229613,20,0.01826137299582696
1150,S>E,0.4909392716488699,0.09002445394574173,20,0.020130079865997765
1150,S>>E,0.48567917857916765,0.09463356312905462,20,0.02116070801095838
1151,E>>S,0.5148669317201431,0.11937706014966003,20,0.0266935221448721
1151,E>S,0.45574813877501813,0.09596937779572853,20,0.02145940525096079
1151,S~E,0.45886878470829223,0.075338665316924,20,0.01684623769827478
1151,S>E,0.4666001746680018,0.08101809023112282,20,0.018116195716400225
1151,S>>E,0.47677763438334636,0.10058356418067217,20,0.02249116869271959
1152,E>>S,0.4951595761272939,0.10598119878437921,20,0.023698116481879
1152,E>S,0.4598303026295902,0.10518892805512596,20,0.023520959361159638
1152,S~E,0.4404947089308303,0.06854107101753908,20,0.015326249404585804
1152,S>E,0.4904740150044272,0.08951924089490694,20,0.020017110793519102
1152,S>>E,0.4701152310999849,0.14974147133738971,20,0.03348321089612397
1153,E>>S,0.49026008591032266,0.08843768590618786,20,0.019775267745901114
1153,E>S,0.47292248493810984,0.07697671194193004,20,0.01721251605865754
1153,S~E,0.4463636916772116,0.06910300418102504,20,0.015451901479822417
1153,S>E,0.47396422907013064,0.08819705790639354,20,0.019721461689418122
1153,S>>E,0.5012758980818599,0.13194535081097936,20,0.029503877372840683
1154,E>>S,0.5025575074482345,0.1323239755382422,20,0.02958854043565289
1154,E>S,0.46425375011120584,0.10210958244620129,20,0.022832396750382532
1154,S~E,0.45016986743369347,0.10011272528553018,20,0.02238588591512075
1154,S>E,0.4694707224107323,0.10364145211737041,20,0.023174933222122975
1154,S>>E,0.4772016473463836,0.092358908400282,20,0.020652079751070692
1155,E>>S,0.491770044394074,0.12075390321238724,20,0.027001393613132807
1155,E>S,0.44988292462507273,0.10289223202885413,20,0.02300740251731989
1155,S~E,0.46203576446438105,0.0806989093200007,20,0.01804482469496129
1155,S>E,0.5014843766027319,0.10830374290399518,20,0.02421745313509937
1155,S>>E,0.4814568223442392,0.09519491470548844,20,0.02128623003937665
1156,E>>S,0.49721296729503733,0.12471888230404553,20,0.027887989890964138
1156,E>S,0.4707903600502159,0.09377834110289715,20,0.020969474552324063
1156,S~E,0.4596327426030933,0.07010024074347476,20,0.015674890354150997
1156,S>E,0.48735449350698906,0.10019264640164899,20,0.022403756819968684
1156,S>>E,0.47071243219064113,0.10232124664412712,20,0.022879726303879046
1157,E>>S,0.4679822308356002,0.09726108088907039,20,0.021748238843306705
1157,E>S,0.4782707165875932,0.07064635139616061,20,0.01579700440841523
1157,S~E,0.4485943788864576,0.08579736600337066,20,0.019184874267396623
1157,S>E,0.48540678633654233,0.07542203582859591,20,0.016864879911416514
1157,S>>E,0.48035479790288393,0.11635438787980296,20,0.026017632077961702
1158,E>>S,0.49156478780551643,0.12249784262259453,20,0.027391350320119245
1158,E>S,0.4699690805817223,0.09042898854974697,20,0.020220536553378434
1158,S~E,0.45652116819665906,0.0766655037152514,20,0.01714292778365648
1158,S>E,0.48988618820296354,0.09338757208914351,20,0.020882095944498694
1158,S>>E,0.49700861684142417,0.0989048773413099,20,0.02211580290414476
1159,E>>S,0.4800611290682905,0.116196057340331,20,0.025982228293044352
1159,E>S,0.48538385224847386,0.07660579840986363,20,0.017129577271510037
1159,S~E,0.4340396726537744,0.07932534331616911,20,0.017737685999346272
1159,S>E,0.4925925949360786,0.08183738493498038,20,0.018299395581543334
1159,S>>E,0.4933246053942321,0.0864198779846498,20,0.019324072178091446
1160,E>>S,0.5072021204828822,0.10946408640193318,20,0.024476913828963297
1160,E>S,0.46783998683913514,0.07706286377533196,20,0.017231780194244834
1160,S~E,0.45114110243847205,0.09122900490525913,20,0.020399425648782117
1160,S>E,0.5010419640073575,0.08777743660069963,20,0.01962763151298424
1160,S>>E,0.4712361951635556,0.09737916830502998,20,0.021774643992244
1161,E>>S,0.5081926696347676,0.12868474475230957,20,0.02877478369333735
1161,E>S,0.458677582058377,0.11925098888550241,20,0.026665331753205526
1161,S~E,0.4584484977982621,0.07261785259558294,20,0.0162378454783783
1161,S>E,0.4774270239789007,0.09800421649622638,20,0.021914409016716846
1161,S>>E,0.4863798823720981,0.06923602701091527,20,0.015481646288841812
1162,E>>S,0.49827829101718324,0.11669968981997773,20,0.02609484393906104
1162,E>S,0.4654390643021561,0.08022193816506473,20,0.017938170702386947
1162,S~E,0.43876692473904566,0.09643817032116504,20,0.021564230446382775
1162,S>E,0.4994778013262162,0.08893794521527221,20,0.01988712912805008
1162,S>>E,0.49058495556229553,0.14017901531191296,20,0.031344980725642124
1163,E>>S,0.4938727342700709,0.1072533834198748,20,0.02398258561436889
1163,E>S,0.47740840225586234,0.1135684065490094,20,0.025394667713991733
1163,S~E,0.4490530669650952,0.0774173704617231,20,0.017311050299169715
1163,S>E,0.4901735886110739,0.07560362787851287,20,0.016905485128195296
1163,S>>E,0.47940715416260654,0.08592974009186737,20,0.019214474013430443
1164,E>>S,0.4940272248001222,0.14362409472161822,20,0.0321153239004407
1164,E>S,0.479319077161812,0.07550224028388221,20,0.016882814172828362
1164,S~E,0.42880364572640806,0.09966519990550007,20,0.02228581619798038
1164,S>E,0.4861008283873048,0.08688853558923806,20,0.019428867204294605
1164,S>>E,0.48009450082993405,0.11519715581167955,20,0.025758867120955042
1165,E>>S,0.49280136567243654,0.12528281714708464,20,0.02801408955535575
1165,E>S,0.4664884904882133,0.09519845201211521,20,0.021287021005184124
1165,S~E,0.4597193411746585,0.069533623747514,20,0.015548190942133496
1165,S>E,0.4864233881391957,0.08500795622254423,20,0.019008356874193513
1165,S>>E,0.5071722345885914,0.11203415134871764,20,0.025051597821723236
1166,E>>S,0.5024022749652295,0.0881425442266557,20,0.019709272060058375
1166,E>S,0.4613982081474076,0.08765420408267198,20,0.019600075884249415
1166,S~E,0.44140998546628996,0.09602882490932942,20,0.021472698029668565
1166,S>E,0.4618426884024213,0.09654902104313022,20,0.021589017421349683
1166,S>>E,0.47846550106829716,0.11099009599743141,20,0.024818139947948396
1167,E>>S,0.4834291550010607,0.13245406275761365,20,0.029617628822204735
1167,E>S,0.4608138170637443,0.10354074907421192,20,0.023152415337118624
1167,S~E,0.4374769075015644,0.08342368006745243,20,0.018654101956401787
1167,S>E,0.48314748880659897,0.09508617558641853,20,0.021261915233171277
1167,S>>E,0.474178584559468,0.09324411307955088,20,0.0208500175347553
1168,E>>S,0.5053904969922866,0.11723660893338306,20,0.026214902702660362
1168,E>S,0.4786776478678213,0.07482091633208891,20,0.016730465505737504
1168,S~E,0.43946391641953675,0.08758389613113311,20,0.019584354548349447
1168,S>E,0.49049846585307594,0.09666541266503459,20,0.021615043379208644
1168,S>>E,0.4649625759916739,0.1076329370325424,20,0.024067456382271927
1169,E>>S,0.4856605587929984,0.10460009602897863,20,0.0233892925173802
1169,E>S,0.4716359955919014,0.0785699310556975,20,0.01756877068280114
1169,S~E,0.45527509016018125,0.058476073946911095,20,0.013075647640259763
1169,S>E,0.4763043033043025,0.08817617410751166,20,0.01971679193002529
1169,S>>E,0.49940057906028734,0.10025920306666164,20,0.02241863934270108
1170,E>>S,0.4816511479101019,0.12332349036202811,20,0.0275759707672035
1170,E>S,0.4714071668603081,0.08541359698574043,20,0.019099060906288674
1170,S~E,0.46353934579659384,0.0674976408719066,20,0.015092931331045133
1170,S>E,0.47246818113253203,0.10730666474940329,20,0.023994499681844618
1170,S>>E,0.4672769093853586,0.08984625197213297,20,0.020090232693326385
1171,E>>S,0.4986386235789082,0.1131500311683472,20,0.025301116134864427
1171,E>S,0.46587680082132976,0.09302568069480348,20,0.020801174568677045
1171,S~E,0.45468870796178723,0.0818103346608372,20,0.018293346956363917
1171,S>E,0.4899499197860913,0.10091005848444794,20,0.022564175038470496
1171,S>>E,0.4846732853981851,0.10390902658766514,20,0.023234764692585227
1172,E>>S,0.4600072233632254,0.1161143941057785,20,0.025963967838672164
1172,E>S,0.4604022383149092,0.09665624515501561,20,0.02161299346164996
1172,S~E,0.45846976921394306,0.07698901524688392,20,0.01721526716128002
1172,S>E,0.49412290694842936,0.09717569965161325,20,0.021729147018210986
1172,S>>E,0.5055059494875837,0.10398647489996646,20,0.023252082661690064
1173,E>>S,0.4948208481397224,0.1225944003252742,20,0.027412941278813545
1173,E>S,0.43155815704468736,0.07969496860890433,20,0.017820336727422195
1173,S~E,0.4390362278426636,0.08441977410227591,20,0.018876835353786522
1173,S>E,0.5068864293513544,0.09798990282210955,20,0.021911208381883544
1173,S>>E,0.4659340976096896,0.11036816306393482,20,0.024679071516273972
1174,E>>S,0.5096596715650602,0.09633019831266329,20,0.021540087171315066
1174,E>S,0.4658122160490577,0.07780977540544981,20,0.017398794712057703
1174,S~E,0.4437286440109867,0.08365394002488412,20,0.018705589648133132
1174,S>E,0.48830425921865717,0.08901880120688271,20,0.019905209077413007
1174,S>>E,0.456478293091528,0.11465703128026933,20,0.025638091604100195
1175,E>>S,0.47795710911754974,0.10959767797926019,20,0.024506785813775755
1175,E>S,0.47814670095366213,0.10266993472793041,20,0.022957695329711876
1175,S~E,0.45897408610824125,0.08990619563510814,20,0.020103636503849668
1175,S>E,0.46259531398622816,0.0854812072862783,20,0.01911417902908686
1175,S>>E,0.48905789615535944,0.08791774857550194,20,0.019659006224355763
1176,E>>S,0.47258632939317824,0.10771562030009162,20,0.024085944922956112
1176,E>S,0.4771055245734714,0.08922947570074256,20,0.019952317326352605
1176,S~E,0.44749917466976114,0.07996686510129959,20,0.01788113463140615
1176,S>E,0.5014263122419261,0.07339078702714334,20,0.01641067887149022
1176,S>>E,0.48388633612702947,0.08445703676352703,20,0.018885167538144527
1177,E>>S,0.5155022429655891,0.10414322204826995,20,0.02328713238957865
1177,E>S,0.47825431572064003,0.07884754892717313,20,0.017630847926039972
1177,S~E,0.4524110460013192,0.09703032836489388,20,0.021696641010302872
1177,S>E,0.4767173885869932,0.09298188321558175,20,0.02079138115459875
1177,S>>E,0.4780618223114372,0.07858241922776056,20,0.017571563122965914
1178,E>>S,0.4847670762480408,0.12183567567589189,20,0.027243285289591187
1178,E>S,0.48458469712169955,0.0734710496116555,20,0.01642862613099212
1178,S~E,0.42645177541597895,0.0839743156595914,20,0.018777227817887147
1178,S>E,0.4922441309537158,0.08625138248398125,20,0.01928639543875167
1178,S>>E,0.4751304752716699,0.10012986871101524,20,0.02238971930159593
1179,E>>S,0.4946517224755119,0.10209791568457648,20,0.022829787983175497
1179,E>S,0.4552915879067476,0.07613192415655175,20,0.017023615767190803
1179,S~E,0.4423880419747023,0.09089021011425154,20,0.020323668830470536
1179,S>E,0.48896279059681075,0.0830166867478685,20,0.01856309548350399
1179,S>>E,0.4515515919922574,0.13660302956587916,20,0.030545366004171938
1180,E>>S,0.5243266159740387,0.10600672742709154,20,0.023703824859926805
1180,E>S,0.4792625379367994,0.09953933187227125,20,0.022257671250130992
1180,S~E,0.44335638972525065,0.08689003101641568,20,0.01942920159197706
1180,S>E,0.47888467634422616,0.07422175005505317,20,0.016596487853209763
1180,S>>E,0.4854333710235143,0.10067047948321531,20,0.022510603545196732
1181,E>>S,0.4848292394658845,0.10766858879603372,20,0.024075428358940363
1181,E>S,0.4620284671446524,0.09146272767122564,20,0.020451687648041155
1181,S~E,0.44004691267513046,0.06586325811622233,20,0.014727472236748787
1181,S>E,0.4981357597872642,0.06238194540834065,20,0.013949027050173056
1181,S>>E,0.5131738644105428,0.10882004985694736,20,0.024332902879505056
1182,E>>S,0.497661232976526,0.12001220396193894,20,0.026835544618846505
1182,E>S,0.47300942718884836,0.09020259234286175,20,0.020169912822534088
1182,S~E,0.44557287946502655,0.09544527890072219,20,0.02134221317534412
1182,S>E,0.4703203873186136,0.08167192214048519,20,0.018262396975919498
1182,S>>E,0.4743398059540934,0.09843297756495947,20,0.02201028290629611
1183,E>>S,0.49300867744666943,0.11044750267532222,20,0.024696812392711036
1183,E>S,0.45647598745914353,0.08628500231819693,20,0.019293913062221526
1183,S~E,0.4483258816813894,0.08822307312028013,20,0.019727278868088085
1183,S>E,0.49951042496412584,0.08316639425925411,20,0.018596571100724046
1183,S>>E,0.519482709796752,0.13561594285364567,20,0.030324646705347853
1184,E>>S,0.49594091058342105,0.11283240886659977,20,0.02523009362907671
1184,E>S,0.4593890610866791,0.11170436853591377,20,0.024977856142999185
1184,S~E,0.44403329958787446,0.07636666128113452,20,0.017076104583931797
1184,S>E,0.4959922508378408,0.07851937574078566,20,0.017557466170724463
1184,S>>E,0.5103788131931065,0.10846010048446494,20,0.02425241575297215
1185,E>>S,0.4752316642245703,0.12419837129997927,20,0.027771600092151256
1185,E>S,0.45693708999341054,0.1149682641192977,20,0.025707685382589964
1185,S~E,0.42215365344183153,0.10309141081306415,20,0.02305194024743683
1185,S>E,0.4818756353235596,0.08388683415764359,20,0.018757666359374234
1185,S>>E,0.4771012861470633,0.11834128837714766,20,0.026461916535620793
1186,E>>S,0.47968698930724935,0.11958132091873218,20,0.026739196241350273
1186,E>S,0.45765700224701933,0.09771759187768898,20,0.02185031780360939
1186,S~E,0.45058057124423934,0.07775459414931293,20,0.017386455808077114
1186,S>E,0.496410539552128,0.09271420923628834,20,0.020731527433247958
1186,S>>E,0.46711368911696605,0.1216508776067615,20,0.027201963185122566
1187,E>>S,0.5026638351182169,0.09593421757240762,20,0.021451543186015828
1187,E>S,0.4690930599510006,0.10014836556468873,20,0.02239385532381431
1187,S~E,0.4513595369828569,0.07994903974193313,20,0.01787714875987947
1187,S>E,0.49200766141948843,0.08892539513205998,20,0.0198843228441315
1187,S>>E,0.48154683500771345,0.110439562143376,20,0.02469503683579011
1188,E>>S,0.4956860331671221,0.12355714884285647,20,0.027628218391868655
1188,E>S,0.466932833541989,0.12136913513927541,20,0.02713896365417782
1188,S~E,0.4529340390558961,0.08349119545143344,20,0.018669198855212638
1188,S>E,0.4804458329673703,0.08261801520784759,20,0.01847394981708586
1188,S>>E,0.4738385796457606,0.09740443215692914,20,0.021780293161266
1189,E>>S,0.4822034525696271,0.1088026059692456,20,0.024329002307635753
1189,E>S,0.45544052096541093,0.09350445891367279,20,0.02090823263303085
1189,S~E,0.45075509605899067,0.0814116236418528,20,0.018204192462181183
1189,S>E,0.5101809357486158,0.08069034523174355,20,0.01804290970661046
1189,S>>E,0.46741421760657376,0.12223437622084765,20,0.02733243744170992
1190,E>>S,0.46576850918086493,0.10344196983704075,20,0.023130327628210594
1190,E>S,0.44655221124228905,0.0912006609165918,20,0.020393087740240755
1190,S~E,0.46980796030074634,0.10035929826140702,20,0.022441021308668256
1190,S>E,0.4853329472104918,0.08874633078923941,20,0.019844282839842187
1190,S>>E,0.5265786270712056,0.12020093784096401,20,0.026877746797162233
1191,E>>S,0.515017883154239,0.08826053347518852,20,0.019735655258091726
1191,E>S,0.4458798126760941,0.09030997750254784,20,0.020193924874217364
1191,S~E,0.43483502384159783,0.09230219135132062,20,0.020639397433374607
1191,S>E,0.4899648578186623,0.08522784258404163,20,0.01905752495935684
1191,S>>E,0.47468940723744224,0.0897918927736259,20,0.020078077607019962
1192,E>>S,0.5110365030195183,0.11222426506819824,20,0.025094108541744632
1192,E>S,0.4488896680779485,0.12323741616579306,20,0.027556723991814476
1192,S~E,0.4497596195755672,0.08040053196585027,20,0.0179781054902786
1192,S>E,0.5053799786564273,0.10573098502712255,20,0.023642166984865848
1192,S>>E,0.4712504078678501,0.14688873734114805,20,0.03284532018239187
1193,E>>S,0.5020980826797181,0.1287433022263403,20,0.028787877542589695
1193,E>S,0.4841366390984082,0.06364631769617238,20,0.014231749288618924
1193,S~E,0.4506696426280314,0.09660531552842438,20,0.021601605250937295
1193,S>E,0.4685732630133882,0.09087730577726216,20,0.020320783332999255
1193,S>>E,0.49849153605022967,0.10401770745071875,20,0.02325906647234935
1194,E>>S,0.5037405165247834,0.07542120079019694,20,0.01686469319115412
1194,E>S,0.47918107220122896,0.09644456828376904,20,0.02156566107431278
1194,S~E,0.42358067545807254,0.08198929888685424,20,0.01833336457385539
1194,S>E,0.4888278012669791,0.07865531037235625,20,0.017587862078393288
1194,S>>E,0.4897170018791277,0.11534720284190295,20,0.02579241865689519
1195,E>>S,0.5156014757915701,0.14192687070171311,20,0.03173581307228538
1195,E>S,0.4538733444776956,0.08503988614286716,20,0.019015496621429335
1195,S~E,0.45897257627389954,0.10981350938983002,20,0.024555047184347135
1195,S>E,0.5020551445793948,0.10318879371148229,20,0.02307371572550772
1195,S>>E,0.4810971690126147,0.10022752189200801,20,0.022411555216687824
1196,E>>S,0.4792849697327184,0.11290265781283668,20,0.02524580177099005
1196,E>S,0.46393269293133005,0.1004232371365604,20,0.02245531847579304
1196,S~E,0.45699654676328894,0.08084530108590382,20,0.01807755888895185
1196,S>E,0.4999506389003153,0.07146935021360751,20,0.015981032538536548
1196,S>>E,0.5263413039935062,0.13119441528011128,20,0.02933596308346659
1197,E>>S,0.49766386384844763,0.1278969766387366,20,0.028598633388091755
1197,E>S,0.4632010432949392,0.10612476905039205,20,0.02373021976931424
1197,S~E,0.4478980985526097,0.07443530176844018,20,0.016644239467994256
1197,S>E,0.49484944120072677,0.09422033379224114,20,0.021068307122217172
1197,S>>E,0.4647879475333948,0.11222851662482947,20,0.025095059218708395
1198,E>>S,0.5042295051132712,0.10272546359615878,20,0.0229701119621191
1198,E>S,0.47961068175006344,0.08852089576828649,20,0.019793874036706207
1198,S~E,0.45305426551293443,0.0756570164456404,20,0.016917423174727143
1198,S>E,0.4756413441592361,0.08795532410037543,20,0.019667408367146498
1198,S>>E,0.4593525453935679,0.0930065972521098,20,0.020796907381166265
1199,E>>S,0.49786261966656176,0.11017135261869045,20,0.024635063362849128
1199,E>S,0.47686871811769105,0.09337845565323491,20,0.02088005744745828
1199,S~E,0.4273560482680952,0.08433922708099094,20,0.01885882449228869
1199,S>E,0.5002444807198076,0.07645426393643363,20,0.017095693133157626
1199,S>>E,0.4957511457497078,0.12470870879918387,20,0.02788571502612013
1200,E>>S,0.48419380224207587,0.10530322078093912,20,0.023546515991584836
1200,E>S,0.4472323920444425,0.09852563487864917,20,0.022031001711498376
1200,S~E,0.46662691536219214,0.09464900034417627,20,0.02116415987719791
1200,S>E,0.4779744028796126,0.0926301926757295,20,0.020712740759183428
1200,S>>E,0.4875752006917821,0.09106907655843254,20,0.020363664583278773
1201,E>>S,0.5047442464588624,0.11436842680869329,20,0.025573557682394752
1201,E>S,0.472309538886775,0.08550300053681384,20,0.019119052148051676
1201,S~E,0.4416599252624097,0.09908491458691371,20,0.022156060456109954
1201,S>E,0.48725784092802227,0.09362282445019049,20,0.02093469997161553
1201,S>>E,0.4753215534911813,0.10684426833890229,20,0.023891104701201406
1202,E>>S,0.4894429239089816,0.10567266245978921,20,0.02362912566234788
1202,E>S,0.4584490884350113,0.08448661179481401,20,0.018891780716183963
1202,S~E,0.4523583504438736,0.0734653694558435,20,0.01642735600954028
1202,S>E,0.49675354467101507,0.08159047384219242,20,0.01824418458275607
1202,S>>E,0.4847647345866096,0.11342007533633544,20,0.025361499846519336
1203,E>>S,0.5235963573406562,0.09639695471316306,20,0.021555014356260133
1203,E>S,0.4610537093114364,0.10010289963703427,20,0.022383688833324762
1203,S~E,0.46508182068776643,0.07909092563811289,20,0.017685268613020135
1203,S>E,0.46881121942956305,0.08833907471305771,20,0.019753217612782977
1203,S>>E,0.4933592908468289,0.1165634078532472,20,0.026064370364889355
1204,E>>S,0.5056364107153462,0.13364778295165258,20,0.029884552772203265
1204,E>S,0.4762855890845028,0.10450740539024408,20,0.02336856626047137
1204,S~E,0.457864409467565,0.08473192647584889,20,0.01894663474645123
1204,S>E,0.48320064387718376,0.0772125862081549,20,0.017265259147999708
1204,S>>E,0.4719551146021746,0.09086408365308692,20,0.020317826776152976
1205,E>>S,0.49990777476495457,0.10133522825485378,20,0.02265924588933104
1205,E>S,0.46974407115345673,0.07938248000059278,20,0.0177504621503843
1205,S~E,0.44397587777198844,0.0894564929708312,20,0.02000307993115107
1205,S>E,0.49061532501232613,0.09125897448345634,20,0.02040612705019271
1205,S>>E,0.4768346940635876,0.10404998393375493,20,0.0232662837133637
1206,E>>S,0.4996520396194423,0.12300352449050835,20,0.027504424223283683
1206,E>S,0.4642127748643282,0.08420873283348365,20,0.018829645091478792
1206,S~E,0.441946717909108,0.0752052781996337,20,0.016816411432116395
1206,S>E,0.4786618743053438,0.10085883766715555,20,0.02255272171553761
1206,S>>E,0.4632522882224059,0.1241113835794168,20,0.02775214904651271
1207,E>>S,0.5133754918540774,0.11920048676332888,20,0.026654039135386724
1207,E>S,0.48317903210188373,0.1101828929482809,20,0.02463764385899383
1207,S~E,0.4275846157562587,0.09198953361746186,20,0.020569485038714683
1207,S>E,0.4863737586171758,0.08442179654519266,20,0.018877287585770768
1207,S>>E,0.5087789162976784,0.11733955610526137,20,0.026237922390101486
1208,E>>S,0.5112385829919368,0.11884387142393953,20,0.02657429752131735
1208,E>S,0.44399151350477145,0.0820916508454231,20,0.018356251167554412
1208,S~E,0.4492816027407698,0.09208394879608914,20,0.020590596914466523
1208,S>E,0.4723047848581355,0.08134035544073004,20,0.01818825640794672
1208,S>>E,0.5016620945855719,0.07635276111854625,20,0.017072996413087228
1209,E>>S,0.490377391867811,0.10408101711597512,20,0.023273222943863945
1209,E>S,0.45431225072751874,0.11887126642059476,20,0.026580423228793795
1209,S~E,0.45262995558075003,0.10307485761524642,20,0.023048238839880282
1209,S>E,0.5094936515945918,0.07915309640137441,20,0.017699170418306716
1209,S>>E,0.49339612633014696,0.09525732154311681,20,0.021300184632496433
1210,E>>S,0.48743290542910406,0.10243564336718032,20,0.022905306188794064
1210,E>S,0.47163903585701855,0.10855021726722561,20,0.02427256647818879
1210,S~E,0.44972263351511865,0.08834141820234818,20,0.01975374163291878
1210,S>E,0.4887817173210892,0.11233413443824297,20,0.025118676079751143
1210,S>>E,0.473158689013481,0.1352301664057786,20,0.03023838446919293
1211,E>>S,0.4783780634525215,0.10193990405986784,20,0.02279445550976713
1211,E>S,0.4669340976487164,0.09780020275997198,20,0.021868790158455987
1211,S~E,0.4325407353901773,0.09087375191314236,20,0.020319988664823787
1211,S>E,0.47547144676888886,0.08398709211816084,20,0.018780084720874442
1211,S>>E,0.4985900879775209,0.09851707484535731,20,0.02202908762986535
1212,E>>S,0.4677127737034664,0.0962392839364123,20,0.021519758098772143
1212,E>S,0.4558182802790105,0.10134843772572667,20,0.0226621996168129
1212,S~E,0.45687678538903287,0.08889600434439314,20,0.019877750864217968
1212,S>E,0.49074600771828447,0.09533935519901145,20,0.021318527915598757
1212,S>>E,0.4904145585395219,0.11220702746071058,20,0.025090254095533445
1213,E>>S,0.4713488520889542,0.08747780635661576,20,0.019560632153595603
1213,E>S,0.4471629983082691,0.08639638145542815,20,0.019318818194433953
1213,S~E,0.4485722237418674,0.09366190121409323,20,0.020943437801658256
1213,S>E,0.4950891394708098,0.10361163978627617,20,0.02316826698223353
1213,S>>E,0.47867385329932793,0.11093363733285114,20,0.024805515406756358
1214,E>>S,0.48868257523982594,0.12001966751786468,20,0.026837213520686885
1214,E>S,0.4688847789898082,0.08851235435516887,20,0.019791964118670714
1214,S~E,0.4468964566243511,0.08239176956519989,20,0.018423359753428525
1214,S>E,0.4954342666051632,0.08487030654851177,20,0.018977577471371788
1214,S>>E,0.5096108095375927,0.1268676513660146,20,0.02836846926001527
1215,E>>S,0.48236944577524865,0.11758839544908703,20,0.02629356455892855
1215,E>S,0.47788622116959856,0.09347077805764246,20,0.020900701364668428
1215,S~E,0.4569245927410873,0.09675375468845591,20,0.02163479725617264
1215,S>E,0.4852320250133997,0.08923078399766313,20,0.019952609870437517
1215,S>>E,0.4922887221711602,0.10067116002071733,20,0.022510755718008306
1216,E>>S,0.49714823080506926,0.11990093833069572,20,0.026810664867344576
1216,E>S,0.47350817257407024,0.10364450270336041,20,0.023175615353887458
1216,S~E,0.45538234332038996,0.09663567835880235,20,0.021608394586208737
1216,S>E,0.48476340647406113,0.08913795449450923,20,0.019931852562500553
1216,S>>E,0.47886956266577735,0.11588019979443501,20,0.02591160039866138
1217,E>>S,0.4797692932766993,0.09944227320868518,20,0.022235968273172618
1217,E>S,0.46324129956671223,0.10661160011634531,20,0.02383907850501726
1217,S~E,0.43858418776474617,0.09790726228138397,20,0.021892729395207568
1217,S>E,0.4883064291098599,0.06954920061841277,20,0.015551674036354136
1217,S>>E,0.4796043725049309,0.10949144403531068,20,0.024483031181756855
1218,E>>S,0.4866281660768448,0.11509680601663648,20,0.025736428224630594
1218,E>S,0.4776387148073694,0.10778764916537038,20,0.024102051066866664
1218,S~E,0.43254704034482405,0.10931246279744741,20,0.02444300976030092
1218,S>E,0.4933065467987309,0.07989040551487403,20,0.01786403774812824
1218,S>>E,0.48817721102010275,0.10290357086487,20,0.023009937958131613
1219,E>>S,0.5018971387370642,0.1296558536100655,20,0.0289919302352868
1219,E>S,0.45303318764158645,0.12415155251061684,20,0.02776113109258739
1219,S~E,0.45827727115374595,0.09279434471395367,20,0.020749446270794867
1219,S>E,0.4905906119917497,0.09324201981674145,20,0.020849549466961634
1219,S>>E,0.4937871829372288,0.10259225189742496,20,0.0229403249207424
1220,E>>S,0.47489439230865055,0.15501965261094663,20,0.034663448108647944
1220,E>S,0.47210106046616873,0.10292743610339634,20,0.02301527438769603
1220,S~E,0.4518192626343477,0.0813216613757143,20,0.018184076287931623
1220,S>E,0.5162869644029837,0.10247476783505065,20,0.02291405468576822
1220,S>>E,0.4798208629075038,0.08033377472869697,20,0.017963178118252116
1221,E>>S,0.4813499392104153,0.10051429376381385,20,0.022475679356627094
1221,E>S,0.469146973469028,0.08458432720984514,20,0.018913630547229884
1221,S~E,0.45307265458968216,0.10858037359035438,20,0.02427930963703553
1221,S>E,0.511754604486396,0.09685393991791309,20,0.021657199354513407
1221,S>>E,0.5128004703391453,0.12489761210695767,20,0.027927955089855808
1222,E>>S,0.48580975021607387,0.10480659140506794,20,0.02343546628717771
1222,E>S,0.4778348913078381,0.0934398793570021,20,0.020893792205163603
1222,S~E,0.4510177920895038,0.08430783434469974,20,0.018851804863054003
1222,S>E,0.48076629416453454,0.06682151152156561,20,0.01494174421215061
1222,S>>E,0.49783400177157,0.11378739115044728,20,0.02544363415947581
1223,E>>S,0.5008491299275571,0.09359190140697392,20,0.020927785368945188
1223,E>S,0.4785523376032345,0.11133493041021662,20,0.02489524726674529
1223,S~E,0.4379992306886248,0.0750248560588239,20,0.01677606781496672
1223,S>E,0.4975215360731563,0.0719916516808951,20,0.016097822697096843
1223,S>>E,0.4698807355608071,0.10378160106997604,20,0.023206271480623132
1224,E>>S,0.5147045230720663,0.10964367725856568,20,0.024517071565320063
1224,E>S,0.4656435983369057,0.09499789423160364,20,0.021242174922120088
1224,S~E,0.4549535226413548,0.07269972685499729,20,0.016256153119344093
1224,S>E,0.4887889888820691,0.08625884922926012,20,0.019288065053753096
1224,S>>E,0.502713058738491,0.09462871748200133,20,0.02115962449133777
1225,E>>S,0.5110565115886033,0.12454356918299958,20,0.027848788685363498
1225,E>S,0.4548726872838575,0.11745215088962005,20,0.02626309934927528
1225,S~E,0.45824648622332714,0.08218124532275743,20,0.018376285101727226
1225,S>E,0.4874364081559147,0.0940447304235188,20,0.02102904101526306
1225,S>>E,0.47299271770209766,0.10461537763553999,20,0.023392709588487864
1226,E>>S,0.5116693603390493,0.10614250443448864,20,0.023734185521758946
1226,E>S,0.47636235646864006,0.11012435786422549,20,0.024624555016292175
1226,S~E,0.43313396629416373,0.08775995067262553,20,0.019623721540601907
1226,S>E,0.4839563803083796,0.09836454697216891,20,0.021994981360574078
1226,S>>E,0.45669817564949317,0.11316550191256941,20,0.025304575498438765
1227,E>>S,0.5008728309475601,0.12912668446276465,20,0.028873604416790766
1227,E>S,0.44618700385953336,0.11891861833866167,20,0.02659101143956006
1227,S~E,0.46006720103527404,0.09229519587668585,20,0.020637833197692784
1227,S>E,0.5028831163124702,0.07249852858629484,20,0.016211163818766697
1227,S>>E,0.46669612960458606,0.09096980243666557,20,0.020341466214811022
1228,E>>S,0.5161930558274876,0.09140946529931845,20,0.02043977781961842
1228,E>S,0.4672267122668079,0.09898224963643429,20,0.02213310387529209
1228,S~E,0.45987551632159607,0.088420831310324,20,0.019771498943692626
1228,S>E,0.4789730051203375,0.10361077819135328,20,0.023168074323751862
1228,S>>E,0.49551827063432974,0.1037541406689418,20,0.023200131148282937
1229,E>>S,0.5161267604892865,0.10810182514835358,20,0.02417230295235149
1229,E>S,0.4537060473280607,0.08998051891878188,20,0.020120255695310216
1229,S~E,0.45395591388367473,0.11863582194145161,20,0.026527776242764686
1229,S>E,0.4893331307743399,0.08225842613234266,20,0.01839354325540633
1229,S>>E,0.4953006491246138,0.10956778925261769,20,0.024500102491322402
1230,E>>S,0.5012894851917926,0.10712428230624205,20,0.023953717727763515
1230,E>S,0.45508942329398605,0.12006968665964357,20,0.026848398140806265
1230,S~E,0.44893837265310266,0.08326089455309202,20,0.018617702008815573
1230,S>E,0.49246427213186744,0.09913516069900201,20,0.022167295828333405
1230,S>>E,0.4671366846935784,0.14320145301643528,20,0.032020818342149156
1231,E>>S,0.5023937290861256,0.11899461945578155,20,0.026608005805984655
1231,E>S,0.4452485280298255,0.12032857305981462,20,0.026906286899729535
1231,S~E,0.4388430517781866,0.09357107536939291,20,0.020923128525371877
1231,S>E,0.5030758314400837,0.08840879587867771,20,0.01976880773936266
1231,S>>E,0.49360258461226564,0.09436536545182288,20,0.02110073718718861
1232,E>>S,0.4791498901659247,0.13104781277495847,20,0.029303181766747247
1232,E>S,0.4803275236266337,0.08500935745554525,20,0.019008670199417772
1232,S~E,0.42983171698195505,0.08182079972635563,20,0.018295687016152737
1232,S>E,0.4738706645112646,0.062331431511010796,20,0.013937731799349257
1232,S>>E,0.5139245372150738,0.10519375134855312,20,0.023522037882357495
1233,E>>S,0.4796388105683877,0.13423273680730094,20,0.030015352430696297
1233,E>S,0.46924265583817687,0.11049701831681012,20,0.024707884426742682
1233,S~E,0.434479072524325,0.094379452559055,20,0.021103887160126344
1233,S>E,0.49698447326390116,0.08926323491316925,20,0.019959866115737895
1233,S>>E,0.4956350510615775,0.11714506771763097,20,0.0261944334645439
1234,E>>S,0.4655494990555923,0.11326271757129427,20,0.025326313580577388
1234,E>S,0.45994276415465435,0.10234900253984229,20,0.022885932710838598
1234,S~E,0.44858092370032415,0.0893099636920118,20,0.019970314988337647
1234,S>E,0.48023152883327036,0.06760624531125876,20,0.015117216021950102
1234,S>>E,0.5002154935722919,0.08622186799968679,20,0.019279795799431346
1235,E>>S,0.49342088113240246,0.09126986578398265,20,0.02040856241902673
1235,E>S,0.4625626925124532,0.1005779359215855,20,0.022489910175728312
1235,S~E,0.43426199503012886,0.11307630017146776,20,0.025284629382757304
1235,S>E,0.5177427792270739,0.10977473691265034,20,0.024546377394884154
1235,S>>E,0.49148720107015376,0.09328029114022433,20,0.020858107195051295
1236,E>>S,0.4894375217964139,0.15461400971730804,20,0.03457274360017138
1236,E>S,0.49335441942414376,0.08620529875633132,20,0.01927609080398349
1236,S~E,0.448133082246912,0.08575935507830439,20,0.01917637476616304
1236,S>E,0.472906642537648,0.09310269845659762,20,0.020818396263761703
1236,S>>E,0.47340441828002966,0.09773421741781863,20,0.021854035387398642
1237,E>>S,0.4823262299419784,0.10666108747076106,20,0.02385014421386728
1237,E>S,0.46988439295066653,0.10718961104611668,20,0.023968325678087925
1237,S~E,0.4678181169581978,0.07431061939801854,20,0.016616359642408395
1237,S>E,0.5006762924508219,0.09495496817350974,20,0.02123257636372968
1237,S>>E,0.4681217366483293,0.10337694833723174,20,0.023115788378853402
1238,E>>S,0.49504974128721047,0.13538048728493166,20,0.030271997239615312
1238,E>S,0.4578873754323042,0.09567193950996093,20,0.021392896028352055
1238,S~E,0.44968231651173396,0.08144442116919558,20,0.01821152621224442
1238,S>E,0.48026872715504243,0.07844229854316037,20,0.01754023118538393
1238,S>>E,0.4911515694271946,0.10824412070326979,20,0.02420412120572036
1239,E>>S,0.49227136309533226,0.14617743929195426,20,0.03268626910336584
1239,E>S,0.4635656903495458,0.10037055502183573,20,0.022443538396820756
1239,S~E,0.418102253109192,0.09203318847090386,20,0.020579246560699094
1239,S>E,0.5066647977366728,0.07413671908920476,20,0.016577474351226813
1239,S>>E,0.4809616371445348,0.08563914183977074,20,0.019149494268847378
1240,E>>S,0.4916108348327966,0.11486413752456351,20,0.02568440196818084
1240,E>S,0.4599189807934224,0.10624956640311972,20,0.02375812530572535
1240,S~E,0.4495540764230238,0.09910521089189883,20,0.022160598847873834
1240,S>E,0.486975353069666,0.0717888729477145,20,0.016052479993918532
1240,S>>E,0.49096783613876244,0.08882714695465219,20,0.01986235388379657
1241,E>>S,0.4988089917262724,0.07061662220977123,20,0.01579035676024699
1241,E>S,0.47192090443997686,0.0862681455356904,20,0.019290143771064874
1241,S~E,0.4477954243840262,0.09024820582779247,20,0.020180112307833665
1241,S>E,0.4867786432452478,0.08148549826391319,20,0.0182207113298551
1241,S>>E,0.4806612888781923,0.08230035520080163,20,0.01840291888013708
1242,E>>S,0.47295002237727457,0.12865359437658555,20,0.028767818257572995
1242,E>S,0.46447414132305254,0.07217777836175476,20,0.016139441888179704
1242,S~E,0.44958279261491735,0.06791490535510683,20,0.015186234505948335
1242,S>E,0.4894495737943759,0.09861714618818979,20,0.02205146426238266
1242,S>>E,0.5178655660893697,0.09531274288559538,20,0.021312577221415073
1243,E>>S,0.5020689930920686,0.10373622074423389,20,0.023196124131303078
1243,E>S,0.4724026038946884,0.10408316608584799,20,0.02327370346813568
1243,S~E,0.42501439737695257,0.08526560230386555,20,0.019065968289390604
1243,S>E,0.4808947557740634,0.0817651703104622,20,0.018283247900604104
1243,S>>E,0.48286326987637196,0.09149496490269397,20,0.020458896112138115
1244,E>>S,0.489792747228011,0.10774872220345538,20,0.024093346733566716
1244,E>S,0.45804333056864144,0.10854017317216523,20,0.024270320550256044
1244,S~E,0.44867401925613165,0.09235310813825486,20,0.02065078277305269
1244,S>E,0.49727156386593574,0.09423243445201507,20,0.021071012911999882
1244,S>>E,0.4940724754571801,0.09881202856102285,20,0.02209504128570978
1245,E>>S,0.50959455203338,0.0821400633414617,20,0.01836707653076469
1245,E>S,0.46421770639376414,0.0984978287711367,20,0.022024784076839624
1245,S~E,0.44422933745896903,0.08267668289580588,20,0.01848706831092161
1245,S>E,0.47958361151856393,0.08105501791094576,20,0.01812445299663377
1245,S>>E,0.47673870162027765,0.09743204851820979,20,0.021786468367377472
1246,E>>S,0.5093191818708145,0.1043689464996436,20,0.02333760591132418
1246,E>S,0.46621110303254537,0.1125877961453428,20,0.02517539656178753
1246,S~E,0.4302824221935433,0.08508902166503823,20,0.01902648365819778
1246,S>E,0.5053746441747341,0.08370018698981257,20,0.01871593078386644
1246,S>>E,0.46265048892461885,0.11046603608206254,20,0.024700956588443637
1247,E>>S,0.4922892625421159,0.10536352305325718,20,0.02355999998959492
1247,E>S,0.4571022106958445,0.09432811514371278,20,0.021092407765076912
1247,S~E,0.44453866492341965,0.06574469108848506,20,0.014700959843357723
1247,S>E,0.49380570309113986,0.09399493049261197,20,0.021017905412184814
1247,S>>E,0.47185781383687075,0.13959661961043152,20,0.031214753087810507
1248,E>>S,0.5077937321807999,0.12117831076158211,20,0.02709629402614919
1248,E>S,0.4773770532105216,0.12395812893733014,20,0.027717880266755396
1248,S~E,0.4604333787480554,0.08491395482306661,20,0.018987337522272305
1248,S>E,0.48576113720160513,0.0877822787297098,20,0.019628714245946498
1248,S>>E,0.464320841235183,0.11137165153369193,20,0.024903458359575383
1249,E>>S,0.5007233095682887,0.13678499790604276,20,0.0305860553620078
1249,E>S,0.45372979851731354,0.0753431954966894,20,0.016847250677265353
1249,S~E,0.4399769444533438,0.06881994717497332,20,0.015388608009118496
1249,S>E,0.49240145153226517,0.07542497925471113,20,0.01686553808150455
1249,S>>E,0.4584898182442051,0.13546938992843569,20,0.030291876475040756
1250,E>>S,0.5313474297241731,0.12674370529437412,20,0.02834075407584205
1250,E>S,0.4693984417650464,0.10855830782728235,20,0.024274375582415082
1250,S~E,0.4515926021510097,0.08936462673966676,20,0.019982538017379026
1250,S>E,0.4849381614564285,0.08503248635841226,20,0.019013841979323334
1250,S>>E,0.4832953660561271,0.10447828140802723,20,0.02336205394007013
1251,E>>S,0.5140958036948293,0.12134491677081322,20,0.02713354826235926
1251,E>S,0.46855176046669256,0.12092637882489715,20,0.027039960332536115
1251,S~E,0.43526695539246685,0.0788125380610097,20,0.017623019258370714
1251,S>E,0.4899201426512329,0.09162485809552504,20,0.02048794111303659
1251,S>>E,0.47669772787548875,0.11329477211642609,20,0.025333481194767644
1252,E>>S,0.5198578225180955,0.11517996420581439,20,0.025755022961019353
1252,E>S,0.466249240795494,0.13621427326647215,20,0.030458437452956403
1252,S~E,0.4506249133395869,0.09042281340773321,20,0.020219155749647087
1252,S>E,0.46160478092318763,0.06065971858946969,20,0.013563925426206188
1252,S>>E,0.5214003907968093,0.11521258066802928,20,0.025762316223689158
1253,E>>S,0.49622219421335795,0.10171244299197643,20,0.022743593668763138
1253,E>S,0.44828806670027743,0.08194348362834089,20,0.018323119970611132
1253,S~E,0.45635101588665217,0.0762911247081809,20,0.01705921409274063
1253,S>E,0.48119442561759235,0.09419622931183806,20,0.021062917196542814
1253,S>>E,0.45199331054982955,0.13691467239386887,20,0.030615051458980462
1254,E>>S,0.511734247871646,0.11950471083782464,20,0.026722065706483174
1254,E>S,0.48659454692612397,0.11512362933005,20,0.02574242609984804
1254,S~E,0.4374093476687692,0.08967806350058109,20,0.020052624607784206
1254,S>E,0.5063712259330881,0.0850609852648517,20,0.019020214528531636
1254,S>>E,0.4824783681314174,0.0955433583480351,20,0.02136414440648285
1255,E>>S,0.47299465106598293,0.09834293779651782,20,0.02199014940200472
1255,E>S,0.44709967924041427,0.09165651240725689,20,0.02049501923231793
1255,S~E,0.4304785509687507,0.087278638503135,20,0.019516096867664035
1255,S>E,0.48879014633077383,0.10985503326719676,20,0.024564332205595275
1255,S>>E,0.49958261434485535,0.1303312812147489,20,0.029142960439081992
1256,E>>S,0.49705512321698214,0.10956299792643902,20,0.024499031118218613
1256,E>S,0.471336133596952,0.11895794016384782,20,0.02659980406697162
1256,S~E,0.4426350520545742,0.0670920258462902,20,0.015002233054047775
1256,S>E,0.47016951662552203,0.0751702154585639,20,0.01680857116486544
1256,S>>E,0.479567634719342,0.11719678866589452,20,0.0262059986201617
1257,E>>S,0.4858559790790048,0.13650553374044053,20,0.030523565274851613
1257,E>S,0.4590276031225282,0.0822959095308971,20,0.018401924798125874
1257,S~E,0.43927121816339465,0.09272960159273799,20,0.02073496926878349
1257,S>E,0.49627289914758005,0.08424513758871027,20,0.018837785442217887
1257,S>>E,0.47880290953970156,0.10479827037885456,20,0.02343360564915214
1258,E>>S,0.5053685769672078,0.13132689335702635,20,0.02936558608201765
1258,E>S,0.4735998929664297,0.09084257452470634,20,0.020313017188833403
1258,S~E,0.43941781815383507,0.07192767619219513,20,0.016083517342934152
1258,S>E,0.4890603882862591,0.09511131485778501,20,0.021267536545139302
1258,S>>E,0.5022113564645482,0.1296482809401203,20,0.02899023693480993
1259,E>>S,0.4833814876324709,0.11902451177490354,20,0.026614689931740845
1259,E>S,0.44310060698873144,0.10341030606038398,20,0.023123247392507703
1259,S~E,0.4381533614848374,0.09790056942632301,20,0.021891232827319584
1259,S>E,0.4829730412948713,0.111754816213883,20,0.024989136586723807
1259,S>>E,0.515670376469242,0.1222972402427114,20,0.027346494264332555
1260,E>>S,0.5254202734807601,0.09936234174785809,20,0.022218095055177595
1260,E>S,0.44705269592882113,0.10021126404910065,20,0.022407919852496985
1260,S~E,0.43119181321734834,0.06640718080174753,20,0.014849097046682644
1260,S>E,0.5051941826793958,0.06725809521070374,20,0.015039367292828659
1260,S>>E,0.48346366373692345,0.09007304751637814,20,0.020140945718719012
1261,E>>S,0.47548350712551135,0.09869119892733999,20,0.022068022958248654
1261,E>S,0.4598107184449126,0.08871201881332347,20,0.01983661044878315
1261,S~E,0.459553834829496,0.09306789771048676,20,0.020810614580364543
1261,S>E,0.493139748015615,0.10014810065858576,20,0.02239379608900892
1261,S>>E,0.5138511880412797,0.10490343691908267,20,0.023457121602442996
1262,E>>S,0.4835809607960746,0.09567823127586832,20,0.021394302909978798
1262,E>S,0.4658748377469597,0.089750702732651,20,0.020068867233858374
1262,S~E,0.46750663580839813,0.08553328120290207,20,0.0191258231108294
1262,S>E,0.4881286463984297,0.08170419361273638,20,0.018269613096488266
1262,S>>E,0.4838383047685202,0.0920106971505706,20,0.020574217348582207
1263,E>>S,0.4741884399751341,0.12208814742921752,20,0.027299739689874654
1263,E>S,0.458471977831277,0.09911698804909895,20,0.02216323230028195
1263,S~E,0.44602186577469427,0.07343779631243001,20,0.016421190467237688
1263,S>E,0.4840043844567033,0.09153428725040634,20,0.02046768885639009
1263,S>>E,0.5040175865130639,0.12064544283917089,20,0.026977141136395134
1264,E>>S,0.46953019645248323,0.08235055087756081,20,0.018414142974678093
1264,E>S,0.4590141948193617,0.08665607087917225,20,0.01937688651488691
1264,S~E,0.43913967348093985,0.08401644116528137,20,0.01878664736731808
1264,S>E,0.4775840002325339,0.07162675717028429,20,0.016016229804062615
1264,S>>E,0.4949526997609941,0.1399932815110398,20,0.03130344938519494
1265,E>>S,0.4647650258527273,0.10955645847739312,20,0.02449756885295841
1265,E>S,0.4543946529311163,0.08531255646565597,20,0.019076467559149594
1265,S~E,0.43524169124717577,0.07956992957025054,20,0.017792377148395083
1265,S>E,0.47405975452992577,0.10812874159216036,20,0.02417832165215794
1265,S>>E,0.5348439271257825,0.12797328655261342,20,0.02861569680357033
1266,E>>S,0.48215999701674905,0.1022134755915077,20,0.022855627963912675
1266,E>S,0.4687181822729391,0.09678868178068091,20,0.02164260719141979
1266,S~E,0.4475580105108488,0.08144042624415818,20,0.018210632919849555
1266,S>E,0.4828400508614992,0.09915698093225372,20,0.02217217498081698
1266,S>>E,0.5074435767451714,0.09781581082489216,20,0.021872280227871865
1267,E>>S,0.5014531602832455,0.10634596324851774,20,0.023779680295638
1267,E>S,0.46555552480270956,0.08293630737004207,20,0.018545122108223087
1267,S~E,0.45989729480193703,0.08063252193807977,20,0.018029980025078943
1267,S>E,0.47669170972358677,0.0750488027664041,20,0.016781422461565384
1267,S>>E,0.5046353101344179,0.13792115986397693,20,0.030840108899146807
1268,E>>S,0.4954980469811924,0.1060387934343306,20,0.02371099503712216
1268,E>S,0.4644679158302778,0.09615876185141072,20,0.021501752813196787
1268,S~E,0.4348093444182795,0.07625651045756532,20,0.017051474111003963
1268,S>E,0.4844371691493058,0.08725770555833262,20,0.019511416118909296
1268,S>>E,0.5028464562117321,0.11044007914626333,20,0.024695152441150173
1269,E>>S,0.5137025457000166,0.12129219094029878,20,0.02712175840823922
1269,E>S,0.4769247858728839,0.09508586165241831,20,0.021261845035394782
1269,S~E,0.45792730832797146,0.08024679401364877,20,0.017943728639094183
1269,S>E,0.4614845374509112,0.06570863302962969,20,0.014692897016283993
1269,S>>E,0.469694359418236,0.09655746621586087,20,0.021590905819380425
1270,E>>S,0.45834643778373013,0.1078866492619485,20,0.024124188161439436
1270,E>S,0.4498218300972914,0.07739996326554867,20,0.01730715793177534
1270,S~E,0.43787742400264207,0.07470956933359767,20,0.016705567559965804
1270,S>E,0.5022368482744136,0.09259851968643407,20,0.02070565846347191
1270,S>>E,0.49875834118758117,0.11571945499245335,20,0.02587565676823531
1271,E>>S,0.49729443563866055,0.10852875799572026,20,0.024267768039205433
1271,E>S,0.46236044333833026,0.08492938586010776,20,0.01899078800705104
1271,S~E,0.4486286053228734,0.08238046522217235,20,0.018420832025483468
1271,S>E,0.4901783477261376,0.08721356574957928,20,0.019501546157620665
1271,S>>E,0.5085585501944367,0.10086372011575084,20,0.022553813464233182
1272,E>>S,0.45036873927399396,0.11981100654703129,20,0.026790555509183432
1272,E>S,0.46901071039395814,0.08946708049415532,20,0.020005447373337676
1272,S~E,0.4394163290276548,0.09377985429108171,20,0.020969812911488403
1272,S>E,0.5036413206870469,0.10071281432383554,20,0.022520069903341076
1272,S>>E,0.5046242807720203,0.10036214161015362,20,0.02244165710077637
1273,E>>S,0.4796912986176755,0.123370416884938,20,0.02758646385672092
1273,E>S,0.4771114992994427,0.09040930655735654,20,0.02021613552608667
1273,S~E,0.45030458313631794,0.0912616274284021,20,0.02040672026671664
1273,S>E,0.4885670203705904,0.07760641148205061,20,0.017353321156368534
1273,S>>E,0.5077533386393561,0.10835970398950102,20,0.024229966414227942
1274,E>>S,0.47294315212671123,0.1291006381935131,20,0.028867780293930095
1274,E>S,0.45537589212609825,0.13067309539853428,20,0.02921939241414376
1274,S~E,0.4283668370028305,0.05987392179520625,20,0.013388215921358741
1274,S>E,0.4944728584893201,0.1247736215692089,20,0.027900229962758507
1274,S>>E,0.48460302747594436,0.10072619994965536,20,0.022523063020266527
1275,E>>S,0.463761330809905,0.10923301829512794,20,0.024425245429538424
1275,E>S,0.45720702665069146,0.10633239920231163,20,0.023776647282701322
1275,S~E,0.451075737050751,0.08319231198126331,20,0.018602366479547498
1275,S>E,0.5060220926778862,0.10220977841320146,20,0.022854801249710906
1275,S>>E,0.5195031655844722,0.11041008238923453,20,0.024688444962368078
1276,E>>S,0.4876832820207085,0.1002575934895464,20,0.022418279430316608
1276,E>S,0.47321015540030603,0.09387581610211326,20,0.02099127062475946
1276,S~E,0.45816132259123066,0.07968412665211498,20,0.017817912392183183
1276,S>E,0.48341726998897194,0.09456188393470365,20,0.021144680055844262
1276,S>>E,0.5000609153171375,0.11209251242874581,20,0.025064647755941565
1277,E>>S,0.474465867739221,0.08680061400217592,20,0.019409207339758542
1277,E>S,0.46389289008720674,0.08781506133357944,20,0.019636044659019695
1277,S~E,0.4611660553695044,0.08804432234358348,20,0.019687308979315622
1277,S>E,0.46953179385949906,0.09346470357791078,20,0.020899343069707633
1277,S>>E,0.4897994631465494,0.12846693451325927,20,0.028726079843266156
1278,E>>S,0.49698155372115627,0.1091502253815306,20,0.024406732371252533
1278,E>S,0.45649592847979586,0.10689558514843103,20,0.023902579488650873
1278,S~E,0.4582549410534596,0.07637419989388382,20,0.017077790268988143
1278,S>E,0.4892625836725932,0.07652825143002255,20,0.01711223723967259
1278,S>>E,0.501129682801954,0.08800956790648819,20,0.019679537650929144
1279,E>>S,0.5017443069488102,0.10637239059118406,20,0.023785589629104657
1279,E>S,0.47466758665029196,0.08984532305781182,20,0.020090024981769646
1279,S~E,0.47348797615512755,0.09780823524916182,20,0.021870586277641692
1279,S>E,0.4699466353289677,0.07195268702828299,20,0.01608910993590081
1279,S>>E,0.4835346865440438,0.11307679091976729,20,0.025284739117413062
1280,E>>S,0.4819760046716709,0.09943683909810633,20,0.02223475316910746
1280,E>S,0.4838182744764346,0.0914219369673601,20,0.020442566569371816
1280,S~E,0.45302617452722194,0.0852061579273946,20,0.01905267612272369
1280,S>E,0.4682051234704212,0.0922677413782165,20,0.02063169418520622
1280,S>>E,0.5095469526962408,0.09016252709328143,20,0.02016095396037438
1281,E>>S,0.4745013469354512,0.10845453317445249,20,0.02425117086460818
1281,E>S,0.46978107682827375,0.09090232763330983,20,0.020326378390103834
1281,S~E,0.4519205247771086,0.08311009805338554,20,0.0185839828864043
1281,S>E,0.48460280957561164,0.08314745479144169,20,0.01859233610697542
1281,S>>E,0.4881038797540208,0.07935095510792291,20,0.017743412970084978
1282,E>>S,0.5020039313996848,0.10350693892288496,20,0.023144855157448962
1282,E>S,0.46995775214406893,0.10516595028680055,20,0.023515821375964953
1282,S~E,0.4549178864830921,0.08263600154459018,20,0.018477971684248126
1282,S>E,0.4926228994575645,0.1326319285836231,20,0.029657400829987864
1282,S>>E,0.5189974716170035,0.12524397107517685,20,0.028005403309611283
1283,E>>S,0.48953090586251913,0.13838817905347447,20,0.03094453756459814
1283,E>S,0.4593879942023643,0.09146222526962282,20,0.020451575307627565
1283,S~E,0.4514147223604311,0.08248057990434685,20,0.018443218348972265
1283,S>E,0.45983783746188145,0.07644107344721583,20,0.01709274365010288
1283,S>>E,0.5202061444547097,0.11908001945716064,20,0.02662710182682088
1284,E>>S,0.4721907430244072,0.12118926374462916,20,0.027098743187614148
1284,E>S,0.47839293484778544,0.058859150428347155,20,0.01316130614556701
1284,S~E,0.4550982685159529,0.07071999472604801,20,0.015813471557586996
1284,S>E,0.4792467270604545,0.10946512742443569,20,0.024477146608671466
1284,S>>E,0.48204003115468985,0.08388804796340481,20,0.018757937774593593
1285,E>>S,0.49087979531209835,0.09184405544744338,20,0.020536955130974324
1285,E>S,0.47548047488708056,0.11776917322253384,20,0.02633398769795336
1285,S~E,0.44827255191975,0.06939840969740813,20,0.015517956161378518
1285,S>E,0.4794973309916317,0.09103652893934894,20,0.020356386714401105
1285,S>>E,0.49161842998226757,0.1089725976374917,20,0.024367013600216442
1286,E>>S,0.5015594342672446,0.12779096102459808,20,0.02857492757610275
1286,E>S,0.4785564393509891,0.09809966582014609,20,0.021935752134385932
1286,S~E,0.4604027817700492,0.07751898303059591,20,0.01733377156030651
1286,S>E,0.4605277043678546,0.0807914160227684,20,0.018065509822537584
1286,S>>E,0.5113387990669206,0.10814002786920164,20,0.02418084534042566
1287,E>>S,0.4757865943569787,0.10242570005339528,20,0.02290308279623957
1287,E>S,0.4808173559859007,0.10439856090771556,20,0.023344227894280412
1287,S~E,0.44969867108024647,0.07575626139697288,20,0.016939615020487454
1287,S>E,0.48962004571143086,0.1005815003080619,20,0.022490707196774245
1287,S>>E,0.5295074601883155,0.14537373425448258,20,0.03250655519360127
1288,E>>S,0.46128366997669146,0.11038871895130496,20,0.02468366795242372
1288,E>S,0.47251812696143175,0.09420933098251301,20,0.02106584681916761
1288,S~E,0.4504105689500218,0.07813736627404727,20,0.017472046257156915
1288,S>E,0.47970286511423843,0.08251419554777452,20,0.01845073503535343
1288,S>>E,0.49287838130732736,0.08910213949487926,20,0.019923844085121878
1289,E>>S,0.48321795655892313,0.10905663140693068,20,0.024385804122303553
1289,E>S,0.44828012019083047,0.0954266779858441,20,0.021338053884333012
1289,S~E,0.4704868402970771,0.07178829566595793,20,0.016052350909793546
1289,S>E,0.5040987966242436,0.08892859539317999,20,0.01988503844427251
1289,S>>E,0.47092796603201015,0.10277756394888604,20,0.02298176195515409
1290,E>>S,0.5116615290100173,0.11700705100855974,20,0.026163571990192487
1290,E>S,0.469692791178391,0.12010750703845605,20,0.026856855034602216
1290,S~E,0.4450702367419944,0.056353355983520856,20,0.012600993473939715
1290,S>E,0.49632145637932173,0.092712834628364,20,0.020731220061571833
1290,S>>E,0.4902524269973174,0.1145193315078199,20,0.025607300998931878
1291,E>>S,0.45933871650235875,0.09913890856476454,20,0.02216813387659496
1291,E>S,0.4709779083666895,0.08688395354614405,20,0.0194278426283112
1291,S~E,0.4462859660565085,0.06801495212703249,20,0.015208605644243854
1291,S>E,0.4851812899297997,0.08245570505645522,20,0.0184376561638907
1291,S>>E,0.512452759225747,0.10120142360871653,20,0.022629326260884222
1292,E>>S,0.4742037502951259,0.13630987960592153,20,0.03047981568036528
1292,E>S,0.4689774472872405,0.08770140565347581,20,0.019610630476345627
1292,S~E,0.4607508471158773,0.0818623115981815,20,0.018304969352880326
1292,S>E,0.5143785915491104,0.09937407710265037,20,0.022220719160283155
1292,S>>E,0.5061171049783172,0.08025688728388132,20,0.017945985562929707
1293,E>>S,0.4739000295489914,0.09466289583380515,20,0.021167267003136994
1293,E>S,0.4706017597446664,0.07897814319560936,20,0.0176600496922095
1293,S~E,0.448137006395043,0.0736467650489069,20,0.016467917297231145
1293,S>E,0.4955618589146485,0.08927885238481849,20,0.019963358288562334
1293,S>>E,0.49610442743077227,0.10084371039392435,20,0.022549339154411693
1294,E>>S,0.4759389302301712,0.10801134034759076,20,0.02415206993580787
1294,E>S,0.4508171033324194,0.09857314180465417,20,0.0220416245830933
1294,S~E,0.4462479900787325,0.07956372498678392,20,0.01779098976135474
1294,S>E,0.49708235523666816,0.10428011837321992,20,0.02331774333842445
1294,S>>E,0.4811483079483998,0.11691337471525999,20,0.026142625334222645
1295,E>>S,0.5207985475685759,0.1059977334554225,20,0.02370181374672284
1295,E>S,0.47611961584324397,0.1019235037849395,20,0.02279078829680818
1295,S~E,0.4724061165177673,0.0678573111214261,20,0.015173356043786123
1295,S>E,0.4867085615438276,0.07665371499408724,20,0.017140291745467395
1295,S>>E,0.4761107695819127,0.12964681872119752,20,0.028989909972718997
1296,E>>S,0.47600711213859037,0.10959591368660683,20,0.024506391305945244
1296,E>S,0.4523851313446194,0.10267329763150355,20,0.02295844729781101
1296,S~E,0.4664005496063878,0.09018023836971985,20,0.02016491432218284
1296,S>E,0.4997930011248246,0.08831151075444967,20,0.019747054124265317
1296,S>>E,0.49965693724502236,0.09332553148037544,20,0.020868223242641606
1297,E>>S,0.5083222711783847,0.10935436191450662,20,0.024452378687695085
1297,E>S,0.46753682675269675,0.07971962596734115,20,0.017825850280383224
1297,S~E,0.4680906043505059,0.09671818010683185,20,0.02162684253789439
1297,S>E,0.49166371656903135,0.08209072278563738,20,0.018356043647077606
1297,S>>E,0.4567146476796301,0.12213522242760008,20,0.027310265979517065
1298,E>>S,0.4970026898560477,0.12249812508106378,20,0.027391413479753053
1298,E>S,0.46893573542023004,0.0937954642427764,20,0.020973303402799886
1298,S~E,0.42214575272813526,0.07559095913307384,20,0.016902652310596167
1298,S>E,0.5082417466318145,0.10152340539257143,20,0.022701323576505842
1298,S>>E,0.49355605700615374,0.11283912773026561,20,0.025231596012665544
1299,E>>S,0.5127220786967106,0.12116544146054008,20,0.0270934163629539
1299,E>S,0.47064745349404413,0.10741729043285847,20,0.024019236336670934
1299,S~E,0.4591248061505676,0.06145819189085615,20,0.013742469484218067
1299,S>E,0.48883442212916944,0.07963439919439128,20,0.017806792994601337
1299,S>>E,0.48760371521203927,0.08286885803478736,20,0.018530039978356415
1300,E>>S,0.4922093419633418,0.1252336522694559,20,0.02800309595450742
1300,E>S,0.4666520915642722,0.08642615086321463,20,0.019325474836380002
1300,S~E,0.47816716313657315,0.08052508459665428,20,0.01800595630520402
1300,S>E,0.492759810188411,0.08474345696936979,20,0.018949213043183914
1300,S>>E,0.47712374144068753,0.11122594260227807,20,0.024870876852018362
1301,E>>S,0.47689477663560587,0.10596057977249511,20,0.023693505930658824
1301,E>S,0.4294551677656851,0.1035025906912653,20,0.023143882863300616
1301,S~E,0.4570921720622538,0.06604985189535116,20,0.01476919587417985
1301,S>E,0.4889355564881715,0.0992906408172831,20,0.02220206223969603
1301,S>>E,0.5390138373632425,0.1540241271237949,20,0.03444084184238746
1302,E>>S,0.4777037556469351,0.12231672858451852,20,0.027350851990037502
1302,E>S,0.4662375853604198,0.08082783006871652,20,0.018073652250745163
1302,S~E,0.45033041912640553,0.08339841828316064,20,0.018648453249710848
1302,S>E,0.48349032100090084,0.08436226000752343,20,0.01886397481123343
1302,S>>E,0.5086857587576711,0.11358259263685018,20,0.025397839819666406
1303,E>>S,0.502503501394789,0.1425448805558595,20,0.03187400427674898
1303,E>S,0.4834132261484598,0.09111287511873718,20,0.020373458239094554
1303,S~E,0.4586826684390151,0.06372322890930988,20,0.014248947158699668
1303,S>E,0.48096048025667937,0.0700388148711104,20,0.015661155111532602
1303,S>>E,0.4946458964405682,0.10457438651859288,20,0.023383543696091125
1304,E>>S,0.4905618077571039,0.12043589811976063,20,0.026930285512702386
1304,E>S,0.4840478909304764,0.08750210287020072,20,0.019566065019194823
1304,S~E,0.46736691867092406,0.08647058380185751,20,0.01933541034350456
1304,S>E,0.48373800464445216,0.07488794002693688,20,0.01674545245951583
1304,S>>E,0.5062321938124756,0.1029349175692375,20,0.023016947294315245
1305,E>>S,0.5073125977536227,0.13851192698735093,20,0.030972208443820433
1305,E>S,0.4816828484539718,0.09871012787387681,20,0.022072255599368533
1305,S~E,0.45878070520380543,0.07512774681407067,20,0.016799074887265526
1305,S>E,0.4969234726696798,0.098380235340954,20,0.02199848938648003
1305,S>>E,0.4975622307284923,0.10776556848872687,20,0.024097113677470253
1306,E>>S,0.5014395564416858,0.1666482750423393,20,0.03726368713277523
1306,E>S,0.4636468045487564,0.08417183027211919,20,0.018821393427903312
1306,S~E,0.4448420195358175,0.06655333366395533,20,0.014881777820182926
1306,S>E,0.4981629770067489,0.0938201543007653,20,0.020978824267603047
1306,S>>E,0.49920752995393086,0.11546788224441203,20,0.025819403391644628
1307,E>>S,0.4952674214057134,0.13324411854326398,20,0.02979429066647785
1307,E>S,0.4811585091485986,0.08631322161787852,20,0.019300223089458075
1307,S~E,0.4405082098932073,0.08076518540875378,20,0.01805964447893476
1307,S>E,0.49093503289675927,0.08037730893622673,20,0.017972912662990427
1307,S>>E,0.515885084391213,0.09969234164896926,20,0.02229188527632287
1308,E>>S,0.4654113385271438,0.12559248613976032,20,0.02808333364717042
1308,E>S,0.4953657682484258,0.0962801309051083,20,0.02152889175864005
1308,S~E,0.4392472230082444,0.10310004180287985,20,0.02305387019543093
1308,S>E,0.4858035636198328,0.08183553004948001,20,0.0182989808165364
1308,S>>E,0.5212125640040636,0.11364773631822289,20,0.025412406389651806
1309,E>>S,0.4998834861113335,0.09696372354057176,20,0.021681747718821504
1309,E>S,0.4826717242018776,0.08499880506581303,20,0.01900631061334114
1309,S~E,0.46296275321218044,0.09669470359203829,20,0.021621593029599068
1309,S>E,0.4952932714523583,0.08256443965403534,20,0.018461969959060225
1309,S>>E,0.5108458535971863,0.08785871285458338,20,0.019645805435848304
1310,E>>S,0.4949701493767692,0.10898640955158918,20,0.024370102038098578
1310,E>S,0.47740156214913015,0.09063618231524988,20,0.020266866487796298
1310,S~E,0.4324966316441225,0.08314535512043299,20,0.018591866606264836
1310,S>E,0.4924730663760982,0.08751303108167009,20,0.019568508641566628
1310,S>>E,0.4978714510441626,0.08570230009834741,20,0.01916361688479917
1311,E>>S,0.5065084699545633,0.11240961801308022,20,0.02513555472020322
1311,E>S,0.4522383948923604,0.11047558118857204,20,0.02470309093914441
1311,S~E,0.4609772330007493,0.0807521056745124,20,0.01805671976144562
1311,S>E,0.4963865306319786,0.08305224392396265,20,0.018571046309787436
1311,S>>E,0.5284723538235925,0.12296003399090333,20,0.02749469945193446
1312,E>>S,0.47151065944125514,0.10019126832499993,20,0.022403448672662134
1312,E>S,0.4825352331808612,0.08824701782431547,20,0.019732633066680497
1312,S~E,0.4413846560583736,0.0950228566294461,20,0.0212477566839658
1312,S>E,0.4966656847702396,0.09696614587708847,20,0.021682289369733078
1312,S>>E,0.4666555310064905,0.1465251875706493,20,0.03276402798238791
1313,E>>S,0.4893231808287954,0.1270678875620291,20,0.028413243434599708
1313,E>S,0.4850240355787417,0.09291352116709088,20,0.020776094935848078
1313,S~E,0.4347755901041574,0.06812808757089639,20,0.015233903498558285
1313,S>E,0.4874607905905492,0.0820831201887402,20,0.018354343654730845
1313,S>>E,0.48159854452817463,0.07750024409882567,20,0.017329581407780112
1314,E>>S,0.4725426000026315,0.14999128893220098,20,0.03353907180852132
1314,E>S,0.47115017876761617,0.10771621525190209,20,0.024086077958225267
1314,S~E,0.47054366669966186,0.10326063653862654,20,0.02308978027002675
1314,S>E,0.48940087951812467,0.0847450158698715,20,0.018949561623933114
1314,S>>E,0.5029146932016848,0.1056626169864235,20,0.02362687942621669
1315,E>>S,0.4725823893305887,0.11122705645235652,20,0.024871125916467576
1315,E>S,0.4596062658038137,0.12497789857102655,20,0.027945907688988917
1315,S~E,0.4475741440830225,0.07923969847159451,20,0.01771853522990715
1315,S>E,0.49850887907201624,0.105989730244216,20,0.023700024174293236
1315,S>>E,0.5242278900690859,0.12394862445869265,20,0.027715755000722982
1316,E>>S,0.4800217406445208,0.10159399438271723,20,0.02271710775454875
1316,E>S,0.45889130726140975,0.09847348291830418,20,0.02201934017864925
1316,S~E,0.45564092160422953,0.0849957687032263,20,0.019005631662026314
1316,S>E,0.47275978948171493,0.08019524359270191,20,0.01793220161454359
1316,S>>E,0.4992525023451849,0.12893357432616742,20,0.028830423677533197
1317,E>>S,0.48311383394401863,0.10220701731361943,20,0.0228541838490751
1317,E>S,0.464781117962514,0.08487961190632545,20,0.01897965821263442
1317,S~E,0.4411152906617148,0.07557591489319355,20,0.016899288316291953
1317,S>E,0.474215329306028,0.09585195966081227,20,0.02143314975781439
1317,S>>E,0.5078379159791944,0.09304372189704155,20,0.020805208704137056
1318,E>>S,0.4762848104856087,0.10352112467703031,20,0.023148027188507073
1318,E>S,0.4824718259491001,0.10112929525943198,20,0.022613197871673714
1318,S~E,0.43750360089591667,0.09172775998724435,20,0.02051095067552636
1318,S>E,0.5096206166355022,0.12796078333803665,20,0.028612900999797238
1318,S>>E,0.5045326957507941,0.10656517397654937,20,0.023828697304565594
1319,E>>S,0.48599824656265805,0.11339395658390586,20,0.02535565951592733
1319,E>S,0.4714681220361254,0.08372153738673901,20,0.018720704877753853
1319,S~E,0.45349020966460635,0.06860698513213864,20,0.01534098824867794
1319,S>E,0.48879481692850807,0.09844417745121736,20,0.0220127872769974
1319,S>>E,0.48731134161811307,0.10156773539144494,20,0.022711236065598207
1320,E>>S,0.5052447639891495,0.10114377085702225,20,0.02261643471369639
1320,E>S,0.47314085037467074,0.09975961366454394,20,0.022306927756303715
1320,S~E,0.43684681089321264,0.06427602897890548,20,0.014372557012057904
1320,S>E,0.4798275911707777,0.0699692182764416,20,0.01564559283986441
1320,S>>E,0.5109594448337452,0.11513057235129764,20,0.02574397860659593
1321,E>>S,0.48592824911969357,0.11038995949019358,20,0.024683945345352086
1321,E>S,0.4901637836839786,0.09410491589789007,20,0.021042498896458282
1321,S~E,0.4530900822934377,0.07796377834396652,20,0.01743323081598351
1321,S>E,0.47573419114628573,0.11990304880768791,20,0.026811136784346528
1321,S>>E,0.507386660644261,0.0787901867193255,20,0.017618021346431294
1322,E>>S,0.5058615871768753,0.13111450794837298,20,0.029318095260899846
1322,E>S,0.4662556225990141,0.10915215675937416,20,0.024407164240467377
1322,S~E,0.4787348474957815,0.07340999237383568,20,0.016414973317563773
1322,S>E,0.4844405742180383,0.08008361907146828,20,0.017907241612800166
1322,S>>E,0.49381679752658425,0.08472549740485436,20,0.018945197162473636
1323,E>>S,0.5061847424157987,0.11192982258213027,20,0.02502826920031343
1323,E>S,0.46722851774733,0.09398390793449155,20,0.021015440693260494
1323,S~E,0.47515990684472625,0.07537309879991913,20,0.0168539372591427
1323,S>E,0.47846244283924844,0.09899839818514286,20,0.022136714800557122
1323,S>>E,0.5258655079329805,0.11016446114160913,20,0.02463352238172721
1324,E>>S,0.48730403148529333,0.11758710758039724,20,0.026293276582734903
1324,E>S,0.4681888999095275,0.09508441819594045,20,0.021261522268714073
1324,S~E,0.4759425095919494,0.0866429142151155,20,0.019373944595368106
1324,S>E,0.4867852286709553,0.07540179571105442,20,0.016860354083546976
1324,S>>E,0.5017507973857325,0.11116146944369212,20,0.02485646021548613
1325,E>>S,0.5008579073725448,0.10545747694306057,20,0.023581008718030014
1325,E>S,0.4901255944760292,0.06560415298571813,20,0.014669534568236152
1325,S~E,0.45257787297467855,0.08946807932081152,20,0.020005670717767775
1325,S>E,0.4893488663079987,0.0959616817047288,20,0.021457684352697147
1325,S>>E,0.49752950990563827,0.0905317261015034,20,0.020243509368335362
1326,E>>S,0.4827357702493404,0.1167202258957507,20,0.026099435945202986
1326,E>S,0.48355014416121056,0.07604184392686306,20,0.017003473215489534
1326,S~E,0.44601396409442173,0.0914999929119227,20,0.02046002040918081
1326,S>E,0.5086001380934323,0.09604997443147109,20,0.021477427206588608
1326,S>>E,0.5017916530870339,0.10317583455951551,20,0.023070817971034874
1327,E>>S,0.46424559550871863,0.10543686581577869,20,0.023576399929860496
1327,E>S,0.4744752767821431,0.08330495860289343,20,0.01862755502988756
1327,S~E,0.454942965182887,0.08648038587760981,20,0.019337602154274835
1327,S>E,0.4933865055484941,0.09484828415567985,20,0.02120872109213164
1327,S>>E,0.5113803449828681,0.10183726929420746,20,0.02277150567847999
1328,E>>S,0.5068586184619793,0.11231841575015068,20,0.025115161274241994
1328,E>S,0.47488946098299667,0.08689270580116738,20,0.01942979969203006
1328,S~E,0.4315763180839264,0.08243647155567782,20,0.018433355422372344
1328,S>E,0.4741305875216918,0.08771844459719139,20,0.01961444049998691
1328,S>>E,0.4802950857588127,0.0790096534267261,20,0.017667095594085875
1329,E>>S,0.48081310745835326,0.10811016713138093,20,0.02417416827646312
1329,E>S,0.45475844513822583,0.08853592058283614,20,0.01979723368737444
1329,S~E,0.4694483579424502,0.06737762861160777,20,0.015066095773828975
1329,S>E,0.47748254417468433,0.08767094375173907,20,0.0196038189880449
1329,S>>E,0.5068210702595264,0.12011458499462672,20,0.026858437713716155
1330,E>>S,0.5001978391353863,0.1282848710181489,20,0.028685369208137357
1330,E>S,0.4721330458709522,0.08854623863984847,20,0.019799540875061968
1330,S~E,0.45431279783434314,0.07753188400514892,20,0.017336656305914164
1330,S>E,0.47917402305479406,0.09145352920371025,20,0.02044963080817583
1330,S>>E,0.4789198037308299,0.08447057228414764,20,0.018888194172566382
1331,E>>S,0.4843675031712508,0.11519703739052253,20,0.025758840641179337
1331,E>S,0.4534359243116971,0.09533862989420645,20,0.02131836573251392
1331,S~E,0.43111634607529503,0.08537626937856464,20,0.019090714199580427
1331,S>E,0.49945142036172435,0.0986922517707082,20,0.022068258381182752
1331,S>>E,0.5040344478051252,0.09000874570229257,20,0.02012656739598182
1332,E>>S,0.46453228218694986,0.11881228802817807,20,0.02656723525932906
1332,E>S,0.47243779301723376,0.11860230490958734,20,0.026520281606599434
1332,S~E,0.44832349082689643,0.08615886763149597,20,0.01926570848884313
1332,S>E,0.4865087872354187,0.10513189759341945,20,0.023508206962243244
1332,S>>E,0.5137155365020964,0.09756398385418155,20,0.021815970005364185
1333,E>>S,0.5141588242100521,0.10699270308558236,20,0.023924295719581365
1333,E>S,0.4796120575864132,0.1086512839549945,20,0.02429516567659999
1333,S~E,0.4589737673469152,0.07513212606089895,20,0.016800054116625354
1333,S>E,0.4886951540242935,0.11807287937679078,20,0.02640189845856372
1333,S>>E,0.5007357155086386,0.10145706078350003,20,0.022686488470923413
1334,E>>S,0.5298348320459484,0.10040787928923103,20,0.022451884356731386
1334,E>S,0.47167939022961924,0.09726133474319207,20,0.02174829560681395
1334,S~E,0.4316594666169135,0.06948057073729999,20,0.015536327928408545
1334,S>E,0.4814004126114142,0.09502957128803179,20,0.021249258127270132
1334,S>>E,0.5096345995982843,0.07943630399977991,20,0.01776249756248463
1335,E>>S,0.4828378821065046,0.11764628835434104,20,0.026306509806084843
1335,E>S,0.46684079110919613,0.09348080015585447,20,0.020902942373956353
1335,S~E,0.4502621474055319,0.08267487217668609,20,0.01848666342181761
1335,S>E,0.48363305164259573,0.08548165199202763,20,0.01911427846831541
1335,S>>E,0.4972389610574556,0.08366310971380386,20,0.01870764005290884
1336,E>>S,0.5141449230255046,0.10577993289334515,20,0.023653112060488576
1336,E>S,0.4580890420525904,0.09498537932033062,20,0.021239376502886202
1336,S~E,0.4489562454286718,0.09063053021584273,20,0.020265602639947304
1336,S>E,0.47688242620537463,0.10040238564761304,20,0.022450655941121198
1336,S>>E,0.4918765890013394,0.08449372454405309,20,0.01889337117526451
1337,E>>S,0.4987681489841321,0.12344033304413167,20,0.027602097585189195
1337,E>S,0.48511045284005905,0.09083237951661391,20,0.02031073751572082
1337,S~E,0.45355132015674327,0.08782560520758306,20,0.019638402340921526
1337,S>E,0.4707569087967388,0.08262345117814053,20,0.01847516533699573
1337,S>>E,0.5088052805488741,0.12981176579246498,20,0.029026793259123353
1338,E>>S,0.4896019987259283,0.1242224963223909,20,0.027776994611158366
1338,E>S,0.47791530504775526,0.0935436340750129,20,0.02091699246540945
1338,S~E,0.4506222414928933,0.08387647566954175,20,0.018755350131020254
1338,S>E,0.49477704670015576,0.07543564098983507,20,0.016867922117954074
1338,S>>E,0.4958395529740308,0.07210600354682703,20,0.016123392551654618
1339,E>>S,0.47956529760914257,0.10808932615397235,20,0.024169508092242806
1339,E>S,0.4828332029927114,0.10007471071127681,20,0.02237738559790413
1339,S~E,0.45516045234467983,0.0789900021920303,20,0.017662701444423713
1339,S>E,0.4853420306673528,0.08202289030832734,20,0.01834087584404286
1339,S>>E,0.4950435007119613,0.10999249436403823,20,0.024595069441275198
1340,E>>S,0.5130560766102839,0.10834806224370892,20,0.024227363240731152
1340,E>S,0.49057961874298683,0.09610513444605662,20,0.021489761360813917
1340,S~E,0.4576405824774228,0.07012763161884931,20,0.015681015140081068
1340,S>E,0.5030433151908096,0.09720806972550401,20,0.02173638518677663
1340,S>>E,0.48170261385654056,0.12248329361084138,20,0.0273880970621907
1341,E>>S,0.47639023012518067,0.08291227720422485,20,0.018539748799795298
1341,E>S,0.45925966054299394,0.08940792940609678,20,0.01999222078795348
1341,S~E,0.44610641846887533,0.07831792698236663,20,0.017512420858943674
1341,S>E,0.4896992951086106,0.10705750396056403,20,0.023938785635727412
1341,S>>E,0.505281576374191,0.11320383731138714,20,0.025313147554208867
1342,E>>S,0.4626179084156986,0.14822078272233724,20,0.03314317458453724
1342,E>S,0.47608202264630906,0.06385426107623125,20,0.014278246841947196
1342,S~E,0.44091188511709756,0.07286903849141069,20,0.016294012352184303
1342,S>E,0.4623530797164491,0.077033694561521,20,0.01722525775975168
1342,S>>E,0.488298461909086,0.07399073272251884,20,0.01654483080725702
1343,E>>S,0.48756906814788764,0.12618483207053066,20,0.02821578622391021
1343,E>S,0.44405731664114434,0.07503875881936105,20,0.016779176566730315
1343,S~E,0.43029331051282654,0.06285652351178242,20,0.01405514594016593
1343,S>E,0.5046555541820823,0.09736029135890065,20,0.02177042297876872
1343,S>>E,0.504941783889154,0.10271474589453317,20,0.022967715411179358
1344,E>>S,0.4796611428051313,0.10315257270154274,20,0.023065616461463868
1344,E>S,0.46523781212299575,0.076265387066396,20,0.01705345898107947
1344,S~E,0.4473541219008127,0.07029231241180169,20,0.015717838884844074
1344,S>E,0.49322270450683947,0.08334339267189987,20,0.01863614914898259
1344,S>>E,0.4866057411165907,0.08885861505118747,20,0.019869390364094113
1345,E>>S,0.4890039501938741,0.0899438407492439,20,0.020112054207272495
1345,E>S,0.4651179198377665,0.07125068764991468,20,0.015932138102881396
1345,S~E,0.4647035668767144,0.08290220618842908,20,0.018537496852203118
1345,S>E,0.4670988113878954,0.09401914050004491,20,0.021023318934420398
1345,S>>E,0.5120008687393246,0.09164496511260876,20,0.020492437178738984
1346,E>>S,0.4969327496644965,0.12220525245709357,20,0.02732592517015844
1346,E>S,0.4503087241610097,0.07912992518733775,20,0.017693989177335997
1346,S~E,0.4548028830245883,0.05153561296148411,20,0.011523713384399772
1346,S>E,0.4945021226823817,0.08911039924048479,20,0.019925691020386962
1346,S>>E,0.5186213086033874,0.1022408098755425,20,0.022861740095634485
1347,E>>S,0.4860616750358416,0.10906191385501458,20,0.024386985313603875
1347,E>S,0.4543115551210473,0.09003423701988422,20,0.02013226742787892
1347,S~E,0.45950681843885466,0.0798124526267125,20,0.017846606952431076
1347,S>E,0.4864739364332051,0.06756431161123665,20,0.015107839361570348
1347,S>>E,0.5198048674998372,0.13968480063804645,20,0.031234470965017785
1348,E>>S,0.49113741890002416,0.10418085366762064,20,0.023295547075475802
1348,E>S,0.48915783244804273,0.0848472201072833,20,0.018972415186177243
1348,S~E,0.44887226526519725,0.06767372980375244,20,0.015132306013214395
1348,S>E,0.46988966860148834,0.08630025635990672,20,0.019297323969640998
1348,S>>E,0.4909480467156878,0.08744390522398622,20,0.019553051629888216
1349,E>>S,0.4887679621417759,0.12141839940949965,20,0.027149979479886153
1349,E>S,0.4752859170935646,0.08765639510268664,20,0.019600565811218697
1349,S~E,0.45836463456767473,0.0754227962845901,20,0.016865049954546203
1349,S>E,0.4811196303570132,0.10106900897945624,20,0.02259971744966008
1349,S>>E,0.5001760157856047,0.09136241112339005,20,0.020429256186018308
1350,E>>S,0.4946069306289907,0.09909260903178961,20,0.02215778098628912
1350,E>S,0.4711124506198484,0.07424779438578455,20,0.016602311542604147
1350,S~E,0.4617541635457081,0.07740291552332584,20,0.017307818076683027
1350,S>E,0.4823945713838807,0.08017025662390448,20,0.01792661435846532
1350,S>>E,0.508798378188066,0.12293756574952283,20,0.027489675400428293
1351,E>>S,0.48865572156572423,0.10152690738223485,20,0.022702106645200233
1351,E>S,0.48649714694181334,0.07676208516784204,20,0.017164524052992316
1351,S~E,0.45666974091670864,0.08830680088493197,20,0.019746000965424646
1351,S>E,0.47252311981721995,0.10316135716804894,20,0.023067580727889263
1351,S>>E,0.48476650125430043,0.09250266907258956,20,0.020684225614647767
1352,E>>S,0.5120082492219168,0.09752833529482377,20,0.021807998745161792
1352,E>S,0.48277498015480536,0.07279773146067699,20,0.01627806761538488
1352,S~E,0.4413392635485331,0.09963105550586342,20,0.022278181278116527
1352,S>E,0.474067039794711,0.07207648298618624,20,0.016116791553621945
1352,S>>E,0.502359347864325,0.09043285183852962,20,0.020221400411011906
1353,E>>S,0.46019716211590034,0.12483513241880449,20,0.027913984206863456
1353,E>S,0.49275531866938566,0.09494458539165204,20,0.021230254703126745
1353,S~E,0.45356476370644383,0.09178283011323232,20,0.020523264730050218
1353,S>E,0.48216886901096156,0.09091345714673811,20,0.020328867024962047
1353,S>>E,0.48443961985802686,0.08227896746167374,20,0.018398136436279577
1354,E>>S,0.4895059497164659,0.10570933173731907,20,0.023637325162072138
1354,E>S,0.4638431450592638,0.09112688077064898,20,0.020376589998068954
1354,S~E,0.46217273469497167,0.08421853525173559,20,0.018831836978834313
1354,S>E,0.4999681623647321,0.08144116744910962,20,0.018210798658315226
1354,S>>E,0.5249465095371805,0.12159809098622194,20,0.02719015973793967
1355,E>>S,0.49902795859251337,0.119512991630888,20,0.0267239173481029
1355,E>S,0.44753834918844604,0.09089417030888074,20,0.020324554356910038
1355,S~E,0.44329960438792737,0.08944251266602228,20,0.019999953839961174
1355,S>E,0.5109326845201525,0.08257985235461793,20,0.018465416343682175
1355,S>>E,0.4936720370510225,0.07408899128639711,20,0.01656680209007735
1356,E>>S,0.49823870778828655,0.10681769356920764,20,0.02388516240204904
1356,E>S,0.475431173676525,0.09658577594265061,20,0.02159723606673306
1356,S~E,0.45490323175922304,0.0715951581907328,20,0.016009164057432936
1356,S>E,0.49572667504241386,0.10771618840641106,20,0.024086071955390986
1356,S>>E,0.49150914154178293,0.06834925970820678,20,0.01528335909193378
1357,E>>S,0.5015706770766799,0.11835206861135666,20,0.02646432706927126
1357,E>S,0.49286479875248046,0.0956444149177071,20,0.021386741342418802
1357,S~E,0.44584450201302894,0.07778914337533666,20,0.01739418124987302
1357,S>E,0.4995256105202994,0.10035427894306448,20,0.02243989895496679
1357,S>>E,0.4957219090585158,0.1059498983945251,20,0.023691117501935394
1358,E>>S,0.4822467025806804,0.1356541177359444,20,0.030333182868533155
1358,E>S,0.46532236946064087,0.10977056523044738,20,0.02454544457838552
1358,S~E,0.47324470168264143,0.06991156904050248,20,0.015632702078823328
1358,S>E,0.506337193063867,0.09179108933881215,20,0.02052511154903402
1358,S>>E,0.5144323008203726,0.0881386350008003,20,0.01970839793058317
1359,E>>S,0.4569896327508526,0.08870782564177768,20,0.019835672827121377
1359,E>S,0.4742583795897013,0.09085989133546435,20,0.02031688934543424
1359,S~E,0.43545808852175905,0.09069167116513445,20,0.020279274171829818
1359,S>E,0.4940490888811232,0.09957530742647946,20,0.02226571562860477
1359,S>>E,0.5101524617854343,0.09300087021647868,20,0.020795626777068192
1360,E>>S,0.4928788383299672,0.0998653867005035,20,0.022330579326162926
1360,E>S,0.4899593533213064,0.08816683188410306,20,0.01971470294536503
1360,S~E,0.4249181367113935,0.0996747822197611,20,0.02228795886858732
1360,S>E,0.47429352340179703,0.10468614043158914,20,0.023408532630712246
1360,S>>E,0.48204125720715335,0.09086252002001537,20,0.02031747713716899
1361,E>>S,0.5188293793183946,0.10531094703769013,20,0.023548243635115523
1361,E>S,0.47565878763502256,0.06622259535419166,20,0.01480782248584343
1361,S~E,0.45734088424337827,0.07846413138881422,20,0.017545113158086358
1361,S>E,0.49190378200296614,0.09337063713752923,20,0.020878309174198174
1361,S>>E,0.4686267445795137,0.10724716687781034,20,0.02398119555330478
1362,E>>S,0.46248331622742767,0.11668765727012499,20,0.0260921533791197
1362,E>S,0.4528673157656299,0.1026864029212871,20,0.022961377729693092
1362,S~E,0.45474492100816544,0.10175737156451913,20,0.02275364000299689
1362,S>E,0.49856598679046177,0.12778264280492174,20,0.02857306756563794
1362,S>>E,0.5140572632808363,0.12524557090550367,20,0.02800576104254761
1363,E>>S,0.5036004039923878,0.11320075428587505,20,0.025312458168746724
1363,E>S,0.4958398554036384,0.09227219482698981,20,0.020632690006625366
1363,S~E,0.4388458383645387,0.08412818272175224,20,0.018811633538936126
1363,S>E,0.4764885454053209,0.0989394918905937,20,0.022123542952665668
1363,S>>E,0.481577736030236,0.07842303177836443,20,0.017535923005804907
1364,E>>S,0.4910311391656862,0.11536658656761972,20,0.02579675298973118
1364,E>S,0.46852581867833354,0.08177308028558762,20,0.018285016624812182
1364,S~E,0.44433591841175585,0.1008522516342911,20,0.022551249033818915
1364,S>E,0.49829414206508427,0.08098138648870165,20,0.018107988510091988
1364,S>>E,0.49635390065668794,0.11556090233928466,20,0.025840203317185496
1365,E>>S,0.5152942683124823,0.13266785409779241,20,0.029665434019168786
1365,E>S,0.47659145445485507,0.09167142537095903,20,0.020498353872376324
1365,S~E,0.4476142073180808,0.06598664170400627,20,0.014755061645708056
1365,S>E,0.5057718220629228,0.10156494186218677,20,0.022710611413466367
1365,S>>E,0.4764426965936332,0.07637950318506903,20,0.017078976120947605
1366,E>>S,0.49715643960784267,0.1190484637677303,20,0.026620045760156568
1366,E>S,0.4565496665621569,0.08807158167271768,20,0.019693404350612138
1366,S~E,0.46607195126253764,0.06829371100793759,20,0.015270938024947412
1366,S>E,0.4736390032141619,0.08927092336868182,20,0.019961585306654706
1366,S>>E,0.5082941502205569,0.10782888104336917,20,0.02411127079507119
1367,E>>S,0.4834844023778886,0.12246924373133951,20,0.02738495541362651
1367,E>S,0.4661195268011428,0.08575856810936666,20,0.019176198794558945
1367,S~E,0.4585684303771222,0.07058616936521524,20,0.015783547297193445
1367,S>E,0.46598335265837043,0.08837162257691869,20,0.019760495536394532
1367,S>>E,0.4982308474331508,0.09143956734956422,20,0.020446508842679588
1368,E>>S,0.4903831546206539,0.12630230943672074,20,0.028242054961572075
1368,E>S,0.4999161599907239,0.10083733762123882,20,0.022547914159118693
1368,S~E,0.45250735621558824,0.09775903273396859,20,0.021859584260778088
1368,S>E,0.47531919938500183,0.09725720469787473,20,0.02174737210060598
1368,S>>E,0.49292596920604914,0.11037531100510578,20,0.024680669844509714
1369,E>>S,0.4690518969778491,0.1253571775595202,20,0.028030717049059833
1369,E>S,0.45869477403204745,0.08358976119080018,20,0.018691238824560297
1369,S~E,0.4340070325751447,0.08064856383441624,20,0.018033567102148578
1369,S>E,0.48810106035062206,0.07144427411872484,20,0.01597542535325976
1369,S>>E,0.5168920031277915,0.12772233132849023,20,0.028559581509525516
1370,E>>S,0.4943850341255628,0.10847010096468424,20,0.024254651928329946
1370,E>S,0.488978569517327,0.08371945912027222,20,0.01872024016324434
1370,S~E,0.44731391775797197,0.08402880724874787,20,0.018789412507642732
1370,S>E,0.4664476588034591,0.07020501323108594,20,0.01569831819459803
1370,S>>E,0.4917911745388916,0.09910426001380301,20,0.022160386225067778
1371,E>>S,0.46625395408383696,0.11477848006349801,20,0.025665248377608592
1371,E>S,0.4686997611749256,0.07285886765957696,20,0.016291738085047507
1371,S~E,0.45671421368519427,0.0988194385445481,20,0.022096698208397242
1371,S>E,0.4746585080348229,0.0844735449126781,20,0.018888858872512976
1371,S>>E,0.5147424744796705,0.12232875233839954,20,0.02735354058313977
1372,E>>S,0.4836703371450505,0.11160163484009618,20,0.02495488419025639
1372,E>S,0.46231693826583575,0.08610255052340594,20,0.019253115600644577
1372,S~E,0.4479878984614407,0.09297715674862143,20,0.020790324284457085
1372,S>E,0.4913530481985654,0.08102669196787214,20,0.01811811912320983
1372,S>>E,0.5119446976281093,0.13458682665294985,20,0.030094529327197635
1373,E>>S,0.4820028857935165,0.14132806500902212,20,0.031601916048868285
1373,E>S,0.46582221379497557,0.10776271965469382,20,0.024096476658814803
1373,S~E,0.4587412489145442,0.06704041360628601,20,0.014990692206335735
1373,S>E,0.4743880224475558,0.06730560457639359,20,0.0150499907099537
1373,S>>E,0.4948717780930802,0.13214507734643158,20,0.029548537583858853
1374,E>>S,0.4876364346936454,0.0847056141453927,20,0.01894075113049658
1374,E>S,0.4575046706713809,0.092689125921984,20,0.02072591863365941
1374,S~E,0.45813611747230826,0.0746892111735385,20,0.01670101533698689
1374,S>E,0.5012418512456362,0.09724807425879314,20,0.021745330472360894
1374,S>>E,0.5015922354796513,0.11798306111185977,20,0.026381814483963036
1375,E>>S,0.47601975648011124,0.10125514973576379,20,0.02264133978810877
1375,E>S,0.47367055168898514,0.07494783614981713,20,0.016758845639750723
1375,S~E,0.4469444331154417,0.08408130224957286,20,0.01880115074667509
1375,S>E,0.4914577157445742,0.08709796055821646,20,0.01947569605097675
1375,S>>E,0.51390185834214,0.1201969464157352,20,0.02687685428734836
1376,E>>S,0.5092608179665254,0.11155901310076566,20,0.02494535367961016
1376,E>S,0.4823126745481948,0.077515999436778,20,0.0173331044084471
1376,S~E,0.4393139596115641,0.08244732470996081,20,0.01843578226144705
1376,S>E,0.4860352790112648,0.09302578043841625,20,0.020801196872026893
1376,S>>E,0.45964449856889456,0.10584627159659554,20,0.023667945845489282
1377,E>>S,0.4835148327543092,0.10122518939695753,20,0.022634640452688797
1377,E>S,0.48000981940044757,0.09393953034663563,20,0.021005517562948165
1377,S~E,0.4467423268338274,0.07826933065943238,20,0.017501554390789924
1377,S>E,0.482971219322755,0.09308251824496198,20,0.02081388383125994
1377,S>>E,0.5192999789646248,0.12217448541733808,20,0.02731904545092247
1378,E>>S,0.519092593951594,0.10726785437495474,20,0.023985821418294702
1378,E>S,0.46257173942097873,0.08857734666974938,20,0.01980649684201242
1378,S~E,0.43076910559571935,0.10159369420389483,20,0.02271704063252352
1378,S>E,0.4944550391894735,0.07853997412071752,20,0.017562072108499863
1378,S>>E,0.48521729568731364,0.0736911540818533,20,0.016477842986743506
1379,E>>S,0.47864867098100083,0.13460702577515107,20,0.030099045988230412
1379,E>S,0.47360397366604623,0.08439986380050842,20,0.018872383274966056
1379,S~E,0.45405957134088515,0.09016279159440392,20,0.02016101310462338
1379,S>E,0.4890555016618491,0.09173880554933807,20,0.020513420538295486
1379,S>>E,0.4850608744275921,0.09945802810965094,20,0.02223949117612644
1380,E>>S,0.4704988228698671,0.09089275990792149,20,0.020324238981668
1380,E>S,0.4628868847648202,0.07586984734005012,20,0.016965013609488367
1380,S~E,0.43945828706699624,0.07934493149723768,20,0.01774206604978876
1380,S>E,0.4922779447067268,0.09632582298327987,20,0.021539108817922537
1380,S>>E,0.5111704022526627,0.11055326859324066,20,0.024720462370927867
1381,E>>S,0.5120075712839479,0.1316616867942557,20,0.029440448170424207
1381,E>S,0.4900780297914594,0.08387486094647419,20,0.018754989067965862
1381,S~E,0.4640451759251829,0.08206330712446375,20,0.018349913318874374
1381,S>E,0.483513795355766,0.09143068710443861,20,0.020444523159503812
1381,S>>E,0.5062188710509813,0.13881485203434915,20,0.031039944543537965
1382,E>>S,0.4954528371831306,0.14693470024657218,20,0.03285559780048905
1382,E>S,0.4695011288568983,0.10106676310998762,20,0.022599215257980036
1382,S~E,0.46792550033100666,0.0925515934131832,20,0.02069516542977994
1382,S>E,0.4768620427621791,0.08590418573914423,20,0.01920875988644945
1382,S>>E,0.48857044728741233,0.133544817612309,20,0.029861529022393404
1383,E>>S,0.48180403658073656,0.1177294500370081,20,0.026325105323641525
1383,E>S,0.4495819024203634,0.08757685672804406,20,0.019582780489966634
1383,S~E,0.4444710182074151,0.08181021981112417,20,0.018293321275187364
1383,S>E,0.4879589930744227,0.08163893982174841,20,0.0182550219052444
1383,S>>E,0.509252834796858,0.16174802415938033,20,0.036167957724665266
1384,E>>S,0.48700372365460015,0.10611870521228478,20,0.023728863853893
1384,E>S,0.4634573405042171,0.10576910821861896,20,0.023650691589636366
1384,S~E,0.4403621171567855,0.08370227611775645,20,0.01871639792707606
1384,S>E,0.4769561345039704,0.08898490954220431,20,0.019897630670803853
1384,S>>E,0.49568283050190576,0.11941311637655407,20,0.026701584562306827
1385,E>>S,0.47305535248255115,0.15092942191180125,20,0.03374884471995339
1385,E>S,0.4668050105883122,0.08818955837676767,20,0.01971978474361385
1385,S~E,0.4495974699472554,0.0561660731362872,20,0.0125591157561963
1385,S>E,0.4900424280031048,0.08175468460599734,20,0.018280903225806566
1385,S>>E,0.45918189355139455,0.12847912373048925,20,0.028728805435098034
1386,E>>S,0.4822877775579831,0.09337768205816988,20,0.02087988446634303
1386,E>S,0.4639109267005882,0.09902883932477072,20,0.02214352164630917
1386,S~E,0.46223659063032524,0.0775806984164344,20,0.01734757154010576
1386,S>E,0.4933911669623413,0.07618551602296454,20,0.017035599272824813
1386,S>>E,0.48170153673900684,0.08578837000769944,20,0.01918286270161201
1387,E>>S,0.4806691523380506,0.13477641312658442,20,0.030136922151463772
1387,E>S,0.45587549425681145,0.10594551254556651,20,0.02369013679629435
1387,S~E,0.4663005880202499,0.08444091277882257,20,0.018881562105557793
1387,S>E,0.4912473453050897,0.08849039712860265,20,0.019787054333550772
1387,S>>E,0.502246562612279,0.09555867881697767,20,0.021367570167483127
1388,E>>S,0.5065088499431623,0.10976082613936748,20,0.024543266851416147
1388,E>S,0.47413318568915813,0.07182651917347525,20,0.016060897945908266
1388,S~E,0.44366725881525415,0.07337636014188578,20,0.016407452921876273
1388,S>E,0.48092655586453603,0.08159691399524407,20,0.01824562464475697
1388,S>>E,0.4808148752284868,0.08275020153311938,20,0.018503507577986224
1389,E>>S,0.4836492943565385,0.1267504778021886,20,0.028342268454627183
1389,E>S,0.4586221651890779,0.06833765772571689,20,0.015280764809781662
1389,S~E,0.4606684647215791,0.09236068715584318,20,0.020652477492905705
1389,S>E,0.4942008726915895,0.0967756780842908,20,0.021639699476511086
1389,S>>E,0.4978288910802622,0.117094348337035,20,0.02618309226626497
1390,E>>S,0.4893045904784639,0.12753677693513946,20,0.02851809028581991
1390,E>S,0.45909708194527754,0.07421612578115859,20,0.01659523022733453
1390,S~E,0.4461986174436647,0.07849662910173101,20,0.01755237986760588
1390,S>E,0.4857046130530788,0.10226013834651024,20,0.022866062073132982
1390,S>>E,0.46061606252385995,0.11561623249002977,20,0.025852575515012632
1391,E>>S,0.5050594739712861,0.08485626469533801,20,0.018974437617549127
1391,E>S,0.47832816281802504,0.0856387822716545,20,0.01914941386697233
1391,S~E,0.4378835223905225,0.06999072398665003,20,0.015650401662857454
1391,S>E,0.47628967767541086,0.09077520777583535,20,0.020297953525843532
1391,S>>E,0.45398605855472673,0.1012787787055538,20,0.022646623386377643
1392,E>>S,0.48495131082441023,0.09955792313763431,20,0.022261828383444947
1392,E>S,0.47491338842582786,0.08092939628815007,20,0.01809636314783227
1392,S~E,0.44355721484848976,0.09917854171366108,20,0.022176996118104465
1392,S>E,0.47407993946310417,0.08353383350182395,20,0.018678733013122763
1392,S>>E,0.468408797432527,0.14356416070015196,20,0.03210192224582436
1393,E>>S,0.4880317249766425,0.11688969122913122,20,0.026137329545729834
1393,E>S,0.4577084846382255,0.08726602938658333,20,0.019513277383489458
1393,S~E,0.46197485855523013,0.08776380478252228,20,0.019624583345774098
1393,S>E,0.504255434352652,0.09170679199891082,20,0.02050626209079984
1393,S>>E,0.5029023232123229,0.1055459348340837,20,0.023600788503777413
1394,E>>S,0.47648415657729115,0.09658174243620801,20,0.021596334147273726
1394,E>S,0.4692909876271688,0.08524563831451312,20,0.019061504205661193
1394,S~E,0.46154996211241456,0.07658227485536667,20,0.017124317244817274
1394,S>E,0.4704615059675284,0.06188801238822832,20,0.013838580269242761
1394,S>>E,0.4711283182750169,0.09758916528871035,20,0.021821600745301924
1395,E>>S,0.4990868797513518,0.09552836314328497,20,0.021360791376767066
1395,E>S,0.4413992928313493,0.09356212005008104,20,0.02092112605509772
1395,S~E,0.45544596543091276,0.09398184376964577,20,0.021014979131969303
1395,S>E,0.5169165137934941,0.09904240350383355,20,0.022146554688953515
1395,S>>E,0.5038934891538405,0.10998109190220577,20,0.024592519773298373
1396,E>>S,0.4871644906928358,0.10477283287593825,20,0.02342791765058227
1396,E>S,0.4828735782108223,0.10963828823319881,20,0.024515866542614784
1396,S~E,0.45263996879255675,0.07892744991784463,20,0.017648714330701077
1396,S>E,0.4837353428213813,0.0990391080952969,20,0.022145817813203357
1396,S>>E,0.5130295157867227,0.11284204490960545,20,0.02523224831379619
1397,E>>S,0.508136118784895,0.11913211992641741,20,0.026638751845912655
1397,E>S,0.46537894185901496,0.09109839227522165,20,0.020370219776833735
1397,S~E,0.43472749388717735,0.0700658952893194,20,0.015667210477130048
1397,S>E,0.47701548328397136,0.08507111141902278,20,0.019022478805439353
1397,S>>E,0.5151222954017322,0.126510950985373,20,0.028288708630143797
1398,E>>S,0.49238242547399935,0.09159338903152289,20,0.02048090441640688
1398,E>S,0.4653520153015932,0.07962483330960615,20,0.01780465399773689
1398,S~E,0.45915052657355765,0.08719492207027603,20,0.01949737730419339
1398,S>E,0.5095355977962106,0.08623203116286024,20,0.019282068351803572
1398,S>>E,0.4947624344710639,0.10242738923930939,20,0.022903460509692625
1399,E>>S,0.4924097935389179,0.1023755738626459,20,0.022891874239242695
1399,E>S,0.4805084523512611,0.07320965105789728,20,0.01637017563744977
1399,S~E,0.45755986896814066,0.09486330930725692,20,0.021212080818161495
1399,S>E,0.4560307528448345,0.08731460251748016,20,0.01952413866574599
1399,S>>E,0.5051120695043582,0.12903251860830867,20,0.02885254829161847
1400,E>>S,0.4765174754350577,0.12555927106812373,20,0.028075906531364728
1400,E>S,0.46938912850546555,0.06393303840061987,20,0.014295861987189046
1400,S~E,0.44360794521570357,0.10144217015296123,20,0.02268315882471215
1400,S>E,0.5000559592191315,0.08845722787509869,20,0.019779637462990992
1400,S>>E,0.4771629050704204,0.11757222991865314,20,0.026289949836434297
1401,E>>S,0.5050669660993082,0.09215260264863638,20,0.02060594838258781
1401,E>S,0.4598124136930535,0.06959500946555788,20,0.015561917205972872
1401,S~E,0.44397571622222864,0.07899912876669662,20,0.017664742208559278
1401,S>E,0.4919795949300697,0.07611097943958099,20,0.017018932386099195
1401,S>>E,0.4964701862802389,0.0971516675453201,20,0.02172377327587959
1402,E>>S,0.48746750202592926,0.12477572701667491,20,0.027900700755124214
1402,E>S,0.46637910357053014,0.09863872548571517,20,0.022056289540000006
1402,S~E,0.4401174071540179,0.08645022884555995,20,0.01933085883690852
1402,S>E,0.4955686141025981,0.09692339934872171,20,0.021672730955410058
1402,S>>E,0.5097461092359996,0.11071627074902247,20,0.02475691076100858
1403,E>>S,0.47169644939002203,0.09658631119479343,20,0.0215973557527507
1403,E>S,0.4532534843282609,0.08462753648646473,20,0.018923292435207885
1403,S~E,0.44827038275335596,0.09256393027826858,20,0.020697924036675957
1403,S>E,0.5077223517705378,0.10835682891408424,20,0.024229323527820708
1403,S>>E,0.5105010582247285,0.12018956740155758,20,0.02687520428961755
1404,E>>S,0.44358378601390597,0.119532702117762,20,0.026728324746954888
1404,E>S,0.4548215182388029,0.09431579183499755,20,0.021089652189477413
1404,S~E,0.44000473938061935,0.07542969331040282,20,0.016866592176402184
1404,S>E,0.5127678465166821,0.09417226258846939,20,0.021057558074277786
1404,S>>E,0.5356950785196333,0.14183038915958338,20,0.03171423914360777
1405,E>>S,0.489401051381102,0.11541535519448617,20,0.025807657986215454
1405,E>S,0.4595746975184771,0.06793090527421473,20,0.015189812196624313
1405,S~E,0.4444567022961709,0.08630091670420696,20,0.019297471627115387
1405,S>E,0.4900571302738367,0.09463175261239871,20,0.021160303167126682
1405,S>>E,0.5057611937620906,0.08279262624833923,20,0.01851299403270199
1406,E>>S,0.4907847209398787,0.11459956546426966,20,0.02562524185700442
1406,E>S,0.48110904754394646,0.07941784517459095,20,0.0177583700436939
1406,S~E,0.4492790907297378,0.10824627972793814,20,0.02420460397831271
1406,S>E,0.4842486092012219,0.08665179757799368,20,0.01937593097569455
1406,S>>E,0.48265105612407194,0.09029106046920099,20,0.020189694896967748
1407,E>>S,0.49212437809212134,0.11124542871493334,20,0.024875234079269802
1407,E>S,0.45262775643958475,0.09860368856837538,20,0.022048455047110626
1407,S~E,0.46060640167849237,0.07744997896096517,20,0.017318341781264665
1407,S>E,0.4816090912398051,0.08947920681716252,20,0.020008158901593798
1407,S>>E,0.5111712517100633,0.1194458349156448,20,0.02670890065005996
1408,E>>S,0.4788144885848338,0.12655850206488578,20,0.02829934137476321
1408,E>S,0.45004597351408365,0.07837824384795591,20,0.01752590812010841
1408,S~E,0.44642991148294503,0.07305792781099663,20,0.016336249288066085
1408,S>E,0.4884396346885495,0.09426853737598556,20,0.021079085771218337
1408,S>>E,0.5011257611289837,0.11636915716810294,20,0.026020934591223507
1409,E>>S,0.5089834703578219,0.10058192785056015,20,0.02249080279818318
1409,E>S,0.47596052544496004,0.07423014848129672,20,0.016598365798408222
1409,S~E,0.46454749788192806,0.09448418907045446,20,0.02112730695604788
1409,S>E,0.49002858197819404,0.07499312510104965,20,0.01676897255710928
1409,S>>E,0.48752496715806287,0.1341355417488399,20,0.029993618954916704
1410,E>>S,0.5146476565747087,0.11349924494933954,20,0.025379202710162287
1410,E>S,0.48240289384230095,0.09501115904968964,20,0.021245141025615033
1410,S~E,0.45164880728329004,0.11084710799866133,20,0.02478616685942674
1410,S>E,0.4882314863252559,0.07585596472557485,20,0.016961909362521153
1410,S>>E,0.4817986927298038,0.12037889536276918,20,0.026917539308748607
1411,E>>S,0.48785766694572147,0.10475945080919638,20,0.023424925329490844
1411,E>S,0.47363622908253245,0.06788230359990775,20,0.015178944531867241
1411,S~E,0.44741556933349813,0.08152033179680687,20,0.018228500344599774
1411,S>E,0.4760109114122265,0.09563406872214812,20,0.021384427862760964
1411,S>>E,0.47483305304356965,0.10510311336468388,20,0.02350177061302998
1412,E>>S,0.483410037849801,0.10200215438650556,20,0.022808375105965478
1412,E>S,0.46785234940124126,0.08465458271246357,20,0.018929340155194707
1412,S~E,0.4639017327611904,0.08399666078380581,20,0.018782224339558055
1412,S>E,0.5030446468245555,0.09095222757322599,20,0.020337536355876405
1412,S>>E,0.4724171541380933,0.08859063652830056,20,0.0198094685447256
1413,E>>S,0.48004767402478066,0.09576072114782071,20,0.021412748206092878
1413,E>S,0.47347547165432974,0.07022702881358887,20,0.015703241028502114
1413,S~E,0.4607134147523051,0.09089007365001711,20,0.020323638316140067
1413,S>E,0.4969470109154992,0.08763826992929707,20,0.019596512899238392
1413,S>>E,0.48649271991188386,0.09453580333107878,20,0.02113884825558432
1414,E>>S,0.4816960493533333,0.13495764539948624,20,0.030177446919656296
1414,E>S,0.48756363258557844,0.05736762223390426,20,0.012827790302253825
1414,S~E,0.4199622813113524,0.0953392764740337,20,0.021318510312158583
1414,S>E,0.48809401542897335,0.07685756275155346,20,0.01718587348974293
1414,S>>E,0.49076106813530956,0.09401071154520692,20,0.021021434162820696
1415,E>>S,0.494606106054023,0.11384047195518154,20,0.02545550338824443
1415,E>S,0.4361282022998701,0.07109676876591509,20,0.015897720794116995
1415,S~E,0.4553443621880403,0.07405174459039846,20,0.016558473475658326
1415,S>E,0.5082980822489486,0.09807951030725502,20,0.02193124522469135
1415,S>>E,0.49302239690321975,0.10011191665651074,20,0.022385705100175148
1416,E>>S,0.5130639421874161,0.10055976051991332,20,0.022485846032362575
1416,E>S,0.4829324594210032,0.08201717497843472,20,0.018339597857427486
1416,S~E,0.46358224503937606,0.07516081729738097,20,0.01680646967213859
1416,S>E,0.48064321257685333,0.07753776482158933,20,0.01733797129644656
1416,S>>E,0.4742779231836066,0.10134248291984142,20,0.02266086808173768
1417,E>>S,0.5052173553030908,0.10031433537374089,20,0.02243096730133964
1417,E>S,0.46199058399605664,0.043066641021314814,20,0.009629993688624088
1417,S~E,0.4660355652495995,0.09598574147311974,20,0.02146306428046165
1417,S>E,0.49347652133368725,0.09039452612087852,20,0.020212830520016472
1417,S>>E,0.46472590121008306,0.06990337253364251,20,0.015630869284171636
1418,E>>S,0.48690463386652827,0.10404443138504903,20,0.023265042125728223
1418,E>S,0.4675515343383522,0.06936374916058774,20,0.015510205829731815
1418,S~E,0.4611324373411911,0.06564184051483725,20,0.014677961755937587
1418,S>E,0.4966256073606575,0.07889994863815668,20,0.01764256485761603
1418,S>>E,0.4791211191133522,0.08311314429291815,20,0.018584664046271366
1419,E>>S,0.49639456045953995,0.0929710815009193,20,0.020788965817772873
1419,E>S,0.462261862982872,0.06478660338131557,20,0.014486724919193934
1419,S~E,0.45412438676453715,0.07166532488868044,20,0.0160248538080697
1419,S>E,0.4819991792138447,0.0914772892717435,20,0.02045494372090307
1419,S>>E,0.48855681775076476,0.08457620367849894,20,0.01891181407039914
1420,E>>S,0.49498602447208306,0.09052480064234886,20,0.020241960788590866
1420,E>S,0.4810142564370231,0.07894454314611743,20,0.017652536492738367
1420,S~E,0.4578078718644233,0.07586039222609253,20,0.01696289938173395
1420,S>E,0.4760181490020335,0.08462034629841717,20,0.018921684660283346
1420,S>>E,0.49185205982601843,0.08128496349233794,20,0.018175870391745633
1421,E>>S,0.48448477305965526,0.11905336631072203,20,0.02662114200209578
1421,E>S,0.4600694080090714,0.09663793615616176,20,0.02160889944504624
1421,S~E,0.4800656806436665,0.09741093525544665,20,0.021781747298300954
1421,S>E,0.4888105778747235,0.07832678855950737,20,0.01751440236783113
1421,S>>E,0.4958258546086034,0.12745714737710917,20,0.02850028457534251
1422,E>>S,0.4571603337533351,0.1196262690871799,20,0.026749246957361594
1422,E>S,0.4567256855349727,0.08503538542539611,20,0.019014490230408056
1422,S~E,0.4521928361513856,0.08985746272603784,20,0.020092739494107417
1422,S>E,0.4632375699096394,0.07948359477929777,20,0.01777307210225572
1422,S>>E,0.5291726074071847,0.1287498960340611,20,0.028789351962819117
1423,E>>S,0.48417965614603453,0.10341818272029406,20,0.023125008667207163
1423,E>S,0.4766326144818624,0.08858341028810453,20,0.019807852708295593
1423,S~E,0.4489275123217241,0.062335721454450745,20,0.013938691059864393
1423,S>E,0.4744678352465718,0.09912062710602579,20,0.02216404601814819
1423,S>>E,0.4896525727217093,0.10408925683324044,20,0.02327506540065601
1424,E>>S,0.48886853985190815,0.10837732372344348,20,0.024233906306512024
1424,E>S,0.4823625588920685,0.08452237294491201,20,0.018899777152441233
1424,S~E,0.4647421918380985,0.10722525704025014,20,0.02397629636468872
1424,S>E,0.47508696540643297,0.07878271679286876,20,0.017616351020096874
1424,S>>E,0.49318039724098817,0.11584559043322107,20,0.025903861510228162
1425,E>>S,0.48764025578725967,0.10999816751615935,20,0.024596337996654147
1425,E>S,0.45807994402131846,0.07736617476839461,20,0.017299602594125937
1425,S~E,0.4587530699051722,0.10984022708254555,20,0.024561021442058524
1425,S>E,0.4886268311504229,0.09264340933419407,20,0.020715696093859648
1425,S>>E,0.4884603152081817,0.12581078968967,20,0.028132147804903175
1426,E>>S,0.49165872476528694,0.10774756938836023,20,0.02409308895627489
1426,E>S,0.4768271061207245,0.06844974772739418,20,0.015305828896116511
1426,S~E,0.4448682277549657,0.07839819597852217,20,0.01753036955213262
1426,S>E,0.4953211264105133,0.07128740795685048,20,0.015940349013127707
1426,S>>E,0.5084627082417374,0.09573632739235031,20,0.02140729359654705
1427,E>>S,0.480664365590213,0.10371814481150084,20,0.023192082229868297
1427,E>S,0.47302130297046263,0.07395920773727502,20,0.016537781606257535
1427,S~E,0.44021100556700465,0.08998293348592494,20,0.020120795608937026
1427,S>E,0.5007104916173002,0.0831720116005887,20,0.01859782717643174
1427,S>>E,0.48325467923268484,0.10375161489619104,20,0.023199566368326294
1428,E>>S,0.5075930052389059,0.09886887922499935,20,0.022107753480631525
1428,E>S,0.4568108822407613,0.07703241832268386,20,0.017224972384072144
1428,S~E,0.458729561240693,0.09833920769354204,20,0.02198931532562303
1428,S>E,0.49059090111054504,0.06594381126479434,20,0.014745484468349654
1428,S>>E,0.47395076882253095,0.07892191111648603,20,0.017647475817065907
1429,E>>S,0.5050323541421082,0.1068238078451626,20,0.02388652959571589
1429,E>S,0.4586921490562843,0.08860025158779027,20,0.01981161853738827
1429,S~E,0.45651931267532053,0.09285222566211143,20,0.020762388844263156
1429,S>E,0.49222644711214053,0.08207411182150279,20,0.018352329322579932
1429,S>>E,0.5035817455599606,0.07565205171868113,20,0.016916313028030077
1430,E>>S,0.48037719389152234,0.09253944346619149,20,0.020692448619040293
1430,E>S,0.44861355781887025,0.08394618952440822,20,0.01877093862286575
1430,S~E,0.47262640512742793,0.10688265160293979,20,0.02389968745996002
1430,S>E,0.4890352838191383,0.08089902836382734,20,0.01808957267352015
1430,S>>E,0.4781009388216845,0.08650793704138994,20,0.019343762781781994
1431,E>>S,0.4701541273913268,0.088313218581339,20,0.019747436005967154
1431,E>S,0.4635808868684449,0.0677297437970303,20,0.015144831122880446
1431,S~E,0.4729828801314674,0.10447267097727973,20,0.023360799409616686
1431,S>E,0.49061490019082266,0.0781542182800818,20,0.01747581448026196
1431,S>>E,0.4901502490279677,0.12148728510962242,20,0.02716538279070137
1432,E>>S,0.4916075807026671,0.11843882659387903,20,0.026483726743922336
1432,E>S,0.4779509364901795,0.08332900249104609,20,0.018632931406722838
1432,S~E,0.47203251289468673,0.10915103068317851,20,0.024406912442175244
1432,S>E,0.48614734466834586,0.08438140125338375,20,0.0188682549239252
1432,S>>E,0.506124318395568,0.11443156069873858,20,0.025587674849377278
1433,E>>S,0.5100216065587012,0.12008557155097387,20,0.02685195011048924
1433,E>S,0.4695900069208663,0.10295484005412266,20,0.023021402097363638
1433,S~E,0.4452662181626616,0.09132876508049698,20,0.020421732702110028
1433,S>E,0.5127113160111636,0.11445300375988535,20,0.025592469663614264
1433,S>>E,0.4992546081313174,0.09631395507909497,20,0.02153645507387175
1434,E>>S,0.45392314650972354,0.11283438122848698,20,0.02523053466260231
1434,E>S,0.47217028775179387,0.051080916122738414,20,0.011422040080340808
1434,S~E,0.4722215057921838,0.10279518916964932,20,0.022985703074328602
1434,S>E,0.4774561841527623,0.07268397211032103,20,0.016252630251337667
1434,S>>E,0.48268406848844114,0.11196944806979375,20,0.025037129728719142
1435,E>>S,0.484093606794392,0.1411483170680587,20,0.0315617231873873
1435,E>S,0.4746361939429883,0.06972176668726486,20,0.015590260982410455
1435,S~E,0.45373125271659853,0.09243135330100755,20,0.020668278923335243
1435,S>E,0.47828862379145043,0.09695246870992673,20,0.02167923106218175
1435,S>>E,0.5069900660555792,0.09246582536625213,20,0.020675987111456413
1436,E>>S,0.5028469465364763,0.09315158477347046,20,0.02082932757653143
1436,E>S,0.46505959834277333,0.08404287063370114,20,0.018792557176117657
1436,S~E,0.44812956140369203,0.09119977568626464,20,0.020392889796722026
1436,S>E,0.507848520622892,0.10090265357779248,20,0.022562519251005633
1436,S>>E,0.4856855351247765,0.10256145638885854,20,0.022933438835686777
1437,E>>S,0.4891520381881403,0.08805999344381207,20,0.01969081314385496
1437,E>S,0.4565883330840338,0.09118359447636562,20,0.020389271568192785
1437,S~E,0.46969037493019156,0.09220609344647411,20,0.020617909288601396
1437,S>E,0.48584801843258124,0.0841558540670131,20,0.018817821039839342
1437,S>>E,0.48147206619256294,0.07937500681851231,20,0.017748791096070284
1438,E>>S,0.4834561559886592,0.10200446022716193,20,0.02280889070761077
1438,E>S,0.46893036207525435,0.07399108607325956,20,0.016544909818884637
1438,S~E,0.4553660055952508,0.09304889538229208,20,0.020806365530607135
1438,S>E,0.5016339638515197,0.08482576133928527,20,0.018967616859781544
1438,S>>E,0.4871020762415557,0.09139196526063037,20,0.020435864692006877
1439,E>>S,0.4921481561363977,0.11435056008658408,20,0.02556956256187762
1439,E>S,0.45689656855643346,0.07630046123300732,20,0.01706130180315918
1439,S~E,0.46697035302724793,0.09693529621733196,20,0.02167539117610325
1439,S>E,0.511602448970103,0.08551335959890553,20,0.01912136850475369
1439,S>>E,0.49341605434232844,0.09203995191836938,20,0.020580758913528608
1440,E>>S,0.4983742856296892,0.08819295911453585,20,0.01972054517169618
1440,E>S,0.4969347327886351,0.07277672199007776,20,0.016273369754941765
1440,S~E,0.4332980131145245,0.0855660454549719,20,0.01913314942031541
1440,S>E,0.4929676735632339,0.08946294191652822,20,0.02000452195924724
1440,S>>E,0.4786948967155443,0.10788964445960679,20,0.024124857907996435
1441,E>>S,0.4985153638337373,0.10639436742689669,20,0.023790503798963036
1441,E>S,0.4724500437930882,0.0709073828726291,20,0.015855372820980297
1441,S~E,0.45013987330500826,0.11853171163054313,20,0.026504496469529685
1441,S>E,0.4805017453637914,0.08309178540103801,20,0.01857988805285456
1441,S>>E,0.48993169514585,0.08103856006343206,20,0.018120772910053373
1442,E>>S,0.4724902386509065,0.0866839106995662,20,0.019383111687975137
1442,E>S,0.46092227424115545,0.08222756726434534,20,0.01838664300275126
1442,S~E,0.4654427721493416,0.08612070775399368,20,0.01925717568083231
1442,S>E,0.5140894560014166,0.09746371005013083,20,0.021793548101142195
1442,S>>E,0.5110991659817601,0.12116705072846692,20,0.027093776206201743
1443,E>>S,0.4981534748774866,0.10365989903100253,20,0.023179058077408624
1443,E>S,0.4695725263344769,0.07853390801582406,20,0.017560715686209823
1443,S~E,0.4447266735852361,0.11127679756773462,20,0.024882248367993787
1443,S>E,0.48885808085300403,0.055739463010470953,20,0.012463722832074812
1443,S>>E,0.4838463915100698,0.08581834002037428,20,0.019189564200174758
1444,E>>S,0.495466604393721,0.11020788420548153,20,0.02464323207398821
1444,E>S,0.47183720039843136,0.07232050876637297,20,0.01617135737689794
1444,S~E,0.4331407735779368,0.10733213620079277,20,0.024000195271523864
1444,S>E,0.4854658798619019,0.10875362629923055,20,0.024318050120468837
1444,S>>E,0.5045004614446368,0.12496830936207928,20,0.027943763476683266
1445,E>>S,0.492209417734931,0.11185979776894835,20,0.02501261117607478
1445,E>S,0.4691369102125428,0.0911601398817558,20,0.02038402696139956
1445,S~E,0.4367282881038334,0.08692466641690241,20,0.019436946302968685
1445,S>E,0.5092939721949692,0.09943326680780042,20,0.022233954380711525
1445,S>>E,0.508959642081462,0.09496167427498353,20,0.02123407589360562
1446,E>>S,0.49485952612816375,0.12341487051763952,20,0.027596403991177663
1446,E>S,0.4771581899361861,0.08006409852879627,20,0.017902876686762936
1446,S~E,0.4629912889065865,0.10129635688154914,20,0.02265055398602225
1446,S>E,0.48852722284520256,0.07545096732599595,20,0.016871349190904245
1446,S>>E,0.491674017228117,0.10121238441342863,20,0.022631777171326656
1447,E>>S,0.4845540249056118,0.07569543172581193,20,0.016926013092510968
1447,E>S,0.45655549072868207,0.08643249906703779,20,0.019326894337908365
1447,S~E,0.44928248771121043,0.09695267670761282,20,0.021679277571878274
1447,S>E,0.4902133117669739,0.11655372715071315,20,0.026062205693995744
1447,S>>E,0.5158245281906917,0.13088368790842805,20,0.02926648233091124
1448,E>>S,0.5047787818017142,0.09828090970029134,20,0.02197627949803699
1448,E>S,0.4626800716558258,0.07225228423567154,20,0.0161561019080598
1448,S~E,0.4474208104516936,0.09395618385572076,20,0.02100924140078599
1448,S>E,0.48132045534354057,0.07761250511277239,20,0.017354683733620903
1448,S>>E,0.4597766232030015,0.13865893172008248,20,0.031005079701360624
1449,E>>S,0.4816175710812508,0.1261843033857502,20,0.028215668006399432
1449,E>S,0.46969526855564114,0.07972506112885107,20,0.01782706561944371
1449,S~E,0.44817792235435316,0.11012346528510102,20,0.02462435542953241
1449,S>E,0.49365295609595855,0.08562820929103097,20,0.019147049676632433
1449,S>>E,0.48319280475501447,0.11056336780238314,20,0.024722720622744023
1450,E>>S,0.4780924963843442,0.12047280406364246,20,0.02693853793263174
1450,E>S,0.4628228462932068,0.055403904208392044,20,0.012388689602885129
1450,S~E,0.4617860670269868,0.0834235566889731,20,0.018654074368135112
1450,S>E,0.4977173987536279,0.1007461756427351,20,0.02252752972102892
1450,S>>E,0.5054517345684584,0.10447215052931728,20,0.023360683033914406
1451,E>>S,0.49993466035008716,0.11175902887443655,20,0.02499007856626019
1451,E>S,0.48137654666206336,0.09247071842001578,20,0.02067708123153972
1451,S~E,0.450752068587365,0.08677469173702237,20,0.019403410945057133
1451,S>E,0.5084395719292448,0.0968535201302569,20,0.02165710548713987
1451,S>>E,0.47331568086035114,0.08374185888621398,20,0.01872524890317693
1452,E>>S,0.515708250370632,0.10449291762372322,20,0.02336532669739309
1452,E>S,0.4727966706762457,0.06689374650751273,20,0.014957896446043761
1452,S~E,0.44336966834574626,0.0923210883916162,20,0.02064362294004205
1452,S>E,0.482860151458948,0.08778804155471627,20,0.019630002852792188
1452,S>>E,0.4706249149554334,0.09162820752080593,20,0.020488690067297952
1453,E>>S,0.5163323635320702,0.09829133550581413,20,0.021978610779023907
1453,E>S,0.45103350021858457,0.07528880938492628,20,0.016835089572971928
1453,S~E,0.44643560615024824,0.07843872708949803,20,0.017539432584067184
1453,S>E,0.47244598562091805,0.08018926430241184,20,0.017930864604589012
1453,S>>E,0.5041380000017479,0.07748605833865863,20,0.01732640937537551
1454,E>>S,0.4868063977121938,0.08994367869084917,20,0.0201120179699138
1454,E>S,0.4709963140211422,0.07848728874724416,20,0.017550291300849223
1454,S~E,0.44015562290666627,0.0894131503791995,20,0.019993388233030117
1454,S>E,0.48534779225366326,0.094143673515525,20,0.021051165363226047
1454,S>>E,0.5056936140368761,0.0962649038983733,20,0.02152548689642472
1455,E>>S,0.4796894823175628,0.09087385239758196,20,0.02032001113382755
1455,E>S,0.46596790150856054,0.07297043146279275,20,0.0163166845098294
1455,S~E,0.44334901584622155,0.08702422640629753,20,0.01945920859338135
1455,S>E,0.5096392747155309,0.0898357547697406,20,0.02008788544751409
1455,S>>E,0.4889843649616445,0.0760380251600087,20,0.017002619313261875
1456,E>>S,0.49260910344151326,0.11887624352400811,20,0.026581536142950127
1456,E>S,0.4468634516777015,0.08715486998969194,20,0.019488421386710756
1456,S~E,0.4489216629834254,0.08180045725048563,20,0.018291138300265138
1456,S>E,0.5090273661010578,0.12976384000239002,20,0.029016076726675055
1456,S>>E,0.47390056049092655,0.09287634412442534,20,0.020767781896387824
1457,E>>S,0.5030946099051468,0.10539005280129464,20,0.023565932221598695
1457,E>S,0.4818049799205134,0.09060002348556967,20,0.02025878112768112
1457,S~E,0.44073176522431146,0.09429281105317314,20,0.021084513530443865
1457,S>E,0.473088053794083,0.07372410453932034,20,0.016485210933022108
1457,S>>E,0.4754356834191201,0.10361831296908605,20,0.023169759151272448
1458,E>>S,0.47643518867500756,0.09622254586751036,20,0.021516015352784464
1458,E>S,0.45783682017874866,0.09165461841649726,20,0.0204945957231092
1458,S~E,0.46036271769722215,0.08217002712994036,20,0.018373776637554858
1458,S>E,0.497805447734356,0.08875822711591533,20,0.019846942939355176
1458,S>>E,0.4845571014560243,0.09439306281192791,20,0.021106930505187825
1459,E>>S,0.49553542692272556,0.11966698299896557,20,0.026758350864799864
1459,E>S,0.45916392000226675,0.06142412905139262,20,0.013734852801763356
1459,S~E,0.45412913608854505,0.08071853632220224,20,0.018049213426073008
1459,S>E,0.49842724845001574,0.09661709344974789,20,0.021604238874208592
1459,S>>E,0.499218134577011,0.09614683936573133,20,0.0214990868643528
1460,E>>S,0.49564722174935805,0.10530255372888712,20,0.023546366834211557
1460,E>S,0.4769077944769339,0.07070261150687362,20,0.015809584551612826
1460,S~E,0.4410409777063363,0.08304776698903829,20,0.018570045236705263
1460,S>E,0.471603393002251,0.08043515821300508,20,0.017985848154522987
1460,S>>E,0.4547611028205262,0.12370799357174118,20,0.02766194829865203
1461,E>>S,0.495298785037142,0.11466201590481419,20,0.02563920620003266
1461,E>S,0.4730026791001746,0.07844079394958983,20,0.017539894748033708
1461,S~E,0.42456959746525164,0.0857658963800952,20,0.0191778374457096
1461,S>E,0.4640540310109059,0.09049687882902029,20,0.020235717281325092
1461,S>>E,0.5006443641587818,0.14584246206213436,20,0.03261136591768666
1462,E>>S,0.48385990162493203,0.09208418985977043,20,0.02059065081794435
1462,E>S,0.4677706050232763,0.09379079542911431,20,0.020972259424327615
1462,S~E,0.43864604003660024,0.08772468722128263,20,0.01961583639316951
1462,S>E,0.4904475645112685,0.07961718663734943,20,0.01780294414984012
1462,S>>E,0.46292822887616375,0.08477844128283718,20,0.01895703577348984
1463,E>>S,0.49403597992184584,0.10794255200302483,20,0.02413668839435696
1463,E>S,0.45312429955488476,0.0694004725030109,20,0.015518417418733735
1463,S~E,0.454402684645442,0.08257274501000739,20,0.018463827093113307
1463,S>E,0.49268361150162576,0.09410030471039862,20,0.021041467803589498
1463,S>>E,0.4877666479811391,0.0737274930299636,20,0.016485968622564056
1464,E>>S,0.49883344631131454,0.10313797076171179,20,0.023062351368457332
1464,E>S,0.4764633417896721,0.06386077002134515,20,0.014279702286320844
1464,S~E,0.4572467472921981,0.07133595237841757,20,0.015951203875782947
1464,S>E,0.4712881254924671,0.10154753599599252,20,0.022706719343464608
1464,S>>E,0.48406275728949294,0.09027333414311194,20,0.0201857311699551
1465,E>>S,0.48054367185412766,0.12537672353218038,20,0.028035087661415284
1465,E>S,0.48337600084564275,0.09944569980559796,20,0.022236734483535466
1465,S~E,0.44482793677189036,0.08762821534777337,20,0.019594264626461164
1465,S>E,0.47790141585430757,0.10467062651008442,20,0.023405063612404034
1465,S>>E,0.4919230070712649,0.0920679379712126,20,0.020587016785186544
1466,E>>S,0.477575857377394,0.13226661675822443,20,0.029575714622530266
1466,E>S,0.4790211271298692,0.062110056178363335,20,0.01388823077011512
1466,S~E,0.4487363859615076,0.08334425679014593,20,0.018636342371696472
1466,S>E,0.4939170566322466,0.0838309866141523,20,0.018745178469011945
1466,S>>E,0.4942748957637238,0.1069616816966346,20,0.023917359126137
1467,E>>S,0.4842117587822911,0.10047797915878424,20,0.02246755916408487
1467,E>S,0.46468417940964796,0.07446667036221695,20,0.016651253698798597
1467,S~E,0.44997924222585955,0.09835031879045417,20,0.02199179984242304
1467,S>E,0.47784686751662137,0.08641923673915226,20,0.019323928791239172
1467,S>>E,0.5048324287869861,0.06940438289285425,20,0.01551929180848456
1468,E>>S,0.4878473538883508,0.09734257321074186,20,0.021766461080396874
1468,E>S,0.4762920024216421,0.08067790818325389,20,0.018040128698024224
1468,S~E,0.41397823715919274,0.09664171199043138,20,0.021609743747256105
1468,S>E,0.47337925606870945,0.0783292726589431,20,0.017514957829351245
1468,S>>E,0.5017276612117045,0.09988488586938149,20,0.02233493947287452
1469,E>>S,0.5152030230591012,0.10366465125758488,20,0.023180120707576884
1469,E>S,0.47554922762778595,0.0763144270183923,20,0.017064424647707178
1469,S~E,0.4377602652542543,0.0862506361055981,20,0.01928622854347151
1469,S>E,0.47879112932969414,0.07409948476608728,20,0.016569148503468127
1469,S>>E,0.4881465825891154,0.1006228558417597,20,0.02249995457523365
1470,E>>S,0.48194467527170176,0.13831783440832768,20,0.030928808023758008
1470,E>S,0.4807110000984408,0.0583045729029723,20,0.01303729884101383
1470,S~E,0.4649288279338939,0.09270949828984078,20,0.020730474033598446
1470,S>E,0.4612504337455162,0.094288997223916,20,0.021083660732296512
1470,S>>E,0.49377066291604754,0.0844735859477374,20,0.018888868048231183
1471,E>>S,0.47648422501564447,0.09722847398381392,20,0.02174094771763777
1471,E>S,0.45632748186952243,0.08503702266184938,20,0.019014856327608534
1471,S~E,0.4548558104173675,0.0991700284518965,20,0.02217509249490288
1471,S>E,0.49612071536452945,0.09795078614375778,20,0.021902461626698688
1471,S>>E,0.5149122515195489,0.09080306064184844,20,0.020304181616020878
1472,E>>S,0.47311066153826287,0.11129920671602932,20,0.024887259205884266
1472,E>S,0.4497791600341926,0.05027160200108618,20,0.011241071941224314
1472,S~E,0.4564838154376389,0.08660848155270673,20,0.019366245217988878
1472,S>E,0.4947107072257726,0.08339138415704483,20,0.018646880371295124
1472,S>>E,0.4927021818078006,0.08325477914579855,20,0.018616334562173743
1473,E>>S,0.5148354856774349,0.1097880222703486,20,0.024549348091176027
1473,E>S,0.4751309947229262,0.06364817578933149,20,0.014232164770880153
1473,S~E,0.43566317932178694,0.09485371532490539,20,0.0212099355384902
1473,S>E,0.46842575436630157,0.07390236657967666,20,0.016525071537026564
1473,S>>E,0.5446376430783524,0.10955736445923425,20,0.024497771436656726
1474,E>>S,0.47955598162148194,0.10687869816697176,20,0.023898803444803104
1474,E>S,0.47534636683405307,0.07196934573296346,20,0.01609283493550907
1474,S~E,0.4404826786656858,0.08251258932658025,20,0.018450375873375703
1474,S>E,0.4820262996905774,0.08327405638846183,20,0.01862064508467513
1474,S>>E,0.520098227845647,0.12255582460227336,20,0.027404315484922434
1475,E>>S,0.5067792092744523,0.0877800846305981,20,0.019628223630470183
1475,E>S,0.4748423302298065,0.07849958672268162,20,0.0175530412117556
1475,S~E,0.43628293228975945,0.08590739538778086,20,0.01920947758570299
1475,S>E,0.49630417850569986,0.1078595312274106,20,0.02411812438457514
1475,S>>E,0.459437558306258,0.08971630296788487,20,0.02006117521261567
1476,E>>S,0.49370818305294933,0.12466673587240201,20,0.027876329594370242
1476,E>S,0.4628021076028859,0.07435154890976033,20,0.016625511759462447
1476,S~E,0.46765036183043723,0.09472880472224954,20,0.021182004678625303
1476,S>E,0.4907999495829635,0.06592089150870019,20,0.014740359455084229
1476,S>>E,0.48296554060910674,0.10123875920053813,20,0.02263767475301355
1477,E>>S,0.5045622992963681,0.09274339546500865,20,0.020738053672390504
1477,E>S,0.47326009804032027,0.08335945545546425,20,0.018639740896578376
1477,S~E,0.4329934119653336,0.09558066080555563,20,0.02137248548955722
1477,S>E,0.47369533231924404,0.10483844549743206,20,0.023442589078766483
1477,S>>E,0.5261503594406679,0.09759179374153214,20,0.02182218848522044
1478,E>>S,0.5021480641008437,0.114330688316061,20,0.025565119098905333
1478,E>S,0.4679094182396672,0.08435735222013482,20,0.018862877396611424
1478,S~E,0.44730221110119717,0.06139281601564096,20,0.013727850994111097
1478,S>E,0.4945912722426905,0.07878977851072291,20,0.017617930068212856
1478,S>>E,0.49680313626635336,0.09773042209880355,20,0.02185318672826724
1479,E>>S,0.49292764280737267,0.11825892087384125,20,0.026443498601967787
1479,E>S,0.458024384375,0.08032682648701102,20,0.017961624444178724
1479,S~E,0.4365287186268147,0.10959400469834688,20,0.024505964443193494
1479,S>E,0.47279504523220484,0.10199717753938412,20,0.02280726224911776
1479,S>>E,0.49972759050553944,0.07930057964390187,20,0.017732148673890065
1480,E>>S,0.49091824075491336,0.11930871023368314,20,0.02667823863903403
1480,E>S,0.4615872358596064,0.08785262863717759,20,0.019644444963477378
1480,S~E,0.4402112677136053,0.09938867941074853,20,0.022223984335636743
1480,S>E,0.4791509970637571,0.08384187449436205,20,0.018747613073039935
1480,S>>E,0.49351792977607706,0.10466896156713444,20,0.02340469131984255
1481,E>>S,0.5030729970854766,0.10036378059937522,20,0.022442023589907757
1481,E>S,0.4760621045823439,0.07041591067179288,20,0.015745476295968175
1481,S~E,0.44179504705525713,0.10380805828972874,20,0.0232121874948094
1481,S>E,0.4718085668899189,0.08113169899809189,20,0.018141599408978505
1481,S>>E,0.4816960643732794,0.09089335813384804,20,0.020324372749051762
1482,E>>S,0.4767484985882473,0.09538922926854489,20,0.021329680096577888
1482,E>S,0.4615328198959589,0.08613563932384177,20,0.01926051448135142
1482,S~E,0.4532942302059251,0.08664665654506574,20,0.019374781405784407
1482,S>E,0.4892061127598734,0.08345618659040782,20,0.018661370635905828
1482,S>>E,0.5056642568397118,0.0945408392753798,20,0.02113997432696312
1483,E>>S,0.4949514026120811,0.11651070755543297,20,0.026052586220054644
1483,E>S,0.4637961503724532,0.10412805405128463,20,0.02328374072234448
1483,S~E,0.4241668643111868,0.09842847372418992,20,0.022009275816884052
1483,S>E,0.5130030028700368,0.10563555334777121,20,0.02362082781264219
1483,S>>E,0.4811532159475974,0.11627099091875182,20,0.02599898395055898
1484,E>>S,0.4839065712675941,0.11324621865526126,20,0.025322624310796897
1484,E>S,0.4780254988151591,0.10840749533713827,20,0.024240652884433264
1484,S~E,0.45340412787899753,0.09131458191385775,20,0.020418561249635876
1484,S>E,0.4827875676179006,0.08044306231101025,20,0.017987615564567024
1484,S>>E,0.49741707403131724,0.14059451879288043,20,0.031437890128475234
1485,E>>S,0.45077429735709507,0.11105913930941526,20,0.024833578501847156
1485,E>S,0.4375088859614088,0.09478486354644403,20,0.021194539812789064
1485,S~E,0.4616036311289178,0.09864378312241562,20,0.022057420461946777
1485,S>E,0.47656247675346836,0.08947603501284415,20,0.02000744966458708
1485,S>>E,0.5111102015239716,0.08125197948293218,20,0.018168494943025457
1486,E>>S,0.4978871949549714,0.12513111870795784,20,0.027980168753158938
1486,E>S,0.4998482287758641,0.08093160594054494,20,0.018096857241128427
1486,S~E,0.4334451672011774,0.06770168317726498,20,0.015138556577551842
1486,S>E,0.46560072103367267,0.08398757830854758,20,0.01878019343634992
1486,S>>E,0.45441882481664314,0.08296881099383327,20,0.018552390139454308
1487,E>>S,0.5112222448643028,0.1106039429440633,20,0.024731793500243373
1487,E>S,0.4666849892943296,0.10002809052451316,20,0.0223669610072314
1487,S~E,0.4491400989101001,0.10266090263863117,20,0.02295567569314668
1487,S>E,0.4837320122508113,0.14208914547395268,20,0.031772098814461476
1487,S>>E,0.489833222447048,0.09824191272667748,20,0.021967559509645254
1488,E>>S,0.48535338634203506,0.10090675395621468,20,0.022563436123494186
1488,E>S,0.460487701484441,0.08024472513948627,20,0.01794326602476776
1488,S~E,0.45391753688877456,0.09875091206741501,20,0.022081375222284427
1488,S>E,0.48609315931855984,0.06510657698398166,20,0.014558273191850622
1488,S>>E,0.4774685451842095,0.08790824879875074,20,0.019656882009697087
1489,E>>S,0.5187734857075533,0.08960317852962998,20,0.02003587981923023
1489,E>S,0.4573609774171693,0.09203879215005553,20,0.020580499581449817
1489,S~E,0.41565517175643085,0.07418324783819208,20,0.01658787849579118
1489,S>E,0.5066996969798995,0.10219951471826022,20,0.022852506217752012
1489,S>>E,0.489273499351022,0.0928146832378976,20,0.020753994103004932
1490,E>>S,0.48839706096919144,0.11614938772615505,20,0.02597179265006624
1490,E>S,0.4644884459779911,0.10247936506117594,20,0.02291508265678063
1490,S~E,0.4369838562051047,0.09254985905155669,20,0.020694777614730497
1490,S>E,0.46501650672918615,0.07959607215271816,20,0.01779822280754558
1490,S>>E,0.508659961679801,0.1305387028384902,20,0.029189341324150884
1491,E>>S,0.5030548207641178,0.10371779155298248,20,0.02319200323886223
1491,E>S,0.47671109575511766,0.07276031268098636,20,0.016269700521882546
1491,S~E,0.46270512962593136,0.12389046857299213,20,0.027702750949351176
1491,S>E,0.4969119354506525,0.10486526432070198,20,0.02344858594995729
1491,S>>E,0.47487613266629636,0.0910926544864294,20,0.020368936768255734
1492,E>>S,0.48268003191387354,0.10426395116989133,20,0.023314128241859574
1492,E>S,0.485538592036972,0.0768475116185242,20,0.0171836259880725
1492,S~E,0.44775330064878843,0.08625413928733652,20,0.019287011878721973
1492,S>E,0.4719482044966017,0.09998767856840407,20,0.022357924619135036
1492,S>>E,0.5009284931070528,0.10327386841370652,20,0.023092739007241615
1493,E>>S,0.4876527118107978,0.09701678449431965,20,0.021693612508774628
1493,E>S,0.4735282302516465,0.08107047193575523,20,0.018127908621633763
1493,S~E,0.4523378644602725,0.09706585559244327,20,0.021704585139888127
1493,S>E,0.4974109449993671,0.11336351756053213,20,0.025348853143384097
1493,S>>E,0.5144163648980304,0.0891151897928052,20,0.01992676222045078
1494,E>>S,0.5107374101189114,0.10464889042063714,20,0.023400203275047122
1494,E>S,0.47778622819346517,0.07250286183044513,20,0.016212132761615015
1494,S~E,0.4498718626408532,0.09329401988109394,20,0.02086117703483429
1494,S>E,0.4710900058094046,0.10551779936159689,20,0.023594497220871456
1494,S>>E,0.49739917114845766,0.11386021159077528,20,0.025459917304948298
1495,E>>S,0.5093895538634268,0.10618437038674795,20,0.023743547033278405
1495,E>S,0.5031916817671969,0.08893054025043781,20,0.019885473327576012
1495,S~E,0.4298920200287915,0.07680178715325355,20,0.0171734016868145
1495,S>E,0.46716789090256333,0.06584715399524234,20,0.014723871245825873
1495,S>>E,0.4946812394307215,0.08988137160831977,20,0.02009808568271226
1496,E>>S,0.48879495457119404,0.08281410074825427,20,0.01851779587686127
1496,E>S,0.4799834186931685,0.07894153914543582,20,0.017651864777765515
1496,S~E,0.44385615133079526,0.09500881880205193,20,0.021244617730334824
1496,S>E,0.4916030020753098,0.1109299892236868,20,0.02480469966474828
1496,S>>E,0.4954326183329246,0.09965276791590039,20,0.02228303632059633
1497,E>>S,0.495594344006134,0.12205179118923357,20,0.027291610187473614
1497,E>S,0.46566329655644906,0.10433186855464902,20,0.02332931503077679
1497,S~E,0.4360759560722111,0.0899896925350674,20,0.02012230697827161
1497,S>E,0.5094329468508867,0.13543535420828245,20,0.030284265856648177
1497,S>>E,0.4967212467607053,0.11488070850906017,20,0.025688107352959705
1498,E>>S,0.5018848593937332,0.100897801771847,20,0.02256143435421486
1498,E>S,0.4831803608263708,0.10117148260188098,20,0.022622631248224317
1498,S~E,0.46307285829429146,0.0989646764086807,20,0.02212917438210798
1498,S>E,0.4997111966387499,0.12027624861651597,20,0.02689458679851947
1498,S>>E,0.49857346731828206,0.10597347012099502,20,0.023696388300208773
1499,E>>S,0.4916054035173724,0.10360649964954313,20,0.023167117612718658
1499,E>S,0.49371028413158796,0.08668785361927352,20,0.019383993351624676
1499,S~E,0.4428978719880009,0.09023342914042976,20,0.020176808140091134
1499,S>E,0.4861495638212433,0.11024300732364152,20,0.024651085841966958
1499,S>>E,0.4786052999644313,0.14177000851764615,20,0.0317007376216181
1500,E>>S,0.5056857266241652,0.13077043924368903,20,0.029241159159639485
1500,E>S,0.46216505899429094,0.0860964950962054,20,0.019251761565959254
1500,S~E,0.4522853299686068,0.1055854790588526,20,0.023609630861247493
1500,S>E,0.4843985447819398,0.11350741595039217,20,0.02538102980154208
1500,S>>E,0.5137037236242933,0.13489017109303697,20,0.030162359206060776
1501,E>>S,0.5095818480614189,0.0878059034023853,20,0.019633996883351358
1501,E>S,0.5035963076190922,0.10784008246405058,20,0.02411377550888001
1501,S~E,0.44830200433481593,0.09967932491339956,20,0.022288974645764976
1501,S>E,0.47192539508276876,0.11354452415328188,20,0.025389327447960502
1501,S>>E,0.4709465082806483,0.10915097970827711,20,0.024406901043840776
1502,E>>S,0.4992211571553661,0.07935717228926836,20,0.017744803174096664
1502,E>S,0.4671431047590936,0.0737038309647524,20,0.016480677623934025
1502,S~E,0.44499661595276746,0.10178863420731464,20,0.022760630542441596
1502,S>E,0.5035650688835267,0.11412950379762558,20,0.02552013287298112
1502,S>>E,0.5245324947333004,0.12326636318438111,20,0.02756319674194536
1503,E>>S,0.5183025879874481,0.11559288755074894,20,0.025847355427896377
1503,E>S,0.4661918211205028,0.08029314516532192,20,0.01795409307169184
1503,S~E,0.4553929555224891,0.09752608955476635,20,0.021807496582418977
1503,S>E,0.4914753240560271,0.10919911328681921,20,0.024417664039202824
1503,S>>E,0.4954867355685966,0.13277214214876282,20,0.029688753536289865
1504,E>>S,0.49488421956854645,0.08968507807429492,20,0.020054193114149937
1504,E>S,0.4724813856728004,0.07823682295173487,20,0.017494285446369492
1504,S~E,0.45780809990795346,0.11458622465947486,20,0.025622258762364847
1504,S>E,0.5055483326055064,0.11644104497233893,20,0.026037009192925994
1504,S>>E,0.5043845659556557,0.14383485093494022,20,0.03216245042240755
1505,E>>S,0.4959935476586832,0.0990531731155954,20,0.022148962847352596
1505,E>S,0.47055149354577663,0.09468184411117588,20,0.02117150396676274
1505,S~E,0.4546884275442752,0.08678082239125626,20,0.019404781801018484
1505,S>E,0.5069811001819613,0.10846901959720263,20,0.024254410127210194
1505,S>>E,0.5051823641359108,0.10971011966422417,20,0.024531928538884164
1506,E>>S,0.5048183637095159,0.11027218252577904,20,0.024657609615490638
1506,E>S,0.4608885765231384,0.10843404182093408,20,0.024246588858666367
1506,S~E,0.45868861163580343,0.095561342329078,20,0.021368165746894645
1506,S>E,0.48503002005901125,0.11351318570500334,20,0.025382319957894483
1506,S>>E,0.49422992297295637,0.1322215950968265,20,0.02956564747299569
1507,E>>S,0.49089750564235163,0.12438041972766585,20,0.02781230735810167
1507,E>S,0.4525291809230625,0.08597850838560815,20,0.01922537893542555
1507,S~E,0.45836692724413314,0.10260014112739838,20,0.022942089006193468
1507,S>E,0.5161658297109177,0.12131598026776914,20,0.027127077863575492
1507,S>>E,0.47887808877321947,0.10733493460359818,20,0.024000821013413994
1508,E>>S,0.5066748672814606,0.10891554146492168,20,0.024354255452176187
1508,E>S,0.4692452824987886,0.0824006899779954,20,0.018425354418368338
1508,S~E,0.44695893458720537,0.10578282055340857,20,0.023653757760908348
1508,S>E,0.5058458515051601,0.09660398464676088,20,0.021601307656750335
1508,S>>E,0.531296691338909,0.12493226806374363,20,0.02793570439737568
1509,E>>S,0.505945774220322,0.08052157840934454,20,0.018005172297887378
1509,E>S,0.47781736347793924,0.08727267418848866,20,0.019514763206365193
1509,S~E,0.4611049240254121,0.08040098827323074,20,0.017978207523710734
1509,S>E,0.49488144691137015,0.11815772821137287,20,0.026420871234757434
1509,S>>E,0.5109561855060176,0.10313710555890389,20,0.02306215790322805
1510,E>>S,0.5264146818411641,0.131076361448747,20,0.029309565444273107
1510,E>S,0.4891691266870902,0.09796716829806616,20,0.021906124787763832
1510,S~E,0.43191704923509916,0.08358422535059531,20,0.018690000973059232
1510,S>E,0.47049449913592023,0.10679958602678737,20,0.02388111343247332
1510,S>>E,0.4822789677497852,0.11643873037779034,20,0.026036491633850897
1511,E>>S,0.4972733172638103,0.09108113367523231,20,0.020366360636556467
1511,E>S,0.47073927905577334,0.10512863821490633,20,0.023507478143051267
1511,S~E,0.4518608769075022,0.07810160233273965,20,0.0174640491967662
1511,S>E,0.5028777149618573,0.11906351344699571,20,0.02662341097074427
1511,S>>E,0.5105169684186357,0.1086658552850267,20,0.024298423925047448
1512,E>>S,0.5111203536872478,0.09894233239611419,20,0.022124178109009098
1512,E>S,0.47747637358770867,0.08254010080923783,20,0.01845652762791412
1512,S~E,0.45908151241943573,0.094255636672152,20,0.021076201086145392
1512,S>E,0.49134352167872664,0.09467620354822676,20,0.02117024269854418
1512,S>>E,0.49276236032720383,0.10449024022519764,20,0.023364728012882485
1513,E>>S,0.5104002909280786,0.10214286871810377,20,0.02283983978705168
1513,E>S,0.4774086116234626,0.07026208294986942,20,0.015711079371663696
1513,S~E,0.48363085365809877,0.1097464480786035,20,0.024540051819290858
1513,S>E,0.49256713971327776,0.08552013824530508,20,0.019122884256168173
1513,S>>E,0.4809595042697935,0.11501571162033779,20,0.025718294966358777
1514,E>>S,0.49945327174417037,0.10232456134019902,20,0.022880467492453198
1514,E>S,0.46726086519366,0.08906153747856767,20,0.01991476519827225
1514,S~E,0.46141573793728147,0.0898691353707302,20,0.02009534957680835
1514,S>E,0.47610261676431354,0.1082607595955292,20,0.02420784177513659
1514,S>>E,0.5147766824413597,0.10503509014128883,20,0.023486560157873978
1515,E>>S,0.4759901863182572,0.10021590175773504,20,0.022408956875673618
1515,E>S,0.4666918678472361,0.09168658834754093,20,0.02050174441701416
1515,S~E,0.4578993622698195,0.10462453409351671,20,0.02339475703473477
1515,S>E,0.5080659062311145,0.09389116671496921,20,0.020994703126143675
1515,S>>E,0.5270470738841632,0.11100572618330029,20,0.024821634963758773
1516,E>>S,0.46749139798193495,0.10590770059112495,20,0.023681681786245003
1516,E>S,0.4742073666503309,0.09288029664751807,20,0.02076866570741962
1516,S~E,0.47622490861486283,0.09978518302365642,20,0.022312645238815376
1516,S>E,0.49600504657528166,0.12281479883575386,20,0.027462223883970766
1516,S>>E,0.5322467213381197,0.14593371552563736,20,0.03263177081244416
1517,E>>S,0.5201967326783739,0.11997363488805508,20,0.026826920311743153
1517,E>S,0.4897355754057203,0.07203971537452387,20,0.01610857006571721
1517,S~E,0.461083321681942,0.1062390283535204,20,0.02375576892619992
1517,S>E,0.4743628279711486,0.09579913583378985,20,0.02142133799100901
1517,S>>E,0.49717197257850837,0.0895641859893942,20,0.020027160822171968
1518,E>>S,0.5116206367903049,0.09863052742863199,20,0.022054456398707865
1518,E>S,0.4827385928336209,0.08483306951778455,20,0.018969251018173153
1518,S~E,0.468860737675607,0.10562110177594582,20,0.02361759634294386
1518,S>E,0.48511449914115146,0.10966698111059899,20,0.02452228246504847
1518,S>>E,0.47597329165786373,0.08732554207553798,20,0.0195265848252921
1519,E>>S,0.5030271908859199,0.11003865344914798,20,0.02460539092648366
1519,E>S,0.4918833935515388,0.09037176708274079,20,0.020207741444378625
1519,S~E,0.4591574933398241,0.09708155748168222,20,0.021708096189059473
1519,S>E,0.47864533817739474,0.07982785324736358,20,0.01785005063589823
1519,S>>E,0.48993464333546016,0.08502116067598031,20,0.019011309479742392
1520,E>>S,0.5030174809155618,0.11901919992487668,20,0.02661350216596621
1520,E>S,0.47634591138053073,0.08192217980188418,20,0.01831835629019733
1520,S~E,0.46933170394041845,0.09902416226735035,20,0.022142475824476506
1520,S>E,0.476254401349104,0.12038627200019672,20,0.026919188775021943
1520,S>>E,0.5010899567677936,0.141476459112135,20,0.03163509797907034
1521,E>>S,0.5036247440349947,0.11621927347664832,20,0.025987419578942395
1521,E>S,0.48354906219209415,0.0856841157763351,20,0.019159550746784743
1521,S~E,0.47260327324216506,0.09564493885522361,20,0.02138685849840909
1521,S>E,0.47656155910659803,0.09715736111262399,20,0.021725046396232184
1521,S>>E,0.47816056619806985,0.11483856328103524,20,0.025678683393480606
1522,E>>S,0.5090723848190326,0.0958385096909404,20,0.02143014225312151
1522,E>S,0.48598852766467776,0.09473533756654136,20,0.021183465467017597
1522,S~E,0.45430103315721376,0.094255870089969,20,0.02107625327995599
1522,S>E,0.4858022608869968,0.1326100142342402,20,0.02965250063249758
1522,S>>E,0.4920776493300802,0.08921538191132665,20,0.019949165859233148
1523,E>>S,0.5092023804980328,0.12502853498611455,20,0.027957230335616284
1523,E>S,0.4885452102811878,0.08049360091621463,20,0.017998916340239524
1523,S~E,0.4350549446332478,0.08056432978881332,20,0.018014731796949787
1523,S>E,0.49278711254428365,0.08989191923605504,20,0.020100444203974003
1523,S>>E,0.48502351048159487,0.1041316315312145,20,0.023284540671175614
1524,E>>S,0.4856181757421606,0.0811466299281573,20,0.018144938066437858
1524,E>S,0.48232562565633225,0.07777836907622185,20,0.017391772043349955
1524,S~E,0.4719798501499698,0.11945526133416216,20,0.02671100846131888
1524,S>E,0.4904943782098325,0.1000028903415928,20,0.02236132607502587
1524,S>>E,0.49681111192925426,0.11129338558169811,20,0.024885957560677196
1525,E>>S,0.5128278709765245,0.11195088578997456,20,0.025032979076769834
1525,E>S,0.4845769399519222,0.08606536077605621,20,0.019244799720330573
1525,S~E,0.44831397915981297,0.08424216470955385,20,0.018837120686229624
1525,S>E,0.4810514476497693,0.10270681144881078,20,0.022965941215179454
1525,S>>E,0.4839501042769177,0.11247762518158294,20,0.025150761585376158
1526,E>>S,0.4934124501355983,0.1070470989003624,20,0.02393645899353533
1526,E>S,0.4750308785072043,0.08166258543435931,20,0.01826030922496116
1526,S~E,0.45499266859671234,0.07916495007556336,20,0.01770182098043368
1526,S>E,0.49282896368104,0.11800423084253184,20,0.026386548179647844
1526,S>>E,0.511053712459524,0.11020490267781755,20,0.02464256538413486
1527,E>>S,0.5092932624775741,0.11360810597491759,20,0.025403544775491574
1527,E>S,0.4784296214507194,0.08815367894845483,20,0.019711761859543715
1527,S~E,0.4493850303571064,0.10212502119722722,20,0.0228358489600607
1527,S>E,0.4959573502586297,0.11243823918855902,20,0.025141954609599875
1527,S>>E,0.48166368427165296,0.1303120910934819,20,0.029138669397517043
1528,E>>S,0.5253368127971254,0.10927723835464118,20,0.024435133335442494
1528,E>S,0.49947943037525233,0.0727968825065771,20,0.016277877783477168
1528,S~E,0.44927299913871666,0.08199674028531127,20,0.01833502852113515
1528,S>E,0.49556037845052786,0.11726661253807885,20,0.026221611712627345
1528,S>>E,0.5012852634944804,0.08865118636566237,20,0.019823007899962358
1529,E>>S,0.49832401718281333,0.13661221235618332,20,0.03054741933850626
1529,E>S,0.4768259606653875,0.10127806564748511,20,0.022646463941746294
1529,S~E,0.4705794777049781,0.10006165603155083,20,0.022374466482774948
1529,S>E,0.5148787466949104,0.12235207573774375,20,0.027358755853779775
1529,S>>E,0.4908986073128724,0.1002963872059943,20,0.022426953969024346
1530,E>>S,0.5113724252242303,0.09783852244859524,20,0.02187735870131981
1530,E>S,0.48569334680495146,0.1003300079870749,20,0.022434471804219633
1530,S~E,0.46963800199055933,0.08341510450805903,20,0.018652184403026913
1530,S>E,0.47905284953744476,0.11446013175684795,20,0.025594063532189446
1530,S>>E,0.48595745173696725,0.09964778287264217,20,0.022281921631036716
1531,E>>S,0.504867945788914,0.1081994322102558,20,0.024194128554901228
1531,E>S,0.4821520431188103,0.09095470480689642,20,0.02033809028216473
1531,S~E,0.4495364521080189,0.07579995107924795,20,0.016949384330435694
1531,S>E,0.508186642676561,0.11717385529262359,20,0.026200870562002983
1531,S>>E,0.49608274688154436,0.11849231205238482,20,0.026495686456025007
1532,E>>S,0.49803085308158784,0.09284954506014372,20,0.020761789443441113
1532,E>S,0.46117725322681136,0.08578143633686257,20,0.019181312285679524
1532,S~E,0.45340465341915454,0.08047043673454626,20,0.017993736671754162
1532,S>E,0.4953863769706035,0.10516224661001823,20,0.023514993208659758
1532,S>>E,0.5176388398165354,0.09988551562445579,20,0.02233508029039005
1533,E>>S,0.5055955012237671,0.12116076959739076,20,0.027092371702595555
1533,E>S,0.48071700222249836,0.08190663775543426,20,0.01831488098296018
1533,S~E,0.4541353066847365,0.08983558675730934,20,0.020087847878792357
1533,S>E,0.48022650869773126,0.09889986252935735,20,0.02211468155810273
1533,S>>E,0.5135839541957639,0.12213824822490361,20,0.02731094256836275
1534,E>>S,0.517730702446882,0.09280181935669492,20,0.020751117651722564
1534,E>S,0.46512721825609027,0.07151504118705061,20,0.01599124935079424
1534,S~E,0.4656925405706727,0.08185919862084105,20,0.018304273269985762
1534,S>E,0.4993718911999089,0.11879148543350167,20,0.02656258365774858
1534,S>>E,0.49944261309810434,0.13114320848299477,20,0.029324512895540337
1535,E>>S,0.4657010942948133,0.10349460188913487,20,0.02314209651283837
1535,E>S,0.4799787578331216,0.08632742917388983,20,0.019303399995561618
1535,S~E,0.4491084173077818,0.09490072303482389,20,0.021220446781974635
1535,S>E,0.49331094526411434,0.12229310529130108,20,0.027345569661088844
1535,S>>E,0.47928594227941684,0.11505952834371505,20,0.025728092683561063
1536,E>>S,0.5130792596127007,0.08057525582604749,20,0.018017174933147816
1536,E>S,0.4827134090239625,0.08786277202939162,20,0.01964671309492868
1536,S~E,0.4551915888309609,0.11763029359815254,20,0.02630293326987274
1536,S>E,0.49440640952740866,0.1297417229266911,20,0.029011131198202422
1536,S>>E,0.4808914633412691,0.11084442745730136,20,0.024785567472157
1537,E>>S,0.5092484987784307,0.11714234872565814,20,0.026193825479455746
1537,E>S,0.4704060601672917,0.0769635387047407,20,0.01720957043327363
1537,S~E,0.4609516084378783,0.10657356687962943,20,0.023830574014747155
1537,S>E,0.4856062813662989,0.11925015360846987,20,0.026665144979583045
1537,S>>E,0.5001751973698734,0.10568001097066092,20,0.023630768839332135
1538,E>>S,0.48869593616184426,0.06706302594160397,20,0.014995748478225832
1538,E>S,0.4851964289113696,0.0951203201506632,20,0.021269550189842595
1538,S~E,0.46783623962164284,0.09866188767385595,20,0.02206146876271905
1538,S>E,0.4850997662721778,0.11572200402067262,20,0.025876226748272793
1538,S>>E,0.5038442807251355,0.11242886008160403,20,0.025139857377527917
1539,E>>S,0.5177746503368658,0.1182102021018661,20,0.02643260475337611
1539,E>S,0.44692983365611505,0.09879411586706681,20,0.022091035885575195
1539,S~E,0.459814094193316,0.08586553401038674,20,0.01920011709715449
1539,S>E,0.5080792355534719,0.12570083037836957,20,0.028107560155420496
1539,S>>E,0.4838667189126381,0.10853358608875642,20,0.024268847633628486
1540,E>>S,0.4759914689948605,0.07991532518680443,20,0.017869609956169576
1540,E>S,0.47892234636029885,0.0738513227549128,20,0.016513657790826204
1540,S~E,0.45798895333921125,0.08789410183040465,20,0.01965371865140735
1540,S>E,0.4796706009390309,0.08996631224775027,20,0.02011707898709415
1540,S>>E,0.51975828159763,0.15341161048703383,20,0.03430387895867273
1541,E>>S,0.5070267032546477,0.085026961729509,20,0.01901260663474552
1541,E>S,0.49885811163742944,0.10985325795213782,20,0.02456393523307995
1541,S~E,0.42514688305956644,0.08708044425607825,20,0.019471779286747207
1541,S>E,0.5026389345513841,0.09153888655686795,20,0.02046871729257984
1541,S>>E,0.5252641651431502,0.10805651375462504,20,0.02416217101669826
1542,E>>S,0.51625511934979,0.09884229448792174,20,0.022101808952704576
1542,E>S,0.473664437324424,0.06835003326080544,20,0.015283532063553255
1542,S~E,0.4357667115907454,0.08579330026439602,20,0.019183965140524017
1542,S>E,0.5096486343922835,0.12066765078695453,20,0.026982106984483632
1542,S>>E,0.4977383050495738,0.12117901889246069,20,0.027096452369027337
1543,E>>S,0.48793995334548174,0.10783561401398524,20,0.024112776333069994
1543,E>S,0.4823750697787661,0.08135899434438351,20,0.018192424193506244
1543,S~E,0.4617618107830559,0.10210109420960953,20,0.022830498722979705
1543,S>E,0.4861881060501803,0.12057379493519452,20,0.026961120178021478
1543,S>>E,0.5037590430553319,0.13206946894879065,20,0.02953163103217936
1544,E>>S,0.4909395856054585,0.09499670343971477,20,0.02124190865295903
1544,E>S,0.473000197416764,0.0909680213418446,20,0.020341067949901617
1544,S~E,0.4562790451817489,0.11430130735058586,20,0.025558549315300636
1544,S>E,0.4857724705381502,0.09141544481015143,20,0.020441114878887896
1544,S>>E,0.5057995849988814,0.10212720937040547,20,0.02283633825045801
1545,E>>S,0.47886004487715333,0.09625155705647974,20,0.021522502451848825
1545,E>S,0.4817293852686314,0.09058927209690512,20,0.020256377044090477
1545,S~E,0.4498259082817472,0.08210681753081388,20,0.018359642541507126
1545,S>E,0.47648137428151227,0.10649670553576801,20,0.02381338729577554
1545,S>>E,0.49959203228590476,0.10019832469139765,20,0.022405026524156078
1546,E>>S,0.4994749565215252,0.14559621299950806,20,0.03255630295334386
1546,E>S,0.4742589619871298,0.0912109231304496,20,0.020395382441019322
1546,S~E,0.4459833145151449,0.09184072767300935,20,0.020536211017989497
1546,S>E,0.5041780804761469,0.10438153629943625,20,0.02334042107614013
1546,S>>E,0.5032928423646359,0.10201018321791257,20,0.022810170407246075
1547,E>>S,0.5105876498263969,0.1080285752266314,20,0.024155923771919753
1547,E>S,0.4745876391872389,0.09934407879958483,20,0.022214011335796736
1547,S~E,0.4573020323032691,0.09830391016099274,20,0.021981422557401206
1547,S>E,0.5162834406229122,0.15010256697995317,20,0.03356395433643906
1547,S>>E,0.5079615233296437,0.1032104144510461,20,0.023078550269846572
1548,E>>S,0.5144284415496757,0.10647517149523036,20,0.0238085721379283
1548,E>S,0.4746698478024344,0.08405627661651091,20,0.01879555484500444
1548,S~E,0.4527116063400274,0.0888194009398163,20,0.019860621822223794
1548,S>E,0.48705210258318654,0.09097180958664484,20,0.02034191502719049
1548,S>>E,0.5243833749153287,0.11311424828959202,20,0.025293114839931706
1549,E>>S,0.5015757416274635,0.11151128900940387,20,0.02493468224836522
1549,E>S,0.4787776449043967,0.09594786744375013,20,0.021454595390036427
1549,S~E,0.4683048385174165,0.08498466486549447,20,0.019003148768428364
1549,S>E,0.4874969484416437,0.09523540858461117,20,0.02129528474601576
1549,S>>E,0.5119337008747268,0.09176271613667572,20,0.02051876710816238
1550,E>>S,0.5184914423436319,0.11415262141549724,20,0.02552530212948501
1550,E>S,0.48985542005847815,0.07771379787410307,20,0.01737733348361731
1550,S~E,0.46172732288637397,0.09634800133268386,20,0.021544068047612143
1550,S>E,0.4885948708307983,0.12008307661131468,20,0.02685139222502147
1550,S>>E,0.5014423973123409,0.125015177665273,20,0.027954243547876387
1551,E>>S,0.4928577912007551,0.12307806534424524,20,0.02752109206488934
1551,E>S,0.4812097768489715,0.09190554156640833,20,0.02055070384514215
1551,S~E,0.48445875285148654,0.1172148931815279,20,0.026210046912927297
1551,S>E,0.49357160141203515,0.10884318202425643,20,0.024338075389362054
1551,S>>E,0.5080193326175174,0.0961680092961855,20,0.021503820604710247
1552,E>>S,0.487376955097185,0.10768693319557503,20,0.02407953029137844
1552,E>S,0.4942589069453036,0.06275837648468667,20,0.014033199597728368
1552,S~E,0.4614759804447881,0.09457298446228392,20,0.021147162209269824
1552,S>E,0.4935409183287269,0.10729841566225759,20,0.02399265512988361
1552,S>>E,0.4898566490143553,0.08838974302424966,20,0.01976454739159601
1553,E>>S,0.5100194151461953,0.10629773605398911,20,0.02376889636710499
1553,E>S,0.46800336977550466,0.0970650933670144,20,0.02170441470110081
1553,S~E,0.46574251229316044,0.08788075308940009,20,0.019650733782177323
1553,S>E,0.5168856065000498,0.12191444946625501,20,0.027260899644600916
1553,S>>E,0.5155769931739516,0.12648826736676527,20,0.028283636418825545
1554,E>>S,0.49989085535348926,0.10535027593484285,20,0.023557037843866882
1554,E>S,0.4640108957768686,0.0910438157474241,20,0.02035801609422061
1554,S~E,0.4625026694230314,0.09109503842393227,20,0.020369469832886785
1554,S>E,0.48474744720902424,0.12206582555260397,20,0.027294748366525328
1554,S>>E,0.47686426688336453,0.15424776469289073,20,0.03449084872306956
1555,E>>S,0.5037339909866406,0.10652962010704112,20,0.023820747217657236
1555,E>S,0.46862668774086397,0.10081231125077823,20,0.022542318092560697
1555,S~E,0.4626286800209667,0.08441560762397073,20,0.018875903700914805
1555,S>E,0.4806271359073816,0.0832658999695643,20,0.018618821253964343
1555,S>>E,0.4784146756359073,0.08456964551246918,20,0.01891034761989411
1556,E>>S,0.5067112700606112,0.10990534071559946,20,0.024575581293035578
1556,E>S,0.48097337734834067,0.08656718345261967,20,0.01935701068207525
1556,S~E,0.4890767883048642,0.10553305166493009,20,0.0235979077395781
1556,S>E,0.4777673201607356,0.11131454888446159,20,0.02489068981903795
1556,S>>E,0.5116408381267592,0.13291917283844937,20,0.029721630597981646
1557,E>>S,0.4835569175447345,0.0882169152222082,20,0.01972590192021935
1557,E>S,0.4701085183741296,0.08617978472742568,20,0.0192703856936822
1557,S~E,0.463467517263181,0.10169570754891252,20,0.02273985150993069
1557,S>E,0.489485939161153,0.12125222093629039,20,0.027112820843636847
1557,S>>E,0.5149791640515791,0.10893126204375034,20,0.02435777068046684
1558,E>>S,0.4885913020268114,0.1063532169441059,20,0.023781302271280325
1558,E>S,0.4731585941472861,0.09132951367742279,20,0.020421900093471414
1558,S~E,0.461477475331099,0.07801608882927535,20,0.017444927796092167
1558,S>E,0.4861781747791376,0.09861035505908841,20,0.022049945719751197
1558,S>>E,0.4989495672219569,0.09696039386443883,20,0.021681003180603873
1559,E>>S,0.4903376832119138,0.08604513063201633,20,0.019240276122603792
1559,E>S,0.47572000593434627,0.08116201333482924,20,0.018148377900742255
1559,S~E,0.46388396593744485,0.09351232374430797,20,0.020909991262624026
1559,S>E,0.4897720820019364,0.1155919545119962,20,0.025847146794088702
1559,S>>E,0.48681976173457864,0.1165852549783483,20,0.02606925553057326
1560,E>>S,0.49621660487537145,0.12461429066626516,20,0.027864602489768645
1560,E>S,0.47423316920580716,0.09955262099558536,20,0.022260642788440164
1560,S~E,0.4436112626371969,0.09066822311385972,20,0.020274031028170797
1560,S>E,0.5175571791793736,0.11363082999941533,20,0.025408626021841504
1560,S>>E,0.5079698107692003,0.11500798510905327,20,0.025716567265912666
1561,E>>S,0.5018890643022518,0.10792083246891081,20,0.0241318317588851
1561,E>S,0.47977671104938413,0.08787687047546441,20,0.019649865603308267
1561,S~E,0.45017294581054995,0.08465795898493064,20,0.0189300951126694
1561,S>E,0.49086110302974956,0.1289720886979221,20,0.028839035752868614
1561,S>>E,0.49660718780892565,0.13634802654155767,20,0.03048834559448685
1562,E>>S,0.4978041319930317,0.13267788903775413,20,0.02966767789995924
1562,E>S,0.4637908372766052,0.07917983607255545,20,0.017705149590552395
1562,S~E,0.4492021712562474,0.11990449716567639,20,0.026811460647038324
1562,S>E,0.49932753769841076,0.12072166094473642,20,0.026994184022911212
1562,S>>E,0.4932248957855669,0.07702858462069784,20,0.01722411514224752
1563,E>>S,0.49499168423883944,0.11302481491887537,20,0.025273116930293767
1563,E>S,0.48416775046390204,0.08418057489580819,20,0.018823348785203937
1563,S~E,0.48056524997233907,0.1426286517531601,20,0.03189273608592105
1563,S>E,0.49609478258403084,0.07695367160546665,20,0.01720736408280188
1563,S>>E,0.47773769499185426,0.11096855968397944,20,0.02481332428186206
1564,E>>S,0.5034001662401094,0.09098584943956964,20,0.020345054433743886
1564,E>S,0.4737343920606003,0.09763612369804599,20,0.0218321009648409
1564,S~E,0.44503522761548053,0.07937532698951498,20,0.01774886268848292
1564,S>E,0.49292967753530215,0.11245326859028963,20,0.025145315285992956
1564,S>>E,0.4928136828392079,0.13517069302727452,20,0.030225085817474264
1565,E>>S,0.4825403726417454,0.11890159536316652,20,0.026587204986521413
1565,E>S,0.49079975035959594,0.07822191886403808,20,0.017490952791046226
1565,S~E,0.45067809490022037,0.09712163691867515,20,0.021717058223621084
1565,S>E,0.4908724400268302,0.13748063640964786,20,0.030741604860190522
1565,S>>E,0.4711612367250659,0.13008837116883473,20,0.029088644101573823
1566,E>>S,0.48993793632828686,0.13149074079382117,20,0.029402223482678878
1566,E>S,0.47384745365347464,0.10315013830541747,20,0.02306507211394184
1566,S~E,0.456456731340083,0.10724366092988191,20,0.023980411599515424
1566,S>E,0.5055503336826235,0.11826687930309134,20,0.026445278160847515
1566,S>>E,0.4694877534021245,0.10177152779634847,20,0.022756805432664454
1567,E>>S,0.4926965041660571,0.12320474191903609,20,0.02754941780812826
1567,E>S,0.4528941296685165,0.06923794770721041,20,0.015482075769589817
1567,S~E,0.4595442028971918,0.0892227945427231,20,0.01995082337400261
1567,S>E,0.5105119186154605,0.11061736313531449,20,0.024734794346234247
1567,S>>E,0.5055991253691461,0.09740469678147486,20,0.021780352333113276
1568,E>>S,0.5182372426682097,0.11758103055670824,20,0.026291917718927953
1568,E>S,0.4982803660251248,0.07628746508087218,20,0.017058395775197167
1568,S~E,0.47061504514227437,0.08065170364520252,20,0.01803426918518404
1568,S>E,0.49501641481677583,0.1138484970903339,20,0.02545729786301736
1568,S>>E,0.4703203122626329,0.11018542830545107,20,0.024638210782091805
1569,E>>S,0.49397094713738704,0.10284339935658131,20,0.022996483199847394
1569,E>S,0.47193217055016223,0.09020084342225475,20,0.020169521751997637
1569,S~E,0.4376693494882555,0.09509004554966305,20,0.021262780583259793
1569,S>E,0.5042388191074733,0.0956764051463885,20,0.02139389457501354
1569,S>>E,0.4922348010792771,0.1112454942847443,20,0.024875248741125257
1570,E>>S,0.5089395056384214,0.09115684087482066,20,0.02038328928102304
1570,E>S,0.46217770536400005,0.08213654453766972,20,0.01836628970231685
1570,S~E,0.45143265236036667,0.10528711206880559,20,0.02354291397404878
1570,S>E,0.4959683424052086,0.10744527821335638,20,0.0240254945946442
1570,S>>E,0.5264608095700596,0.1220974799838431,20,0.02730182651252931
1571,E>>S,0.48863184664604153,0.09388155709958257,20,0.02099255435081946
1571,E>S,0.47428447605749097,0.1037460434219438,20,0.02319832054881112
1571,S~E,0.46124362213281306,0.09354003651166325,20,0.02091618802578913
1571,S>E,0.5256575523818271,0.14747929593920792,20,0.03297737309938776
1571,S>>E,0.5043786223499959,0.09230286256254036,20,0.020639547520766067
1572,E>>S,0.4742731718628036,0.11140492053847748,20,0.02491089753519981
1572,E>S,0.4795359252160575,0.07329441475432653,20,0.016389129376173768
1572,S~E,0.46875200052030863,0.08705048864576045,20,0.0194650810086494
1572,S>E,0.483190959437873,0.09197652701061984,20,0.020566576673009148
1572,S>>E,0.4994094484102338,0.09162708973749838,20,0.02048844012335197
1573,E>>S,0.4914246280888889,0.11227254008334245,20,0.02510490316329236
1573,E>S,0.4822576315560613,0.08181177166082841,20,0.01829366827933032
1573,S~E,0.4469161346532243,0.10207998888483402,20,0.02282577942889118
1573,S>E,0.4862550119817549,0.1107962547685309,20,0.02477479573148203
1573,S>>E,0.4937680555423315,0.14164064185643507,20,0.03167181035676908
1574,E>>S,0.4965176361587524,0.13701231232792016,20,0.030636884411966193
1574,E>S,0.46172794646012844,0.09209495483740779,20,0.02059305794012169
1574,S~E,0.4455524446143547,0.0972194100933166,20,0.021738920970108506
1574,S>E,0.5039180527842572,0.1136780344313401,20,0.02541918125370381
1574,S>>E,0.5426051271244243,0.1618821137495539,20,0.03619794106853559
1575,E>>S,0.48511428312098204,0.10927468722972976,20,0.02443456288657039
1575,E>S,0.45049439246975737,0.09089642142538219,20,0.02032505772186229
1575,S~E,0.4686320868613819,0.09303197329862414,20,0.020802581637666892
1575,S>E,0.5121469958210002,0.12064404613801337,20,0.026976828824521886
1575,S>>E,0.5052175192516966,0.10278761130944997,20,0.02298400861327563
1576,E>>S,0.49786466167344756,0.10385852715120747,20,0.023223472675310747
1576,E>S,0.4533164534601841,0.09308119280932413,20,0.020813587454841336
1576,S~E,0.45309633348996314,0.08757206746371915,20,0.01958170957790736
1576,S>E,0.5168831611543634,0.13752776914315365,20,0.030752144059798956
1576,S>>E,0.48433343900574616,0.09002099739144268,20,0.020129306956959706
1577,E>>S,0.5066618239529218,0.0973286133643318,20,0.02176333956384404
1577,E>S,0.47097819825871295,0.09445418851715932,20,0.02112059862839483
1577,S~E,0.4288233030788497,0.0746191757207556,20,0.016685354933661137
1577,S>E,0.4944046178057147,0.11913315824836848,20,0.02663898402175917
1577,S>>E,0.4903453181403406,0.11022387922337662,20,0.024646808668719683
1578,E>>S,0.4831449018030015,0.11473815618987059,20,0.02565623168535389
1578,E>S,0.46553574983646345,0.08252217273650347,20,0.01845251878898016
1578,S~E,0.46763994441426276,0.10950681201020272,20,0.024486467565410366
1578,S>E,0.4976945113017924,0.11933451470055312,20,0.026684008693238472
1578,S>>E,0.5125931175118862,0.13778741227766272,20,0.030810202029664297
1579,E>>S,0.5081881811172778,0.10563480567272647,20,0.023620660627419677
1579,E>S,0.4831206609897049,0.08278521597283464,20,0.018511337044725962
1579,S~E,0.4463704770254104,0.08533903849112459,20,0.019082389120062566
1579,S>E,0.48950971310727837,0.11688496187295686,20,0.026136272029540265
1579,S>>E,0.4935489571617658,0.11344040213342828,20,0.025366045056525777
1580,E>>S,0.5077246272080626,0.10969924083389904,20,0.024529495958471894
1580,E>S,0.48547974831203267,0.1026331629572841,20,0.022949472911830058
1580,S~E,0.44434112076720167,0.08707283575715653,20,0.019470077974667637
1580,S>E,0.48848966389387316,0.10188382576908875,20,0.022781916022742724
1580,S>>E,0.4858607597502573,0.09508544580862484,20,0.02126175204989576
1581,E>>S,0.4900878601916102,0.10163375857181865,20,0.022725999297538844
1581,E>S,0.4514495591373014,0.11945745225114364,20,0.026711498365249244
1581,S~E,0.46011887589578454,0.09990706295582726,20,0.02233989842015808
1581,S>E,0.5113530111347364,0.12274958858323412,20,0.027447642428224357
1581,S>>E,0.5193454585726772,0.12131235773480194,20,0.027126267840578953
1582,E>>S,0.4925069075887791,0.09996023657438723,20,0.022351788402729052
1582,E>S,0.4710115205486667,0.09816730006034365,20,0.021950875610254758
1582,S~E,0.4592246468597164,0.10517006690255122,20,0.023516741879230526
1582,S>E,0.5072211428352198,0.14217188050575716,20,0.031790598929985016
1582,S>>E,0.4848848608656914,0.10212626729477918,20,0.02283612759594398
1583,E>>S,0.5014559039005326,0.09211637448248142,20,0.020597847518365544
1583,E>S,0.46932973356835905,0.08171749361222069,20,0.01827258706678303
1583,S~E,0.4550017416883418,0.09771177205511143,20,0.02184901645171935
1583,S>E,0.5051523504276672,0.11738166912552173,20,0.026247339147705485
1583,S>>E,0.4710668194896532,0.10801387427199469,20,0.024152636538529573
1584,E>>S,0.48443470272596867,0.11376032302682411,20,0.025437581543031332
1584,E>S,0.4711831369863064,0.09436864538513252,20,0.021101470602572815
1584,S~E,0.45727130986874454,0.08687892070528173,20,0.01942671725088239
1584,S>E,0.4787707774063262,0.09220460977357327,20,0.02061757752925513
1584,S>>E,0.5036641965718801,0.07901014987990856,20,0.01766720660439224
1585,E>>S,0.5028480348249976,0.12111407107548978,20,0.02708192959565362
1585,E>S,0.48468045934357684,0.09914800601599388,20,0.02217016812853204
1585,S~E,0.4501763664905048,0.085627813329842,20,0.01914696113701893
1585,S>E,0.49193275321298346,0.09603905310987362,20,0.021474985124839
1585,S>>E,0.4623099835677003,0.13180374413454365,20,0.029472213157382878
1586,E>>S,0.5135233073377974,0.12359279093606988,20,0.02763618820619721
1586,E>S,0.46981859632618217,0.07148047310248216,20,0.01598351969209954
1586,S~E,0.4354826806929738,0.08226259428833689,20,0.01839447528342072
1586,S>E,0.4931308610997574,0.10637473101300227,20,0.02378611296333281
1586,S>>E,0.4658140264010494,0.1299264004809472,20,0.02905242635472593
1587,E>>S,0.4876377526772172,0.10077430166519374,20,0.022533818890844347
1587,E>S,0.4646464349320606,0.097549070458812,20,0.02181263526878202
1587,S~E,0.47381548868815404,0.10690614556099756,20,0.02390494086868779
1587,S>E,0.4968839164933835,0.11674996630488968,20,0.026106086102854326
1587,S>>E,0.48919756740206966,0.09527304100100992,20,0.02130369961013828
1588,E>>S,0.4861205810267187,0.10824782569469933,20,0.02420494966698961
1588,E>S,0.4769965243969364,0.08553154513612833,20,0.019125434914497443
1588,S~E,0.45992115383088433,0.0982585756425375,20,0.021971285450901892
1588,S>E,0.50235610435459,0.12320978955075379,20,0.027550546492892874
1588,S>>E,0.48937766413572953,0.09852294080901376,20,0.022030399299214288
1589,E>>S,0.46041807938131313,0.09033820686841605,20,0.02020023715232167
1589,E>S,0.49339523553332604,0.07514453804374856,20,0.016802829520364083
1589,S~E,0.4551676646621304,0.09744769042510888,20,0.021789966004089882
1589,S>E,0.48765092074002503,0.117197090689016,20,0.026206066154584744
1589,S>>E,0.49069234438244075,0.10553910450514871,20,0.02359926119579668
1590,E>>S,0.49112139061155274,0.12290066361680145,20,0.02748142383270032
1590,E>S,0.47321279735082394,0.08011462917201305,20,0.017914175682080886
1590,S~E,0.45750562334959205,0.1177218843892743,20,0.026323413593378864
1590,S>E,0.4943790702165458,0.11550301633097765,20,0.025827259612233436
1590,S>>E,0.4997224968528708,0.11490348691945819,20,0.02569320076036664
1591,E>>S,0.47638954149932866,0.08978249972275061,20,0.020075977256992637
1591,E>S,0.46204934803900055,0.11750641918924017,20,0.02627523410997267
1591,S~E,0.4351007052698769,0.0895156811430817,20,0.020016314808812673
1591,S>E,0.49262584236099566,0.10976587245648615,20,0.024544395242227485
1591,S>>E,0.5109195653619629,0.11381292018052781,20,0.02544934262414178
1592,E>>S,0.4881200171325341,0.0840666210874954,20,0.0187978679390357
1592,E>S,0.467670568924581,0.08701185057541543,20,0.01945644127346831
1592,S~E,0.44086683984032443,0.11496683805186474,20,0.025707366504217902
1592,S>E,0.4981994156340724,0.11124881533289888,20,0.024875991350068277
1592,S>>E,0.48546333403520914,0.11955527854649939,20,0.026733372989889488
1593,E>>S,0.4977533590901212,0.13629806774794853,20,0.030477174468628458
1593,E>S,0.46936205166600464,0.10155636678751706,20,0.022708693968479007
1593,S~E,0.44921955688406146,0.0725859506786728,20,0.016230711992895934
1593,S>E,0.514710094904561,0.11683820560833258,20,0.02612581701093288
1593,S>>E,0.5048945589439884,0.13041915799300272,20,0.02916261028406391
1594,E>>S,0.49610787570566395,0.10321399565539711,20,0.02307935105148359
1594,E>S,0.4725554652968551,0.07986936012893055,20,0.017859331856770005
1594,S~E,0.45839747073019377,0.0881242038066919,20,0.019705171017480882
1594,S>E,0.49472142786006845,0.11123446660035581,20,0.02487278287593255
1594,S>>E,0.49007319356590057,0.09100628421769479,20,0.02034962378904318
1595,E>>S,0.49056272837490394,0.10539761904391294,20,0.023567624084881573
1595,E>S,0.46435881325410877,0.06723348433185007,20,0.015033864133018379
1595,S~E,0.4796736611230024,0.0979087388835562,20,0.02189305957349085
1595,S>E,0.5128262858866498,0.13302026135555223,20,0.02974423467758031
1595,S>>E,0.4699924928228009,0.11844325475556637,20,0.026484716910977164
1596,E>>S,0.4889668528492302,0.11951191959769875,20,0.026723677634194372
1596,E>S,0.4738686671348389,0.07658074626911676,20,0.017123975442540847
1596,S~E,0.46555378997072205,0.10143727353883661,20,0.02268206390850793
1596,S>E,0.4852637605219705,0.12613220060159702,20,0.02820401746968108
1596,S>>E,0.5011088339580066,0.11792635874626332,20,0.026369135449567167
1597,E>>S,0.5105550102559862,0.11729266993726307,20,0.02622743832421662
1597,E>S,0.48507243478221307,0.09195203615025503,20,0.020561100350148832
1597,S~E,0.4447855455486297,0.08430295959154478,20,0.018850714835111203
1597,S>E,0.4881147175994772,0.0933332445641597,20,0.02086994794060738
1597,S>>E,0.49928409511772076,0.08630832817713467,20,0.019299128882843363
1598,E>>S,0.476428952412967,0.09957376085995068,20,0.02226536980581576
1598,E>S,0.48969548054123385,0.0962031300898236,20,0.021511673852910102
1598,S~E,0.4665958965738929,0.08033003061589185,20,0.017962340909177345
1598,S>E,0.4745079020378391,0.10090223749926885,20,0.022562426213019352
1598,S>>E,0.49830462245163226,0.1091876224180562,20,0.02441509460283536
1599,E>>S,0.5043500660691872,0.09909116939814817,20,0.022157459074420623
1599,E>S,0.4900505776507261,0.08412164052268327,20,0.01881017065875207
1599,S~E,0.46869992545951034,0.086667217156023,20,0.019379378898160344
1599,S>E,0.4952994139225714,0.13718871783959116,20,0.030676329883536392
1599,S>>E,0.47524179397583055,0.12784222329959938,20,0.028586390169261167
1600,E>>S,0.5059648601797138,0.10748327654080846,20,0.024033991278965616
1600,E>S,0.4762830796277919,0.10232712143313892,20,0.02288103994663743
1600,S~E,0.448097878433008,0.08360230562267681,20,0.018694043844801823
1600,S>E,0.4843862747133679,0.10134141823133912,20,0.022660630010151075
1600,S>>E,0.5033476013792018,0.11481697266477758,20,0.025673855584917783
1601,E>>S,0.48573650346409625,0.1003289622081287,20,0.022434237960938318
1601,E>S,0.46844972201865154,0.08785356319030445,20,0.019644653935909404
1601,S~E,0.46535628776527355,0.10136960346463068,20,0.02266693241991124
1601,S>E,0.5057738235676275,0.0890667829316856,20,0.0199159381172467
1601,S>>E,0.5016904063404106,0.11956367462956151,20,0.02673525041113665
1602,E>>S,0.4951423168019624,0.11050356999274667,20,0.02470934942601875
1602,E>S,0.4721515168942004,0.08818449025479899,20,0.01971865147708983
1602,S~E,0.46312966764473107,0.09546717262016251,20,0.021347108759839008
1602,S>E,0.49222310942792535,0.10506063154086782,20,0.02349227138844389
1602,S>>E,0.482424560596516,0.09180089948830832,20,0.020527305165148304
1603,E>>S,0.4906454474306548,0.09594140151238861,20,0.021453149563830206
1603,E>S,0.47169966105529415,0.08047623698087425,20,0.017995033646261725
1603,S~E,0.4470005244509367,0.09889584046956591,20,0.02211378219819241
1603,S>E,0.5062350203707185,0.11102435518110952,20,0.024825800534304186
1603,S>>E,0.4951556438879295,0.08232680068378835,20,0.01840883226990269
1604,E>>S,0.5119964774183795,0.08842519852007899,20,0.01977247548148104
1604,E>S,0.48200327332570003,0.08223043876408978,20,0.018387285089613854
1604,S~E,0.4482429603641965,0.1035443772883796,20,0.023153226630470213
1604,S>E,0.4847390204969041,0.12806372780364314,20,0.028635920082097588
1604,S>>E,0.49640041548725655,0.10740386553299372,20,0.024016234437802063
1605,E>>S,0.4870083132162174,0.07863246708175418,20,0.017582754163331688
1605,E>S,0.46303649816647435,0.0830204091574622,20,0.01856392783959315
1605,S~E,0.47207391578028535,0.11068541397678802,20,0.024750010976980333
1605,S>E,0.49963636902687414,0.10714181979888569,20,0.023957639230334126
1605,S>>E,0.5031117791218784,0.0942057658291385,20,0.021065049626638053
1606,E>>S,0.526001021946932,0.1251423676494374,20,0.027982684092941256
1606,E>S,0.47328842389837905,0.10271239884756853,20,0.022967190595523428
1606,S~E,0.4725428127150436,0.10882866764162169,20,0.02433482987473978
1606,S>E,0.4772039010315764,0.10978020532302248,20,0.02454760016861625
1606,S>>E,0.4966900228784768,0.10846156557218871,20,0.02425274335654648
1607,E>>S,0.4781020056799199,0.0848270100011583,20,0.018967896069064447
1607,E>S,0.48300288928347596,0.08952601847128162,20,0.020018626305668752
1607,S~E,0.4475581465679775,0.08660214294379961,20,0.019364827861948968
1607,S>E,0.4841048687917409,0.11055076081415628,20,0.024719901614477343
1607,S>>E,0.4946162316947028,0.10590995892588399,20,0.02368218676524872
1608,E>>S,0.5056963311079447,0.10813834643920564,20,0.024180469361248614
1608,E>S,0.4745110558204669,0.10265541857755085,20,0.022954449419809845
1608,S~E,0.43563418564779166,0.07687793471928599,20,0.017190428800211467
1608,S>E,0.49396629073037773,0.10809967262323818,20,0.024171821633103358
1608,S>>E,0.493824692299604,0.10823209772944888,20,0.02420143278704483
1609,E>>S,0.5201849644791534,0.11757196802655416,20,0.02628989127558069
1609,E>S,0.47516878809325613,0.08066303840070997,20,0.018036803713566342
1609,S~E,0.4550475126656782,0.10231498758099924,20,0.022878326734816108
1609,S>E,0.500616933429655,0.07247290680229322,20,0.016205434613693455
1609,S>>E,0.4874522237931235,0.12049621488076706,20,0.026943772750481685
1610,E>>S,0.49514620664684006,0.09265700203670063,20,0.020718735514539906
1610,E>S,0.47957148920340664,0.08910897530757132,20,0.01992537261930797
1610,S~E,0.4586226374740033,0.08320125973941282,20,0.01860436725909435
1610,S>E,0.5115082794627682,0.09043290100752503,20,0.020221411405533518
1610,S>>E,0.5072554675110698,0.12229436029649976,20,0.02734585028878248
1611,E>>S,0.4906871319528636,0.11436089414586743,20,0.02557187332778173
1611,E>S,0.4803482529059435,0.11169968131993874,20,0.024976808049644646
1611,S~E,0.46053908542152133,0.10911706460712724,20,0.02439931739667729
1611,S>E,0.5153990463421062,0.12472603000375286,20,0.027889588165206973
1611,S>>E,0.48764290778269004,0.07850942122929316,20,0.01755524027428646
1612,E>>S,0.506101704084115,0.08991743584822397,20,0.020106149891910525
1612,E>S,0.4732671557292181,0.10120352440356799,20,0.022629796012893687
1612,S~E,0.4723904317101876,0.09032481228988146,20,0.020197242033508336
1612,S>E,0.5108286582817692,0.10025196987773691,20,0.0224170219524881
1612,S>>E,0.49553215840541254,0.14099944108074527,20,0.031528433504602285
1613,E>>S,0.5118183153781057,0.11950711609434837,20,0.02672260353819221
1613,E>S,0.4779432826063091,0.0807201579160256,20,0.0180495760254751
1613,S~E,0.46989985107670373,0.10704710335601687,20,0.02393645998984996
1613,S>E,0.5072580108882987,0.13240682821327482,20,0.02960706685700195
1613,S>>E,0.49018462091953985,0.1042054648330207,20,0.023301050299359805
1614,E>>S,0.48623642215396795,0.11685818338810929,20,0.026130284178294903
1614,E>S,0.48977132457417916,0.08751432089950095,20,0.019568797053601466
1614,S~E,0.44583884353862124,0.09697723628826349,20,0.021684769261061655
1614,S>E,0.5029421989948734,0.13304119084124247,20,0.029748914652854057
1614,S>>E,0.5099153710831377,0.12725630774026467,20,0.028455375467286444
1615,E>>S,0.5068602047652578,0.12156348830712607,20,0.027182422343673473
1615,E>S,0.4838350061923876,0.0817443829543149,20,0.01827859970646232
1615,S~E,0.45714732505700884,0.09470155219482235,20,0.021175910828236718
1615,S>E,0.506179449005595,0.1099729341837772,20,0.024590695652003614
1615,S>>E,0.4938362280549705,0.10490121691936949,20,0.023456625195416123
1616,E>>S,0.4551956070250359,0.10676851622341373,20,0.02387416601323422
1616,E>S,0.48190584618629445,0.10241103533843691,20,0.02289980366628781
1616,S~E,0.46226535908669275,0.10031470321372425,20,0.0224310495528604
1616,S>E,0.50171121477164,0.10156229181174568,20,0.02271001884417336
1616,S>>E,0.5000092683810663,0.10755723543039883,20,0.024050528989432062
1617,E>>S,0.5105694970433011,0.11757426613532063,20,0.02629040514832284
1617,E>S,0.49258518532502427,0.09411499587818727,20,0.021044752848573923
1617,S~E,0.45036979299963775,0.0909379477150369,20,0.020334343282514416
1617,S>E,0.517182861053685,0.10823274931952771,20,0.024201578487015808
1617,S>>E,0.5036668532203752,0.12324364502060396,20,0.02755811680609239
1618,E>>S,0.49911910560600736,0.11217800031694597,20,0.02508376342886841
1618,E>S,0.46938997412416567,0.09024034053647316,20,0.020178353575228382
1618,S~E,0.4428579660404971,0.08965655298817214,20,0.02004781471098648
1618,S>E,0.5218287274668836,0.11035002579978782,20,0.024675015900718116
1618,S>>E,0.49272526959189494,0.09904419775288507,20,0.022146955895238293
1619,E>>S,0.47310930651980315,0.09892047178010219,20,0.02211928992666581
1619,E>S,0.4729842796969702,0.08406565300457836,20,0.018797651469114662
1619,S~E,0.45733450982130874,0.11467613541672515,20,0.02564236341887686
1619,S>E,0.5188597014462034,0.14514073905643476,20,0.03245445588347468
1619,S>>E,0.5125791807416327,0.12334141882027665,20,0.02757997969234105
1620,E>>S,0.47125510565198325,0.11581869342062606,20,0.02589784715537275
1620,E>S,0.4730568728315584,0.09303091636818246,20,0.020802345300835384
1620,S~E,0.4671042982610169,0.12082200323018938,20,0.02701662124004026
1620,S>E,0.5303757923058018,0.10724681945322742,20,0.02398111786680633
1620,S>>E,0.48829884225985704,0.09246836709983482,20,0.020676555460363573
1621,E>>S,0.510074370484654,0.10471089124642312,20,0.023414067081158976
1621,E>S,0.4906436854326479,0.10738553069923651,20,0.024012134644338334
1621,S~E,0.46123787137030653,0.11177170437791388,20,0.024992912895002627
1621,S>E,0.5073204273348134,0.08779591498155322,20,0.01963176340455452
1621,S>>E,0.4710695830340919,0.11139540032660594,20,0.024908768751109315
1622,E>>S,0.4699133252591624,0.09334306754630557,20,0.020872144426189374
1622,E>S,0.4586217712179031,0.08794796914650771,20,0.01966576374946454
1622,S~E,0.4600417447747545,0.08071262606143818,20,0.018047891851589688
1622,S>E,0.5142536418152464,0.11193224059628062,20,0.025028809884714506
1622,S>>E,0.5337095337854111,0.12681331204688095,20,0.02835631861887188
1623,E>>S,0.5083751439228955,0.10546699504578011,20,0.023583137030499787
1623,E>S,0.4605785814430181,0.07403749560641797,20,0.016555287305979258
1623,S~E,0.45918282608233757,0.09541154883265746,20,0.021334670902836278
1623,S>E,0.5129112073608163,0.13222195462513722,20,0.029565727865969955
1623,S>>E,0.48168046821846894,0.09655387393298134,20,0.021590102560509125
1624,E>>S,0.48932291212400647,0.09420147270416698,20,0.02106408965471083
1624,E>S,0.4755103956090192,0.10216532931730996,20,0.022844862129715725
1624,S~E,0.4467566790608822,0.08627754363007671,20,0.01929224524885555
1624,S>E,0.5203292390796309,0.10585099175635815,20,0.023669001305298667
1624,S>>E,0.5240501550994587,0.13333658783003038,20,0.02981496742758191
1625,E>>S,0.47133364761102525,0.11317838335039444,20,0.025307455875501237
1625,E>S,0.4678046299347239,0.09622013936331265,20,0.021515477242087043
1625,S~E,0.4580494142706126,0.11546198537546334,20,0.02581808481166226
1625,S>E,0.5104600213510734,0.09448341098049388,20,0.021127132969843438
1625,S>>E,0.5037169716984217,0.104579891304543,20,0.023384774603649728
1626,E>>S,0.48511988959577196,0.10456403840499981,20,0.023381229787547825
1626,E>S,0.47489991234868967,0.10034262271196494,20,0.02243729254245679
1626,S~E,0.4311372144200637,0.07493759558838964,20,0.01675655578060276
1626,S>E,0.5038294651574282,0.08819455470360249,20,0.0197209019562579
1626,S>>E,0.48808260671841375,0.11723122240351795,20,0.02621369823796624
1627,E>>S,0.5143620277563705,0.12011458338358316,20,0.026858437353475862
1627,E>S,0.4761688173239997,0.07599192392851324,20,0.016992310764514847
1627,S~E,0.46079459089684943,0.08862169682332127,20,0.019816413837832354
1627,S>E,0.5146464976335845,0.12855597205268512,20,0.02874598924233671
1627,S>>E,0.5078673949489437,0.09288641336993525,20,0.020770033448132053
1628,E>>S,0.4906196439217939,0.12652129204374507,20,0.028291020961091727
1628,E>S,0.4602663189799615,0.10678127570855986,20,0.023877019120848685
1628,S~E,0.46618523058007827,0.09876972251358562,20,0.022085581365916884
1628,S>E,0.5138717072903478,0.08405156007831208,20,0.018794500195001333
1628,S>>E,0.4924164347584436,0.10873226931537815,20,0.024313274553700005
1629,E>>S,0.507796361236436,0.090964311282285,20,0.02034023835536403
1629,E>S,0.480269505703101,0.09279592105506539,20,0.02074979875138302
1629,S~E,0.4542603720817417,0.08509451474514944,20,0.019027711948251234
1629,S>E,0.5030448564019216,0.11149374028305063,20,0.024930758233860786
1629,S>>E,0.4854738153450878,0.12825493773959132,20,0.02867867592357294
1630,E>>S,0.5074681637802094,0.09130295874118284,20,0.020415962229214345
1630,E>S,0.47531989301835303,0.08113289870532643,20,0.018141867671671457
1630,S~E,0.45574285869404096,0.08699328098991585,20,0.019452288987919203
1630,S>E,0.4993791863702713,0.0894202435306048,20,0.019994974309901815
1630,S>>E,0.4754782004810595,0.10325469536664851,20,0.023088451783585862
1631,E>>S,0.4931519772869605,0.11647193159188766,20,0.02604391565101661
1631,E>S,0.48634783172659535,0.10515010723956007,20,0.023512278762904907
1631,S~E,0.4688506814321617,0.09615651930873932,20,0.02150125136541122
1631,S>E,0.496056512476496,0.10485324593025515,20,0.023445898556155368
1631,S>>E,0.5099764613631049,0.10660565118874388,20,0.023837748284366255
1632,E>>S,0.4973474777322867,0.12217908211855419,20,0.027320073304561616
1632,E>S,0.46795147906913526,0.10427247160284094,20,0.023316033468586878
1632,S~E,0.45055590177715804,0.07635739055066036,20,0.017074031585577666
1632,S>E,0.5099228192475963,0.0959473245589442,20,0.021454473997303426
1632,S>>E,0.5058165422867182,0.14248121974649788,20,0.03185976928702546
1633,E>>S,0.4965093560269877,0.10730164005826937,20,0.02399337612675048
1633,E>S,0.48397158639427884,0.09887189456794954,20,0.022108427731812735
1633,S~E,0.45376730117235653,0.09503687107238518,20,0.02125089040867366
1633,S>E,0.48615395918042575,0.09106809467384636,20,0.0203634450272107
1633,S>>E,0.49329665490207636,0.1352168222460077,20,0.0302354006243579
1634,E>>S,0.4763202835119583,0.09376276015164231,20,0.02096599054570807
1634,E>S,0.4697411135165603,0.08444858909465275,20,0.018883278581959095
1634,S~E,0.4530006892511443,0.07851319308296807,20,0.017556083686408288
1634,S>E,0.5210712840635071,0.1219651943190393,20,0.027272246538634304
1634,S>>E,0.4981472677920847,0.10161300255788658,20,0.02272135811172944
1635,E>>S,0.4900166203153842,0.10865663403106154,20,0.02429636198997706
1635,E>S,0.46893811413238656,0.09383809872432808,20,0.02098283676269339
1635,S~E,0.4642631390454632,0.07668649567175105,20,0.017147621727827873
1635,S>E,0.5009469610416768,0.11665709651192294,20,0.02608531978584133
1635,S>>E,0.4692187085620585,0.09825364260520146,20,0.02197018239022
1636,E>>S,0.4909446873715038,0.09691126759501906,20,0.021670018212813516
1636,E>S,0.47342670498566586,0.0845833776857238,20,0.018913418227181726
1636,S~E,0.44645556215996596,0.08865338470678882,20,0.019823499463982007
1636,S>E,0.4967589963990475,0.11107460623335794,20,0.02483703701118102
1636,S>>E,0.4785568817952629,0.1171519611591868,20,0.026195974884935674
1637,E>>S,0.4679532773749339,0.09517863400694086,20,0.021282589564509295
1637,E>S,0.4846709004285591,0.07865930886041951,20,0.017588756167504955
1637,S~E,0.4537680758059352,0.08088797327257127,20,0.018087100679965547
1637,S>E,0.5100147938060986,0.11507354253681873,20,0.025731226352404026
1637,S>>E,0.5078254219149806,0.09454156644170486,20,0.021140136926296498
1638,E>>S,0.4993091732832652,0.11394059160708961,20,0.025477890822999436
1638,E>S,0.4908165603706621,0.09735937022757328,20,0.0217702170075423
1638,S~E,0.46122667072858203,0.10312661522793624,20,0.02305981219391304
1638,S>E,0.4928149935764773,0.09757394122882945,20,0.021818196542023202
1638,S>>E,0.49805717725686965,0.08669206245593342,20,0.019384934476112448
1639,E>>S,0.5377632297673297,0.12141532997834605,20,0.02714929313421498
1639,E>S,0.47505672490862355,0.10193126017687974,20,0.022792522678772034
1639,S~E,0.44980226264048245,0.09048818973800785,20,0.020233774341508443
1639,S>E,0.5183033587423217,0.12017504844887975,20,0.026871957753102575
1639,S>>E,0.4981546430524585,0.10999496936604357,20,0.024595622868548037
1640,E>>S,0.43475931008786617,0.11607352356776654,20,0.02595482890854499
1640,E>S,0.47553689758982953,0.09476363395764102,20,0.021189792732419273
1640,S~E,0.4542330730748952,0.08659567269964012,20,0.019363381071371803
1640,S>E,0.5216328060973405,0.1199609474421146,20,0.026824083312584773
1640,S>>E,0.5195102587606312,0.12597991269772993,20,0.028169964859161303
1641,E>>S,0.506339223573274,0.10517595017100863,20,0.023518057418050593
1641,E>S,0.4764194462481822,0.08802183718668406,20,0.01968228114538444
1641,S~E,0.4376026944376517,0.08063175268234575,20,0.01802980801426761
1641,S>E,0.5003658158569027,0.09125500068776149,20,0.020405238482462475
1641,S>>E,0.4973454161015335,0.0965970941154061,20,0.021599766887099293
1642,E>>S,0.51812192703501,0.10497780781181293,20,0.023473751439612216
1642,E>S,0.4998560345097788,0.10245674659453663,20,0.022910025013885397
1642,S~E,0.44343002968209994,0.0832084948344284,20,0.018605985075522198
1642,S>E,0.48969884029828836,0.11019808608527584,20,0.024641041147705045
1642,S>>E,0.4727765394970194,0.08762681920770157,20,0.019593952440050497
1643,E>>S,0.501804060962326,0.0935639069956219,20,0.020921525628267868
1643,E>S,0.476751934549769,0.10203739288724589,20,0.022816254674273534
1643,S~E,0.4516529087588642,0.07022697317740285,20,0.01570322858787272
1643,S>E,0.4924042718382208,0.10457580349191263,20,0.02338386054095765
1643,S>>E,0.5024171284151964,0.12075332152299324,20,0.027001263543430132
1644,E>>S,0.4947441797771456,0.11866909178046738,20,0.02653521560492866
1644,E>S,0.47305564674367895,0.0752641448429215,20,0.01682957441371627
1644,S~E,0.4792705082264391,0.10933369755570906,20,0.024447757996596802
1644,S>E,0.5074695685676301,0.12120528976796656,20,0.02710232671537329
1644,S>>E,0.4992359058938307,0.12587241082466416,20,0.02814592670957294
1645,E>>S,0.5018221596801689,0.11358428477820717,20,0.025398218193976585
1645,E>S,0.4771793031052686,0.07918154932221431,20,0.017705532684822358
1645,S~E,0.4387400148178659,0.09771417133727575,20,0.02184955294752101
1645,S>E,0.5100653905467077,0.10796359161284574,20,0.02414139299413492
1645,S>>E,0.49020554492053164,0.10664181288458936,20,0.023845834285375473
1646,E>>S,0.5090173034369164,0.09947054460751975,20,0.02224228995013393
1646,E>S,0.4938192496294033,0.11209427867385433,20,0.025065042700354322
1646,S~E,0.4708047408005135,0.0818010859758331,20,0.018291278887526755
1646,S>E,0.4958052670547598,0.09123476938924613,20,0.02040071462658713
1646,S>>E,0.5046363125785518,0.13229835940564838,20,0.029582812494272845
1647,E>>S,0.4862981300557889,0.11649326007042266,20,0.026048684843802697
1647,E>S,0.4721275257052932,0.08852178574232762,20,0.019794073040951623
1647,S~E,0.426728607963462,0.08375678504647403,20,0.01872858649407538
1647,S>E,0.506674236565033,0.10479379265003452,20,0.0234326043985495
1647,S>>E,0.4931432537342471,0.104033870977607,20,0.023262680746837173
1648,E>>S,0.4767812484391879,0.0819517578180463,20,0.018324970135675134
1648,E>S,0.4802345434399511,0.06845937911919397,20,0.01530798254079474
1648,S~E,0.44850827594666054,0.08367775042443946,20,0.01871091381533085
1648,S>E,0.48364349114464095,0.08809781486251864,20,0.019699270270178294
1648,S>>E,0.4957872842219383,0.09174102205955541,20,0.020513916165047365
1649,E>>S,0.5057755418078633,0.11329918878907243,20,0.0253344687927948
1649,E>S,0.496147143516262,0.08624323667609157,20,0.019284573980734375
1649,S~E,0.448612779497852,0.09918956966487642,20,0.02217946204296147
1649,S>E,0.5048824380430182,0.11176927467781272,20,0.024992369597543515
1649,S>>E,0.48599262671928,0.09734437328217319,20,0.021766863588605356
1650,E>>S,0.4881478585317674,0.12043544757984738,20,0.026930184768915125
1650,E>S,0.46724270459281436,0.08117514486455207,20,0.01815131420005314
1650,S~E,0.4523928486084151,0.10328502852229192,20,0.02309523448338494
1650,S>E,0.5126399535005197,0.13552199113972896,20,0.030303638463455813
1650,S>>E,0.48329525653907257,0.11613258823199962,20,0.025968036168974327
1651,E>>S,0.49126929168947464,0.08424407255699035,20,0.018837547293885492
1651,E>S,0.4658692738244167,0.09590518025638531,20,0.021445050244764823
1651,S~E,0.46780955425849313,0.10622981782249268,20,0.02375370938885123
1651,S>E,0.4807625515482493,0.10640537945406547,20,0.023792966163094984
1651,S>>E,0.4929683450286667,0.07191328628016089,20,0.016080299660784274
1652,E>>S,0.4981263183403411,0.098031452971884,20,0.021920499277820638
1652,E>S,0.4805290631932045,0.08319638118350005,20,0.01860327638082905
1652,S~E,0.4602852939771337,0.06842739982407983,20,0.015300831753019965
1652,S>E,0.49098202947416647,0.11022994988555906,20,0.024648166110050523
1652,S>>E,0.5248677466761198,0.14728002630763867,20,0.032932815055183744
1653,E>>S,0.5002188723383412,0.09277075378719878,20,0.020744171179207252
1653,E>S,0.48038625888012937,0.08192808776337315,20,0.018319677350547108
1653,S~E,0.46925733020059984,0.07844281548841439,20,0.017540346777856795
1653,S>E,0.4987609693975223,0.10354701747144913,20,0.023153816993351863
1653,S>>E,0.46612783333395713,0.08761996436331987,20,0.01959241965024923
1654,E>>S,0.4738448236104854,0.09685911645048838,20,0.021658356862386013
1654,E>S,0.47592648042506047,0.08543186867250264,20,0.01910314657965506
1654,S~E,0.4595852469406755,0.09754249529810695,20,0.021811165018152074
1654,S>E,0.4980586210937325,0.09678209296217477,20,0.021641133886812675
1654,S>>E,0.4999481887135203,0.11569787245671767,20,0.02587083076653213
1655,E>>S,0.49415179318243097,0.12084245601946923,20,0.027021194622756185
1655,E>S,0.4567822059846832,0.08723738043175784,20,0.019506871282442047
1655,S~E,0.4513572568034568,0.08404285347307161,20,0.01879255333888424
1655,S>E,0.5117613742811524,0.10009137717103761,20,0.022381112331601068
1655,S>>E,0.48863125191545753,0.09890962230671087,20,0.022116863910663503
1656,E>>S,0.4898175903275506,0.11867736965198852,20,0.02653706659327169
1656,E>S,0.48453069371506985,0.11478109052988704,20,0.025665832095638476
1656,S~E,0.45221204839570966,0.08709633578457272,20,0.019475332740545206
1656,S>E,0.4776353004740474,0.10862605691227106,20,0.0242895247383599
1656,S>>E,0.46543974104442204,0.10655220473277183,20,0.023825797293495262
1657,E>>S,0.48066601900449246,0.14227287460003152,20,0.03181318189599737
1657,E>S,0.47403248525014224,0.09381266132503487,20,0.020977148787294345
1657,S~E,0.4468671097784688,0.10263236681846848,20,0.022949294889778933
1657,S>E,0.4963582986012686,0.10750416452818906,20,0.024038661974935233
1657,S>>E,0.45826673799009765,0.10255094136866524,20,0.02293108760569308
1658,E>>S,0.4783845414868663,0.11261667187273366,20,0.0251818533707221
1658,E>S,0.48081413946577456,0.09289947649584339,20,0.020772954451884977
1658,S~E,0.4565479027790225,0.1107045908327729,20,0.024754299052338023
1658,S>E,0.4890583003595369,0.09887120135368922,20,0.022108272724391833
1658,S>>E,0.5201578986559615,0.11967943434489697,20,0.026761135070391264
1659,E>>S,0.5093697964749292,0.11956204705246302,20,0.02673488647383357
1659,E>S,0.4801587912632484,0.08035207267309502,20,0.01796726966300437
1659,S~E,0.4542888353748465,0.10385695848113538,20,0.0232231219100192
1659,S>E,0.499138328993691,0.1003637346107303,20,0.02244201330653413
1659,S>>E,0.4701233924421936,0.09070309174407284,20,0.02028182789091468
1660,E>>S,0.5071501347627047,0.11539822025015306,20,0.025803826496183502
1660,E>S,0.46753191961199764,0.09844431836658583,20,0.022012818786631697
1660,S~E,0.44054714264432543,0.10527573042026192,20,0.023540368960064815
1660,S>E,0.4893226182744665,0.11782001158280218,20,0.026345355500895826
1660,S>>E,0.48305812968280926,0.08461208689086111,20,0.018919837800608425
1661,E>>S,0.5009135712585742,0.10591073669731695,20,0.023682360680228224
1661,E>S,0.47870398306044154,0.11561455510534276,20,0.025852200440394175
1661,S~E,0.4425462365377357,0.08538271950727834,20,0.01909215649220717
1661,S>E,0.5020199433476958,0.1036022705979172,20,0.023166171968027064
1661,S>>E,0.47361126191911207,0.1079319095636259,20,0.024134308672562717
1662,E>>S,0.48097864052585304,0.08139434253215957,20,0.018200328288581116
1662,E>S,0.4756402700040635,0.07715117899185064,20,0.017251528077003173
1662,S~E,0.4664365996763683,0.11257307710867498,20,0.025172105285132272
1662,S>E,0.4960444108060244,0.11850362299760037,20,0.02649821566026418
1662,S>>E,0.495648104823613,0.0980474467131072,20,0.0219240755870796
1663,E>>S,0.4820906015162957,0.08520825442514247,20,0.019053144913871584
1663,E>S,0.4662807311863131,0.06823523501813306,20,0.01525786239612196
1663,S~E,0.46926652039835226,0.09318039170748386,20,0.02083576900279916
1663,S>E,0.49458189189668894,0.11795716699247852,20,0.026376024382847637
1663,S>>E,0.46744179057399504,0.091052066302923,20,0.020359860974515375
1664,E>>S,0.5094360862428378,0.13670426394871035,20,0.030568002700339016
1664,E>S,0.47850082932215754,0.0730741195713385,20,0.016339869875746066
1664,S~E,0.4589811385706303,0.10542971088904991,20,0.023574800039606537
1664,S>E,0.49298820044379815,0.09145250927636121,20,0.020449402745487375
1664,S>>E,0.4803192565559968,0.09020669818964952,20,0.020170830917786355
1665,E>>S,0.4917665846256881,0.1262557821242923,20,0.02823165113823204
1665,E>S,0.47926411515315837,0.0928337952014797,20,0.02075826766798024
1665,S~E,0.45355988964066285,0.06656244053003314,20,0.014883814177344122
1665,S>E,0.4996395958121543,0.10483999711246088,20,0.023442936030434416
1665,S>>E,0.5143763281457712,0.12840322851519803,20,0.028711834749042216
1666,E>>S,0.481858777446896,0.11758616572117916,20,0.02629306597661122
1666,E>S,0.4945289566211805,0.09554742289271796,20,0.021365053266303696
1666,S~E,0.44949510930214476,0.09020584703201039,20,0.020170640593152288
1666,S>E,0.48449612472844505,0.08470378205268744,20,0.01894034146211358
1666,S>>E,0.4931559996720801,0.10680266595868376,20,0.02388180212618196
1667,E>>S,0.48637430330813913,0.11790464306222746,20,0.026364279674998957
1667,E>S,0.476871958061852,0.08547029264377787,20,0.01911173844082875
1667,S~E,0.4469750349153573,0.08170426705184244,20,0.018269629517971602
1667,S>E,0.49258281089377914,0.10566170187633485,20,0.023626674801380178
1667,S>>E,0.509785149338449,0.10896968628824846,20,0.02436636260273503
1668,E>>S,0.475691358601,0.11320247524172612,20,0.025312842986173652
1668,E>S,0.48363730660522497,0.10145185134938625,20,0.022685323606043143
1668,S~E,0.44667382414415363,0.08912341832394714,20,0.019928602175949616
1668,S>E,0.501255260575393,0.12530014863094208,20,0.02801796499296137
1668,S>>E,0.5201674890641292,0.11614369358461707,20,0.025970519401311
1669,E>>S,0.5061725354238402,0.12221891780790063,20,0.02732898083549254
1669,E>S,0.4782993514576887,0.08616373589974952,20,0.01926679706671789
1669,S~E,0.4786111711065998,0.11534079734448903,20,0.02579098634413047
1669,S>E,0.5167855968021955,0.09796165972585694,20,0.021904893033571952
1669,S>>E,0.5143027037650172,0.1273059542825118,20,0.02846647677161768
1670,E>>S,0.4990022982629885,0.12357201295331227,20,0.027631542108009076
1670,E>S,0.47569556223250453,0.0913774206574018,20,0.020432612419854394
1670,S~E,0.458175528860124,0.09486478033035113,20,0.021212409748925007
1670,S>E,0.4968783594406716,0.11364966836327484,20,0.02541283840805898
1670,S>>E,0.5154126775935579,0.11454568448619631,20,0.025613193704037803
1671,E>>S,0.5059112978618867,0.13354828916926179,20,0.029862305286126826
1671,E>S,0.49222741425279704,0.08805194209595836,20,0.01968901280774382
1671,S~E,0.4597951454578829,0.10277171226454625,20,0.022980453478757424
1671,S>E,0.4954634742721318,0.09153204598783092,20,0.02046718769484268
1671,S>>E,0.5061990278212715,0.10685628580642696,20,0.023893791888631662
1672,E>>S,0.46811559367120453,0.11731790800858234,20,0.026233081728525707
1672,E>S,0.49419444587837696,0.10591466676365442,20,0.023683239469776893
1672,S~E,0.45470988805905144,0.0856491789331734,20,0.019151738631161864
1672,S>E,0.5094290137714934,0.12666347604296951,20,0.02832281426984959
1672,S>>E,0.5150622448129767,0.11879297796182424,20,0.02656291739722734
1673,E>>S,0.4942701713250763,0.11088019595237579,20,0.02479356555080093
1673,E>S,0.46813183995069235,0.08453929332227378,20,0.01890356066383982
1673,S~E,0.47263209188390365,0.08589536603453965,20,0.019206787740545718
1673,S>E,0.4952306341933353,0.09890328529631598,20,0.022115446912061795
1673,S>>E,0.525159557956161,0.11888199755973797,20,0.02658282278445382
1674,E>>S,0.5141697092159352,0.09707582868437335,20,0.02170681519103828
1674,E>S,0.48259364979847585,0.06586552802901151,20,0.014727979804678746
1674,S~E,0.44816297962626567,0.10263883927239018,20,0.02295074217447395
1674,S>E,0.5096673206797476,0.10261974342771166,20,0.022946472213795054
1674,S>>E,0.5025931306585812,0.11608836766911913,20,0.025958148150513918
1675,E>>S,0.47450849495873443,0.0978425421982925,20,0.02187825754467737
1675,E>S,0.4653762272211031,0.09511098528482795,20,0.02126746285038575
1675,S~E,0.4767756224941593,0.09588144995478624,20,0.021439743988014615
1675,S>E,0.4905071380641749,0.10134875172522645,20,0.02266226982923554
1675,S>>E,0.5203165780982117,0.12149542889919597,20,0.027167203797409462
1676,E>>S,0.4643595743653678,0.11287284720527441,20,0.02523913591649407
1676,E>S,0.48755264910591345,0.10364366237661908,20,0.023175427451115765
1676,S~E,0.4561308781727604,0.09250289246177365,20,0.020684275565987873
1676,S>E,0.49520493832038764,0.11611749557820808,20,0.02596466134899045
1676,S>>E,0.49709832948482263,0.10001300920000171,20,0.022363588720551567
1677,E>>S,0.5142177972683202,0.10550498108528308,20,0.02359163096715225
1677,E>S,0.49159393465042694,0.08620049058482704,20,0.019275015664150384
1677,S~E,0.44965130896816047,0.07886755906412446,20,0.017635322328686198
1677,S>E,0.4966807622207776,0.10536466836875101,20,0.023560256089924913
1677,S>>E,0.4940747194884292,0.10289882472315429,20,0.023008876688580895
1678,E>>S,0.5013985896935429,0.11194311711119026,20,0.02503124194738413
1678,E>S,0.47157085569893287,0.09003344099201424,20,0.020132089430635994
1678,S~E,0.4592314541016866,0.07979089081242122,20,0.017841785584183725
1678,S>E,0.5171888180007489,0.11853061988382138,20,0.026504252347541283
1678,S>>E,0.47273095901326456,0.10397290088062171,20,0.023249047418691788
1679,E>>S,0.487116378833218,0.12105670470692208,20,0.027069102085679652
1679,E>S,0.47956847906040123,0.08805709348837826,20,0.019690164694106786
1679,S~E,0.4764993541779705,0.09658507278124083,20,0.021597078835061918
1679,S>E,0.5306675728876522,0.11504732965853719,20,0.02572536497463168
1679,S>>E,0.5010288387540656,0.0916452607353115,20,0.020492503281984886
1680,E>>S,0.4871265889776767,0.11126357819192388,20,0.024879292425700493
1680,E>S,0.47628968187104037,0.08408136026973079,20,0.01880116372037681
1680,S~E,0.4577952467017119,0.10328514176694331,20,0.023095259805658797
1680,S>E,0.5085933933966047,0.09899238028294655,20,0.02213536915671783
1680,S>>E,0.5202986728838954,0.10514226054706018,20,0.023510524189122077
1681,E>>S,0.471806408582645,0.10532696596688425,20,0.023551825576576004
1681,E>S,0.4882070402586741,0.08339017574105652,20,0.018646610161265627
1681,S~E,0.4632688374633071,0.07030224261824786,20,0.0157200593465085
1681,S>E,0.49075128540974033,0.08009791323641799,20,0.01791043788525108
1681,S>>E,0.4882466723899396,0.10729994364511126,20,0.023992996797236536
1682,E>>S,0.5210342201692948,0.13008428747053574,20,0.02908773095887421
1682,E>S,0.468697729480693,0.0960237592650956,20,0.0214715653171829
1682,S~E,0.45953869534929404,0.08977880316486318,20,0.020075150681520732
1682,S>E,0.5020593972253428,0.11524473806328854,20,0.025769506835867064
1682,S>>E,0.5129644884686542,0.11320546051774792,20,0.02531351051418529
1683,E>>S,0.4895559359418297,0.09948476653141118,20,0.022245470068993137
1683,E>S,0.47526232200951,0.0806142582764322,20,0.018025896146182743
1683,S~E,0.46112556704687135,0.09913501471442057,20,0.022167263185188628
1683,S>E,0.5190654162923677,0.11021946120182899,20,0.024645820769069026
1683,S>>E,0.5107920516070363,0.09500196338164041,20,0.021243084811729374
1684,E>>S,0.5035068873400227,0.12529079788569586,20,0.028015874102760286
1684,E>S,0.4785722872869938,0.10728137582691051,20,0.023988844906867462
1684,S~E,0.474552427500759,0.07774554240327185,20,0.01738443177613082
1684,S>E,0.482722405348271,0.08858723190470975,20,0.01980870724774692
1684,S>>E,0.4995371474137917,0.14054713986012685,20,0.03142729587704139
1685,E>>S,0.4959150717436643,0.13239854955054062,20,0.029605215691738303
1685,E>S,0.465136536657987,0.10730515864736928,20,0.02399416290719171
1685,S~E,0.4683290806218444,0.09713390424229906,20,0.02171980128057359
1685,S>E,0.513135376644183,0.0892115549308618,20,0.019948310120386354
1685,S>>E,0.501740294923412,0.10828821353387713,20,0.0242139806623762
1686,E>>S,0.4906132761485451,0.09533018149886156,20,0.021316476613884725
1686,E>S,0.47953751940701156,0.08402616892004036,20,0.018788822559409033
1686,S~E,0.4630866349797772,0.10116244538437437,20,0.022620610464957093
1686,S>E,0.5039041693005449,0.11136958121491822,20,0.024902995422224072
1686,S>>E,0.5077733508779343,0.12102300216837376,20,0.02706156596895882
1687,E>>S,0.47317858701158577,0.12137307584311974,20,0.02713984482234533
1687,E>S,0.47999643347244003,0.0906757507038694,20,0.02027571424846764
1687,S~E,0.4617696163903582,0.06914059394042558,20,0.015460306805550165
1687,S>E,0.4854158488499074,0.12150613011993464,20,0.02716959666311085
1687,S>>E,0.48509901391866894,0.09603462905392027,20,0.0214739958758542
1688,E>>S,0.5013064888397682,0.09852007653894262,20,0.02202975882895579
1688,E>S,0.500833882982006,0.09356473522368407,20,0.020921710825692656
1688,S~E,0.4419098522188209,0.08905323902443739,20,0.019912909607517904
1688,S>E,0.48899861529299293,0.08003560605820713,20,0.017896505576654512
1688,S>>E,0.47025601023833524,0.1132861600105955,20,0.02533155546936098
1689,E>>S,0.5108382376993835,0.11920807069647482,20,0.02665573495439184
1689,E>S,0.495087568717262,0.10469857281362752,20,0.023411312595848253
1689,S~E,0.45726056491085776,0.06573660354303663,20,0.014699151413218342
1689,S>E,0.5093000252834414,0.10774082427822099,20,0.024091580703796182
1689,S>>E,0.527967270789942,0.11460373409365197,20,0.025626173990871606
1690,E>>S,0.5237726769127923,0.1040334631073298,20,0.023262589544270594
1690,E>S,0.4946166536533313,0.09502044017054467,20,0.02124721634732896
1690,S~E,0.45012607367904545,0.10398414969059616,20,0.023251562729068673
1690,S>E,0.4849955903971046,0.10134265375573637,20,0.022660906281805088
1690,S>>E,0.4790578838529549,0.114982850173202,20,0.025710946923395313
1691,E>>S,0.4838411706805828,0.12468411855086192,20,0.027880216479436983
1691,E>S,0.47903508311729687,0.08486176893670212,20,0.0189756684033346
1691,S~E,0.458598721270646,0.08630796749350744,20,0.019299048231532476
1691,S>E,0.5062164037934759,0.09542409742124809,20,0.02133747685254731
1691,S>>E,0.49215690901778075,0.08813302310631893,20,0.019707143072828878
1692,E>>S,0.4950407346318837,0.12031397019477183,20,0.02690302159983934
1692,E>S,0.4816806290251587,0.08709291554777163,20,0.019474567952346568
1692,S~E,0.45914945618324693,0.09036424938378396,20,0.02020606043578844
1692,S>E,0.5060757436486724,0.10767139500914513,20,0.024076055847268008
1692,S>>E,0.5100249494280715,0.12419850166054242,20,0.027771629241659334
1693,E>>S,0.5042067034405886,0.11748513813371685,20,0.026270475521294363
1693,E>S,0.4904878433646219,0.08107737164632516,20,0.018129451443819708
1693,S~E,0.4675326765937161,0.09986508460885903,20,0.022330511776417677
1693,S>E,0.49162301428493277,0.11148477581429388,20,0.024928753717708557
1693,S>>E,0.48146849762832067,0.12023962688084044,20,0.026886397929477023
1694,E>>S,0.49121382873909303,0.09428174594145732,20,0.021082039296246344
1694,E>S,0.4911014722719912,0.10669826376940175,20,0.023858457086958527
1694,S~E,0.46064120446630347,0.08469679034678791,20,0.018938778069146574
1694,S>E,0.48446313088981546,0.09188908402411729,20,0.020547023826811617
1694,S>>E,0.5129342445690761,0.10497803004052908,20,0.0234738011314638
1695,E>>S,0.5181310680453348,0.12270032522940713,20,0.02743662680742868
1695,E>S,0.4793396324623518,0.09067669709011243,20,0.020275925866864875
1695,S~E,0.43486879309959187,0.10230005504999087,20,0.022874987719375024
1695,S>E,0.5027091461153105,0.0877468972866704,20,0.019620802714768685
1695,S>>E,0.4994626078075533,0.09468316878998251,20,0.02117180017394874
1696,E>>S,0.4858294806262564,0.10348180158872482,20,0.023139234278653442
1696,E>S,0.4697620813990337,0.08250373434664646,20,0.018448395839668567
1696,S~E,0.4653910149126216,0.09707809837034428,20,0.021707322708250137
1696,S>E,0.48025991488753517,0.09939177689610175,20,0.022224676954417655
1696,S>>E,0.485239221110349,0.0889723681083465,20,0.019894826320939713
1697,E>>S,0.505093653472239,0.12560297597899653,20,0.028085679246530944
1697,E>S,0.4994008815322452,0.07941694132970692,20,0.01775816793783372
1697,S~E,0.454645034083135,0.08261401181364343,20,0.01847305463092774
1697,S>E,0.5088095571348272,0.10326497837214052,20,0.023090751133515178
1697,S>>E,0.4757862453393682,0.13514114727904425,20,0.030218479187325367
1698,E>>S,0.5133349772614737,0.11081577168614468,20,0.024779159846931596
1698,E>S,0.4694614312719641,0.1003579436098918,20,0.022440718399380867
1698,S~E,0.4501231570843687,0.08437158906873832,20,0.018866060852737704
1698,S>E,0.5118371945023011,0.11641665607008042,20,0.026031555668591333
1698,S>>E,0.47883696637042217,0.11226563015486209,20,0.025103358056312187
1699,E>>S,0.4950416048850035,0.10417934338378544,20,0.02329520936574372
1699,E>S,0.4866727862858108,0.09178760165891744,20,0.020524331680101187
1699,S~E,0.4491849880128906,0.09439525650079428,20,0.02110742102893049
1699,S>E,0.521324756744168,0.119362522031143,20,0.0266902713227452
1699,S>>E,0.5047471337336795,0.10600155208501277,20,0.02370266761825731
1700,E>>S,0.4757779747317624,0.11287798114491802,20,0.025240283900297623
1700,E>S,0.4685967536385281,0.10799741777788051,20,0.02414895675457851
1700,S~E,0.445534749203616,0.0792010014599801,20,0.01770988231505756
1700,S>E,0.4954367259379939,0.0963432064527846,20,0.021542995879872275
1700,S>>E,0.4945102634077013,0.0872238735120881,20,0.01950385104338723
1701,E>>S,0.4889655251796974,0.14112029956542663,20,0.031555458283342795
1701,E>S,0.48285395893151534,0.1071012267148306,20,0.02394856234079777
1701,S~E,0.4337946226392525,0.0910076199767352,20,0.020349922473844775
1701,S>E,0.5155672844394015,0.12563508465582005,20,0.02809285896493544
1701,S>>E,0.5118213155130596,0.14063645969307748,20,0.03144726839886304
1702,E>>S,0.49273869288037986,0.11448037727733795,20,0.025598590568194995
1702,E>S,0.48179145368248283,0.10466169980699197,20,0.023403067540911066
1702,S~E,0.4367622164596482,0.09153275406779063,20,0.020467346026335022
1702,S>E,0.4933771301807502,0.09827878059248568,20,0.021975803415058504
1702,S>>E,0.4885348426509301,0.10185544002040399,20,0.022775568776377587
1703,E>>S,0.5092359044092791,0.10717705026431926,20,0.023965517001892964
1703,E>S,0.48538899983606676,0.09627779017276523,20,0.02152836835497643
1703,S~E,0.4424839776785398,0.08811987051216316,20,0.019704202063367603
1703,S>E,0.4922141782375758,0.08835236603177231,20,0.01975618964199862
1703,S>>E,0.4966856336617981,0.0951253420356647,20,0.021270673117466447
1704,E>>S,0.5019536001171754,0.11828790035494688,20,0.02644997861093827
1704,E>S,0.4737983146299107,0.08041873340218357,20,0.01798217545517154
1704,S~E,0.42645509275998156,0.09101767287978277,20,0.02035217037130333
1704,S>E,0.4915671121935283,0.08650155114605644,20,0.019342334852175704
1704,S>>E,0.4851711032834314,0.11232793518310526,20,0.025117289884161363
1705,E>>S,0.4867930249774924,0.10459987247134547,20,0.023389242528373738
1705,E>S,0.4822992239076497,0.09398061489400987,20,0.021014704347023527
1705,S~E,0.4434430611634415,0.06856817862061894,20,0.01533231084890517
1705,S>E,0.5059389954704254,0.0929918501571845,20,0.020793609830493904
1705,S>>E,0.4824799612566495,0.10000300887656295,20,0.022361352580250963
1706,E>>S,0.48452942546860206,0.1094594342837386,20,0.02447587358371105
1706,E>S,0.4670506946152157,0.08661204456282248,20,0.01936704193127121
1706,S~E,0.4576286419755816,0.09194524238232199,20,0.020559581217456668
1706,S>E,0.4996705219428823,0.10322283006921466,20,0.02308132648646733
1706,S>>E,0.4768176613795057,0.11392652644061453,20,0.025474745756164124
1707,E>>S,0.49001146270464,0.13177251765593284,20,0.029465230704495707
1707,E>S,0.48551255157570683,0.1203867380391679,20,0.026919292984503913
1707,S~E,0.47771604721848265,0.10298368994058735,20,0.02302785312809146
1707,S>E,0.4878467179905446,0.08613071140025967,20,0.019259412564139673
1707,S>>E,0.5074027153615885,0.11779448843993974,20,0.02633964835265184
1708,E>>S,0.5051316625847464,0.0896909669906049,20,0.020055509915868228
1708,E>S,0.47344610699890444,0.07853108346873384,20,0.017560084098279884
1708,S~E,0.41080580192005217,0.09446589220460488,20,0.021123215652466398
1708,S>E,0.4863102977282853,0.09602078437551827,20,0.021470900111650853
1708,S>>E,0.4833293764271704,0.11278254683388489,20,0.025218944139612027
1709,E>>S,0.4764363639840865,0.08058876043612746,20,0.01802019465576266
1709,E>S,0.45990301296010916,0.09543865107094376,20,0.021340731147551334
1709,S~E,0.4404625993079045,0.0936840006485947,20,0.02094837938543921
1709,S>E,0.5201633684142837,0.09363231115347292,20,0.02093682126295772
1709,S>>E,0.4891184209380949,0.09782939271599729,20,0.021875317231049272
1710,E>>S,0.502817003322818,0.12247184481242553,20,0.027385537033038844
1710,E>S,0.4848341964500221,0.08563158779699065,20,0.019147805133531256
1710,S~E,0.44864447495393645,0.08868590591240806,20,0.019830771426629493
1710,S>E,0.500588222246898,0.1002171143697615,20,0.02240922802396577
1710,S>>E,0.4833307442555516,0.0954612849824907,20,0.0213457922440329
1711,E>>S,0.48960385967414294,0.14382186207205475,20,0.032159546024371315
1711,E>S,0.4888034325247106,0.09552339477103719,20,0.021359680414958712
1711,S~E,0.4577032303191582,0.09920617610771401,20,0.0221831753564664
1711,S>E,0.49716026994453466,0.09043112393327696,20,0.02022101403965154
1711,S>>E,0.5383733596378434,0.12851301669366297,20,0.028736384132059565
1712,E>>S,0.5152173008977585,0.12467040690933287,20,0.027877150463182773
1712,E>S,0.480221439358243,0.09838601802454092,20,0.021999782433839304
1712,S~E,0.4273562763813718,0.08489365812878927,20,0.01898279904346004
1712,S>E,0.5010267111424023,0.0852750736149019,20,0.019068086138921938
1712,S>>E,0.5119681022714511,0.10342431284329595,20,0.02312637940438143
1713,E>>S,0.4892025223968949,0.12373778403447312,20,0.027668609648627007
1713,E>S,0.4715191280253629,0.08155861558894043,20,0.018237060860764483
1713,S~E,0.4436602365884685,0.07261939443823212,20,0.016238190244875716
1713,S>E,0.47848544511681856,0.09975404576620991,20,0.022305682736387045
1713,S>>E,0.5427745998210524,0.16185045456780642,20,0.036190861860285646
1714,E>>S,0.5045315263232895,0.08577026635365345,20,0.019178814601503214
1714,E>S,0.4985610160294381,0.09630189892789567,20,0.021533759236508885
1714,S~E,0.4508788341167717,0.07722087223233509,20,0.01726711195933272
1714,S>E,0.4943951357950839,0.10609639291161038,20,0.023723874671788762
1714,S>>E,0.45961108082365565,0.1513673454182758,20,0.0338467673928956
1715,E>>S,0.4840828023732433,0.08624400488447898,20,0.01928474575735189
1715,E>S,0.47324067012747373,0.10440759529152593,20,0.023346248043913893
1715,S~E,0.4507315789713461,0.09840776223069939,20,0.022004644586148016
1715,S>E,0.49545174710982887,0.10050555578794416,20,0.022473725485824058
1715,S>>E,0.5344538724931835,0.1496229265575763,20,0.033456703477519924
1716,E>>S,0.5095984126687779,0.09970873943998265,20,0.02229555193386155
1716,E>S,0.47663285171050856,0.10783434992869619,20,0.024112493675006424
1716,S~E,0.4578965293445366,0.09184241689550753,20,0.020536588739623003
1716,S>E,0.48815979394108344,0.09298174666380324,20,0.02079135062069283
1716,S>>E,0.494401800333116,0.09618418594452137,20,0.02150743781324296
1717,E>>S,0.5036389779973762,0.11936325352322903,20,0.02669043488934814
1717,E>S,0.48794172224924875,0.09177181941157976,20,0.02052080266231271
1717,S~E,0.45278667936100875,0.10114680455408882,20,0.02261711306898279
1717,S>E,0.49720527941112136,0.0869870014873582,20,0.019450884848460824
1717,S>>E,0.5072994684512121,0.09975320322996611,20,0.02230549433955558
1718,E>>S,0.4781411067872875,0.1257873911290525,20,0.028126915727691538
1718,E>S,0.49411695354501733,0.11419207233616173,20,0.025534123623523083
1718,S~E,0.4557310650029418,0.08201759473248846,20,0.018339691717287287
1718,S>E,0.4768625648283199,0.08679435888461572,20,0.019407808652951355
1718,S>>E,0.486092196228484,0.09004220609289382,20,0.020134049366775632
1719,E>>S,0.48757804372754193,0.1390980854995438,20,0.031103277471705774
1719,E>S,0.47586785493914974,0.10685807393838603,20,0.02389419172709298
1719,S~E,0.4335282766395527,0.09489699113858993,20,0.021219612304608223
1719,S>E,0.5172401592180106,0.10676061737511208,20,0.023872399777059575
1719,S>>E,0.5050177520315017,0.11628609368201122,20,0.026002361031088588
1720,E>>S,0.48978330891003513,0.1365290885841438,20,0.030528832298023605
1720,E>S,0.509735737402859,0.10582369262241866,20,0.02366289703337711
1720,S~E,0.448421404764363,0.05604015171401165,20,0.01253095887019314
1720,S>E,0.5045117169539773,0.10288661138394438,20,0.023006145702910333
1720,S>>E,0.49231403248662675,0.11192709847917709,20,0.025027660072375328
1721,E>>S,0.49410677569985434,0.10961833785948645,20,0.024511405503435047
1721,E>S,0.4894234857767876,0.09781921856531707,20,0.02187304222179584
1721,S~E,0.4375043548132683,0.07556001655877301,20,0.016895733340642618
1721,S>E,0.4830817467946648,0.08911463733261829,20,0.0199266386865975
1721,S>>E,0.4812309115383492,0.10315202768382013,20,0.023065494591796198
1722,E>>S,0.5148289786967272,0.11235722533168378,20,0.02512383936049063
1722,E>S,0.493394731633278,0.0876514910134605,20,0.01959946922353096
1722,S~E,0.445245064158516,0.10776932206344829,20,0.024097953002293827
1722,S>E,0.45891519467057096,0.08829398787851728,20,0.019743135890090708
1722,S>>E,0.47307126517842973,0.11337626009245459,20,0.025351702460142504
1723,E>>S,0.47374593446761076,0.09377777494611265,20,0.020969347955818455
1723,E>S,0.47197375504565686,0.09773399729053217,20,0.021853986165441017
1723,S~E,0.45169201271532955,0.07996394595101322,20,0.017880481889558462
1723,S>E,0.5005844258227118,0.09661859154043434,20,0.02160457385746973
1723,S>>E,0.4859589578820729,0.0799909180493596,20,0.017886513034098293
1724,E>>S,0.5107528592977032,0.11810744967329119,20,0.02640962861186144
1724,E>S,0.4851438049820718,0.09489412342386731,20,0.02121897106410224
1724,S~E,0.4502384010506283,0.08383822584904375,20,0.018746797211144185
1724,S>E,0.47624227219254844,0.08501954057193703,20,0.019010947213465253
1724,S>>E,0.4860751278472617,0.10635499807071494,20,0.023781700543297757
1725,E>>S,0.4882433061589853,0.09817490111326936,20,0.021952575257359008
1725,E>S,0.4767744579806813,0.11676541420236268,20,0.026109540357740234
1725,S~E,0.45822900517878307,0.094545731434308,20,0.021141068246955136
1725,S>E,0.5056867010174176,0.1022396823297083,20,0.022861487968721183
1725,S>>E,0.5237850987742243,0.16306002714678403,20,0.03646133051131702
1726,E>>S,0.4738155135272633,0.10977782119768895,20,0.024547067061984985
1726,E>S,0.48374427998848796,0.09754078459000627,20,0.021810782492191795
1726,S~E,0.44894091391816904,0.09535599241966332,20,0.02132224811123218
1726,S>E,0.4845870595261518,0.08202560380248293,20,0.018341482599781706
1726,S>>E,0.500695421611048,0.12470972492872952,20,0.027885942239593932
1727,E>>S,0.49589405039166945,0.11575919570552173,20,0.02588454306182483
1727,E>S,0.46440106975786033,0.1103174839505724,20,0.024667739322022195
1727,S~E,0.43894333970304816,0.0804526501343362,20,0.017989759467038333
1727,S>E,0.4713617945460296,0.0989956310826276,20,0.02213609605762464
1727,S>>E,0.49460719096559635,0.10808786430796904,20,0.024169181213539205
1728,E>>S,0.5067225614306804,0.12450882574355882,20,0.02784101981612733
1728,E>S,0.48828906898366026,0.07954985709025336,20,0.017787888805420014
1728,S~E,0.45296156958657097,0.09224821301285832,20,0.020627327509963187
1728,S>E,0.47620508267622846,0.09229661397852791,20,0.02063815029490457
1728,S>>E,0.4775688225741234,0.09230532038875237,20,0.02064009710741476
1729,E>>S,0.48172475922183455,0.10066637090943775,20,0.02250968484017101
1729,E>S,0.4767293462889969,0.09719198720139914,20,0.021732789025061802
1729,S~E,0.44935406224735147,0.10121793516140222,20,0.02263301835630615
1729,S>E,0.48339930745623444,0.0750032334606362,20,0.01677123285502693
1729,S>>E,0.4955017976198392,0.10683827228701037,20,0.02388976394323871
1730,E>>S,0.48681362450396604,0.12193544314875225,20,0.027265593974717103
1730,E>S,0.47855141653515887,0.10985541587268216,20,0.024564417758782667
1730,S~E,0.4631887820399294,0.09334732838751411,20,0.02087309717924774
1730,S>E,0.4825538617474699,0.1110633090376235,20,0.02483451088141929
1730,S>>E,0.4929261157015401,0.08845665225792115,20,0.019779508751077195
1731,E>>S,0.4848574199498793,0.11332012834692906,20,0.025339151020273423
1731,E>S,0.4875646643978667,0.1175172035303928,20,0.026277645561963655
1731,S~E,0.47892476258705247,0.0934966865928669,20,0.02090649468926436
1731,S>E,0.48544352340135877,0.09200517364470595,20,0.020572982255123457
1731,S>>E,0.504144761485031,0.1120506286443752,20,0.025055282257040807
1732,E>>S,0.466659246234149,0.13938793467999794,20,0.03116808971877758
1732,E>S,0.46088169923899225,0.11635490126826907,20,0.026017746875112612
1732,S~E,0.4114867304463801,0.09712813957360832,20,0.02171851226146756
1732,S>E,0.5317076319914962,0.10701690961973616,20,0.02392970846516812
1732,S>>E,0.5194468537476086,0.16596540096529303,20,0.03711099184714044
1733,E>>S,0.49943458813549996,0.11998168536579147,20,0.026828720453290145
1733,E>S,0.475238394060992,0.09015725447397145,20,0.02015977496685472
1733,S~E,0.43454423608195203,0.06511103228784797,20,0.014559269428081171
1733,S>E,0.47209937499067217,0.08391783229002436,20,0.018764597752492132
1733,S>>E,0.489060855233845,0.09298303485205592,20,0.020791638668342913
1734,E>>S,0.48243157066040643,0.12231955118221798,20,0.027351483142070414
1734,E>S,0.46404413677610845,0.10671149341302694,20,0.023861415325204926
1734,S~E,0.431758321501448,0.09126283735636094,20,0.020406990814833024
1734,S>E,0.48348191217747444,0.09340119522983667,20,0.020885142171364387
1734,S>>E,0.5281017500275933,0.09212550193456832,20,0.020599888478698314
1735,E>>S,0.47995722924932716,0.13254548747427058,20,0.02963807201033159
1735,E>S,0.4736462176370379,0.10097362194903621,20,0.022578388261240975
1735,S~E,0.45248552693768007,0.0951478834157881,20,0.021275713523292706
1735,S>E,0.49919710671188466,0.1017521831149232,20,0.022752479830397458
1735,S>>E,0.48166629319192067,0.09019063842622206,20,0.020167239845513718
1736,E>>S,0.5205261316978768,0.12029785747093538,20,0.026899418685259243
1736,E>S,0.47021647453885274,0.11063608441630915,20,0.024738980551927237
1736,S~E,0.45613638917251587,0.0680314928684251,20,0.015212304266459066
1736,S>E,0.4889535326971415,0.07707197997536536,20,0.01723381863854195
1736,S>>E,0.4639550221585142,0.1434511865158635,20,0.0320766604502472
1737,E>>S,0.4767666367571627,0.10141185155441992,20,0.022676379379980065
1737,E>S,0.48435598662198504,0.07771040384024326,20,0.01737657455457446
1737,S~E,0.45143054731024207,0.07183658998930022,20,0.016063149848785617
1737,S>E,0.4678556610871854,0.09239791982852977,20,0.020660802971616828
1737,S>>E,0.4527267682515167,0.10894914675243521,20,0.024361769822904555
1738,E>>S,0.4774425562231744,0.12166860241094492,20,0.02720592657182676
1738,E>S,0.47024181810745314,0.09080020930455877,20,0.020303544037620233
1738,S~E,0.44885277395239626,0.08877504863383376,20,0.01985070434511021
1738,S>E,0.48490938331333355,0.08523770870336118,20,0.019059731090704104
1738,S>>E,0.4671697246778,0.09076356681037834,20,0.02029535052683497
1739,E>>S,0.47787666401824785,0.14322452279658054,20,0.032025976901812234
1739,E>S,0.47699203730981843,0.08831193003005078,20,0.019747147877139857
1739,S~E,0.4441300287803881,0.09378392402707854,20,0.020970722932122342
1739,S>E,0.4945594928311737,0.0917891186916999,20,0.02052467089894375
1739,S>>E,0.4621976016278576,0.0791692155288112,20,0.01770277476477538
1740,E>>S,0.49844143377949324,0.12225704210285,20,0.027337505687002644
1740,E>S,0.476578789685027,0.06802626469384937,20,0.015211135211084111
1740,S~E,0.4513029037038538,0.07374751686769604,20,0.01649044608879807
1740,S>E,0.48363980980824994,0.11098548020512171,20,0.024817107825410942
1740,S>>E,0.48411940575195545,0.09538359093796903,20,0.021328419327533165
1741,E>>S,0.49529807019607175,0.11475391805077362,20,0.025659756144596996
1741,E>S,0.4791494263617328,0.10140479349658879,20,0.02267480115027011
1741,S~E,0.4345310424202566,0.10282246103806529,20,0.022991801249493758
1741,S>E,0.49695439721539947,0.08322329098232875,20,0.018609293594773233
1741,S>>E,0.5072302520636798,0.11474188304206015,20,0.025657065034837685
1742,E>>S,0.4731575879738223,0.10874631911199582,20,0.024316416183730722
1742,E>S,0.48275274167217946,0.09979730993693527,20,0.022315356899060248
1742,S~E,0.45615265350242346,0.08136099494167202,20,0.018192871540659517
1742,S>E,0.486318688438351,0.10104376368674232,20,0.02259407243059806
1742,S>>E,0.4804640464852225,0.09962978128688386,20,0.02227789635409088
1743,E>>S,0.4748049456205055,0.11304491938511349,20,0.025277612425609747
1743,E>S,0.47560272313974333,0.08280486115015198,20,0.018515729839917124
1743,S~E,0.43333379415912343,0.06678379809691662,20,0.014933311234032664
1743,S>E,0.4908126780449491,0.09496408097932278,20,0.021234614049056053
1743,S>>E,0.49122152077262077,0.08428692616610577,20,0.018847129652191822
1744,E>>S,0.4875739868262805,0.11531075931983839,20,0.025784269637627606
1744,E>S,0.45905334344210613,0.07982487592808092,20,0.017849384887067554
1744,S~E,0.4291310826077875,0.08473393236436204,20,0.0189470832767583
1744,S>E,0.5060313474233192,0.09369952742030609,20,0.02095185127714099
1744,S>>E,0.4827519458700415,0.08372131665106182,20,0.018720655519755925
1745,E>>S,0.4844830554530149,0.11815878811076087,20,0.026421108235465524
1745,E>S,0.4709893252494786,0.10691241568001027,20,0.023906342909921736
1745,S~E,0.429470156816916,0.08372889731287608,20,0.01872235060726904
1745,S>E,0.48600118299495165,0.10480670587464551,20,0.02343549188335339
1745,S>>E,0.49341962081820945,0.07428561580768712,20,0.016610768669642135
1746,E>>S,0.4939290571216882,0.09940632987405586,20,0.0222279310992157
1746,E>S,0.46156843452093027,0.10920747798786407,20,0.024419534443217598
1746,S~E,0.4534569896278192,0.07144756425367675,20,0.015976161049800524
1746,S>E,0.5152276772820511,0.09318260363264665,20,0.020836263604301672
1746,S>>E,0.4909850147805761,0.09167814113426956,20,0.02049985556270464
1747,E>>S,0.4697576312598556,0.11178030035697419,20,0.024994835014353827
1747,E>S,0.4618803480836425,0.10628738589634243,20,0.023766582001497408
1747,S~E,0.45404343480835874,0.0797253793009003,20,0.017827136764876773
1747,S>E,0.499207252261378,0.09196234591301107,20,0.02056340568318427
1747,S>>E,0.5042130624548509,0.088611228943593,20,0.01981407314876708
1748,E>>S,0.4807716602677652,0.09605922567532421,20,0.021479495847601806
1748,E>S,0.4784090779049085,0.0747374981905659,20,0.016711812642237287
1748,S~E,0.44590057196221977,0.08674997162448238,20,0.019397883359852045
1748,S>E,0.5121020729019702,0.09246766476544256,20,0.02067639841361917
1748,S>>E,0.46985489023336485,0.08916006329111158,20,0.01993679623971091
1749,E>>S,0.49129091174342737,0.11247133269455292,20,0.02514935454250149
1749,E>S,0.4666878877022552,0.09582933082048652,20,0.021428089795292354
1749,S~E,0.44762518742849033,0.08687329227754713,20,0.01942545869618029
1749,S>E,0.4858417395843298,0.07823520186243195,20,0.017493922959781597
1749,S>>E,0.467741783410593,0.0918530691117382,20,0.020538970647583282
1750,E>>S,0.46904638528290243,0.0948006124567835,20,0.021198061376198125
1750,E>S,0.47494444365334976,0.08501957354114328,20,0.01901095458560389
1750,S~E,0.442403598350539,0.08631097142989569,20,0.0192997199321289
1750,S>E,0.48460272176603175,0.10548652211952529,20,0.023587503416929372
1750,S>>E,0.4992383132613167,0.12707800352321702,20,0.028415505432287103
1751,E>>S,0.48230114714236266,0.10557839530043833,20,0.023608046884712443
1751,E>S,0.488394221029169,0.07244418814463631,20,0.016199012926619114
1751,S~E,0.44103734148797724,0.08981029905963953,20,0.02008219337769394
1751,S>E,0.4890607826306441,0.08871955858680683,20,0.019838296393387522
1751,S>>E,0.46992137325159355,0.07654531804609795,20,0.017116053451041637
1752,E>>S,0.49777637590174695,0.11187994969701354,20,0.025017117284177926
1752,E>S,0.4690231409490255,0.07570785783701794,20,0.01692879165544623
1752,S~E,0.4281832628851611,0.07864608621396384,20,0.01758579949387322
1752,S>E,0.5145688464740248,0.08397400988185057,20,0.018777159443905695
1752,S>>E,0.4838480046292615,0.07891496980420774,20,0.017645923692455177
1753,E>>S,0.4952048526929486,0.13268064542915659,20,0.029668294247814087
1753,E>S,0.48594423287315075,0.09975443029651668,20,0.022305768719977578
1753,S~E,0.43226581494916266,0.08035106021496138,20,0.017967043270483252
1753,S>E,0.49015033691362764,0.08487363363874335,20,0.018978321431364294
1753,S>>E,0.5026356522317401,0.09985829284806916,20,0.02232899309253637
1754,E>>S,0.46640176485233964,0.12539684397018416,20,0.028039586728126637
1754,E>S,0.48471690807906453,0.07444552194421006,20,0.0166465247687706
1754,S~E,0.44748880030195126,0.07019936581926936,20,0.01569705539492615
1754,S>E,0.49374660526848196,0.08144097186221075,20,0.018210754923755085
1754,S>>E,0.4888259102656051,0.08956134012276032,20,0.02002652446704714
1755,E>>S,0.4919049909509658,0.12164791657185911,20,0.027201301077590015
1755,E>S,0.4718287768556294,0.1005631369684084,20,0.02248660102919833
1755,S~E,0.4492124155581544,0.08113356895800387,20,0.018142017544726344
1755,S>E,0.4896634536382101,0.08814213163411022,20,0.019709179801560506
1755,S>>E,0.46203337990902105,0.09890788691173731,20,0.022116475864550636
1756,E>>S,0.4905895675920151,0.11718074325042785,20,0.026202410756190633
1756,E>S,0.5020757182027414,0.08332825997084767,20,0.018632765374159
1756,S~E,0.46031099543703957,0.08343417901832063,20,0.01865644959318516
1756,S>E,0.45867943395709787,0.08768761365634564,20,0.019607546492032772
1756,S>>E,0.45751058577018855,0.1065573879826257,20,0.023826956303397026
1757,E>>S,0.5081544510904201,0.11512363656349109,20,0.025742427717294635
1757,E>S,0.4767860158464089,0.09147152160756711,20,0.02045365403198609
1757,S~E,0.4402835136631498,0.10605376734391748,20,0.02371434330509468
1757,S>E,0.4928705113288202,0.09179651374854372,20,0.020526324483923778
1757,S>>E,0.4791784181829942,0.10106516004492642,20,0.022598856801735116
1758,E>>S,0.48981254304647387,0.11418714182823853,20,0.025533021128435095
1758,E>S,0.4716460529331898,0.08779010839042792,20,0.019630465011307146
1758,S~E,0.4613837504988087,0.06814292626552389,20,0.015237221531546729
1758,S>E,0.49310372409664155,0.08971253839107265,20,0.020060333427649808
1758,S>>E,0.48058187452231926,0.08544475894508456,20,0.01910602893222923
1759,E>>S,0.45182030238439913,0.11930984725766128,20,0.026678492885324746
1759,E>S,0.4466879697891958,0.08749140276766347,20,0.019563672403530876
1759,S~E,0.44243259638109916,0.088375829653095,20,0.019761436267226207
1759,S>E,0.5103983382010098,0.08648415179712998,20,0.01933844423947932
1759,S>>E,0.5155336047464332,0.09796775080103902,20,0.02190625503938827
1760,E>>S,0.4809486457888582,0.09239989560861162,20,0.020661244769473987
1760,E>S,0.46353148101491043,0.09301020323482884,20,0.02079771370341481
1760,S~E,0.4605294714374053,0.08330080168955824,20,0.018626625515808154
1760,S>E,0.47897656322107096,0.0674323178835963,20,0.015078324666809606
1760,S>>E,0.4986561607998648,0.0759152669201623,20,0.0169751697363524
1761,E>>S,0.48252639864753216,0.10593265963952483,20,0.023687262799132587
1761,E>S,0.4408107909258199,0.09507080246301781,20,0.021258477698276226
1761,S~E,0.4457392742975711,0.08919729400467166,20,0.019945121280348026
1761,S>E,0.4887579215284039,0.10422570149334093,20,0.023305575354171163
1761,S>>E,0.4880977389444503,0.10201580670230591,20,0.022811427856583466
1762,E>>S,0.4883117258517694,0.10504053834733812,20,0.023487778413782145
1762,E>S,0.4548343983759998,0.0955351931702235,20,0.02136231861721934
1762,S~E,0.4529603082268701,0.0757680051653018,20,0.016942241006917002
1762,S>E,0.4826862499143362,0.08926657776211833,20,0.01996061359948676
1762,S>>E,0.4857166463901784,0.09242090835463421,20,0.02066594336232403
1763,E>>S,0.4865944276618075,0.10371720780227352,20,0.023191872708235514
1763,E>S,0.4657378251222373,0.0895413038676345,20,0.020022044224199554
1763,S~E,0.44639913959233873,0.07461596583116469,20,0.016684637180528584
1763,S>E,0.4886192858780983,0.07898823912162455,20,0.017662307209896075
1763,S>>E,0.4718093244282744,0.08760075700055484,20,0.01958812475336812
1764,E>>S,0.503727111884617,0.12105178404584314,20,0.027068001792412977
1764,E>S,0.4856263299756356,0.07656728699648792,20,0.01712096585768827
1764,S~E,0.43234951680212924,0.07870449915929738,20,0.017598861025526397
1764,S>E,0.48474678170254004,0.09167399355344069,20,0.020498928135437088
1764,S>>E,0.4634179641649799,0.11278905138440977,20,0.0252203986013257
1765,E>>S,0.4846358202126271,0.11151371661465768,20,0.02493522507740223
1765,E>S,0.45944161140680995,0.08411691822369825,20,0.018809114720598014
1765,S~E,0.44626121193778323,0.07991003590024251,20,0.017868427235739084
1765,S>E,0.5007842862014462,0.07710568982760356,20,0.01724135639065356
1765,S>>E,0.505965782499037,0.09837056169948599,20,0.02199632629448879
1766,E>>S,0.46391653354246654,0.11210843277595901,20,0.02506820765380098
1766,E>S,0.4701893251713332,0.07374285359379866,20,0.016489403349054847
1766,S~E,0.4456215739375707,0.08811173429331379,20,0.0197023827495249
1766,S>E,0.4948434782553986,0.09301726099962489,20,0.020799291867600128
1766,S>>E,0.4796478666069201,0.0833554694539285,20,0.018638849599539136
1767,E>>S,0.4885090516750671,0.11225779442766355,20,0.025101605934445277
1767,E>S,0.48278674575445046,0.07644112669677727,20,0.017092755557066793
1767,S~E,0.4532553816415451,0.08458029968457113,20,0.018912729965200506
1767,S>E,0.4852371095826994,0.09740450754733272,20,0.021780310019072727
1767,S>>E,0.4738348985863149,0.11712956529058244,20,0.026190967016474224
1768,E>>S,0.49465127394792263,0.12203270846671105,20,0.027287343160998002
1768,E>S,0.4871157706527015,0.11232581192824148,20,0.025116815109940467
1768,S~E,0.4563210699101245,0.08457053347242958,20,0.01891054617377739
1768,S>E,0.4776562689690512,0.09300098508253164,20,0.02079565246189846
1768,S>>E,0.4764203450300665,0.12078930616088951,20,0.02700930995307831
1769,E>>S,0.48656732770616323,0.11475454242939942,20,0.025659895759902095
1769,E>S,0.4364264622221099,0.10393268323131111,20,0.023240054478916413
1769,S~E,0.4579363649367858,0.07861122276479732,20,0.017578003789646576
1769,S>E,0.48722522979631544,0.09769376776161537,20,0.02184499056930494
1769,S>>E,0.4916666375353012,0.14262142874974074,20,0.03189112097325631
1770,E>>S,0.48462232159526825,0.10251644770245114,20,0.022923374587448288
1770,E>S,0.4597186165199728,0.07843095675469355,20,0.017537695084384106
1770,S~E,0.44749388111718263,0.07868226759300723,20,0.017593889896179292
1770,S>E,0.479120628413724,0.07208338585657094,20,0.016118335082363953
1770,S>>E,0.47819324675083746,0.09242829067391284,20,0.020667594099097894
1771,E>>S,0.49365219409328526,0.11985778154847758,20,0.026801014717471587
1771,E>S,0.4687311793043244,0.06771656950461874,20,0.015141885261541676
1771,S~E,0.4476634821341432,0.07223883750509215,20,0.016153095127694736
1771,S>E,0.47561826826290804,0.08760582193337389,20,0.019589257306776606
1771,S>>E,0.45488500119274605,0.10995040289577389,20,0.024585657502844013
1772,E>>S,0.4984652128163945,0.10237316612163846,20,0.02289133585198621
1772,E>S,0.465493069447562,0.059059370598694545,20,0.013206076736703345
1772,S~E,0.46765083315224,0.09753856503675498,20,0.02181028618499684
1772,S>E,0.46847598225858667,0.07113137431252799,20,0.015905458829579493
1772,S>>E,0.4632760466735789,0.12330065707727898,20,0.027570865089518632
1773,E>>S,0.49645548632417613,0.09674860729908542,20,0.021633646264918732
1773,E>S,0.4791728302753646,0.08973313561168658,20,0.020064939106193835
1773,S~E,0.44952171665785745,0.06988376151229658,20,0.015626484126487865
1773,S>E,0.46364400252242993,0.09624700490847114,20,0.02152148456060974
1773,S>>E,0.45965415986864605,0.09440205809603756,20,0.021108941911862435
1774,E>>S,0.457336303203211,0.09436700852762078,20,0.02110110459010624
1774,E>S,0.4499862368760531,0.10723030084248092,20,0.023977424193154028
1774,S~E,0.45727967104750933,0.08523788731991148,20,0.019059771030578942
1774,S>E,0.49700531105706364,0.1038007136221291,20,0.023210545177206908
1774,S>>E,0.4835859640974981,0.09638277425372146,20,0.021551843509133774
1775,E>>S,0.46876933276660937,0.08582234341791939,20,0.019190459387079938
1775,E>S,0.4546384236927362,0.08707085650700204,20,0.019469635400878645
1775,S~E,0.43130480310151376,0.08831591233683693,20,0.01974803834800797
1775,S>E,0.482837615492029,0.07283827324432286,20,0.016287133033801006
1775,S>>E,0.509121678456361,0.08193169025350375,20,0.018320482891829134
1776,E>>S,0.508898298008974,0.12779474886240297,20,0.028575774562384693
1776,E>S,0.4676372103422984,0.08639984244235788,20,0.019319592094638367
1776,S~E,0.45315830387323947,0.08231118540878175,20,0.01840534058826248
1776,S>E,0.4774669953945829,0.08771980989879978,20,0.019614745790707523
1776,S>>E,0.470890682476652,0.07597395694826112,20,0.016988293225595433
1777,E>>S,0.4761334709937777,0.10766912042009637,20,0.02407554723369462
1777,E>S,0.447906212460663,0.08954553152316636,20,0.020022989556715023
1777,S~E,0.4259770523156813,0.07617401401262577,20,0.017033027345125275
1777,S>E,0.5084806047334789,0.07905640588618788,20,0.01767754976183306
1777,S>>E,0.49500013448662206,0.10271482702389938,20,0.02296773355225714
1778,E>>S,0.48190438341416153,0.10059906117560685,20,0.022494633926131682
1778,E>S,0.4711048679091207,0.07293520335185827,20,0.016308807264752558
1778,S~E,0.4296229819931813,0.07991240797552528,20,0.017868957647897084
1778,S>E,0.48232928164331135,0.07645329448607843,20,0.017095476357468123
1778,S>>E,0.48973099631516315,0.11280866506108235,20,0.02522478435275856
1779,E>>S,0.48270550103213905,0.11033162297761019,20,0.024670900904581412
1779,E>S,0.47400495868672465,0.08823406323377589,20,0.01972973633217378
1779,S~E,0.4564231217605312,0.07218339677928871,20,0.016140698204532893
1779,S>E,0.46844450506712076,0.09161958181682525,20,0.020486761301252494
1779,S>>E,0.4902798716322739,0.11901775683200935,20,0.026613179480591293
1780,E>>S,0.48102510708772117,0.11497479879778268,20,0.025709146581120314
1780,E>S,0.44579976864746024,0.0794831048434121,20,0.017772962549261223
1780,S~E,0.4341960016223407,0.08200594727094276,20,0.018337087265709137
1780,S>E,0.4896319455066501,0.10577108039543623,20,0.023651132581779075
1780,S>>E,0.48312506543103184,0.09452460624834967,20,0.021136344511771123
1781,E>>S,0.47268419793165817,0.10997387021978165,20,0.02459090495601715
1781,E>S,0.4722516210981057,0.08510983973190424,20,0.019031138719465036
1781,S~E,0.4529197998498035,0.08337234053529888,20,0.018642622088018947
1781,S>E,0.48942066702560283,0.10989306509219639,20,0.02457283638019603
1781,S>>E,0.4726274792048889,0.08033531659892411,20,0.01796352289091615
1782,E>>S,0.4755892125901853,0.10211118224998623,20,0.022832754477383914
1782,E>S,0.4591762901052737,0.07783508869597519,20,0.0174044549358926
1782,S~E,0.4543616842347803,0.07705275762133197,20,0.017229520389511328
1782,S>E,0.4714569605595503,0.11056832015277962,20,0.024723828001957514
1782,S>>E,0.47742603759704194,0.08445702020652632,20,0.018885163835886617
1783,E>>S,0.47657017342995206,0.11379738141885765,20,0.025445868051403715
1783,E>S,0.46200827799810484,0.10258366015166746,20,0.02293840374798648
1783,S~E,0.4343043248168363,0.10946966721099088,20,0.024478161735805543
1783,S>E,0.5102387844365053,0.09786222077165249,20,0.02188265780745069
1783,S>>E,0.509529965240867,0.146876629571683,20,0.0328426128028339
1784,E>>S,0.49866784205530135,0.09901053414706817,20,0.02213942848414086
1784,E>S,0.464138587161104,0.09076086846561894,20,0.020294747158604097
1784,S~E,0.4577735016145227,0.08296487569760487,20,0.018551510180466475
1784,S>E,0.4761097883360838,0.06893387813135796,20,0.015414083745440257
1784,S>>E,0.469988113869817,0.09696265809080305,20,0.021681509477010558
1785,E>>S,0.46520264651464516,0.10333513435004348,20,0.023106438487077073
1785,E>S,0.45517839502175167,0.08274487293916329,20,0.01850231606815519
1785,S~E,0.4512673523512388,0.0725513989064153,20,0.016222985981744847
1785,S>E,0.4798061320526279,0.07336844152991188,20,0.016405682266410163
1785,S>>E,0.47154702112631375,0.08337223284236386,20,0.01864259800714661
1786,E>>S,0.48280171654926607,0.11302570549313111,20,0.025273316068751255
1786,E>S,0.468230608563332,0.07815328582953907,20,0.017475605977982037
1786,S~E,0.4444929830634356,0.07796095783087974,20,0.017432600130084165
1786,S>E,0.4809669833096333,0.08721005993352483,20,0.01950076223331923
1786,S>>E,0.4954781008514029,0.09340902059161982,20,0.02088689197545395
1787,E>>S,0.4769584399085832,0.11497750884529397,20,0.025709752566166064
1787,E>S,0.46562110062590334,0.07927734837525846,20,0.017726954004301042
1787,S~E,0.4475213671312092,0.07526325646357745,20,0.01682937576605596
1787,S>E,0.48124055549600886,0.10013409508724906,20,0.02239066434805166
1787,S>>E,0.47906308510346507,0.09870235669892731,20,0.02207051791182332
1788,E>>S,0.48024859359829264,0.1282456833253764,20,0.028676606573645288
1788,E>S,0.45596435340756347,0.08272878209969281,20,0.01849871804706809
1788,S~E,0.4674131678049463,0.07976806548679437,20,0.017836681686212705
1788,S>E,0.47927402818605047,0.08935267105027551,20,0.019979864643959358
1788,S>>E,0.4964724449416125,0.11401137101876853,20,0.025493717580591588
1789,E>>S,0.4548885709466314,0.1023627700842806,20,0.02288901122736333
1789,E>S,0.4589195018155884,0.09868371164139156,20,0.022066348750213887
1789,S~E,0.42934959373097775,0.08147508700784878,20,0.01821838330222598
1789,S>E,0.4969777678078141,0.08396579655636256,20,0.018775322888494442
1789,S>>E,0.5096738052530274,0.1394812454000801,20,0.031188954630090897
1790,E>>S,0.48337518594099027,0.14262970794759164,20,0.03189297225817569
1790,E>S,0.4561938324029546,0.08448254284989391,20,0.01889087087244016
1790,S~E,0.46246239646228293,0.08615205823535337,20,0.01926418586157707
1790,S>E,0.48209601308784694,0.08188649268823171,20,0.01831037640899256
1790,S>>E,0.4784352676037609,0.09196915375596301,20,0.02056492796314634
1791,E>>S,0.49072301976311355,0.10482487177483925,20,0.023439553902123957
1791,E>S,0.4682111175557779,0.08502050122287132,20,0.019011162021544424
1791,S~E,0.4721756125273241,0.08712340717404154,20,0.019481386087254974
1791,S>E,0.46481685195708194,0.08961054318748661,20,0.020037526606790073
1791,S>>E,0.47077795806257505,0.11638054059057633,20,0.026023480001870217
1792,E>>S,0.5209002443590182,0.13639705336463462,20,0.03049930832539894
1792,E>S,0.460539929640153,0.08543645296915763,20,0.01910417165955002
1792,S~E,0.4597197988460917,0.08391747765394011,20,0.018764518453452967
1792,S>E,0.4870113932605672,0.08526629627783876,20,0.019066123466688473
1792,S>>E,0.4441409531009553,0.0882457330376362,20,0.019732345779645357
1793,E>>S,0.4864828850153288,0.12132403534325373,20,0.027128879033210235
1793,E>S,0.46068760756335747,0.10088897930380948,20,0.02255946159038874
1793,S~E,0.43026496038754536,0.07576002431125553,20,0.016940456433700405
1793,S>E,0.47883608748437956,0.08173917066349294,20,0.01827743420280268
1793,S>>E,0.5005575290239029,0.10641013640578731,20,0.023794029849836557
1794,E>>S,0.47524461116818006,0.11713516952432965,20,0.02619222016123628
1794,E>S,0.44724333590758986,0.06417830563862645,20,0.014350705408872679
1794,S~E,0.4346168420603422,0.06142466662771404,20,0.013734973007483137
1794,S>E,0.49736425697647946,0.09112062880644409,20,0.020375192016373448
1794,S>>E,0.480947754575433,0.10265679364643536,20,0.022954756894559798
1795,E>>S,0.4947443260907395,0.0815807913285111,20,0.01824201950687762
1795,E>S,0.45889056801707245,0.06264488778984051,20,0.014007822754092993
1795,S~E,0.4388348405658755,0.0816337097199656,20,0.01825385241893284
1795,S>E,0.48506638541442265,0.10099381018117752,20,0.022582902487182328
1795,S>>E,0.494480589276848,0.08679408919050037,20,0.01940774834751385
1796,E>>S,0.49214957358575917,0.09027032588376131,20,0.020185058502714907
1796,E>S,0.4875952891731388,0.08704958299467147,20,0.019464878498909512
1796,S~E,0.45075617188210426,0.09013887170594571,20,0.020155664454962703
1796,S>E,0.4814200068285233,0.08345632673885378,20,0.01866140197405104
1796,S>>E,0.45958188757107854,0.12212285938757289,20,0.02730750151972613
1797,E>>S,0.5021480824598769,0.11368662049361869,20,0.02542110115559521
1797,E>S,0.46303836384627395,0.08096439881151345,20,0.018104189949994725
1797,S~E,0.4436543306479817,0.06841953964179719,20,0.015299074162830011
1797,S>E,0.4763659377564138,0.08137471952232946,20,0.018195940450190788
1797,S>>E,0.461412809037124,0.10565785571946795,20,0.02362581477455953
1798,E>>S,0.4952801150656915,0.08955051578418077,20,0.02002410407135961
1798,E>S,0.43958214314193966,0.09906732921087426,20,0.022152128246486543
1798,S~E,0.4349333256872815,0.07993309202922595,20,0.017873582742909584
1798,S>E,0.4867713431162251,0.08185583780740192,20,0.018303521769254802
1798,S>>E,0.48242018649194085,0.09259775390642547,20,0.020705487229856403
1799,E>>S,0.48303521678785993,0.11392558750656141,20,0.02547453580412721
1799,E>S,0.4817191477361332,0.09986523520609873,20,0.022330545450984198
1799,S~E,0.4405974413888079,0.0727359942421337,20,0.016264262753644423
1799,S>E,0.47997793792682586,0.08514575003651882,20,0.019039168507686128
1799,S>>E,0.46993278786071996,0.08486255607020228,20,0.01897584441173597
1800,E>>S,0.48372044810334447,0.09435697244347195,20,0.02109886045346777
1800,E>S,0.4765096729264589,0.08879355051380662,20,0.019854841491243298
1800,S~E,0.4501138563358242,0.06654687792388156,20,0.014880334272817923
1800,S>E,0.4790570427827481,0.08295256204430908,20,0.0185487567638844
1800,S>>E,0.4703740995363813,0.09212374104818616,20,0.020599494732533197
1801,E>>S,0.47315909876732903,0.11101222179785067,20,0.0248230874273278
1801,E>S,0.47756461127613886,0.10236401476797553,20,0.022889289547098565
1801,S~E,0.46310676603112694,0.08539458432272298,20,0.019094809545594643
1801,S>E,0.48533769697452545,0.08077797833787549,20,0.018062505064849507
1801,S>>E,0.46508015072850695,0.09260430505435029,20,0.02070695211106546
1802,E>>S,0.4950060632238623,0.0972976754877121,20,0.021756421644323922
1802,E>S,0.4512661936573939,0.09615637581477242,20,0.021501219279184785
1802,S~E,0.454484700172386,0.0787960386278421,20,0.017619329872955416
1802,S>E,0.48564561896212693,0.07676791670719917,20,0.017165828024833914
1802,S>>E,0.47750797231238123,0.0928459773563189,20,0.020760991680613527
1803,E>>S,0.4837396775663638,0.10549872033501861,20,0.023590231020834098
1803,E>S,0.4487934058688773,0.08013408162501412,20,0.017918525382804838
1803,S~E,0.42889742323839997,0.10009786520385364,20,0.022382563099842757
1803,S>E,0.4914433961180281,0.10160519019670854,20,0.02271961121466355
1803,S>>E,0.4734870144355667,0.08263725505003226,20,0.01847825197658599
1804,E>>S,0.47456248691706787,0.12487863504875447,20,0.027923711690640275
1804,E>S,0.46072214916919735,0.08043348165683126,20,0.01798547326516571
1804,S~E,0.4475812359490277,0.09609920619809269,20,0.021488435764270435
1804,S>E,0.48151479468300823,0.09445490895172821,20,0.021120759722461767
1804,S>>E,0.4522950123001202,0.08907855333426262,20,0.019918570059275175
1805,E>>S,0.5003260943522162,0.11054662773692196,20,0.024718977430312122
1805,E>S,0.4596650016944054,0.08143378121955423,20,0.0182091470471769
1805,S~E,0.4352078266259916,0.06319096639316552,20,0.014129929641902279
1805,S>E,0.49269697313151123,0.08207760405385353,20,0.01835311020947288
1805,S>>E,0.46789025388553673,0.12273233514974288,20,0.02744378444321119
1806,E>>S,0.4953303385479685,0.1086589216710641,20,0.024296873521832435
1806,E>S,0.4657747502095721,0.09067314734987181,20,0.020275132120816827
1806,S~E,0.4265583231902503,0.08026239459969399,20,0.017947217036182777
1806,S>E,0.4819189745076694,0.10356014881172927,20,0.02315675325030207
1806,S>>E,0.4969369111293858,0.10087113541220091,20,0.02255547157492675
1807,E>>S,0.5008227526826801,0.08870681605761187,20,0.019835447077239002
1807,E>S,0.4755097327475063,0.08726540353275226,20,0.019513137438318433
1807,S~E,0.47174848012561127,0.10431068467990239,20,0.02332457817238076
1807,S>E,0.47996977395497903,0.0850933295666232,20,0.01902744693427622
1807,S>>E,0.452460663232633,0.08438690065832247,20,0.018869484628253077
1808,E>>S,0.4857620346193598,0.10111526999050105,20,0.022610061726200486
1808,E>S,0.47568457588774515,0.08649821618229746,20,0.019341589131608945
1808,S~E,0.45563854717347396,0.08860042012839152,20,0.019811656224212406
1808,S>E,0.47318626646003653,0.07693397239326692,20,0.0172029592050437
1808,S>>E,0.4979320620323072,0.10525317797263707,20,0.02353532607947
1809,E>>S,0.479341541130868,0.10080216523312817,20,0.022540049374044052
1809,E>S,0.48420115625343607,0.07513888635257877,20,0.016801565763799736
1809,S~E,0.4395487389380768,0.07575620589698513,20,0.016939602610312916
1809,S>E,0.48077634960105353,0.07872217624923739,20,0.017602813743001423
1809,S>>E,0.4641548617753988,0.10933748847589868,20,0.02444860567212093
1810,E>>S,0.4741173892283526,0.08205177479335074,20,0.0183473346112436
1810,E>S,0.44888545598896856,0.07474208162055067,20,0.01671283752833889
1810,S~E,0.4527693300168679,0.08724083465092272,20,0.019507643669328233
1810,S>E,0.4818148717470628,0.08795038915017041,20,0.0196663048787341
1810,S>>E,0.463251192870869,0.08799287892154291,20,0.01967580588044783
1811,E>>S,0.4903638323314411,0.09745427730154957,20,0.02179143887443796
1811,E>S,0.47222673364288764,0.11987110846971151,20,0.02680399470765257
1811,S~E,0.44189797039123163,0.0737967282996321,20,0.016501450099505984
1811,S>E,0.4928079347465492,0.08365593721529775,20,0.01870603623348602
1811,S>>E,0.48796478547687683,0.11457015420091926,20,0.025618665298588854
1812,E>>S,0.4831025754086856,0.1261572787792739,20,0.02820962512068481
1812,E>S,0.4587339871979334,0.08838363894804374,20,0.01976318247866238
1812,S~E,0.447444087193522,0.07142920934772815,20,0.015972056768058355
1812,S>E,0.46597876211683287,0.09773271981397649,20,0.021853700512999202
1812,S>>E,0.48649844900739325,0.09089816011968099,20,0.02032544650572671
1813,E>>S,0.4781422224049998,0.09298957636394828,20,0.020793101394869607
1813,E>S,0.44222535171614175,0.0916302711866006,20,0.020489151516997924
1813,S~E,0.45917372713452764,0.09087582922167414,20,0.020320453165132518
1813,S>E,0.49464870254653726,0.09115625493951268,20,0.02038315826190513
1813,S>>E,0.47826341662257105,0.07472441788763298,20,0.016708887797584858
1814,E>>S,0.47870949495388004,0.11851382793896674,20,0.02650049755452434
1814,E>S,0.45724153846856536,0.07906661645367556,20,0.01767983291413219
1814,S~E,0.442168116547564,0.07243134796322873,20,0.016196141774772035
1814,S>E,0.4831897665720568,0.09615723954502021,20,0.021501412415139615
1814,S>>E,0.4744518617386565,0.08640942540746974,20,0.01932173491077998
1815,E>>S,0.5073947398199323,0.11735769344887913,20,0.026241978023427547
1815,E>S,0.4893875132868836,0.08638927460470505,20,0.019317229054301676
1815,S~E,0.4425772998005547,0.07650699415687386,20,0.017107483968894915
1815,S>E,0.4757926135029732,0.07483227415636637,20,0.016733005192453593
1815,S>>E,0.45167029861614133,0.08612475739570429,20,0.019258081208247253
1816,E>>S,0.47895097006570186,0.12332560030376945,20,0.02757644256451972
1816,E>S,0.49124870290848544,0.09596862796619914,20,0.021459237583980866
1816,S~E,0.4421121555700272,0.08086147239798933,20,0.018081174904262705
1816,S>E,0.476535520889096,0.07906599403494363,20,0.017679693737072684
1816,S>>E,0.4775748224240058,0.1068558051261878,20,0.023893684405262638
1817,E>>S,0.471881817028539,0.1204524765944907,20,0.026933992572348357
1817,E>S,0.46299405787670606,0.08249183175818751,20,0.018445734339978325
1817,S~E,0.47205234129380996,0.0779245855939593,20,0.017424467050659382
1817,S>E,0.46974134747487567,0.08125912763697629,20,0.01817009331886108
1817,S>>E,0.46743304149982645,0.0928211855517421,20,0.020755448064581666
1818,E>>S,0.479781291225058,0.08986261618762095,20,0.020093891843149345
1818,E>S,0.45701156688664124,0.07375681364742402,20,0.016492524911942433
1818,S~E,0.45392256921543145,0.08493911298474445,20,0.018992963058242364
1818,S>E,0.4803581714936985,0.08579391122448835,20,0.019184101755353816
1818,S>>E,0.5205177844096947,0.13777188051126932,20,0.030806729021117665
1819,E>>S,0.48437918192760787,0.12621524410102447,20,0.028222586560662004
1819,E>S,0.45741105309340274,0.10689390754370992,20,0.023902204364831293
1819,S~E,0.44603926589666026,0.08407818684346836,20,0.018800454120692374
1819,S>E,0.4805858198543005,0.07218367739118944,20,0.016140760951261428
1819,S>>E,0.4735640962485766,0.08100995321426546,20,0.018114376224117514
1820,E>>S,0.5049889519572147,0.0967986630583129,20,0.02164483907294853
1820,E>S,0.46444614713786603,0.07187563991895894,20,0.016071881678508967
1820,S~E,0.4336618594797711,0.08086134723745896,20,0.018081146917517305
1820,S>E,0.4941415273285236,0.09414509827839578,20,0.021051483949889135
1820,S>>E,0.4676780461539624,0.11409507844336327,20,0.025512435129753114
1821,E>>S,0.485418674417933,0.09489945391204527,20,0.021220162997494154
1821,E>S,0.4749347965395233,0.09998973300369786,20,0.02235838400483226
1821,S~E,0.4487714843255743,0.07793001530039244,20,0.01742568116992762
1821,S>E,0.47670492688632926,0.0815215662436572,20,0.018228776375306965
1821,S>>E,0.4773152237425295,0.10093997434015176,20,0.022570864427166378
1822,E>>S,0.47402708279540395,0.0849488857116164,20,0.018995148306403486
1822,E>S,0.4638206731908346,0.09581421897894019,20,0.021424710684796074
1822,S~E,0.4550670643604269,0.09253501015244334,20,0.02069145729994965
1822,S>E,0.4857446166968805,0.07363884930949453,20,0.016466147284089322
1822,S>>E,0.48284849308998234,0.09294870081000216,20,0.020783961343145457
1823,E>>S,0.4734114863455102,0.15951011746131669,20,0.035667546574248025
1823,E>S,0.4559581829387092,0.0768990990727251,20,0.017195161293510435
1823,S~E,0.43720017195443706,0.08489263817173212,20,0.018982570974128646
1823,S>E,0.4774904577513368,0.10789387346762702,20,0.024125803542937495
1823,S>>E,0.5007143821902555,0.1269175689762339,20,0.02837963117698774
1824,E>>S,0.4932949752662298,0.08560001462587831,20,0.019140745157844013
1824,E>S,0.467895330158455,0.06234133151158692,20,0.013939945506775806
1824,S~E,0.42733372179932827,0.08081705160506807,20,0.018071242113004066
1824,S>E,0.47908817765681605,0.07649575046340279,20,0.017104969802602968
1824,S>>E,0.4733856645866613,0.08334896181080788,20,0.018637394446300037
1825,E>>S,0.45822478293219027,0.07874399789633026,20,0.01760769321162949
1825,E>S,0.46549456479965456,0.08302563461182855,20,0.018565096286710797
1825,S~E,0.4188189533055513,0.08282678035736818,20,0.018520631123651956
1825,S>E,0.4938779715654735,0.1025545159410844,20,0.022931886904385055
1825,S>>E,0.47066154606778826,0.11280931607763765,20,0.025224929924485773
1826,E>>S,0.47669101352136123,0.09742811952389915,20,0.021785589817541293
1826,E>S,0.4612290646547483,0.08005908568480777,20,0.017901755780771047
1826,S~E,0.43289808857575407,0.07408088604280297,20,0.016564989702512283
1826,S>E,0.49079530530522214,0.08813200472001127,20,0.019706915354727753
1826,S>>E,0.4685014894696343,0.08722642985978361,20,0.01950442266010936
1827,E>>S,0.48061056300180366,0.11127534051073615,20,0.024881922560144216
1827,E>S,0.4619861196074721,0.09622597061449711,20,0.021516781149491276
1827,S~E,0.44337298769983535,0.09360715810879051,20,0.02093119687118262
1827,S>E,0.48393467311722765,0.09080872549379947,20,0.020305448315425377
1827,S>>E,0.4468780493109543,0.08398059025225954,20,0.018778630859460854
1828,E>>S,0.47857778330502,0.08084778690328069,20,0.018078114734615285
1828,E>S,0.4546118617271528,0.08100821649544526,20,0.018113987881983536
1828,S~E,0.4351678223770312,0.07524103548615163,20,0.016824407004450898
1828,S>E,0.47984923502786225,0.08601326435097614,20,0.0192331506055442
1828,S>>E,0.4794414290823215,0.07906454670059328,20,0.017679370103273327
1829,E>>S,0.4704000125266955,0.09910623773288059,20,0.022160828456497562
1829,E>S,0.45799993094376845,0.06618221171419307,20,0.014798792429421857
1829,S~E,0.42293211340712933,0.08419415000237314,20,0.01882638427131204
1829,S>E,0.47482187458624975,0.09066961254509323,20,0.020274341714439616
1829,S>>E,0.49354348058086206,0.11264522726969872,20,0.025188238551595937
1830,E>>S,0.4824057607469797,0.08416384164175966,20,0.01881960711585021
1830,E>S,0.46757672395927424,0.07849014724985093,20,0.017550930481463483
1830,S~E,0.4319515342692875,0.08165039772286506,20,0.01825758396982203
1830,S>E,0.4702678326843728,0.08123578530608312,20,0.018164873814998043
1830,S>>E,0.4834517416336087,0.10132417626468744,20,0.022656774589201182
1831,E>>S,0.4710712524695735,0.10596596413221018,20,0.02369470991009265
1831,E>S,0.4587114079855222,0.08978040792672026,20,0.020075509517180744
1831,S~E,0.4436006411973449,0.09004767624669362,20,0.020135272530350003
1831,S>E,0.48883553250432515,0.11115692850310409,20,0.024855444830302467
1831,S>>E,0.5006530675128148,0.13686859340693736,20,0.030604747884269146
1832,E>>S,0.48917688961812367,0.09975056307773666,20,0.02230490398356998
1832,E>S,0.46389710538074125,0.09028677006131637,20,0.020188735532599623
1832,S~E,0.4283261735488889,0.06024330672591031,20,0.013470812902850572
1832,S>E,0.48989746634534975,0.11293892952820432,20,0.025253912373112312
1832,S>>E,0.4660234591489146,0.08828828697141847,20,0.01974186112851007
1833,E>>S,0.49585407940978915,0.10790210938037331,20,0.024127645149013242
1833,E>S,0.47124288859705155,0.08597890222261804,20,0.01922546700005817
1833,S~E,0.44709666082943594,0.07835056321884716,20,0.017519718543273697
1833,S>E,0.456678509293718,0.0758168287097623,20,0.016953158283348615
1833,S>>E,0.453238485818257,0.11994385541088286,20,0.026820261418214003
1834,E>>S,0.4674763951115023,0.13511316285083624,20,0.03021222167894691
1834,E>S,0.4599487368987651,0.0807618241216587,20,0.01805889287229111
1834,S~E,0.43413591284039266,0.0650021643859078,20,0.014534925825150572
1834,S>E,0.4950998226524753,0.09775431119285392,20,0.021858528492088993
1834,S>>E,0.490088737855013,0.1164895102851147,20,0.026047846366317736
1835,E>>S,0.4758689475451825,0.09760976737819671,20,0.021826207512558926
1835,E>S,0.48026430841544177,0.08269949305155969,20,0.018492168816805897
1835,S~E,0.43997798560547385,0.07250802868939875,20,0.016213288106400058
1835,S>E,0.4858716989531146,0.1001270549358315,20,0.02238909012233751
1835,S>>E,0.4796695256521083,0.08332961328288963,20,0.01863306798393106
1836,E>>S,0.47904598340122984,0.11545203022612767,20,0.025815858772598187
1836,E>S,0.45609957084712294,0.06379718299451094,20,0.014265483794872004
1836,S~E,0.4502676494791957,0.07587866779120711,20,0.016966985922326292
1836,S>E,0.48165422144564796,0.0954339379661212,20,0.0213396772652745
1836,S>>E,0.49040994082864797,0.15801985544937605,20,0.035334313857949544
1837,E>>S,0.4628701311839558,0.09206395126024247,20,0.02058612532951296
1837,E>S,0.45503739465222093,0.09158289414440716,20,0.020478557688306184
1837,S~E,0.46264115043834053,0.09895899298455145,20,0.02212790352983818
1837,S>E,0.4806614869244129,0.07770856291897006,20,0.017376162912063654
1837,S>>E,0.48525427020422435,0.07807969045067614,20,0.017459149550985303
1838,E>>S,0.4909419740964064,0.1151266005759192,20,0.025743090490622175
1838,E>S,0.45186877778925555,0.10943977533811056,20,0.02447147770983202
1838,S~E,0.4621528830637106,0.06656396949560844,20,0.014884156064440286
1838,S>E,0.47072785576572135,0.08130904870903038,20,0.018181256009923347
1838,S>>E,0.4530772427434925,0.09997015786922653,20,0.022354006871697602
1839,E>>S,0.47258534693013876,0.07761951381245208,20,0.01735625092651267
1839,E>S,0.4820735931341469,0.09821133530274695,20,0.021960722189796705
1839,S~E,0.4379378277281251,0.06747536561304308,20,0.01508795043174161
1839,S>E,0.4776359523232153,0.07924084956514232,20,0.017718792622249287
1839,S>>E,0.48944521722984097,0.12091606148360891,20,0.02703765330488936
1840,E>>S,0.5058401876570237,0.10489642213609432,20,0.023455553049282058
1840,E>S,0.46208457150048154,0.09892911593088494,20,0.02212122281754161
1840,S~E,0.4445084198217909,0.06127874835028606,20,0.013702344688734271
1840,S>E,0.49637339162651883,0.07552581973339842,20,0.01688808669802739
1840,S>>E,0.46686750752664397,0.09648914279518758,20,0.02157562823807235
1841,E>>S,0.4770648856895945,0.12026408620303627,20,0.026891867200188366
1841,E>S,0.4804683424443395,0.08743022981264566,20,0.019549993714950437
1841,S~E,0.44819174481701135,0.07724145822570215,20,0.01727171512738803
1841,S>E,0.5044732805310644,0.09894697073688032,20,0.022125215273534685
1841,S>>E,0.4540419149616642,0.11509068232694032,20,0.025735058925987223
1842,E>>S,0.4927903622170451,0.1251209697196031,20,0.027977899370372532
1842,E>S,0.4731279227750054,0.07757210350930367,20,0.0173456496604453
1842,S~E,0.4486399304274532,0.07376040106503466,20,0.016493327082906538
1842,S>E,0.49881530585672945,0.08653886427303584,20,0.019350678321013604
1842,S>>E,0.46160915658209706,0.09592935755826701,20,0.021450456453816828
1843,E>>S,0.4970877737771381,0.10943421884390828,20,0.024470235239956735
1843,E>S,0.48341862603731744,0.08564721740603702,20,0.0191513000203602
1843,S~E,0.44220919230464595,0.0854629712420402,20,0.01911010132563115
1843,S>E,0.4873018326491774,0.09228194213823417,20,0.020634869571679388
1843,S>>E,0.4767541393813895,0.09384932301312639,20,0.020985346589968597
1844,E>>S,0.49419807031431684,0.09126532063622299,20,0.020407546093090895
1844,E>S,0.47333557647805263,0.11722075447183898,20,0.02621135753728444
1844,S~E,0.4504562675193964,0.08031287535370461,20,0.0179585048759351
1844,S>E,0.488685281221943,0.09153360101291258,20,0.020467535409021614
1844,S>>E,0.4900950034262113,0.0995925273291243,20,0.022269566115892748
1845,E>>S,0.4736279131012596,0.10372273577910487,20,0.02319310880143281
1845,E>S,0.4697334391864717,0.09022899106164266,20,0.02017581575550539
1845,S~E,0.433556804065662,0.09373920850620518,20,0.020960724237690128
1845,S>E,0.4823288835561437,0.09471318796467329,20,0.02117851266547244
1845,S>>E,0.5076937195546335,0.13836924549731963,20,0.03094030389273634
1846,E>>S,0.48431131409013195,0.1064463618788759,20,0.023802130111870875
1846,E>S,0.4537590042686648,0.08627249336741838,20,0.019291115975794724
1846,S~E,0.45316190154522007,0.0757992104155666,20,0.016949218713001698
1846,S>E,0.49614199945028903,0.08502129038544505,20,0.01901133848366044
1846,S>>E,0.46636678658067315,0.11139857503259569,20,0.02490947863694948
1847,E>>S,0.4954859475275469,0.09131718941678774,20,0.020419144305016176
1847,E>S,0.4714075304382625,0.0973373620746747,20,0.021765295834948257
1847,S~E,0.45743935972061367,0.07642762097674397,20,0.01708973558625884
1847,S>E,0.4907115964664478,0.09957529453599698,20,0.02226571274620526
1847,S>>E,0.46562680085505015,0.1224252204423459,20,0.027375111506948227
1848,E>>S,0.4580721438406384,0.13950985184480777,20,0.03119535122559146
1848,E>S,0.4539319772259242,0.0788514737664756,20,0.01763172554678808
1848,S~E,0.45482034057868936,0.08968234817648102,20,0.020053582690441586
1848,S>E,0.4977744100989602,0.0974654326574263,20,0.021793933287843317
1848,S>>E,0.48459293933705877,0.10705583979147866,20,0.02393841351620732
1849,E>>S,0.4963129329341941,0.1265612451753841,20,0.028299954752917616
1849,E>S,0.48154390249042506,0.07279479704393284,20,0.016277411459853456
1849,S~E,0.4519890035119462,0.07440661948267593,20,0.016637825913922363
1849,S>E,0.48803800319628127,0.07117748634920393,20,0.01591576979443833
1849,S>>E,0.48257223655001147,0.07757731921116491,20,0.01734681592683651
1850,E>>S,0.47566711685145996,0.13039142685734995,20,0.029156409413622623
1850,E>S,0.4456930313008221,0.07822149156461958,20,0.017490857243991575
1850,S~E,0.45520418569120774,0.09227951342408242,20,0.020634326494685266
1850,S>E,0.4882435236804869,0.0972803328723142,20,0.02175254371763019
1850,S>>E,0.49281921582629085,0.09706489258263949,20,0.021704369804349703
1851,E>>S,0.4841435916688309,0.10486007030618501,20,0.023447424533003684
1851,E>S,0.449224466730631,0.09894517224298027,20,0.022124813118072923
1851,S~E,0.4685428269648814,0.06362084855717072,20,0.014226054216005314
1851,S>E,0.50320921418763,0.09175301231079938,20,0.02051659726673225
1851,S>>E,0.4800854768710737,0.12089267026711606,20,0.027032422869873916
1852,E>>S,0.4847632494129921,0.09946814942031776,20,0.02224175436999368
1852,E>S,0.47362886439877006,0.07736353501290098,20,0.017299012326853165
1852,S~E,0.45386679664184737,0.07267925478901512,20,0.016251575426226492
1852,S>E,0.48904916393787756,0.08023482231139999,20,0.017941051685090716
1852,S>>E,0.4656026265433549,0.09035529925502021,20,0.02020405912615613
1853,E>>S,0.49328301520788187,0.09208331132163809,20,0.020590454370845876
1853,E>S,0.4592581813635703,0.07510799311743427,20,0.016794657826416936
1853,S~E,0.4561042059890889,0.07790750627545716,20,0.017420647998941365
1853,S>E,0.4972006445858665,0.08830071868814891,20,0.0197446409448787
1853,S>>E,0.502032877911035,0.10335395977703694,20,0.023110647980523362
1854,E>>S,0.4864177000171871,0.11433558074440342,20,0.025566213079140206
1854,E>S,0.45912733379601106,0.0920542760334501,20,0.02058396188303241
1854,S~E,0.4517053881507264,0.07379264650327523,20,0.016500537382093557
1854,S>E,0.4834017849019288,0.08556030195451556,20,0.019131865134570488
1854,S>>E,0.4917600656661681,0.11570358430435103,20,0.02587210797449066
1855,E>>S,0.4730308554257361,0.10211157733226317,20,0.022832842820466707
1855,E>S,0.46808369888912543,0.08002364035627293,20,0.017893829964362177
1855,S~E,0.4536762274811544,0.06679588929828437,20,0.014936014908851457
1855,S>E,0.500715524711179,0.08933842282281619,20,0.019976678643443564
1855,S>>E,0.4599395890917403,0.07890250011105045,20,0.01764313538429935
1856,E>>S,0.49615769024504724,0.11109110646101955,20,0.024840726574250578
1856,E>S,0.4727948925901894,0.08399903989969079,20,0.018782756326042573
1856,S~E,0.4506283285207536,0.0786380294105125,20,0.017583997937853365
1856,S>E,0.48840000264093764,0.08821264374683958,20,0.019724946789290505
1856,S>>E,0.45464389460215415,0.09424599391257937,20,0.021074044899555885
1857,E>>S,0.5165935175855874,0.11845211578213961,20,0.026486698296753982
1857,E>S,0.4663208939413658,0.10902919119780473,20,0.024379668305011308
1857,S~E,0.45811920584983606,0.05773514714051402,20,0.012909971369714194
1857,S>E,0.4877505255130076,0.09167652302004442,20,0.020499493741364363
1857,S>>E,0.4641246017003886,0.09980548477076505,20,0.022317184847475066
1858,E>>S,0.4976823509129253,0.09404793122230835,20,0.021029756735630636
1858,E>S,0.4615992038053351,0.09284283797423645,20,0.020760289693439158
1858,S~E,0.4436281243450616,0.07924073514324091,20,0.01771876703673432
1858,S>E,0.4866810619863745,0.10057979881326817,20,0.02249032673097203
1858,S>>E,0.477241029221579,0.09346946062306571,20,0.020900406777341476
1859,E>>S,0.49976696305124546,0.10575319187859186,20,0.02364713258781101
1859,E>S,0.4828821818099872,0.07593348968472324,20,0.016979244470382023
1859,S~E,0.4420627745010182,0.0833781302187805,20,0.01864391670060226
1859,S>E,0.4984731945296515,0.1150865997415567,20,0.02573414603214305
1859,S>>E,0.4811519475352852,0.09141293306902752,20,0.0204405532364984
1860,E>>S,0.48255081398717053,0.1175318390685343,20,0.026280918167780824
1860,E>S,0.49008679979252817,0.0926136518662038,20,0.020709042121733193
1860,S~E,0.43397585228577035,0.07567183064544152,20,0.0169207357305059
1860,S>E,0.47673918991863823,0.08087898308929667,20,0.01808509041387233
1860,S>>E,0.48203808322235914,0.12216636789151959,20,0.027317230316968547
1861,E>>S,0.48991663796316437,0.07963704169483139,20,0.017807383875662806
1861,E>S,0.4555139496693716,0.09542532147193372,20,0.021337750558601407
1861,S~E,0.430316255061174,0.05782688131965419,20,0.01293048375575595
1861,S>E,0.49224817337189836,0.11218867924402641,20,0.025086151309556277
1861,S>>E,0.4709233020459555,0.09121633399267005,20,0.020396592346593502
1862,E>>S,0.5152310742331807,0.09873537778086146,20,0.022077901650212853
1862,E>S,0.4809971635067251,0.0821540812534708,20,0.018370211031180184
1862,S~E,0.45787940867743415,0.06355526542082193,20,0.01421138938089996
1862,S>E,0.46647071264653245,0.10907558131705095,20,0.024390041451023196
1862,S>>E,0.4313676890146928,0.13903985086360135,20,0.031090255811244544
1863,E>>S,0.5144084606288003,0.10585765563594127,20,0.02367049139407284
1863,E>S,0.4648662201556587,0.0895157060636242,20,0.020016320381215383
1863,S~E,0.4652438273086242,0.08051263368391628,20,0.018003172196477613
1863,S>E,0.4822382902527452,0.08377283314936611,20,0.01873217495897304
1863,S>>E,0.47258417508310824,0.09073479670571806,20,0.020288917335860954
1864,E>>S,0.4987819549241658,0.10136671534388399,20,0.022666286616479556
1864,E>S,0.46504389159246307,0.10306544393118797,20,0.023046133876132944
1864,S~E,0.44989776306524876,0.07892167055712777,20,0.01764742202635814
1864,S>E,0.49807684524490636,0.10509188414215971,20,0.023499259682540127
1864,S>>E,0.4894596355668215,0.08113150254665276,20,0.018141555481101287
1865,E>>S,0.4744953515752387,0.10583020968841891,20,0.023664354293636152
1865,E>S,0.4581844000872047,0.06606671904961392,20,0.014772967484531703
1865,S~E,0.4433433788290307,0.07438606408612047,20,0.016633229587522114
1865,S>E,0.4814968482369409,0.0869294488791081,20,0.01943801569402786
1865,S>>E,0.4822962964320735,0.0984291478265619,20,0.022009426550756807
1866,E>>S,0.5045898833068868,0.08959237875089883,20,0.020033464915291746
1866,E>S,0.4566349062210883,0.08762542457473793,20,0.01959364059063946
1866,S~E,0.4493723508612442,0.07449981014604415,20,0.016658663979738326
1866,S>E,0.4894668452037769,0.08593091165463447,20,0.01921473598282916
1866,S>>E,0.47197185705898,0.10572015500079247,20,0.02363974531735863
1867,E>>S,0.48571362695383674,0.09160341739223934,20,0.020483146826033367
1867,E>S,0.46107287092081795,0.06617881769992907,20,0.014798033504760768
1867,S~E,0.438885571026938,0.07703365102320604,20,0.017225248024288493
1867,S>E,0.49153286566129833,0.06381498533766598,20,0.01426946451981735
1867,S>>E,0.5013011816859358,0.11938544809531204,20,0.026695397746539052
1868,E>>S,0.4972708080488518,0.09122618602529811,20,0.02039879532806079
1868,E>S,0.4826776883751858,0.07494070376833799,20,0.016757250790767838
1868,S~E,0.44254340457525726,0.0711769041071088,20,0.015915639601147922
1868,S>E,0.48105420310373237,0.10609197168612532,20,0.023722886055715917
1868,S>>E,0.4748908486399344,0.0935109960960864,20,0.020909694391456665
1869,E>>S,0.47667048140707535,0.10428592837773022,20,0.023319042494927913
1869,E>S,0.469357577885507,0.07595032154191585,20,0.016983008188069047
1869,S~E,0.4344123428341131,0.08043513884634736,20,0.01798584382400667
1869,S>E,0.48988945592443656,0.09698091525173368,20,0.02168559190230226
1869,S>>E,0.4614730884835298,0.08746174465325117,20,0.01955704064753984
1870,E>>S,0.48458395665234033,0.0934834099492623,20,0.020903525941503066
1870,E>S,0.46985601747183575,0.08139992310252,20,0.01820157614204903
1870,S~E,0.4575352266639835,0.06641659585450815,20,0.014851202316481096
1870,S>E,0.489763604643223,0.07559339734161316,20,0.01690319751059989
1870,S>>E,0.4607678598060517,0.12702662006111357,20,0.02840401574086884
1871,E>>S,0.48763018659026774,0.10624450043688834,20,0.02375699252123884
1871,E>S,0.46978089758606334,0.07267552741758587,20,0.016250741960637173
1871,S~E,0.45049854672126965,0.06774300295506769,20,0.015147795960750048
1871,S>E,0.49179421036289694,0.08973509999464212,20,0.020065378355576077
1871,S>>E,0.4741569132700635,0.10907190114983677,20,0.024389218540617246
1872,E>>S,0.502220493528281,0.09691577253911508,20,0.02167102554893687
1872,E>S,0.4871138954260309,0.11071858897841641,20,0.024757429132859807
1872,S~E,0.4294340924164291,0.08245704302653173,20,0.018437955343094992
1872,S>E,0.5060895123799708,0.07992939073472273,20,0.017872755108298187
1872,S>>E,0.473690817497492,0.09986565402444994,20,0.02233063910161455
1873,E>>S,0.48542967041298235,0.11125845932414899,20,0.024878147812069245
1873,E>S,0.46149856628383584,0.05588070518621005,20,0.012495305542699071
1873,S~E,0.448875912732791,0.09347712207407385,20,0.020902119929867527
1873,S>E,0.5067189901616578,0.08906655873498812,20,0.01991588798534111
1873,S>>E,0.45864088383671253,0.0880343895315392,20,0.01968508793502175
1874,E>>S,0.4912793885859566,0.07744389154713506,20,0.017316980594151536
1874,E>S,0.4800298941327695,0.08107701476061105,20,0.018129371641748014
1874,S~E,0.4466703809385546,0.05730698007979973,20,0.012814230304365851
1874,S>E,0.4759785431960409,0.08450991195685391,20,0.01889699079080476
1874,S>>E,0.46679424752695153,0.10936120696977877,20,0.024453909288584912
1875,E>>S,0.5039564100431391,0.09787703868737617,20,0.02188597119413499
1875,E>S,0.4663650053328217,0.08863648013646278,20,0.01981971948714406
1875,S~E,0.4316995681913882,0.07933649638525159,20,0.017740179901408887
1875,S>E,0.48224758115919536,0.0785646104615707,20,0.01756758096178632
1875,S>>E,0.46784459036138887,0.13641816371126372,20,0.030504028742408068
1876,E>>S,0.5124874290194174,0.10899860951001915,20,0.024372830031735786
1876,E>S,0.4584434108087544,0.10215859922462485,20,0.022843357235241845
1876,S~E,0.4275568580748275,0.07293416465079114,20,0.01630857500413312
1876,S>E,0.49972835895291856,0.08769100062414723,20,0.019608303841056968
1876,S>>E,0.4978138558035455,0.10911745831387186,20,0.024399405432181706
1877,E>>S,0.5172496322383408,0.14310863145262973,20,0.03200006280950445
1877,E>S,0.45439235566193004,0.09060280321899501,20,0.020259402694970962
1877,S~E,0.44313983921106426,0.0714457624471515,20,0.01597575815361325
1877,S>E,0.4798307362144002,0.09545497431144784,20,0.021344381135089352
1877,S>>E,0.4868564503637363,0.09047645469561112,20,0.020231150306256652
1878,E>>S,0.4685338179752218,0.08408827750946099,20,0.01880271046220215
1878,E>S,0.4551837092288313,0.10312598510133601,20,0.023059671293321784
1878,S~E,0.4458225943436583,0.08328319803775219,20,0.0186226892195991
1878,S>E,0.5027250243366236,0.08471734423396057,20,0.01894337405803857
1878,S>>E,0.4662605996768175,0.12451807602068024,20,0.02784308824097275
1879,E>>S,0.457944265929506,0.1152394196818757,20,0.025768317609630127
1879,E>S,0.4837581594541094,0.09921579983138092,20,0.02218532728649799
1879,S~E,0.4346111023438807,0.05689586225972033,20,0.012722301565119944
1879,S>E,0.48694795126516305,0.09261761739035726,20,0.02070992883989055
1879,S>>E,0.5056591946630217,0.10920386658228412,20,0.02441872690838049
1880,E>>S,0.5066911778668051,0.1266413970584613,20,0.02831787725882614
1880,E>S,0.4533291032717762,0.09336411719819253,20,0.02087685127144157
1880,S~E,0.4454211014873283,0.07802673550816369,20,0.01744730846586506
1880,S>E,0.5003620838781181,0.10367622114835841,20,0.02318270781380307
1880,S>>E,0.5022669986382834,0.12708987557134874,20,0.028418160102952568
1881,E>>S,0.4801894949099676,0.11063296355384425,20,0.024738282705865245
1881,E>S,0.450073655374699,0.08730927260865447,20,0.019522946861901178
1881,S~E,0.4589389873001787,0.07050748863516172,20,0.015765953751101548
1881,S>E,0.49926074366758294,0.08935772789064475,20,0.019980995387841056
1881,S>>E,0.48714136042667394,0.08850621658664098,20,0.019790591671904865
1882,E>>S,0.46409487950307576,0.08186220465060237,20,0.01830494543867463
1882,E>S,0.4704653431528003,0.06922615684720737,20,0.01547943925314182
1882,S~E,0.46584520727653284,0.07486437235308468,20,0.016740182567435324
1882,S>E,0.49084613590244375,0.10220964713148666,20,0.022854771894227053
1882,S>>E,0.4652391819342382,0.1196651206203384,20,0.026757934424278845
1883,E>>S,0.5062214477866203,0.08767539507621033,20,0.019604814334455666
1883,E>S,0.47398531053462534,0.10034367243176415,20,0.022437527266939625
1883,S~E,0.45184794139691,0.07066651274189631,20,0.015801512622373518
1883,S>E,0.4893227595409151,0.09493398797322843,20,0.021227885048328624
1883,S>>E,0.4633557525447475,0.123224727466658,20,0.027553886712433272
1884,E>>S,0.482014194368082,0.10488638853372721,20,0.023453309467586853
1884,E>S,0.45069862776575215,0.09366793013067444,20,0.02094478590838888
1884,S~E,0.4446437144210208,0.06503740403232437,20,0.014542805649639622
1884,S>E,0.4924926776491542,0.10260545568207106,20,0.022943277376745293
1884,S>>E,0.48887546704227064,0.11500944838481798,20,0.025716894464320638
1885,E>>S,0.5104004568080515,0.1131834153229021,20,0.02530858105876004
1885,E>S,0.48205788683755857,0.10315635184483617,20,0.02306646150359395
1885,S~E,0.438198203875265,0.06799869741037369,20,0.015204970979103448
1885,S>E,0.48452295344554275,0.08081260248585631,20,0.018070247259704318
1885,S>>E,0.48864824448710076,0.11465985446099276,20,0.025638722886501233
1886,E>>S,0.48706830789011424,0.07427400273524591,20,0.016608171907701516
1886,E>S,0.45507371700045374,0.08196176927171217,20,0.018327208764770182
1886,S~E,0.44533383421847156,0.06155783426308827,20,0.013764750195993105
1886,S>E,0.49514063405098013,0.06502133401639852,20,0.014539212284838652
1886,S>>E,0.49307689116369086,0.10187138969909025,20,0.022779135232953763
1887,E>>S,0.490362570308889,0.10276331083549181,20,0.022978574862110038
1887,E>S,0.4526331216819502,0.09899413799705237,20,0.022135762193540395
1887,S~E,0.4432572935807034,0.06550992787218642,20,0.014648465192331697
1887,S>E,0.4706499867757453,0.08507441850899919,20,0.019023218293238848
1887,S>>E,0.4997127948989781,0.12541465412268574,20,0.028043569199294953
1888,E>>S,0.4678709350752226,0.1003559358171123,20,0.0224402694432669
1888,E>S,0.4326645505723564,0.08747157720287137,20,0.01955923927247413
1888,S~E,0.4365671201822575,0.06746361223289489,20,0.015085322296043934
1888,S>E,0.513542421177216,0.09890184272380137,20,0.02211512434304128
1888,S>>E,0.48986935438106666,0.09568695329256048,20,0.021396253212201254
1889,E>>S,0.4670658141607504,0.10279469409205264,20,0.02298559237161257
1889,E>S,0.48501855232204605,0.08246328505478234,20,0.018439351103043577
1889,S~E,0.44677828389342655,0.08273491453089911,20,0.018500089300372554
1889,S>E,0.501721733988661,0.08290141040773413,20,0.018537318910230208
1889,S>>E,0.49485433842775456,0.10184279443601968,20,0.022772741137747736
1890,E>>S,0.4903408180510894,0.1044262298736954,20,0.02335041486316022
1890,E>S,0.48381337829696003,0.09247963175670258,20,0.020679074314213525
1890,S~E,0.434924099116295,0.06247557246482542,20,0.013969962696456372
1890,S>E,0.5057582976354337,0.1218568593153286,20,0.02724802209537032
1890,S>>E,0.4881784654134346,0.08880900585402157,20,0.0198582974103769
1891,E>>S,0.5040286172153924,0.0955802093135577,20,0.021372384532877355
1891,E>S,0.46644510391484273,0.08819726197768211,20,0.019721507321145474
1891,S~E,0.4476429823768391,0.07132286878016886,20,0.015948278294275507
1891,S>E,0.4881025445799271,0.09928994038579377,20,0.022201905618453654
1891,S>>E,0.47877032788929935,0.11323394000377619,20,0.025319878720857635
1892,E>>S,0.4852758589070792,0.12048269813320314,20,0.026940750313842923
1892,E>S,0.4676291720139072,0.08651504192979549,20,0.01934535148312673
1892,S~E,0.4261740390066552,0.049047179538493135,20,0.01096728275527074
1892,S>E,0.48932069683677354,0.09311177813547447,20,0.020820426541679954
1892,S>>E,0.4865656028843882,0.11404803075341355,20,0.025501914946461923
1893,E>>S,0.4882845629739296,0.09999680444550058,20,0.022359965227289245
1893,E>S,0.4825259080659011,0.07815957541329391,20,0.01747701237166464
1893,S~E,0.43899425564233585,0.07196836023637766,20,0.016092614571773328
1893,S>E,0.4949913763624039,0.09935849572063206,20,0.022217235057345523
1893,S>>E,0.4820575033936677,0.07543478206491529,20,0.016867730056503254
1894,E>>S,0.4604125682322076,0.11661492771246224,20,0.02607589055562896
1894,E>S,0.4773044051185639,0.06719200220555797,20,0.015024588447594342
1894,S~E,0.4379122509112287,0.09148800187698247,20,0.020457339132256114
1894,S>E,0.4888803189016639,0.1105135598612977,20,0.024711583228535387
1894,S>>E,0.4748196578956083,0.08855375345687044,20,0.01980122123923193
1895,E>>S,0.4951037181276356,0.10616379827088032,20,0.0237389469683263
1895,E>S,0.4671662278707096,0.11174203642949966,20,0.02498627894006191
1895,S~E,0.4517420523311819,0.10431137562632078,20,0.023324732672696795
1895,S>E,0.4907010241332038,0.07053550179334832,20,0.015772217683698516
1895,S>>E,0.4702928334706956,0.09944082704996157,20,0.022235644902251394
1896,E>>S,0.5200797651157478,0.06844837421642139,20,0.015305521769726212
1896,E>S,0.4696298154510329,0.0919755476568596,20,0.020566357682850957
1896,S~E,0.42702553457946707,0.08946105064155425,20,0.020004099057306646
1896,S>E,0.49625602134359426,0.08702771381533199,20,0.01945998840174799
1896,S>>E,0.46426605501247276,0.11939106292053471,20,0.02669665325962702
1897,E>>S,0.49253303455209185,0.11608213136554968,20,0.025956753670642957
1897,E>S,0.4747610131807346,0.07533693407720443,20,0.016845850581304948
1897,S~E,0.44463987552113676,0.0707947013788392,20,0.015830176472988254
1897,S>E,0.48437843117395174,0.11738950675502195,20,0.026249091694939983
1897,S>>E,0.49259645964637633,0.09125657805981709,20,0.020405591193576687
1898,E>>S,0.5120686551067408,0.12056595000046144,20,0.02695936599728726
1898,E>S,0.45320799033312575,0.07271406641218116,20,0.01625935954180713
1898,S~E,0.4415177593688144,0.11992120123508386,20,0.026815195790507923
1898,S>E,0.49045098757588174,0.08646445462598254,20,0.01933403981811431
1898,S>>E,0.4856316865780276,0.08603359996581132,20,0.019237697787257767
1899,E>>S,0.4775463277444142,0.09098239382688858,20,0.02034428173525801
1899,E>S,0.467830842638331,0.0779416887638274,20,0.01742829143570496
1899,S~E,0.4504361312287557,0.08671299114776453,20,0.0193896142738739
1899,S>E,0.4905692799431539,0.07541888860215135,20,0.01686417617018945
1899,S>>E,0.47691313817649955,0.08603999237194658,20,0.01923912717272359
1900,E>>S,0.5087339587938108,0.10684506795049291,20,0.023891283499788626
1900,E>S,0.47312433839019263,0.08335013878248022,20,0.018637657625166733
1900,S~E,0.4570407438565332,0.08466169742609336,20,0.018930931053526372
1900,S>E,0.4672269648365699,0.11600166049347217,20,0.025938759836625556
1900,S>>E,0.498420204295246,0.11204769481583252,20,0.025054626233035227
1901,E>>S,0.4796712375132559,0.09333935818328211,20,0.020871314987402006
1901,E>S,0.4558080899754069,0.08184480737594457,20,0.018301055289798824
1901,S~E,0.42633939999597004,0.07498255227616246,20,0.016766608401593084
1901,S>E,0.49348103129560467,0.10312837593783256,20,0.023060205900614722
1901,S>>E,0.48773758358258723,0.11149731176863724,20,0.024931556842316016
1902,E>>S,0.5103543335098403,0.11089953114604315,20,0.024797889031540763
1902,E>S,0.4726757758224645,0.08687022199761028,20,0.019424772160715417
1902,S~E,0.4447350430384883,0.07308035185066182,20,0.016341263455768237
1902,S>E,0.46532655031483305,0.10031515243778902,20,0.022431150002415
1902,S>>E,0.46770166571699734,0.09845994898830314,20,0.022016313899900747
1903,E>>S,0.49874836844607523,0.10969384646926857,20,0.02452828974187098
1903,E>S,0.4691441399911341,0.07445571529760878,20,0.01664880407188242
1903,S~E,0.4566040659834177,0.06172515513700777,20,0.013802164280806972
1903,S>E,0.479829981432048,0.0867545359746924,20,0.019398903979586317
1903,S>>E,0.46348554209863774,0.07313581420042083,20,0.016353665214193538
1904,E>>S,0.4812150656165297,0.1198619889412006,20,0.02680195551908526
1904,E>S,0.46064208711214094,0.07129268741530244,20,0.015941529535926
1904,S~E,0.4561817494133664,0.06510806067644635,20,0.014558604955571498
1904,S>E,0.49764004700600584,0.08494001312309202,20,0.018993164335295794
1904,S>>E,0.48213131228997536,0.11272134722748396,20,0.025205259491601156
1905,E>>S,0.48085641143283614,0.12118407742216095,20,0.027097583490654935
1905,E>S,0.4600735924661453,0.08463899232426061,20,0.018925854038412966
1905,S~E,0.4288034302290469,0.0798399651204853,20,0.017852758933061732
1905,S>E,0.4894123736578934,0.06597134823257864,20,0.014751641921535642
1905,S>>E,0.4841435949829675,0.08553751615863811,20,0.01912677007572015
1906,E>>S,0.48264407475313653,0.11828871219321604,20,0.02645016014349393
1906,E>S,0.4613026422750819,0.10587098719274664,20,0.02367347242079911
1906,S~E,0.46487360318516513,0.08087403215629073,20,0.018083983351596996
1906,S>E,0.4926273216400089,0.08756304327907469,20,0.019579691708876707
1906,S>>E,0.46775150198914794,0.10315291174370961,20,0.023065692273597102
1907,E>>S,0.5245295289662301,0.1106139006055145,20,0.024734020101033555
1907,E>S,0.4775939522511483,0.09163133663962082,20,0.02048938975953593
1907,S~E,0.4484183293792977,0.0838473828692488,20,0.018748844783109165
1907,S>E,0.484327601200349,0.08341530940003422,20,0.01865223021826537
1907,S>>E,0.4690224927490676,0.07005714197689086,20,0.015665253176968198
1908,E>>S,0.47950978580370063,0.10658659189138076,20,0.023833486495915525
1908,E>S,0.44972432188285766,0.0826531479449887,20,0.018481805735934175
1908,S~E,0.43342523580281644,0.09029812053639868,20,0.020191273575985724
1908,S>E,0.4960533189072064,0.11029577244430921,20,0.02466288448163235
1908,S>>E,0.47959083328985963,0.10569583066553312,20,0.023634306230643887
1909,E>>S,0.46586965678604464,0.11685520991987546,20,0.026129619290584927
1909,E>S,0.451391011297212,0.08285838606731118,20,0.018527698375242926
1909,S~E,0.45955776008577354,0.06770073010486341,20,0.015138343464084105
1909,S>E,0.5064255358571669,0.07962677259677903,20,0.017805087635531534
1909,S>>E,0.5009865672938573,0.10032099894788118,20,0.02243245732181472
1910,E>>S,0.47309101152156285,0.10324420841342641,20,0.023086106829557716
1910,E>S,0.47615980866562174,0.07689174499297258,20,0.017193516871286577
1910,S~E,0.4384265282955214,0.09274474757234813,20,0.0207383560127829
1910,S>E,0.48211109018196413,0.08574896720082022,20,0.019174051966143385
1910,S>>E,0.4912300626511308,0.09351078534259116,20,0.02090964726554248
1911,E>>S,0.4876939245841541,0.13916414710264113,20,0.031118049295228597
1911,E>S,0.47368885818045625,0.10444441509465233,20,0.023354481202184772
1911,S~E,0.4235906986777199,0.07734366596007956,20,0.017294569471577443
1911,S>E,0.4783895867117499,0.11789635902776717,20,0.02636242730858084
1911,S>>E,0.4886552249841989,0.09140566453262224,20,0.020438927942348487
1912,E>>S,0.48878785555126436,0.09679245417052626,20,0.02164345072343297
1912,E>S,0.4557213094672788,0.09001763477993542,20,0.020128555054168492
1912,S~E,0.45946972228861344,0.0841912725783386,20,0.01882574085973791
1912,S>E,0.486596911442593,0.10358940989900123,20,0.023163296228325636
1912,S>>E,0.5101826225337989,0.0807329815177848,20,0.018052443470000096
1913,E>>S,0.49041574764342466,0.13127915259117934,20,0.029354910922244463
1913,E>S,0.4563853792292014,0.08324684168744453,20,0.018614559692528926
1913,S~E,0.43488912178082106,0.06179385310781255,20,0.01381752561407055
1913,S>E,0.4892570088257348,0.09843256904757396,20,0.022010191559031708
1913,S>>E,0.49056978957719777,0.09412185279616564,20,0.0210462861020455
1914,E>>S,0.48817957176854054,0.13212356313051285,20,0.029543726858931165
1914,E>S,0.465525323170222,0.1056579722472078,20,0.023625840830954283
1914,S~E,0.45090927268430503,0.06914699576100791,20,0.015461738296150348
1914,S>E,0.505789967963097,0.09219278403136243,20,0.02061493321290835
1914,S>>E,0.4514718748650538,0.11621481702102096,20,0.025986423085170247
1915,E>>S,0.4783112900128496,0.10587057801713165,20,0.023673380926350126
1915,E>S,0.4870224837716032,0.09941414415253581,20,0.02222967842500333
1915,S~E,0.44310472562326214,0.09089817311890455,20,0.020325449412441465
1915,S>E,0.4969107324121292,0.0837220505614901,20,0.01872081962711663
1915,S>>E,0.490166355732282,0.08322663623085802,20,0.01861004161508454
1916,E>>S,0.49835802767310156,0.1174135910931524,20,0.02625447711666526
1916,E>S,0.46641959895484825,0.06910688833803888,20,0.01545277000373424
1916,S~E,0.4608576747051737,0.08032791953170795,20,0.017961868856403204
1916,S>E,0.4877976288643011,0.08494950005367032,20,0.018995285677462885
1916,S>>E,0.44419535029000257,0.09269535696391266,20,0.020727311936991722
1917,E>>S,0.4780612095527005,0.12478921869505007,20,0.027903717586121955
1917,E>S,0.46803363356722316,0.09228408623285406,20,0.020635349005811415
1917,S~E,0.44192983999948937,0.07989598361395878,20,0.017865285049002113
1917,S>E,0.49059073923242236,0.08239683459691147,20,0.018424492328950052
1917,S>>E,0.46094315604242403,0.08990337054821386,20,0.020103004795215873
1918,E>>S,0.4974150705459195,0.0996751211495119,20,0.022288034655583558
1918,E>S,0.4503307445667938,0.07196883036288351,20,0.016092719695255837
1918,S~E,0.44356255634415576,0.08618152868862766,20,0.019270775655261974
1918,S>E,0.45644431158069904,0.10502554484811022,20,0.023484425765432727
1918,S>>E,0.47718674623336366,0.1491787063845147,20,0.03335737282712567
1919,E>>S,0.5164793561681359,0.09536776811312625,20,0.021324881236338713
1919,E>S,0.45819362373850303,0.05971377046427232,20,0.013352404995093207
1919,S~E,0.4515875732287046,0.09096688995853869,20,0.02034081496490355
1919,S>E,0.4718148546614514,0.10521663361298204,20,0.023527154512231713
1919,S>>E,0.4935573062947052,0.11222713313902034,20,0.025094749861876882
1920,E>>S,0.49782434281085186,0.08266406707849112,20,0.01848424732841086
1920,E>S,0.4669016959943909,0.0967488785856043,20,0.021633706926428492
1920,S~E,0.43486160850683886,0.06796285802497028,20,0.015196957048900063
1920,S>E,0.4697398921719206,0.09626710337737979,20,0.02152597871488208
1920,S>>E,0.497069044879302,0.10973714255646988,20,0.02453797104128517
1921,E>>S,0.4573304902881146,0.08068309629101215,20,0.01804128879418643
1921,E>S,0.4729403764305376,0.08841471391330441,20,0.01977013105213451
1921,S~E,0.4357621613782249,0.059605950554728296,20,0.013328295730386377
1921,S>E,0.454194130394285,0.10947311134173042,20,0.024478931866851242
1921,S>>E,0.4823353972190299,0.114213104474563,20,0.025538826552640826
1922,E>>S,0.4975920038803621,0.11522180203662181,20,0.025764378184391007
1922,E>S,0.4684357883092119,0.07920914062203274,20,0.017711702287020518
1922,S~E,0.4335556027650985,0.07090151815341819,20,0.015854061429897842
1922,S>E,0.48788214999761,0.08770896664777764,20,0.019612321166069265
1922,S>>E,0.4681122390371164,0.11204846249815327,20,0.02505479789202066
1923,E>>S,0.5020326290429047,0.09766587997544149,20,0.021838754670742266
1923,E>S,0.46306012780423045,0.10373256339846983,20,0.02319530632392851
1923,S~E,0.455756042153321,0.0866962341179535,20,0.019385867288098053
1923,S>E,0.48076195741589983,0.08897151208701103,20,0.019894634908750083
1923,S>>E,0.4711427670608425,0.08406089078444394,20,0.018796586604320226
1924,E>>S,0.4684995673945297,0.1211716530343823,20,0.027094805313089748
1924,E>S,0.4579199069927631,0.08618742038133072,20,0.01927209307780063
1924,S~E,0.45582745208917314,0.06851385663262716,20,0.015320164083122915
1924,S>E,0.49445533763988125,0.10199251716832602,20,0.022806220158469136
1924,S>>E,0.4869376501877235,0.08282290038026004,20,0.01851976353439546
1925,E>>S,0.4862801965055038,0.09760489648098865,20,0.02182511834683206
1925,E>S,0.46558818124209755,0.07944625023584548,20,0.01776472160848092
1925,S~E,0.4256941562482826,0.0849830787454586,20,0.019002794101206297
1925,S>E,0.4746838597641257,0.08748324415224146,20,0.019561848081662284
1925,S>>E,0.4584608640768816,0.10031711535828769,20,0.022431588924781944
1926,E>>S,0.49323786474329967,0.11610553851229712,20,0.025961987667771615
1926,E>S,0.48180893793271656,0.07748587303300686,20,0.017326367939772113
1926,S~E,0.44550752450904085,0.08560093900230267,20,0.019140951854696178
1926,S>E,0.4719611481849686,0.08050177275225495,20,0.01800074361832824
1926,S>>E,0.47205331468114686,0.07546263835099679,20,0.016873958911431144
1927,E>>S,0.4877685266616412,0.08196783066781217,20,0.018328564134141998
1927,E>S,0.47578399240353,0.09368538301241089,20,0.020948688491385477
1927,S~E,0.454976417175987,0.08980098722385568,20,0.02008011118791314
1927,S>E,0.49139750525503734,0.07325119523700459,20,0.016379465198305108
1927,S>>E,0.4533852974496024,0.134726438249303,20,0.030125747429186923
1928,E>>S,0.49185696952451285,0.10155823221683193,20,0.022709111091154532
1928,E>S,0.47789491316115507,0.10463714449981147,20,0.023397576807304667
1928,S~E,0.44930714927833054,0.07395320476729719,20,0.016536439301363802
1928,S>E,0.4687457699043929,0.09879701372954097,20,0.022091683867323363
1928,S>>E,0.4801810679321437,0.10524560251524546,20,0.02353363215570117
1929,E>>S,0.49022516246026104,0.1254941396525042,20,0.02806134270408512
1929,E>S,0.44848427262778234,0.10321793952378017,20,0.02308023292726347
1929,S~E,0.44326944682227243,0.09486782433956334,20,0.02121309041007727
1929,S>E,0.4727944426001757,0.09375071447085155,20,0.02096329704959973
1929,S>>E,0.4882432795200823,0.10952576288222145,20,0.024490705109217043
1930,E>>S,0.4731017559119045,0.13375094749141833,20,0.029907621064581634
1930,E>S,0.4767486229159048,0.11161910888058733,20,0.02495879150449437
1930,S~E,0.44022883800358936,0.08850387946083206,20,0.019790069074686792
1930,S>E,0.48766289014302017,0.08365795161289404,20,0.018706486666481923
1930,S>>E,0.4931096303139536,0.10145189567495366,20,0.022685333517541328
1931,E>>S,0.47658485248688337,0.1292607171135332,20,0.028903575028623063
1931,E>S,0.46912606281876146,0.10077566238149745,20,0.02253412315625966
1931,S~E,0.4563679774227293,0.07134328626758328,20,0.015952843783254345
1931,S>E,0.47961441585884923,0.0844408158162049,20,0.018881540424057354
1931,S>>E,0.4731752750452783,0.10324840916513854,20,0.023087046146196208
1932,E>>S,0.4712565485942949,0.11706442714729837,20,0.026176401684843094
1932,E>S,0.4602477965343466,0.0740700513692215,20,0.016562566995848065
1932,S~E,0.44789521041750824,0.09648384522154561,20,0.021574443664594423
1932,S>E,0.49871591940827925,0.12296463992539879,20,0.027495729370197633
1932,S>>E,0.47099688207435386,0.08825106616016642,20,0.019733538302096346
1933,E>>S,0.46651916529109744,0.11563071832916655,20,0.025855814647114728
1933,E>S,0.4530032849600139,0.09930097144628817,20,0.022204372238566597
1933,S~E,0.4396681742592808,0.08319280174341384,20,0.018602475993693635
1933,S>E,0.5044875266918173,0.08821322527053191,20,0.019725076821941162
1933,S>>E,0.495567398352057,0.11163390173979446,20,0.02496209928837124
1934,E>>S,0.527357757771737,0.09081423845414094,20,0.020306681050833456
1934,E>S,0.48583393865464586,0.06819783995154376,20,0.01524950060503028
1934,S~E,0.4397770003401891,0.07849062282514717,20,0.017551036823332564
1934,S>E,0.4534998669034282,0.09343275514636261,20,0.02089219918323601
1934,S>>E,0.501273357507243,0.12491750928980484,20,0.02793240423519651
1935,E>>S,0.5070736710070106,0.09161841775764343,20,0.020486501009706455
1935,E>S,0.45592468603425146,0.07389719731216046,20,0.016523915653670552
1935,S~E,0.4419868917878535,0.09308745632483195,20,0.020814988019486697
1935,S>E,0.4732806902066503,0.07553228015441771,20,0.01688953129208363
1935,S>>E,0.45778068975824804,0.10511866875265088,20,0.02350524890352104
1936,E>>S,0.516758352879173,0.11680694186180576,20,0.02611882622468635
1936,E>S,0.4662979183693161,0.0797105967833739,20,0.01782383129347001
1936,S~E,0.4250318316924572,0.10209570197850547,20,0.0228292929834498
1936,S>E,0.4861593811985269,0.09792137084223623,20,0.021895884165320605
1936,S>>E,0.4961751920071225,0.08081521955314035,20,0.018070832453739197
1937,E>>S,0.4947424287033416,0.09032473478688824,20,0.020197224703312207
1937,E>S,0.4532146683424817,0.09714500219941447,20,0.02172228285922573
1937,S~E,0.45778343495520407,0.0942302194887866,20,0.02107051763116523
1937,S>E,0.49200631628324565,0.10484557065317583,20,0.02344418231202582
1937,S>>E,0.48439145136347805,0.11944435035034573,20,0.026708568691167386
1938,E>>S,0.4995545830063016,0.09304972149051226,20,0.020806550254020846
1938,E>S,0.4540724718610127,0.10182894580864713,20,0.022769644490527725
1938,S~E,0.43511209425911196,0.07330305881200659,20,0.016391062246231172
1938,S>E,0.4754252996884764,0.09652525335581698,20,0.021583702804899643
1938,S>>E,0.5124249748845563,0.15427809410451176,20,0.034497630585679784
1939,E>>S,0.5331347125638817,0.12117344962405091,20,0.027095207042752416
1939,E>S,0.46638898087660163,0.0915262365929792,20,0.020465888674663025
1939,S~E,0.42490675581181153,0.068083535961394,20,0.01522394145582285
1939,S>E,0.4914840885592753,0.09147834401177549,20,0.02045517956794408
1939,S>>E,0.4732010874606269,0.08037400674895476,20,0.01797217427146897
1940,E>>S,0.4999189849001756,0.12272190374721431,20,0.027441451910695736
1940,E>S,0.4554976869426565,0.09651667616752645,20,0.021581784887292302
1940,S~E,0.4179757756923143,0.07637787446461457,20,0.01707861192798235
1940,S>E,0.492458663768494,0.08388665722025959,20,0.0187576267949724
1940,S>>E,0.48345005336903935,0.12464658757281441,20,0.027871824297619353
1941,E>>S,0.5007416248025182,0.10844326572873235,20,0.02424865138715188
1941,E>S,0.4755443158714745,0.094654109318562,20,0.02116530227860009
1941,S~E,0.44535677924552586,0.0943264094071072,20,0.02109202635077673
1941,S>E,0.47212047708911165,0.07845693948437282,20,0.017543504999364492
1941,S>>E,0.47196774566468996,0.09503622830196412,20,0.021250746680838116
1942,E>>S,0.4897475805948777,0.11120632185681453,20,0.024866489519955792
1942,E>S,0.4608128856995262,0.07411560951214251,20,0.016572754106298066
1942,S~E,0.44961130082907513,0.092751082181905,20,0.02073977247454091
1942,S>E,0.4861902439618844,0.0758825081520749,20,0.016967844653122142
1942,S>>E,0.5000904226606597,0.09861719689322505,20,0.022051475600373228
1943,E>>S,0.5333691225058266,0.10353194861793513,20,0.023150447495271835
1943,E>S,0.4596233159963602,0.0846495009919767,20,0.018928203847949576
1943,S~E,0.4501043410699329,0.10120982233231264,20,0.022631204272572737
1943,S>E,0.46701590723156505,0.08293457543623169,20,0.01854473483604983
1943,S>>E,0.501810125075297,0.09846579405318653,20,0.02201762089614196
1944,E>>S,0.4952256357617168,0.1238272093123413,20,0.027688605748649012
1944,E>S,0.4773130767224504,0.10350376643422103,20,0.023144145767417922
1944,S~E,0.4391534274461459,0.07880463713579611,20,0.01762125255778444
1944,S>E,0.4555895483271132,0.09843756169385029,20,0.02201130794867786
1944,S>>E,0.47175962192544596,0.0719071156663959,20,0.016078919869600132
1945,E>>S,0.49606848136649473,0.11937714923947333,20,0.026693542065959967
1945,E>S,0.4727298114121249,0.11051709518449997,20,0.024712373750835657
1945,S~E,0.4540225537375546,0.09584455428568894,20,0.021431493865596927
1945,S>E,0.4671707209962578,0.08266038118630951,20,0.01848342313786328
1945,S>>E,0.4714591648960617,0.120897381074736,20,0.027033476238480625
1946,E>>S,0.4917743363815319,0.10676470392752029,20,0.023873313557957413
1946,E>S,0.46890861461395056,0.09394538846698992,20,0.021006827478481423
1946,S~E,0.4521395780220895,0.09954624952742284,20,0.02225921808484738
1946,S>E,0.4809041339626706,0.07576876849654425,20,0.016942411692971747
1946,S>>E,0.4664812595145489,0.09434901715053355,20,0.02109708159588865
1947,E>>S,0.4865794390366531,0.10235206538787692,20,0.022886617584479615
1947,E>S,0.47910185681443335,0.11009230922893731,20,0.024617388723583128
1947,S~E,0.45220407197611345,0.06880663597923399,20,0.015385631535265001
1947,S>E,0.470027573139581,0.07013777226578281,20,0.01568328265766898
1947,S>>E,0.4793103807760451,0.097734207467327,20,0.02185403316240107
1948,E>>S,0.5173114113177115,0.10874463941091222,20,0.02431604059115024
1948,E>S,0.4653446477465547,0.08031629069097447,20,0.017959268568565247
1948,S~E,0.4452164901060642,0.08221583025462599,20,0.018384018527592756
1948,S>E,0.5059959165411074,0.1160726612335457,20,0.02595463608475128
1948,S>>E,0.46890998810879925,0.1128683710910266,20,0.025238135026920756
1949,E>>S,0.4996425071193298,0.10353179292297955,20,0.02315041268082139
1949,E>S,0.46555907009815256,0.08815426545520434,20,0.019711893006439832
1949,S~E,0.44718558737532793,0.09618681145300628,20,0.021508024894787734
1949,S>E,0.48780588114446716,0.10382645604293128,20,0.023216301357488815
1949,S>>E,0.499827676862587,0.0764463648244866,20,0.01709392683803008
1950,E>>S,0.48546129783871683,0.11172626809561122,20,0.024982753033415264
1950,E>S,0.4769079274107888,0.07045417858265836,20,0.015754033260973386
1950,S~E,0.44428830041509093,0.07438292338496783,20,0.01663252730539468
1950,S>E,0.4770945294589091,0.09849801214178473,20,0.02202482507976303
1950,S>>E,0.49670312409680484,0.10630866387568289,20,0.023771339902320318
1951,E>>S,0.5131267307633476,0.11722624937676217,20,0.026212586235378255
1951,E>S,0.4727059640598372,0.09148663303390178,20,0.02045703304963822
1951,S~E,0.43382448322367884,0.11160113025573994,20,0.024954771361764296
1951,S>E,0.4714878525781644,0.07539206063523722,20,0.016858177254417638
1951,S>>E,0.4806520664769609,0.10385865696608738,20,0.023223501702800346
1952,E>>S,0.5001175828217818,0.09284401310972773,20,0.020760552461723283
1952,E>S,0.46987770077436475,0.08098341624690873,20,0.01810844237782488
1952,S~E,0.44455808941912717,0.08760726055773027,20,0.0195895789929621
1952,S>E,0.4933051340452084,0.08510403961591471,20,0.019029841774102038
1952,S>>E,0.4840273815074557,0.10705318088204968,20,0.023937818965984396
1953,E>>S,0.47439422536012693,0.12562627763452477,20,0.028090889655105887
1953,E>S,0.4844869896070912,0.0987077985913654,20,0.022071734755965102
1953,S~E,0.4506850773338339,0.09197845035348856,20,0.020567006745548996
1953,S>E,0.48426182004270013,0.08675309998163665,20,0.01939858288177753
1953,S>>E,0.5010426468808673,0.1173617731187529,20,0.026242890265343898
1954,E>>S,0.5076128863186695,0.08811953897655225,20,0.01970412792975131
1954,E>S,0.4803737621402463,0.08190140756450415,20,0.018313711476714675
1954,S~E,0.48006488361795174,0.0974504838111284,20,0.02179059062419259
1954,S>E,0.4976367035078268,0.09115359973829663,20,0.020382564540863832
1954,S>>E,0.47920957612852366,0.09279800366546587,20,0.02075026443722563
1955,E>>S,0.48348870741780015,0.10800753884270588,20,0.02415121989347393
1955,E>S,0.46525427219965143,0.06808901053036187,20,0.015225165606658814
1955,S~E,0.4491910501632672,0.07413659144347216,20,0.0165774458087733
1955,S>E,0.48937069853690246,0.10366505467815225,20,0.023180210915158102
1955,S>>E,0.48458052459510614,0.09309994411891002,20,0.020817780375131458
1956,E>>S,0.5214708924648666,0.12815262111663436,20,0.02865579723115694
1956,E>S,0.4556260591178793,0.07768696974799887,20,0.017371334532249517
1956,S~E,0.47119252894089386,0.09068759922287957,20,0.020278363657861582
1956,S>E,0.47819163935480213,0.09537108499424171,20,0.02132562291350346
1956,S>>E,0.47026564985773556,0.10989744377621964,20,0.02457381548370883
1957,E>>S,0.49511892619324316,0.12141391226162604,20,0.027148976123119103
1957,E>S,0.47806132278982394,0.09076035239212116,20,0.020294631761061856
1957,S~E,0.45593372636250723,0.11293940268749429,20,0.025254018174745967
1957,S>E,0.4890070465231916,0.08830113112436833,20,0.019744733168421
1957,S>>E,0.5208649817221003,0.09802604904622395,20,0.021919290923308514
1958,E>>S,0.503666934951785,0.11261502367370722,20,0.025181484822215744
1958,E>S,0.4627819725346273,0.07257353598220088,20,0.016227935982372814
1958,S~E,0.4434507900165136,0.09068596947423337,20,0.020277999234985664
1958,S>E,0.46133921376681075,0.10761887335075813,20,0.024064311647423575
1958,S>>E,0.4996412557743352,0.12013216027748848,20,0.02686236766643642
1959,E>>S,0.49685330976112896,0.10706904705730079,20,0.02394136675062484
1959,E>S,0.46490113091004287,0.09897856784300686,20,0.022132280601253808
1959,S~E,0.4342511391433261,0.07309115761024501,20,0.01634367969706589
1959,S>E,0.48984323424373555,0.12222530358336282,20,0.02733040873829479
1959,S>>E,0.4986550795749499,0.11461413183794283,20,0.025628498997176306
1960,E>>S,0.4753759969009713,0.11976112224919455,20,0.02677940104108615
1960,E>S,0.4718310047022015,0.09178622062560243,20,0.020524022871664032
1960,S~E,0.44155200539130035,0.07632766004696909,20,0.017067383642851767
1960,S>E,0.4799371174720351,0.08678317799671238,20,0.01940530853041129
1960,S>>E,0.484000661454834,0.08692522435274014,20,0.01943707106121471
1961,E>>S,0.5001028182676219,0.11555079004844333,20,0.02583794214021255
1961,E>S,0.46001739138490505,0.07648722007017694,20,0.017103062348690187
1961,S~E,0.4377638085979404,0.0871258087564812,20,0.019481923097413836
1961,S>E,0.4966181156459193,0.10877677459758983,20,0.02432322623733832
1961,S>>E,0.4660399672493022,0.1001275674914432,20,0.02238920473325651
1962,E>>S,0.4917382142554847,0.09008523389060862,20,0.02014367067483687
1962,E>S,0.4704264699527604,0.08021623803777532,20,0.017936896115176994
1962,S~E,0.44942185532781,0.08015631329639432,20,0.017923496535650795
1962,S>E,0.49473064934991673,0.13068410152664356,20,0.0292218534592059
1962,S>>E,0.509316018661631,0.110977269219677,20,0.024815271793249282
1963,E>>S,0.5029419686331374,0.09147648901975076,20,0.02045476477911758
1963,E>S,0.46959637459217,0.08124357424012951,20,0.01816661547359804
1963,S~E,0.44642503656174914,0.07117192900231235,20,0.01591452713389592
1963,S>E,0.49639576246007494,0.09798829251300453,20,0.02191084830582118
1963,S>>E,0.508120857229452,0.08706401765758685,20,0.019468106187660622
1964,E>>S,0.49835084746400904,0.1071384124845147,20,0.023956877331678696
1964,E>S,0.46752118762632033,0.08015826611620037,20,0.017923933199434208
1964,S~E,0.4480050002627184,0.09908853050238897,20,0.022156868999390313
1964,S>E,0.47430832328527195,0.08177637739862045,20,0.018285753881699274
1964,S>>E,0.4945635388359045,0.09679730121530125,20,0.021644534555593658
1965,E>>S,0.5065460502428868,0.11950871185840481,20,0.026722960361882837
1965,E>S,0.47622601625161665,0.1006180897038222,20,0.02249888883439181
1965,S~E,0.4335694094349535,0.10177434821619159,20,0.022757436097713885
1965,S>E,0.4929637710305846,0.07251245427723065,20,0.01621427769792331
1965,S>>E,0.5132868541264427,0.13917556144094995,20,0.031120601618866265
1966,E>>S,0.45333429441640816,0.088310088345443,20,0.019746736063942248
1966,E>S,0.48164187422056265,0.09183365141292413,20,0.020534628718131796
1966,S~E,0.4337769112134865,0.08202768055501244,20,0.01834194697576455
1966,S>E,0.4941188995064193,0.09605647175355449,20,0.021478880051973626
1966,S>>E,0.4569126791622843,0.09056088684231313,20,0.02025002990820784
1967,E>>S,0.4727669523176682,0.12262173609692097,20,0.0274190537431755
1967,E>S,0.4743507914731785,0.09238750260347267,20,0.02065847360928037
1967,S~E,0.45692308872313403,0.08708659138736269,20,0.019473153827089067
1967,S>E,0.48965886697984684,0.10081270302063625,20,0.0225424056949641
1967,S>>E,0.48924931496919005,0.12863004350762022,20,0.02876255212317943
1968,E>>S,0.46601257750150776,0.09136180404572271,20,0.020429120439325127
1968,E>S,0.4718760527547202,0.07499807771837887,20,0.016770079996010746
1968,S~E,0.4651234445448121,0.09692367445862399,20,0.021672792471854337
1968,S>E,0.49781973302571353,0.08548924381478755,20,0.01911597605149184
1968,S>>E,0.48133440386971804,0.11999589970264656,20,0.02683189887563645
1969,E>>S,0.487763917900658,0.10130384862484777,20,0.02265222919075082
1969,E>S,0.476253176873121,0.07076753603355627,20,0.015824102117119765
1969,S~E,0.4507988803426695,0.0960474220545338,20,0.021476856477755008
1969,S>E,0.47544430530934595,0.1239726205231204,20,0.027721120683848275
1969,S>>E,0.5272072772824158,0.1422355015980998,20,0.03180482503871311
1970,E>>S,0.4722053565303918,0.08297226521230619,20,0.018553162526185767
1970,E>S,0.45930550234966405,0.10385031125024484,20,0.023221635544005862
1970,S~E,0.44775004525487894,0.07861354387656615,20,0.017578522806016423
1970,S>E,0.4668830677483175,0.09374766795478263,20,0.020962615827897265
1970,S>>E,0.4858297137060485,0.1006914155979817,20,0.02251528500277697
1971,E>>S,0.48860345919626835,0.11763609085462959,20,0.026304229575829306
1971,E>S,0.4594403519500746,0.09729245483324579,20,0.021755254270496554
1971,S~E,0.46941184047548445,0.11429515402342293,20,0.025557173389518226
1971,S>E,0.4795950169212582,0.09595998902572012,20,0.0214573058581644
1971,S>>E,0.48157301551626774,0.11974844928094479,20,0.026776567279237835
1972,E>>S,0.5203845358591465,0.10637644830202003,20,0.023786496960830884
1972,E>S,0.4657285526532446,0.09028326696903675,20,0.020187952217352756
1972,S~E,0.47529029319663774,0.10678939021441883,20,0.023878833579519133
1972,S>E,0.4899973944080333,0.10280277467237287,20,0.02298739924430194
1972,S>>E,0.4951211205001007,0.08925233873374455,20,0.01995742965594903
1973,E>>S,0.5053632954438351,0.11306447787159297,20,0.02528198583614026
1973,E>S,0.4783614913569355,0.08454648155382337,20,0.01890516800127811
1973,S~E,0.44093984465469366,0.07311787654395774,20,0.01634965423227269
1973,S>E,0.4760162003989234,0.10828800286208248,20,0.02421393355473082
1973,S>>E,0.469174313903714,0.09367921769665044,20,0.020947309884871163
1974,E>>S,0.4914903374318329,0.09090988868456056,20,0.020328069092561633
1974,E>S,0.45812734743885264,0.07708218151036043,20,0.017236099771114333
1974,S~E,0.46213264427827855,0.08875392930406958,20,0.019845981919411018
1974,S>E,0.4883428387967991,0.12550351013435554,20,0.028063438007525275
1974,S>>E,0.49535989111945733,0.08629846177592834,20,0.0192969226884643
1975,E>>S,0.5031752672064446,0.10453936107410275,20,0.023375711768608917
1975,E>S,0.46418299160636184,0.07524969932957844,20,0.016826344298735772
1975,S~E,0.4337490642406391,0.09667080534547436,20,0.02161624921921307
1975,S>E,0.46179208084343876,0.09096640229651085,20,0.020340705920359123
1975,S>>E,0.47438317853376777,0.11341097280752158,20,0.02535946445919984
1976,E>>S,0.49226159445637985,0.11000256329540613,20,0.024597320922775136
1976,E>S,0.46349961313741694,0.10725804000778418,20,0.02398362685907975
1976,S~E,0.4759970797479632,0.10537123401354626,20,0.02356172421273274
1976,S>E,0.4852406596056419,0.0853919405712391,20,0.019094218384791285
1976,S>>E,0.47670709250046156,0.1168265941478176,20,0.026123220609429926
1977,E>>S,0.4621518688522109,0.12013626717143601,20,0.02686328599584073
1977,E>S,0.4708645948639125,0.07670873503340508,20,0.017152594600271336
1977,S~E,0.4540994257563905,0.0902870477461391,20,0.02018879762481362
1977,S>E,0.4824227024493717,0.0859028821736215,20,0.019208468400337256
1977,S>>E,0.4895345110124321,0.11221837204076424,20,0.02509279082075106
1978,E>>S,0.48774789275443586,0.10359822025063846,20,0.023165266282842288
1978,E>S,0.45770495119895915,0.07403721694534145,20,0.01655522499546828
1978,S~E,0.4568254858024375,0.09219843765157167,20,0.02061619740081903
1978,S>E,0.46477255028102193,0.08414473995412931,20,0.018815335848647568
1978,S>>E,0.4902321764201513,0.10206824865180153,20,0.022823154232977948
1979,E>>S,0.5139074809486369,0.13323643185287146,20,0.029792571870253883
1979,E>S,0.47114826422200845,0.08858200871406481,20,0.019807539306812765
1979,S~E,0.46274104863515897,0.11280440274671331,20,0.025223831270291496
1979,S>E,0.4782508878314914,0.08926602235843141,20,0.019960489407446873
1979,S>>E,0.48613781016970137,0.0863855168484744,20,0.019316388794464213
1980,E>>S,0.5029618312464039,0.1333765650139749,20,0.029823906597666806
1980,E>S,0.46605811631837124,0.07657016755162234,20,0.017121609969397617
1980,S~E,0.4642912986967098,0.09223349757107009,20,0.020624037037147446
1980,S>E,0.47508023326149573,0.09604229473911795,20,0.021475709975173816
1980,S>>E,0.5282890529448611,0.14317149386993672,20,0.03201411927333729
1981,E>>S,0.4734636296071664,0.09229134403909164,20,0.020636971900622893
1981,E>S,0.459016534867171,0.0728148559806822,20,0.016281896774466252
1981,S~E,0.4519631845566505,0.0844855733644053,20,0.018891548516085585
1981,S>E,0.48509204020649915,0.11219492990636942,20,0.025087549000146613
1981,S>>E,0.4726311206965071,0.07321362088264531,20,0.016371063317249305
1982,E>>S,0.4896814594885022,0.11721721482069025,20,0.026210566047225922
1982,E>S,0.46561276256755146,0.1025248232820353,20,0.0229252474239784
1982,S~E,0.45444745759284455,0.08153259688538146,20,0.01823124290178006
1982,S>E,0.4934408946536927,0.11356642657934203,20,0.025394224979314768
1982,S>>E,0.48890928706183834,0.08865065711640784,20,0.01982288955623134
1983,E>>S,0.49296196770208933,0.11309532647840603,20,0.025288883794324778
1983,E>S,0.47271836846789517,0.0791610096629323,20,0.017700939877383432
1983,S~E,0.4227157484365004,0.07951515966249875,20,0.017780130224709645
1983,S>E,0.505326538429635,0.0948858520668651,20,0.02121712153244993
1983,S>>E,0.49108312924729935,0.09440982935045898,20,0.021110679617178107
1984,E>>S,0.4831393894616981,0.08322395657838938,20,0.018609442426576944
1984,E>S,0.4615443350035389,0.09236118891491996,20,0.020652589689646107
1984,S~E,0.43791809856358127,0.08798549963109122,20,0.019674155820940262
1984,S>E,0.4922458390845244,0.1144767226741968,20,0.025597773374089555
1984,S>>E,0.4969646000037485,0.12200263115259775,20,0.02728061766910421
1985,E>>S,0.5250988164864486,0.09619680556774568,20,0.02151025964678096
1985,E>S,0.47582935629790485,0.09986877433424848,20,0.02233133682409659
1985,S~E,0.44125870248810806,0.07973458388670211,20,0.01782919497283253
1985,S>E,0.49120449632782115,0.10161563699043108,20,0.0227219471887546
1985,S>>E,0.4780278055911616,0.1173636231932035,20,0.026243303954567393
1986,E>>S,0.47825714076353804,0.08889966490607197,20,0.01987856939069294
1986,E>S,0.46264974677565524,0.06492444994678111,20,0.014517548348278515
1986,S~E,0.45310030095402665,0.11964136853172237,20,0.02675262329580354
1986,S>E,0.4922237277043459,0.10500464393098147,20,0.02347975217828353
1986,S>>E,0.5091851824879376,0.16667243629993997,20,0.03726908975421693
1987,E>>S,0.5028242049935459,0.13376247013046816,20,0.029910197605001194
1987,E>S,0.463768219595294,0.0887515598660167,20,0.019845452096955544
1987,S~E,0.4425043913444637,0.08766892851216282,20,0.019603368366776557
1987,S>E,0.47145375155743563,0.10255616546847914,20,0.02293225574992359
1987,S>>E,0.5103397566009038,0.1474101495165226,20,0.032961911489235225
1988,E>>S,0.4878698235958609,0.06366660545692665,20,0.014236285769834704
1988,E>S,0.46293361670883604,0.09408955708761825,20,0.021039064562076153
1988,S~E,0.46129725400637345,0.07559474256191458,20,0.01690349831100376
1988,S>E,0.4671257721629919,0.10076748451581066,20,0.02253229452990101
1988,S>>E,0.5224880456594441,0.08096897775774632,20,0.018105213833498928
1989,E>>S,0.4748490532908406,0.09931588312936343,20,0.022207706592268117
1989,E>S,0.48843961339289416,0.09191744261977366,20,0.020553365001575025
1989,S~E,0.4611711749038358,0.09138457306611451,20,0.020434211747062843
1989,S>E,0.49144483004241274,0.0951643892293043,20,0.021279404335397323
1989,S>>E,0.48700405631924043,0.09054058255101073,20,0.02024548973064913
1990,E>>S,0.49164495619733656,0.09027546164608777,20,0.02018620689408273
1990,E>S,0.468649763595657,0.08949314324048266,20,0.0200112751805845
1990,S~E,0.4641353210331284,0.08571167061178178,20,0.019165712195301506
1990,S>E,0.4920074820497251,0.10744332919911594,20,0.024025058781811125
1990,S>>E,0.4845649022570181,0.10299399835845424,20,0.023030158160400542
1991,E>>S,0.46870916952613967,0.10348750611191351,20,0.023140509848816358
1991,E>S,0.4811643353210623,0.07486489758040407,20,0.016740300011834304
1991,S~E,0.4597521068531722,0.10087717158776859,20,0.022556821304816094
1991,S>E,0.4841608425190129,0.10482871663846856,20,0.02344041363976789
1991,S>>E,0.49764221789985275,0.10980754743891502,20,0.02455371405159469
1992,E>>S,0.510087828153023,0.10798779635732407,20,0.02414680533953808
1992,E>S,0.48022908853431456,0.08339307451756879,20,0.01864725834739893
1992,S~E,0.45163931080195613,0.07816820162467676,20,0.017478941251168674
1992,S>E,0.4716770972623753,0.10004498387667181,20,0.022370738475610857
1992,S>>E,0.45605694154730225,0.09602472053000001,20,0.021471780262549964
1993,E>>S,0.48589592859496894,0.07728229580255581,20,0.017280846687176145
1993,E>S,0.4859795840586603,0.0865205667843632,20,0.01934658687816465
1993,S~E,0.46339876125161156,0.07762455093664267,20,0.017357377261722796
1993,S>E,0.4700571198782703,0.07048708121527938,20,0.01576139051329132
1993,S>>E,0.4869787393323194,0.09155330371732343,20,0.020471941067661936
1994,E>>S,0.4922957793584336,0.09944992339924691,20,0.022237678907786305
1994,E>S,0.47139481257520977,0.07377680932327452,20,0.016496996080988206
1994,S~E,0.45967735744722127,0.09344856527009077,20,0.020895734434374893
1994,S>E,0.48470832451374746,0.09636784843711098,20,0.0215485059950777
1994,S>>E,0.4841100176193877,0.09372505083517348,20,0.02095755848620713
1995,E>>S,0.4891104012540917,0.09979358592144116,20,0.022314524183880843
1995,E>S,0.48657239644826067,0.091365519208219,20,0.020429951174914043
1995,S~E,0.4632867749587642,0.1090980030276171,20,0.02439505509792297
1995,S>E,0.4871156259089375,0.07662987674408626,20,0.017134961350720714
1995,S>>E,0.48303753737033406,0.06980064437238222,20,0.015607898568993478
1996,E>>S,0.47840468579579093,0.08890309033977305,20,0.01987933534095374
1996,E>S,0.48633790408507965,0.08064988013938686,20,0.01803386143688792
1996,S~E,0.44808307136744796,0.09358939373044166,20,0.020927224635426015
1996,S>E,0.4825953345133806,0.10773699220757307,20,0.02409072382674985
1996,S>>E,0.4732432634485962,0.08403475777754667,20,0.01879074308633235
1997,E>>S,0.4897090550079809,0.09440264272227251,20,0.021109072638262713
1997,E>S,0.471777360068838,0.09454353183106665,20,0.02114057640071802
1997,S~E,0.4524448417236503,0.10977931498912065,20,0.024547401083903533
1997,S>E,0.47857593766630585,0.10139526382965162,20,0.02267267025196267
1997,S>>E,0.5132949678894061,0.1011059906581597,20,0.02260798680441038
1998,E>>S,0.4776289934883756,0.1021131187367475,20,0.022833187488987484
1998,E>S,0.481718189180213,0.07720833702999216,20,0.01726430900287767
1998,S~E,0.46751748923996966,0.062413928560328596,20,0.013956178700371032
1998,S>E,0.46690884535791366,0.0837317207612934,20,0.018722981949528247
1998,S>>E,0.48049199671526166,0.1041995402818752,20,0.023299725529450054
1999,E>>S,0.4989619266417195,0.10973728354769689,20,0.024538002567881953
1999,E>S,0.4479970051981166,0.103312030044974,20,0.02310127220740625
1999,S~E,0.46950001793472956,0.11993971674143442,20,0.02681933598359169
1999,S>E,0.5056216339502748,0.0798393909027827,20,0.017852630534080042
1999,S>>E,0.5023294424274859,0.1146593834654974,20,0.025638617568706758
