draw,dwell_quintile,p_choose_s,draw_subject_sd,n_subjects,draw_subject_sem
0,E>>S,0.5814819088734939,0.150411845108483,21,0.03282255550607603
0,E>S,0.47629561681364396,0.14605927234644211,21,0.031872746260844825
0,S~E,0.4526969801030654,0.08640619369082009,21,0.018855377290533278
0,S>E,0.45865275426467694,0.09392650388809105,21,0.020496443515701967
0,S>>E,0.4831400897519829,0.07838413283050247,21,0.017104820094250035
1,E>>S,0.5868297387486221,0.15685743970190658,21,0.034229099559569445
1,E>S,0.47972177041383884,0.13793769570057124,21,0.030100472939792976
1,S~E,0.4520722388046375,0.08240914657725348,21,0.01798315010223691
1,S>E,0.4464903179919886,0.11192581783421061,21,0.02442421583071945
1,S>>E,0.5029107851499701,0.07293195053707802,21,0.015915056376996917
2,E>>S,0.5816381206384132,0.1504196008574077,21,0.03282424794924358
2,E>S,0.506675288636933,0.1390886759050078,21,0.030351637411708515
2,S~E,0.4529481421794313,0.11260937366465668,21,0.024573379941897903
2,S>E,0.4464591356922946,0.08876548996380217,21,0.019370217945665066
2,S>>E,0.5206075317256387,0.09223888302307964,21,0.020128174451020935
3,E>>S,0.5784862927710579,0.1437054165954172,21,0.031359092824936305
3,E>S,0.5115009161909597,0.13161590318653732,21,0.028720944714870803
3,S~E,0.45405928068073687,0.0912590067428639,21,0.019914347916459962
3,S>E,0.46571869371966784,0.09775403193316397,21,0.02133167861051687
3,S>>E,0.5079346027228724,0.0946568106610497,21,0.020655809518922055
4,E>>S,0.5774863944923297,0.16621127627521856,21,0.03627027404220985
4,E>S,0.49735205348053085,0.13343615445470802,21,0.0291181561063104
4,S~E,0.4628044160884308,0.08681222093328263,21,0.018943979698761788
4,S>E,0.450695277950527,0.1141915712776593,21,0.02491864376694376
4,S>>E,0.5126942734377532,0.0996998408585994,21,0.021756288929027753
5,E>>S,0.5729142109129661,0.14448368999411462,21,0.031528926004026854
5,E>S,0.4814816688533901,0.14145154182165223,21,0.030867257026949195
5,S~E,0.43942172305136556,0.08448897889527268,21,0.018437006722719692
5,S>E,0.4459447229984774,0.10805423177789238,21,0.023579366489642598
5,S>>E,0.49770693725268134,0.06941257067479564,21,0.01514706472851062
6,E>>S,0.5929677203060222,0.1492980693250706,21,0.03257950970442384
6,E>S,0.500630373464882,0.14616705948872216,21,0.03189626734362774
6,S~E,0.44519880256094496,0.09896034832258555,21,0.021594918427973547
6,S>E,0.4590317757804815,0.0887132169048688,21,0.019358811029028446
6,S>>E,0.5146773325859568,0.08904958942042156,21,0.01943221352970574
7,E>>S,0.5895487423611774,0.15729334853406685,21,0.0343242226652587
7,E>S,0.493718916372077,0.14408578644322845,21,0.031442096330635064
7,S~E,0.45763235550918385,0.09654529063100432,21,0.021067909633718487
7,S>E,0.4493124004416283,0.09990196170498973,21,0.021800395313699764
7,S>>E,0.504046303094663,0.09536079456853844,21,0.02080943140197434
8,E>>S,0.5915334431188408,0.18096124559033103,21,0.03948898122719932
8,E>S,0.48400825535521463,0.1339952360473867,21,0.02924015771193452
8,S~E,0.4431533143473093,0.08872890001508807,21,0.019362233364252832
8,S>E,0.4629074758668998,0.11095154931619351,21,0.02421161301019441
8,S>>E,0.5158288479011257,0.082160381345286,21,0.017928865078152896
9,E>>S,0.5852530579207572,0.16402401970322533,21,0.03579297552766468
9,E>S,0.5125678164277213,0.12052602230689137,21,0.026300934306345992
9,S~E,0.44646491142966804,0.08376877206486376,21,0.018279844707654307
9,S>E,0.4582200804926609,0.09024981451698798,21,0.019694124118086756
9,S>>E,0.5313716269732625,0.11669712008829808,21,0.02546539934228465
10,E>>S,0.5876593326704531,0.16422189714305346,21,0.035836155925109275
10,E>S,0.49925710361954256,0.13781792559955408,21,0.030074336961035657
10,S~E,0.45082478794452685,0.10125788357538953,21,0.02209628172358325
10,S>E,0.4515052297980412,0.11893199047886371,21,0.025953088043864776
10,S>>E,0.5318981097081718,0.09810910656538473,21,0.021409162247636403
11,E>>S,0.5759887143200327,0.14295500336481803,21,0.031195339232949783
11,E>S,0.510196368183988,0.1378362056145872,21,0.030078325987349667
11,S~E,0.45916387804930875,0.08698612029360364,21,0.01898192765028443
11,S>E,0.44858479541200763,0.10425200703509249,21,0.02274965302806572
11,S>>E,0.4924157467850568,0.12153629079071199,21,0.026521392963457242
12,E>>S,0.5785478620006023,0.13231591275686988,21,0.028873699326453776
12,E>S,0.50615593029055,0.12491643301931765,21,0.027259000469281154
12,S~E,0.46864307295005225,0.09567291552919928,21,0.02087754177950818
12,S>E,0.4455997573601156,0.09273979346190309,21,0.020237482070178173
12,S>>E,0.5237834090285265,0.09204101649989367,21,0.020084996435782963
13,E>>S,0.5755244682308118,0.15237280483198296,21,0.033250471999775946
13,E>S,0.5140475997833891,0.13951447221391247,21,0.030444553783907962
13,S~E,0.44568334156870726,0.10036721970251904,21,0.021901922932336032
13,S>E,0.4401984170596614,0.0900788795292941,21,0.01965682304570468
13,S>>E,0.4787612090460955,0.07711366581859735,21,0.016827581463297676
14,E>>S,0.5721074070278723,0.1760722095856215,21,0.0384221061049638
14,E>S,0.500359009991229,0.14140640044006045,21,0.030857406369895896
14,S~E,0.4512234325071626,0.1002464141052685,21,0.02187556098977532
14,S>E,0.46913665824374023,0.0932816002892185,21,0.020355714012950398
14,S>>E,0.5197665846303671,0.0781568264481365,21,0.017055217775052957
15,E>>S,0.5811613920052078,0.17990491440955975,21,0.03925847086554091
15,E>S,0.4897887902626915,0.12939139205824046,21,0.028235516589647375
15,S~E,0.4578235627372258,0.10543224856960452,21,0.023007202845695827
15,S>E,0.4539637185251899,0.10454380817266298,21,0.022813329256674814
15,S>>E,0.5161250223428643,0.07486486553138548,21,0.016336853009060206
16,E>>S,0.5842876264781788,0.15337785182424649,21,0.03346979123401572
16,E>S,0.5067950465553963,0.14868209140755279,21,0.032445092302831144
16,S~E,0.46068794901585297,0.10637526698266161,21,0.023212986334246836
16,S>E,0.458835190019063,0.09088893001888672,21,0.019833590554528217
16,S>>E,0.487076370760448,0.06331391806206668,21,0.013816229622078683
17,E>>S,0.568509100156176,0.16119968909271729,21,0.03517665606051068
17,E>S,0.4942591812292256,0.13316450143797479,21,0.029058876558122632
17,S~E,0.4612672270601649,0.11358942952052545,21,0.024787245663079015
17,S>E,0.4677848186045212,0.10490102791730381,21,0.022891280995700976
17,S>>E,0.5067230961097394,0.07577791041146956,21,0.016536095736482927
18,E>>S,0.5864589070422875,0.14159018397204678,21,0.030897511224506076
18,E>S,0.4972567863577839,0.1226380902870812,21,0.02676182532501801
18,S~E,0.4640887121808124,0.09101079619066708,21,0.019860183933425264
18,S>E,0.4513097595031649,0.10008987909153534,21,0.02184140224933041
18,S>>E,0.5006765145217825,0.08014859094787821,21,0.01748985642203354
19,E>>S,0.5799041288257852,0.1639299534330747,21,0.03577244858465004
19,E>S,0.508337713759425,0.13696457964144076,21,0.02988812160641476
19,S~E,0.4581272466263093,0.11677862751354913,21,0.025483185720661505
19,S>E,0.45768180298179206,0.11689222902322186,21,0.02550797560242991
19,S>>E,0.5138120095417891,0.07770779463913857,21,0.016957231001044577
20,E>>S,0.5916512518077436,0.16375877661922011,21,0.03573509474147337
20,E>S,0.5027245995846251,0.14900779271621117,21,0.03251616615525368
20,S~E,0.453438293786577,0.11313576535198555,21,0.024688248025344573
20,S>E,0.4665804567633075,0.1056043558564972,21,0.023044759734735788
20,S>>E,0.5022229457263089,0.09495180447778472,21,0.020720182447242635
21,E>>S,0.5858062148962947,0.15085344835127248,21,0.032918921234038924
21,E>S,0.4888444981057271,0.13617076347772136,21,0.029714896717932683
21,S~E,0.4678008523630079,0.09959937129649665,21,0.02173436467315276
21,S>E,0.46392781484228524,0.11412729145511288,21,0.024904616759682936
21,S>>E,0.5164555496140607,0.07879818949240248,21,0.017195174665448013
22,E>>S,0.5788797533475576,0.14916765310249486,21,0.03255105055148081
22,E>S,0.4958835029568841,0.13559840274934368,21,0.029589997367332168
22,S~E,0.4388373762093387,0.10338390828277899,21,0.02256021834981937
22,S>E,0.45867311980419473,0.10536019381188796,21,0.022991479208485453
22,S>>E,0.5231348675801,0.09187830406042857,21,0.020049489670527738
23,E>>S,0.5757044746020304,0.1646819082705738,21,0.03593653858284184
23,E>S,0.49893210993938863,0.14378512530017212,21,0.03137648669032137
23,S~E,0.4552262133796089,0.10850908813639489,21,0.023678624284555444
23,S>E,0.43997919201408753,0.10357176562694803,21,0.022601212183129275
23,S>>E,0.5051969085175327,0.09999391494843059,21,0.021820461156483784
24,E>>S,0.5782939377943729,0.16500180869534364,21,0.036006346578620715
24,E>S,0.49286866806547736,0.11770604855888739,21,0.025685565584535677
24,S~E,0.4700438123205669,0.10706560691613373,21,0.023363630858074778
24,S>E,0.4477863097608157,0.09398110932270874,21,0.020508359398439657
24,S>>E,0.5286867067456313,0.09603588257012716,21,0.020956747681404663
25,E>>S,0.5545596948825215,0.17687136974184292,21,0.03859649714821511
25,E>S,0.48195966623403874,0.12165351759768733,21,0.026546973949954502
25,S~E,0.44424692788565356,0.0931175742610945,21,0.02031992059914939
25,S>E,0.44073661385280827,0.11581650252437833,21,0.025273232835381326
25,S>>E,0.533629006988461,0.09678370702501836,21,0.0211199363562179
26,E>>S,0.5945935825519998,0.19002097727010606,21,0.041465976760464006
26,E>S,0.49193095167701467,0.13926113152085798,21,0.030389270312358687
26,S~E,0.4465442287076319,0.09019007800940268,21,0.019681088543431424
26,S>E,0.45284737317380563,0.09832708196729045,21,0.021456728379963614
26,S>>E,0.5016610906852845,0.09564279689187867,21,0.020870969354015292
27,E>>S,0.5659917497950869,0.1892121147647896,21,0.04128946849106285
27,E>S,0.5025527300430491,0.15132320244376216,21,0.03302142998103175
27,S~E,0.4630520367277325,0.09837187486151505,21,0.02146650299083887
27,S>E,0.44231884547769373,0.09461665138526797,21,0.020647046046487563
27,S>>E,0.5160633412069723,0.07742895438259592,21,0.01689638306854898
28,E>>S,0.5898436527087718,0.15031907741128464,21,0.03280231193491136
28,E>S,0.4978724464344177,0.1405398093089723,21,0.03066830068157262
28,S~E,0.4613612245992617,0.10269840318476452,21,0.022410628873584634
28,S>E,0.43997875278340975,0.09661351438512598,21,0.021082797277406893
28,S>>E,0.49527805803059577,0.10995270674411158,21,0.0239936476914368
29,E>>S,0.5800138687679467,0.16063310977856893,21,0.03505301831792587
29,E>S,0.4849116182634435,0.13929031476172413,21,0.030395638617610746
29,S~E,0.449693606895534,0.09565682561175014,21,0.020874030671668358
29,S>E,0.4495852420590968,0.10812991768650014,21,0.02359588250893958
29,S>>E,0.49855695497548697,0.09678310781334568,21,0.021119805597510883
30,E>>S,0.5943265009947541,0.1669406904004691,21,0.036429445253730354
30,E>S,0.4964039647998855,0.13946339791349732,21,0.030433408457826088
30,S~E,0.46672533709489433,0.11988631117945858,21,0.02616133789375712
30,S>E,0.45444668897191787,0.10622985989666701,21,0.02318125590671573
30,S>>E,0.5195231822790278,0.08940921026687419,21,0.019510689232103515
31,E>>S,0.5796891308897616,0.1538390671960304,21,0.033570436679390823
31,E>S,0.49070474007313303,0.14813640666245517,21,0.032326014129021974
31,S~E,0.4568568115335238,0.09509529708726368,21,0.02075149510174759
31,S>E,0.46596423411917387,0.09614263765253955,21,0.020980043550260664
31,S>>E,0.5163960534637007,0.09321481780292173,21,0.020341140879686005
32,E>>S,0.5835276959244855,0.161296581738514,21,0.03519779976925582
32,E>S,0.4797849776676064,0.12811569213020635,21,0.027957136042777563
32,S~E,0.44618607335627836,0.11359410441766786,21,0.0247882658092705
32,S>E,0.4496439288654416,0.09253463413388348,21,0.0201927126344555
32,S>>E,0.5252312812810092,0.07382170648956514,21,0.016109217043773574
33,E>>S,0.5821354502924182,0.1751413937516029,21,0.038218985437466005
33,E>S,0.49885631128555924,0.14318240966338744,21,0.031244963355649975
33,S~E,0.4569614727017691,0.11785927111756284,21,0.025719001488026395
33,S>E,0.4540406557887143,0.10364858791253925,21,0.0226179761802141
33,S>>E,0.5047017158696895,0.06518154452605511,21,0.014223779128799144
34,E>>S,0.5798852258859587,0.1589464029636131,21,0.03468494871531954
34,E>S,0.4995386585616455,0.1471999100609531,21,0.032121653816429015
34,S~E,0.4489315653742773,0.0864977793027862,21,0.018875362909552492
34,S>E,0.4484523237641265,0.10185446515041947,21,0.02222646649623995
34,S>>E,0.5098207756520926,0.06520775749636482,21,0.014229499267876948
35,E>>S,0.5617980789299141,0.155903907830367,21,0.0340210218462893
35,E>S,0.48759188552006383,0.14127710800741486,21,0.030829192448020497
35,S~E,0.4537815767571353,0.10072501219493135,21,0.021979999655172524
35,S>E,0.4578285139758587,0.09453343270026235,21,0.020628886240617424
35,S>>E,0.5198303917751419,0.10941459969486174,21,0.023876223106428385
36,E>>S,0.5758546480078052,0.16509653295292767,21,0.03602701710626487
36,E>S,0.48667368400570493,0.13090683794286553,21,0.028566213993357074
36,S~E,0.43905630646847704,0.10316833409735934,21,0.02251317620588775
36,S>E,0.4505792804362073,0.10788784365996423,21,0.023543057625587983
36,S>>E,0.5157627518523623,0.09032224764843258,21,0.019709930323213783
37,E>>S,0.5886428193605273,0.1709241717997796,21,0.03729871216048221
37,E>S,0.48179764798668095,0.12574550664505788,21,0.02743991916674049
37,S~E,0.4379578176480222,0.10562056218305708,21,0.02304829624512616
37,S>E,0.448297970144377,0.0868737230791639,21,0.018957400567280985
37,S>>E,0.525586710912036,0.06099826598138787,21,0.013310912910512366
38,E>>S,0.5974646742181042,0.1892503553438151,21,0.0412978132695392
38,E>S,0.4816409888521931,0.13400732047149927,21,0.029242794749469083
38,S~E,0.45483245064246075,0.10629207178478968,21,0.02319483165368946
38,S>E,0.4463051825965164,0.0879133405577463,21,0.0191842637001097
38,S>>E,0.5178671183953939,0.09509109925203717,21,0.020750579059000903
39,E>>S,0.590083484826401,0.16011140794569106,21,0.03493917364462301
39,E>S,0.4873052510660359,0.14191337908486115,21,0.03096803818015901
39,S~E,0.455707439496815,0.09797805964587938,21,0.021380565465340024
39,S>E,0.43248211729052016,0.09813680065993546,21,0.021415205594521262
39,S>>E,0.5081062974406206,0.10897471066935643,21,0.02378023145134465
40,E>>S,0.5722803746949777,0.1653212008407927,21,0.03607604365875855
40,E>S,0.492541429187803,0.11880097977049857,21,0.02592449916348701
40,S~E,0.4399790134073531,0.1064151280999063,21,0.023221684743154423
40,S>E,0.44628712222636535,0.09314039056700013,21,0.020324899525287096
40,S>>E,0.5125701840908388,0.07187675285406085,21,0.015684793364827004
41,E>>S,0.5720637853635695,0.1545577955227623,21,0.0337272760585031
41,E>S,0.4942273162559978,0.14191412397258393,21,0.030968200727986336
41,S~E,0.43418979229181737,0.09874617652375556,21,0.021548182309884818
41,S>E,0.4506467758078476,0.10060132571994791,21,0.021953009053550913
41,S>>E,0.511519824692005,0.07876033774377408,21,0.01718691473672058
42,E>>S,0.598055417743004,0.17222371936349773,21,0.03758229668809811
42,E>S,0.486246379229972,0.12642041105432777,21,0.027587195383042336
42,S~E,0.4480403272407615,0.10194236087807318,21,0.0222456469164893
42,S>E,0.44108345296614276,0.0994166528722475,21,0.021694492244105863
42,S>>E,0.4850807910881977,0.08022905953863921,21,0.01750741610813967
43,E>>S,0.5992862609588767,0.16322812364650752,21,0.035619296769320574
43,E>S,0.5123331525006075,0.1415841259522389,21,0.03089618925620459
43,S~E,0.45971952629261115,0.10397319498601999,21,0.022688811250944744
43,S>E,0.4529845433537239,0.07771276316793663,21,0.016958315222916468
43,S>>E,0.5069738468218554,0.08053617147048549,21,0.017574433425973465
44,E>>S,0.5781294384594783,0.15202333479467103,21,0.033174211385533045
44,E>S,0.5035791031713327,0.13727264362981395,21,0.02995534668001524
44,S~E,0.44644623711341386,0.07501638909679362,21,0.016369918161824606
44,S>E,0.4475649237320475,0.09412811467980156,21,0.020540438597317842
44,S>>E,0.4965234810227961,0.10130086468341136,21,0.022105660970295777
45,E>>S,0.586777372509126,0.15758346516970034,21,0.034387531305409
45,E>S,0.4805577401056156,0.14717003817079172,21,0.032115135235580634
45,S~E,0.4470622056328805,0.08698797302622523,21,0.018982331949688284
45,S>E,0.45396776317052556,0.10211893439215294,21,0.02228417841620334
45,S>>E,0.4970352912580871,0.10393090089814068,21,0.022679581924318265
46,E>>S,0.5852374295439967,0.13612210335696318,21,0.0297042782090422
46,E>S,0.48968368194513523,0.15080270070325985,21,0.03290784718935517
46,S~E,0.4238497969548619,0.10497385060172691,21,0.022907172208257106
46,S>E,0.4377928065006847,0.08400020882763605,21,0.01833034834974952
46,S>>E,0.49813254048302774,0.08362038490080251,21,0.018247463973774757
47,E>>S,0.5655153434480782,0.15016873411451973,21,0.032769504337880194
47,E>S,0.4992970979755255,0.148479289924349,21,0.03240083739102968
47,S~E,0.44786379230096557,0.10571625369425838,21,0.023069177844814
47,S>E,0.45361428283312544,0.08023460985988465,21,0.01750862728753198
47,S>>E,0.5002657541128175,0.08618673890567008,21,0.018807488330315647
48,E>>S,0.5710568065641124,0.16288329918538696,21,0.03554404990291308
48,E>S,0.5019237739803756,0.14957013395650245,21,0.03263887907430273
48,S~E,0.4587728063414898,0.11617523832519219,21,0.025351515404987045
48,S>E,0.4630152885691401,0.0997073406978958,21,0.021757925528136123
48,S>>E,0.5123988197972387,0.07724344276586362,21,0.016855901114931387
49,E>>S,0.5592308005097792,0.15462773157095805,21,0.033742537355391816
49,E>S,0.48844341534088814,0.13294829238819122,21,0.029011695875428935
49,S~E,0.4468868958232377,0.10431560801307148,21,0.02276353189929724
49,S>E,0.43040033318644094,0.10296220111588565,21,0.022468194301562508
49,S>>E,0.504952463657314,0.07380112520790882,21,0.01610472583991218
50,E>>S,0.587232500204863,0.165458203666011,21,0.03610594012623406
50,E>S,0.49834557965431286,0.13660275782219844,21,0.02980916561237835
50,S~E,0.4584360928655161,0.09849608674989291,21,0.021493608247062916
50,S>E,0.47226447767246366,0.10934980089326782,21,0.02386208284865474
50,S>>E,0.514710045631318,0.08436072721251311,21,0.018409019911088682
51,E>>S,0.5700293322481605,0.15174741076321008,21,0.033113999825522225
51,E>S,0.4951823328217778,0.14615859544050971,21,0.031894420336883965
51,S~E,0.4467692241906595,0.09677772534707783,21,0.02111863104707765
51,S>E,0.4598830793664529,0.10371408442141596,21,0.022632268690198996
51,S>>E,0.4884059061013404,0.08448030625033832,21,0.01843511419643935
52,E>>S,0.5857395240626593,0.16262615793202329,21,0.03548793708111142
52,E>S,0.4775053619161642,0.12434240191473721,21,0.027133736612709774
52,S~E,0.4571774631883369,0.11942346634202491,21,0.026060336869825725
52,S>E,0.45780530608203907,0.08815616326797499,21,0.01923725195963719
52,S>>E,0.5097462516915117,0.0859369822717383,21,0.01875298696458661
53,E>>S,0.5902640714946406,0.15024116098699436,21,0.032785309177188
53,E>S,0.5056751634613512,0.13700575513655774,21,0.029897106836088608
53,S~E,0.46573540925774504,0.115184582879465,21,0.025135336663669662
53,S>E,0.43059016856068494,0.08881078307175622,21,0.01938010171212503
53,S>>E,0.5003801430558555,0.09025796570600636,21,0.01969590285335726
54,E>>S,0.5646168034297021,0.15974570270555882,21,0.03485937021867311
54,E>S,0.48283200106631013,0.12869212240673042,21,0.028082923441588796
54,S~E,0.46244840414321087,0.10636474187934514,21,0.0232106895684066
54,S>E,0.4629238298523345,0.08749181917396909,21,0.01909228019305248
54,S>>E,0.5096652964084357,0.09301826321279148,21,0.02029824915171158
55,E>>S,0.573189063697867,0.15772807812304537,21,0.03441908843898875
55,E>S,0.4941615893210016,0.14416214772637514,21,0.03145875972873905
55,S~E,0.45972959011035885,0.09488404996462148,21,0.020705397200326187
55,S>E,0.45081020662673527,0.08403416107377072,21,0.018337757337269802
55,S>>E,0.4934188341183356,0.0692124584797793,21,0.015103396667503662
56,E>>S,0.5631138884215756,0.15822118439605887,21,0.034526693049547884
56,E>S,0.49598578774646224,0.1381140654883757,21,0.030138959982789034
56,S~E,0.46343584314587066,0.12044412391955496,21,0.02628306261304771
56,S>E,0.45176622238105846,0.09488647720336363,21,0.0207059268672436
56,S>>E,0.5147094853303293,0.08091717403346503,21,0.017657575001441366
57,E>>S,0.577878337269353,0.14551835640333513,21,0.031754708724945006
57,E>S,0.4932063088623164,0.1497364207791631,21,0.03267516583391778
57,S~E,0.45268389824425526,0.10925422132731494,21,0.02384122567742283
57,S>E,0.4529900426185349,0.10173678766406509,21,0.02220078716343942
57,S>>E,0.5155136176691689,0.08141810256101419,21,0.017766886567882164
58,E>>S,0.6146933090559005,0.14867470300332664,21,0.0324434800208487
58,E>S,0.4861374399869169,0.1313936503918525,21,0.028672445178915627
58,S~E,0.4447668074376492,0.10716729022596365,21,0.023385819975418075
58,S>E,0.4498954316603709,0.11207840722925837,21,0.02445751356657916
58,S>>E,0.5167994159092121,0.1032305978434024,21,0.022526763269187455
59,E>>S,0.5857710493826813,0.1632116422739541,21,0.03561570023897377
59,E>S,0.48962210340115453,0.1324067279002843,21,0.02889351681545115
59,S~E,0.44583088954161837,0.09661747932135219,21,0.021083662497425097
59,S>E,0.4426024414773554,0.09363777797478343,21,0.020433438356043516
59,S>>E,0.513332936610522,0.08934947470690846,21,0.01949765386423573
60,E>>S,0.6044963144568839,0.14882210664623916,21,0.03247564613281817
60,E>S,0.4933890273463701,0.14138623047007368,21,0.03085300492159926
60,S~E,0.45754670073430037,0.09082785589803166,21,0.019820263088727207
60,S>E,0.4656639213013125,0.09751847745149847,21,0.021280276408492192
60,S>>E,0.5181011152641413,0.08545658102621556,21,0.018648154818321896
61,E>>S,0.57608894807878,0.13987537934822855,21,0.030523310177329534
61,E>S,0.4985360180675813,0.1294246661966103,21,0.028242777601921863
61,S~E,0.45075866897207667,0.09454635990479289,21,0.020631707187916726
61,S>E,0.45333880315544306,0.0959580379698169,21,0.020939760596958696
61,S>>E,0.5174244636714288,0.0919140168453985,21,0.020057282839118326
62,E>>S,0.5763826060294033,0.15149153972426896,21,0.033058164187232
62,E>S,0.4982426718396301,0.13526181521174566,21,0.0295165479449978
62,S~E,0.46439359998093804,0.11323797177411933,21,0.024710551295151175
62,S>E,0.45671087001119365,0.09678902745443302,21,0.02112109736909992
62,S>>E,0.49728852157956366,0.085172468780368,21,0.01858615644344283
63,E>>S,0.5713318078037671,0.14314317287313832,21,0.031236401186062183
63,E>S,0.5017243822180619,0.14643375040487086,21,0.03195446407269482
63,S~E,0.4673103695085019,0.1004462380818795,21,0.021919166156369938
63,S>E,0.4637521330141366,0.10913491105789545,21,0.023815190042146623
63,S>>E,0.5072070530119228,0.0857598760858543,21,0.01871433922635526
64,E>>S,0.5653951269408928,0.15850316783900678,21,0.03458822688154946
64,E>S,0.5052518456196716,0.12310115977407891,21,0.026862875371503316
64,S~E,0.44928230009258147,0.09408577036395536,21,0.0205311983100504
64,S>E,0.4674480673608156,0.08121447167616698,21,0.01772245066580392
64,S>>E,0.5136452808809627,0.09066593598626133,21,0.019784929267193486
65,E>>S,0.5937479321255009,0.1531840887963187,21,0.03342750867485558
65,E>S,0.515650781036189,0.12497885402006542,21,0.027272621848370752
65,S~E,0.46408781878641203,0.10683657089019946,21,0.023313651099707365
65,S>E,0.45898737154127617,0.09764080919510175,21,0.02130697138349019
65,S>>E,0.5067908875107082,0.08988643816281588,21,0.019614828896717673
66,E>>S,0.5773220139243086,0.15697584380533144,21,0.034254937453214104
66,E>S,0.49424413621329466,0.1243242522436243,21,0.027129776029771038
66,S~E,0.4469931087838762,0.09579368651599876,21,0.020903896169449283
66,S>E,0.4529993899465292,0.08269999085584036,21,0.018046617527097346
66,S>>E,0.5104851615168915,0.08129214912990813,21,0.017739401275878218
67,E>>S,0.5742988834662829,0.13782718076959288,21,0.0300763566047153
67,E>S,0.5030228958128161,0.13146059877614658,21,0.02868705451409099
67,S~E,0.4636066976677084,0.09030761744384873,21,0.019706737750835774
67,S>E,0.45413293817198813,0.0963151563761759,21,0.021017690222158793
67,S>>E,0.49378112412608516,0.10290495446921755,21,0.022455702059103508
68,E>>S,0.5873877050547426,0.15084829670474056,21,0.03291779705260149
68,E>S,0.5022251087276282,0.13356673147307255,21,0.029146650347771214
68,S~E,0.4725687258998091,0.09343157896375301,21,0.02038844204288771
68,S>E,0.4507855506469004,0.0882670782509111,21,0.01926145559320907
68,S>>E,0.5029911275622948,0.09329957771261473,21,0.020359637008355802
69,E>>S,0.59256981340093,0.17273567077486945,21,0.03769401364499098
69,E>S,0.5055148385857843,0.13848955945765581,21,0.030220899484561678
69,S~E,0.4514822812217868,0.08603224872051157,21,0.01877377580804819
69,S>E,0.45528253979724115,0.08712232680889279,21,0.019011650348687223
69,S>>E,0.49224341543262234,0.09644370038369729,21,0.021045740824282594
70,E>>S,0.574706709781611,0.15922490391588134,21,0.03474572260555223
70,E>S,0.4967875673176318,0.11843848166010419,21,0.025845395590622215
70,S~E,0.4574788913283237,0.1088002077016373,21,0.023742151781889063
70,S>E,0.46386806126257796,0.09963758370127669,21,0.021742703303504703
70,S>>E,0.4935496902812865,0.09279056144510274,21,0.020248560552363536
71,E>>S,0.5868662781901021,0.15803400070297327,21,0.034485846218956166
71,E>S,0.4941995971223516,0.13306952440267034,21,0.029038150869857626
71,S~E,0.43823633949744656,0.07803420390217836,21,0.017028459341778605
71,S>E,0.4567931938779652,0.08738146708584847,21,0.019068199393199665
71,S>>E,0.501900940810134,0.06594419109745216,21,0.014390202254605121
72,E>>S,0.5870441378032807,0.1584227320817436,21,0.03457067436029995
72,E>S,0.4891272055955413,0.14588816178563202,21,0.03183540687526775
72,S~E,0.4594363712884256,0.10826864811024611,21,0.02362615596932097
72,S>E,0.4540559966353805,0.08933620192797634,21,0.019494757506419592
72,S>>E,0.5091113659618814,0.08490124488857106,21,0.01852697053799331
73,E>>S,0.5762322810542357,0.1518500018231363,21,0.0331363870301764
73,E>S,0.49869698523009215,0.12393012722966891,21,0.027043770900736463
73,S~E,0.4465967415441259,0.11330192842373639,21,0.024724507780297174
73,S>E,0.4358659125952539,0.10202326809632929,21,0.02226330231896201
73,S>>E,0.4966898436640281,0.06813525037493903,21,0.014868330587520306
74,E>>S,0.5860711538948389,0.14776378185486744,21,0.03224470072966058
74,E>S,0.49671266939718284,0.13035972338718566,21,0.02844682380929921
74,S~E,0.4632706946672258,0.09734684328275592,21,0.021242822762296783
74,S>E,0.45145610678877274,0.0783062363956325,21,0.017087821698575804
74,S>>E,0.5189409689952554,0.0769059153479827,21,0.016782246593904614
75,E>>S,0.5885172811757489,0.1482521448140188,21,0.032351270264276005
75,E>S,0.5058575458455942,0.13916917893861652,21,0.030369204613860203
75,S~E,0.45282352259778946,0.08137450932738481,21,0.017757373744410998
75,S>E,0.47118221948201494,0.10555229396722889,21,0.023033398899097956
75,S>>E,0.5007937034393214,0.06369394159955725,21,0.013899157556669895
76,E>>S,0.5773972843573427,0.18955186715499348,21,0.04136360854085578
76,E>S,0.4927657552493099,0.1333898612249871,21,0.029108054095388494
76,S~E,0.4492793782613786,0.09788583472981235,21,0.021360440338728685
76,S>E,0.4434125818398946,0.08743152069367072,21,0.019079121985897333
76,S>>E,0.49687956779922143,0.08418883859906812,21,0.018371510740507125
77,E>>S,0.5943420815104974,0.15050937563492386,21,0.03284383841178956
77,E>S,0.4844590073833078,0.12683967428869922,21,0.02767868612150039
77,S~E,0.47098283548572784,0.10541629957374404,21,0.02300372248946777
77,S>E,0.4446485694999349,0.09797873491020101,21,0.02138071282009564
77,S>>E,0.505146489656003,0.07549506042984368,21,0.01647437281023924
78,E>>S,0.6055710977820165,0.180712477250011,21,0.03943469552481717
78,E>S,0.5032494224874666,0.12135985734080589,21,0.026482892028251673
78,S~E,0.46070257266699394,0.09175516089675459,21,0.020022617629153815
78,S>E,0.43458692452980136,0.07992358594664882,21,0.017440756305372715
78,S>>E,0.4871968866292666,0.08516004227210852,21,0.01858344475702745
79,E>>S,0.6012848445136998,0.1602335601371352,21,0.03496582943812765
79,E>S,0.5019672191649469,0.12707515403269415,21,0.027730072014428276
79,S~E,0.45089855779220867,0.10109819282836836,21,0.02206143434567808
79,S>E,0.4577956705596377,0.08113339537145359,21,0.017704758365641234
79,S>>E,0.5215454856907529,0.08885528493793098,21,0.01938981281547325
80,E>>S,0.5686051285753856,0.14343282686882064,21,0.0312996088698984
80,E>S,0.48596773714382285,0.13086928246456303,21,0.0285580187161151
80,S~E,0.45537871092536053,0.09313029262064132,21,0.02032269597273696
80,S>E,0.45681242175234177,0.09291721043690435,21,0.020276197628155
80,S>>E,0.4863392559532587,0.0859467720008771,21,0.018755123258625262
81,E>>S,0.5781901719297148,0.12143642070243549,21,0.02649959952349586
81,E>S,0.4898663119689165,0.12845508607562145,21,0.028031197873504915
81,S~E,0.46112404365300735,0.09392256587251914,21,0.020495584170252146
81,S>E,0.43302572872892453,0.10558395164327378,21,0.023040307170374245
81,S>>E,0.503273136840301,0.09200931806161673,21,0.020078079269458392
82,E>>S,0.5997239752270028,0.15093517888911318,21,0.03293675629957438
82,E>S,0.4993218085130779,0.12590133492533925,21,0.027473923685302597
82,S~E,0.4474858314722133,0.08606838980365165,21,0.018781662438961864
82,S>E,0.45956913268096095,0.09689607556241815,21,0.02114445718137819
82,S>>E,0.49405911260010965,0.095175498192031,21,0.020768996417624513
83,E>>S,0.5913951736153683,0.15659175488248975,21,0.03417112237880857
83,E>S,0.5070702052791548,0.12196972734245845,21,0.026615976573330518
83,S~E,0.4632843603748186,0.08765629606489458,21,0.019128171993182817
83,S>E,0.46230969177365866,0.09137468583889632,21,0.019939591164740568
83,S>>E,0.49461956370944166,0.09462367695760684,21,0.02064857915206105
84,E>>S,0.5989589596287855,0.1428534823551384,21,0.031173185532402867
84,E>S,0.4890744889687428,0.13301149121135805,21,0.0290254869892858
84,S~E,0.45030050081941586,0.11582112057452819,21,0.025274240576542033
84,S>E,0.4594647236696175,0.0997040908742256,21,0.021757216358471172
84,S>>E,0.514172787170996,0.10295749220329399,21,0.02246716673259145
85,E>>S,0.6047807894099013,0.15395566694935423,21,0.03359588083156318
85,E>S,0.49837816658716716,0.13102844194347307,21,0.02859275016181391
85,S~E,0.4453486721635767,0.09455460274027926,21,0.020633505922086123
85,S>E,0.44655173968778106,0.0918813546139478,21,0.020050155355880752
85,S>>E,0.516181876320086,0.08882287639538651,21,0.019382740691693573
86,E>>S,0.593627540050434,0.15466717548041786,21,0.033751144722096796
86,E>S,0.5020411852768493,0.12595965995206054,21,0.027486651249581676
86,S~E,0.4488872368680493,0.09990321342455313,21,0.021800668461302058
86,S>E,0.44393217958467285,0.08351108105784633,21,0.018223611919770174
86,S>>E,0.49088124119262183,0.08025791478143526,21,0.01751371283834487
87,E>>S,0.5794584774144932,0.14577168541570612,21,0.03180998964756017
87,E>S,0.4751371500988418,0.14524475131677925,21,0.03169500320019895
87,S~E,0.4534759536450383,0.10179209954638647,21,0.022212857205704574
87,S>E,0.4697044696654425,0.08696205898960577,21,0.018976677043289685
87,S>>E,0.5197463770594378,0.09263620180718884,21,0.020214876517840374
88,E>>S,0.5883077999450146,0.15666229565494535,21,0.03418651563734945
88,E>S,0.4974447537877788,0.12322286743485791,21,0.026889434160464066
88,S~E,0.44896356922987596,0.10811267919914008,21,0.023592120762597008
88,S>E,0.440716922682664,0.09360891157411834,21,0.020427139190991674
88,S>>E,0.4933510983296209,0.07428240229286341,21,0.016209749110009896
89,E>>S,0.5779234142838272,0.1445390459040166,21,0.03154100565389776
89,E>S,0.4819868878542299,0.12892742371468607,21,0.028134270396580646
89,S~E,0.4477967581114396,0.1018773845893292,21,0.022231467927844223
89,S>E,0.439169188655861,0.09731658871818935,21,0.02123622067504706
89,S>>E,0.4984145776883345,0.07706152260726289,21,0.01681620288173014
90,E>>S,0.5785783686155314,0.16117015305529442,21,0.03517021076873833
90,E>S,0.48874384601339005,0.13331914115801977,21,0.029092621711577532
90,S~E,0.44341277730582956,0.09228683742046416,21,0.020138638958445722
90,S>E,0.45622211769944004,0.11612784479641036,21,0.025341173289125437
90,S>>E,0.5011277275184479,0.08462645024724766,21,0.01846700543111556
91,E>>S,0.5885745814153138,0.14583222488426933,21,0.031823200442666046
91,E>S,0.4964534274004618,0.12849520882568083,21,0.02803995337537334
91,S~E,0.43517018351443004,0.09855157414298157,21,0.02150571658891742
91,S>E,0.441171631006296,0.09113123701098756,21,0.01988646627513389
91,S>>E,0.5017213100272732,0.07741862737030077,21,0.01689412952971349
92,E>>S,0.5826512132679199,0.1534514323680535,21,0.03348584782504771
92,E>S,0.5075853729761448,0.1384785179739495,21,0.030218490035282212
92,S~E,0.44263688804863693,0.08504819086338068,21,0.018559036778594936
92,S>E,0.47618678767361367,0.09639515347376808,21,0.021035147020020364
92,S>>E,0.5035647901706968,0.10153803080689904,21,0.022157414861398706
93,E>>S,0.5776156473236852,0.1436991631564911,21,0.03135772821268713
93,E>S,0.49829788416491255,0.1286002681120969,21,0.028062879191204756
93,S~E,0.4488838833943888,0.10081900064188008,21,0.022000509615772233
93,S>E,0.44678111968564516,0.10468698622029923,21,0.022844573268158107
93,S>>E,0.5118497705503655,0.0882937398429888,21,0.0192672736295826
94,E>>S,0.5748222889182608,0.15762328220420244,21,0.034396220094673496
94,E>S,0.49308060650158986,0.13397973226904064,21,0.029236774510133158
94,S~E,0.45353547574949166,0.08186245970536808,21,0.01786385324643436
94,S>E,0.43240486556887286,0.09083957757084549,21,0.019822820967438676
94,S>>E,0.49906247708053086,0.09020238357221919,21,0.01968377383738741
95,E>>S,0.5892482144838797,0.14074801720934957,21,0.030713735370323413
95,E>S,0.4820648869596111,0.14148903734398513,21,0.030875439220725977
95,S~E,0.4465337145892577,0.09877941345529159,21,0.02155543520296253
95,S>E,0.4533140252251839,0.08952580653411621,21,0.019536132623550462
95,S>>E,0.504947391939187,0.0942359863889908,21,0.02056397813411327
96,E>>S,0.5864095046073263,0.13621958065562564,21,0.029725549499502228
96,E>S,0.49374968628917754,0.13159029248104995,21,0.028715356000751893
96,S~E,0.44185326625511434,0.09843811292756403,21,0.02148095732186539
96,S>E,0.4479092184427246,0.09501104702540629,21,0.02073311023099682
96,S>>E,0.49576162413585606,0.11231638953936035,21,0.024509445564203102
97,E>>S,0.575531458388044,0.1305179429617451,21,0.028481350151053606
97,E>S,0.49453214483324115,0.13115078341319272,21,0.028619447259224502
97,S~E,0.4491496759670409,0.08775477745540636,21,0.019149662394447806
97,S>E,0.44194986263290176,0.09200695272559674,21,0.02007756311082241
97,S>>E,0.5087296697513729,0.07877778429671349,21,0.01719072188669491
98,E>>S,0.5877771594570145,0.13804370221663523,21,0.030123605458079725
98,E>S,0.48883915572183917,0.1217615601738173,21,0.026570550772973246
98,S~E,0.46029161778293437,0.08947618514103012,21,0.019525304347840642
98,S>E,0.4367177809203945,0.09933688203379046,21,0.02167708482003541
98,S>>E,0.5230145914408029,0.07616863774092633,21,0.01662135942997453
99,E>>S,0.5559197370828193,0.12687977511952858,21,0.027687436840200686
99,E>S,0.49419138375575083,0.1327397994062009,21,0.028966198976769997
99,S~E,0.46281107745363165,0.11626515574016535,21,0.025371136993577965
99,S>E,0.44148268856776823,0.07903967761487056,21,0.017247871694050048
99,S>>E,0.510739501632783,0.0972759871725163,21,0.021227360691409965
100,E>>S,0.6020800283944188,0.1379775545050459,21,0.030109170844012764
100,E>S,0.4935521241511969,0.1437439094227884,21,0.03136749264851447
100,S~E,0.44487204527591345,0.09893753854166476,21,0.02158994092570427
100,S>E,0.4274082314292758,0.08761458895407673,21,0.019119070755452307
100,S>>E,0.5008213477053604,0.08442734326128522,21,0.01842355672470759
101,E>>S,0.573552250136645,0.1542327702659771,21,0.03365634973269402
101,E>S,0.48463619857790374,0.12508924135837537,21,0.027296710340445517
101,S~E,0.45449972220569573,0.09207119492727721,21,0.020091581908537236
101,S>E,0.4550570401196058,0.07970111949650749,21,0.017392210145974585
101,S>>E,0.5256969567652635,0.08750728244079363,21,0.019095654554515087
102,E>>S,0.589259900792703,0.1553310289969038,21,0.0338960094358901
102,E>S,0.5035911500623614,0.14462601967509187,21,0.03155998488672767
102,S~E,0.45401775674109984,0.08634629435014016,21,0.018842306182783576
102,S>E,0.45871454308623216,0.07508353208206382,21,0.016384569962414417
102,S>>E,0.5035198160558799,0.09053560322595541,21,0.019756488327210896
103,E>>S,0.5680372337239336,0.13334199973404573,21,0.02909760986181172
103,E>S,0.48506543448300654,0.12199343052297075,21,0.026621149031373796
103,S~E,0.4428738862857993,0.09284598803787948,21,0.02026065562650225
103,S>E,0.4453490075262255,0.08829091866927903,21,0.019266657999007664
103,S>>E,0.5010788451500041,0.07111908159044819,21,0.01551945594018901
104,E>>S,0.6011513294053268,0.15912927504666208,21,0.03472485467546555
104,E>S,0.4973425918725827,0.14006369666796695,21,0.030564404385537744
104,S~E,0.4477232995888433,0.1050421966331637,21,0.022922086535043247
104,S>E,0.43270453848593715,0.0830837827074387,21,0.018130367775242903
104,S>>E,0.49540795805231286,0.09437431927579086,21,0.02059416484482103
105,E>>S,0.5919689921652088,0.12412503854389828,21,0.02708630403651072
105,E>S,0.4936416673950666,0.11529672348891323,21,0.025159807750873234
105,S~E,0.4643827947095761,0.10279161487755738,21,0.022430969332531216
105,S>E,0.4564154618889555,0.0880538178388025,21,0.019214918356007873
105,S>>E,0.5164742763706486,0.07411523875903626,21,0.016173271036333745
106,E>>S,0.578930418191691,0.15342665728026642,21,0.0334804414576604
106,E>S,0.4817789337995036,0.1439835321602706,21,0.03141978261674041
106,S~E,0.4464427547605868,0.10046554108552562,21,0.021923378417100813
106,S>E,0.4500146927770052,0.08494729786083595,21,0.01853702012044005
106,S>>E,0.5179354366629477,0.08966262042833416,21,0.019565987862901674
107,E>>S,0.5831272959909242,0.1468020599524688,21,0.032034835805125415
107,E>S,0.4857603760420607,0.12758842430023304,21,0.027842076769331477
107,S~E,0.4513678389514638,0.08370859237869982,21,0.018266712423504545
107,S>E,0.45205628005561893,0.09784604531530247,21,0.021351757576640613
107,S>>E,0.5045636951884747,0.06729388790991409,21,0.014684730245478807
108,E>>S,0.5727235275364213,0.13406802721449165,21,0.02925604204684798
108,E>S,0.47287452509345856,0.12585556774549636,21,0.02746393646787523
108,S~E,0.4418998436349921,0.09226943194166537,21,0.020134840771583704
108,S>E,0.4467384171541551,0.09675267747475784,21,0.021113165153225078
108,S>>E,0.5083860292587905,0.07369095574417814,21,0.016080684891968438
109,E>>S,0.5599620949026589,0.13212834037708884,21,0.028832767677471415
109,E>S,0.49490991938211776,0.14097742792103327,21,0.030763796891824565
109,S~E,0.44792060320105537,0.09741308137485707,21,0.021257277099008355
109,S>E,0.4674233621155664,0.08308698961155457,21,0.018131067579093257
109,S>>E,0.525984501986539,0.0772326058536359,21,0.01685353630680838
110,E>>S,0.5896157285584612,0.1485548890424748,21,0.03241733447109079
110,E>S,0.4944264515994753,0.126650178159563,21,0.0276373346759924
110,S~E,0.4352057262246583,0.0826843099700225,21,0.018043195677277142
110,S>E,0.44941296996336966,0.09976384310691734,21,0.021770255364626054
110,S>>E,0.514842284923186,0.10065871348088519,21,0.021965532089668012
111,E>>S,0.6024024715417657,0.13272518216988533,21,0.02896300923430013
111,E>S,0.4928004073678661,0.11191024359687501,21,0.024420817253506043
111,S~E,0.4342028277375125,0.09537753516565825,21,0.020813084499759115
111,S>E,0.4575577271797152,0.0884775545625684,21,0.01930738528988358
111,S>>E,0.4924803327087582,0.1160436085134401,21,0.025322791425174344
112,E>>S,0.6050464762077018,0.15395369254796074,21,0.033595449981856616
112,E>S,0.5080511735691627,0.1345664479564675,21,0.029364806369611807
112,S~E,0.4493210153951215,0.0832894995183952,21,0.018175258863715908
112,S>E,0.4403088474491398,0.06900771893415071,21,0.015058718835808714
112,S>>E,0.4945519219597922,0.10384303185874041,21,0.022660407327923276
113,E>>S,0.5810204736824716,0.1494944488908313,21,0.0326223632389496
113,E>S,0.5016026642184256,0.13345746358921803,21,0.029122806140685933
113,S~E,0.4470429562520124,0.08617791450402368,21,0.018805562688005775
113,S>E,0.4511986532873611,0.09333460782479641,21,0.02036728120553082
113,S>>E,0.49831104734713516,0.09760140752747769,21,0.021298373234709487
114,E>>S,0.5836820856779027,0.15103557510857232,21,0.03295866455077242
114,E>S,0.48753108088251595,0.11467860043934026,21,0.025024922243089182
114,S~E,0.43975412583828494,0.09104424836413873,21,0.019867483796144055
114,S>E,0.445528552963164,0.09589513686454337,21,0.02092603445047239
114,S>>E,0.506185522680539,0.0895741745169172,21,0.019546687382712265
115,E>>S,0.5780853756467194,0.1583939469310462,21,0.034564392925444644
115,E>S,0.47980696203221673,0.11623859206250911,21,0.02536534032388291
115,S~E,0.42298782087218956,0.09645940079565772,21,0.021049166935056433
115,S>E,0.4390746881546294,0.09126438648343611,21,0.01991552187209765
115,S>>E,0.5183323720948378,0.09275928870021795,21,0.02024173627995289
116,E>>S,0.5903161557082433,0.15471870015801562,21,0.03376238832853727
116,E>S,0.5127784472712533,0.12323513440692832,21,0.026892111033228853
116,S~E,0.4476060474301221,0.09616909748142752,21,0.020985817558296604
116,S>E,0.4443178321421761,0.07858715143572938,21,0.017149122385961304
116,S>>E,0.5042770471273629,0.0886657408284827,21,0.019348450899802788
117,E>>S,0.572315126262076,0.12115057543132689,21,0.026437222971500605
117,E>S,0.4980480073701745,0.12576040590678247,21,0.027443170452200107
117,S~E,0.44252497846868166,0.09295109352466681,21,0.020283591524081206
117,S>E,0.44389968648425354,0.09731551254588493,21,0.021235985834997258
117,S>>E,0.5290401181340021,0.0887825177582856,21,0.019373933715052614
118,E>>S,0.600060039328707,0.14595126912792392,21,0.031849178026361086
118,E>S,0.4812070293749955,0.12941125300934833,21,0.028239850604496214
118,S~E,0.45563004299513093,0.08891607122935155,21,0.019403077471742317
118,S>E,0.4357167561339414,0.09911396561139912,21,0.021628440468642218
118,S>>E,0.5014099380021105,0.0848287497335515,21,0.01851115079821261
119,E>>S,0.5834755629814401,0.14359859347069512,21,0.03133578210803104
119,E>S,0.48370241268170894,0.14452216101624457,21,0.03153732106931128
119,S~E,0.4471214615137158,0.08044857340338793,21,0.017555317960582684
119,S>E,0.46270151192435643,0.08643482184024036,21,0.01886162446490113
119,S>>E,0.5075439881273497,0.09158147976115252,21,0.01998471729816894
120,E>>S,0.5809440524253364,0.13104058507997246,21,0.028595400011441653
120,E>S,0.501641908369258,0.118743966391396,21,0.025912057824184022
120,S~E,0.42910184338702656,0.08963122579979463,21,0.019559136993297033
120,S>E,0.44911377825411,0.0769183749247001,21,0.016784965496449117
120,S>>E,0.5026064761668996,0.07863192148541669,21,0.01715889201174983
121,E>>S,0.591266047446821,0.15236495335605538,21,0.03324875866726379
121,E>S,0.4931744533021211,0.1181122271948719,21,0.025774201029539152
121,S~E,0.4415336061272398,0.0840883762124764,21,0.01834958805045701
121,S>E,0.433336071419063,0.08053928018482547,21,0.01757511180305808
121,S>>E,0.5015560576089568,0.07853893331696596,21,0.017138600329813604
122,E>>S,0.587883525751371,0.13416914604444552,21,0.029278107984583645
122,E>S,0.5122155945120606,0.1454246897738798,21,0.03173426899067974
122,S~E,0.4450705621754252,0.11093193682290955,21,0.02420733321328772
122,S>E,0.44808128342946335,0.09721119129418941,21,0.021213221071545486
122,S>>E,0.5126830821227509,0.11098292245543312,21,0.02421845919044936
123,E>>S,0.5951639698278883,0.1346650904682016,21,0.029386331930410004
123,E>S,0.4919593409375989,0.1222635652527874,21,0.026680097262193857
123,S~E,0.44461527048206256,0.08946433768366698,21,0.019522719020690197
123,S>E,0.4477355606647572,0.09261872091218037,21,0.020211061873812188
123,S>>E,0.49754342249865724,0.0873587766639627,21,0.019063247937207185
124,E>>S,0.5995437164157129,0.1609424608250844,21,0.035120524250638774
124,E>S,0.4952397431594549,0.126890521864923,21,0.02768978197230756
124,S~E,0.4431013810684797,0.0988747162477693,21,0.021576231977270616
124,S>E,0.42999107544139054,0.09899220738806197,21,0.021601870646026703
124,S>>E,0.48593229218523615,0.08581260515455792,21,0.018725845652481875
125,E>>S,0.5800421179244336,0.132454758410549,21,0.02890399793206807
125,E>S,0.5061952787729566,0.11853385616268665,21,0.025866208013358066
125,S~E,0.43016608199349093,0.07748703023680045,21,0.016909056258927146
125,S>E,0.4473408731027301,0.10423639281798754,21,0.02274624572655139
125,S>>E,0.509162921905123,0.09116702367689339,21,0.01989427556586644
126,E>>S,0.5771131237823874,0.1454042540255015,21,0.031729809544783244
126,E>S,0.4927459372706859,0.12769025518778152,21,0.027864298090773166
126,S~E,0.44306213095217084,0.08893432713220761,21,0.01940706123634792
126,S>E,0.4514527423720529,0.08825621705986969,21,0.019259085487014563
126,S>>E,0.47509986393830705,0.08930785386965535,21,0.0194885714529405
127,E>>S,0.5905032944880321,0.17903628190273566,21,0.03906891971251136
127,E>S,0.49037246665896395,0.12532152301193072,21,0.027347398352824893
127,S~E,0.44451849325677745,0.10419822126104358,21,0.02273791600992806
127,S>E,0.4442023716990195,0.09843459350333993,21,0.02148018932053636
127,S>>E,0.5061402799494608,0.09503615804042079,21,0.02073858990371497
128,E>>S,0.5900206262465832,0.1352142711527715,21,0.0295061729807552
128,E>S,0.4836814878123388,0.1319543765423384,21,0.02879480565647481
128,S~E,0.43301241208988483,0.09496074856891924,21,0.020722134207940092
128,S>E,0.4408988320216557,0.09376160808819485,21,0.02046046030213984
128,S>>E,0.5128897929362198,0.07689649936016471,21,0.01678019185690848
129,E>>S,0.5994050189806063,0.1612486653139171,21,0.035187343548172635
129,E>S,0.48427360122083307,0.1154752442594874,21,0.02519876417679123
129,S~E,0.4407090400323004,0.08207431486021859,21,0.01791008383136146
129,S>E,0.4403973430532463,0.07066771686090144,21,0.01542096008118038
129,S>>E,0.48627196684666063,0.09051612083559507,21,0.019752236921089707
130,E>>S,0.5891567635073733,0.17375192138902557,21,0.03791577770996316
130,E>S,0.48978995987751395,0.12432752622107972,21,0.02713049047022404
130,S~E,0.4328928232504436,0.08717946927480791,21,0.019024119857042103
130,S>E,0.4505699260458608,0.0974092414109656,21,0.021256439150189377
130,S>>E,0.49723251165819526,0.07377801157306269,21,0.016099682031280368
131,E>>S,0.5977233508782103,0.15248848485776853,21,0.03327571545094532
131,E>S,0.47003771653030835,0.12823981683988628,21,0.027984222275050073
131,S~E,0.4394573303163421,0.07780095420379271,21,0.01697756008469871
131,S>E,0.43851366518816787,0.09581300779503783,21,0.020908112418197847
131,S>>E,0.5188698036738469,0.09434255784914031,21,0.020587233933306463
132,E>>S,0.5744696846082153,0.1411646723923237,21,0.03080465698530792
132,E>S,0.5020978357654377,0.12268586433789969,21,0.026772250477595648
132,S~E,0.4386659043431949,0.0953499620474442,21,0.020807067552075217
132,S>E,0.4369453813631058,0.10055083423439043,21,0.021941990908097675
132,S>>E,0.49177764990217665,0.0933821435205897,21,0.02037765434477773
133,E>>S,0.5877076750722606,0.14668587209677542,21,0.03200948153638496
133,E>S,0.48373295235588615,0.11221509492440093,21,0.02448734126703439
133,S~E,0.4525497025324539,0.09419775934767212,21,0.02055563630980674
133,S>E,0.43983745161859905,0.08790377048561918,21,0.019182175339160713
133,S>>E,0.4908133350751235,0.06992664340663766,21,0.01525924459548104
134,E>>S,0.6004602318571932,0.12484652618255027,21,0.027243745546848705
134,E>S,0.48345287209059395,0.13179796973301844,21,0.028760674892526466
134,S~E,0.45760217666331016,0.08575236821965822,21,0.01871270087563378
134,S>E,0.4293669610355646,0.07928578059034062,21,0.017301575766137927
134,S>>E,0.5018287204055196,0.089019683730906,21,0.019425687573233603
135,E>>S,0.603548985601286,0.1715950572079708,21,0.03744511135884781
135,E>S,0.49675050489701383,0.130132897101753,21,0.028397326255842025
135,S~E,0.4410299345759133,0.08223556362735855,21,0.017945271197129898
135,S>E,0.4507704234404314,0.09741263638794152,21,0.02125717999490246
135,S>>E,0.5199594844129402,0.0813326835626671,21,0.01774824661427679
136,E>>S,0.590572665772982,0.14969729708344418,21,0.032666628343579765
136,E>S,0.4974995044951504,0.11899371357383705,21,0.02596655712742869
136,S~E,0.44631730234251094,0.0770537654729774,21,0.016814510136252084
136,S>E,0.43779059709457174,0.09100578023175641,21,0.019859089361454266
136,S>>E,0.48803649481488054,0.1038389938871834,21,0.02265952617028927
137,E>>S,0.6014010007459292,0.1547311038703541,21,0.03376509504047487
137,E>S,0.48533465926996167,0.11867829443243985,21,0.025897727027852948
137,S~E,0.44138592951609795,0.09959373898201686,21,0.02173313560136983
137,S>E,0.4452363559110206,0.0933340309578966,21,0.020367155322852996
137,S>>E,0.4914502074698788,0.07932387448579921,21,0.017309888535635767
138,E>>S,0.5958013111357953,0.15852009717281496,21,0.03459192116505618
138,E>S,0.47363353130695895,0.1210320633087194,21,0.026411361506137813
138,S~E,0.46750195423126695,0.10136650132336791,21,0.022119984059389277
138,S>E,0.444741318940464,0.08547274149963097,21,0.01865168132273582
138,S>>E,0.4947707769747624,0.09370660369136978,21,0.02044845735871097
139,E>>S,0.5609485662289155,0.12849551504086307,21,0.028040020197004367
139,E>S,0.48715562721329114,0.12481141585564039,21,0.027236083845384933
139,S~E,0.4167770289764967,0.0942477803288105,21,0.020566551782778292
139,S>E,0.441955093788182,0.1051835673037593,21,0.022952936144521867
139,S>>E,0.5007378753208628,0.09124701270125603,21,0.019911730602004893
140,E>>S,0.5812311509726015,0.1614496413414799,21,0.0352312001128954
140,E>S,0.49201626044589475,0.12827175816647896,21,0.027991192443950465
140,S~E,0.4418915483189806,0.09437195940692299,21,0.02059364987921545
140,S>E,0.45452870322555455,0.09165738680958671,21,0.02000128157413229
140,S>>E,0.5059591166708588,0.08393809246117268,21,0.01831679344731076
141,E>>S,0.5637947405145066,0.12125492277245474,21,0.026459993428133263
141,E>S,0.4900379710618699,0.12118748556051258,21,0.026445277422019846
141,S~E,0.4387717676012803,0.08479264814869797,21,0.018503272786531695
141,S>E,0.45008443484083266,0.10047273355097637,21,0.02192494794173707
141,S>>E,0.509385567757628,0.10655405177165954,21,0.02325200037370825
142,E>>S,0.5833798684063428,0.11146632936047218,21,0.024323947225392495
142,E>S,0.48512066299708906,0.11739984072115515,21,0.025618745556212026
142,S~E,0.4386611759280853,0.10642805132032998,21,0.023224504821050332
142,S>E,0.44093484020876245,0.09378223501379171,21,0.02046496146632564
142,S>>E,0.47890067250882107,0.0941353242426762,21,0.02054201185291787
143,E>>S,0.6021203380132422,0.16285236482940355,21,0.03553729947301457
143,E>S,0.48816917994622117,0.13189185029640127,21,0.028781161311002033
143,S~E,0.43576685896349543,0.08387791515054704,21,0.018303661681545957
143,S>E,0.44824828184181426,0.09084219346094803,21,0.019823391801457944
143,S>>E,0.5092031739395763,0.08849430608372333,21,0.01931104077148825
144,E>>S,0.5958793063966625,0.14980574745173716,21,0.03269029415414398
144,E>S,0.48117242063096366,0.138463899360486,21,0.030215299992294033
144,S~E,0.4299080775522737,0.10583665975848035,21,0.023095452602120137
144,S>E,0.4422141792515523,0.09139262078148198,21,0.019943504890073113
144,S>>E,0.4997658114334425,0.08487402420959256,21,0.01852103049885583
145,E>>S,0.596095572022786,0.14739538534576777,21,0.032164310020674554
145,E>S,0.4901998672866971,0.1279743725084477,21,0.027926297573068443
145,S~E,0.43833187581176136,0.0831557456139156,21,0.01814607136886954
145,S>E,0.4372191341831233,0.09390583858516148,21,0.020491933976895586
145,S>>E,0.48420547377619316,0.08707138845597194,21,0.01900053468878074
146,E>>S,0.5769715727217418,0.11630163025464248,21,0.025379096385174545
146,E>S,0.4990904236338585,0.12729286473514206,21,0.027777580384598256
146,S~E,0.4370404547675715,0.08754381803238678,21,0.01910362727423107
146,S>E,0.45044149447980675,0.09626221485009864,21,0.021006137434032342
146,S>>E,0.5030099199439295,0.0934309258275179,21,0.020388299516876447
147,E>>S,0.5972976565889339,0.1347867233706332,21,0.029412874405761902
147,E>S,0.4880852441557794,0.12837276195919262,21,0.028013233278502275
147,S~E,0.4235427322472815,0.08291016359107765,21,0.018092480977965956
147,S>E,0.4520305512217436,0.09933596702219252,21,0.02167688514813497
147,S>>E,0.5007351007060225,0.08284419893079915,21,0.018078086308969846
148,E>>S,0.5994224866280689,0.14743114624644524,21,0.032172113688973325
148,E>S,0.48347942068555755,0.12121096699906797,21,0.026450401492001112
148,S~E,0.45212599964459355,0.08653042987583806,21,0.018882487848718866
148,S>E,0.4549601458409863,0.0911122297090783,21,0.019882318541812175
148,S>>E,0.511471196391547,0.09085669572485644,21,0.019826556454891682
149,E>>S,0.6048232341741845,0.15445135212319783,21,0.03370404820442059
149,E>S,0.4804825090803312,0.10971281555615653,21,0.023941299142515044
149,S~E,0.43169050348913646,0.08026256727008901,21,0.01751472809460324
149,S>E,0.4518703762808331,0.10696618905516136,21,0.023341936102201612
149,S>>E,0.492916898588508,0.09259081080128204,21,0.020204971388295703
150,E>>S,0.605021224854288,0.1461235471968636,21,0.03188677218309904
150,E>S,0.4782049142397373,0.10955254637843238,21,0.023906325540682224
150,S~E,0.4513481793887183,0.07687409630058271,21,0.016775303108511667
150,S>E,0.4646519330629225,0.07464674135499016,21,0.016289254411477758
150,S>>E,0.48529791467071126,0.08152064262386545,21,0.017789262644062234
151,E>>S,0.5786404436267327,0.14887202793033377,21,0.03248653985011117
151,E>S,0.49008531135914946,0.12475995047884349,21,0.027224853179440116
151,S~E,0.4479998426968043,0.10002062054854778,21,0.021826288796198846
151,S>E,0.44327685709760967,0.09815937282654508,21,0.02142013124509687
151,S>>E,0.500752032197978,0.09415388104027411,21,0.02054606127813922
152,E>>S,0.5848333389268975,0.1394050080666878,21,0.03042066674864411
152,E>S,0.48414207743279514,0.12557364500841076,21,0.027402415882978853
152,S~E,0.44220869150358977,0.09241698032079265,21,0.0201670384675846
152,S>E,0.45444176840389805,0.11042734318951931,21,0.024097221855182788
152,S>>E,0.4894286355543037,0.09542237925520218,21,0.020822870282368948
153,E>>S,0.6005542422770753,0.1492790161044032,21,0.032575351950807595
153,E>S,0.49050745641726784,0.11428870814230499,21,0.02493984076861088
153,S~E,0.4346291837326736,0.08390845900553053,21,0.018310326897140128
153,S>E,0.4388027020578279,0.08363950442555942,21,0.018251636196129527
153,S>>E,0.48715320466109674,0.09125218804022665,21,0.01991285995355632
154,E>>S,0.5889028750773356,0.13584275200746743,21,0.029643318746920663
154,E>S,0.4984683705191373,0.13434181015007343,21,0.029315786381433253
154,S~E,0.4463510908451004,0.10259993365840166,21,0.022389141061289194
154,S>E,0.4381456394481419,0.09089069198928047,21,0.0198339750479902
154,S>>E,0.5157957815106305,0.10476307449762481,21,0.022861177091507784
155,E>>S,0.5946933607711942,0.15078947854314487,21,0.032904961877470516
155,E>S,0.4931643918818416,0.130575868565035,21,0.028493990553994177
155,S~E,0.43374910741836253,0.09876879846327445,21,0.021553118821799677
155,S>E,0.43841656722866285,0.07677880661893718,21,0.01675450919522172
155,S>>E,0.5006473069518818,0.0921771557326489,21,0.020114704451933155
156,E>>S,0.609351892936216,0.15249291085301678,21,0.03327668128229059
156,E>S,0.5005002819617895,0.1260660821976899,21,0.027509874487497088
156,S~E,0.4318740143453506,0.09859746812606572,21,0.02151573147708057
156,S>E,0.44779725275889365,0.10133188883164626,21,0.022112430994469967
156,S>>E,0.508077016815562,0.10242623339853457,21,0.022351236557047554
157,E>>S,0.6151932651212804,0.14303707522008294,21,0.031213248780053444
157,E>S,0.49791206778822733,0.13165555253693667,21,0.028729596912464177
157,S~E,0.43775296202931024,0.0768566449186531,21,0.016771494904765285
157,S>E,0.4397096632096644,0.1053189049586654,21,0.022982469242044962
157,S>>E,0.5086636194391788,0.09646758248489824,21,0.021050952326021066
158,E>>S,0.6085923467336409,0.15702006733859303,21,0.034264587819341226
158,E>S,0.4920232462217974,0.13103848475244328,21,0.02859494168239943
158,S~E,0.4499437745174931,0.10845391863380935,21,0.023666585312095857
158,S>E,0.45178678197125344,0.0908583774755815,21,0.019826923442986807
158,S>>E,0.4862924104688854,0.09446514359753586,21,0.020613984336694337
159,E>>S,0.5866894885487569,0.13010269908351238,21,0.028390736508012254
159,E>S,0.485276583177335,0.1289383290322967,21,0.028136650131981994
159,S~E,0.437374472003157,0.08514661451463787,21,0.018580514580121603
159,S>E,0.4496647750868414,0.09608305259614357,21,0.020967041024964342
159,S>>E,0.4925718349207119,0.09962168402441637,21,0.02173923370956481
160,E>>S,0.6038567418534301,0.11483561474446509,21,0.025059185573490392
160,E>S,0.4945415551337059,0.12648043620719795,21,0.027600293945262762
160,S~E,0.45235722677976203,0.09064212544403344,21,0.019779733380903143
160,S>E,0.4563065562861266,0.10688464022818757,21,0.02332414068922817
160,S>>E,0.4993420917288638,0.09146129553674216,21,0.019958490950278462
161,E>>S,0.577563728854813,0.135815826114464,21,0.029637443035356734
161,E>S,0.4853762370877429,0.12660665745618796,21,0.027627837679920313
161,S~E,0.4342726819172704,0.07574994600825259,21,0.016529993403411214
161,S>E,0.4365184618334026,0.0872490846377044,21,0.019039311174661386
161,S>>E,0.48614639736332077,0.08252452484151492,21,0.018008327703643127
162,E>>S,0.5831251807251272,0.11988474102890516,21,0.026160995258816
162,E>S,0.4791085041242666,0.11987035663282192,21,0.026157856326250395
162,S~E,0.4461574921421733,0.09227024683616823,21,0.020135018596142883
162,S>E,0.4593171139437199,0.0835635294887073,21,0.01823505710569884
162,S>>E,0.479825317719222,0.0879577968760112,21,0.019193964864089127
163,E>>S,0.5906807982311483,0.13721623122967228,21,0.029943036485073175
163,E>S,0.4986241434659722,0.12682234021108146,21,0.027674903515653458
163,S~E,0.4312624048073304,0.09307596868894312,21,0.020310841518972455
163,S>E,0.4466972991301863,0.10207923346992512,21,0.02227551496471436
163,S>>E,0.47652247868025716,0.07524659542514765,21,0.016420153301117
164,E>>S,0.5842055488083466,0.14835312625635413,21,0.03237330622157541
164,E>S,0.482739733581401,0.1405998021585207,21,0.030681392194630314
164,S~E,0.46276072378021993,0.10317291322169753,21,0.022514175452739957
164,S>E,0.45064638764246173,0.0765678634180011,21,0.016708477614953823
164,S>>E,0.508018690970195,0.08921612307467087,21,0.019468554152389315
165,E>>S,0.593269771321029,0.15468850290283068,21,0.033755798747219894
165,E>S,0.4801412184009074,0.11562038691998462,21,0.025230436901948174
165,S~E,0.4478450720116823,0.0817834268123834,21,0.017846606855268
165,S>E,0.45843676482759366,0.09031324614530063,21,0.019707966034191376
165,S>>E,0.5162624603392326,0.08027998937949608,21,0.01751852991056151
166,E>>S,0.5963318636661644,0.13318241075238615,21,0.029062784690929055
166,E>S,0.4868059191810757,0.11584715074996609,21,0.025279920826508564
166,S~E,0.4462941904845311,0.09152000798923535,21,0.019971303057792107
166,S>E,0.4503092861746056,0.09716942173660495,21,0.021204106206813313
166,S>>E,0.5027202261722481,0.08670674892209751,21,0.018920963819002025
167,E>>S,0.5875174254300392,0.16338782036983882,21,0.03565414545136353
167,E>S,0.4772520174704755,0.12567910420853873,21,0.027425428967136754
167,S~E,0.4470808506469895,0.0899977948106125,21,0.019639128909463604
167,S>E,0.44715350634705836,0.0924769589246814,21,0.0201801268719845
167,S>>E,0.49401879084070865,0.08641201596513672,21,0.018856647814951024
168,E>>S,0.5909929021971303,0.15450417353667883,21,0.0337155747818297
168,E>S,0.4680609921417864,0.11756155609462658,21,0.025654034743829685
168,S~E,0.4545919381791668,0.09685584237737527,21,0.021135677580620658
168,S>E,0.46385500527593077,0.09427529750754124,21,0.02057255652346616
168,S>>E,0.4911040514234696,0.09904749971943938,21,0.02161393642192611
169,E>>S,0.6111058154929672,0.13904075732698934,21,0.030341180720710213
169,E>S,0.4876897815295458,0.13131123108140383,21,0.028654459810874812
169,S~E,0.45173938371115113,0.0887727677539882,21,0.01937180608968504
169,S>E,0.4410347848342675,0.09680572412052116,21,0.02112474088034765
169,S>>E,0.5235397424146572,0.09102139747813469,21,0.01986249732401023
170,E>>S,0.608769190226493,0.1593072946903071,21,0.03476370174652233
170,E>S,0.48772751705664147,0.12119453125622731,21,0.02644681491887396
170,S~E,0.44216872574393695,0.09039135363847843,21,0.01972501048656426
170,S>E,0.45647374898599413,0.08884032303992132,21,0.019386547861655654
170,S>>E,0.49652369290982956,0.0845638469985526,21,0.018453344282263407
171,E>>S,0.6075381099679216,0.12079213381514495,21,0.026359004598244605
171,E>S,0.4779005223919561,0.11417908244924369,21,0.024915918481155385
171,S~E,0.4385526277133439,0.08568149923293895,21,0.01869723599486874
171,S>E,0.45182646670990473,0.08256011040760185,21,0.018016093110797472
171,S>>E,0.49965033545127974,0.0951765473264797,21,0.020769225357530483
172,E>>S,0.5999971965901995,0.1686364204283813,21,0.03679948388283118
172,E>S,0.4894382171265805,0.12472514108579422,21,0.027217257147128505
172,S~E,0.44701066159416786,0.07598982214716565,21,0.016582338668362777
172,S>E,0.44517459351245237,0.10834852057774573,21,0.02364358557066668
172,S>>E,0.5005607193509702,0.10794762940859018,21,0.023556103945519317
173,E>>S,0.5818109714231923,0.11869597951135312,21,0.025901586228462056
173,E>S,0.4825054647253782,0.12273633776650482,21,0.026783264682698836
173,S~E,0.4581463972050668,0.10216896666771821,21,0.0222950963538209
173,S>E,0.45847947327245964,0.09662690549838394,21,0.021085719457889958
173,S>>E,0.5013406815208287,0.08987041101021138,21,0.01961133148528983
174,E>>S,0.5943715548051016,0.1170999826585515,21,0.025553311162420402
174,E>S,0.499650115772286,0.12393846252791464,21,0.027045589811934133
174,S~E,0.4545828898022737,0.08996126680109111,21,0.019631157844291324
174,S>E,0.45659357035861364,0.09944433195100157,21,0.02170053231427525
174,S>>E,0.5084303899817504,0.11142554402284693,21,0.02431504713506335
175,E>>S,0.581208082848993,0.13828586796631945,21,0.030176450357063234
175,E>S,0.468953185093491,0.1205697263041042,21,0.026310471300412655
175,S~E,0.43910793734696685,0.09286807395946813,21,0.02026547516971524
175,S>E,0.45216066767998764,0.09399746458321495,21,0.020511928408881584
175,S>>E,0.4975590701512497,0.09584334194932333,21,0.020914731873348122
176,E>>S,0.5883036001187714,0.14131794387606522,21,0.030838103565123332
176,E>S,0.5028342520198789,0.12608668491069439,21,0.027514370368062067
176,S~E,0.4519831145476517,0.0919338376227057,21,0.02006160808732514
176,S>E,0.45672769058190116,0.10341369587081363,21,0.02256671853443551
176,S>>E,0.47130629129877105,0.1015382364791961,21,0.022157459742773455
177,E>>S,0.5945912870964581,0.13373894631473732,21,0.029184230707186627
177,E>S,0.4914512783082034,0.1248723063627625,21,0.027249371243384522
177,S~E,0.4467053120918998,0.09417854751370361,21,0.020551443943930568
177,S>E,0.4506732839946401,0.08998420911943869,21,0.01963616426859826
177,S>>E,0.5146604752368911,0.10810451129681824,21,0.02359033838018468
178,E>>S,0.5976488183327481,0.16158664876753542,21,0.0352610975843559
178,E>S,0.4818813086040311,0.11165449765601342,21,0.024365008913854805
178,S~E,0.43478127748618955,0.11030939282704208,21,0.024071482975930435
178,S>E,0.45036334600555006,0.09738582014295216,21,0.02125132821049683
178,S>>E,0.505282132186433,0.10737690828781436,21,0.023431562386630495
179,E>>S,0.586770080076614,0.1436923079454895,21,0.03135623228300525
179,E>S,0.4790398830462051,0.13158924436558075,21,0.02871512728320548
179,S~E,0.4573848249917806,0.08490111499809806,21,0.01852694219356833
179,S>E,0.45320017364310106,0.08723288710219311,21,0.019035776582635094
179,S>>E,0.49119749761344084,0.09049332656161059,21,0.019747262802711354
180,E>>S,0.6008667192624517,0.14162564126753002,21,0.0309052486407199
180,E>S,0.4956016546981732,0.11779645928577392,21,0.025705294822611562
180,S~E,0.43575002562719045,0.09550643847026541,21,0.02084121350693494
180,S>E,0.43168328783850574,0.10208390046315594,21,0.022276533386130934
180,S>>E,0.49195372040792684,0.11666186010696232,21,0.025457704983547803
181,E>>S,0.5963265099792034,0.16570657116026666,21,0.03616013835683373
181,E>S,0.46987525600463426,0.12813287213053307,21,0.027960885026203114
181,S~E,0.44365708805003673,0.0766120158219339,21,0.016718112459388885
181,S>E,0.46164572566132633,0.1061417488934859,21,0.023162028509494975
181,S>>E,0.48042754848512426,0.09797441377206188,21,0.021379769870447502
182,E>>S,0.5848687893421703,0.1676637402456105,21,0.03658722766547257
182,E>S,0.4870889198052172,0.13049977490167167,21,0.0284773855553147
182,S~E,0.44492088232632976,0.08781042872229256,21,0.01916180649649667
182,S>E,0.44935121870460876,0.08773852096036873,21,0.019146114936398062
182,S>>E,0.4870229375301109,0.10512221819336029,21,0.02293954867108274
183,E>>S,0.5744820151790881,0.14190754239112405,21,0.030966764509165745
183,E>S,0.4811984518097412,0.11252762707768908,21,0.024555541374155842
183,S~E,0.44609852783560655,0.0897358964538772,21,0.01958197800260055
183,S>E,0.45162774891169327,0.09559723156990953,21,0.020861026185587262
183,S>>E,0.5080321839589831,0.08474933339087473,21,0.018493820731463426
184,E>>S,0.6164669225147098,0.12466787389117355,21,0.02720476042073865
184,E>S,0.4848793862554353,0.11585408561369037,21,0.02528143413783955
184,S~E,0.43451040401114877,0.09598015265641009,21,0.020944586417210292
184,S>E,0.4634824881782696,0.1125847305823247,21,0.024568002380462507
184,S>>E,0.4912792438909714,0.08844036414014127,21,0.019299269674364544
185,E>>S,0.5702260957098249,0.13709852709971976,21,0.029917351338162874
185,E>S,0.47721903295939316,0.12158844101002014,21,0.02653277307429001
185,S~E,0.42803536592806746,0.08916951567163543,21,0.019458383583229544
185,S>E,0.44804869039922207,0.10781315592543785,21,0.023526759425733127
185,S>>E,0.48634651006450447,0.08369000798566545,21,0.01826265697646527
186,E>>S,0.6060213196907434,0.1539587707533495,21,0.033596558137122735
186,E>S,0.48190138093007706,0.1281243490265101,21,0.02795902513242496
186,S~E,0.4462788672796134,0.09185623440403508,21,0.020044673676671315
186,S>E,0.472668000304423,0.09396153132875247,21,0.020504087129903467
186,S>>E,0.5025352916542429,0.07512632024627192,21,0.016393907105334976
187,E>>S,0.6040204831357118,0.12367858472304173,21,0.026988879825635605
187,E>S,0.4950858039945592,0.13462944122407655,21,0.029378552627568527
187,S~E,0.4258469662837155,0.09702653238611768,21,0.021172925194212787
187,S>E,0.44631079748580516,0.09336062576916362,21,0.020372958786458912
187,S>>E,0.4963235056746178,0.07844019553506695,21,0.01711705397936102
188,E>>S,0.5840099990478882,0.13789669441369864,21,0.030091525725474674
188,E>S,0.49517882020429316,0.14201551679703933,21,0.030990326456224064
188,S~E,0.4456097652927577,0.09219714761182883,21,0.02011906703762965
188,S>E,0.45288063364842646,0.08985314750579965,21,0.01960756427977902
188,S>>E,0.48914783045954674,0.11297123597664945,21,0.024652344772176885
189,E>>S,0.5897598564056304,0.13534835770625342,21,0.029535433065565043
189,E>S,0.48707419346081937,0.11778923167797124,21,0.025703717629285406
189,S~E,0.44557658555015145,0.08305255669553303,21,0.018123553700804363
189,S>E,0.44294620573318494,0.08799687758656694,21,0.01920249297429552
189,S>>E,0.48487720213801083,0.0869265201692693,21,0.018968921836894387
190,E>>S,0.5745152127539581,0.1294999916656895,21,0.028259214966865363
190,E>S,0.4749593096310126,0.11655324014472607,21,0.025434002164551096
190,S~E,0.4420413709769988,0.10194129166895521,21,0.022245413595931355
190,S>E,0.44976268257410207,0.08968203641427454,21,0.019570224778390433
190,S>>E,0.5242063780251282,0.08488709820800232,21,0.018523883479205756
191,E>>S,0.5849060851782207,0.13905612802012865,21,0.03034453488093854
191,E>S,0.47999187442927943,0.1185690328514937,21,0.025873884196175027
191,S~E,0.43493245767263083,0.12035810978963303,21,0.02626429279108566
191,S>E,0.4513913032946985,0.10348833623735791,21,0.022583006397749242
191,S>>E,0.51971202584285,0.10428310117066546,21,0.022756438324729164
192,E>>S,0.587039459607553,0.14962292001475005,21,0.0326503979365674
192,E>S,0.49074009575628336,0.12291737572773352,21,0.026822770404650788
192,S~E,0.4524187911037106,0.08659231476233158,21,0.018895992238086974
192,S>E,0.45186259044714644,0.11018583143212324,21,0.02404451966901663
192,S>>E,0.511941990787491,0.09748055033979847,21,0.02127200003419427
193,E>>S,0.5810970866893834,0.1221487284167663,21,0.026655037810115953
193,E>S,0.4890621206358838,0.1322194284769664,21,0.028852644730452303
193,S~E,0.44281871209273244,0.08934497284219434,21,0.019496671476815684
193,S>E,0.44922619869231034,0.10285940775534823,21,0.022445762951295765
193,S>>E,0.5105233816168105,0.09994538754862556,21,0.021809871609679694
194,E>>S,0.6036072436296357,0.14881781978015066,21,0.032474710661944614
194,E>S,0.4920822848949412,0.13376143782466185,21,0.02918913875703058
194,S~E,0.43616706947759065,0.08272127603400478,21,0.018051262333769684
194,S>E,0.45671849432675654,0.09900444186679114,21,0.021604540428163118
194,S>>E,0.4709112004905987,0.09352546477908712,21,0.020408929607433006
195,E>>S,0.5953231905406473,0.17145161035138215,21,0.037413808688442046
195,E>S,0.4741917760741188,0.1308723986987557,21,0.028558698734166103
195,S~E,0.43838604296955375,0.09829272676962392,21,0.021449231461210184
195,S>E,0.4533395028272623,0.10033790076090325,21,0.021895525014752684
195,S>>E,0.5086940711518344,0.09836394869485483,21,0.021464773359472618
196,E>>S,0.5781184225195863,0.1565360104047832,21,0.034158957936491145
196,E>S,0.46896243851224595,0.13481826658764035,21,0.02941975770002846
196,S~E,0.4402198886851552,0.08723685528906208,21,0.0190366425120017
196,S>E,0.4440491941433824,0.09598096550769472,21,0.0209447637959027
196,S>>E,0.49176922617129143,0.08981678636225636,21,0.019599629627748437
197,E>>S,0.5883501657356218,0.11785934913603605,21,0.02571901851305302
197,E>S,0.4977998151550007,0.12973650956498978,21,0.028310827403853715
197,S~E,0.4523928067123234,0.09030333662310812,21,0.01970580359916528
197,S>E,0.4657185497186045,0.10416842510272795,21,0.02273141395512328
197,S>>E,0.5149033863115361,0.09520285321621787,21,0.020774965773289925
198,E>>S,0.5974060727384997,0.13428929231427397,21,0.029304326050105335
198,E>S,0.5053444838238542,0.1287029672409135,21,0.02808528997842419
198,S~E,0.4567211866412682,0.0992903529751599,21,0.021666931347026384
198,S>E,0.44181804048973333,0.09588306521072537,21,0.02092340019964457
198,S>>E,0.48948042770922034,0.09663357192589023,21,0.02108717419163579
199,E>>S,0.5911912020557663,0.12245677792380101,21,0.026722259723629304
199,E>S,0.48292628465479137,0.10977448729838875,21,0.023954757019992137
199,S~E,0.4611894468163833,0.09709712520586855,21,0.021188329810404635
199,S>E,0.4431279699115904,0.0865629071440738,21,0.0188895749696739
199,S>>E,0.49325884622225485,0.10838022656789693,21,0.023650504384945318
200,E>>S,0.5981332589523632,0.14018048444041367,21,0.03058988956684643
200,E>S,0.48629852752706043,0.1425377802694191,21,0.0311042936893141
200,S~E,0.4522969462510843,0.09151942031266254,21,0.019971174816250246
200,S>E,0.45911218311148116,0.10029522474345395,21,0.021886212344261222
200,S>>E,0.5055777130973267,0.10928541843545869,21,0.023848033444543424
201,E>>S,0.5913917589074303,0.1464856874896725,21,0.031965797673765235
201,E>S,0.4969368743864634,0.1234300711890599,21,0.026934649726554998
201,S~E,0.4568915217786292,0.09681354248199386,21,0.021126446986693324
201,S>E,0.45343047848183826,0.09589870760080926,21,0.020926813649006924
201,S>>E,0.49846216007948885,0.08186000502552733,21,0.017863317591378308
202,E>>S,0.555466058290139,0.15128613698227467,21,0.03301334163422532
202,E>S,0.4720053329907908,0.12867642467054155,21,0.02807949791471618
202,S~E,0.44793270247810096,0.10016864456661818,21,0.021858590285126423
202,S>E,0.44547025280068847,0.09322719772966453,21,0.020343842401181093
202,S>>E,0.49705034971948325,0.10749311214095175,21,0.02345692014629943
203,E>>S,0.5908377429211581,0.1593022705709307,21,0.034762605393791716
203,E>S,0.46949679905819347,0.13299250910832663,21,0.02902134475481004
203,S~E,0.43955607643041006,0.10600075293874259,21,0.023131260669719076
203,S>E,0.4530393510531671,0.09876608375442299,21,0.021552526423761507
203,S>>E,0.48865380338233305,0.09076059269804287,21,0.019805585055135133
204,E>>S,0.5978884532039832,0.15898855749032648,21,0.03469414758720283
204,E>S,0.49584403321207676,0.13732669545505805,21,0.02996714175528341
204,S~E,0.4576199736217946,0.10893817950970476,21,0.02377225969875759
204,S>E,0.4480952523876907,0.1057291733745071,21,0.0230719971501804
204,S>>E,0.4898031905118515,0.0898152288026175,21,0.01959928974037013
205,E>>S,0.5803950397881739,0.14026360536762172,21,0.030608028040216232
205,E>S,0.4850052876199199,0.12486088803645785,21,0.027246879560308294
205,S~E,0.41865681821386697,0.09538528058128407,21,0.020814774688015982
205,S>E,0.45704791127845323,0.10203941773768743,21,0.02226682645962725
205,S>>E,0.488530972532642,0.11292860463922166,21,0.024643041851665454
206,E>>S,0.5983663408798681,0.1526985395022085,21,0.03332155313228928
206,E>S,0.48181139612570384,0.12316248483275236,21,0.02687625759642563
206,S~E,0.4378623034041085,0.09258678611872374,21,0.020204093130558962
206,S>E,0.45394300141043203,0.10998274242936866,21,0.024000202015305394
206,S>>E,0.500150384921336,0.08790646301136525,21,0.019182762896448425
207,E>>S,0.5893624272117742,0.13591408241005382,21,0.02965888431688275
207,E>S,0.4758604041235647,0.13472704678750055,21,0.029399851907694206
207,S~E,0.44836938109646324,0.08528620273577706,21,0.01861097522724039
207,S>E,0.47147123423419124,0.11705362190855341,21,0.025543194417366064
207,S>>E,0.5052299305688814,0.12311576816879834,21,0.026866063184578723
208,E>>S,0.5970407498744883,0.15802171311671417,21,0.03448316484780661
208,E>S,0.48457965442935025,0.13455543804685274,21,0.029362403810363986
208,S~E,0.45559569218402834,0.09005500169577443,21,0.019651612475250615
208,S>E,0.45344948070010865,0.09338814618011496,21,0.020378964232475136
208,S>>E,0.4866115426225659,0.09529764501469201,21,0.020795651039564628
209,E>>S,0.5723224153765885,0.12261122049632847,21,0.026755961855968867
209,E>S,0.48719720896065233,0.12439267063332791,21,0.027144706146425505
209,S~E,0.45587667714150354,0.1099582083460222,21,0.023994848239398653
209,S>E,0.45289444471834645,0.12297859918243714,21,0.026836130457769173
209,S>>E,0.49892101965170405,0.09488429559343509,21,0.020705450800927675
210,E>>S,0.6025419409397403,0.13955887709159445,21,0.03045424372263191
210,E>S,0.47001723525865347,0.13062706252085768,21,0.028505161991026637
210,S~E,0.4433784075472761,0.10107129048575901,21,0.022055563773231462
210,S>E,0.4538427094212271,0.10289423206412548,21,0.022453362238486065
210,S>>E,0.4902100722418975,0.12140586182623833,21,0.026492931030004135
211,E>>S,0.5860269066639272,0.16363715943083545,21,0.03570855569520764
211,E>S,0.48258599675807445,0.12906952043286965,21,0.028165278442632127
211,S~E,0.45280781918735064,0.09479344438830922,21,0.02068562544261971
211,S>E,0.4557993244199651,0.09351007093636488,21,0.020405570395551534
211,S>>E,0.517979480869418,0.11369189877686935,21,0.02480960628801243
212,E>>S,0.59479398243394,0.14345324585900862,21,0.031304064658857975
212,E>S,0.47212588749059126,0.12366954003985489,21,0.02698690611395272
212,S~E,0.4331075114772987,0.09492382186215968,21,0.020714076139897657
212,S>E,0.4427470874799235,0.10008089434249326,21,0.021839441616350146
212,S>>E,0.4841520008585481,0.07632100865929957,21,0.016654609490315258
213,E>>S,0.5999980047244635,0.15136271663084572,21,0.03303005268357151
213,E>S,0.49778903458451473,0.1209513908484034,21,0.026393757332047508
213,S~E,0.43594569601425237,0.09417061213971341,21,0.020549712303360192
213,S>E,0.43675984296994563,0.09458227007402312,21,0.020639543429284164
213,S>>E,0.5037517688229902,0.08979020720675089,21,0.01959382958050978
214,E>>S,0.5856055423742622,0.13356612767155665,21,0.029146518587478295
214,E>S,0.4842396966133258,0.1464882587196261,21,0.031966358762141024
214,S~E,0.4517904733722571,0.08097212403410618,21,0.017669566074649746
214,S>E,0.44561938997585654,0.10330926432510565,21,0.02254392970285703
214,S>>E,0.49491199522457585,0.08001531658019356,21,0.017460773570694862
215,E>>S,0.5846063008917693,0.13662564025144822,21,0.02981415896781271
215,E>S,0.48448977180345665,0.13406177104574515,21,0.02925467683890316
215,S~E,0.44279272906551653,0.0848080319495348,21,0.01850662980709412
215,S>E,0.4428569830910171,0.09083374092378027,21,0.019821547306630053
215,S>>E,0.4905638878428076,0.09304371309053346,21,0.020303802770339198
216,E>>S,0.5986489232063311,0.1572334313423797,21,0.034311147662099854
216,E>S,0.47410773239753706,0.12162006395440758,21,0.02653967376649729
216,S~E,0.4338284330012933,0.0960931346623626,21,0.02096924111218388
216,S>E,0.44801659850359954,0.1108107588826612,21,0.02418089001882358
216,S>>E,0.5036341693034011,0.09461018688230295,21,0.020645635376289113
217,E>>S,0.5770449018464523,0.14554994497130705,21,0.03176160191560341
217,E>S,0.4790053108667119,0.13715598217054825,21,0.029929889062502428
217,S~E,0.4490301885758467,0.09853447090815277,21,0.021501984357096868
217,S>E,0.44370648876374624,0.08998873525898732,21,0.019637151953221473
217,S>>E,0.4766350493722386,0.0948730232637721,21,0.020702990976930572
218,E>>S,0.6021981293194082,0.13318235880180138,21,0.029062773354382048
218,E>S,0.4945152398686045,0.12465513917368459,21,0.02720198147755546
218,S~E,0.43651132594936265,0.10236450938125471,21,0.022337767272219856
218,S>E,0.46193629846027423,0.09487726282563343,21,0.020703916125175477
218,S>>E,0.505907677228345,0.08966992067869492,21,0.019567580908133594
219,E>>S,0.5802559305255224,0.1375413197914432,21,0.030013976625162683
219,E>S,0.49104167866947507,0.1255642608596525,21,0.027400368093835163
219,S~E,0.4423126973791603,0.09461302387062857,21,0.020646254457896154
219,S>E,0.4572418809717974,0.08744442451433783,21,0.019081937830419296
219,S>>E,0.49655729549281236,0.09233871393367302,21,0.02014995934171096
220,E>>S,0.5912693209312635,0.13531464446225294,21,0.02952807623258625
220,E>S,0.4957190727233816,0.13733785532497608,21,0.029969577038552235
220,S~E,0.4504203314315907,0.1130823847832994,21,0.024676599430266285
220,S>E,0.44685438329360816,0.0967411626026916,21,0.021110652402136446
220,S>>E,0.4899247491266142,0.11769492388771507,21,0.025683137982262887
221,E>>S,0.5709088879607681,0.13573914756910607,21,0.029620710404962364
221,E>S,0.4779935959316644,0.12056512109430459,21,0.02630946636124609
221,S~E,0.44145320683503025,0.1144406785970781,21,0.024973003440629672
221,S>E,0.44713815382956107,0.10464449874464746,21,0.02283530174085992
221,S>>E,0.500325894658297,0.08527942395258899,21,0.018609495975474726
222,E>>S,0.5654704946999806,0.12419194167810244,21,0.027100903497306927
222,E>S,0.4973969292793047,0.13064336177782793,21,0.028508718780495098
222,S~E,0.46223641321089426,0.1025413984199502,21,0.022376367625049857
222,S>E,0.4604977595423041,0.10020315811322791,21,0.021866121758452157
222,S>>E,0.49937287584344725,0.08215809843936789,21,0.01792836690723984
223,E>>S,0.553168553037632,0.14098690862827767,21,0.030765865751757385
223,E>S,0.48430738199112383,0.1175109672017839,21,0.02564299534236418
223,S~E,0.4508292891088092,0.09055568013778617,21,0.019760869468553058
223,S>E,0.43423106673238643,0.08372646935060861,21,0.01827061349859829
223,S>>E,0.4899897871797568,0.10073045286332223,21,0.021981186906350255
224,E>>S,0.5700333555423074,0.1422016224108754,21,0.031030938030636442
224,E>S,0.4836051131030157,0.1377710171465633,21,0.030064100697389778
224,S~E,0.43983459443148765,0.09342238003566289,21,0.02038643467220745
224,S>E,0.4433007908315404,0.09767266018036225,21,0.021313921838295672
224,S>>E,0.5041844950165794,0.08160039843451676,21,0.017806666788796624
225,E>>S,0.5820995480718545,0.14704365404233224,21,0.032087555957708895
225,E>S,0.4763828241759734,0.1269717909523996,21,0.027707516341118107
225,S~E,0.4291388293008174,0.10050599633979718,21,0.021932206477336912
225,S>E,0.46348299632313245,0.11867870111212803,21,0.0258978157726365
225,S>>E,0.5067250650751035,0.08165346521598132,21,0.017818246909889434
226,E>>S,0.6046757063784943,0.13878853145949152,21,0.030286140524041896
226,E>S,0.47876820141077525,0.1364403570982222,21,0.029773726869019454
226,S~E,0.4479262878552686,0.09092440336693272,21,0.01984133147369842
226,S>E,0.4535191657899602,0.0830322192809818,21,0.018119115713108137
226,S>>E,0.4961454215916009,0.08535031793232173,21,0.018624966310162437
227,E>>S,0.5645000466147455,0.12595246761603116,21,0.027485081753187472
227,E>S,0.4736242773180119,0.12777128951946765,21,0.027881981231670395
227,S~E,0.45465961814678724,0.08696200174564168,21,0.018976664551632615
227,S>E,0.460051073153162,0.09284847991759304,21,0.02026119939923606
227,S>>E,0.5191930170203298,0.07765218034380589,21,0.016945094966850118
228,E>>S,0.5858759310130215,0.1590466420027531,21,0.03470682266695995
228,E>S,0.4882735164113769,0.13842206613385635,21,0.030206171233837145
228,S~E,0.4469617421462287,0.09923897961941192,21,0.021655720761720714
228,S>E,0.45167958898987076,0.09505085339965584,21,0.020741796694003504
228,S>>E,0.5075266642523373,0.08840700000233612,21,0.01929198902260316
229,E>>S,0.5713188918168923,0.1475053267317004,21,0.03218830119796239
229,E>S,0.4926849198807234,0.12664886125409536,21,0.02763704730365961
229,S~E,0.45782871674278713,0.1133430730480098,21,0.02473348627340067
229,S>E,0.44672464314946386,0.09859074133322766,21,0.021514263570539392
229,S>>E,0.4990447642354126,0.06696413553519329,21,0.014612772377966926
230,E>>S,0.590044803647619,0.1441983993778217,21,0.03146667048763529
230,E>S,0.4957076789498164,0.13006912603232146,21,0.028383410267612583
230,S~E,0.4402438159507802,0.0924988957203586,21,0.02018491387325572
230,S>E,0.44604047830812454,0.10375229655895107,21,0.022640607262233315
230,S>>E,0.4816502289889177,0.07773011382429972,21,0.01696210144654223
231,E>>S,0.5968459878737532,0.12499504987443275,21,0.02727615607354136
231,E>S,0.5073065328998483,0.11981032629012064,21,0.02614475663151598
231,S~E,0.4427698725672326,0.0882420940749683,21,0.019256003599045547
231,S>E,0.46283177345319887,0.09719249585319333,21,0.021209141391854286
231,S>>E,0.5082378854128043,0.10089639144188936,21,0.022017397672873935
232,E>>S,0.5751300942445846,0.1285274000664217,21,0.02804697808001189
232,E>S,0.4821143010379279,0.13172088540129664,21,0.028743853712287885
232,S~E,0.4575201214376473,0.10505704986625128,21,0.0229253277762308
232,S>E,0.46578605144258767,0.11097836564617942,21,0.02421746481314781
232,S>>E,0.5031897162685505,0.08456572173558762,21,0.018453753383423935
233,E>>S,0.5810461943500252,0.13534336931670402,21,0.029534344509721897
233,E>S,0.49483671851413974,0.13196249450561395,21,0.028796577141293814
233,S~E,0.44941929606105024,0.0804653767731387,21,0.017558984756478553
233,S>E,0.452935409589297,0.10469305586869179,21,0.022845897774024803
233,S>>E,0.5079137113846024,0.09868369615130751,21,0.021534547974828046
234,E>>S,0.5980594347867092,0.14474513895522567,21,0.0315859788447249
234,E>S,0.5000327487832839,0.13031715221125403,21,0.028437534017102545
234,S~E,0.4481014612670795,0.10496928262767133,21,0.022906175394596044
234,S>E,0.44869548102906714,0.09229450970339262,21,0.020140313187839664
234,S>>E,0.5125100032639583,0.0995610515317699,21,0.021726002614939746
235,E>>S,0.569143548574009,0.16389795283650135,21,0.03576546548197951
235,E>S,0.4902653184213538,0.12863726559766034,21,0.028070952704448444
235,S~E,0.44961439796970104,0.09558654262479777,21,0.020858693666536126
235,S>E,0.4613349283129405,0.08957541675158898,21,0.019546958460541518
235,S>>E,0.5121202998756159,0.09588695215768711,21,0.02092424840101002
236,E>>S,0.602157227344029,0.15702919697855902,21,0.03426658007011322
236,E>S,0.4892137959490529,0.12954421432115815,21,0.028268865141442362
236,S~E,0.44354206603110236,0.08295891288808668,21,0.018103118946709754
236,S>E,0.44352371735463725,0.09735861637448565,21,0.0212453918615356
236,S>>E,0.4950117023626189,0.075788802979563,21,0.016538472689711533
237,E>>S,0.6018181533619202,0.14707222549621893,21,0.032093790760097024
237,E>S,0.48070803280744423,0.12436330366636551,21,0.02713829774885234
237,S~E,0.44582850894281295,0.08954833630779765,21,0.01954104902323072
237,S>E,0.44773162497507313,0.08937567818498839,21,0.019503371931939174
237,S>>E,0.5048987141480483,0.09366569409678893,21,0.020439530153291127
238,E>>S,0.5830153145942457,0.16958668230970347,21,0.037006848025744984
238,E>S,0.463702987109261,0.1317876201339034,21,0.028758416424842795
238,S~E,0.44220861008295786,0.09206239939178057,21,0.020089662565337663
238,S>E,0.46825845899387036,0.10284265193484439,21,0.022442106531496243
238,S>>E,0.5031195328129251,0.10732305666237824,21,0.023419810998542047
239,E>>S,0.6029196660521349,0.13987337283267018,21,0.03052287231973766
239,E>S,0.4855997165518954,0.1304436955327728,21,0.028465148033747827
239,S~E,0.44847435999168317,0.09604142802365893,21,0.020957957798574768
239,S>E,0.45729557244957336,0.09800775136025369,21,0.021387044728608275
239,S>>E,0.5120172264044072,0.08355442642088526,21,0.018233070653444042
240,E>>S,0.5997160740064541,0.1287137522582681,21,0.028087643462157464
240,E>S,0.48960966375929116,0.13311790869250217,21,0.029048709187505295
240,S~E,0.46042191900010687,0.08997171446933037,21,0.019633437712412383
240,S>E,0.45452075328785146,0.097212927287396,21,0.02121359989632049
240,S>>E,0.5021658162020851,0.09210191745134712,21,0.020098286112922498
241,E>>S,0.5894721551151699,0.1213082839792786,21,0.026471637798106813
241,E>S,0.49056524882431657,0.11463402125645898,21,0.025015194267852384
241,S~E,0.4569396127199471,0.09960399531490143,21,0.02173537371669346
241,S>E,0.4482094511978115,0.09243137757732392,21,0.02017018020653004
241,S>>E,0.5151681530017177,0.07563548394260514,21,0.016505015732933573
242,E>>S,0.5846470190127645,0.11413129499284497,21,0.02490549040324031
242,E>S,0.503213547228316,0.13077517143545805,21,0.028537482005895873
242,S~E,0.45300454586089234,0.09194994470767527,21,0.02006512294142505
242,S>E,0.45622353495697704,0.10350950302960599,21,0.022587625370496682
242,S>>E,0.4863242083438162,0.10537138628635913,21,0.02299392160665107
243,E>>S,0.5908031017039233,0.14368800084420233,21,0.031355292396449325
243,E>S,0.478638656539996,0.1341984402678108,21,0.02928450050820252
243,S~E,0.4469499643121957,0.0910965557610849,21,0.019878898205949385
243,S>E,0.45640150325330325,0.1135177877899658,21,0.024771612155783433
243,S>>E,0.5278832884908029,0.10129374848829995,21,0.02210410808921206
244,E>>S,0.5846795093833593,0.14624269293082465,21,0.03191277191379463
244,E>S,0.48539348707516766,0.12610151022928337,21,0.02751760551780663
244,S~E,0.444486684415457,0.09370774985426705,21,0.02044870747196028
244,S>E,0.44692909340790965,0.09671806722480214,21,0.021105612577499207
244,S>>E,0.5160510092202385,0.08436965256958308,21,0.018410967583678092
245,E>>S,0.5730538279871572,0.138638440308774,21,0.03025338794978923
245,E>S,0.4830629956016381,0.1339579350149681,21,0.029232017959336512
245,S~E,0.4574545633904403,0.10680999213003686,21,0.023307851138739594
245,S>E,0.45910619999393376,0.11048296257219328,21,0.02410935899952613
245,S>>E,0.5139213008282708,0.06539231727934172,21,0.01426977351434058
246,E>>S,0.5902780701038551,0.13101974490761023,21,0.02859085231299661
246,E>S,0.5128110670065877,0.1286602131684454,21,0.0280759602749312
246,S~E,0.46253158801154576,0.09081470595597778,21,0.019817393536115484
246,S>E,0.4572768160636255,0.09369438918923075,21,0.020445791935823906
246,S>>E,0.5023853221263481,0.10940094222258323,21,0.02387324280164181
247,E>>S,0.5914601528115,0.13498149176055707,21,0.029455376352895753
247,E>S,0.495258180193612,0.11385772238476315,21,0.024845791965878338
247,S~E,0.43859780023719414,0.0798597103732499,21,0.01742681751250799
247,S>E,0.4525644264971523,0.0920568838109165,21,0.020088458966918084
247,S>>E,0.4866713340761662,0.09708290454723556,21,0.021185226608279976
248,E>>S,0.5930303484003382,0.15118161953723844,21,0.03299053405787666
248,E>S,0.48294518645005285,0.1247930236071604,21,0.027232070327724935
248,S~E,0.44559693611810874,0.08908030102433237,21,0.01943891535111692
248,S>E,0.46491989407356404,0.0927067188699031,21,0.02023026460249152
248,S>>E,0.5000765252808722,0.07924736693808218,21,0.01729319321998583
249,E>>S,0.5633304883411715,0.14025017256622485,21,0.030605096762635446
249,E>S,0.48690297933467686,0.14063459651918148,21,0.03068898494660582
249,S~E,0.46527646555929103,0.08441066960976501,21,0.01841991823565032
249,S>E,0.4547718517358293,0.10299781067594034,21,0.022475964944629875
249,S>>E,0.49590639885772253,0.10942189498082827,21,0.02387781506834067
250,E>>S,0.5949767019494556,0.15322757200742335,21,0.03343699748944353
250,E>S,0.4945880983828425,0.13194195434539724,21,0.028792094910866213
250,S~E,0.46000138878009006,0.10329714249691825,21,0.022541284503084173
250,S>E,0.4421904083762581,0.11163470456249286,21,0.024360689706745507
250,S>>E,0.4959055881049994,0.11944565957063953,21,0.026065179829351533
251,E>>S,0.576319563789165,0.14969484501858682,21,0.03266609325915987
251,E>S,0.467045293282191,0.11624247374792883,21,0.02536618737708576
251,S~E,0.4444731150346927,0.09086483105558073,21,0.01982833172959871
251,S>E,0.45491974765198023,0.09939456704435821,21,0.02168967272133975
251,S>>E,0.506099939060569,0.096814412463265,21,0.021126636832170854
252,E>>S,0.5858325088442501,0.13554918341376143,21,0.029579256827762593
252,E>S,0.4814104781933904,0.12436667290777598,21,0.027139032977604626
252,S~E,0.4607265515868321,0.1092392729346856,21,0.023837963670720837
252,S>E,0.44413358564133826,0.10018092409519255,21,0.021861269897945013
252,S>>E,0.5059892778369263,0.08090526404879138,21,0.017654976029713138
253,E>>S,0.578970603888822,0.13257196685157085,21,0.02892957491078571
253,E>S,0.4704097222991894,0.1322774603984061,21,0.02886530833391521
253,S~E,0.4402219098129438,0.11398435490420485,21,0.024873425447106173
253,S>E,0.44856147954321013,0.10019587303069155,21,0.02186453202311088
253,S>>E,0.4952228879899816,0.08868493141504159,21,0.019352638629114058
254,E>>S,0.5954101854905638,0.16055775385233048,21,0.03503657430668534
254,E>S,0.4978105833265062,0.12127030928906647,21,0.026463351041326355
254,S~E,0.4491177070622977,0.11537968837356975,21,0.02517791217296665
254,S>E,0.44415826810423686,0.10149172619314324,21,0.022147310366276724
254,S>>E,0.4922054948633357,0.08252028286550182,21,0.01800740202858712
255,E>>S,0.5743095654986154,0.1459564077758796,21,0.03185029937127664
255,E>S,0.49304169219437843,0.14122753133178645,21,0.030818373930459952
255,S~E,0.4468530282269346,0.08722938196409105,21,0.019035011698793475
255,S>E,0.4573498022843442,0.10070634725685476,21,0.021975926631764064
255,S>>E,0.50909389769121,0.07296772043824595,21,0.015922862009363735
256,E>>S,0.5804625683456499,0.12044451988136602,21,0.026283149018998735
256,E>S,0.4876180813768426,0.12870881624548564,21,0.028086566335861898
256,S~E,0.45969169180924124,0.10025918344852007,21,0.021878347488919377
256,S>E,0.4512885673014101,0.09383582615069387,21,0.02047665601115578
256,S>>E,0.5076626066103616,0.08379874307190595,21,0.0182863849175793
257,E>>S,0.5716475724949139,0.14435670556936184,21,0.031501215730764476
257,E>S,0.47270001689446284,0.12633792008729675,21,0.0275691943782533
257,S~E,0.44549794163020207,0.08455426787027304,21,0.01845125394509994
257,S>E,0.44392678346966785,0.11202620477360119,21,0.024446122056840512
257,S>>E,0.5047593837062783,0.10663880664292577,21,0.023270495402903192
258,E>>S,0.5748407627899104,0.1387058544224474,21,0.030268098915447166
258,E>S,0.4904502301374157,0.12245335081163669,21,0.026721511866443205
258,S~E,0.44285221813891584,0.07558004039677195,21,0.016492916959334653
258,S>E,0.4497404230663536,0.09887234702400373,21,0.021575714970258994
258,S>>E,0.5128811409759229,0.0927468599885712,21,0.020239024112718985
259,E>>S,0.5765684024300005,0.13831635524620206,21,0.03018310322695825
259,E>S,0.5053919912159989,0.1298736612751043,21,0.028340756360677167
259,S~E,0.45256494376455075,0.08423246181328706,21,0.018381030106279294
259,S>E,0.44447482087815054,0.10072908457647523,21,0.021980888321681265
259,S>>E,0.5165720185271241,0.0988253603171679,21,0.021565461630224145
260,E>>S,0.5721783043560382,0.11474334411239893,21,0.025039050470830174
260,E>S,0.5014143538997609,0.13256019201542965,21,0.028927005430885104
260,S~E,0.44303099987911176,0.08277739281640283,21,0.018063508019631417
260,S>E,0.43067271755592607,0.08657604607741769,21,0.018892442119988154
260,S>>E,0.48343274947102155,0.10431631873197503,21,0.022763686990876924
261,E>>S,0.5726235667086366,0.11589473514159045,21,0.025290304592056993
261,E>S,0.49605082880418766,0.134470234822163,21,0.029343810942430888
261,S~E,0.431440664807592,0.11120622954277629,21,0.02426718879192413
261,S>E,0.44146174994155196,0.10507047287061033,21,0.02292825691592266
261,S>>E,0.5114900730542187,0.09714617592213713,21,0.021199033554223326
262,E>>S,0.582292170851407,0.12712712939699594,21,0.027741413968770463
262,E>S,0.49161124533694306,0.13473386828745504,21,0.02940134048102252
262,S~E,0.4544445036692686,0.09056470880363594,21,0.019762839684966442
262,S>E,0.4531426582298232,0.09374553192242464,21,0.020456952195162383
262,S>>E,0.5083172967064218,0.09920695244456583,21,0.021648731859195584
263,E>>S,0.5893725972489694,0.13470374794649145,21,0.029394767683764256
263,E>S,0.4822257828208638,0.13828028552750607,21,0.030175232169043005
263,S~E,0.44043082897743024,0.09734795394733789,21,0.02124306512917862
263,S>E,0.45904043039900894,0.0985716016824773,21,0.021510086956332795
263,S>>E,0.5269045830701051,0.1119080717765155,21,0.02442034332344922
264,E>>S,0.5703981298000416,0.13767173670430974,21,0.030042435928739508
264,E>S,0.48087838041741726,0.127380781563612,21,0.027796765409423205
264,S~E,0.4518486741910128,0.09371940229070116,21,0.02045125024205504
264,S>E,0.4436529460201462,0.11042245819906715,21,0.024096155862872493
264,S>>E,0.5252351258557533,0.08462476923300344,21,0.01846663860373373
265,E>>S,0.5999266431368004,0.15330642694235555,21,0.03345420504697913
265,E>S,0.4890691257893053,0.13380359813745857,21,0.02919833889154077
265,S~E,0.4569824970114431,0.11034319008922364,21,0.024078858143179446
265,S>E,0.4467776981822001,0.08602992646383925,21,0.01877326905009657
265,S>>E,0.48353744502110835,0.08656061162135573,21,0.018889074045549372
266,E>>S,0.5696248541538357,0.14748076313415742,21,0.032182940981529955
266,E>S,0.4801302069295734,0.1394375975323496,21,0.030427778353084748
266,S~E,0.4504712833610684,0.11021813158435637,21,0.024051568140091243
266,S>E,0.46539994550635716,0.10951212800713761,21,0.0238975055289715
266,S>>E,0.5140762082036989,0.08637105394616718,21,0.018847709169591685
267,E>>S,0.5878532775393273,0.15079389113933142,21,0.03290592478490081
267,E>S,0.4915258436540211,0.13049375777244357,21,0.02847607251006927
267,S~E,0.4463426598544165,0.09964672466226168,21,0.021744698024725576
267,S>E,0.4391897542977285,0.08879638964386583,21,0.019376960808657525
267,S>>E,0.5122085788970668,0.10942242315950407,21,0.02387793032637697
268,E>>S,0.5845502148225544,0.1491984350958784,21,0.03255776773313423
268,E>S,0.5004775659932688,0.12917466722616894,21,0.028188223354030977
268,S~E,0.44348750546604954,0.09537257586198525,21,0.020812002290974553
268,S>E,0.4404494010779059,0.08730242511882545,21,0.0190509510219158
268,S>>E,0.4866172920152239,0.09194038650805014,21,0.0200630371712684
269,E>>S,0.5757392109214967,0.12951864341719838,21,0.028263285112728832
269,E>S,0.49413374820266703,0.1298567093071283,21,0.028337057137990097
269,S~E,0.45464289613262077,0.09200709699240289,21,0.02007759459242048
269,S>E,0.4477405213606349,0.08451950969257215,21,0.018443669088893604
269,S>>E,0.5217066811210832,0.08573555455119306,21,0.018709031832374184
270,E>>S,0.5997477421139407,0.15087740266475025,21,0.032924148493788094
270,E>S,0.4795488959228752,0.1393453679048691,21,0.0304076521983587
270,S~E,0.45733978899003536,0.09605896619782088,21,0.02096178494193898
270,S>E,0.44256534411382364,0.07775519283525241,21,0.016967574135401533
270,S>>E,0.4985783416855232,0.09215782931690505,21,0.02011048708226371
271,E>>S,0.5626079414645863,0.11668005554622578,21,0.02546167555391579
271,E>S,0.47867863764705815,0.1265016288103508,21,0.027604918550411382
271,S~E,0.4477528368318046,0.09863221984966382,21,0.021523314924886208
271,S>E,0.42753237379959474,0.09868810508426074,21,0.02153551008287529
271,S>>E,0.4896563551270932,0.09986801053965866,21,0.021792986562030166
272,E>>S,0.5661276509873249,0.14271048829041527,21,0.03114198166928272
272,E>S,0.4799862328237052,0.1100708285308216,21,0.02401942397852357
272,S~E,0.46286286952367656,0.09644875721784353,21,0.02104684431596126
272,S>E,0.44547973852446243,0.08872815786856314,21,0.019362071414603915
272,S>>E,0.504829481938561,0.10468575185713941,21,0.022844303908033586
273,E>>S,0.5718394635093098,0.14160637833427936,21,0.030901045124066183
273,E>S,0.48420758485021637,0.12213101178786367,21,0.02665117172473473
273,S~E,0.4548954039572502,0.07519327882084974,21,0.01640851866421256
273,S>E,0.4535868156128512,0.0854607934730712,21,0.018649074049587468
273,S>>E,0.5275672207050166,0.08247680764087297,21,0.017997914956791074
274,E>>S,0.5830915537310838,0.14779451813606576,21,0.03225140793609738
274,E>S,0.48207595536342013,0.12287482498962951,21,0.026813485072353746
274,S~E,0.43897959748578497,0.08701240138095268,21,0.018987662653718842
274,S>E,0.4475337167442766,0.10111047374877422,21,0.0220641142622192
274,S>>E,0.5126086016404162,0.0926789214082156,21,0.020224198699048155
275,E>>S,0.5715959596105687,0.13935391976737932,21,0.03040951836775327
275,E>S,0.4983605700462236,0.13526320878916656,21,0.02951685204852247
275,S~E,0.44583226915318164,0.09754159494493163,21,0.02128532105913672
275,S>E,0.44022175076875636,0.09779930630007624,21,0.021341558287346237
275,S>>E,0.5053292323940964,0.0788032495050331,21,0.017196278850728837
276,E>>S,0.5822462348734381,0.14301077929393294,21,0.031207510538527192
276,E>S,0.498478945456098,0.14065387080970201,21,0.030693190941619007
276,S~E,0.4505574148697565,0.08624730570798947,21,0.018820705090136124
276,S>E,0.4293654498900908,0.07999447159192404,21,0.017456224821332692
276,S>>E,0.5058258644562149,0.10408043424201215,21,0.02271221277513783
277,E>>S,0.5582600653246484,0.15617358896575598,21,0.03407987109469033
277,E>S,0.4966953010313049,0.14469946372900705,21,0.031576011693223424
277,S~E,0.43896693790799657,0.10356497312221427,21,0.022599729937076856
277,S>E,0.4376035477890812,0.10124565227788927,21,0.022093612635647894
277,S>>E,0.5189471032484873,0.08161512383989562,21,0.017809880135691267
278,E>>S,0.5850623888391911,0.1559547955271953,21,0.03403212645213014
278,E>S,0.4986494769279982,0.12843565995061923,21,0.028026958745491472
278,S~E,0.45224590106163937,0.09548373120806292,21,0.020836258376084073
278,S>E,0.4469131142215635,0.10512662526491418,21,0.022940510372939347
278,S>>E,0.49970124134992777,0.09649706820140887,21,0.021057386636870113
279,E>>S,0.5715160092039397,0.12428023846758054,21,0.02712017143642145
279,E>S,0.48757937957523173,0.12821183715746282,21,0.027978116607782152
279,S~E,0.4507352362117508,0.09838970683352678,21,0.021470394246150017
279,S>E,0.4663049572882863,0.08874210463193569,21,0.019365114847882694
279,S>>E,0.5077119890022328,0.11043680799187422,21,0.024099287244384177
280,E>>S,0.5840074264895526,0.1320567025832417,21,0.02881713502923693
280,E>S,0.49492846984967354,0.13282557123848962,21,0.028984915925053714
280,S~E,0.4659119693822789,0.08695671638051475,21,0.01897551119040549
280,S>E,0.4414335655399129,0.09320932142318619,21,0.02033994147129618
280,S>>E,0.48769788370254147,0.1038654468947976,21,0.022665298689801237
281,E>>S,0.5682153029535206,0.15435771574032886,21,0.0336836150705016
281,E>S,0.4804152797696374,0.1275519079035251,21,0.02783410823828285
281,S~E,0.46461767259289344,0.10253725863612555,21,0.022375464250157608
281,S>E,0.4555555940310034,0.10028746037174102,21,0.02188451801944702
281,S>>E,0.528114946378392,0.10667710448340577,21,0.023278852676853333
282,E>>S,0.5614130552509194,0.14934097693059892,21,0.032588872911577305
282,E>S,0.49210376816759843,0.1297406987343874,21,0.028311741555561508
282,S~E,0.4509986304164264,0.09326550423723891,21,0.020352201566446283
282,S>E,0.4514350770513118,0.10336336382874019,21,0.02255573518240297
282,S>>E,0.5094639720266014,0.07132554060965883,21,0.015564508991781347
283,E>>S,0.5736690428633197,0.1379123002706831,21,0.03009493120266115
283,E>S,0.48813979867354973,0.1422774136481633,21,0.031047477034535784
283,S~E,0.44222881663889746,0.09185617329331194,21,0.02004466034121824
283,S>E,0.44781965120335326,0.10187119897333499,21,0.022230118115772156
283,S>>E,0.5305448235636568,0.09468988337995621,21,0.020663026577866204
284,E>>S,0.5927866593584279,0.14297346280521417,21,0.031199367413087965
284,E>S,0.5021101499499097,0.13148567678382841,21,0.02869252698401864
284,S~E,0.4518425563194175,0.09103494083101195,21,0.019865452725901827
284,S>E,0.45252869408594054,0.10186741741948777,21,0.0222292929130698
284,S>>E,0.5251014275202486,0.09128526584057269,21,0.019920078121361477
285,E>>S,0.5977205127191486,0.14147794511093817,21,0.03087301869703246
285,E>S,0.5093346703396062,0.10219080132373874,21,0.022299861066391726
285,S~E,0.45548706080025286,0.09292961487465819,21,0.020278904498391207
285,S>E,0.4478591923146621,0.09072881226163315,21,0.019798649995351022
285,S>>E,0.49459279045165355,0.09523332334118244,21,0.02078161489967492
286,E>>S,0.5756635495645485,0.13420656950813245,21,0.02928627445387473
286,E>S,0.491852643161061,0.12229730904472812,21,0.02668746076127972
286,S~E,0.4670556349983586,0.08404095026480357,21,0.0183392388602134
286,S>E,0.4370487629084704,0.08616899339863507,21,0.0188036159432093
286,S>>E,0.5276840063901764,0.07966051639324889,21,0.01738334982244446
287,E>>S,0.5609390500186011,0.1428997204405001,21,0.031183275509839046
287,E>S,0.4792978922103736,0.12591525286343383,21,0.02747696082839003
287,S~E,0.46341929694800754,0.0891395313167507,21,0.01945184046056651
287,S>E,0.46538570707844074,0.08777828065458272,21,0.019154791212985866
287,S>>E,0.5158595480399375,0.08629555260732291,21,0.018831233426719097
288,E>>S,0.5757292754197085,0.15398060713801942,21,0.03360132322691579
288,E>S,0.47566107305533767,0.134667459304503,21,0.029386848852870007
288,S~E,0.4492042493537424,0.09125738641883091,21,0.019913994332767988
288,S>E,0.43614349915912015,0.09310596204116406,21,0.02031738660501521
288,S>>E,0.5206587574817017,0.10161217617449855,21,0.022173594707087046
289,E>>S,0.581857844731045,0.12179875549496265,21,0.026578667457480235
289,E>S,0.4907604743017674,0.12396319813930247,21,0.027050987564864883
289,S~E,0.4572397277450506,0.09893713385755577,21,0.02158985261639179
289,S>E,0.45074604256620726,0.1008048863077246,21,0.02199742961555074
289,S>>E,0.4865391183541926,0.12113983246447367,21,0.026434878663939024
290,E>>S,0.5878870838494903,0.1625279775108041,21,0.03546651235673049
290,E>S,0.4858112827728283,0.1275469072832668,21,0.027833017013480215
290,S~E,0.45809831375283344,0.08447846758045757,21,0.01843471296577713
290,S>E,0.44997572987615314,0.0982533500190925,21,0.021440638749784868
290,S>>E,0.48582576489946594,0.08901774729551636,21,0.019425265008388298
291,E>>S,0.5900646374985612,0.1448219273395387,21,0.03160273544394432
291,E>S,0.5029589348654949,0.12532486020006095,21,0.02734812658697799
291,S~E,0.4417566288877264,0.06906542462281406,21,0.015071311249443445
291,S>E,0.443662792635767,0.10521706367322793,21,0.022960245651597874
291,S>>E,0.5049278503657573,0.10011449715144334,21,0.021846774350425237
292,E>>S,0.5843683428488161,0.13136618450082288,21,0.028666451630121693
292,E>S,0.4904194138122095,0.11906715165247356,21,0.025982582630011734
292,S~E,0.46339348265770813,0.1000005718396734,21,0.02182191380924632
292,S>E,0.47545168560157774,0.090922977598574,21,0.019841020345535216
292,S>>E,0.5144879977047471,0.09909569646708039,21,0.021624453814512567
293,E>>S,0.5943899050396695,0.14693852216989278,21,0.0320646143023086
293,E>S,0.49071984483310027,0.10979090023015539,21,0.02395833861533484
293,S~E,0.4627597571098894,0.1060718394685154,21,0.0231467730222703
293,S>E,0.43464709699579357,0.08145477681883283,21,0.017774889547049318
293,S>>E,0.51534099173849,0.09246661164316863,21,0.02017786891004311
294,E>>S,0.6020712476581925,0.1712000313793359,21,0.03735890965593437
294,E>S,0.4890666734864881,0.1274422103137739,21,0.027810170261683368
294,S~E,0.4595601389135085,0.09870084712011049,21,0.021538290623055737
294,S>E,0.4529231916840691,0.09055555961869868,21,0.019760843169132056
294,S>>E,0.5244966101123402,0.08943864961387599,21,0.019517113424296174
295,E>>S,0.5984210956155925,0.14738132739148896,21,0.0321612423235508
295,E>S,0.4925540007279309,0.13222259627316232,21,0.028853336000254873
295,S~E,0.45582203210779454,0.0896784114554042,21,0.019569433747513555
295,S>E,0.4467627405176205,0.08832743244776796,21,0.01927462595871406
295,S>>E,0.4984657757514214,0.0935813776482408,21,0.020421130795776763
296,E>>S,0.5828305836436297,0.14082055876923655,21,0.030729565236476377
296,E>S,0.4958813594102229,0.1292678186282094,21,0.028208550656456773
296,S~E,0.4521573541625748,0.0883244341614493,21,0.01927397167899928
296,S>E,0.44777164885063836,0.08615928100986434,21,0.018801496526222598
296,S>>E,0.5203259371937603,0.07387638986437078,21,0.016121149934454643
297,E>>S,0.5872725551644146,0.13603297519918225,21,0.02968482885049063
297,E>S,0.48292166587460017,0.10292598082431044,21,0.022460290385951234
297,S~E,0.46107484992800657,0.09710289920428045,21,0.021189589800156304
297,S>E,0.4465486478447767,0.08813940824314243,21,0.019233595713467378
297,S>>E,0.5011147969174227,0.10473481691710927,21,0.02285501078190451
298,E>>S,0.5753891780102774,0.13407059841514768,21,0.02925660312883051
298,E>S,0.4817849887891369,0.13024110287831625,21,0.028420938692115007
298,S~E,0.43289950680923006,0.09288741657573533,21,0.020269696074628713
298,S>E,0.4424396188478703,0.083854318846594,21,0.01829851254587996
298,S>>E,0.5013066931783003,0.10139651707981462,21,0.022126534034434913
299,E>>S,0.5880626837249843,0.13287876087513004,21,0.028996522855343806
299,E>S,0.4852341634402173,0.12607951635501954,21,0.027512806060966663
299,S~E,0.4584989611818587,0.10173841489521403,21,0.022201142254387667
299,S>E,0.45902113820073176,0.08952772123207037,21,0.019536550444898458
299,S>>E,0.5171768936068327,0.09189158927262407,21,0.020052388741504376
300,E>>S,0.5904149738210824,0.14474571505061093,21,0.031586104559044446
300,E>S,0.4990521654613796,0.13018922404667183,21,0.028409617802925655
300,S~E,0.45476206454542767,0.10416320416317171,21,0.022730274652708268
300,S>E,0.45115044744940824,0.09292786523537203,21,0.020278522695797507
300,S>>E,0.5165427347237164,0.10442031666853419,21,0.02278638120118176
301,E>>S,0.5600433142154584,0.14516412466371004,21,0.03167740902206939
301,E>S,0.4803137380596094,0.11044337127603801,21,0.024100719470407417
301,S~E,0.4500853315877382,0.08950218582736591,21,0.019530978162757527
301,S>E,0.4569971379974484,0.1013056308435866,21,0.022106701031713746
301,S>>E,0.5127581792407264,0.09783220067037682,21,0.02134873642743387
302,E>>S,0.5804333665361298,0.12081887103250802,21,0.026364839137408357
302,E>S,0.47431827977791496,0.09876601218439961,21,0.021552510805902002
302,S~E,0.44771254596901705,0.10045872267570362,21,0.02192189051809469
302,S>E,0.4613271681298353,0.09240240565954538,21,0.020163858015756316
302,S>>E,0.5248096178614832,0.09066901721288347,21,0.019785601645966308
303,E>>S,0.58280172285026,0.15421791970881588,21,0.03365310907544147
303,E>S,0.4979257371550837,0.1339276141287737,21,0.02922540139952108
303,S~E,0.4612946587989886,0.08841402280858726,21,0.01929352152456682
303,S>E,0.45197618220464364,0.07973135263173346,21,0.017398807556958815
303,S>>E,0.5153745764373103,0.09861591272503838,21,0.02151975641855463
304,E>>S,0.5747919209868951,0.1704003497036557,21,0.037184404807807055
304,E>S,0.4862859506134847,0.13143813430719004,21,0.028682152365070022
304,S~E,0.462235388029936,0.08912328513420711,21,0.019448295252887462
304,S>E,0.4441717240667006,0.10181060383582892,21,0.02221689517270702
304,S>>E,0.5155791749719635,0.07226312622351125,21,0.015769106946351842
305,E>>S,0.5774186859519409,0.15383319280762495,21,0.03356915478274655
305,E>S,0.4966887034144966,0.1185675533049629,21,0.02587356133265257
305,S~E,0.452679285461105,0.09582265261377149,21,0.020910217090193615
305,S>E,0.4396105175631214,0.07801103599165121,21,0.017023403689222196
305,S>>E,0.5104205888208875,0.08168159130483035,21,0.01782438452565866
306,E>>S,0.5621254563596645,0.13899926461842352,21,0.030332126269386805
306,E>S,0.47456180418950566,0.1234342846937619,21,0.02693556918866157
306,S~E,0.4467896493173775,0.10856398751422253,21,0.023690604310960258
306,S>E,0.4480983203909944,0.08058942285852007,21,0.017586053831522508
306,S>>E,0.4985545342389309,0.07789388261588759,21,0.016997838726729032
307,E>>S,0.5753500322282459,0.16455040106791327,21,0.03590784135852642
307,E>S,0.4895461722749238,0.1347353617096541,21,0.029401666372464032
307,S~E,0.44366310904983175,0.0970925324351123,21,0.021187327585659867
307,S>E,0.44499014893499866,0.10130581189206153,21,0.022106740539729976
307,S>>E,0.497498210710848,0.11069647209496342,21,0.02415595059713032
308,E>>S,0.589126861148476,0.16191298346733007,21,0.035332309654055885
308,E>S,0.47639437391823547,0.12005809491021181,21,0.026198824177058957
308,S~E,0.44440283625154275,0.09380049869211375,21,0.020468946927677027
308,S>E,0.4515208333553494,0.10131625357049405,21,0.022109019100768044
308,S>>E,0.49709061324914583,0.09252748353683057,21,0.020191152246252685
309,E>>S,0.5819901464434921,0.15113683333370292,21,0.03298076090702946
309,E>S,0.4877781446539583,0.13040572278751617,21,0.028456861701391455
309,S~E,0.46406974735494344,0.09683909496027912,21,0.02113202299459503
309,S>E,0.4488445368373054,0.08994252029332973,21,0.019627067020918345
309,S>>E,0.5131781161864667,0.09211554624486461,21,0.020101260159490347
310,E>>S,0.55836615658562,0.13972900825063314,21,0.030491369385220738
310,E>S,0.4913489460567605,0.11757901415222614,21,0.02565784440432668
310,S~E,0.45712357811424864,0.09675583278036867,21,0.021113853697358527
310,S>E,0.44471536354991786,0.09661623694138415,21,0.0210833913878896
310,S>>E,0.5159764066948588,0.099160118777513,21,0.0216385119151793
311,E>>S,0.5947713976536269,0.13169435319881018,21,0.028738063911037972
311,E>S,0.49227991153942535,0.12370797999997256,21,0.026995294400950352
311,S~E,0.45641750197081,0.09486516566316126,21,0.020701276307902958
311,S>E,0.44232453988588805,0.08911216298052178,21,0.019445868199975368
311,S>>E,0.5167377709908001,0.09252197478927351,21,0.02018995013898294
312,E>>S,0.5674940895192525,0.13884272869213904,21,0.030297967329806868
312,E>S,0.4903323136430694,0.11630070561619764,21,0.02537889461252388
312,S~E,0.44569967845293396,0.10033797908389218,21,0.021895542106230084
312,S>E,0.4538503289203168,0.09059547492908657,21,0.019769553403953012
312,S>>E,0.49343573619726394,0.10360665821001626,21,0.022608826368991308
313,E>>S,0.5706019219605307,0.14548755925642787,21,0.03174798823652161
313,E>S,0.46395830707241764,0.11260881539750191,21,0.0245732581180172
313,S~E,0.4493159312986484,0.08348874737858421,21,0.018218738311400386
313,S>E,0.46250995831069164,0.09394941177740841,21,0.02050144242697856
313,S>>E,0.5195274787329851,0.1183590580722755,21,0.025828063942851264
314,E>>S,0.5653267860828942,0.15218362271396588,21,0.033209189077111886
314,E>S,0.47383336861377534,0.13040193182382476,21,0.028456034445292752
314,S~E,0.4566955124788289,0.10947957734145311,21,0.023890402391380055
314,S>E,0.4485717249211134,0.09299801650204709,21,0.02029383095720872
314,S>>E,0.4986064666987443,0.0971171129084915,21,0.021192691484701678
315,E>>S,0.5623718730849927,0.11687692453709704,21,0.025504635889756606
315,E>S,0.4706121049109876,0.11666197105393893,21,0.025457729194162965
315,S~E,0.45365093603882106,0.10132643144375612,21,0.02211124009479838
315,S>E,0.45495567320813945,0.08145812778596924,21,0.017775620788028076
315,S>>E,0.5153783629632268,0.08730646841964575,21,0.01905183334249039
316,E>>S,0.5702322332809702,0.13458373011361277,21,0.029368577645482775
316,E>S,0.4904630230894495,0.14009645829349077,21,0.030571553558340254
316,S~E,0.46394084541671027,0.10506641406046759,21,0.022927371210936444
316,S>E,0.45348003091371636,0.0976324906476605,21,0.02130515612761773
316,S>>E,0.5137829259972319,0.0923786035419358,21,0.020158663967868404
317,E>>S,0.5575409564441601,0.1443353375896816,21,0.03149655285532004
317,E>S,0.48700575251159883,0.12046557427029507,21,0.02628774346333104
317,S~E,0.4429384300440721,0.08847299162485679,21,0.019306389575242874
317,S>E,0.44385491186889503,0.08659117137134292,21,0.018895742729717717
317,S>>E,0.5028002707640491,0.09709564482927245,21,0.02118800676574708
318,E>>S,0.5922299611815395,0.16251916626726917,21,0.03546458958575594
318,E>S,0.4972882843917245,0.1122541190300299,21,0.02449585702503309
318,S~E,0.44167172018011414,0.11401254346449552,21,0.024879576695261595
318,S>E,0.44643270902565757,0.088087695050323,21,0.019222310969632957
318,S>>E,0.5062172811746015,0.10540183977202404,21,0.0230005671020432
319,E>>S,0.580016659425189,0.12933073455278216,21,0.028222280036779283
319,E>S,0.4846716330727939,0.12698887065111183,21,0.02771124343693696
319,S~E,0.45278907487329595,0.09940114071191929,21,0.021691107213206037
319,S>E,0.4605885798994642,0.10529786264925202,21,0.02297787743367908
319,S>>E,0.5018365683559458,0.09100221508418915,21,0.01985831138247376
320,E>>S,0.5719018218118469,0.16233515145344526,21,0.035424434261311116
320,E>S,0.47958210544089863,0.13045340879830158,21,0.02846726764205882
320,S~E,0.4439649173860913,0.09550442646457011,21,0.020840774451296968
320,S>E,0.4522029344226799,0.08399564963059115,21,0.018329353451389214
320,S>>E,0.49729437022701317,0.10001762677112264,21,0.021825635500405293
321,E>>S,0.5614241710436371,0.15202945311554553,21,0.03317554651260606
321,E>S,0.4975718569220335,0.12224112376669774,21,0.026675200128445608
321,S~E,0.44993174471269787,0.09170651950406294,21,0.020012003207062503
321,S>E,0.43164296345277336,0.0851787848353821,21,0.018587534719642626
321,S>>E,0.4969763386301008,0.10589960868364504,21,0.0231091891837622
322,E>>S,0.5607860459405639,0.161183086329253,21,0.03517303304049541
322,E>S,0.4825357933340665,0.12480770988810647,21,0.027235275136968398
322,S~E,0.4478826590821066,0.09257073389160698,21,0.020200590247423954
322,S>E,0.4417662875353306,0.07903054982500717,21,0.017245879847003542
322,S>>E,0.49806403005490807,0.09143055486315024,21,0.0199517827853428
323,E>>S,0.5732666685964573,0.15382128749992888,21,0.03356655683161851
323,E>S,0.4817133898366275,0.11618045953462007,21,0.02535265476629288
323,S~E,0.4466389437261047,0.09077692255542653,21,0.01980914852216125
323,S>E,0.4756402136777608,0.08204657672829585,21,0.017904030874734193
323,S>>E,0.5115303214417605,0.08690076774328398,21,0.01896330219682741
324,E>>S,0.5719590452552517,0.12997415615626842,21,0.028362686141624318
324,E>S,0.4952600306963414,0.11910021580009626,21,0.02598979781854841
324,S~E,0.4503772432340822,0.10590367065854352,21,0.02311007557935474
324,S>E,0.46584962040132233,0.09454024321243383,21,0.02063037241621491
324,S>>E,0.4966253902866284,0.0951575271371172,21,0.02076507481193591
325,E>>S,0.56412870701227,0.14966239469496823,21,0.032659012018002344
325,E>S,0.47529375693559656,0.12419418089227839,21,0.027101392133900188
325,S~E,0.45252120937990636,0.083470256229021,21,0.018214703211754665
325,S>E,0.43880647464970496,0.10459184938368317,21,0.02282381270838802
325,S>>E,0.5119034042561923,0.08760088002325232,21,0.019116079221490414
326,E>>S,0.5824251338200573,0.1295146566580169,21,0.02826241513055137
326,E>S,0.48680112618016225,0.11685439061127555,21,0.025499718584005106
326,S~E,0.45321982290295765,0.09598423464910366,21,0.02094547718104384
326,S>E,0.4489677837262164,0.09140226195269528,21,0.019945608766114682
326,S>>E,0.4843664938462145,0.08389935261762797,21,0.018308339720384363
327,E>>S,0.5763272107900771,0.13799737434001857,21,0.030113495886585327
327,E>S,0.4783716277120596,0.1255911007260339,21,0.02740622503285113
327,S~E,0.45277556940104785,0.10670939574344539,21,0.023285899207492237
327,S>E,0.44697671786399085,0.09958561582559906,21,0.021731362983314285
327,S>>E,0.5168554132786639,0.09606259207105591,21,0.020962576172346592
328,E>>S,0.5750201730525144,0.1433655710021362,21,0.03128493243656453
328,E>S,0.4902865432401171,0.1268545911617801,21,0.027681941250073023
328,S~E,0.445262236615666,0.09566093377378578,21,0.02087492714612052
328,S>E,0.45146472064357307,0.08686383276918057,21,0.018955242324702644
328,S>>E,0.5093308431469868,0.1187256319530216,21,0.0259080569217233
329,E>>S,0.5871499051303462,0.14709967330299065,21,0.032099780362582354
329,E>S,0.5026026061315508,0.1254869622018382,21,0.027383500143808852
329,S~E,0.45640319930048584,0.10377431567438206,21,0.022645412227147527
329,S>E,0.4520481282993993,0.0928651650878785,21,0.020264840401893983
329,S>>E,0.5172170313114036,0.09271830838314109,21,0.020232793641619173
330,E>>S,0.5693303749642676,0.14734767937044868,21,0.03215389972338877
330,E>S,0.4864300032726667,0.1040999226310969,21,0.022716465490288003
330,S~E,0.4476094378365225,0.09048952240327554,21,0.019746432667305355
330,S>E,0.44977768671295526,0.10488565964349497,21,0.022887927363413843
330,S>>E,0.5082648487901418,0.09548371796630054,21,0.020836255486494624
331,E>>S,0.5860969790625407,0.12251766673053543,21,0.02673554675057388
331,E>S,0.4845024134681136,0.1438784284542885,21,0.03139684710776501
331,S~E,0.44899644065511624,0.10534273192270746,21,0.02298766871186895
331,S>E,0.44077031139583933,0.08055871872940881,21,0.017579353641246315
331,S>>E,0.5114983556238175,0.10236552043257686,21,0.022337987901706293
332,E>>S,0.5858815887925023,0.1704068798024709,21,0.037185829792193544
332,E>S,0.48083191738406433,0.12905520582066465,21,0.028162154738157207
332,S~E,0.43713701930561877,0.09052715990297967,21,0.01975464584308455
332,S>E,0.43517805967717343,0.08780571893903145,21,0.019160778737529964
332,S>>E,0.494227423631106,0.1010951635515893,21,0.022060773303290412
333,E>>S,0.5755486103537254,0.1390609118658264,21,0.030345578801653915
333,E>S,0.4878579437843011,0.10788349989638865,21,0.023542109738664836
333,S~E,0.44415763093646055,0.0963763690270179,21,0.02103104791768129
333,S>E,0.4485972854477187,0.08767235851391798,21,0.01913167710692073
333,S>>E,0.5223161389839481,0.09785538312846342,21,0.02135379525452801
334,E>>S,0.595614662081151,0.14187508824192996,21,0.030959682433199208
334,E>S,0.4902305841009812,0.1084771738326258,21,0.0236716600125186
334,S~E,0.4339971474385828,0.08605162777793236,21,0.018778004665073317
334,S>E,0.4331892143516198,0.10221352561171929,21,0.022304819912571956
334,S>>E,0.4904588928462014,0.10726347522230228,21,0.02340680926239145
335,E>>S,0.5957741728706784,0.16636340481296727,21,0.03630347121076206
335,E>S,0.48925321112476555,0.12231068556819927,21,0.026690379758010287
335,S~E,0.4504713722241314,0.10506342482795052,21,0.022926718906923143
335,S>E,0.4480905476272122,0.0865653112338738,21,0.018890099585077993
335,S>>E,0.5232156510261154,0.0729337193521456,21,0.01591544236408918
336,E>>S,0.5808687879496638,0.13076484925100135,21,0.028535229520581105
336,E>S,0.4970461083976253,0.11286751290670284,21,0.024629710542684334
336,S~E,0.4427175000446095,0.09511496524462681,21,0.020755787045552206
336,S>E,0.43541957486686134,0.07843542652515634,21,0.017116013296079813
336,S>>E,0.5050765508563668,0.09453338985350297,21,0.02062887689068799
337,E>>S,0.5749260565033185,0.12403164000740656,21,0.027065922804926368
337,E>S,0.47251962418853616,0.12981102898970867,21,0.028327088875497473
337,S~E,0.4467457671066339,0.08061814135475086,21,0.01759232072118074
337,S>E,0.4597476284455617,0.11113244176597757,21,0.02425108697894591
337,S>>E,0.49675730214099256,0.1165519825659068,21,0.02543372773835435
338,E>>S,0.5933928851460282,0.13181270747445853,21,0.028763890931370367
338,E>S,0.48140674278251183,0.11278083546750532,21,0.024610795974771595
338,S~E,0.4530891837990434,0.11274254178236875,21,0.02460243960759173
338,S>E,0.44627381237787767,0.09487000910594025,21,0.020702333233767668
338,S>>E,0.5324534671156814,0.11153078434618441,21,0.024338012456389807
339,E>>S,0.5843020348624562,0.15740615040195338,21,0.034348838050883575
339,E>S,0.4878430615746839,0.1396977876539139,21,0.03048455649247276
339,S~E,0.4616051299518274,0.10330712513061173,21,0.022543462892347762
339,S>E,0.4517278276037051,0.0900649682832247,21,0.019653787362936864
339,S>>E,0.5133105790740026,0.09378131414469251,21,0.020464760516213633
340,E>>S,0.5650506502944928,0.14952915509514667,21,0.0326299367536334
340,E>S,0.4754996825169322,0.143854722893809,21,0.03139167413037031
340,S~E,0.4467325443821676,0.10424862847392916,21,0.022748915765576624
340,S>E,0.44514523007580536,0.0990438324492244,21,0.02161313615795687
340,S>>E,0.49145885137227185,0.10413498318229608,21,0.0227241163298012
341,E>>S,0.5825890190527542,0.158419176370723,21,0.03456989844054275
341,E>S,0.4905935493671932,0.12481307764928042,21,0.02723644647848707
341,S~E,0.44963439023823115,0.10521069330098311,21,0.02295885552240659
341,S>E,0.44494907724377775,0.083513716618661,21,0.018224187046290738
341,S>>E,0.5086264304518082,0.08165474666614633,21,0.017818526545240885
342,E>>S,0.5790937060480458,0.14599513854702645,21,0.03185875111844352
342,E>S,0.49001314157506937,0.12964415093419984,21,0.02829067309829765
342,S~E,0.4516810890225382,0.09462328064679233,21,0.02064849266995123
342,S>E,0.4442003445017947,0.08867664770148287,21,0.019350830974617955
342,S>>E,0.49527378429899893,0.09422068533092524,21,0.020560639169503823
343,E>>S,0.5786166221944272,0.1577334119268966,21,0.034420252370412095
343,E>S,0.48067382355217037,0.13697122768198441,21,0.029889572327796397
343,S~E,0.4515577257658508,0.08979439578484733,21,0.019594743603185073
343,S>E,0.44949625155188844,0.10023635900635923,21,0.021873366787305226
343,S>>E,0.5100521865174876,0.10524614942150064,21,0.02296659268222188
344,E>>S,0.5634362313422906,0.1578601232931798,21,0.03444790305743134
344,E>S,0.48547991964740983,0.11524387321119899,21,0.025148274874772045
344,S~E,0.4444622217455215,0.09724981215548006,21,0.02122164883441543
344,S>E,0.44172139031477126,0.09299414005112676,21,0.02029298504626728
344,S>>E,0.510936127919571,0.09371808911070106,21,0.020450963682685917
345,E>>S,0.5430436373940252,0.16084621074506364,21,0.0350995207612416
345,E>S,0.5103675484660046,0.11662425990646176,21,0.02544949994712212
345,S~E,0.44107080552831335,0.08249879185724887,21,0.018002712306107116
345,S>E,0.45254913342188885,0.08042248840776313,21,0.017549625747870626
345,S>>E,0.5079022993269764,0.09950250390902264,21,0.021713226476225506
346,E>>S,0.566944778896136,0.14258250418551077,21,0.031114053247926717
346,E>S,0.5119606517456449,0.12178638756184407,21,0.02657596855320852
346,S~E,0.46836875196969435,0.09739551802509555,21,0.021253444461877918
346,S>E,0.4530006533062681,0.08627354812908122,21,0.018826431655901452
346,S>>E,0.5079722330118737,0.10972544457165194,21,0.02394405501963221
347,E>>S,0.5838616288773041,0.1617189108339958,21,0.035289959533457135
347,E>S,0.489487688928781,0.10953185726129147,21,0.023901810805188887
347,S~E,0.4579807004445791,0.09178635555530763,21,0.020029424861729893
347,S>E,0.4441039628334761,0.08607550359757592,21,0.01878321479606359
347,S>>E,0.508940331174077,0.08871247135454,21,0.01935864833660863
348,E>>S,0.578800544090926,0.1573914943577763,21,0.034345639839844046
348,E>S,0.4741375757945156,0.13072821353048542,21,0.02852723495094284
348,S~E,0.4437470944409499,0.08133413479321976,21,0.017748563298746238
348,S>E,0.4416393179264535,0.09353284799723621,21,0.02041054075772065
348,S>>E,0.5215177216052206,0.09074144073344922,21,0.019801405753827633
349,E>>S,0.6046065245670261,0.1453146346214776,21,0.031710252987512934
349,E>S,0.5029701527242547,0.12489913185098514,21,0.027255225044829016
349,S~E,0.44998573247877605,0.08664784106933884,21,0.0189081090716547
349,S>E,0.44343736657713123,0.0922326716916599,21,0.02012681902738296
349,S>>E,0.48271708971106186,0.09827148070067881,21,0.021444595188869174
350,E>>S,0.5791498104224827,0.15466200813022193,21,0.03375001711383893
350,E>S,0.4835298485862685,0.11598865691347332,21,0.0253108000029645
350,S~E,0.45746109997787343,0.10506071371964004,21,0.022926127294587432
350,S>E,0.4482402926859762,0.09291701077417093,21,0.020276154058174553
350,S>>E,0.52278784909879,0.09902574748495487,21,0.02160918969520898
351,E>>S,0.578881989641017,0.14851211334048348,21,0.032408000047648884
351,E>S,0.4647243287039388,0.13322014626166045,21,0.02907101925414987
351,S~E,0.43046792718618865,0.08338248914570477,21,0.01819555086400123
351,S>E,0.43860808386864086,0.09766760072160403,21,0.02131281777387972
351,S>>E,0.4989380973135716,0.1254497594625762,21,0.0273753818405361
352,E>>S,0.5506975720360116,0.16633642139687854,21,0.036297582946631816
352,E>S,0.4916174242382275,0.12782001705223495,21,0.02789261445106728
352,S~E,0.44502905317865493,0.10169283469233377,21,0.02219119583867861
352,S>E,0.4405969343238074,0.0795519387904248,21,0.017359656247029304
352,S>>E,0.5004396979933655,0.10196288787813626,21,0.022250126275135937
353,E>>S,0.5900536982052695,0.13512661476527302,21,0.029487044788809577
353,E>S,0.5059460177582062,0.12076080055299822,21,0.026352167119884733
353,S~E,0.43627527153873435,0.08261015776585183,21,0.018027014339726668
353,S>E,0.43517987550719217,0.08264330480471707,21,0.01803424761661541
353,S>>E,0.4972739932173734,0.08934974156809683,21,0.01949771209812124
354,E>>S,0.5641135116521205,0.14752898391534536,21,0.03219346361866632
354,E>S,0.48416615123301615,0.12576963794142557,21,0.027445185047322507
354,S~E,0.45704753555775796,0.08651333435201693,21,0.01887875729957814
354,S>E,0.45617645239262655,0.09273297633198466,21,0.020235994450469908
354,S>>E,0.5056041952066594,0.10512327164549848,21,0.022939778553185797
355,E>>S,0.5544025349655411,0.14792080679856334,21,0.03227896638158833
355,E>S,0.4797663144166788,0.11844336718614024,21,0.02584646169980649
355,S~E,0.4490919404042333,0.08630869851009498,21,0.018834102097887266
355,S>E,0.44848189667670385,0.09942268693850122,21,0.021695808985313293
355,S>>E,0.5026784539812246,0.10106385171112865,21,0.022053940499525682
356,E>>S,0.5722932122176629,0.1469316426430866,21,0.032063113066483136
356,E>S,0.48507249670245883,0.13249271010734137,21,0.028912279671272977
356,S~E,0.4459495901653743,0.0785978701118226,21,0.01715146139284449
356,S>E,0.4375538879824453,0.0815025350671217,21,0.017785311251232283
356,S>>E,0.5067170418793351,0.10063771397060665,21,0.02196094962083904
357,E>>S,0.5702780328404465,0.15431575121743685,21,0.033674457660851344
357,E>S,0.4732500803096424,0.1454860811950731,21,0.03174766569709114
357,S~E,0.4403452646411428,0.08645395651957048,21,0.01886579999425489
357,S>E,0.4447124748530733,0.09762687372854864,21,0.021303930415379518
357,S>>E,0.5105898942729431,0.11884359380200146,21,0.025933798307536022
358,E>>S,0.5834369709437134,0.13862518033183205,21,0.030250494385596377
358,E>S,0.4743964956467682,0.12662792968458617,21,0.027632479660721986
358,S~E,0.44307427452347214,0.09533985602001012,21,0.020804862236089888
358,S>E,0.4466185978215321,0.08809319350707139,21,0.01922351083126414
358,S>>E,0.4981898212922409,0.09449567473413428,21,0.020620646776909356
359,E>>S,0.5780142431243652,0.15157362056313617,21,0.033076075694718404
359,E>S,0.48936121790578696,0.1150300688711338,21,0.02510161894275972
359,S~E,0.452562354965066,0.08899545328241469,21,0.019420400055884357
359,S>E,0.4378478048829428,0.0821873228009101,21,0.017934744185759074
359,S>>E,0.4973220659825516,0.1034319514033907,21,0.022570702218239612
360,E>>S,0.5802867957985052,0.14203778538303125,21,0.030995185860077757
360,E>S,0.4937652937100813,0.12514492417422055,21,0.02730886132704165
360,S~E,0.4420311598620886,0.08168332389194842,21,0.017824762607164216
360,S>E,0.46115737067227613,0.07476184277699742,21,0.016314371600951342
360,S>>E,0.5097726327576507,0.08850239738539195,21,0.01931280643826764
361,E>>S,0.5942494480722571,0.1306974668801262,21,0.028520525481769633
361,E>S,0.5029731030614016,0.13140187482879695,21,0.028674239898194023
361,S~E,0.44795569470394897,0.09266994140904976,21,0.020222239102575867
361,S>E,0.45601617757019525,0.09593586785427557,21,0.02093492268111898
361,S>>E,0.5089928321671866,0.10586285959649161,21,0.02310116987549548
362,E>>S,0.5814528239241614,0.12982702614644162,21,0.02833057974128951
362,E>S,0.49286193901859976,0.11783385486845427,21,0.025713455207768212
362,S~E,0.4488174917318262,0.10158703118277125,21,0.022168107620042312
362,S>E,0.45000212979145227,0.09464076894066087,21,0.020652308928543053
362,S>>E,0.5018683175999646,0.09009768971791979,21,0.01966092776538152
363,E>>S,0.5701870133220981,0.15669201008982958,21,0.034192999858639446
363,E>S,0.4781005877320376,0.13104093314940113,21,0.02859547596641803
363,S~E,0.43822546450985445,0.09602772193923532,21,0.020954966885748452
363,S>E,0.442983287028886,0.10378270246638804,21,0.022647242375204924
363,S>>E,0.5109320035533169,0.10414587966921465,21,0.022726494138187555
364,E>>S,0.574806705561927,0.15318311543656693,21,0.03342729627034411
364,E>S,0.48613904254352636,0.12442293463827632,21,0.027151310293735437
364,S~E,0.44700427641515944,0.10612532716250922,21,0.023158444994007217
364,S>E,0.4415084742449104,0.09427642191172772,21,0.020572801888575507
364,S>>E,0.5025933433425267,0.08746666127814792,21,0.01908679029010361
365,E>>S,0.5918214282635238,0.15308745124114892,21,0.03340642063144887
365,E>S,0.49607380131608264,0.12809110606403382,21,0.02795177092328819
365,S~E,0.43954050570459074,0.0999268620994592,21,0.021805829025246935
365,S>E,0.450349458617679,0.0851141270885516,21,0.01857342524254186
365,S>>E,0.48822018721640215,0.08160721451328523,21,0.017808154179125162
366,E>>S,0.5525641139135754,0.1364894015234624,21,0.02978442924002321
366,E>S,0.47001428525823535,0.13157825951888452,21,0.028712730193134865
366,S~E,0.4461774185927858,0.08986170209665037,21,0.019609431044546297
366,S>E,0.44152553573736053,0.11483754399724981,21,0.025059606570962806
366,S>>E,0.5156999729535209,0.11401994266003504,21,0.024881191332101673
367,E>>S,0.5950832180113563,0.14044817148792973,21,0.03064830366959889
367,E>S,0.48154614515161065,0.13754686430085322,21,0.030015186536308528
367,S~E,0.453919339340199,0.09812510640949905,21,0.021412653699863136
367,S>E,0.44176958744876016,0.09474592810061248,21,0.02067525653856668
367,S>>E,0.496530241321926,0.082596676338291,21,0.018024072451046976
368,E>>S,0.5956000940359927,0.14986515971857114,21,0.032703258973666625
368,E>S,0.4661680395696426,0.13235212745212743,21,0.02888160202084842
368,S~E,0.44707592670480817,0.10191213144469913,21,0.022239050313315384
368,S>E,0.44490479402551636,0.10026559975054652,21,0.021879747640810708
368,S>>E,0.503341801748425,0.105062311848227,21,0.022926476034836
369,E>>S,0.5493927732510573,0.11950203801003416,21,0.026077482613451025
369,E>S,0.47004179077223107,0.12620349923467206,21,0.027539861343389815
369,S~E,0.4373628199088258,0.1022916735069927,21,0.022321873181404904
369,S>E,0.4500004530155056,0.08898233677543416,21,0.0194175377994038
369,S>>E,0.486536368623825,0.09429146052938406,21,0.02057608358399254
370,E>>S,0.5520674977506881,0.15397347302761072,21,0.03359976643639369
370,E>S,0.4938978725190781,0.11814841279303451,21,0.02578209737442712
370,S~E,0.44469807313274534,0.09471318138903513,21,0.020668110620254105
370,S>E,0.44644689394758896,0.09279271198472715,21,0.020249029838583243
370,S>>E,0.5065870425083515,0.08622118312042465,21,0.018815004674190224
371,E>>S,0.5724341743545494,0.14274412454525684,21,0.031149321701849683
371,E>S,0.4708185808999136,0.12385608737056475,21,0.027027614078889383
371,S~E,0.43429920716603326,0.09639544718128781,21,0.021035211112255665
371,S>E,0.4553888717395961,0.0972901208403745,21,0.021230444910591277
371,S>>E,0.5177558009200326,0.1137336440898562,21,0.024818715862139663
372,E>>S,0.5801083368002167,0.1522867191901697,21,0.03323168657263985
372,E>S,0.4953883955096617,0.11896505127448116,21,0.025960302500933938
372,S~E,0.4148340436826918,0.10655680733880386,21,0.02325260168775689
372,S>E,0.43978570556219526,0.09056940767715276,21,0.019763865063231766
372,S>>E,0.5090657455053486,0.08595113467244662,21,0.018756075271610956
373,E>>S,0.5620919609266624,0.15882013074195248,21,0.03465739385751335
373,E>S,0.49198912600207007,0.11947407187554794,21,0.026071379902585387
373,S~E,0.4420818014710638,0.11080951400501624,21,0.024180618364250294
373,S>E,0.45065754322796436,0.0991599496242445,21,0.02163847500290992
373,S>>E,0.50429349349182,0.09514883720221784,21,0.02076317851267588
374,E>>S,0.5738495175901536,0.1368927233589132,21,0.029872441280041392
374,E>S,0.4985853863913442,0.12847046894312375,21,0.02803455469039705
374,S~E,0.4590684659398429,0.0927531524082201,21,0.020240397231259248
374,S>E,0.4365033696559382,0.11778841793745784,21,0.02570354005654737
374,S>>E,0.5006634230378721,0.09871339543577107,21,0.021541028890025203
375,E>>S,0.5782429875087142,0.15017907920698523,21,0.03277176182213231
375,E>S,0.46992544470817726,0.11819360354909234,21,0.02579195880587223
375,S~E,0.43625835753643266,0.0989975417329672,21,0.02160303469551771
375,S>E,0.44922575189753194,0.10416100693189011,21,0.022729795177533638
375,S>>E,0.5006288558351727,0.11037304545404428,21,0.024085373117902834
376,E>>S,0.5707345556321699,0.1540485403491752,21,0.03361614746893116
376,E>S,0.4841207693568741,0.12949570959160367,21,0.028258280541692517
376,S~E,0.4242303885127313,0.11417477398709396,21,0.024914978297634907
376,S>E,0.4501726209973396,0.10173149583856382,21,0.022199632392443037
376,S>>E,0.49081077746621543,0.09371115039758299,21,0.02044944953134834
377,E>>S,0.570725392217383,0.15045466930243293,21,0.03283190051133084
377,E>S,0.46811926192946696,0.12016314173989123,21,0.02622174727460758
377,S~E,0.43744619414638164,0.10330381808832056,21,0.02254274123655606
377,S>E,0.4479467980706164,0.10269341827801831,21,0.022409541077751456
377,S>>E,0.5164362827993948,0.07002176061840297,21,0.015280000872757594
378,E>>S,0.5786016622017542,0.13721405096112715,21,0.02994256071147111
378,E>S,0.4788997120497208,0.12559691949655424,21,0.027407494792677848
378,S~E,0.4437506140634546,0.10618416786631554,21,0.023171285088251836
378,S>E,0.43247511127566746,0.09423266438973477,21,0.02056325321444425
378,S>>E,0.49230062868239005,0.09952158711158683,21,0.02171739077242801
379,E>>S,0.5679399874934778,0.14427354525969988,21,0.03148306866343867
379,E>S,0.4706265812154962,0.13770795677981643,21,0.030050339797200766
379,S~E,0.42330665154368824,0.08236443661193181,21,0.017973393587931888
379,S>E,0.451230787540368,0.09445625552233139,21,0.02061204479967496
379,S>>E,0.5015770483973337,0.09002986353536989,21,0.01964612687892272
380,E>>S,0.5702564364059223,0.1476356191578841,21,0.03221673333631792
380,E>S,0.47328946387564175,0.12804155672093434,21,0.027940958370174445
380,S~E,0.42338069748281465,0.08890104727715979,21,0.019399798976592025
380,S>E,0.43822504810817164,0.1082294343067027,21,0.0236175988158436
380,S>>E,0.4881741192245846,0.11144368211798798,21,0.02431900519191793
381,E>>S,0.5568656927528375,0.1425045875091981,21,0.031097050435207562
381,E>S,0.49496713137041715,0.1264909847951375,21,0.0276025958358679
381,S~E,0.45481057580720874,0.10007775627061787,21,0.02183875683292609
381,S>E,0.4455849595765971,0.08488021618333202,21,0.018522381698301654
381,S>>E,0.5001283038852244,0.0795499700305304,21,0.017359226628398765
382,E>>S,0.5903296609903894,0.13312271066528594,21,0.02904975706387514
382,E>S,0.4822612211720956,0.12306105490430155,21,0.02685412377143231
382,S~E,0.4452997897835604,0.09309166635145175,21,0.020314267029766724
382,S>E,0.45291512912048776,0.09722195071723547,21,0.02121556897014275
382,S>>E,0.4894904019321488,0.10122056463633887,21,0.02208813806343777
383,E>>S,0.582283848623188,0.14514020097497385,21,0.03167218844518672
383,E>S,0.4781120741345544,0.12296915944419176,21,0.026834070538004885
383,S~E,0.45193345147795433,0.11351015006689687,21,0.024769945467969123
383,S>E,0.45982573076280464,0.11131091218724083,21,0.024290032417743506
383,S>>E,0.5095606260801733,0.10667266007664901,21,0.023277882827787522
384,E>>S,0.5618668481725955,0.1329140957498094,21,0.02900423355714809
384,E>S,0.4801374280231419,0.14429797859126625,21,0.03148840045350452
384,S~E,0.4459851046320086,0.0977858292997762,21,0.021338617364774052
384,S>E,0.44371011731521265,0.09909856403353354,21,0.021625079568814085
384,S>>E,0.5089921697852606,0.107759759682702,21,0.023515107410296783
385,E>>S,0.5588601681261304,0.18120555556118453,21,0.039542294033602585
385,E>S,0.4698949740263408,0.12016264984943549,21,0.0262216399353101
385,S~E,0.43142578280155286,0.08234936965389553,21,0.017970105708136938
385,S>E,0.4628745129064144,0.09388182837522523,21,0.020486694519539175
385,S>>E,0.4971692351404238,0.08794548297426621,21,0.019191277750429763
386,E>>S,0.5857060628426354,0.15526556763327543,21,0.03388172459522715
386,E>S,0.48373127843304015,0.12916117589274645,21,0.02818527930371505
386,S~E,0.45076157534160416,0.10891039398771149,21,0.023766196400769112
386,S>E,0.4521708171477532,0.09518148119725801,21,0.020770302016402422
386,S>>E,0.5041516581441211,0.09053468573602497,21,0.019756288114493963
387,E>>S,0.5791165127418625,0.17489273757783225,21,0.03816472421183162
387,E>S,0.4707710339211581,0.1097620340962542,21,0.023952039508495653
387,S~E,0.44199504186411975,0.09669864507346929,21,0.021101374316611507
387,S>E,0.44960398825842374,0.09102249715736431,21,0.019862737293691653
387,S>>E,0.48587467785648075,0.11855847878170184,21,0.025871581109331646
388,E>>S,0.5655198698776794,0.1386501319973232,21,0.030255939285397732
388,E>S,0.477353781250051,0.11645096603230153,21,0.02541168412351205
388,S~E,0.44752128191866364,0.09681878014121635,21,0.02112758993763863
388,S>E,0.4548566321433884,0.1006306923230877,21,0.021959417371731474
388,S>>E,0.5019473898618892,0.10481419761229806,21,0.022872333069734074
389,E>>S,0.5773183103038716,0.15183290197160856,21,0.03313265553665267
389,E>S,0.4692900200045104,0.13147331209637952,21,0.028689828788010116
389,S~E,0.42944873317835736,0.08736312314437805,21,0.019064196416993376
389,S>E,0.4542521786128935,0.11087676361939816,21,0.0241952934332199
389,S>>E,0.5053047319568883,0.11715466321603672,21,0.025565243438311756
390,E>>S,0.5738858101174297,0.13838602924500276,21,0.030198307339980846
390,E>S,0.4731964273113854,0.12632818946703062,21,0.027567070982828137
390,S~E,0.44394449545542547,0.08828621199297193,21,0.019265630918033905
390,S>E,0.45286893086424335,0.08923068055890863,21,0.019471730855886823
390,S>>E,0.49325554114061343,0.12392703347479737,21,0.027043095788075486
391,E>>S,0.5724077232539412,0.15492588516310393,21,0.03380759980323617
391,E>S,0.48442315632316013,0.11892661796784817,21,0.025951915665845694
391,S~E,0.4587588292495187,0.09825302850681408,21,0.021440568590053787
391,S>E,0.45041238582323034,0.09910682425601591,21,0.02162688209713707
391,S>>E,0.5013720024962056,0.09905548921063312,21,0.021615679871838465
392,E>>S,0.572821224876525,0.1521930585791222,21,0.03321124815169885
392,E>S,0.48325077578271564,0.12564093862005288,21,0.027417100552937754
392,S~E,0.45143598071845226,0.10118557637075609,21,0.022080502997939278
392,S>E,0.45085086793292833,0.10523008565179,21,0.022963087280286388
392,S>>E,0.49716678212834414,0.08761710319211834,21,0.019119619407173296
393,E>>S,0.5750357719194791,0.16155971466845528,21,0.03525522008207922
393,E>S,0.4773476146800474,0.11746743358826693,21,0.02563349552906816
393,S~E,0.43791143480378314,0.09261508395178943,21,0.020210268223988807
393,S>E,0.44021589860146504,0.11337851245473855,21,0.024741219785968233
393,S>>E,0.4887160807922961,0.11979924883134714,21,0.02614233933183325
394,E>>S,0.5820804088186605,0.1483488334799711,21,0.03237236946096985
394,E>S,0.4805657896120138,0.13653906066477456,21,0.02979526575307128
394,S~E,0.43485674272140595,0.10772151827744446,21,0.023506762451521824
394,S>E,0.4453486176555159,0.11391305149627402,21,0.024857865767860872
394,S>>E,0.4918769788707656,0.11358339763812028,21,0.024785929398426408
395,E>>S,0.5612871671646943,0.1427646099105865,21,0.03115379197505264
395,E>S,0.4868869664143341,0.12756947024398826,21,0.02783794065516633
395,S~E,0.4193416296586529,0.0881492410622026,21,0.019235741410497758
395,S>E,0.43426266077872927,0.0950967695382286,21,0.020751816416890632
395,S>>E,0.5099935585964717,0.09446172028037984,21,0.020613237307646946
396,E>>S,0.5738293445155728,0.16577893675613406,21,0.03617592982448958
396,E>S,0.4867686535394667,0.12854222319147204,21,0.028050212751087083
396,S~E,0.42654502881996975,0.11475658344778379,21,0.025041939530665986
396,S>E,0.46537182209647343,0.10537137237557434,21,0.02299391857106896
396,S>>E,0.5022863792117226,0.08588636619898454,21,0.018741941631978256
397,E>>S,0.555050660407114,0.1460409753357464,21,0.031868753525773175
397,E>S,0.48196605094163186,0.12941610064171635,21,0.028240908444604203
397,S~E,0.43842981369409245,0.08516099582829657,21,0.018583652840047028
397,S>E,0.45075291464853934,0.10688604372001742,21,0.023324446956254245
397,S>>E,0.5073808149953897,0.1137793017857943,21,0.024828679188220314
398,E>>S,0.57583269744109,0.14883684668144948,21,0.03247886267220377
398,E>S,0.4691689872697618,0.12945998779618906,21,0.0282504854068617
398,S~E,0.4521008082377027,0.09465422081272068,21,0.020655244367683668
398,S>E,0.4463494615629637,0.10700887521692103,21,0.02335125098636308
398,S>>E,0.503383186204369,0.10859196018838271,21,0.023696708448899755
399,E>>S,0.572896100723131,0.14501211977327888,21,0.031644238835573955
399,E>S,0.48389346283739054,0.11094663764068004,21,0.024210541194726338
399,S~E,0.4311422254395308,0.09322756658167992,21,0.020343922891289702
399,S>E,0.45320566751479335,0.11434397034262549,21,0.02495189996937462
399,S>>E,0.4949496766475735,0.09484055557584103,21,0.020695905946569414
400,E>>S,0.5736432377142574,0.17576940369442876,21,0.03835602844223669
400,E>S,0.4848222293603808,0.1139396165051458,21,0.024863662728050972
400,S~E,0.45450701472138055,0.1048106200022093,21,0.022871552371208418
400,S>E,0.44333229710317973,0.09963889164797458,21,0.021742988720873657
400,S>>E,0.4770597653858259,0.09583939592644165,21,0.020913870780560062
401,E>>S,0.577794216307298,0.13898272861305655,21,0.030328517817182692
401,E>S,0.4813596510642081,0.12193402411574027,21,0.02660818549052146
401,S~E,0.4382344693774848,0.10935528009803362,21,0.023863278509158904
401,S>E,0.44071529665205816,0.0816418023926586,21,0.017815701873189756
401,S>>E,0.5162284849794762,0.10097321568012109,21,0.02203416209605985
402,E>>S,0.580837207404679,0.1481489576250791,21,0.0323287529736062
402,E>S,0.4816854130313296,0.1301694312498644,21,0.02840529866056447
402,S~E,0.42762752073722204,0.09961482773425183,21,0.021737737544390255
402,S>E,0.43970094053496983,0.0836246666104313,21,0.018248398319416555
402,S>>E,0.5177332857345069,0.1131184541974406,21,0.024684470421722227
403,E>>S,0.5531948136652295,0.14482294027007767,21,0.03160295648350949
403,E>S,0.48112982079605243,0.12906706107089683,21,0.02816474176585109
403,S~E,0.45273792711218486,0.09630702617977564,21,0.021015916067853125
403,S>E,0.4499388385368417,0.1154294374098987,21,0.025188768302715627
403,S>>E,0.501384637462863,0.10378292801671452,21,0.022647291594321307
404,E>>S,0.6063575463054264,0.18450893372999175,21,0.040263150248251334
404,E>S,0.476318269561947,0.12442621663499165,21,0.02715202648413442
404,S~E,0.43506317083218604,0.07959816980818442,21,0.01736974468218827
404,S>E,0.4471735213100854,0.09128253014589975,21,0.01991948114384162
404,S>>E,0.4994533381426276,0.09398913364463907,21,0.020510110449041868
405,E>>S,0.5764863762176959,0.13705958761136108,21,0.029908854045166376
405,E>S,0.4953498209340613,0.13371699707575146,21,0.029179440990562848
405,S~E,0.42181272564918065,0.09069647301541948,21,0.019791592993270456
405,S>E,0.44334344514891544,0.09776668080527559,21,0.021334438820702933
405,S>>E,0.5181763274027102,0.08836344519256142,21,0.019282484583904497
406,E>>S,0.5813580785969675,0.16226386108326607,21,0.03540887742713647
406,E>S,0.4830514588689113,0.12571980859214638,21,0.02743431139185097
406,S~E,0.45558747726662185,0.1149635863235922,21,0.02508711126149768
406,S>E,0.45551752466296336,0.10718650421081842,21,0.02339001281065611
406,S>>E,0.5073809633590218,0.10639285471468374,21,0.02321682429202274
407,E>>S,0.6136847237035649,0.14018660727996876,21,0.030591225679976394
407,E>S,0.486424289506984,0.12264895606956648,21,0.026764196433147713
407,S~E,0.4471465771818909,0.09189201491050479,21,0.02005248162330471
407,S>E,0.4546369341729361,0.11016758898113624,21,0.024040538839849513
407,S>>E,0.5157006693788629,0.10835314092230752,21,0.023644593812509117
408,E>>S,0.5531903934700984,0.15828245878751226,21,0.03454006421797634
408,E>S,0.48822126407453714,0.14754324617408413,21,0.0321965758986783
408,S~E,0.4480951351855492,0.10528235222762541,21,0.02297449278219505
408,S>E,0.4526729624300302,0.10139338416533594,21,0.022125850376447088
408,S>>E,0.4901698730511674,0.09175849475640732,21,0.020023345136973576
409,E>>S,0.5793423720145627,0.15497355552404962,21,0.033818002328828534
409,E>S,0.48073960043569985,0.13817727706111302,21,0.03015275387883027
409,S~E,0.4437520896426165,0.10816273754422467,21,0.023603044389050074
409,S>E,0.4537641691207358,0.09870071107192405,21,0.02153826093490752
409,S>>E,0.5132351107643781,0.09737404159992187,21,0.021248757921686706
410,E>>S,0.5873639736234937,0.13301607760299286,21,0.02902648782199214
410,E>S,0.48995805956500876,0.1133176943078608,21,0.024727948178268507
410,S~E,0.44085640836755313,0.07590395666734003,21,0.016563601284511127
410,S>E,0.467427651779388,0.11832677090691308,21,0.025821018305744178
410,S>>E,0.5218107594837924,0.13109551884089307,21,0.028607387540852475
411,E>>S,0.585155870027016,0.15933782793038134,21,0.0347703646457534
411,E>S,0.49492333013770656,0.1330914925148753,21,0.02904294470495546
411,S~E,0.4440462856616929,0.08950240992209642,21,0.019531027064236834
411,S>E,0.43750524375631145,0.0944167350232665,21,0.02060342071974795
411,S>>E,0.4928982863825734,0.10194924528054676,21,0.02224714921627262
412,E>>S,0.5672479451518868,0.1350850489953072,21,0.029477974394181605
412,E>S,0.47915813227430537,0.11657844979281935,21,0.025439503360771602
412,S~E,0.42249914546600753,0.08926452855383349,21,0.019479117093928043
412,S>E,0.4697531550400602,0.107925086510328,21,0.023551184681820738
412,S>>E,0.5172256943527941,0.08359028242846112,21,0.01824089507576953
413,E>>S,0.5765124693695021,0.1391205072322936,21,0.03035858357679223
413,E>S,0.4864753344824507,0.13065223658230993,21,0.028510655421605417
413,S~E,0.45775601125817966,0.09291117553076228,21,0.020274880703668906
413,S>E,0.4528710198479617,0.09238797982992024,21,0.020160710041650612
413,S>>E,0.5059553961424585,0.07818933888070521,21,0.01706231256949454
414,E>>S,0.5633216316513445,0.15283055415800334,21,0.03335036109195706
414,E>S,0.48520026787363446,0.12323570687154776,21,0.026892235955250345
414,S~E,0.4405854110482766,0.10053932309618228,21,0.02193947897180368
414,S>E,0.44771822488662283,0.09918283147493265,21,0.021643468232091782
414,S>>E,0.5165518883115094,0.1131594327965794,21,0.024693412685171123
415,E>>S,0.5898786075617972,0.1587926439927894,21,0.03465139575710153
415,E>S,0.48157591776556413,0.12742237896165387,21,0.02780584270586321
415,S~E,0.4364282267066204,0.08616466135679522,21,0.018802670614178594
415,S>E,0.44764712000903295,0.11166332802027885,21,0.024366935857314826
415,S>>E,0.5062928704194247,0.09812115122315784,21,0.02141179060744427
416,E>>S,0.5626086272896373,0.15113149263960196,21,0.03297959547203035
416,E>S,0.48445337624988355,0.12821335009942875,21,0.027978446758786007
416,S~E,0.4573892122361154,0.10591450823179704,21,0.0231124405317254
416,S>E,0.4549695275817674,0.08986108276919731,21,0.019609295896216124
416,S>>E,0.4958518152613414,0.08378659338907159,21,0.01828373363942415
417,E>>S,0.5952141005042255,0.13770545388677444,21,0.030049793621161655
417,E>S,0.47463926325710903,0.1316517288043957,21,0.028728762505616262
417,S~E,0.4391073604766724,0.08926267729459987,21,0.019478713116043805
417,S>E,0.4386139769166158,0.09492922400262507,21,0.020715254983592772
417,S>>E,0.5053721536507239,0.08186148727113429,21,0.01786364104388747
418,E>>S,0.5678751717298504,0.15176790337713822,21,0.03311847168049905
418,E>S,0.4784444263200581,0.12057715491710097,21,0.02631209235666819
418,S~E,0.45451664447537804,0.09102739710440019,21,0.019863806549796092
418,S>E,0.43700604345550886,0.10228338835872722,21,0.022320065213830117
418,S>>E,0.5175974408457119,0.10265377164694417,21,0.02240088947356349
419,E>>S,0.5819219899310311,0.1548467291271529,21,0.0337903265400715
419,E>S,0.49649917218001277,0.12009518492063144,21,0.02620691788088156
419,S~E,0.4433200669348749,0.09857447344469797,21,0.021510713626225846
419,S>E,0.4583483747256093,0.10291449158816207,21,0.02245778322907851
419,S>>E,0.5056806827028272,0.12108743163969028,21,0.026423443866508165
420,E>>S,0.5958406044284116,0.16406574890430112,21,0.03580208158588467
420,E>S,0.4869737204025131,0.13096840007671806,21,0.0285796479523248
420,S~E,0.4359711775610079,0.07665864065500681,21,0.01672828683209466
420,S>E,0.4535060689917444,0.0858264085450804,21,0.018728857799239794
420,S>>E,0.510517401615836,0.09396232959489052,21,0.02050426132585596
421,E>>S,0.5894946604715796,0.13415062264228278,21,0.029274065846843698
421,E>S,0.48717971045968994,0.136629433127264,21,0.02981498664117116
421,S~E,0.4417547249305298,0.0976788986381677,21,0.021315283181396305
421,S>E,0.4322119150502853,0.09778645497109714,21,0.02133875389744969
421,S>>E,0.5017723457338954,0.08177218379791668,21,0.017844153428371177
422,E>>S,0.5849349987198152,0.1609491657424728,21,0.03512198738356548
422,E>S,0.4865604055039669,0.12854532821589784,21,0.02805089032296641
422,S~E,0.4413971489926276,0.08404328777490869,21,0.018339748946736945
422,S>E,0.4562763239382118,0.11478325294115968,21,0.025047759291244132
422,S>>E,0.5115498551712528,0.09158918691405003,21,0.01998639913681396
423,E>>S,0.5844287265766197,0.15881062578162597,21,0.034655319705124116
423,E>S,0.4804871476034605,0.11978705881953941,21,0.026139679253174616
423,S~E,0.45358533000799817,0.09797472853809323,21,0.02137983855802678
423,S>E,0.4336489607071766,0.10388241946844576,21,0.022669002409014614
423,S>>E,0.5015703291304516,0.07822124084620274,21,0.017069274149099794
424,E>>S,0.5791665949385563,0.13337502599723344,21,0.02910481678328692
424,E>S,0.47807588733466516,0.14144626857307963,21,0.03086610630977099
424,S~E,0.43433522242490624,0.10411399991426214,21,0.022719537405320577
424,S>E,0.45387248109914063,0.1018678129136583,21,0.022229379216973297
424,S>>E,0.5194384850069381,0.11076169101991086,21,0.02417018253333581
425,E>>S,0.5802690607389627,0.13523243451149058,21,0.02951013655057448
425,E>S,0.47793748719205725,0.13744232302109333,21,0.029992373758796754
425,S~E,0.43982900714068646,0.11141794937635098,21,0.024313389847327914
425,S>E,0.4688805134249697,0.10334187028325569,21,0.02255104490625365
425,S>>E,0.5014953677710106,0.10260422536748592,21,0.02239007758899107
426,E>>S,0.5889197254776513,0.1781137722228816,21,0.03886761159645133
426,E>S,0.4798389644432106,0.12558717178626028,21,0.027405367667902865
426,S~E,0.4258716667516932,0.10032012500626254,21,0.021891646027077636
426,S>E,0.44253999769412566,0.09979490962690751,21,0.021777034635075285
426,S>>E,0.48973025051370184,0.10940477902271303,21,0.023874080060071395
427,E>>S,0.5961665593065267,0.12524124340655807,21,0.027329879906711495
427,E>S,0.4706272876100696,0.13659246906706468,21,0.029806920421939907
427,S~E,0.4412995779485636,0.10689254659191395,21,0.02332586599923998
427,S>E,0.43549511888575326,0.09962559952261021,21,0.02174008814131989
427,S>>E,0.4873608166220381,0.09986322542115118,21,0.021791942363564933
428,E>>S,0.5706165495035448,0.1643224182067721,21,0.03585809141955823
428,E>S,0.48697456058994754,0.13463328345122413,21,0.029379391070270478
428,S~E,0.4533486171178752,0.10765739132368939,21,0.02349276880296613
428,S>E,0.45175350905175077,0.08454599934286502,21,0.018449449604493604
428,S>>E,0.5064051139567455,0.08356901126323976,21,0.018236253326972065
429,E>>S,0.6040559256936999,0.16439472289149631,21,0.03587386959531293
429,E>S,0.48916054059560343,0.14106120033541278,21,0.030782077531350437
429,S~E,0.4392345260011345,0.08981358313617968,21,0.019598930626512034
429,S>E,0.441334958618549,0.08224363511759122,21,0.017947032540699532
429,S>>E,0.5023787968412347,0.09699483563570058,21,0.021166008396209433
430,E>>S,0.5774020800222794,0.14230180803880443,21,0.031052800326995086
430,E>S,0.4788964360929545,0.13525112492369532,21,0.02951421513289344
430,S~E,0.436892159758507,0.10190121957509177,21,0.022236669148151134
430,S>E,0.4577316102988141,0.10813242906133338,21,0.023596430535857284
430,S>>E,0.5137203304279664,0.08334679669589508,21,0.018187762132906404
431,E>>S,0.5907715351086865,0.15508316050464524,21,0.03384192009645347
431,E>S,0.49246255793563604,0.12905901736030612,21,0.028162986484296316
431,S~E,0.4435634709972301,0.09691805117264961,21,0.021149252652679546
431,S>E,0.4581894842264053,0.09243895198111858,21,0.020171833076945905
431,S>>E,0.49145096583072795,0.1007499292815689,21,0.021985437009249396
432,E>>S,0.568894786489124,0.13538214379160055,21,0.029542805793828827
432,E>S,0.4842405045465001,0.11734354610191132,21,0.025606461063169
432,S~E,0.4217352932856905,0.08915278670916608,21,0.019454733024333645
432,S>E,0.45784947808439813,0.08250014679133619,21,0.01800300797696506
432,S>>E,0.5017531680188372,0.07264773354946784,21,0.015853035145591395
433,E>>S,0.5890142097612704,0.15668191073864085,21,0.03419079599953029
433,E>S,0.489056396116022,0.1366670605459359,21,0.029823197617088765
433,S~E,0.4409633979115148,0.09499287477346996,21,0.020729144720518438
433,S>E,0.44994862205327746,0.08180469380342276,21,0.017851247693184275
433,S>>E,0.5098751748923677,0.08902600555685963,21,0.019427067108755643
434,E>>S,0.5827420090640365,0.1580551199989237,21,0.03449045482716173
434,E>S,0.48365683638918305,0.13186417831164474,21,0.02877512278886982
434,S~E,0.4467986994587442,0.11757137257981938,21,0.02565617687651799
434,S>E,0.4477590116013123,0.07758867101342495,21,0.01693123609476409
434,S>>E,0.5084285123364873,0.07825491849013214,21,0.017076623213506184
435,E>>S,0.5723419327465039,0.14841042238960694,21,0.032385809262892515
435,E>S,0.4799266798582395,0.1273432271365585,21,0.027788570361582568
435,S~E,0.4422255695427538,0.09063253045048511,21,0.019777639581654197
435,S>E,0.4543667865370709,0.09810893795597903,21,0.02140912545404762
435,S>>E,0.49972245434842594,0.10290978153273846,21,0.022456755410721077
436,E>>S,0.594223810678069,0.13281133164181091,21,0.028981808590308678
436,E>S,0.49863554202177973,0.1355001103544912,21,0.029568548208301217
436,S~E,0.45473530653614636,0.10971023017046587,21,0.023940734965104182
436,S>E,0.4551889237401582,0.08573740765799649,21,0.018709436213431213
436,S>>E,0.48874874681331787,0.09004447152546427,21,0.019649314603701704
437,E>>S,0.5880162210246133,0.16519930639504488,21,0.03604944410997598
437,E>S,0.4849178430687442,0.14212730537555854,21,0.031014720723981003
437,S~E,0.4491963800386938,0.09682415559042638,21,0.021128762956824313
437,S>E,0.44861531284508,0.11348579341049805,21,0.024764630409796574
437,S>>E,0.49473180732738903,0.11373846954761,21,0.02481976886335012
438,E>>S,0.5906677483551358,0.1479947580706017,21,0.03229510387215281
438,E>S,0.5073415924859442,0.12888507335568528,21,0.028125028790588757
438,S~E,0.45628645508588017,0.10128211609462283,21,0.022101569692805443
438,S>E,0.45923208893941286,0.08914898935441952,21,0.019453904373592373
438,S>>E,0.4949896816557357,0.10979348698535943,21,0.023958903091598024
439,E>>S,0.5828122890294578,0.15349798870332348,21,0.03349600725030744
439,E>S,0.48583490850132727,0.1344324034064931,21,0.02933555545071876
439,S~E,0.4264743489977392,0.08818011748881495,21,0.019242479199171134
439,S>E,0.44033951326415016,0.09085033313474898,21,0.019825168023901996
439,S>>E,0.508206757852159,0.09581283265157815,21,0.02090807419876159
440,E>>S,0.5861087505000262,0.16206604862193458,21,0.03536571120916233
440,E>S,0.49694108463856146,0.13641098272889238,21,0.02976731685611729
440,S~E,0.44106989729850304,0.09894509929788095,21,0.021591590817974352
440,S>E,0.47337459335898885,0.08204287378329982,21,0.017903222825889496
440,S>>E,0.48959955740750627,0.09551245365900946,21,0.020842526128732036
441,E>>S,0.5737744021847443,0.13752615306507518,21,0.030010666974132863
441,E>S,0.49088192854015444,0.12936948278945784,21,0.02823073559523702
441,S~E,0.43853364739059064,0.10010511452874114,21,0.021844726894294283
441,S>E,0.45631799194980804,0.10053680012654276,21,0.021938928414691812
441,S>>E,0.5129858008127437,0.11271948406515522,21,0.024597408001187735
442,E>>S,0.5965306175263463,0.13987881674465494,21,0.030524060278725607
442,E>S,0.47045156172763186,0.14309535369740306,21,0.031225966186420408
442,S~E,0.4514663519198037,0.0955654563334498,21,0.020854092260525273
442,S>E,0.45999547301697497,0.10402067029670858,21,0.022699171213081508
442,S>>E,0.5130556573236154,0.09569590376264715,21,0.020882558223311427
443,E>>S,0.577510439862075,0.12005684217289528,21,0.026198550807364725
443,E>S,0.4844778871689202,0.12143930044639355,21,0.02650022793514681
443,S~E,0.43868298564629005,0.09123589069078616,21,0.019909303580344977
443,S>E,0.4570280866925726,0.09095443571042042,21,0.01984788506833315
443,S>>E,0.493490481770752,0.11757044152199811,21,0.025655973703044545
444,E>>S,0.6049466200376792,0.14444560809153809,21,0.03152061585159043
444,E>S,0.4831000557960989,0.12422391210159388,21,0.02710788001567118
444,S~E,0.42566474260069964,0.09595214246666314,21,0.0209384740926986
444,S>E,0.45928440500925705,0.08445534805305702,21,0.01842966787128453
444,S>>E,0.4861131176678017,0.06550475534733002,21,0.014294309512319199
445,E>>S,0.598196868060251,0.1388927387339298,21,0.03030888041561706
445,E>S,0.49167069342324055,0.13951332097556604,21,0.030444302563104843
445,S~E,0.4434455311664746,0.0797983885897227,21,0.017413436002281176
445,S>E,0.44250867723653836,0.09305027341687877,21,0.020305234350913533
445,S>>E,0.48439653072053496,0.07531412950452503,21,0.016434890445437757
446,E>>S,0.5770547034061125,0.13738950307142606,21,0.02998084750081799
446,E>S,0.4881503010334333,0.12812104215938921,21,0.02795830351485855
446,S~E,0.4577791142288317,0.10805934101916122,21,0.023580481417492992
446,S>E,0.4549067233696341,0.1024004417185833,21,0.022345608351062946
446,S>>E,0.48969793203971496,0.09113308614648566,21,0.019886869789581048
447,E>>S,0.5939360088068426,0.1292546751280061,21,0.02820568250957209
447,E>S,0.4843858870725333,0.12181026145837781,21,0.026581178264541823
447,S~E,0.4573395118327012,0.0919559705355172,21,0.020066437884863644
447,S>E,0.46569429425746733,0.09758240937991522,21,0.021294227499030014
447,S>>E,0.5356065907373186,0.10973983023229991,21,0.02394719422814846
448,E>>S,0.5887025694700342,0.14110919267360084,21,0.030792550318137327
448,E>S,0.4782032684881089,0.1399509856494716,21,0.030539808824875336
448,S~E,0.4445105048174331,0.09034615770317365,21,0.019715147924914807
448,S>E,0.4665946939813543,0.08612272635987636,21,0.018793519647623907
448,S>>E,0.4942910761567266,0.07607623799729217,21,0.016601196152860338
449,E>>S,0.5737660221198161,0.1406902834930869,21,0.03070113684056509
449,E>S,0.4887601388946942,0.13649605834525871,21,0.02978588187763128
449,S~E,0.44054021084656325,0.09921702200267118,21,0.021650929216920942
449,S>E,0.4491834795780618,0.09436227469919965,21,0.020591536502728512
449,S>>E,0.5073688825608317,0.12540855904962472,21,0.027366391173344978
450,E>>S,0.5786567026727464,0.15672512639044317,21,0.034200226427891764
450,E>S,0.48130204149998546,0.13065978306818193,21,0.028512302199831103
450,S~E,0.4623710703557665,0.10435109317936392,21,0.02277127539742025
450,S>E,0.4691387391353728,0.10338500782501962,21,0.022560458289607347
450,S>>E,0.5205138322536887,0.097023001975361,21,0.0211721547954258
451,E>>S,0.5826999797235013,0.16593593854122343,21,0.03621019042279507
451,E>S,0.49007722303812346,0.12192384364340123,21,0.026605963929326026
451,S~E,0.4388038508011328,0.07710052354863367,21,0.01682471358487329
451,S>E,0.4469012192509923,0.09769276939734582,21,0.02131831002920013
451,S>>E,0.488868582331991,0.10481372170113759,21,0.022872229217404696
452,E>>S,0.5684197156840911,0.16585016465686614,21,0.03619147302671328
452,E>S,0.49149043292030115,0.12306442082079148,21,0.02685485827462745
452,S~E,0.4454325862493112,0.08892085950678079,21,0.01940412235954079
452,S>E,0.4513272968077985,0.09458980972618594,21,0.020641188716272248
452,S>>E,0.5285012104402848,0.09980689268411433,21,0.02177964955253753
453,E>>S,0.5807002877929792,0.15861905946034988,21,0.03461351650665498
453,E>S,0.4933057950819614,0.11448120426532263,21,0.024981846866454396
453,S~E,0.4564635544771087,0.07759576563606968,21,0.016932784268349644
453,S>E,0.4656881672544438,0.11245957938725995,21,0.024540692150714964
453,S>>E,0.5056138938465982,0.09689615462729094,21,0.02114447443474792
454,E>>S,0.564801688924732,0.15760933566977817,21,0.03439317671135533
454,E>S,0.4887566053990601,0.12404447870935302,21,0.02706872443937849
454,S~E,0.45135315239877066,0.08777247151598763,21,0.01915352355501756
454,S>E,0.46162412472527564,0.10179688074636788,21,0.022213900549077313
454,S>>E,0.5029208746279603,0.11181023987092568,21,0.024398994651413642
455,E>>S,0.5728286780887208,0.1418336424351732,21,0.03095063821668962
455,E>S,0.4768589942801339,0.12646778812292508,21,0.027597533906997207
455,S~E,0.4383068948837351,0.112125908692872,21,0.024467879235752048
455,S>E,0.4443988025472788,0.10225189161927614,21,0.02231319206179779
455,S>>E,0.5016035540169099,0.0914002375469874,21,0.019945167004572127
456,E>>S,0.6016509293940231,0.1439370828382497,21,0.03140964654368612
456,E>S,0.498737862331417,0.12387189275936591,21,0.027031063097487932
456,S~E,0.4587352193599732,0.09693250053362444,21,0.02115240576174673
456,S>E,0.47206301102391734,0.10995767475511314,21,0.02399473180031623
456,S>>E,0.5043744069809966,0.09114301943931898,21,0.01988903741178623
457,E>>S,0.5937207722088997,0.17051996736699182,21,0.03721050752193523
457,E>S,0.4937137649248046,0.1184849179092076,21,0.025855528810932032
457,S~E,0.460202581308371,0.09721051186110498,21,0.021213072807091244
457,S>E,0.4640801789976151,0.10441793123380687,21,0.02278586065664827
457,S>>E,0.4872189122761659,0.10905231757852143,21,0.023797166667330373
458,E>>S,0.5702532824465582,0.15127791059964185,21,0.03301154649036291
458,E>S,0.47174342236317673,0.11364826087230506,21,0.024800083716544095
458,S~E,0.43998880062015866,0.08805296107028324,21,0.019214731393789177
458,S>E,0.45813545236232817,0.10274254461169562,21,0.022420261322641546
458,S>>E,0.5151577267745246,0.1001419292796024,21,0.02185276053155679
459,E>>S,0.5977802582695771,0.13481067847361977,21,0.029418101837796022
459,E>S,0.5100462510317001,0.11876479774936446,21,0.02591660359917065
459,S~E,0.43803197761099355,0.08278577601551473,21,0.018065337383655046
459,S>E,0.4518578734447341,0.10025519855878283,21,0.021877477914688095
459,S>>E,0.5103572169739664,0.1274671653371649,21,0.027815615894238543
460,E>>S,0.5681440289688973,0.13681557946709705,21,0.02985560710272468
460,E>S,0.4772274163341121,0.12427594098073648,21,0.02711923364790902
460,S~E,0.445960304560061,0.09728341168606018,21,0.02122898085309154
460,S>E,0.45374917100824386,0.10110826998352976,21,0.022063633361216983
460,S>>E,0.49868665599805617,0.08821000092000827,21,0.019249000298479153
461,E>>S,0.5843095051266559,0.14620927617373622,21,0.03190547977956427
461,E>S,0.5133062896868905,0.14044796591612022,21,0.03064825881015232
461,S~E,0.46072551522951943,0.08574116145450955,21,0.018710255358986665
461,S>E,0.4613407179434923,0.10874674917980268,21,0.023730486176039175
461,S>>E,0.48908537988913076,0.11300612365364152,21,0.02465995788744533
462,E>>S,0.5694808883668196,0.17137954334201214,21,0.0373980823777017
462,E>S,0.49493461288297513,0.12807104041739403,21,0.027947392240212237
462,S~E,0.4411146682413537,0.0847013160588059,21,0.018483342490564606
462,S>E,0.44147113915924796,0.08959838609141553,21,0.01955197078141858
462,S>>E,0.5055404253204253,0.09151594290495829,21,0.019970415983677534
463,E>>S,0.5730233080382279,0.12916421901691083,21,0.02818594336784993
463,E>S,0.4998504053594341,0.12249967830065489,21,0.026731621353356688
463,S~E,0.45354173734666586,0.0791326217403512,21,0.017268153765022262
463,S>E,0.43604784114667905,0.09485065046257535,21,0.02069810883145475
463,S>>E,0.46299987134137616,0.08610638731190907,21,0.018789954175048022
464,E>>S,0.5826960340558864,0.14042996956044823,21,0.030644331683385644
464,E>S,0.4758601600619172,0.13578263827772483,21,0.029630200855642014
464,S~E,0.43963886460856133,0.0982752516409932,21,0.021445418075508784
464,S>E,0.46610492237248086,0.09813922381234216,21,0.02141573436972717
464,S>>E,0.5198688710790236,0.1107535545273257,21,0.02416840700508996
465,E>>S,0.5763340748624899,0.12871251601847697,21,0.02808737369251842
465,E>S,0.48937911167420656,0.12391923433734767,21,0.027041393876755554
465,S~E,0.4316592010387909,0.09178417263313171,21,0.020028948509058113
465,S>E,0.45664709154460004,0.10555056231812063,21,0.023033021022282923
465,S>>E,0.4818635806433255,0.10107519173421027,21,0.022056415095437782
466,E>>S,0.5580502702366381,0.14714393611957938,21,0.03210943930103425
466,E>S,0.4780523520625839,0.1216993402579589,21,0.026556973274203963
466,S~E,0.4491226482825982,0.10282506112840664,21,0.02243826790282785
466,S>E,0.452255998363935,0.09426948438675922,21,0.02057128799651342
466,S>>E,0.4927772015745272,0.0901380421312542,21,0.019669733383885286
467,E>>S,0.5989944879885428,0.1338396927987056,21,0.029206215392366883
467,E>S,0.4903729598021438,0.13164554274375506,21,0.028727412596514387
467,S~E,0.4388948720351761,0.09330583786926451,21,0.020361003086532464
467,S>E,0.4522883526246564,0.0989903614385164,21,0.021601467826811386
467,S>>E,0.5080465784005173,0.07876573885019386,21,0.017188093354768445
468,E>>S,0.6038551067506743,0.14669886809113591,21,0.03201231749485582
468,E>S,0.4895574474334316,0.11902487143518392,21,0.02597335633019607
468,S~E,0.4327137561723899,0.09341546010184387,21,0.02038492461884889
468,S>E,0.45052295766219025,0.0845693126330188,21,0.01845453698148542
468,S>>E,0.49953797352028834,0.08836688834085484,21,0.019283235940460858
469,E>>S,0.5700606243577423,0.13783792438555295,21,0.03007870105392361
469,E>S,0.4828851982021713,0.1441674475085016,21,0.0314599162360134
469,S~E,0.4392994705431874,0.0780825381475681,21,0.017039006738833705
469,S>E,0.45538628964760486,0.09864598307709593,21,0.02152631830733928
469,S>>E,0.5011867870843458,0.09602844178737939,21,0.02095512396949174
470,E>>S,0.5591868648562146,0.12801251415835063,21,0.02793462076344038
470,E>S,0.48809670950820055,0.1448565039109653,21,0.031610280670412626
470,S~E,0.4367949658198206,0.10127332055915812,21,0.022099650349612837
470,S>E,0.45772625961697194,0.1023791611296688,21,0.022340964545847046
470,S>>E,0.5327354720606701,0.0914604469881419,21,0.01995830578179315
471,E>>S,0.5598449509092982,0.13537319681859972,21,0.02954085340425659
471,E>S,0.4933444245293656,0.11986145309672022,21,0.026155913415386645
471,S~E,0.4365063700020918,0.08571429892939547,21,0.018704393475429862
471,S>E,0.43793239313689986,0.09722930660183383,21,0.021217174155760625
471,S>>E,0.479831599045396,0.12689102198687321,21,0.027689891107864396
472,E>>S,0.5926738278046759,0.13941654970543801,21,0.03042318534070205
472,E>S,0.48546521926984426,0.12622448365763195,21,0.027544440519895942
472,S~E,0.4542882853760796,0.09470741671161485,21,0.02066685266450956
472,S>E,0.4396128643225227,0.10013016447115523,21,0.021850193239878416
472,S>>E,0.5145117206428289,0.09227088849353737,21,0.020135158617260233
473,E>>S,0.5912137549062576,0.13580715561430334,21,0.029635550977104384
473,E>S,0.4952974504334557,0.1322940590826484,21,0.028868930463771262
473,S~E,0.4407627005959564,0.09902503411090609,21,0.021609034024229107
473,S>E,0.45329058270854733,0.10269732410566179,21,0.02241039339921944
473,S>>E,0.49277876889587524,0.10547834701818969,21,0.023017262351889233
474,E>>S,0.593319559887276,0.14946078121121634,21,0.03261501634893488
474,E>S,0.49572293109315335,0.12302674742971448,21,0.026846637266708592
474,S~E,0.4325468123738321,0.10598129099539334,21,0.023127013725501515
474,S>E,0.4582069440249821,0.10613231062836267,21,0.023159968911192295
474,S>>E,0.49072175287283465,0.09709783839166641,21,0.02118848544030479
475,E>>S,0.6045090507662947,0.1381650009521768,21,0.0301500750122379
475,E>S,0.4994526175026912,0.1352739023951886,21,0.029519185584667616
475,S~E,0.46205130909924225,0.10414073779764108,21,0.022725372089820905
475,S>E,0.44559533459741146,0.09658246580119736,21,0.021076021920927175
475,S>>E,0.5060819448740193,0.08817641973936621,21,0.01924167228408781
476,E>>S,0.5914601183154646,0.15285808555408362,21,0.033356368935124954
476,E>S,0.49408836375483034,0.1310287647525761,21,0.028592820604535323
476,S~E,0.4423548565086374,0.10666251128207103,21,0.023275668179246277
476,S>E,0.46590557753307915,0.09610654159621211,21,0.020972166745003053
476,S>>E,0.5104267044591604,0.10338230168311151,21,0.02255986776102948
477,E>>S,0.5943458997287101,0.12188608794850929,21,0.026597724961242315
477,E>S,0.4819707904646311,0.11951192003081096,21,0.026079639047176206
477,S~E,0.4376412750972498,0.1034439053262603,21,0.02257331077806826
477,S>E,0.450220893870435,0.09814158637754658,21,0.021416249923721625
477,S>>E,0.48725023837358256,0.08952034919225486,21,0.019534941733923183
478,E>>S,0.5878239183575896,0.14150691942824425,21,0.030879341411426023
478,E>S,0.49849681899870746,0.13295590397055335,21,0.029013356858873355
478,S~E,0.4485550620388625,0.08388090870684206,21,0.01830431492908496
478,S>E,0.455947440488201,0.10532407280235354,21,0.022983596957991657
478,S>>E,0.508768129429315,0.09252372857198139,21,0.02019033284574539
479,E>>S,0.5909750525305447,0.1337176311690529,21,0.029179579361065296
479,E>S,0.47786459643410983,0.1146515963999159,21,0.025019029478578148
479,S~E,0.4543997435343605,0.10385742586514148,21,0.02266354835763216
479,S>E,0.44946677784480016,0.09813837762858091,21,0.02141554971729204
479,S>>E,0.498732357315919,0.08295775328557675,21,0.018102865900696524
480,E>>S,0.5918231647130572,0.18355267795215746,21,0.040054478129886356
480,E>S,0.48811079377565025,0.12740664735341745,21,0.02780240978750384
480,S~E,0.4300862936983402,0.09276607044426478,21,0.02024321617783091
480,S>E,0.45456841343824345,0.09459329881827906,21,0.020641950098587648
480,S>>E,0.5045217133236536,0.07494349617058342,21,0.01635401162125389
481,E>>S,0.5950021156827185,0.16979676756544623,21,0.037052692387022856
481,E>S,0.4864820858231341,0.12017018144301225,21,0.026223283463770536
481,S~E,0.43948472560665425,0.07524590739851786,21,0.01642000316139742
481,S>E,0.4644963482799382,0.09908045267369094,21,0.02162112734607993
481,S>>E,0.49105824894764233,0.09484639912256432,21,0.020697181113006866
482,E>>S,0.599896780153926,0.13709216932193205,21,0.029915963957307452
482,E>S,0.493348260596886,0.13150830376966738,21,0.02869746459713082
482,S~E,0.4541697798981113,0.09785034269606795,21,0.021352695342004794
482,S>E,0.45108007062778555,0.09490436136865951,21,0.0207098295120631
482,S>>E,0.49672610163424613,0.09417197831196435,21,0.020550010426586492
483,E>>S,0.6066261301799757,0.1376707786213844,21,0.03004222685790487
483,E>S,0.48407889659636405,0.13711842135074767,21,0.02992169261965001
483,S~E,0.4415077286135541,0.09369921678102305,21,0.020446845402719745
483,S>E,0.4491076755251395,0.08419011488821875,21,0.018371789249632908
483,S>>E,0.5265501396386826,0.09867236547281882,21,0.021532075418073303
484,E>>S,0.5939068650791491,0.13800949889017053,21,0.030116141680339548
484,E>S,0.4985577448818025,0.1362681445597858,21,0.029736147012209682
484,S~E,0.4413027264500487,0.09797445418092526,21,0.021379778688384414
484,S>E,0.4564307138041081,0.10840605047467587,21,0.02365613962340027
484,S>>E,0.5150904645381752,0.08879489015272013,21,0.019376633592863284
485,E>>S,0.5800949590707803,0.15338840751781507,21,0.03347209467519624
485,E>S,0.47493750260356216,0.11314038823713744,21,0.024689256821589223
485,S~E,0.43564443813742965,0.08848116167721909,21,0.01930817242683249
485,S>E,0.449615571656652,0.08964251226791672,21,0.019561599902558853
485,S>>E,0.49837482495133195,0.10098432586999019,21,0.022036586538253206
486,E>>S,0.5920145779955176,0.13339352813930166,21,0.029108854281693894
486,E>S,0.496307185118242,0.11057571000267448,21,0.024129598148130545
486,S~E,0.44116302521024986,0.0887448936969983,21,0.019365723471776387
486,S>E,0.46221942279967143,0.08499574529654785,21,0.018547592217648446
486,S>>E,0.4980159605854326,0.0873568180401427,21,0.019062820530449418
487,E>>S,0.5775069532929841,0.14997720787734267,21,0.03272770988647858
487,E>S,0.4955768559216169,0.1158931362666568,21,0.025289955688942222
487,S~E,0.46475914794566886,0.11055688685437265,21,0.024125490600420522
487,S>E,0.4668485911640552,0.09001790956553833,21,0.01964351830884613
487,S>>E,0.5187836057666461,0.10401002409329148,21,0.022696848021032803
488,E>>S,0.595161384112294,0.14200322446155014,21,0.03098764404870754
488,E>S,0.5016743086694208,0.11937306217900756,21,0.026049337779712967
488,S~E,0.4269470095020538,0.08215861348775048,21,0.01792847930001126
488,S>E,0.47304723378478947,0.066482819863427,21,0.014507740687536566
488,S>>E,0.49067491460259044,0.09715256102236522,21,0.021200426897324046
489,E>>S,0.6067055375859609,0.1450050704596476,21,0.03164270054922572
489,E>S,0.4858859791903648,0.12672300600863448,21,0.027653227015567203
489,S~E,0.4333274822540857,0.07709162703648031,21,0.016822772206760723
489,S>E,0.46396270338538287,0.09115666033863086,21,0.019892014100054988
489,S>>E,0.5050926793412687,0.09865375653892963,21,0.021528014615780463
490,E>>S,0.5793155855498704,0.12564998065411678,21,0.027419073686534623
490,E>S,0.4831440393882104,0.1272689756940759,21,0.027772367368457035
490,S~E,0.46259492571077765,0.09906966177709942,21,0.02161877257939197
490,S>E,0.44622002063087396,0.08367310816222587,21,0.018258969132648923
490,S>>E,0.5244844403488809,0.09536719670007772,21,0.020810828461611856
491,E>>S,0.5741594581947899,0.13071004071140627,21,0.02852326931670375
491,E>S,0.49321918847507107,0.11675234444289989,21,0.025477450284435505
491,S~E,0.4387993486237559,0.10911026447769868,21,0.02380981171741455
491,S>E,0.4670425755765367,0.0946521338035562,21,0.020654788944946892
491,S>>E,0.500567454545361,0.08673310052354109,21,0.018926714209873383
492,E>>S,0.5765341016279667,0.12551885643212243,21,0.02739046003545218
492,E>S,0.49695118937290855,0.10459923032640618,21,0.02282542336213699
492,S~E,0.451853978503573,0.09223004133852657,21,0.02012624503727163
492,S>E,0.46664994966850637,0.10236825462925242,21,0.022338584552336324
492,S>>E,0.5293960222262891,0.11977281804694888,21,0.02613657166182458
493,E>>S,0.5860484186914006,0.1295300883142892,21,0.02826578259402596
493,E>S,0.4808587661748319,0.1300171918627655,21,0.028372077302700926
493,S~E,0.43762330167533264,0.09689256807782795,21,0.02114369178549088
493,S>E,0.45717798017412564,0.08900655018739516,21,0.019422821599077343
493,S>>E,0.496949736578014,0.09516563126634187,21,0.020766843277917515
494,E>>S,0.5832008765631078,0.14154525571141843,21,0.030887707074259783
494,E>S,0.48230756386015017,0.10924012150086555,21,0.02383814884304235
494,S~E,0.4283579189520446,0.0952840786213655,21,0.020792690609834803
494,S>E,0.4604824659078267,0.09855228768380452,21,0.021505872296290397
494,S>>E,0.5051307136870052,0.08795663108390767,21,0.01919371046739584
495,E>>S,0.5863041586612708,0.1304641669276074,21,0.02846961525833882
495,E>S,0.49127534952810176,0.1322383017694369,21,0.028856763220517022
495,S~E,0.44666838838348727,0.10999536554016182,21,0.024002956603910892
495,S>E,0.4600441129390922,0.09940946615052051,21,0.021692923972852888
495,S>>E,0.49959783025967913,0.0869664405784642,21,0.018977633184366256
496,E>>S,0.5758428474555085,0.15736401651126616,21,0.034339643682150374
496,E>S,0.48506228611118196,0.12589862137967398,21,0.02747333154109246
496,S~E,0.45383306711991894,0.09944398087804925,21,0.021700455703876277
496,S>E,0.45803708333657794,0.08536795067904739,21,0.018628814090951976
496,S>>E,0.5082687569515837,0.08573900504601134,21,0.018709784792073702
497,E>>S,0.5772555710857012,0.11623338124681547,21,0.025364203230675834
497,E>S,0.49293633394068304,0.1164915858069343,21,0.02542054808503428
497,S~E,0.44518486281571157,0.0863031846417292,21,0.018832898873165447
497,S>E,0.46257364633445375,0.09340388351605902,21,0.020382398400722788
497,S>>E,0.4875769494194591,0.09159284811241791,21,0.019987198075797536
498,E>>S,0.5697087711580128,0.14109273863890404,21,0.030788959753399923
498,E>S,0.48862918458523386,0.11950531097332945,21,0.026078196832596143
498,S~E,0.4480506509280794,0.11017037986698283,21,0.024041147861070845
498,S>E,0.46068955930129446,0.10040244498746866,21,0.0219096097197007
498,S>>E,0.5086483761340802,0.09752088206978131,21,0.021280801139220696
499,E>>S,0.6017329045738657,0.1389078638718514,21,0.03031218099130384
499,E>S,0.4893970222849441,0.1303103080069654,21,0.028436040489282333
499,S~E,0.45142281592494077,0.0964045866143771,21,0.021037205500062363
499,S>E,0.4444731191893687,0.10001817958415303,21,0.02182575613409848
499,S>>E,0.49422014270765785,0.07558376903477605,21,0.01649373061485336
500,E>>S,0.5966895968136214,0.13548621778628644,21,0.029565516601377614
500,E>S,0.489626090403556,0.12714398881480818,21,0.027745092995356057
500,S~E,0.4573752902262,0.09713016493815335,21,0.021195539671077783
500,S>E,0.4644513860069871,0.09673010069367662,21,0.021108238495689213
500,S>>E,0.5111707131843495,0.08220776191030783,21,0.01793920436509015
501,E>>S,0.581338178225324,0.1486791698919698,21,0.03244445477586433
501,E>S,0.4875604462372699,0.12585187867765896,21,0.027463131447274813
501,S~E,0.4469336255737621,0.11996477341196024,21,0.02617845975659684
501,S>E,0.46124092835327896,0.08589979058232707,21,0.01874487107258898
501,S>>E,0.5199973110736353,0.07359171250726189,21,0.016059028242188383
502,E>>S,0.5828080198328752,0.16229258890591958,21,0.035415146351987
502,E>S,0.4751637019735962,0.12226686619205043,21,0.02668081758619563
502,S~E,0.44556983794402594,0.10193948960936437,21,0.022245020354289363
502,S>E,0.447351352015837,0.08694644893300435,21,0.01897327064967166
502,S>>E,0.5002569926723296,0.09786011126084175,21,0.02135482701760037
503,E>>S,0.5977050579629468,0.1381113956436274,21,0.030138377374900802
503,E>S,0.5014308691594589,0.132483079790855,21,0.028910178163927016
503,S~E,0.45153552129658514,0.11630967115630242,21,0.025380851053770373
503,S>E,0.45460431855852657,0.09367439902195325,21,0.020441429723695146
503,S>>E,0.5142384006725098,0.10920873516855294,21,0.023831299783822847
504,E>>S,0.562867364790727,0.15155235030573727,21,0.033071434144024046
504,E>S,0.490984550926271,0.14471435802559307,21,0.03157926189520097
504,S~E,0.443861581879716,0.10589970474506721,21,0.02310921014608308
504,S>E,0.44808267468708785,0.09732024251236383,21,0.02123701799830317
504,S>>E,0.49500070634232557,0.10709580950433245,21,0.023370221603151168
505,E>>S,0.5813800539838928,0.12442379137937375,21,0.027151497249970197
505,E>S,0.4988297724123895,0.13356941862043975,21,0.02914723673140044
505,S~E,0.4592288789218454,0.1111726255488819,21,0.024259855799272992
505,S>E,0.4501271123401976,0.10399270508880341,21,0.02269306870441243
505,S>>E,0.506683553078485,0.10241744796891623,21,0.022349319419131423
506,E>>S,0.5968112266046833,0.1072091902421893,21,0.023394963308559693
506,E>S,0.4810818569736842,0.12025448664423467,21,0.026241680366917215
506,S~E,0.44278054318704546,0.08566803223378472,21,0.018694297254725493
506,S>E,0.4635262260368407,0.08994401716893442,21,0.019627393665954746
506,S>>E,0.5202613402783917,0.11314132694029778,21,0.024689461663412432
507,E>>S,0.5968549290959297,0.13809248703267987,21,0.03013425117771254
507,E>S,0.4874114423447781,0.12353555163664848,21,0.026957667447288926
507,S~E,0.451714751983057,0.11284915679759498,21,0.024625704911281875
507,S>E,0.4514398945951869,0.09941080131425739,21,0.021693215329466668
507,S>>E,0.5160426193843998,0.08149732260274706,21,0.01778417379825352
508,E>>S,0.6007403497971145,0.144696603013288,21,0.03157538743387464
508,E>S,0.5000228502043749,0.1144803065915548,21,0.02498165097797866
508,S~E,0.4612904398989845,0.10175905343767648,21,0.02220564595358137
508,S>E,0.45138884024320514,0.11317203920907755,21,0.024696163629909913
508,S>>E,0.504639251274527,0.09988016230688822,21,0.021795638295037636
509,E>>S,0.5710198511638873,0.13288994963214962,21,0.028998964442294984
509,E>S,0.4842618433404072,0.13580784083573513,21,0.029635700504679573
509,S~E,0.45173326659630175,0.08844961881841308,21,0.019301289210731834
509,S>E,0.45127538086214275,0.09134101823259065,21,0.019932244290723246
509,S>>E,0.49988639580010547,0.08438098369870407,21,0.01841344023876887
510,E>>S,0.573796228009512,0.1342781184769167,21,0.02930188771889139
510,E>S,0.49947020636618267,0.14218561330642693,21,0.03102744455763913
510,S~E,0.4393119709048227,0.10505790143788335,21,0.022925513604395736
510,S>E,0.4508865411727379,0.07711111284349526,21,0.01682702435845707
510,S>>E,0.48725503965935363,0.14515927070843768,21,0.031676349802190557
511,E>>S,0.5908529641873279,0.11807069716493125,21,0.025765138434024067
511,E>S,0.4784307257480396,0.12635288016983792,21,0.027572458935903193
511,S~E,0.45879762391051004,0.09780851272219925,21,0.02134356729335854
511,S>E,0.4562996246656419,0.08048571349232757,21,0.01756342259243427
511,S>>E,0.5038914039884822,0.1073165863686048,21,0.0234183990646856
512,E>>S,0.5786585170679204,0.13897530548398537,21,0.03032689795761783
512,E>S,0.47272321680826324,0.11338108402193578,21,0.024741780947936613
512,S~E,0.44537408922576516,0.09884967277899295,21,0.02157076704435005
512,S>E,0.43708266658795203,0.09246505431216726,21,0.020177529072557588
512,S>>E,0.5079156813578025,0.10416888177082952,21,0.022731513608272944
513,E>>S,0.588740005860282,0.12857037335205762,21,0.028056355619739872
513,E>S,0.4983702588348655,0.11923936860136558,21,0.02602016344926183
513,S~E,0.44818733072889294,0.08959606371293506,21,0.019551463996886245
513,S>E,0.4431624766491534,0.1038820552524832,21,0.022668922930575677
513,S>>E,0.5043090173221025,0.115723398995493,21,0.025252915979734444
514,E>>S,0.5899935419558512,0.15389566633086657,21,0.03358278762318395
514,E>S,0.49992976450107063,0.13247967878242534,21,0.028909436003042823
514,S~E,0.44216090653236567,0.11625033290107835,21,0.025367902384905088
514,S>E,0.46497680390284524,0.09111042156145903,21,0.019881923971653462
514,S>>E,0.5132678015522152,0.09833562002476513,21,0.021458591536852454
515,E>>S,0.5733093598874446,0.12515140658363585,21,0.027310275904747904
515,E>S,0.47852805404655363,0.12891057624718835,21,0.028130593977767477
515,S~E,0.4476796731748515,0.08723006149981198,21,0.019035159985644836
515,S>E,0.4452721023607759,0.07200412192636073,21,0.0157125875750656
515,S>>E,0.5017270706119227,0.08126509995075308,21,0.017733498661070386
516,E>>S,0.5870913364200638,0.1324431409593591,21,0.028901462796379493
516,E>S,0.4743909995846919,0.13095499115414627,21,0.028576721885530846
516,S~E,0.46181666794282983,0.09899012903937811,21,0.021601417113161735
516,S>E,0.46736492213362757,0.08640813208927967,21,0.018855800283755563
516,S>>E,0.47757883717939376,0.08214731326361732,21,0.017926013388941727
517,E>>S,0.569385727573148,0.12904178239199288,21,0.028159225505872718
517,E>S,0.49726961627434574,0.1191403875860742,21,0.02599856402093153
517,S~E,0.43822131580784496,0.10353078866115073,21,0.022592270276104717
517,S>E,0.4438387080884935,0.09139041776378287,21,0.01994302415219866
517,S>>E,0.5033635298179796,0.10605292337324149,21,0.023142645191868122
518,E>>S,0.584778639319157,0.14571169971712195,21,0.0317968996949708
518,E>S,0.49009111060670885,0.11024979070328848,21,0.02405847672623134
518,S~E,0.44420478459912194,0.09925867578439336,21,0.021660018817288705
518,S>E,0.4413542870380111,0.08810949291217055,21,0.01922706765305698
518,S>>E,0.5070473294884029,0.08328441971083798,21,0.018174150358827964
519,E>>S,0.5880122323773445,0.1594791002714985,21,0.03480119279798068
519,E>S,0.481141773842672,0.10465921784232456,21,0.022838513711301196
519,S~E,0.4435501876755564,0.09360602580638282,21,0.020426509464844717
519,S>E,0.4306076960124089,0.09635786756653762,21,0.021027010568008996
519,S>>E,0.5184524342169134,0.13866823369636466,21,0.030259889399972244
520,E>>S,0.5870880625269524,0.12324435481546715,21,0.026894123091327313
520,E>S,0.4939657650991129,0.12619718889580012,21,0.027538484314554506
520,S~E,0.43268889164362223,0.08557768563313675,21,0.018674582010142098
520,S>E,0.4462549744492775,0.08373176588373955,21,0.01827176929688369
520,S>>E,0.508723705249453,0.10748577879787378,21,0.023455319879644578
521,E>>S,0.5802340267107374,0.14262220667667314,21,0.031122717041785278
521,E>S,0.4788902838916772,0.13090084657564097,21,0.0285649065698417
521,S~E,0.4381369659567747,0.1088710338766841,21,0.02375760732038126
521,S>E,0.45224439707660724,0.09844422833317254,21,0.021482291812775216
521,S>>E,0.5039231066992176,0.1034541173451691,21,0.022575539223289587
522,E>>S,0.5817268999757832,0.1497815395378689,21,0.03268501155425263
522,E>S,0.5011012123341009,0.1125074885051119,21,0.024551146777335685
522,S~E,0.45007774898500275,0.10071418121384479,21,0.02197763614133063
522,S>E,0.4443342831889958,0.09298469404137005,21,0.020290923757947027
522,S>>E,0.49007618100854056,0.07852590889399136,21,0.017135758167710544
523,E>>S,0.5875798314865646,0.14338528040252607,21,0.03128923338033542
523,E>S,0.4823539422605267,0.12679344705282805,21,0.027668598511617144
523,S~E,0.435414269759253,0.10557212663002795,21,0.023037726740931727
523,S>E,0.4457857158338805,0.08672733401013281,21,0.018925455853483413
523,S>>E,0.5090076493946487,0.0929175225459328,21,0.020276265735928712
524,E>>S,0.5818078984483854,0.13330158251818613,21,0.029088790102237624
524,E>S,0.4848062315513232,0.13018391186449982,21,0.02840845858973953
524,S~E,0.43629656393521377,0.08871753043333316,21,0.01935975231810941
524,S>E,0.4442947909237516,0.08906913088401586,21,0.019436477826663412
524,S>>E,0.5126695729573918,0.07654313641478074,21,0.016703081740479214
525,E>>S,0.575710691872293,0.14028671400924264,21,0.030613070759236968
525,E>S,0.48379409111024757,0.1317865113282836,21,0.028758174463619755
525,S~E,0.44841132698264596,0.09900290965425353,21,0.021604206071975766
525,S>E,0.4350594581846588,0.09148179358585468,21,0.01996296399130975
525,S>>E,0.486047035005572,0.0940756032036542,21,0.020528979653779787
526,E>>S,0.5685492117739892,0.15494708855635322,21,0.03381222676297688
526,E>S,0.4792511893724382,0.11352108623432773,21,0.024772331935353154
526,S~E,0.4392572773040926,0.09335298388511742,21,0.02037129119064492
526,S>E,0.4465258074607207,0.09815736163654888,21,0.021419692367459033
526,S>>E,0.49863305895833626,0.07899887653212248,21,0.01723896816785342
527,E>>S,0.5783698011197667,0.1410706377543353,21,0.03078413694499698
527,E>S,0.47452398475591934,0.12476576785487331,21,0.027226122634964052
527,S~E,0.4583147026005048,0.11533658405405518,21,0.025168506039302124
527,S>E,0.4545884249722954,0.08523624689770248,21,0.01860007396965079
527,S>>E,0.4916621458964722,0.11010239710277794,21,0.024026312805693645
528,E>>S,0.6024328778341739,0.12258155049620098,21,0.026749487331137745
528,E>S,0.4921050425433415,0.11695736011452594,21,0.025522188371763056
528,S~E,0.4414049253411849,0.11595904879548745,21,0.025304338981923767
528,S>E,0.4298805274715006,0.09121805064790713,21,0.019905410563826192
528,S>>E,0.5114845928501505,0.12261726209829699,21,0.026757280241604082
529,E>>S,0.5941946551023426,0.14386740461460604,21,0.03139444150872721
529,E>S,0.49307277156288976,0.11814158856262462,21,0.025780608205264594
529,S~E,0.4360929331623223,0.11337435288769081,21,0.02474031209402278
529,S>E,0.44949715402559803,0.09259771112359114,21,0.020206477162071943
529,S>>E,0.5255516266254238,0.09550652710351704,21,0.02084123284829611
530,E>>S,0.5638307157257809,0.13609183656884857,21,0.029697673454395612
530,E>S,0.4798450438625435,0.12293566023065342,21,0.02682676041030198
530,S~E,0.4444681756956805,0.07682123807176618,21,0.01676376849733771
530,S>E,0.4521222159462851,0.08068707291260929,21,0.01760736282030729
530,S>>E,0.4974508596991503,0.09798775741503243,21,0.021382681692064597
531,E>>S,0.5878296389612929,0.14728646888303756,21,0.0321405424999656
531,E>S,0.475504382069849,0.10353577882984769,21,0.022593359220189686
531,S~E,0.45619124352509516,0.11614232015903209,21,0.02534433207221715
531,S>E,0.4473761614936026,0.08664728881747849,21,0.01890798856041885
531,S>>E,0.4903886724264518,0.12681921770484744,21,0.027674222128930823
532,E>>S,0.5832226566374373,0.13330824910978115,21,0.02909024487179055
532,E>S,0.48284020320460913,0.11850788505372961,21,0.025860540652754373
532,S~E,0.4384386185028341,0.08556550976087576,21,0.018671925016985523
532,S>E,0.4622814875816397,0.07619035290219336,21,0.016626098066652356
532,S>>E,0.5090343785391911,0.09389103684172372,21,0.020488703971670782
533,E>>S,0.5841158355302446,0.133674786143414,21,0.029170229809963272
533,E>S,0.48714444025378495,0.12890745470939355,21,0.0281299128023756
533,S~E,0.4503957747814482,0.10287175903570976,21,0.02244845822163797
533,S>E,0.4431259721652995,0.11083092990862989,21,0.024185291697554363
533,S>>E,0.5042353356589752,0.09081760877517323,21,0.01981802698319605
534,E>>S,0.5808877230455126,0.13069595164884415,21,0.02852019483119604
534,E>S,0.48269593780078984,0.12674849469410965,21,0.027658789102736482
534,S~E,0.4494268740302606,0.11585644394140085,21,0.025281948767137016
534,S>E,0.43389028415144654,0.08433335954311444,21,0.018403047796011828
534,S>>E,0.49257069978457063,0.07911399283628465,21,0.017264088604879452
535,E>>S,0.6021732466252238,0.1560356429385149,21,0.03404976880365935
535,E>S,0.5033546305282586,0.1118484221604436,21,0.024407326710076623
535,S~E,0.43115861309211906,0.08738028316020989,21,0.019067941039444616
535,S>E,0.45074648193285455,0.09408802235434115,21,0.020531689734641215
535,S>>E,0.5071581256382167,0.10369342478818531,21,0.022627760388622357
536,E>>S,0.5762317731788394,0.14630232131367685,21,0.03192578389369882
536,E>S,0.48363626471544696,0.12706435433669916,21,0.02772771532755306
536,S~E,0.4348449112285432,0.10982007413270829,21,0.023964704882799885
536,S>E,0.4570964894770384,0.09256265335886914,21,0.02019882693061792
536,S>>E,0.49005396460320844,0.11358990966517354,21,0.02478735043923113
537,E>>S,0.5792799116631496,0.14625364902194074,21,0.03191516272888322
537,E>S,0.475892958999518,0.11710017699285896,21,0.02555335356964298
537,S~E,0.4286248869767582,0.10241222723030766,21,0.022348180160566788
537,S>E,0.45831872138457086,0.08253754319537727,21,0.018011168541357318
537,S>>E,0.4878454059724107,0.12497235280963638,21,0.027271203167946945
538,E>>S,0.6017655431871646,0.13849225603216286,21,0.03022148792536147
538,E>S,0.4811369835459687,0.12051544619500049,21,0.026298626409522262
538,S~E,0.44239145624242243,0.08961735042606876,21,0.01955610913851634
538,S>E,0.45234166652454927,0.10327344474573392,21,0.02253611322981739
538,S>>E,0.5022957332520344,0.09432014712241701,21,0.02058234351180225
539,E>>S,0.590542147753783,0.1397096372739852,21,0.030487142291564812
539,E>S,0.4829945000502516,0.13628709497829544,21,0.029740282332555944
539,S~E,0.4357580032540837,0.10324288900403436,21,0.022529445420329117
539,S>E,0.4246994454216192,0.09120023169896538,21,0.0199015221503819
539,S>>E,0.4761752955138802,0.1091436718283478,21,0.023817101798991575
540,E>>S,0.577913453608222,0.150424653396397,21,0.03282535050364216
540,E>S,0.4948938333282856,0.12500988869791285,21,0.027279394170294773
540,S~E,0.4438896722451283,0.12572299810725307,21,0.02743500740110843
540,S>E,0.4589854289755933,0.09773409784105189,21,0.021327328634992402
540,S>>E,0.5189155758026073,0.09842084657381306,21,0.021477189494577786
541,E>>S,0.5807525915847691,0.16279086787138441,21,0.0355238797365797
541,E>S,0.4865061735395305,0.13378754299895604,21,0.0291948353730893
541,S~E,0.4419364822608931,0.0876594106379005,21,0.019128851648733156
541,S>E,0.4550363722418097,0.0857705142919035,21,0.018716660673235214
541,S>>E,0.5004545155256673,0.08395621086171384,21,0.018320747206451302
542,E>>S,0.5920059357204087,0.1785068049827699,21,0.03895337837610778
542,E>S,0.4754662998717291,0.10785792125396258,21,0.023536528021279517
542,S~E,0.4355027378507681,0.09680482167819221,21,0.021124543951286566
542,S>E,0.4389293083695527,0.10869497254437667,21,0.023719187587892994
542,S>>E,0.4996400171121592,0.08484821120129943,21,0.01851539763864546
543,E>>S,0.5807856001104403,0.1519846987995426,21,0.03316578032018895
543,E>S,0.4871012622470996,0.12247250577680378,21,0.026725691822529513
543,S~E,0.4566880639279507,0.106490240345924,21,0.02323807557901129
543,S>E,0.4502692203353529,0.08900951151308173,21,0.01942346781332097
543,S>>E,0.49387356898495255,0.09804585532594431,21,0.021395359695610905
544,E>>S,0.5763380586797299,0.12287420360502142,21,0.026813349475115544
544,E>S,0.475832457976077,0.13644462263961765,21,0.029774657686463486
544,S~E,0.43840794919578796,0.08607520566652689,21,0.018783149782178637
544,S>E,0.4608903093058891,0.08106016166197882,21,0.017688777460065492
544,S>>E,0.5232088913597908,0.11237136842334812,21,0.024521442940274443
545,E>>S,0.6061977468604043,0.12850649952109525,21,0.02804241720710597
545,E>S,0.4891586234389062,0.1268283665935426,21,0.027676218580119885
545,S~E,0.4584374206302763,0.11136574437021987,21,0.02430199778103023
545,S>E,0.44211620268370694,0.08556661538159308,21,0.018672166283205855
545,S>>E,0.48834181498725504,0.10531693520378235,21,0.0229820394062901
546,E>>S,0.582034304277687,0.15029158632643766,21,0.03279631288837575
546,E>S,0.49491931022505414,0.11082831519661626,21,0.024184721120615173
546,S~E,0.45108280009472584,0.09897210082406666,21,0.021597483034051748
546,S>E,0.4461484260446516,0.09517300974972294,21,0.020768453394994075
546,S>>E,0.505015872394693,0.09701217596753531,21,0.0211697923668384
547,E>>S,0.5734662916283553,0.14224066212033984,21,0.0310394571936712
547,E>S,0.48947915755548527,0.15331050224482695,21,0.03345509435088651
547,S~E,0.4467076755459521,0.12545942279693872,21,0.027377490552973335
547,S>E,0.4502605870096547,0.09205153647560188,21,0.02008729208268734
547,S>>E,0.5025211444878912,0.07533797171862228,21,0.016440093243096615
548,E>>S,0.6160142648401331,0.12911710189409945,21,0.028175661568716037
548,E>S,0.47417672834489916,0.11969668663250342,21,0.02611995842518361
548,S~E,0.4260352198661896,0.11190128410969229,21,0.02441886213311543
548,S>E,0.45542730281212973,0.10398106820117739,21,0.022690529327345766
548,S>>E,0.5079996925090022,0.11024233290895545,21,0.024056849302086174
549,E>>S,0.5928102471993898,0.17121220615966526,21,0.03736156641081193
549,E>S,0.4895750055247244,0.11089162022755676,21,0.024198535410908335
549,S~E,0.4396253500684665,0.10216593697682178,21,0.02229443522106541
549,S>E,0.42500541150996274,0.08125311480528309,21,0.017730883287911753
549,S>>E,0.4984819018900077,0.10657117875685437,21,0.023255737788283572
550,E>>S,0.5758568406500606,0.14036795085174525,21,0.03063079809161732
550,E>S,0.5008891321962794,0.13658754121671712,21,0.029805845076833662
550,S~E,0.44679735408890064,0.11037398164769224,21,0.024085577412105545
550,S>E,0.4524170086400831,0.09444004739861511,21,0.02060850789711291
550,S>>E,0.4904937678119109,0.09461686747682875,21,0.020647093201532053
551,E>>S,0.5690413885571985,0.15430017572716945,21,0.0336710588102258
551,E>S,0.49028918126842463,0.13473991081320347,21,0.029402659068243037
551,S~E,0.4354124887132177,0.080051762381757,21,0.017468726696619995
551,S>E,0.4496443709381272,0.09207495540321613,21,0.020092402511662912
551,S>>E,0.5108124703316719,0.1094686881291949,21,0.023888026170454737
552,E>>S,0.5975906910224045,0.154659519339187,21,0.033749474015110054
552,E>S,0.4950650097267103,0.11667796732426416,21,0.025461219866524984
552,S~E,0.4457429333802055,0.10677752020421462,21,0.023300765183594765
552,S>E,0.44733660180509965,0.08285763246490246,21,0.018081017746440286
552,S>>E,0.5106484971214789,0.12296951667608391,21,0.026834148492394714
553,E>>S,0.5931708917468521,0.16858208063672492,21,0.03678762596814006
553,E>S,0.48385804616519107,0.1146062337464374,21,0.025009130536040564
553,S~E,0.4319662787803205,0.11082018248165178,21,0.024182946416713733
553,S>E,0.43853121678112317,0.08881951606640331,21,0.019382007407792362
553,S>>E,0.4883266362777867,0.0850476714082934,21,0.018558923424201717
554,E>>S,0.5552680077403936,0.13790138728575482,21,0.030092549794113924
554,E>S,0.4760375930938258,0.12655229894133718,21,0.027615975679493213
554,S~E,0.42864891790275356,0.08348009363119613,21,0.018216849908902724
554,S>E,0.451699894306631,0.08669408733879827,21,0.018918200835007417
554,S>>E,0.5210658717674103,0.10754937758681299,21,0.023469198273188458
555,E>>S,0.5789736023541419,0.11529411281871656,21,0.025159238055930812
555,E>S,0.4838900311585726,0.12514894763226456,21,0.02730973931756747
555,S~E,0.44863441219692224,0.09480942740476866,21,0.020689113222751097
555,S>E,0.4445597309602518,0.0808482404806149,21,0.01764253246697194
555,S>>E,0.5167960596223437,0.11246496579898256,21,0.024541867562117015
556,E>>S,0.5797255929831452,0.14474472976075126,21,0.03158588955117
556,E>S,0.4812376422298701,0.12654796822702155,21,0.02761503064015204
556,S~E,0.4580503223739387,0.10965551456965175,21,0.02392879504213153
556,S>E,0.43892718249325713,0.08483033887066378,21,0.018511497576360548
556,S>>E,0.4826547034038617,0.1007551362531858,21,0.021986573263610157
557,E>>S,0.5708466129040894,0.15039098524540467,21,0.03281800351076447
557,E>S,0.48606045551618254,0.11640964138303574,21,0.02540266634573453
557,S~E,0.43769573645530196,0.09967728185231535,21,0.021751366150270627
557,S>E,0.4435131321373926,0.08193623718124196,21,0.017879952811566496
557,S>>E,0.5047939526095492,0.09642408320950997,21,0.021041460005919044
558,E>>S,0.5792203716170419,0.15184289746495788,21,0.033134836732123224
558,E>S,0.49410976363171,0.11912040703073469,21,0.0259942039062996
558,S~E,0.4590988704960328,0.10028488434944045,21,0.02188395588529539
558,S>E,0.44004393336312964,0.07682042099118698,21,0.016763590195737567
558,S>>E,0.49599791160095075,0.07463197981557544,21,0.016286033179490043
559,E>>S,0.597830027191536,0.16428796807641904,21,0.03585057378479423
559,E>S,0.4835280328215931,0.12724208140421714,21,0.027766498553264664
559,S~E,0.4588793366786443,0.10147595272426777,21,0.022143868313177016
559,S>E,0.44402636514942273,0.08284224427826382,21,0.018077659768817443
559,S>>E,0.5127151375186518,0.08055140496120919,21,0.01757775764618012
560,E>>S,0.5949648640175503,0.14953671945147548,21,0.03263158743151246
560,E>S,0.48336912882962907,0.13694848334966064,21,0.029884609107581877
560,S~E,0.4441825782238,0.10904681046825473,21,0.023795964917346677
560,S>E,0.4417611095745852,0.08587547109906231,21,0.018739564126259316
560,S>>E,0.5235618729795912,0.11502770085383565,21,0.025101102199020876
561,E>>S,0.5919251702382907,0.1341756999441783,21,0.02927953816275615
561,E>S,0.47629542676495457,0.11753792961497986,21,0.025648879023287476
561,S~E,0.44166064451230225,0.08591887541499577,21,0.01874903572450945
561,S>E,0.44161483660979783,0.07560479888062609,21,0.016498319703446743
561,S>>E,0.5036175017839762,0.09927300032587218,21,0.02166314468850881
562,E>>S,0.5694442744735944,0.14707852323307494,21,0.032095165038947
562,E>S,0.48665366547798183,0.13404383761427485,21,0.029250763443323016
562,S~E,0.45273785344645007,0.09163916833073751,21,0.01999730597611451
562,S>E,0.4677241270257097,0.10631282240263891,21,0.02319935980973761
562,S>>E,0.5059995106450594,0.09954105585108868,21,0.021721639199687656
563,E>>S,0.5823862953770864,0.14879800650028135,21,0.03247038704981288
563,E>S,0.495609153353367,0.11644203503759533,21,0.025409735220689556
563,S~E,0.44225593421163323,0.09783812795199724,21,0.02135002986632391
563,S>E,0.44963453103301604,0.09048131102302874,21,0.019744640797231976
563,S>>E,0.5159172739256734,0.11645235260779553,21,0.02541198669909101
564,E>>S,0.5781501044212634,0.13764822630188533,21,0.030037305538323854
564,E>S,0.4826827009281485,0.1133687464813193,21,0.02473908867585258
564,S~E,0.43701286904278985,0.09346533331339639,21,0.020395807845853178
564,S>E,0.4394700993346368,0.08197337947656569,21,0.017888057924890562
564,S>>E,0.5012762554852218,0.10506088261497001,21,0.022926164150570007
565,E>>S,0.5804184368171991,0.16825243856481828,21,0.036715692170675565
565,E>S,0.4937660672389002,0.1388625595899169,21,0.030302294786481436
565,S~E,0.4446200411789166,0.09696241969844294,21,0.021158934658771045
565,S>E,0.45355814683469053,0.09170048227606148,21,0.02001068577590515
565,S>>E,0.5042055940063208,0.08606472416931395,21,0.018780862531970314
566,E>>S,0.5689726511387402,0.1544301593974545,21,0.03369942357252054
566,E>S,0.483210891435676,0.12848577555314272,21,0.028037894866542054
566,S~E,0.4492236515442675,0.09431037669396392,21,0.020580211429518512
566,S>E,0.4376639848604916,0.087278258821575,21,0.019045677503514987
566,S>>E,0.5186894982749335,0.08846729606944635,21,0.019305146703157486
567,E>>S,0.5989687078255873,0.17160343766265046,21,0.03744694012398722
567,E>S,0.49928640866393054,0.12619874282769863,21,0.027538823410294972
567,S~E,0.44491839191346855,0.09147157463792656,21,0.019960734034052442
567,S>E,0.4406067817292988,0.09878986101805015,21,0.02155771504806581
567,S>>E,0.5037319730054001,0.09005900251867165,21,0.019652485526382452
568,E>>S,0.5710648890614143,0.13702123149123893,21,0.029900484053555682
568,E>S,0.48213084971965176,0.1299969110159091,21,0.028367651659087723
568,S~E,0.4400402729463415,0.08980311289500449,21,0.019596645832572524
568,S>E,0.46266738777046856,0.09411340484302957,21,0.020537228647771744
568,S>>E,0.5029775570047729,0.08043710834337073,21,0.0175528160793743
569,E>>S,0.5770376213487544,0.17296684850217028,21,0.03774446076091212
569,E>S,0.4763091805927846,0.13000265890445517,21,0.028368905951199556
569,S~E,0.4496534332419977,0.10139871041830115,21,0.022127012660132016
569,S>E,0.46543314683363174,0.09354661264589971,21,0.020413544450311842
569,S>>E,0.5099624115119193,0.07674086144371667,21,0.016746228879140464
570,E>>S,0.5910670228334634,0.14637841395396115,21,0.03194238866912415
570,E>S,0.47791503474178254,0.10569472052973951,21,0.02306447892308259
570,S~E,0.44612580163294957,0.10157109487753412,21,0.022164630033135308
570,S>E,0.4350783084186669,0.09087485694810911,21,0.019830519558713983
570,S>>E,0.476685850980852,0.09337190276422185,21,0.020375419628528717
571,E>>S,0.6155135322170444,0.13723549066368904,21,0.029947239238131453
571,E>S,0.4919605299605837,0.13705127072147352,21,0.029907039151001787
571,S~E,0.45997094507096503,0.09936866735044081,21,0.021684020944775333
571,S>E,0.4506325966347288,0.08483974180961007,21,0.018513549465859425
571,S>>E,0.5034666210390871,0.10206167073045383,21,0.02227168246076017
572,E>>S,0.5765105772647094,0.1483448837134245,21,0.032371507551247125
572,E>S,0.47369134158770104,0.12261903046489495,21,0.02675766613083225
572,S~E,0.45696804034718097,0.09318182626784895,21,0.020333941536506774
572,S>E,0.44387434568697065,0.08380752493448608,21,0.018288301277103878
572,S>>E,0.4890956482393708,0.09697379989802515,21,0.021161418021914343
573,E>>S,0.5914777117260634,0.13848802831134532,21,0.03022056536104416
573,E>S,0.5014883504019769,0.13004652513359796,21,0.028378478347175707
573,S~E,0.43387854999043574,0.094455077434781,21,0.020611787719895202
573,S>E,0.44976606973715183,0.0924998810445807,21,0.020185128888628667
573,S>>E,0.4926522545440422,0.08740699904422167,21,0.019073770923289456
574,E>>S,0.5855383188487839,0.16129071701976394,21,0.03519651998270336
574,E>S,0.4888325104156261,0.13296962064538867,21,0.029016350082716972
574,S~E,0.4312362614738446,0.10147080738981412,21,0.022142745509147983
574,S>E,0.45966930009951834,0.0878495312948641,21,0.019170339377386034
574,S>>E,0.5024222450884781,0.09451083735537634,21,0.020623955532127244
575,E>>S,0.5835142255202682,0.1591576590849782,21,0.03473104858042327
575,E>S,0.49360647154562604,0.13181716441428223,21,0.0287648635153756
575,S~E,0.4332041196131788,0.09591271724894762,21,0.020929870804866624
575,S>E,0.4474861143201604,0.08405947868712682,21,0.018343282093442183
575,S>>E,0.505148848126533,0.08247496260921164,21,0.01799751233787452
576,E>>S,0.5862289288160131,0.1521245587062037,21,0.03319630025394914
576,E>S,0.4917538021275127,0.11887818909592729,21,0.02594134761958861
576,S~E,0.451471931655377,0.12179309021932616,21,0.026577431192983236
576,S>E,0.4496307872551234,0.1027621647922284,21,0.022424542797043458
576,S>>E,0.4937327522500676,0.09273048869042737,21,0.020235451602577614
577,E>>S,0.5803312950898707,0.16485062363527947,21,0.035973355293778306
577,E>S,0.48314715696161425,0.12968785418910062,21,0.028300209930378545
577,S~E,0.4304972294471029,0.10145372055248256,21,0.022139016855554684
577,S>E,0.4421079039618488,0.08580745094788875,21,0.01872472091237669
577,S>>E,0.517504209967138,0.0863697540578008,21,0.018847425510694835
578,E>>S,0.5858726065033372,0.14299224888214052,21,0.031203466871160646
578,E>S,0.4901467969629113,0.12464539357663562,21,0.027199854813928344
578,S~E,0.4476743251001411,0.11414106759152386,21,0.024907622959106143
578,S>E,0.44461439377574025,0.08800727569246858,21,0.019204762027027828
578,S>>E,0.4957764680928916,0.11118475463392011,21,0.024262502582620523
579,E>>S,0.5898347675805615,0.1471982380451369,21,0.03212128895266517
579,E>S,0.4878446039229498,0.1412276936202768,21,0.030818409344711924
579,S~E,0.4534539274768076,0.1095610044783779,21,0.02390817124940774
579,S>E,0.4447704903293349,0.09786771681857687,21,0.021356486686363394
579,S>>E,0.5148230025640526,0.07330769765804446,21,0.01599705112099646
580,E>>S,0.5926408319488102,0.1402961239779758,21,0.030615124182761105
580,E>S,0.4841214811774875,0.11964312365567024,21,0.026108270025384316
580,S~E,0.429350277276761,0.0937446060497502,21,0.020456750153180738
580,S>E,0.4483707687492097,0.09727478583688567,21,0.021227098538483185
580,S>>E,0.5058388492453568,0.10083712660138759,21,0.022004465024414464
581,E>>S,0.5882132127859627,0.1508043964313057,21,0.032908217227551745
581,E>S,0.47944110708475673,0.1251188899713168,21,0.027303180198210014
581,S~E,0.4385739517011102,0.09191736301431355,21,0.02005801303303934
581,S>E,0.44766957295934595,0.08514841969009293,21,0.018580908501700914
581,S>>E,0.5254549545894136,0.09030261388332958,21,0.019705645884415618
582,E>>S,0.6068239420969315,0.1418667087707357,21,0.030957853882673903
582,E>S,0.4912138084478836,0.1322891424537135,21,0.028867857567378016
582,S~E,0.43641126803870733,0.09285834171389785,21,0.020263351419619637
582,S>E,0.4410098651636454,0.10078464825021179,21,0.021993013309337818
582,S>>E,0.4870047421104486,0.10298264357805721,21,0.022472655212528815
583,E>>S,0.575687964139844,0.14972206740601424,21,0.03267203367111147
583,E>S,0.48159683450731494,0.11593770353535919,21,0.025299681064292038
583,S~E,0.44576446845962386,0.10593873677569922,21,0.023117727633459224
583,S>E,0.4430446766401283,0.09069278373670853,21,0.019790787926653657
583,S>>E,0.5027155200688312,0.11643509854438673,21,0.02540822155377594
584,E>>S,0.5908052713655609,0.16368887331303153,21,0.03571984058947638
584,E>S,0.4710648486917057,0.13181467252996593,21,0.028764319741637387
584,S~E,0.44145841887347637,0.08149581708246278,21,0.01778384526679338
584,S>E,0.4409308139420627,0.08891927668085099,21,0.01940377695860578
584,S>>E,0.5038341932864618,0.08724603740095467,21,0.01903864621308681
585,E>>S,0.5957786815903164,0.1575888628255944,21,0.03438870917049042
585,E>S,0.4840298607229141,0.11927946867060711,21,0.026028914001770036
585,S~E,0.4302902032281931,0.08973228849479947,21,0.019581190681382553
585,S>E,0.44070301891665753,0.09010365511560343,21,0.019662229521878464
585,S>>E,0.495868146430506,0.09131414823521,21,0.019926380776584193
586,E>>S,0.5831126449747328,0.1536566165840785,21,0.03353062269177841
586,E>S,0.50356017999775,0.12694827285003468,21,0.027702384270437683
586,S~E,0.4474346603051383,0.09174585608452585,21,0.020020587152660214
586,S>E,0.4429484411542034,0.08100607805607138,21,0.017676975449688017
586,S>>E,0.4940401783251268,0.07936388844071775,21,0.01731862029645809
587,E>>S,0.6072897083394043,0.14849451472899405,21,0.03240415971577858
587,E>S,0.4941081695706165,0.1348523627342202,21,0.02942719808920029
587,S~E,0.44386833980464296,0.11218921262708598,21,0.02448169328671986
587,S>E,0.42647946339428683,0.07585819916006017,21,0.016553616177810062
587,S>>E,0.4906541580883887,0.10316533581894599,21,0.02251252192789805
588,E>>S,0.5875426384274748,0.14225087076988585,21,0.03104168490363729
588,E>S,0.4839471129842318,0.12501488724620322,21,0.02728048494295694
588,S~E,0.4343913033253722,0.09496227005028754,21,0.020722466222394313
588,S>E,0.43777735865653195,0.08661628884236594,21,0.018901223811252425
588,S>>E,0.5075289452392535,0.09611980897819489,21,0.02097506192510829
589,E>>S,0.5710844339545295,0.13416344282810916,21,0.029276863440747165
589,E>S,0.47995940186808445,0.13435950480617226,21,0.02931964767195559
589,S~E,0.44012780530889467,0.10483772168832017,21,0.02287746644397337
589,S>E,0.4584088383630251,0.07909267090397666,21,0.01725943577779545
589,S>>E,0.5152460926951262,0.09146422975955162,21,0.019959131250189426
590,E>>S,0.5815955560773425,0.1323471133259518,21,0.028880507848813
590,E>S,0.4901504360375712,0.11946020743761446,21,0.026068354434190234
590,S~E,0.4491790889274555,0.10474228146255955,21,0.02285663967926424
590,S>E,0.4397496420835144,0.10530982326444636,21,0.022980487453892716
590,S>>E,0.5058825350450944,0.08217219783047904,21,0.017931443646621727
591,E>>S,0.5691131824698912,0.1341255019763623,21,0.02926858406812521
591,E>S,0.4960412933173156,0.12512688852194273,21,0.027304925625052556
591,S~E,0.4500315076378761,0.10361131228213444,21,0.022609841970789944
591,S>E,0.44546309108936116,0.09270004953946567,21,0.020228809235274176
591,S>>E,0.4921236018445208,0.1047071497903508,21,0.022848973319874386
592,E>>S,0.5810570091739699,0.14020479043588138,21,0.03059519356989748
592,E>S,0.47991113779904715,0.13282165881889338,21,0.028984062165103706
592,S~E,0.45341786681283114,0.08980845779412548,21,0.01959781218518223
592,S>E,0.43520588070486693,0.09619094499099551,21,0.02099058507574144
592,S>>E,0.47914453178495975,0.07954386489952242,21,0.01735789437959059
593,E>>S,0.5823462690228234,0.15403943205194756,21,0.0336141598755265
593,E>S,0.49255108270494496,0.11479438212412192,21,0.025050187878070205
593,S~E,0.45887020495124065,0.0987326562124913,21,0.021545231936085398
593,S>E,0.44387636552247234,0.11171320132120222,21,0.024377819103821426
593,S>>E,0.5029533882697789,0.0887392528104812,21,0.019364492529421566
594,E>>S,0.5981036066713673,0.14720861935963744,21,0.03212355434121335
594,E>S,0.4954942646889114,0.11832311016237128,21,0.025820219465793572
594,S~E,0.4448733073106536,0.08777913825333357,21,0.019154978356375946
594,S>E,0.4416191858004182,0.09516117261631554,21,0.02076587032071547
594,S>>E,0.5061561765997301,0.10692350577472311,21,0.023332621846796027
595,E>>S,0.5849675249192943,0.1659128773769429,21,0.03620515806417939
595,E>S,0.48188085267451347,0.13797042117751096,21,0.030107614224327728
595,S~E,0.4610500142566166,0.08973474976422446,21,0.019581727774403777
595,S>E,0.45202296659190044,0.09611335183413025,21,0.020973652860753554
595,S>>E,0.5055683906995997,0.1046633526541621,21,0.022839416001216906
596,E>>S,0.5747216815673634,0.1409939717321583,21,0.030767407047384735
596,E>S,0.48034125600266175,0.11222031003305773,21,0.024488479297042825
596,S~E,0.4396183377653597,0.10207539090895992,21,0.022274676449167433
596,S>E,0.45179480550109585,0.09407190306392141,21,0.02052817221709372
596,S>>E,0.48205314199255783,0.08155470063762882,21,0.017796694711971303
597,E>>S,0.5769309308029728,0.14086748693953458,21,0.030739805802791446
597,E>S,0.49821654433936285,0.13087653443161296,21,0.028559601225064794
597,S~E,0.4431699246909496,0.10536146127265926,21,0.02299175579110092
597,S>E,0.4504147143238022,0.098293494011441,21,0.021449398887100807
597,S>>E,0.4967086620368676,0.10435684604414805,21,0.022772530775436256
598,E>>S,0.5720196680270127,0.12411271645536862,21,0.027083615136348476
598,E>S,0.4909361779187197,0.11319698535494752,21,0.024701607325231176
598,S~E,0.4416710572948428,0.10154705225362147,21,0.022159383502469352
598,S>E,0.4388718845816847,0.10152843199961707,21,0.022155320229924856
598,S>>E,0.49373713613522563,0.11104368784524386,21,0.024231719285613226
599,E>>S,0.5735359004737068,0.1333050430338879,21,0.02908954524867319
599,E>S,0.4952128260901808,0.13304912609557346,21,0.02903369959431856
599,S~E,0.44197129676371827,0.09147886916927316,21,0.01996232583129316
599,S>E,0.44051852256070606,0.09099590535070921,21,0.019856934485745815
599,S>>E,0.487735755599176,0.11871983861080777,21,0.025906792710807983
600,E>>S,0.592242210138956,0.16793521305201412,21,0.036646467888542415
600,E>S,0.4893676540019464,0.13125974262407705,21,0.02864322410834546
600,S~E,0.452511054853925,0.12271853834667482,21,0.026779380530856108
600,S>E,0.45323308214712327,0.10047734047394703,21,0.02192595325474821
600,S>>E,0.49589843717140036,0.09362657528335586,21,0.020430993728355225
601,E>>S,0.5695934748990952,0.14973062792206168,21,0.03267390172886268
601,E>S,0.48179159250491665,0.12852492467129323,21,0.028046437904509457
601,S~E,0.4415684312642131,0.09296124267024601,21,0.020285806249217195
601,S>E,0.43335821099867694,0.07988446085260502,21,0.01743221850989519
601,S>>E,0.4852430604706169,0.09471255208080158,21,0.02066797329393907
602,E>>S,0.5693100868115033,0.1354650395828323,21,0.02956089513850086
602,E>S,0.4746396032364791,0.1327676589534728,21,0.028972278428398602
602,S~E,0.4146041294637769,0.09487879785727975,21,0.02070425109654278
602,S>E,0.45699574495728273,0.11438176961646349,21,0.024960148447163998
602,S>>E,0.5064439681568272,0.07908588851214583,21,0.017257955738559372
603,E>>S,0.5848589931377661,0.15106717150210597,21,0.032965559449108395
603,E>S,0.48784824180306546,0.12302013061724718,21,0.02684519335985189
603,S~E,0.4398697597887315,0.09438192830581474,21,0.020595825271299585
603,S>E,0.44100786615634097,0.08662556365315388,21,0.018903247740894906
603,S>>E,0.4846274829982859,0.07527248408198538,21,0.01642580266919317
604,E>>S,0.5768246592978058,0.1323962641292786,21,0.028891233433418373
604,E>S,0.5032787539144659,0.13144822731314204,21,0.028684354839535006
604,S~E,0.4567619396965535,0.1107565580062598,21,0.024169062417926327
604,S>E,0.45041680531609884,0.08923972320760061,21,0.019473704123606533
604,S>>E,0.4875304022265532,0.09998811824180544,21,0.021819196211393728
605,E>>S,0.5878935679568428,0.17192196692594888,21,0.037516448907802626
605,E>S,0.4969716667967485,0.13125467618403436,21,0.028642118520488334
605,S~E,0.42398192558094105,0.07838367367294151,21,0.017104719897855798
605,S>E,0.4437488841478631,0.08928478133209321,21,0.0194835366124713
605,S>>E,0.4980169324972892,0.09062060691089509,21,0.019775037652000716
606,E>>S,0.5666917185546424,0.14233910737254013,21,0.031060939708910097
606,E>S,0.4709435898964746,0.13561536733419555,21,0.029593699343247272
606,S~E,0.4408429230298304,0.10154177713440206,21,0.02215823237708255
606,S>E,0.4283929731126407,0.10328679044925942,21,0.02253902550108444
606,S>>E,0.48217032374566765,0.08859971759900716,21,0.019334043449960068
607,E>>S,0.5705815775773887,0.11847880753362912,21,0.025854195417664746
607,E>S,0.49679886590934935,0.13191363159049213,21,0.02878591437904515
607,S~E,0.45535174954316643,0.10520000819388327,21,0.022956523840878318
607,S>E,0.44745997724711456,0.09371078037589223,21,0.02044936878599564
607,S>>E,0.4930185923914632,0.0945469254806286,21,0.020631830606682364
608,E>>S,0.5820991384006231,0.16143742446800313,21,0.03522853417254002
608,E>S,0.48802608139326764,0.12820272118317522,21,0.027976127339105667
608,S~E,0.41639420321869475,0.08873200610611799,21,0.01936291116888426
608,S>E,0.4445140683999503,0.09278038845528665,21,0.020246340623988477
608,S>>E,0.4852193866135973,0.07884115893209559,21,0.017204551365922468
609,E>>S,0.5754476618215546,0.15959395202711146,21,0.034826255505780446
609,E>S,0.48703277990866084,0.13030551810194202,21,0.028434995246313703
609,S~E,0.4450011081430107,0.09223025209253816,21,0.020126291027567397
609,S>E,0.42947450848301694,0.09638802433769542,21,0.02103359131498738
609,S>>E,0.4996304395730499,0.10033735267873366,21,0.02189540541341796
610,E>>S,0.5681587929565862,0.1444704916042545,21,0.03152604587923707
610,E>S,0.4918168614695655,0.11637251003771538,21,0.025394563621897098
610,S~E,0.4512340707174411,0.09207935714633736,21,0.020093363050760187
610,S>E,0.4466324867478602,0.09969145581172104,21,0.021754459161788427
610,S>>E,0.4848703671503749,0.08411894327246665,21,0.018356258329798796
611,E>>S,0.5835822401101345,0.1599961626436278,21,0.034914025057947155
611,E>S,0.4944717959857997,0.13617671600600115,21,0.029716195666095468
611,S~E,0.44876113854215316,0.07886328389819454,21,0.01720937942934612
611,S>E,0.4350636073755018,0.08911740624130697,21,0.019447012373281867
611,S>>E,0.5014872950189714,0.06831878609242835,21,0.014908381364573772
612,E>>S,0.5869348880794826,0.11511876379101707,21,0.0251209737610513
612,E>S,0.4901376317963173,0.11711354971567549,21,0.02555627173700271
612,S~E,0.4472092036022834,0.09379030937860659,21,0.02046672343718054
612,S>E,0.44057032731787366,0.07897842508089599,21,0.01723450529531451
612,S>>E,0.47257402638288987,0.10902121046673938,21,0.023790378539025957
613,E>>S,0.5937219914633685,0.15843863004850772,21,0.034574143581066266
613,E>S,0.5002602873763201,0.1305761656310187,21,0.0284940553791064
613,S~E,0.45913464197527487,0.10369416765600557,21,0.022627922495670815
613,S>E,0.4414380039336979,0.0892957640740915,21,0.01948593324325917
613,S>>E,0.482414118678484,0.08961437862169859,21,0.019555460637636485
614,E>>S,0.5658097363832051,0.12731365475510234,21,0.027782117138891952
614,E>S,0.49676676211854376,0.12653988557839452,21,0.02761326686162113
614,S~E,0.43359192402711727,0.0870706273652274,21,0.01900036860516419
614,S>E,0.44922288967515456,0.08294597035847295,21,0.01810029465520313
614,S>>E,0.49988584893986593,0.10025344805863279,21,0.021877095924238494
615,E>>S,0.5838528112669635,0.15734189789606007,21,0.03433481700460516
615,E>S,0.4718675997366666,0.1252673450613968,21,0.027335575754762073
615,S~E,0.4616620420477435,0.10150188127159149,21,0.022149526386070883
615,S>E,0.4438952574211026,0.07391726708236594,21,0.016130070074724265
615,S>>E,0.48381386557412903,0.08182161478609817,21,0.017854940154324424
616,E>>S,0.5778424000293694,0.14575271865312067,21,0.03180585076064417
616,E>S,0.4914560956912714,0.12179823748049548,21,0.026578554417456098
616,S~E,0.43781483338211064,0.11236493958094625,21,0.024520040051848845
616,S>E,0.4483429500198251,0.09362804892149498,21,0.02043131530256092
616,S>>E,0.5026474765543073,0.08939370050524933,21,0.019507304724643678
617,E>>S,0.5874763502636684,0.13597384587734274,21,0.029671925774627725
617,E>S,0.47877073440627543,0.13182432609259906,21,0.02876642632170845
617,S~E,0.4351512034241732,0.10369685902566085,21,0.022628509800678837
617,S>E,0.44492822664095527,0.08875713140030222,21,0.019368393957572703
617,S>>E,0.5019611537151721,0.07721283335891384,21,0.016849221594725433
618,E>>S,0.5821851937814936,0.15088576423157715,21,0.03292597313726013
618,E>S,0.48024672820968833,0.1345082290452287,21,0.029352101961629438
618,S~E,0.428319262318679,0.0987805014844941,21,0.02155567263039962
618,S>E,0.43728998916420975,0.08994006339253548,21,0.019626530881210504
618,S>>E,0.495283320700323,0.09757746458751136,21,0.02129314845686399
619,E>>S,0.6107343846038024,0.16193348878801145,21,0.03533678428187358
619,E>S,0.5057154123627111,0.13329651891184688,21,0.029087685132745286
619,S~E,0.4485851737761277,0.11220933011323242,21,0.02448608328210359
619,S>E,0.44040257896891977,0.0968298435913818,21,0.021130004180392466
619,S>>E,0.49318831867017204,0.10031049260391418,21,0.02188954406455927
620,E>>S,0.5918019001691384,0.13350635277169784,21,0.029133474634942036
620,E>S,0.4793151447736058,0.11888719881718217,21,0.025943313701952464
620,S~E,0.4458137792950269,0.09526552028182589,21,0.02078864084813419
620,S>E,0.42627073190036424,0.08481871627840495,21,0.018508961318798752
620,S>>E,0.47520658842177066,0.08618540842024607,21,0.01880719799459343
621,E>>S,0.576638110252207,0.15693886717807184,21,0.03424686849162547
621,E>S,0.49750548157772584,0.12297303219111068,21,0.026834915640666947
621,S~E,0.44823758643078915,0.09774856547433938,21,0.021330485731405106
621,S>E,0.4394240716664929,0.09901845710914356,21,0.02160759880478041
621,S>>E,0.502105881870459,0.09077156373375059,21,0.019807979131400973
622,E>>S,0.6012170789155031,0.1594625162012415,21,0.034797573857157676
622,E>S,0.483590350423619,0.13656083937732513,21,0.029800018257776124
622,S~E,0.45298905010689294,0.08943841451120178,21,0.01951706212068662
622,S>E,0.4474752603525663,0.09738862790713872,21,0.021251940914873903
622,S>>E,0.5007994388551729,0.08768877840415308,21,0.019135260220725737
623,E>>S,0.5914370904435001,0.14150072100292155,21,0.030877988804129317
623,E>S,0.472154084768039,0.12034401384635324,21,0.02626121680408226
623,S~E,0.4374981114525681,0.08203893655459539,21,0.01790236365214824
623,S>E,0.43815772212077775,0.08168893909850737,21,0.017825987945692748
623,S>>E,0.4848145819732514,0.09013241829790598,21,0.019668506162837
624,E>>S,0.5862433325230251,0.1301780611701748,21,0.02840718186356751
624,E>S,0.48097536257065876,0.1395998333696132,21,0.03046318111521308
624,S~E,0.45651305539547726,0.10554209137043333,21,0.0230311725099503
624,S>E,0.4308095065848595,0.07931442675992777,21,0.017307826872828575
624,S>>E,0.4767495020767327,0.10841454512382205,21,0.023657993307815244
625,E>>S,0.5934823473843233,0.14904847777835084,21,0.03252504436367792
625,E>S,0.4853663468325094,0.13930709001357125,21,0.030399299277677004
625,S~E,0.45417314713940937,0.10197254170515825,21,0.02225223291290138
625,S>E,0.4451525329124844,0.09067490183822723,21,0.019786885776493655
625,S>>E,0.497847484606533,0.10291033473493105,21,0.02245687612933642
626,E>>S,0.5768944510110432,0.1452431682820578,21,0.03169465775370186
626,E>S,0.4808052523893261,0.13093635794709588,21,0.02857265578639998
626,S~E,0.4411474230065505,0.0886039941545187,21,0.01933497667088127
626,S>E,0.45145959167471583,0.09023074700399582,21,0.01968996324562956
626,S>>E,0.4977569566131817,0.09252772479435102,21,0.020191204892959804
627,E>>S,0.5517597888766635,0.1258847140081754,21,0.027470296703825316
627,E>S,0.47529351482839066,0.11603875425449606,21,0.025321732139028916
627,S~E,0.4442375482791433,0.0918854380034067,21,0.02005104642451349
627,S>E,0.449936702113925,0.08671552158908885,21,0.018922878171884618
627,S>>E,0.5038652980764335,0.08188634136250045,21,0.017869064651269126
628,E>>S,0.5711935263577066,0.13678901680800218,21,0.02984981065529794
628,E>S,0.48631995420367824,0.12283723263213675,21,0.02680528174741268
628,S~E,0.4541416830177504,0.08302376227810883,21,0.018117270243783477
628,S>E,0.43094862215000634,0.09746485333476045,21,0.02126857466687185
628,S>>E,0.5015778512076885,0.10425240583710034,21,0.022749740053798494
629,E>>S,0.5858708749133356,0.16207333344948333,21,0.035367300888860746
629,E>S,0.48112425402997133,0.11569009008397958,21,0.02524564737933793
629,S~E,0.4506100129743809,0.09428867746536335,21,0.020575476269633547
629,S>E,0.4340993874582132,0.09366575871154811,21,0.020439544253387554
629,S>>E,0.5085564448689565,0.08740079381636397,21,0.019072416831557915
630,E>>S,0.568746422685073,0.142852508728398,21,0.031172973069629697
630,E>S,0.49194161305880213,0.12088501010661575,21,0.026379271866622304
630,S~E,0.46149017273933673,0.09871342938949633,21,0.021541036299335497
630,S>E,0.4518177159871378,0.08909984806339646,21,0.01944318086474185
630,S>>E,0.5085834446367276,0.08032281861088675,21,0.01752787601507601
631,E>>S,0.583068955978184,0.16770662732368277,21,0.03659658639316789
631,E>S,0.49027169074058013,0.11812463131106599,21,0.025776907829605268
631,S~E,0.45138723083058013,0.09317620642617955,21,0.02033271518651422
631,S>E,0.4330054833182413,0.11139504772254567,21,0.024308392296751604
631,S>>E,0.5114284380987324,0.08827283672271583,21,0.01926271219477728
632,E>>S,0.5773053899821831,0.14925322404763866,21,0.03256972366259559
632,E>S,0.4825742826278113,0.1123503594842596,21,0.024516858413910447
632,S~E,0.45194294458298323,0.09762485879545249,21,0.021303490720930306
632,S>E,0.4422728427850622,0.08407601483709161,21,0.018346890577200126
632,S>>E,0.48389337772114527,0.11413746416142286,21,0.024906836626191888
633,E>>S,0.5798233679736173,0.16035136603398742,21,0.034991536792396104
633,E>S,0.49080456312192944,0.11838905752503974,21,0.025834610360141712
633,S~E,0.45180823455364655,0.09072304628643385,21,0.01979739175640788
633,S>E,0.44504541517173707,0.09578212686434562,21,0.02090137364665367
633,S>>E,0.5065128558681901,0.0983777871364548,21,0.021467793155002718
634,E>>S,0.5971039915536572,0.16387130158006,21,0.03575964970102674
634,E>S,0.4771497239557702,0.12656989455758255,21,0.02761981535774768
634,S~E,0.4620546752086869,0.09822387321157704,21,0.021434206383037953
634,S>E,0.44269263039673085,0.09001183189312059,21,0.01964219205199359
634,S>>E,0.49374506294629666,0.10315001594931679,21,0.022509178858268874
635,E>>S,0.574657626525596,0.15599869951435333,21,0.03404170708758071
635,E>S,0.4867893134249379,0.12863009899126332,21,0.028069388822720334
635,S~E,0.4571944248458446,0.09759177808016282,21,0.0212962719170323
635,S>E,0.4438653749583062,0.09094771477342772,21,0.019846418439642195
635,S>>E,0.49217539952004574,0.0894725360389397,21,0.01952450804848122
636,E>>S,0.5780232142255133,0.13871924057098095,21,0.030271020012538542
636,E>S,0.48053987678104065,0.1394112050498259,21,0.030422019041230337
636,S~E,0.44154693786157445,0.07567148507372991,21,0.01651287182381373
636,S>E,0.42946712315289226,0.09402477075650373,21,0.02051788710440708
636,S>>E,0.4970920654824971,0.0832807838139858,21,0.018173356941087765
637,E>>S,0.572661945110664,0.1406920469711939,21,0.030701521663037076
637,E>S,0.476365761474793,0.1223162474306033,21,0.026691593455889878
637,S~E,0.4633580363241295,0.09494898165050074,21,0.020719566455828224
637,S>E,0.4543425631467243,0.09883201932005452,21,0.021566914743785137
637,S>>E,0.5074210590208669,0.10342419553306273,21,0.022569009748579696
638,E>>S,0.5730214189707141,0.15909070026974773,21,0.03471643696903098
638,E>S,0.4841408820262186,0.11882994011503356,21,0.02593081882877194
638,S~E,0.43089221143524803,0.08629367638213026,21,0.01883082400081595
638,S>E,0.4480665265217005,0.102310331172444,21,0.022325944617796415
638,S>>E,0.50974502224945,0.09815791228807885,21,0.02141981252947416
639,E>>S,0.5706820507173813,0.15867296850796722,21,0.034625280425290665
639,E>S,0.4899672473218463,0.13297606972971932,21,0.02901775738829356
639,S~E,0.4541013805832607,0.09787396880794551,21,0.021357850982293196
639,S>E,0.44519893784135284,0.10300808807070189,21,0.02247820765603186
639,S>>E,0.4904665195237574,0.09574873805582272,21,0.02089408761130031
640,E>>S,0.5683529891061727,0.14663297558261051,21,0.031997938570663055
640,E>S,0.4925588370506102,0.12561692781045927,21,0.027411860964725383
640,S~E,0.4488900941583201,0.09754246594578404,21,0.02128551112710513
640,S>E,0.4459080240482991,0.08524208595590013,21,0.018601348156611644
640,S>>E,0.5090135227980906,0.12303088284219264,21,0.026847539687694835
641,E>>S,0.5509298661741363,0.15546155191614952,21,0.03392449187195535
641,E>S,0.4838572124617799,0.13302369514861703,21,0.029028150106727026
641,S~E,0.4516864217744952,0.07493779697485294,21,0.01635276795478554
641,S>E,0.44216072126141853,0.0801999986661904,21,0.017501074505865473
641,S>>E,0.5048791766339888,0.08645245754638801,21,0.01886547289148949
642,E>>S,0.5855712021789866,0.141212617414052,21,0.030815119446796786
642,E>S,0.49650585092469235,0.13289034558573753,21,0.02899905084645157
642,S~E,0.44934558412423786,0.10244103356236478,21,0.02235446621757373
642,S>E,0.4404806592898468,0.0859528858841959,21,0.01875645741734424
642,S>>E,0.50748358222873,0.08448675600622062,21,0.018436521648560522
643,E>>S,0.5733030270536619,0.16005745696043022,21,0.03492740057444324
643,E>S,0.49406055418603545,0.12186845287306125,21,0.02659387667228389
643,S~E,0.4458291921667931,0.09251083280987385,21,0.020187518759745296
643,S>E,0.44859269388062917,0.0761970778280965,21,0.016627565565794932
643,S>>E,0.4904777281684022,0.077618162476956,21,0.016937671659715808
644,E>>S,0.5858437481716873,0.15025375498501126,21,0.032788057412864884
644,E>S,0.4725311586449588,0.1093071198312604,21,0.02385276907735045
644,S~E,0.4503375199176924,0.10040160411162218,21,0.02190942622554753
644,S>E,0.47020728793641,0.10005752959881303,21,0.021834343011278342
644,S>>E,0.49684578681043845,0.0913636265211464,21,0.019937177823753725
645,E>>S,0.5873501506433678,0.10938132635973574,21,0.023868962269436075
645,E>S,0.4940128616072602,0.12692925771404814,21,0.02769823482758015
645,S~E,0.45280798740445494,0.09924929469430874,21,0.021657971695602327
645,S>E,0.4283269900544441,0.08573265335225048,21,0.018708398738861782
645,S>>E,0.49150157060311617,0.08846521003279716,21,0.019304691492640944
646,E>>S,0.5779357169015599,0.14138148643727247,21,0.03085196968877017
646,E>S,0.474375156043248,0.1325451540772162,21,0.028923723883734664
646,S~E,0.4438875059310877,0.09748758043966323,21,0.021273534127754908
646,S>E,0.4492415938076883,0.09863361838865348,21,0.021523620111113945
646,S>>E,0.5137630716221729,0.09466089209117903,21,0.020656700159994025
647,E>>S,0.5830367019184336,0.15698411915028804,21,0.034256743281531506
647,E>S,0.4942016946842825,0.11479524877790187,21,0.02505037699742963
647,S~E,0.4380261537599099,0.07818777310982782,21,0.017061970890277084
647,S>E,0.4284081662268906,0.10542437489775952,21,0.023005484669637397
647,S>>E,0.4990639658514763,0.07425695380403567,21,0.016204195794468215
648,E>>S,0.596530412601255,0.15060373653594897,21,0.03286442964853203
648,E>S,0.488266418278783,0.13295039006591877,21,0.029012153626237037
648,S~E,0.4578377644110508,0.08432729142393129,21,0.01840172362384598
648,S>E,0.45242449628755754,0.09499006394295692,21,0.02072853134701407
648,S>>E,0.5179748240683776,0.0915613869864062,21,0.019980332695254812
649,E>>S,0.5974460678822762,0.13736896554895672,21,0.029976365845994057
649,E>S,0.4808302258199189,0.10676726530327935,21,0.023298527380748092
649,S~E,0.45527612786086685,0.08760566762654816,21,0.019117123962180918
649,S>E,0.4518298034099033,0.0922823656473507,21,0.02013766313755129
649,S>>E,0.5029345979243426,0.11221362730447973,21,0.024487021006111515
650,E>>S,0.5775122498402547,0.15366089749783166,21,0.033531556863745905
650,E>S,0.475135063071808,0.10259642143209094,21,0.022388374630673637
650,S~E,0.46977419081879085,0.10067283371287582,21,0.02196861337690265
650,S>E,0.4532458241406403,0.08713215001808025,21,0.01901379394867146
650,S>>E,0.4877780698383908,0.08689530229158446,21,0.018962109537488354
651,E>>S,0.5697575261238167,0.13904625331327208,21,0.0303423800432416
651,E>S,0.4887287700917953,0.12165193984102861,21,0.02654662965522513
651,S~E,0.45099071940249114,0.10159590402047307,21,0.02217004383196601
651,S>E,0.4388007214334631,0.10553050863681904,21,0.023028644950257825
651,S>>E,0.5050494288384983,0.09221942542030268,21,0.020123928453993894
652,E>>S,0.5727794791928011,0.12782698540523912,21,0.027894135070358272
652,E>S,0.48425260840664497,0.13064132251603758,21,0.02850827377708957
652,S~E,0.4514398853956469,0.08942644602804452,21,0.019514450383542718
652,S>E,0.44053842296848794,0.0933882205913644,21,0.020378980470341
652,S>>E,0.4899480434832305,0.10067870021332977,21,0.021969893552254777
653,E>>S,0.5949751252605308,0.1640450685291652,21,0.03579756875805322
653,E>S,0.4868691114306531,0.12040581646133103,21,0.02627470324033378
653,S~E,0.4639649728536684,0.08771329841343399,21,0.019140610925419584
653,S>E,0.4342713429349698,0.09821638245098803,21,0.021432571765065956
653,S>>E,0.5129133774109654,0.07970789432818738,21,0.017393688535450473
654,E>>S,0.5887723315480086,0.14891785213100434,21,0.03249653951050325
654,E>S,0.48992745572296975,0.13101480848681124,21,0.02858977509766454
654,S~E,0.43845136206860713,0.08923114664568654,21,0.019471832564360168
654,S>E,0.45031221440960134,0.08993278713828277,21,0.01962494307235866
654,S>>E,0.5097830113936285,0.10294709816618461,21,0.022464898567742406
655,E>>S,0.5669441063114365,0.16391393248195593,21,0.035768952526497325
655,E>S,0.4904202449111145,0.13059431600376725,21,0.02849801611515459
655,S~E,0.45745974655026495,0.09610454132689479,21,0.020971730250452722
655,S>E,0.44691015821959335,0.07991151273373828,21,0.017438121714323008
655,S>>E,0.49292008256868686,0.09490752151275167,21,0.020710519112039732
656,E>>S,0.5798116748283008,0.14449280371685633,21,0.03153091478137575
656,E>S,0.4958173386538153,0.12575854670825026,21,0.02744276474181888
656,S~E,0.46028723474161415,0.09843279690361689,21,0.021479797270335204
656,S>E,0.44561303292608107,0.08582549882343114,21,0.018728659281700793
656,S>>E,0.5203627870322428,0.11312618909099939,21,0.024686158313875824
657,E>>S,0.5842288137221034,0.15092524023665896,21,0.03293458750780403
657,E>S,0.4775965185339722,0.12806215111603572,21,0.027945452435624154
657,S~E,0.46152177449873594,0.09779514036944788,21,0.021340649206753645
657,S>E,0.44781913688707803,0.08167255291947101,21,0.017822412188274406
657,S>>E,0.4872388222227033,0.08997785400447193,21,0.019634777468818004
658,E>>S,0.5879940692921214,0.16362915328846592,21,0.03570680861171083
658,E>S,0.47571198696049743,0.1257313243441136,21,0.02743682433494974
658,S~E,0.4460474728440121,0.08388937491243571,21,0.01830616240660791
658,S>E,0.4349553168909558,0.09032900937624136,21,0.019711405853190565
658,S>>E,0.5167188847284211,0.08897657261847627,21,0.01941627995723346
659,E>>S,0.5691070867706978,0.1483670875773821,21,0.03237635283159503
659,E>S,0.48272644950925975,0.12937487889582758,21,0.02823191312218451
659,S~E,0.439664057938301,0.09751298851876815,21,0.021279078625172133
659,S>E,0.4402449463858333,0.11161027052292133,21,0.024355357762180264
659,S>>E,0.502636052448734,0.10469254326836178,21,0.022845785915462255
660,E>>S,0.5751353657345032,0.1839627691002964,21,0.040143967355037696
660,E>S,0.4875297990029553,0.12934616347829325,21,0.028225646904352926
660,S~E,0.45496290229036035,0.07142164370628824,21,0.015585480406772965
660,S>E,0.4619169372424065,0.09771755625862585,21,0.021323718965774226
660,S>>E,0.5117566662952558,0.10525566648533109,21,0.022968669475812203
661,E>>S,0.576793431211732,0.13558179417818456,21,0.02958637307997399
661,E>S,0.4903824307460715,0.11315855124984793,21,0.024693220315903236
661,S~E,0.4567648896297485,0.09687080050669747,21,0.021138941712043224
661,S>E,0.461980695907256,0.09631422855191295,21,0.021017487754305623
661,S>>E,0.49989810026434955,0.10403046476563796,21,0.022701308541427257
662,E>>S,0.5874679438081059,0.15570564876214343,21,0.0339777581707014
662,E>S,0.4900020010700951,0.12006769545019831,21,0.02620091918663994
662,S~E,0.44569694714462604,0.10100776165036322,21,0.022041700644802244
662,S>E,0.44928868938771993,0.08909543411346747,21,0.019442217661900737
662,S>>E,0.5129892442207338,0.09427253474488502,21,0.020571953639228098
663,E>>S,0.5832851245118549,0.16227966829102053,21,0.03541232684266317
663,E>S,0.48674904125851337,0.12765386867704792,21,0.02785635790316783
663,S~E,0.4414278162670733,0.09548454457319726,21,0.02083643586690768
663,S>E,0.43781050611773537,0.09077110883681856,21,0.01980787986475219
663,S>>E,0.5030057778126875,0.10449280013860286,21,0.02280219839109713
664,E>>S,0.5748412652186962,0.15800924889147272,21,0.034480444930871
664,E>S,0.4855018651923211,0.121760968948011,21,0.02657042175692514
664,S~E,0.468862870409579,0.10224960601739184,21,0.02231269330257668
664,S>E,0.42351768416543467,0.09132795119843716,21,0.01992939283009863
664,S>>E,0.517871374899883,0.10633123743799693,21,0.023203378299902058
665,E>>S,0.5524949089732454,0.1575898745682334,21,0.03438892995083456
665,E>S,0.4808154030002359,0.13624041743424545,21,0.029730096457371957
665,S~E,0.4432805095633523,0.096122181455663,21,0.020975579642136012
665,S>E,0.41729621125953886,0.09273151477655281,21,0.02023567551292711
665,S>>E,0.49486399812817533,0.1097399441575207,21,0.023947219088669786
666,E>>S,0.5613057778565232,0.150839329609019,21,0.03291584027189159
666,E>S,0.48331080939393073,0.11967950431213181,21,0.02611620893548276
666,S~E,0.4544016917525289,0.09748898190698466,21,0.021273839952997024
666,S>E,0.4518945196211771,0.0975426019046106,21,0.02128554079575342
666,S>>E,0.51860926911282,0.10182357313333261,21,0.02221972530544612
667,E>>S,0.5653410423312912,0.12244506305377896,21,0.026719703329408703
667,E>S,0.48548887124615814,0.11454434031968302,21,0.024995624283034746
667,S~E,0.4408480052935463,0.0972731916746161,21,0.021226750663756025
667,S>E,0.42657603455925297,0.0888025826946988,21,0.01937831224314442
667,S>>E,0.5007703185063642,0.0946601833388945,21,0.020656545497565796
668,E>>S,0.5879493783595616,0.14881494626143507,21,0.032474083608752945
668,E>S,0.47260399213093,0.13909215925289423,21,0.030352397540535245
668,S~E,0.4487193518614315,0.09433510636417879,21,0.020585607885979032
668,S>E,0.45928460780268376,0.09732702436541789,21,0.021238497919968517
668,S>>E,0.4899998141428962,0.08487666685549027,21,0.01852160717146827
669,E>>S,0.5760091656477788,0.16659145903169387,21,0.036353236721231995
669,E>S,0.47031448896591366,0.11540206287408254,21,0.025182794689263637
669,S~E,0.44530019157363543,0.0977672908913511,21,0.02133457195239919
669,S>E,0.4447257648443035,0.0870861813325733,21,0.01900376275910321
669,S>>E,0.5031212511061397,0.09815323713263802,21,0.021418792326917336
670,E>>S,0.5604262325757301,0.1378051694566146,21,0.03007155334243586
670,E>S,0.48185722403013787,0.11143860385229318,21,0.024317897023491953
670,S~E,0.4569751136538496,0.10038273188707765,21,0.021905307968523365
670,S>E,0.4478314693006663,0.0933874884903562,21,0.020378820712803555
670,S>>E,0.5097000630740732,0.10984757593505542,21,0.023970706268085763
671,E>>S,0.5597826688422298,0.15259787601872019,21,0.033299586559298655
671,E>S,0.4881942950811067,0.13680582691654852,21,0.029853478921719558
671,S~E,0.4402576712606899,0.09200646319672816,21,0.020077456286865497
671,S>E,0.4428945034363056,0.08763703984342026,21,0.019123969941158774
671,S>>E,0.5086940042738414,0.09762386449496552,21,0.02130327374677578
672,E>>S,0.5663007842890002,0.12944926009536936,21,0.028248144430621742
672,E>S,0.4739557249839495,0.11759915713737915,21,0.025662239964049822
672,S~E,0.45178422025757325,0.08985074266645347,21,0.019607039500810542
672,S>E,0.4469237245913516,0.0866676586086021,21,0.01891243361326239
672,S>>E,0.5002472770290899,0.11198889345165525,21,0.024437980058883552
673,E>>S,0.5922902129603175,0.14487101634371344,21,0.03161344754286912
673,E>S,0.4874924625788928,0.1416971154378773,21,0.03092084558337945
673,S~E,0.44937847085785987,0.10269752074263594,21,0.022410436308925082
673,S>E,0.42996151680814176,0.09931071863225131,21,0.021671375497750143
673,S>>E,0.4928808519342079,0.08412273059955519,21,0.018357084792325694
674,E>>S,0.5859071264498722,0.15757630350271953,21,0.034385968501549874
674,E>S,0.4847173502651795,0.12331166778718505,21,0.026908811986001105
674,S~E,0.44970321563873156,0.06762752630216992,21,0.014757536111538605
674,S>E,0.43488901572275607,0.08823406305568303,21,0.01925425108696067
674,S>>E,0.4839232050273171,0.10624275299638843,21,0.02318406941173554
675,E>>S,0.5971459562007301,0.1642781471667502,21,0.0358484306866061
675,E>S,0.4774734397875775,0.12993079482824035,21,0.0283532239241042
675,S~E,0.44977994759556983,0.08247450559720665,21,0.017997412609678982
675,S>E,0.44520382387880497,0.07810930956160574,21,0.01704484874032363
675,S>>E,0.5117675449451541,0.09357633433653174,21,0.02042003025493581
676,E>>S,0.5914818272105817,0.17428222366472196,21,0.03803149915375297
676,E>S,0.46848563681208627,0.12973930565348477,21,0.028311437560386007
676,S~E,0.4457336191444514,0.09491930368221763,21,0.020713090192202993
676,S>E,0.44113864802044017,0.09267797638133239,21,0.020223992477275486
676,S>>E,0.49175473943038206,0.1051706849503534,21,0.022950124984540354
677,E>>S,0.567802328337296,0.17252703908630435,21,0.03764848647807593
677,E>S,0.4748731749353827,0.12602986721002418,21,0.027501971729293754
677,S~E,0.46389391130886654,0.09800919117788467,21,0.021387358922574033
677,S>E,0.4393068233821783,0.09312246977297889,21,0.020320988887424427
677,S>>E,0.4975729746982693,0.09727523333280584,21,0.021227196190098774
678,E>>S,0.5900043929013717,0.14790614619830986,21,0.032275767176331426
678,E>S,0.4680142533697785,0.1257465521956218,21,0.02744014732457869
678,S~E,0.4408758252357955,0.0881737693488223,21,0.019241093921455017
678,S>E,0.44630460731829186,0.09079638610489048,21,0.019813395816861774
678,S>>E,0.5019772874465579,0.08913471729551138,21,0.019450789955008114
679,E>>S,0.5972117448351577,0.17795630435291435,21,0.038833249290087114
679,E>S,0.48535198072740143,0.12610215437484973,21,0.027517746081893127
679,S~E,0.46252416445885913,0.10128328074703788,21,0.022101823840798313
679,S>E,0.428457779239955,0.07730719386556187,21,0.016869812745407765
679,S>>E,0.5168661402580442,0.12341912574162334,21,0.026932261234107704
680,E>>S,0.6006923508806957,0.15056085293511323,21,0.032855071679631934
680,E>S,0.4802043929885059,0.1259644767303299,21,0.027487702356773346
680,S~E,0.4465356937037462,0.10308331068663912,21,0.022494622576579717
680,S>E,0.44518063766680893,0.08689115001319582,21,0.018961203436058713
680,S>>E,0.5140636183980031,0.08647706425568609,21,0.01887084251567817
681,E>>S,0.5614313877161384,0.14636373243849649,21,0.031939184899793985
681,E>S,0.4683760514826397,0.12692311095101688,21,0.027696893493919687
681,S~E,0.470179996478243,0.10387475353403867,21,0.022667329564981614
681,S>E,0.4735072179846511,0.0986374906896278,21,0.02152446511646292
681,S>>E,0.5300468644615915,0.10670771846106247,21,0.02328553319446931
682,E>>S,0.5844885790263094,0.15009135344734198,21,0.03275261849194361
682,E>S,0.47332317044254646,0.12105934085237988,21,0.02641731395416622
682,S~E,0.44572650763361843,0.08343638705656936,21,0.01820731235239823
682,S>E,0.44243197797460676,0.09646716225349121,21,0.02105086062401001
682,S>>E,0.5028962818334105,0.08713408942593016,21,0.019014217162160774
683,E>>S,0.5808857133076374,0.16742667723260807,21,0.0365354962749222
683,E>S,0.47034115233297386,0.11533882678848358,21,0.025168995444077448
683,S~E,0.4505586930326583,0.09134312236920009,21,0.019932703450974927
683,S>E,0.45295271809006593,0.09715678226963528,21,0.021201348048997485
683,S>>E,0.5074301336183187,0.10617759753819124,21,0.02316985132511039
684,E>>S,0.5717241871167953,0.13626570834795557,21,0.029735615387203918
684,E>S,0.4743065207296094,0.13994582941261016,21,0.03053868364174588
684,S~E,0.45540402804594665,0.08630814612709216,21,0.01883398155803379
684,S>E,0.45541405360992454,0.09151464805172192,21,0.01997013342353613
684,S>>E,0.4935630407934667,0.08468847720580382,21,0.01848054082314944
685,E>>S,0.5728141781507449,0.1471398676893063,21,0.032108551496763484
685,E>S,0.4901110341184034,0.11862379246552354,21,0.025885833723618756
685,S~E,0.4415393675229279,0.0882069977194624,21,0.019248344946392076
685,S>E,0.4479396428669296,0.10598970511314501,21,0.02312884983652548
685,S>>E,0.5089072403221633,0.11234212349637486,21,0.02451506117401023
686,E>>S,0.5784810218875864,0.1508778814862182,21,0.03292425298119863
686,E>S,0.4779997804599918,0.11379240683323373,21,0.024831538944023988
686,S~E,0.4548223243504844,0.09898621010996277,21,0.021600561932652734
686,S>E,0.45283346243273453,0.08651891285337839,21,0.018879974628375915
686,S>>E,0.4810975319999805,0.1301311232129006,21,0.028396939161559144
687,E>>S,0.574047958185997,0.15940056550855056,21,0.0347840551077
687,E>S,0.4845092266332108,0.11267767374653236,21,0.02458828424166776
687,S~E,0.44909302198478246,0.08973973470213967,21,0.01958281557703859
687,S>E,0.4454265977014194,0.07858789146275429,21,0.017149283873097398
687,S>>E,0.5186265240200788,0.12844024983070598,21,0.02802796033944044
688,E>>S,0.5718373228199568,0.13033775570905023,21,0.028442030068923114
688,E>S,0.48438279183254923,0.1154132004080579,21,0.025185225098430172
688,S~E,0.44365078694020016,0.09267579193631625,21,0.02022351579229273
688,S>E,0.4489062519493614,0.08910810140989772,21,0.01944498189260274
688,S>>E,0.47729914068278195,0.09437258807174563,21,0.020593787065126712
689,E>>S,0.5802227510787653,0.15311337449588772,21,0.03341207754940602
689,E>S,0.472458169435929,0.13077564789902474,21,0.02853758597877017
689,S~E,0.46362358246751983,0.11127184625306508,21,0.024281507532007574
689,S>E,0.45071169179548665,0.08563302354906473,21,0.018686657733405956
689,S>>E,0.4975843743981905,0.0704519173942267,21,0.015373868776848564
690,E>>S,0.5835008333103198,0.16931443010374747,21,0.03694743772374917
690,E>S,0.48978276627774,0.13290701418699152,21,0.0290026882334504
690,S~E,0.444282635552095,0.0988259694395287,21,0.021565594551620614
690,S>E,0.44295219474598163,0.0805574621308257,21,0.017579079428954633
690,S>>E,0.5057988097789626,0.11014974049050208,21,0.02403664397987943
691,E>>S,0.577006528081282,0.14617312422181777,21,0.03189759077688871
691,E>S,0.4892250680846356,0.12437265832531291,21,0.02714033910279172
691,S~E,0.44479240851742896,0.09926000652068893,21,0.021660309207755586
691,S>E,0.44699359125162486,0.10364145903035307,21,0.02261642053058369
691,S>>E,0.5108977472997708,0.09284218958545847,21,0.02025982673622877
692,E>>S,0.5803459857059913,0.1418223380424246,21,0.03094817139595362
692,E>S,0.47965574063103167,0.13104563352049584,21,0.028596501671481644
692,S~E,0.44702175718560483,0.09391807012452069,21,0.02049460311760889
692,S>E,0.46284084076709964,0.10082744571043362,21,0.022002352480814884
692,S>>E,0.5004642075089635,0.09326860003429298,21,0.020352877124748023
693,E>>S,0.5678864065661937,0.14233612265704126,21,0.03106028839059098
693,E>S,0.5046693790563478,0.12888611575742104,21,0.028125256261296312
693,S~E,0.4324410024715914,0.09243569781296482,21,0.02017112295923692
693,S>E,0.433580189738571,0.07909476507507167,21,0.017259892763393594
693,S>>E,0.5135784101457108,0.0942893076156466,21,0.020575613779698892
694,E>>S,0.5838552854234701,0.13718433567085195,21,0.029936076303519507
694,E>S,0.48481560940552476,0.11480745040206952,21,0.02505303961011295
694,S~E,0.44248316837797297,0.07696433728374442,21,0.016794995305470038
694,S>E,0.45763492320501387,0.09269094678918194,21,0.020226822852311914
694,S>>E,0.5233541796596425,0.10440786187056049,21,0.022783663341444625
695,E>>S,0.6033857728168771,0.16230393564588136,21,0.03541762241364251
695,E>S,0.4915711168208372,0.12016456510209593,21,0.02622205787770493
695,S~E,0.4541614606896493,0.10229340767843309,21,0.022322251608637933
695,S>E,0.45794590686313164,0.09469941742285326,21,0.02066510707659262
695,S>>E,0.5100655816813561,0.09894553736465865,21,0.021591686411982364
696,E>>S,0.5917089282997188,0.15955792498438,21,0.03481839376052415
696,E>S,0.4796518654871176,0.1272402787129039,21,0.02776610517376954
696,S~E,0.4536017420241096,0.09631300270045175,21,0.02101722025158602
696,S>E,0.44058281057594234,0.08135690693196687,21,0.017753532586819797
696,S>>E,0.5145183723170982,0.11078560439310504,21,0.024175400859182673
697,E>>S,0.5757410321561116,0.13057312532180348,21,0.028493391929243793
697,E>S,0.4880212047926405,0.1251938051328616,21,0.027319528026709013
697,S~E,0.440027700196619,0.08670230145837457,21,0.018919993302851504
697,S>E,0.4455166652485505,0.08682172268775477,21,0.018946053151576242
697,S>>E,0.5062778822088451,0.08386072436147246,21,0.018299910343822612
698,E>>S,0.5772963078585673,0.12900995693352896,21,0.02815228062147093
698,E>S,0.4895833493809906,0.1188774341436716,21,0.025941182875500145
698,S~E,0.4590904504552246,0.09646866355985521,21,0.021051188235917364
698,S>E,0.44787294248443277,0.10107950454461524,21,0.022057356227825342
698,S>>E,0.5088477341222294,0.09744893633955483,21,0.021265101293759185
699,E>>S,0.577064736375894,0.17327361690528503,21,0.03781140311463088
699,E>S,0.49665494711621055,0.13052912872228417,21,0.02848379108411913
699,S~E,0.4473699145726381,0.10305659216175093,21,0.0224887921164484
699,S>E,0.4476161869485326,0.0942702341606044,21,0.02057145161058007
699,S>>E,0.49132598664075433,0.10305707437308854,21,0.02248889734358914
700,E>>S,0.5805903899056999,0.13817018854252644,21,0.030151207037259407
700,E>S,0.4816566223762712,0.12703624590643173,21,0.027721581565202255
700,S~E,0.4325786853298376,0.07686242542036914,21,0.016772756313654266
700,S>E,0.45328166232228234,0.08648708918885321,21,0.018873030135443655
700,S>>E,0.5148464424213401,0.10907604022061143,21,0.023802343372238077
701,E>>S,0.5876931971312946,0.15690310606172966,21,0.034239064776264795
701,E>S,0.4910071120249904,0.11806771313246207,21,0.025764487264754245
701,S~E,0.4378594391671465,0.07157889774388825,21,0.015619796051089128
701,S>E,0.4545934448250461,0.0788186338905132,21,0.01719963599887088
701,S>>E,0.5118311114037137,0.08018335976474282,21,0.01749744359989574
702,E>>S,0.5830599413822474,0.15231284961582847,21,0.033237388698998074
702,E>S,0.4946749031648371,0.13451681741901558,21,0.029353976098437772
702,S~E,0.43966977735884233,0.08587900211411396,21,0.01874033465691428
702,S>E,0.4506881552812881,0.09141649113421281,21,0.019948713828085222
702,S>>E,0.508346418056416,0.0917817454574697,21,0.020028418855905915
703,E>>S,0.58765530821733,0.13797284339303273,21,0.030108142795088583
703,E>S,0.48420014244317044,0.12846599188037805,21,0.02803357771521023
703,S~E,0.4436130011415605,0.09058807588921476,21,0.019767938801082414
703,S>E,0.44090647666889105,0.09715716364336889,21,0.021201431271569024
703,S>>E,0.4867887465875801,0.08516094266492064,21,0.018583641238847294
704,E>>S,0.6031303995239244,0.14606046564445563,21,0.03187300665981976
704,E>S,0.4966734158247525,0.1334289512579015,21,0.029116584239900326
704,S~E,0.4529248839657692,0.08791227311359835,21,0.01918403076469979
704,S>E,0.43810939259039133,0.09070444964387805,21,0.01979333363630388
704,S>>E,0.5146851235324141,0.09458235759413096,21,0.02063956252773745
705,E>>S,0.5659638729034144,0.15680605234784836,21,0.03421788591958205
705,E>S,0.48877953468211544,0.1287847979293282,21,0.0281031468986066
705,S~E,0.44649222104118697,0.09605769554343446,21,0.020961507662419557
705,S>E,0.4579989372533954,0.0820527649524229,21,0.017905381255947504
705,S>>E,0.5040688371171499,0.1010380237796801,21,0.022048304382815822
706,E>>S,0.571793026297014,0.1759761528109413,21,0.038401144798250214
706,E>S,0.4745587443115879,0.13416622461783456,21,0.029277470477032122
706,S~E,0.43729178097641574,0.08035699634198698,21,0.01753533420744976
706,S>E,0.4467189297788571,0.07959421814680243,21,0.017368882358978564
706,S>>E,0.5064272298960131,0.07311118676892842,21,0.01595416892936516
707,E>>S,0.5969560719485169,0.13126537509041683,21,0.02864445321326695
707,E>S,0.48060075765042143,0.13071567344786061,21,0.028524498480569073
707,S~E,0.43683855945374556,0.08100053624528046,21,0.017675766127429136
707,S>E,0.44768740393465833,0.10226597710616088,21,0.022316265767028727
707,S>>E,0.496308223499891,0.09868285780411361,21,0.021534365032472108
708,E>>S,0.5826852202485361,0.15770341477885677,21,0.034413706456053746
708,E>S,0.4922361100758891,0.12480188593754443,21,0.027234004246763914
708,S~E,0.43004429884619605,0.08654134570974951,21,0.01888486987896519
708,S>E,0.44582742037207784,0.09120134446655145,21,0.019901764976176857
708,S>>E,0.5073433144076582,0.09399735656853193,21,0.02051190483814534
709,E>>S,0.5979667396970607,0.1516179569183304,21,0.03308575068060965
709,E>S,0.49377358420226064,0.12685403533309886,21,0.027681819958310868
709,S~E,0.462879289852527,0.0865120674677754,21,0.01887848084277178
709,S>E,0.44660208940098506,0.0959585475174071,21,0.020939871789358803
709,S>>E,0.5077023392031255,0.09740117687329171,21,0.02125467932379245
710,E>>S,0.5809855249737017,0.14395680195299074,21,0.031413949607302226
710,E>S,0.4963126339045973,0.13540224181289273,21,0.029547191541633124
710,S~E,0.4480605140945266,0.09743956958428629,21,0.021263057300186128
710,S>E,0.4309770061878227,0.08888454900028804,21,0.019396198757420543
710,S>>E,0.5094719086021378,0.08701404790182087,21,0.01898802195402893
711,E>>S,0.5917107565319064,0.13359387892556523,21,0.02915257440757945
711,E>S,0.49915983541818565,0.12572324117621547,21,0.027435060443104585
711,S~E,0.4418847936152141,0.08278944366889977,21,0.018066137731238847
711,S>E,0.4558001274685445,0.10430716274369829,21,0.022761688990432148
711,S>>E,0.5184074368674019,0.08292214403510689,21,0.018095095325186106
712,E>>S,0.5638858811258526,0.15610011117055564,21,0.03406383692524252
712,E>S,0.4865215287213466,0.11773185016974809,21,0.02569119595762239
712,S~E,0.4430963904869086,0.08681509259598413,21,0.01894460634693798
712,S>E,0.45007614783501826,0.08722415093748632,21,0.019033870195204024
712,S>>E,0.5128381088165945,0.07714262189689092,21,0.016833900197612404
713,E>>S,0.5532134510419381,0.15008082393113312,21,0.03275032076313131
713,E>S,0.47344072103349905,0.1137637847686584,21,0.02482529309747816
713,S~E,0.45845119523546435,0.09528269570466436,21,0.02079238883266991
713,S>E,0.4471865517467737,0.083602226474843,21,0.018243501480371866
713,S>>E,0.5148593308928312,0.10663276739180001,21,0.023269177530263925
714,E>>S,0.5585358968153119,0.15055838786489348,21,0.032854533757209294
714,E>S,0.48992520869265344,0.12218762726982661,21,0.026663526235763374
714,S~E,0.45818801626355277,0.08787557723888598,21,0.019176023068339692
714,S>E,0.4463800238622409,0.0781571079701146,21,0.017055279208185073
714,S>>E,0.513140182849759,0.08586244354418113,21,0.01873672128071821
715,E>>S,0.58116131158413,0.1303682429230171,21,0.028448682924434136
715,E>S,0.48134508440290286,0.12224939474424329,21,0.026677005003715788
715,S~E,0.45128013319299676,0.10020564387437424,21,0.02186666419600514
715,S>E,0.4552731550510301,0.0806802829846636,21,0.017605881136556128
715,S>>E,0.5111703739241659,0.06946793847072212,21,0.015159146972124712
716,E>>S,0.5846991957434496,0.13366843067333622,21,0.029168842932691442
716,E>S,0.48675928405063845,0.12372614336849645,21,0.026999257972909217
716,S~E,0.4445734400487563,0.0870795161717401,21,0.019002308301768106
716,S>E,0.4531388820508294,0.09462813053669265,21,0.020649551002693157
716,S>>E,0.5064377979059825,0.10218858449482887,21,0.022299377314664002
717,E>>S,0.6007356245077877,0.14894735867748796,21,0.03250297836682506
717,E>S,0.48187253018166537,0.12317809758555116,21,0.026879664578402164
717,S~E,0.4431049481464018,0.08049775220298783,21,0.017566049654475713
717,S>E,0.44262081811063514,0.09252711178593358,21,0.02019107112355625
717,S>>E,0.5157939188551596,0.09157624995090574,21,0.01998357606001055
718,E>>S,0.5656191044896987,0.13773819403911355,21,0.030056938108131103
718,E>S,0.4895222596217745,0.12540590856093714,21,0.02736581278929548
718,S~E,0.4459299677308122,0.09897146878493854,21,0.021597345111806665
718,S>E,0.45774826373151584,0.09379590850141403,21,0.020467945265946752
718,S>>E,0.5025842549239455,0.09489206924529399,21,0.020707147150835752
719,E>>S,0.5827463592304113,0.13572012338711875,21,0.029616558988105623
719,E>S,0.470874305594107,0.12988641339028,21,0.028343539100346857
719,S~E,0.443887401282471,0.08665415263443538,21,0.01890948636807415
719,S>E,0.44637162102799965,0.0885909869898205,21,0.01933213827484288
719,S>>E,0.5225034329800665,0.08576039334975005,21,0.01871445210259129
720,E>>S,0.5787601985128915,0.13005757451369382,21,0.02838088951958864
720,E>S,0.4719828803152524,0.1287522916351032,21,0.028096053443661433
720,S~E,0.43990471738627523,0.10208159645335722,21,0.022276030609973577
720,S>E,0.438884700903581,0.08803651097540721,21,0.01921114168879115
720,S>>E,0.5093031826720642,0.079991917102643,21,0.017455667386071152
721,E>>S,0.5695472549977391,0.1371834379330809,21,0.029935880401077124
721,E>S,0.48003152847110847,0.1293164651102357,21,0.028219166189131954
721,S~E,0.4537057426228463,0.07816796988928787,21,0.01705764947327098
721,S>E,0.45792984379053037,0.10130435871041836,21,0.022106423429497674
721,S>>E,0.5117478948359462,0.10449372433953123,21,0.022802400068273873
722,E>>S,0.5789077977514914,0.14400935827067698,21,0.031425418336066296
722,E>S,0.46390694471813454,0.1371518189031661,21,0.029928980563077807
722,S~E,0.4426911075034706,0.09186217056324521,21,0.020045969052810253
722,S>E,0.4636041639182913,0.08961215978807627,21,0.019554976448444637
722,S>>E,0.5093277861308008,0.08822694459499325,21,0.01925269771148722
723,E>>S,0.5976483549459938,0.1260624853834537,21,0.027509089598282892
723,E>S,0.4867821311106673,0.12157830106864072,21,0.026530560357675075
723,S~E,0.4323955878377036,0.09481229463146221,21,0.02068973890291099
723,S>E,0.4383270361280459,0.09011287309933967,21,0.019664241050841615
723,S>>E,0.5043536909444699,0.11166764686574775,21,0.024367878306661303
724,E>>S,0.5797139971353907,0.14569352435769045,21,0.03179293350638138
724,E>S,0.49579699178716413,0.13479983101145165,21,0.02941573472748728
724,S~E,0.4661162744994309,0.10287363424316236,21,0.022448867425452032
724,S>E,0.4490702418197007,0.09148217408583773,21,0.019963047023213283
724,S>>E,0.5269264305179244,0.09458698347800444,21,0.0206405719783568
725,E>>S,0.5628635244871845,0.15264013903401097,21,0.03330880910533042
725,E>S,0.4989364481466802,0.1264845306587266,21,0.02760118742783702
725,S~E,0.4396617377959509,0.08390984582182681,21,0.018310629525266447
725,S>E,0.4409815730904126,0.08214553943502831,21,0.017925626307809393
725,S>>E,0.4932971163221807,0.09028075120359758,21,0.019700875056569592
726,E>>S,0.566132308354795,0.1716282059362213,21,0.03745234500439064
726,E>S,0.5010678475813529,0.1358956283984933,21,0.029654857321413625
726,S~E,0.44060564197631197,0.0941266512233843,21,0.020540119244946014
726,S>E,0.4468042232857239,0.08843231842188613,21,0.019297513954701476
726,S>>E,0.5160942669141636,0.09995872673180796,21,0.021812782458091227
727,E>>S,0.5748079068773688,0.14600414175533524,21,0.03186071577956602
727,E>S,0.5002565785393924,0.11325731703945774,21,0.02471477277813938
727,S~E,0.4600885274240647,0.10165916801123755,21,0.022183849166558543
727,S>E,0.44352147454013485,0.08921054236364521,21,0.01946733634140328
727,S>>E,0.502528952411514,0.07645105131611105,21,0.01668298712452534
728,E>>S,0.5760037483969734,0.15667731812748123,21,0.03418979380961236
728,E>S,0.5129044414577167,0.12138189107788555,21,0.026487700183871213
728,S~E,0.45399620903535987,0.08598361372983247,21,0.01876316278299055
728,S>E,0.4249818461616582,0.10001527959618252,21,0.021825123304841845
728,S>>E,0.5387611865674862,0.1293195904331614,21,0.02821984819050711
729,E>>S,0.5742709127273377,0.14756019541843704,21,0.03220027452702208
729,E>S,0.4861028209097292,0.11488179543951335,21,0.025069263027333456
729,S~E,0.4446816532837068,0.09446324779647507,21,0.020613570638986545
729,S>E,0.4355239154868195,0.1113656555029628,21,0.02430197838860488
729,S>>E,0.5018691717918381,0.0797966011871712,21,0.017413045959067387
730,E>>S,0.5657502949422263,0.15459915849376155,21,0.03373630219876845
730,E>S,0.4802188653014608,0.1275503045532449,21,0.027833758358567395
730,S~E,0.43242359463635743,0.09424339129661417,21,0.020565594017432232
730,S>E,0.45929382361247223,0.09102642297260434,21,0.01986359397681079
730,S>>E,0.5260345125972536,0.1021638522084998,21,0.022293980287320558
731,E>>S,0.5721022904694849,0.15006407048315218,21,0.032746664861058726
731,E>S,0.47924186381186684,0.10722500735646817,21,0.023398414885867247
731,S~E,0.4447553583470975,0.08906506902099988,21,0.019435591455485637
731,S>E,0.4478239036832098,0.08561573152071802,21,0.01868288430346224
731,S>>E,0.5153494986512077,0.1069901837645464,21,0.023347172177060442
732,E>>S,0.5822805335365397,0.1433962990468611,21,0.03129163784565547
732,E>S,0.4960269328497513,0.12448061579297734,21,0.02716389735362067
732,S~E,0.4375834260354332,0.11139030912782098,21,0.0243073582506081
732,S>E,0.45123893795364434,0.10560539768586434,21,0.02304498708054227
732,S>>E,0.5209491850423563,0.09672151296100895,21,0.021106364498784565
733,E>>S,0.5925933450264329,0.14284187967044598,21,0.031170653619028214
733,E>S,0.5016767708620964,0.13063135134969225,21,0.0285060978902065
733,S~E,0.43977242933741706,0.11123608729188258,21,0.0242737042869413
733,S>E,0.43235268042715685,0.09188356039451832,21,0.02005063669666318
733,S>>E,0.47633263493898753,0.0916934610693172,21,0.0200091536229825
734,E>>S,0.5871145661496602,0.15593675590964898,21,0.03402818988484852
734,E>S,0.4821801352507494,0.13830601521319721,21,0.030180846846770963
734,S~E,0.4515235062836756,0.08766636835135462,21,0.01913036994628398
734,S>E,0.43948424273761555,0.10081097047585684,21,0.0219987572898844
734,S>>E,0.5049077972425399,0.09582007399532058,21,0.020909654389515534
735,E>>S,0.5843231523181373,0.1490439110246878,21,0.03252404781632834
735,E>S,0.49264590713812645,0.13273540085834762,21,0.02896523913493735
735,S~E,0.44122177720011085,0.07909618963831858,21,0.017260203628579843
735,S>E,0.43507884780563105,0.09943189159080862,21,0.02169781760512017
735,S>>E,0.48994544844840443,0.08109294218897571,21,0.01769593075750758
736,E>>S,0.5823064476293995,0.12850028256745433,21,0.028041060556598756
736,E>S,0.48642363729912885,0.1385715851885934,21,0.03023879896651194
736,S~E,0.44322281668939895,0.08408827127620573,21,0.018349565151485413
736,S>E,0.43973853764523,0.07561193207578196,21,0.0164998762942443
736,S>>E,0.504403584168826,0.09315945372546594,21,0.02032905944750874
737,E>>S,0.562791923797154,0.1403371993142195,21,0.03062408755597694
737,E>S,0.489831219161172,0.12287411159541661,21,0.0268133293969737
737,S~E,0.46402259254662376,0.08778491465341075,21,0.019156238870213945
737,S>E,0.4411833432727572,0.10413019168649737,21,0.02272307073969693
737,S>>E,0.5066783246126048,0.07706566423910391,21,0.01681710665989262
738,E>>S,0.5686368658595009,0.15407130060593627,21,0.03362111416414279
738,E>S,0.5001077746564867,0.12798729555129887,21,0.027929117612214855
738,S~E,0.45197820581899883,0.10163250655011469,21,0.022178031158761706
738,S>E,0.46151983335902225,0.09628260157670838,21,0.02101058618250194
738,S>>E,0.5254989834578782,0.095919509093845,21,0.020931352906930944
739,E>>S,0.5926865897455796,0.1639940333502591,21,0.03578643196898452
739,E>S,0.5046020583418157,0.12485579228321009,21,0.027245767575785406
739,S~E,0.44867845489335717,0.08021121598865077,21,0.01750352232630687
739,S>E,0.44092808990078564,0.10770929093143211,21,0.023504094225871824
739,S>>E,0.4994573130880015,0.0877929415818302,21,0.019157990489598712
740,E>>S,0.5799230131868136,0.12647060634799942,21,0.02759814889412714
740,E>S,0.482004357406679,0.12547928948109274,21,0.02738182581887541
740,S~E,0.45749851249044715,0.09371599604284031,21,0.020450506937833225
740,S>E,0.453170657546143,0.09108281604397461,21,0.01987589995386914
740,S>>E,0.51624798816631,0.08797831835892184,21,0.0191984430187944
741,E>>S,0.5664195413168672,0.14610853490771897,21,0.031883496233034284
741,E>S,0.5060536253130979,0.14510229574447292,21,0.031663916845757895
741,S~E,0.44615624336506154,0.07032639153206771,21,0.015346476788038176
741,S>E,0.4441862886783102,0.08948633387515906,21,0.019527518983190828
741,S>>E,0.521218295369501,0.0954126931658162,21,0.0208207566043785
742,E>>S,0.5745591867752673,0.17108302166818268,21,0.03733337604362939
742,E>S,0.4917264114458383,0.1250014991361725,21,0.027277563417831788
742,S~E,0.4571403120297428,0.08974564196656148,21,0.019584104647817787
742,S>E,0.46072885122168844,0.09864133856107969,21,0.021525304790853052
742,S>>E,0.5127053283921165,0.0937235131821019,21,0.020452147312103496
743,E>>S,0.5787053134369418,0.14253492821729566,21,0.03110367132051688
743,E>S,0.48810516599776466,0.11086979910251982,21,0.024193773651040196
743,S~E,0.4557669599154598,0.0886043056359793,21,0.019335044641708453
743,S>E,0.4487100160203231,0.09442698612562431,21,0.02060565769367706
743,S>>E,0.5314939076045453,0.09026055136243448,21,0.01969646708984788
744,E>>S,0.5714014005452911,0.15194010744398767,21,0.03315604968865699
744,E>S,0.47728831545236183,0.12028173172454533,21,0.026247625730861916
744,S~E,0.44319130676759666,0.09542206992079003,21,0.02082280278006615
744,S>E,0.4490285184910933,0.09444798002636201,21,0.020610238938403868
744,S>>E,0.5051904592196438,0.09245320975491059,21,0.02017494437826226
745,E>>S,0.593845399672723,0.14438894289400114,21,0.03150825049173411
745,E>S,0.48950374095613775,0.12233153847522536,21,0.02669493023538681
745,S~E,0.4425867296874446,0.06592069084098716,21,0.014385074078219325
745,S>E,0.43873468256954823,0.09906642355079076,21,0.02161806594047879
745,S>>E,0.49812318053623744,0.09283665300030879,21,0.020258618554298297
746,E>>S,0.5833179615626014,0.15794343586849086,21,0.03446608335184584
746,E>S,0.4901624875029126,0.12897541224641437,21,0.02814474235272992
746,S~E,0.4421901702165887,0.0863315217450509,21,0.018839082536067708
746,S>E,0.4508801753219397,0.10034816743327192,21,0.02189776538633672
746,S>>E,0.4927179647549146,0.09184869381750525,21,0.020043028185787633
747,E>>S,0.587661259510046,0.15164866928399026,21,0.0330924526682481
747,E>S,0.49330808399571024,0.11072906819769385,21,0.02416306364989807
747,S~E,0.44820441499269587,0.07669657710354423,21,0.016736565243857544
747,S>E,0.4347795270359608,0.08840881471493767,21,0.019292385025358457
747,S>>E,0.5158667513144659,0.09419848182350377,21,0.020555793966958467
748,E>>S,0.575295950433944,0.1480206181496447,21,0.03230074700404291
748,E>S,0.492835692664758,0.13702716536332057,21,0.029901778930602266
748,S~E,0.43672971677298655,0.08282384630412427,21,0.018073645001716095
748,S>E,0.43552681004671795,0.08785592704833824,21,0.01917173504521563
748,S>>E,0.5033015088863391,0.09698590557620355,21,0.02116405969746631
749,E>>S,0.5863315634001701,0.14571012391415705,21,0.03179655582657237
749,E>S,0.49396643384991923,0.13017296788673452,21,0.028406070418000796
749,S~E,0.45939722345684963,0.08359650972801125,21,0.01824225398393923
749,S>E,0.4464779827493376,0.08205394553384981,21,0.017905638879935737
749,S>>E,0.5035483047617118,0.07469845869919127,21,0.016300540061217932
750,E>>S,0.5670281420521168,0.1535237360072459,21,0.033501625772648654
750,E>S,0.498568027801248,0.13309048665954537,21,0.02904272520932748
750,S~E,0.44359005314776273,0.08812709049383677,21,0.019230907760201442
750,S>E,0.4427859333942714,0.07883228698567216,21,0.017202615348491657
750,S>>E,0.5041720036497415,0.09163636802221982,21,0.019996694898697768
751,E>>S,0.5845932345977163,0.13997129302870578,21,0.030544240258328047
751,E>S,0.4847412059352382,0.12247425313158881,21,0.026726073126604195
751,S~E,0.4637538563964795,0.10447448363260703,21,0.022798201401802224
751,S>E,0.456637716745726,0.0885919425572741,21,0.01933234679675658
751,S>>E,0.5000668287342445,0.09516619165158849,21,0.020766965564003752
752,E>>S,0.5749837855644374,0.16685056582967245,21,0.03640977846003268
752,E>S,0.48882953085272146,0.1368050967581257,21,0.02985331958808899
752,S~E,0.4490385267639696,0.10082314967508064,21,0.02200141500904378
752,S>E,0.46343220258595497,0.09955656126661537,21,0.021725022758751125
752,S>>E,0.5026529665014368,0.10199161241887993,21,0.022256394483815018
753,E>>S,0.5746354114429562,0.17248547543929596,21,0.037639416546715244
753,E>S,0.5011002884749388,0.1342675210972267,21,0.02929957518105341
753,S~E,0.45208777338418393,0.09458674899349735,21,0.02064052080964237
753,S>E,0.44449728139570704,0.09468246111757625,21,0.020661406907428872
753,S>>E,0.5104356923884646,0.07807042138883188,21,0.017036362645305787
754,E>>S,0.5997108053725173,0.14793019883321246,21,0.032281015891574484
754,E>S,0.49049482417534795,0.12010151514728494,21,0.026208299249586602
754,S~E,0.4412488502942142,0.09171616012980108,21,0.020014106964071632
754,S>E,0.44381823863305797,0.0982365612312414,21,0.021436975135920383
754,S>>E,0.4887773019655769,0.07921251459632946,21,0.017285587815498767
755,E>>S,0.568294482871775,0.1463054150275128,21,0.0319264589974051
755,E>S,0.49606624105017466,0.136821536536433,21,0.02985690704182716
755,S~E,0.44920159917317953,0.07953100119332526,21,0.017355087288763633
755,S>E,0.44683950681240975,0.09142888021935977,21,0.019951417348107948
755,S>>E,0.5110321026773692,0.09314956236128763,21,0.02032690097488619
756,E>>S,0.5739101638144557,0.16143809171852672,21,0.035228679778541536
756,E>S,0.484385060490088,0.13699231490020383,21,0.029894173936067185
756,S~E,0.44486884168175045,0.07884887570763661,21,0.017206235304400453
756,S>E,0.43915703830898134,0.09085144759537118,21,0.019825411219147725
756,S>>E,0.5020521874992393,0.06758867189052523,21,0.014749057383803138
757,E>>S,0.5939606332640956,0.14434744392886922,21,0.03149919467511605
757,E>S,0.5106076721167367,0.11608672161791664,21,0.02533219947587474
757,S~E,0.45324182951181335,0.09508806252398963,21,0.02074991639061315
757,S>E,0.4504113196580083,0.0814807919809424,21,0.017780566520839015
757,S>>E,0.49528682649079075,0.07602028173039388,21,0.01658898549435231
758,E>>S,0.6020950797523427,0.16087241398439414,21,0.03510523877684565
758,E>S,0.4792416528978309,0.13420754831965198,21,0.029286488048059462
758,S~E,0.4400958764863454,0.0848446136635267,21,0.01851461259154265
758,S>E,0.43489476450343567,0.09544024724054255,21,0.02082676939643269
758,S>>E,0.49558823623602083,0.08036245792799154,21,0.017536526023225016
759,E>>S,0.5649628489676397,0.16129449415239797,21,0.0351973442206179
759,E>S,0.478298043864406,0.1144973798209122,21,0.024985376662068546
759,S~E,0.45613365641919146,0.08624927228681357,21,0.018821134232818105
759,S>E,0.43529834530370465,0.08879407292286157,21,0.01937645525868771
759,S>>E,0.5353365461077808,0.10267651462836912,21,0.02240585239898772
760,E>>S,0.5834909590392848,0.1495559744039465,21,0.032635789206617284
760,E>S,0.49021732255864203,0.13800175198032844,21,0.030114451166017957
760,S~E,0.44055557744114326,0.09126554247000804,21,0.019915774129048516
760,S>E,0.43166499736132685,0.09820293236599982,21,0.021429636715896334
760,S>>E,0.5264182751029608,0.10464468584562926,21,0.022835342569641433
761,E>>S,0.5911985360908574,0.1267967753831237,21,0.02766932481283227
761,E>S,0.4854445090678376,0.13385453696563918,21,0.029209454655157435
761,S~E,0.45265010656589927,0.10134554001178697,21,0.022115409926199505
761,S>E,0.449030028556708,0.08289332247477454,21,0.018088805945097073
761,S>>E,0.5099155826189958,0.08879881773040514,21,0.019377490660579443
762,E>>S,0.5742410457023562,0.1375920983836195,21,0.030025057422416544
762,E>S,0.47255922566379266,0.12740772523953786,21,0.02780264500153895
762,S~E,0.4412989345170261,0.08352228930756872,21,0.01822605776037783
762,S>E,0.450977999682707,0.08370849088547688,21,0.018266690275867564
762,S>>E,0.5008935499355636,0.08880806814781464,21,0.019379509267150347
763,E>>S,0.5763044825518451,0.14056737297472036,21,0.03067431556655933
763,E>S,0.4889710241900165,0.12572656098549428,21,0.027435784884881395
763,S~E,0.4381684358246428,0.08874453811570342,21,0.01936564587757641
763,S>E,0.43363010245733186,0.09994521080875106,21,0.02180983304187716
763,S>>E,0.5261888688180103,0.08238527101773171,21,0.017977940028009863
764,E>>S,0.5773324152960622,0.13374243660156626,21,0.029184992350214756
764,E>S,0.48683034854052043,0.13558794697155896,21,0.02958771572956321
764,S~E,0.4457909694837963,0.0730502559255526,21,0.01594087272927339
764,S>E,0.4410573206492688,0.08780965425930327,21,0.019161637494817082
764,S>>E,0.500272653024647,0.08110139631952076,21,0.0176977756000389
765,E>>S,0.591713641114971,0.1550479410993172,21,0.033834234592127414
765,E>S,0.4880387685966708,0.13474638154390492,21,0.029404071097444993
765,S~E,0.4534261602390095,0.08637936121140398,21,0.018849521963485293
765,S>E,0.4492354912821678,0.0872845941205587,21,0.019047059979093225
765,S>>E,0.47796822100142966,0.09313950756843951,21,0.020324706839204117
766,E>>S,0.5786612445993546,0.14948844404977793,21,0.03262105287520373
766,E>S,0.481438075017686,0.12112860728521524,21,0.026432429129003728
766,S~E,0.45109376932687517,0.0864193409087156,21,0.018858246248684908
766,S>E,0.45524686056434627,0.08753864666439928,21,0.019102498789219203
766,S>>E,0.5187879821431907,0.10443525985927964,21,0.022789642072739626
767,E>>S,0.5860676563386855,0.13034063443862026,21,0.028442658259216446
767,E>S,0.48719644975666876,0.11252830474134942,21,0.02455568925249009
767,S~E,0.434033766144496,0.09287252120132725,21,0.020266445637451107
767,S>E,0.44635380587128415,0.08779456589022777,21,0.019158344942750326
767,S>>E,0.5017560333523642,0.08052329216003203,21,0.017571622930018616
768,E>>S,0.5856569776884404,0.1220986378925831,21,0.02664410716160788
768,E>S,0.4935330156249518,0.11599620972831345,21,0.025312448162284257
768,S~E,0.4485445936511872,0.08393262485274777,21,0.01831560031733564
768,S>E,0.4421905523197327,0.09375612215420645,21,0.02045926317319892
768,S>>E,0.5093727965345431,0.09851068713634109,21,0.02149679431259027
769,E>>S,0.596605826683019,0.14616260357496852,21,0.031895294983529346
769,E>S,0.500853190079696,0.13339486465040773,21,0.029109145932327735
769,S~E,0.4363700595819013,0.0927718405224717,21,0.02024447531212372
769,S>E,0.4416157725136683,0.08721334612926977,21,0.019031512392750603
769,S>>E,0.506049449526432,0.07401467215105832,21,0.01615132560331261
770,E>>S,0.5781397323639058,0.13660719189689133,21,0.02981013320680298
770,E>S,0.48454798988023784,0.13066390973921743,21,0.028513202713278167
770,S~E,0.45652600443300784,0.07546832477354731,21,0.016468538611728173
770,S>E,0.44029153005427446,0.0986654936484251,21,0.021530575863052032
770,S>>E,0.5010772737936292,0.09100092643385288,21,0.019858030175916128
771,E>>S,0.5810311869767276,0.13670529915293603,21,0.029831541965233896
771,E>S,0.4748436135646253,0.13627130727524792,21,0.02973683717330524
771,S~E,0.459270882740654,0.09699616183907075,21,0.021166297797510895
771,S>E,0.43673227769948675,0.08775589400552385,21,0.019149906045658784
771,S>>E,0.5034064839305513,0.08873001458944188,21,0.01936247658431683
772,E>>S,0.5799228726307737,0.15183092174792745,21,0.033132223416418784
772,E>S,0.4920229702630089,0.13938600402394816,21,0.03041651972653151
772,S~E,0.44699524319972767,0.10421713038853098,21,0.02274204231983456
772,S>E,0.4387941912007706,0.08557882474740369,21,0.018674830585254168
772,S>>E,0.5125832634032241,0.09008729237355151,21,0.019658658878829418
773,E>>S,0.5789029160262968,0.14467485610701308,21,0.031570641869868174
773,E>S,0.4868423863384095,0.13512377661785693,21,0.02948642545426826
773,S~E,0.4558943504844777,0.07630728317146702,21,0.01665161434331798
773,S>E,0.45848439638053684,0.09051210757788183,21,0.019751361156458553
773,S>>E,0.5115612041925692,0.08910342314873146,21,0.019443961012321063
774,E>>S,0.6025659457967935,0.16505264059749922,21,0.03601743900906579
774,E>S,0.4894230765937049,0.12576973504516592,21,0.027445206237095864
774,S~E,0.4478329716297833,0.08732836190701285,21,0.01905661089311355
774,S>E,0.44289593705868313,0.07732244592633448,21,0.016873141017931314
774,S>>E,0.5004461471443706,0.07706270186378882,21,0.016816460216601273
775,E>>S,0.5820832364373013,0.14450988014861701,21,0.03153464116428732
775,E>S,0.506513400408526,0.12954475464995793,21,0.028268983050853087
775,S~E,0.41692955789219316,0.09483904924106953,21,0.02069557723737359
775,S>E,0.4432909614733759,0.09117677562864922,21,0.019896403616204282
775,S>>E,0.5003227428275047,0.08392277872586038,21,0.018313451716299278
776,E>>S,0.5986052117058751,0.1418699549926897,21,0.03095856226637994
776,E>S,0.49637622684415966,0.13143314044130952,21,0.028681062614193453
776,S~E,0.46581677183406683,0.10916404454939559,21,0.023821547491196988
776,S>E,0.4539128152102195,0.08386338451793882,21,0.018300490837554396
776,S>>E,0.5100083103379025,0.0854383574643069,21,0.018644178111089604
777,E>>S,0.5731708035882002,0.16213835175437968,21,0.03538148904618195
777,E>S,0.4889378103822755,0.12374244795413361,21,0.02700281592518813
777,S~E,0.43299805995464336,0.09304482883306178,21,0.020304046245319778
777,S>E,0.43684796212948707,0.08519449390210251,21,0.01859096271903993
777,S>>E,0.5293059396314778,0.10367469918094853,21,0.022623674126117755
778,E>>S,0.5941360416689708,0.14879075177375004,21,0.03246880393869497
778,E>S,0.49590072639450034,0.14230853820255127,21,0.031054268969128863
778,S~E,0.4251714047237472,0.09052140948892912,21,0.019753390999862452
778,S>E,0.450942189215291,0.06812914258772378,21,0.014866997759080182
778,S>>E,0.5179249637498762,0.07419537994074427,21,0.016190759275927082
779,E>>S,0.5817016542979141,0.14295686668151192,21,0.031195745841987567
779,E>S,0.497627891021383,0.13197629840074954,21,0.02879958939816734
779,S~E,0.45709114668321194,0.09815716173764462,21,0.021419648745941884
779,S>E,0.4561469656461467,0.09179055207247774,21,0.020030340616853094
779,S>>E,0.5102171492916294,0.09134130640743571,21,0.019932307175629955
780,E>>S,0.569950328296825,0.16075225763794226,21,0.035079018512424454
780,E>S,0.5161241551536506,0.1373722783688874,21,0.029977088762570065
780,S~E,0.4509525300874113,0.09934218715193203,21,0.021678242491723718
780,S>E,0.44592622292856554,0.08807293591716904,21,0.019219090262734384
780,S>>E,0.5024551543865209,0.10550818892530078,21,0.023023774389899634
781,E>>S,0.5820100366102595,0.15835335891160812,21,0.03455553589347401
781,E>S,0.48966239038019976,0.1299795998358086,21,0.028363874049888695
781,S~E,0.449679266472907,0.0987479852795831,21,0.021548577012765458
781,S>E,0.44265988619475866,0.09537710126383626,21,0.020812989814618953
781,S>>E,0.4996662344459348,0.08279195780322696,21,0.018066686360327492
782,E>>S,0.5872299760556873,0.14514297253826233,21,0.03167279324988019
782,E>S,0.488710265981896,0.13366105391516978,21,0.02916723319208758
782,S~E,0.44508968928456316,0.10512346375920388,21,0.022939820475833275
782,S>E,0.4450534162553638,0.09079349983516685,21,0.019812765981172032
782,S>>E,0.4967912440143502,0.10411980245574211,21,0.02272080362368034
783,E>>S,0.5954678160871774,0.13955224192226848,21,0.030452795809980237
783,E>S,0.49883868427491895,0.1371955198367439,21,0.0299385168886045
783,S~E,0.44578329018857027,0.08797055204211261,21,0.019196748269525388
783,S>E,0.43521457244308576,0.0829551968267643,21,0.018102308035647996
783,S>>E,0.4928197411486041,0.10227974644342484,21,0.022319270482756417
784,E>>S,0.5671951016149811,0.15208725479810836,21,0.03318815987382702
784,E>S,0.49643836067617225,0.14312214240681373,21,0.03123181196207015
784,S~E,0.4345999546202934,0.10088805048504391,21,0.02201557752686857
784,S>E,0.45590500297228215,0.09307707173019811,21,0.02031108222230796
784,S>>E,0.4899689956236423,0.09387243740073307,21,0.020484645240898238
785,E>>S,0.5984200708163621,0.16769535156949877,21,0.036594125821879035
785,E>S,0.4885744154472966,0.14649026260373674,21,0.031966796045503926
785,S~E,0.44295224490926427,0.091748322631619,21,0.020021125397363053
785,S>E,0.45155848779806024,0.09079270157652089,21,0.019812591786854447
785,S>>E,0.49577566360471825,0.09430377046597203,21,0.020578769832383707
786,E>>S,0.6032975380364815,0.15483137109020614,21,0.03378697514165081
786,E>S,0.4952874822010649,0.12756032317715055,21,0.027835944601539153
786,S~E,0.4486920296936895,0.08779016614145509,21,0.019157384838855582
786,S>E,0.4565437262078989,0.09923811152521403,21,0.021655531328036326
786,S>>E,0.5148301469152724,0.09600534384235439,21,0.020950083584659596
787,E>>S,0.5584176497951041,0.17476591515410478,21,0.03813704929009119
787,E>S,0.48230136976634636,0.1347180094705883,21,0.029397879803464217
787,S~E,0.4343817825248091,0.08898534800141233,21,0.01941819490278378
787,S>E,0.4726061548576137,0.09240099244155295,21,0.020163549626307564
787,S>>E,0.5207693541277072,0.08752325706118774,21,0.019099140502474812
788,E>>S,0.5877675663859123,0.15643925404616613,21,0.03413784396804681
788,E>S,0.5059899488671099,0.13331911440502908,21,0.029092615873596347
788,S~E,0.42536722265813537,0.10498225746969547,21,0.0229090067372487
788,S>E,0.44614510263809715,0.08649751678738987,21,0.01887530562399655
788,S>>E,0.5085717647105519,0.11501285605124958,21,0.025097862797519573
789,E>>S,0.5746590659833272,0.13885627268723777,21,0.03030092287184268
789,E>S,0.5032027790632632,0.13096982011635305,21,0.028579957830378
789,S~E,0.4349944723850461,0.10132780731166634,21,0.02211154033379099
789,S>E,0.4486987685420458,0.08148349734374201,21,0.01778115687940147
789,S>>E,0.48910276387808027,0.09607030313393958,21,0.020964258864220542
790,E>>S,0.586012263324973,0.17801481574116626,21,0.03884601752178623
790,E>S,0.4985925724034706,0.15286695613492274,21,0.033358304654560834
790,S~E,0.44375994187057993,0.10371020480286283,21,0.022631422088023413
790,S>E,0.4512115427395432,0.09123516414390234,21,0.01990914503481683
790,S>>E,0.5101133161055271,0.11264590714948373,21,0.024581352201879833
791,E>>S,0.5835240837314729,0.16825276767232028,21,0.03671576398782032
791,E>S,0.5028871861875471,0.13426815202703124,21,0.029299712861224243
791,S~E,0.45016641846240546,0.09646445314154986,21,0.02105026944731776
791,S>E,0.4394543696657408,0.09952820581003202,21,0.02171883509083883
791,S>>E,0.5022003580260169,0.09368363396861945,21,0.020443444954273086
792,E>>S,0.5796299747411036,0.14797830551560148,21,0.03229151363031167
792,E>S,0.49128043152397927,0.13493700940301157,21,0.02944566950667945
792,S~E,0.4512722442273819,0.09279121649830761,21,0.020248703496691896
792,S>E,0.4596399884949071,0.09909641075647217,21,0.02162460968523666
792,S>>E,0.5109232341388938,0.0985451295174609,21,0.021504310256332936
793,E>>S,0.5877100023495954,0.12341927913409813,21,0.02693229470708993
793,E>S,0.5060218738796386,0.13307879942509862,21,0.029040174845683817
793,S~E,0.45639118656310174,0.09035025599083976,21,0.019716042244602886
793,S>E,0.46417966414912293,0.10612032532947106,21,0.02315735350455432
793,S>>E,0.5181153893357797,0.09937881627404639,21,0.021686235621472708
794,E>>S,0.5776733017592106,0.1412010024380915,21,0.030812584851247545
794,E>S,0.4797782728805088,0.13474476833346766,21,0.02940371906606687
794,S~E,0.4306653273576164,0.09680155831634248,21,0.02112383182734864
794,S>E,0.4532546368547214,0.082921192937999,21,0.018094887778781814
794,S>>E,0.5012546983338447,0.10390957510796212,21,0.022674928255377882
795,E>>S,0.5875433759258728,0.15589691660441443,21,0.034019496235711766
795,E>S,0.5008229752968897,0.14078059752298452,21,0.03072084497762806
795,S~E,0.45213291047409515,0.0839746962052527,21,0.01832478103911864
795,S>E,0.44721787239965055,0.10295438001935214,21,0.022466487598377632
795,S>>E,0.48998271950259836,0.08613115745540333,21,0.018795359463502182
796,E>>S,0.5819258619674177,0.1675031879226964,21,0.03655219227629377
796,E>S,0.5033578463323812,0.12566384520659904,21,0.027422099179926367
796,S~E,0.44701272872108244,0.08382948095816131,21,0.01829309247426826
796,S>E,0.4537060815779257,0.09019132579826131,21,0.019681360833283614
796,S>>E,0.5001753025562996,0.1011963020138429,21,0.022082843525145106
797,E>>S,0.5911181039793055,0.1560896274976611,21,0.03406154920026155
797,E>S,0.49190094581947247,0.14035732910365467,21,0.030628480236158374
797,S~E,0.4487030395156182,0.08982448180596211,21,0.019601308911238336
797,S>E,0.4391625401011035,0.08286434857548203,21,0.01808248332192155
797,S>>E,0.5170944814091586,0.1017455372534332,21,0.02220269648037176
798,E>>S,0.5886325542580708,0.14446047108392404,21,0.03152385922243149
798,E>S,0.48335937601805057,0.13232603881022129,21,0.028875909012452537
798,S~E,0.4352117437529387,0.10110494223919934,21,0.022062907187869952
798,S>E,0.4545993957809853,0.10321883091425353,21,0.022524195514734034
798,S>>E,0.5203844552288157,0.1012416880813629,21,0.022092747577045428
799,E>>S,0.5789798043150925,0.1578081520529183,21,0.03443656200302852
799,E>S,0.4937071587344751,0.12643710057900598,21,0.027590837335906657
799,S~E,0.459332994101265,0.10666302214995459,21,0.023275779659758015
799,S>E,0.4522508210508075,0.08772321857696269,21,0.019142775682575615
799,S>>E,0.5125682737396501,0.09968863346470148,21,0.021753843275176307
800,E>>S,0.5793754012213944,0.17048955286829334,21,0.03720387053419666
800,E>S,0.48551753771808287,0.12621957771336886,21,0.02754336995508924
800,S~E,0.4317838510757716,0.07591306315773409,21,0.016565588483632376
800,S>E,0.4520392291762776,0.09061884442196151,21,0.019774653045384068
800,S>>E,0.5137252849995391,0.09578628614561889,21,0.02090228127623802
801,E>>S,0.5819285437812286,0.1537800213381009,21,0.03355755181684627
801,E>S,0.5080307782490374,0.13611276758335197,21,0.029702240976221043
801,S~E,0.440111825049484,0.09575788407336899,21,0.020896083435953318
801,S>E,0.45042108351191956,0.09241475043068552,21,0.020166551865669964
801,S>>E,0.4961423638287978,0.11105123671990265,21,0.024233366585114925
802,E>>S,0.581322814860197,0.15055240589305796,21,0.032853228383935895
802,E>S,0.4991465761254037,0.13224894270795481,21,0.02885908526367053
802,S~E,0.45102047886999874,0.08247483738946254,21,0.01799748501268506
802,S>E,0.4601705240177187,0.08969617169203714,21,0.019573309348881688
802,S>>E,0.5215652751078599,0.0980617156978683,21,0.021398820712510515
803,E>>S,0.58982126835318,0.14206584171016354,21,0.031001308252592338
803,E>S,0.4935034079245157,0.1371824781056859,21,0.029935670949567995
803,S~E,0.4591455994663652,0.10989511015163035,21,0.023981079084540766
803,S>E,0.438679751845437,0.10637582633447272,21,0.02321310839481896
803,S>>E,0.5179859547582796,0.08976760002662501,21,0.019588896289358525
804,E>>S,0.5777453350178349,0.14830880960032533,21,0.03236363553439449
804,E>S,0.5039689989486555,0.13500043032549197,21,0.029459509086579946
804,S~E,0.4625270998760405,0.09714631553191147,21,0.02119906401957374
804,S>E,0.46142488176134944,0.09627323855811223,21,0.021008543004337646
804,S>>E,0.5194146571380679,0.07886644163460554,21,0.01721006850392365
805,E>>S,0.5654917624490953,0.18099387527629313,21,0.03949610160842903
805,E>S,0.5129164270345841,0.12393822489243722,21,0.027045537955621604
805,S~E,0.4617855619574191,0.10228057897525415,21,0.02231945215609576
805,S>E,0.4456173027862607,0.07738158262215994,21,0.016886045702929873
805,S>>E,0.4910284494620458,0.09166244433193346,21,0.02000238521598862
806,E>>S,0.5943221750404352,0.1406991219547894,21,0.03070306555103074
806,E>S,0.47607051699563496,0.1310338472578741,21,0.02859392969811856
806,S~E,0.44611789319878853,0.09595624275194775,21,0.020939368848302775
806,S>E,0.44599749228615726,0.07533071770191642,21,0.016438510286875326
806,S>>E,0.5095863703275431,0.11469414635206433,21,0.025028314639365622
807,E>>S,0.579967617940486,0.1462633619258952,21,0.031917282258292226
807,E>S,0.497805720388862,0.12413192098119474,21,0.027087805907457234
807,S~E,0.450980190404891,0.09295280396750794,21,0.020283964773309366
807,S>E,0.4494007469891402,0.09414664837708478,21,0.020544482981637257
807,S>>E,0.4863442640921753,0.13465982124104292,21,0.02938518209077626
808,E>>S,0.5791239376682759,0.1610754342098772,21,0.03514954142212579
808,E>S,0.4882392228335464,0.134557422885012,21,0.029362836937559558
808,S~E,0.44746785496477176,0.08514416563856918,21,0.018579980191552443
808,S>E,0.44573271079440324,0.093221329436267,21,0.020342561834576597
808,S>>E,0.49331892385060894,0.08661570589075412,21,0.018901096600781583
809,E>>S,0.5725964816973137,0.1304905892073055,21,0.028475381072469764
809,E>S,0.4800566160292294,0.12144879308189592,21,0.026502299398038914
809,S~E,0.4486967373743828,0.09063207430782037,21,0.019777540043164253
809,S>E,0.43172036078576326,0.10298409129503361,21,0.022472971130273064
809,S>>E,0.5189367971207768,0.10390192165024507,21,0.022673258133981862
810,E>>S,0.5966903606451107,0.163976338305577,21,0.03578257059366636
810,E>S,0.47955470526421307,0.1331128414762273,21,0.029047603430260423
810,S~E,0.4224214262284991,0.09517940007359357,21,0.02076984787798705
810,S>E,0.434293673058875,0.10440646513075207,21,0.02278335854783042
810,S>>E,0.5166973107405488,0.10000993161550491,21,0.021823956279781356
811,E>>S,0.5726640055681879,0.13160050947966545,21,0.028717585532634312
811,E>S,0.5047622333945425,0.14523255122444076,21,0.03169234092178816
811,S~E,0.4357503181466392,0.10496770842497155,21,0.022905831875404094
811,S>E,0.45814415141718984,0.09043601511827012,21,0.01973475642045922
811,S>>E,0.5198302198216957,0.10045943554899854,21,0.021922046079801114
812,E>>S,0.5776964131783452,0.14178335793692393,21,0.030939665239570084
812,E>S,0.5024992952153604,0.12675809424965057,21,0.027660883897493826
812,S~E,0.4346910353357386,0.06994577214112999,21,0.015263418827564837
812,S>E,0.4319701992344176,0.08591083809991491,21,0.018747281838569347
812,S>>E,0.4876143210765909,0.07587377761726871,21,0.01655701567587524
813,E>>S,0.5720710104674606,0.16579830138351678,21,0.03618015553262225
813,E>S,0.4925286379249115,0.13592292179433246,21,0.02966081322867102
813,S~E,0.4453094571681549,0.10163664553423556,21,0.02217893435914428
813,S>E,0.4424021298094256,0.09441600599315975,21,0.020603261632336133
813,S>>E,0.48794759948233574,0.09352937631381793,21,0.020409783174289545
814,E>>S,0.5715101137942302,0.14853590185117405,21,0.03241319112626364
814,E>S,0.49425772541048246,0.14046472614094296,21,0.030651916191053022
814,S~E,0.43095714712928457,0.10248841110510841,21,0.02236480484499581
814,S>E,0.4534241186967859,0.0848207122354281,21,0.018509396872329345
814,S>>E,0.5036963094137398,0.10924080342903215,21,0.02383829765196816
815,E>>S,0.5727591183440293,0.14034231317948623,21,0.030625203492866394
815,E>S,0.4932834634907909,0.1310656520729519,21,0.028600870077764184
815,S~E,0.45733152004399474,0.1105760688413265,21,0.024129676453144122
815,S>E,0.45817073513465456,0.09565332069951332,21,0.020873265837114578
815,S>>E,0.5272331898245367,0.0970052877191044,21,0.021168289227798384
816,E>>S,0.5779961092995269,0.14261007609896614,21,0.031120069932710714
816,E>S,0.48061987244871557,0.13511496585756708,21,0.029484502788746432
816,S~E,0.44826212015703376,0.0819605791211699,21,0.017885264658341823
816,S>E,0.4428821553171961,0.09472491404355106,21,0.02067067089536944
816,S>>E,0.5083379311299026,0.07107834442444388,21,0.015510566361769357
817,E>>S,0.6153782762721738,0.12764369699111128,21,0.02785413825932259
817,E>S,0.5016403676044343,0.13203422007019514,21,0.028812228942672706
817,S~E,0.4567173833013235,0.1033708557641106,21,0.02255737005673329
817,S>E,0.44985393582125255,0.08070391250708568,21,0.017611037521086358
817,S>>E,0.4997635266713714,0.10176591993712508,21,0.02220714434660435
818,E>>S,0.5824284756413391,0.11636772266225343,21,0.025393518930924022
818,E>S,0.5044401436196879,0.12839278705049764,21,0.02801760311167864
818,S~E,0.4468348746642373,0.09599704654695698,21,0.020948272966363313
818,S>E,0.447983385596022,0.09886768604436222,21,0.02157469786111519
818,S>>E,0.5222741761295604,0.08517672734199898,21,0.018587085737777384
819,E>>S,0.5855417682921936,0.14479951045048944,21,0.03159784367771034
819,E>S,0.5008590539600236,0.14418152793543157,21,0.03146298883707168
819,S~E,0.4560484327806126,0.10280078997499771,21,0.022432971502937358
819,S>E,0.4566747914391441,0.10406254412855544,21,0.022708308832323224
819,S>>E,0.5137488684019815,0.10486803778350179,21,0.022884081958304096
820,E>>S,0.584556945349302,0.14452540529903452,21,0.03153802902985703
820,E>S,0.49762255912736775,0.12885255218937913,21,0.028117932090289417
820,S~E,0.44658928778438556,0.10877310811290604,21,0.023736238166809864
820,S>E,0.45339585235275187,0.09050636482699649,21,0.019750107985476203
820,S>>E,0.48889772768479567,0.09531512251636343,21,0.02079946494310596
821,E>>S,0.599657834079671,0.12257054753709741,21,0.02674708628861581
821,E>S,0.4955427965738087,0.1350213959862788,21,0.02946408416884425
821,S~E,0.4525933638163919,0.10833743317904829,21,0.023641166101914718
821,S>E,0.43929544666770504,0.08622076442139805,21,0.018814913306571996
821,S>>E,0.5093447756321579,0.09129495913929907,21,0.019922193372558974
822,E>>S,0.5771286733170482,0.13695300222823148,21,0.029885595207729838
822,E>S,0.4997860446564766,0.11876766971258769,21,0.02591723031292606
822,S~E,0.4523720761790634,0.08514486973550513,21,0.018580133838100327
822,S>E,0.4531526969095936,0.0984699917300192,21,0.02148791384688041
822,S>>E,0.47453688867288674,0.08254928255035895,21,0.018013730278634153
823,E>>S,0.5806183680374222,0.12800888115099743,21,0.02793382797624055
823,E>S,0.4933113516524676,0.13487436317270182,21,0.02943199897847002
823,S~E,0.4610430467540335,0.10203987398779168,21,0.02226692602156242
823,S>E,0.4517040594953335,0.08829033765548028,21,0.019266531211402302
823,S>>E,0.5111717190606058,0.09237714823264859,21,0.020158346393346106
824,E>>S,0.5838718538110678,0.14041069930589847,21,0.030640126569093484
824,E>S,0.49275118001904017,0.15267349588899684,21,0.033316088167850345
824,S~E,0.45028830708083206,0.10225105024535894,21,0.02231300845895668
824,S>E,0.4597346238286485,0.08804614702594574,21,0.019213244447409874
824,S>>E,0.5040421788654585,0.07569533803131873,21,0.01651807696589465
825,E>>S,0.5935040265900908,0.11870642202034824,21,0.025903864970743744
825,E>S,0.5012407622932422,0.13290549236819882,21,0.029002356145364134
825,S~E,0.45094519636269487,0.1009132724171144,21,0.02202108140367267
825,S>E,0.448573648064558,0.10116304618082687,21,0.022075586507426307
825,S>>E,0.5070298313766536,0.09034249552626995,21,0.019714348772397212
826,E>>S,0.60684640248729,0.13337266070841888,21,0.029104300634952007
826,E>S,0.5044976974359917,0.12879804186583454,21,0.028106036962489436
826,S~E,0.43603206646585735,0.10255509655402009,21,0.02237935680296676
826,S>E,0.4424988346067942,0.08077524587949032,21,0.017626603739115915
826,S>>E,0.4918073168980708,0.10224920638319701,21,0.022312606095245817
827,E>>S,0.5840604993086222,0.1300402151773367,21,0.028377101401832888
827,E>S,0.48878354807328767,0.13504518607273938,21,0.02946927559132021
827,S~E,0.4393537668310782,0.09260752084571576,21,0.02020861781893778
827,S>E,0.4453832807378643,0.08352833969117955,21,0.018227378062324506
827,S>>E,0.515120705757556,0.08887394300442639,21,0.01939388433937976
828,E>>S,0.5916979277798949,0.15738313406812374,21,0.0343438154750743
828,E>S,0.4946359789982014,0.14051327716064665,21,0.03066251089214157
828,S~E,0.45322586349049976,0.08944715879357978,21,0.019518970279538774
828,S>E,0.4434166443330964,0.08888443970416951,21,0.019396174907052147
828,S>>E,0.5210974445181593,0.08632414296993467,21,0.018837472355329316
829,E>>S,0.5794506630251852,0.14724720423638224,21,0.032131974251611614
829,E>S,0.4943722473513017,0.12127087480136228,21,0.02646347444622645
829,S~E,0.44048500374116745,0.09413913314189694,21,0.02054284302286994
829,S>E,0.4365265133471366,0.0879971381911026,21,0.01920254984286748
829,S>>E,0.5015973562287394,0.1247247341568847,21,0.027217168347960397
830,E>>S,0.5881622776241159,0.15707323160446382,21,0.0342761892132755
830,E>S,0.49397940935931234,0.13392027931604883,21,0.029223800812162984
830,S~E,0.4435407851038867,0.10353128743783496,21,0.02259237911810045
830,S>E,0.44772129224786666,0.10627409114464852,21,0.02319090795633276
830,S>>E,0.4898611935234779,0.10064573927548096,21,0.02196270088593721
831,E>>S,0.596302098222673,0.14494716233507032,21,0.031630063960452946
831,E>S,0.5092332734989734,0.13589813580860624,21,0.029655404483158423
831,S~E,0.4237363358445763,0.10239669665385202,21,0.02234479111093849
831,S>E,0.43492715088551154,0.09230993817123744,21,0.020143679955542334
831,S>>E,0.5059471343492797,0.08773902023534072,21,0.019146223887129096
832,E>>S,0.5886908116399293,0.13713924858971155,21,0.02992623749579615
832,E>S,0.4801846213823167,0.12283510947617711,21,0.026804818436798526
832,S~E,0.4569783400719088,0.09377290752545432,21,0.020462926041499456
832,S>E,0.4320076190586647,0.08339695138728627,21,0.01819870678384723
832,S>>E,0.5205661646238693,0.09502963247966013,21,0.02073716590961317
833,E>>S,0.6174775294916637,0.13345172038298517,21,0.029121552870338605
833,E>S,0.5072211890609224,0.1328065846562199,21,0.028980772713128024
833,S~E,0.471707897659578,0.11392997814950628,21,0.024861559466417972
833,S>E,0.46849053620516684,0.09823145807329409,21,0.021435861535559576
833,S>>E,0.510170640641981,0.10218290444236873,21,0.02229813782559972
834,E>>S,0.5929505638591768,0.1397919802852456,21,0.030505111009757734
834,E>S,0.4715451241547939,0.13024600832842856,21,0.028422009149089173
834,S~E,0.43861332043333284,0.09516195781430464,21,0.02076604166496407
834,S>E,0.44621906278935636,0.09446357010949231,21,0.020613640973453164
834,S>>E,0.5086482062758567,0.10395968627849819,21,0.022685863409289523
835,E>>S,0.5863430147070677,0.12362146561333487,21,0.026976415414023215
835,E>S,0.5111748615582515,0.12377828562343209,21,0.027010636345773418
835,S~E,0.4429824968682827,0.09335146865186429,21,0.020370960539641207
835,S>E,0.4477088681271265,0.09060617045891003,21,0.019771887359906048
835,S>>E,0.5182026910505467,0.1259173958807912,21,0.027477428473116496
836,E>>S,0.5775050371852858,0.16316749892853252,21,0.03560606737126792
836,E>S,0.49328513418430137,0.1175433931160215,21,0.025650071256958083
836,S~E,0.4527817798020455,0.09728730834531929,21,0.02122983117385403
836,S>E,0.45775195577962746,0.08813361933655443,21,0.01923233247048497
836,S>>E,0.5047999001429213,0.08894307570808196,21,0.019408970332117793
837,E>>S,0.5668318278412268,0.12617800454039868,21,0.027534297944993267
837,E>S,0.5037551511930783,0.128293258247555,21,0.027995884146282783
837,S~E,0.43889846462812343,0.083963520429177,21,0.018322342284841652
837,S>E,0.434465149712323,0.10365213106328063,21,0.02261874935909367
837,S>>E,0.4954461458022725,0.1457357308703535,21,0.031802143722528924
838,E>>S,0.589364741181893,0.12501225488526865,21,0.027279910514707458
838,E>S,0.4802228293418546,0.12436402273937493,21,0.02713845466344738
838,S~E,0.454514724187458,0.10491529165024904,21,0.022894393597411175
838,S>E,0.4400454019686419,0.09406635500233335,21,0.02052696153079907
838,S>>E,0.5080942722108011,0.11220717476797552,21,0.0244856129472089
839,E>>S,0.5699839959021682,0.14390013922962355,21,0.03140158478735401
839,E>S,0.49212004622824823,0.13328898526309177,21,0.02908604115580817
839,S~E,0.4461196116036638,0.102438517924958,21,0.022353917260486224
839,S>E,0.45325873015089163,0.08481564550364126,21,0.01850829122080843
839,S>>E,0.5026380054071231,0.08187520799227645,21,0.01786663515070763
840,E>>S,0.582494670168664,0.13298023059966696,21,0.02901866536455508
840,E>S,0.48581685449265166,0.12577426464355582,21,0.02744619467650012
840,S~E,0.4394093003541758,0.09815125789783709,21,0.021418360422474796
840,S>E,0.44235422088800613,0.07001690248873126,21,0.01527894074195014
840,S>>E,0.4953334823224557,0.08749927233270152,21,0.019093906605626668
841,E>>S,0.5757985816425621,0.13345580777378077,21,0.029122444812134593
841,E>S,0.5015367529158564,0.11826504411463681,21,0.025807548415362615
841,S~E,0.44817716333604546,0.09825459537838446,21,0.021440910509462147
841,S>E,0.44266013415327393,0.08555146356474011,21,0.018668859885698958
841,S>>E,0.5094923075187977,0.09804920384795568,21,0.021396090403019635
842,E>>S,0.569308967821061,0.14433252905645422,21,0.031495939983124506
842,E>S,0.5038999394000021,0.1389301560423296,21,0.03031704554171438
842,S~E,0.45010020256709327,0.10201967369799055,21,0.02226251795693986
842,S>E,0.4578570610976525,0.0867726370017671,21,0.018935341776739226
842,S>>E,0.5131460827829111,0.13344103333148583,21,0.029119220764507577
843,E>>S,0.5821531605797373,0.12574919447519706,21,0.027440723917253013
843,E>S,0.49872029027195325,0.14020319209622326,21,0.0305948447835894
843,S~E,0.4488487089611612,0.11765976933504148,21,0.025675466629946266
843,S>E,0.4514773422857403,0.09576351414589279,21,0.020897312018501337
843,S>>E,0.5152690194996012,0.07364016126830192,21,0.016069600628607086
844,E>>S,0.5664993907854807,0.12994518820667963,21,0.02835636481678059
844,E>S,0.4889723687774473,0.11251252916019949,21,0.024552246738454304
844,S~E,0.42807694228016624,0.10930911340124497,21,0.02385320410998652
844,S>E,0.45997896892351386,0.10347313440766316,21,0.022579689086545528
844,S>>E,0.4968755405817243,0.09398322133095223,21,0.02050882027642271
845,E>>S,0.5822519212304476,0.1279366598093341,21,0.02791806798743277
845,E>S,0.49349063634887214,0.12956708824361068,21,0.028273856640541377
845,S~E,0.44502078572201514,0.10393744399775044,21,0.02268100974571071
845,S>E,0.449281092388247,0.09988938670851165,21,0.02179765122449859
845,S>>E,0.5220402549593659,0.1295074534109492,21,0.028260843253173414
846,E>>S,0.5993781672958305,0.1402790119891362,21,0.030611390040658784
846,E>S,0.49533298627627775,0.11877338956705229,21,0.02591847848749978
846,S~E,0.4587457717008357,0.09518229732863724,21,0.020770480110870154
846,S>E,0.43872683355639386,0.10298833588000228,21,0.022473897374649852
846,S>>E,0.49447096410041896,0.09146718237449282,21,0.01995977556359257
847,E>>S,0.6091492822042257,0.11908396295222554,21,0.025986251156375737
847,E>S,0.49752841918168267,0.12824197555236969,21,0.027984693344733826
847,S~E,0.45758743436678095,0.10216770849104964,21,0.022294821797162738
847,S>E,0.4338259937668698,0.0899838305640011,21,0.019636081661029328
847,S>>E,0.5068837959373965,0.10169701726101166,21,0.022192108549991266
848,E>>S,0.5794048412829066,0.12994869462691752,21,0.02835712998040718
848,E>S,0.4872825902615926,0.13313558056880906,21,0.029052565507069496
848,S~E,0.44622091696275246,0.08475089156173302,21,0.01849416075222075
848,S>E,0.4529817463116056,0.08785658248457734,21,0.01917187807312891
848,S>>E,0.5061368383886181,0.08757737173295954,21,0.019110949291979668
849,E>>S,0.5741022736696718,0.12169284643651722,21,0.026555556206189393
849,E>S,0.5060380019810884,0.1254156709136711,21,0.02736794310931282
849,S~E,0.44307142089093854,0.09655673050671841,21,0.021070406019261377
849,S>E,0.43585467148342394,0.08566619143984532,21,0.018693895560555677
849,S>>E,0.4957677118236406,0.08878041394744242,21,0.019373474625888957
850,E>>S,0.6031221328902865,0.1305894243436153,21,0.02849694866739648
850,E>S,0.5064663342672907,0.13089197382255946,21,0.02856297037638367
850,S~E,0.4360941309721567,0.0882205344011302,21,0.01925129889250642
850,S>E,0.44593350622993727,0.1020944808836129,21,0.022278842223160865
850,S>>E,0.5178890543934843,0.08941774120082904,21,0.019512550834512886
851,E>>S,0.602122281645763,0.13859872118884753,21,0.030244720527236844
851,E>S,0.5058600253565964,0.1245093550849391,21,0.027170168781279442
851,S~E,0.45379919915357564,0.10025833599750673,21,0.021878162559947168
851,S>E,0.442074438728421,0.09272776900526823,21,0.02023485811862008
851,S>>E,0.5076718632911257,0.07474516931176964,21,0.016310733152546414
852,E>>S,0.5865624612198095,0.13751790496476893,21,0.030008867091085578
852,E>S,0.4972565826702766,0.12799973037938175,21,0.027931831114164547
852,S~E,0.4448868350595585,0.11169928753219802,21,0.02437478286613974
852,S>E,0.4679185556765041,0.10406883021136376,21,0.022709680568051505
852,S>>E,0.5121404829926205,0.10652280523423083,21,0.023245181820233378
853,E>>S,0.5876796992365572,0.15372531112491794,21,0.033545613069551124
853,E>S,0.4939196370876518,0.13863975597687866,21,0.030253675052107278
853,S~E,0.4280450652231453,0.08307878458097337,21,0.018129277094630504
853,S>E,0.44885868231488846,0.08064914756509028,21,0.017599086830985225
853,S>>E,0.5033550758320884,0.09606224852345115,21,0.020962501204113086
854,E>>S,0.5796775653604845,0.1532105244243301,21,0.0334332774018273
854,E>S,0.4979789887932346,0.1146947404539638,21,0.02502844428302871
854,S~E,0.4601466504955268,0.1017546916341363,21,0.022204694130015207
854,S>E,0.4562062655392718,0.09839288762599428,21,0.021471088351971555
854,S>>E,0.49395539348263295,0.10199345874338975,21,0.02225679738485424
855,E>>S,0.6116957721478917,0.1289795933588529,21,0.028145654746265094
855,E>S,0.4954920756137443,0.126246978817638,21,0.027549349366252984
855,S~E,0.43477045738981995,0.09392842631029638,21,0.020496863022619754
855,S>E,0.439893402635205,0.09616505260384157,21,0.020984934893643534
855,S>>E,0.501045236679642,0.07780847710801578,21,0.016979201716986712
856,E>>S,0.5909491235341877,0.1511557261294073,21,0.03298488365304873
856,E>S,0.5033554652740627,0.10801217896728336,21,0.023570189814033006
856,S~E,0.43940080136613713,0.09382691039006918,21,0.02047471043268241
856,S>E,0.45375032677077426,0.0805896392901922,21,0.01758610106078538
856,S>>E,0.4984666085790212,0.1367148405146931,21,0.029833624061066502
857,E>>S,0.581274491793008,0.13934953777872924,21,0.030408562139435012
857,E>S,0.4891917308930475,0.13899908939815792,21,0.030332088033190117
857,S~E,0.4450682938463511,0.08836274992491364,21,0.01928233286406525
857,S>E,0.4623825245618236,0.10918084313611123,21,0.023825213243349023
857,S>>E,0.5306081014919226,0.10684442318575826,21,0.023315364611077718
858,E>>S,0.5841504825824657,0.1271375078972358,21,0.027743678743196616
858,E>S,0.4906769476463741,0.12349897517238335,21,0.0269496858084247
858,S~E,0.46408916969514896,0.09828661325526442,21,0.021447897383004726
858,S>E,0.44451351568700415,0.09197804668785829,21,0.020071255296252043
858,S>>E,0.503232348601465,0.10548274990011944,21,0.0230182231394949
859,E>>S,0.5943815068331397,0.14004437212596843,21,0.03056018742475305
859,E>S,0.5075204493562882,0.12083484944004132,21,0.026368325911789604
859,S~E,0.4417622619701151,0.09003797278064085,21,0.019647896461317156
859,S>E,0.443735055257337,0.09066767181662004,21,0.019785308056432173
859,S>>E,0.5199039615893705,0.08600495111620589,21,0.018767818982428106
860,E>>S,0.5971668854104322,0.1447803401728465,21,0.03159366038016786
860,E>S,0.5009369570756987,0.10851433893665023,21,0.023679770103109215
860,S~E,0.4373187840241848,0.0896762997272873,21,0.019568972930659134
860,S>E,0.4315343030612017,0.10550355684177438,21,0.023022763586405107
860,S>>E,0.5018380068803472,0.08383944882413313,21,0.018295267640950786
861,E>>S,0.6019512158653922,0.11974771285669537,21,0.026131093260173485
861,E>S,0.5041830144197947,0.13781730413056256,21,0.03007420134538348
861,S~E,0.43847635629444365,0.10061063150318247,21,0.021955039741935353
861,S>E,0.439368362317785,0.09130917275425057,21,0.019925295037626318
861,S>>E,0.5087656452313404,0.09371879649221475,21,0.020451118045987426
862,E>>S,0.6062859390094025,0.12513510932827604,21,0.02730671955206665
862,E>S,0.49528757156408126,0.12903514140614447,21,0.02815777632395179
862,S~E,0.4227867388478492,0.10132401810002727,21,0.022110713460021456
862,S>E,0.449276342096175,0.09621333209490159,21,0.020995470342324317
862,S>>E,0.5199606326867947,0.09497025636135428,21,0.020724208978346068
863,E>>S,0.5926976459329639,0.12593136037226324,21,0.02748047577498374
863,E>S,0.5012494276701108,0.1284835290205079,21,0.028037404632930134
863,S~E,0.4505161683995557,0.09449184219443583,21,0.020619810448182112
863,S>E,0.4548125153783218,0.09923553223799728,21,0.021654968481421573
863,S>>E,0.5164656955626616,0.09021387442725266,21,0.01968628134752982
864,E>>S,0.57813358346035,0.1372179425754557,21,0.029943409931339496
864,E>S,0.5002265591257997,0.11775503415865242,21,0.025696255118768347
864,S~E,0.45699123697690053,0.10747340106013092,21,0.02345261883582844
864,S>E,0.4382115028778513,0.09908120296847017,21,0.02162129107382371
864,S>>E,0.5093805696593013,0.09590551033222496,21,0.020928298126704298
865,E>>S,0.585599854718384,0.12601027597829317,21,0.027497696572038287
865,E>S,0.4972401409838059,0.11051438004939078,21,0.024116214855116704
865,S~E,0.4438338262496072,0.09871929453879277,21,0.021542316179840884
865,S>E,0.4575356411920619,0.09882849311154912,21,0.021566145262004555
865,S>>E,0.5356334801481594,0.10668851350901783,21,0.023281342330352044
866,E>>S,0.6013347320306559,0.13675447594172513,21,0.029842273220332036
866,E>S,0.4879544720698951,0.1039649420557821,21,0.022687010313919967
866,S~E,0.4556998031186867,0.0953806270241574,21,0.02081375919859771
866,S>E,0.4507679516244395,0.1073235990015511,21,0.02341992934665214
866,S>>E,0.5054428945978986,0.09366354734798454,21,0.020439061694296167
867,E>>S,0.5630276802429665,0.12660674245907738,21,0.027627856229071504
867,E>S,0.4945897791633336,0.11178025280970416,21,0.024392450938179502
867,S~E,0.43819178765029865,0.09737828781855203,21,0.02124968452255766
867,S>E,0.4404389296237329,0.10609944215133145,21,0.02315279642147927
867,S>>E,0.5049491027183496,0.08545092434446679,21,0.018646920429164944
868,E>>S,0.5881759964400569,0.12803009566085738,21,0.02793845736182458
868,E>S,0.4940304833280099,0.1287953387750543,21,0.028105447099722257
868,S~E,0.4455113206961271,0.08293531539851813,21,0.01809796955232124
868,S>E,0.4276073560384609,0.09239144080982685,21,0.020161465289383982
868,S>>E,0.5216941272965727,0.08654847610386077,21,0.018886425858524698
869,E>>S,0.606146456478578,0.13844545690286167,21,0.030211275518100482
869,E>S,0.4974020261423447,0.12600102666971533,21,0.027495678207434288
869,S~E,0.4399515039505955,0.0786331691597848,21,0.017159164276618143
869,S>E,0.4390904760395071,0.07197536335349042,21,0.015706311939967642
869,S>>E,0.4963818650503809,0.07487656696342036,21,0.0163394064708716
870,E>>S,0.5794405102368961,0.1389187176439877,21,0.030314549478560524
870,E>S,0.4973113001720924,0.12677946968962742,21,0.02766554840090844
870,S~E,0.43247670814996536,0.07710642815914878,21,0.016826002076522562
870,S>E,0.4364671219484113,0.08845072200614879,21,0.019301529946032053
870,S>>E,0.5284555630162362,0.08443727587976609,21,0.018425724199757004
871,E>>S,0.6013968521142539,0.13624442012571072,21,0.029730969916258777
871,E>S,0.5037702822879894,0.14114128983746735,21,0.030799554493518837
871,S~E,0.4567507976330376,0.11602371315601022,21,0.025318449902250503
871,S>E,0.45842887390419773,0.09531899902222554,21,0.02080031086603668
871,S>>E,0.4953443350251553,0.0680305168262899,21,0.014845475853497162
872,E>>S,0.6048701996552831,0.13301155711331708,21,0.02902550137027226
872,E>S,0.5103744594727408,0.11689724726416813,21,0.025509070672381902
872,S~E,0.4161474344647618,0.10501652396810315,21,0.022916484300237
872,S>E,0.4509665382990523,0.08170204143065032,21,0.017828847108970154
872,S>>E,0.5096707431700744,0.0930660905540832,21,0.020308685933223856
873,E>>S,0.5944892358978093,0.13284441641438158,21,0.028989028279577986
873,E>S,0.48497844541532764,0.10739161476144662,21,0.02343477160227934
873,S~E,0.42801848973161183,0.10729963240573943,21,0.02341469940667798
873,S>E,0.44457575587870046,0.09705203567220962,21,0.021178490467497858
873,S>>E,0.5103631748389819,0.09111148445681502,21,0.01988215591443559
874,E>>S,0.5785573332222934,0.12812781737447568,21,0.02795978198800061
874,E>S,0.4969220029451681,0.12269303811087813,21,0.026773815923200033
874,S~E,0.4413807807321655,0.09413578919023519,21,0.02054211331279326
874,S>E,0.4570159521194534,0.10840370361366373,21,0.023655627496341525
874,S>>E,0.51466096996621,0.09784169367242102,21,0.02135080797031196
875,E>>S,0.5803479704665694,0.13558063413777224,21,0.029586119938402627
875,E>S,0.4975087737657049,0.11153395481849314,21,0.02433870431016807
875,S~E,0.4384407638884729,0.07595658389988248,21,0.0165750854881655
875,S>E,0.46165513560384724,0.09544567252495705,21,0.02082795329055155
875,S>>E,0.5155541943567769,0.09307502166374104,21,0.020310634861130855
876,E>>S,0.5669620863501954,0.14861615744269804,21,0.032430704332125644
876,E>S,0.4872133292683052,0.12461622890158823,21,0.02719349056007008
876,S~E,0.44205315857281874,0.10452609565010189,21,0.022809464067370777
876,S>E,0.4331461562160764,0.10241679021171551,21,0.022349175884742795
876,S>>E,0.5110018227350628,0.09846139972202216,21,0.0214860389170224
877,E>>S,0.5933330289907128,0.10962582170887031,21,0.023922315528696732
877,E>S,0.49355431819604173,0.12930392595790244,21,0.02821642992176444
877,S~E,0.4504384687642151,0.08748536604042055,21,0.01909087200386411
877,S>E,0.43743248765851195,0.08491324914248376,21,0.018529590080955994
877,S>>E,0.5067566066686746,0.10477414290084565,21,0.022863592415106916
878,E>>S,0.568847560401978,0.11622771039924455,21,0.02536296575028306
878,E>S,0.4998069476855073,0.12937111847884156,21,0.028231092531923414
878,S~E,0.4327666813712683,0.09278192756853695,21,0.020246676486034794
878,S>E,0.43651665751249813,0.09440191079912336,21,0.020600185808831044
878,S>>E,0.5265569058942654,0.10054556118313643,21,0.021940840233977923
879,E>>S,0.6107900485252122,0.11088342273275123,21,0.024196746570886652
879,E>S,0.4997947968614061,0.14077631146166233,21,0.030719909682368908
879,S~E,0.46060331220737427,0.102547377903449,21,0.022377672455323665
879,S>E,0.4350882684112328,0.0933692731582068,21,0.020374845801451963
879,S>>E,0.5014435046090329,0.09390776833540611,21,0.02049235508292265
880,E>>S,0.6159492330989926,0.13673715016841936,21,0.029838492426634545
880,E>S,0.496992009050678,0.11386815547883401,21,0.024848068653655117
880,S~E,0.44518865013548425,0.11459399862492271,21,0.025006460613636847
880,S>E,0.4434329394334435,0.09618557828223881,21,0.02098941396387904
880,S>>E,0.517379987324761,0.09847680813008713,21,0.02148940130732224
881,E>>S,0.5866488229431682,0.14611516448335815,21,0.03188494292504342
881,E>S,0.4952735676688781,0.11696340419033564,21,0.025523507297234675
881,S~E,0.4510364446467463,0.08730523765878852,21,0.019051564768452742
881,S>E,0.44587619915837495,0.09409607247020708,21,0.020533446413941635
881,S>>E,0.5019137252970849,0.09960047606110854,21,0.02173460575255557
882,E>>S,0.595420191248694,0.13944397996616645,21,0.03042917111432683
882,E>S,0.4911945537176493,0.12684537650762462,21,0.027679930447683958
882,S~E,0.45682545904151634,0.08946700238749769,21,0.01952330050673824
882,S>E,0.4548540510847077,0.10372416478988865,21,0.022634468406939907
882,S>>E,0.5434111549520152,0.09777332043991745,21,0.021335887707766416
883,E>>S,0.5887690464882027,0.13405717782022858,21,0.029253674514921554
883,E>S,0.5103777778641148,0.12656343996139677,21,0.027618406849385692
883,S~E,0.4341399842823647,0.09166993105238061,21,0.020004018952329384
883,S>E,0.44504925947647134,0.10347148731799308,21,0.022579329662112693
883,S>>E,0.5076583187499588,0.09203062820861238,21,0.0200827295247764
884,E>>S,0.5903270415832049,0.1319296484238697,21,0.028789409538633064
884,E>S,0.49955421231507513,0.1124481089176347,21,0.024538189089033324
884,S~E,0.46315252631296855,0.09974035541648696,21,0.02176512993037382
884,S>E,0.44081030639950597,0.10500618329361595,21,0.022914227780066784
884,S>>E,0.5175451072668736,0.09164889844743589,21,0.019999429261652178
885,E>>S,0.6012180720699741,0.13441961146440226,21,0.029332764020103676
885,E>S,0.4909360652364689,0.10744270385318634,21,0.023445920156092852
885,S~E,0.45486858673576414,0.10201229419924694,21,0.02226090761829303
885,S>E,0.4575832456862437,0.09191761480858777,21,0.020058067979054635
885,S>>E,0.5031718743107808,0.09206617918017015,21,0.020090487382785578
886,E>>S,0.586416435980829,0.13889519952261986,21,0.030309417403733323
886,E>S,0.4813459737803723,0.13472674426145645,21,0.02939978589109912
886,S~E,0.46134007803240107,0.09837436098217366,21,0.021467045506843863
886,S>E,0.4465336227256875,0.09389330705194732,21,0.02048919937215617
886,S>>E,0.5048644809156629,0.09217541055198977,21,0.02011432362229164
887,E>>S,0.5829131009808763,0.1377180921502763,21,0.03005255151635928
887,E>S,0.4889252319410277,0.13402604570747007,21,0.0292468809309568
887,S~E,0.4584367899590145,0.1038435059620935,21,0.022660510785756743
887,S>E,0.4417931067561695,0.09273578438747429,21,0.020236607218414523
887,S>>E,0.49666753519129647,0.07919437274527458,21,0.017281628939036595
888,E>>S,0.5768404784145262,0.13718578281776045,21,0.02993639209686474
888,E>S,0.4918767819041292,0.11967736061127582,21,0.026115741141604667
888,S~E,0.4310936312141154,0.10148600741076384,21,0.022146062425651175
888,S>E,0.4507222517137328,0.10300716137262234,21,0.022478005433932056
888,S>>E,0.5248076413442844,0.07489721572495552,21,0.016343912400049787
889,E>>S,0.5709648700222226,0.11648634562288902,21,0.02541940458312747
889,E>S,0.4915673494288681,0.12598297318486604,21,0.02749173861405907
889,S~E,0.4497757942164646,0.08499942873118006,21,0.01854839600898271
889,S>E,0.4503389468857274,0.09983234969226222,21,0.021785204727147286
889,S>>E,0.5346704209098367,0.09078698443890083,21,0.019811344205144812
890,E>>S,0.601287043347267,0.1441828177418749,21,0.03146327029591255
890,E>S,0.4811994643335592,0.1177876455203955,21,0.025703371501325647
890,S~E,0.44904674289501906,0.08950960082867977,21,0.019532596248700337
890,S>E,0.44568188014061827,0.08670803565638231,21,0.01892124460744295
890,S>>E,0.507370673687838,0.10398570499923969,21,0.022691541159636373
891,E>>S,0.5837740765382969,0.11529697853067174,21,0.025159863405547697
891,E>S,0.47489192758850035,0.10492768875721496,21,0.022897098867938306
891,S~E,0.45275191926839636,0.09246663318572802,21,0.02017787361101497
891,S>E,0.43356330531418114,0.08734416225270489,21,0.019060058811215464
891,S>>E,0.5279093324302773,0.09765994656921047,21,0.02131114750089285
892,E>>S,0.579324991014614,0.15661904172015575,21,0.03417707685495526
892,E>S,0.48696375532838104,0.1119789003217118,21,0.024435799379150438
892,S~E,0.439280642032545,0.10356121820238447,21,0.02259891054639359
892,S>E,0.4316664404430866,0.07897903789627578,21,0.01723463902259379
892,S>>E,0.5027897984268913,0.08498673197074694,21,0.01854562534870816
893,E>>S,0.6085749377369465,0.1430003763086834,21,0.03120524042103388
893,E>S,0.503471259796362,0.11596479837880533,21,0.02530559364386513
893,S~E,0.4476511850202023,0.0960771164469614,21,0.02096574565101368
893,S>E,0.436639767373435,0.09133491378231007,21,0.019930912190461968
893,S>>E,0.5122787252093253,0.11237611887016506,21,0.024522479572756512
894,E>>S,0.6004448186138748,0.1272304442629915,21,0.027763959120858023
894,E>S,0.48318719274172345,0.10335887859438728,21,0.022554756424025265
894,S~E,0.4538574405339249,0.09185032068427965,21,0.020043383197222837
894,S>E,0.44393393036736867,0.0948972572025147,21,0.02070827925591509
894,S>>E,0.5084131644379873,0.08707666823067356,21,0.01900168683007705
895,E>>S,0.5948356694479185,0.13369153079813495,21,0.02917388379318921
895,E>S,0.5010181459770064,0.12165683870103187,21,0.026547698674119605
895,S~E,0.4383825242029107,0.10308121599428943,21,0.022494165477234474
895,S>E,0.4523000525057978,0.08248718041453851,21,0.018000178481576267
895,S>>E,0.5179522477252659,0.08665593427107644,21,0.01890987515306313
896,E>>S,0.5789205110093161,0.1342391237462034,21,0.02929337837102481
896,E>S,0.4960777247228658,0.10977760413019365,21,0.02395543716845282
896,S~E,0.45453637200162395,0.09864439695413728,21,0.02152597218693359
896,S>E,0.4313826742185398,0.08063839026464584,21,0.017596739395577602
896,S>>E,0.5204071083916221,0.08308380422182532,21,0.01813037247006696
897,E>>S,0.5856879867514907,0.1468459381129928,21,0.03204441080474239
897,E>S,0.4988928110186636,0.11416805773465993,21,0.024913512691198462
897,S~E,0.4311238488607082,0.09150598045673962,21,0.01996824199924567
897,S>E,0.45251807411298806,0.09442925858502595,21,0.020606153584973336
897,S>>E,0.5188474041189794,0.06883917895755011,21,0.015021940397694507
898,E>>S,0.5936823991908002,0.1373447531702441,21,0.029971082271793795
898,E>S,0.4953457037674429,0.11209199449429322,21,0.02446047855088914
898,S~E,0.4475292852516387,0.10584888483055423,21,0.02309812033155608
898,S>E,0.4502162555682753,0.07477388144416373,21,0.01631699865350163
898,S>>E,0.511139285431486,0.068927971924216,21,0.015041316611548132
899,E>>S,0.5938085432397272,0.13969057393316536,21,0.030482982329550257
899,E>S,0.4882612339398777,0.13102982386936013,21,0.028593051722765446
899,S~E,0.43506529136200855,0.07864616008633818,21,0.01716199912920283
899,S>E,0.44771480084627086,0.09028427013534887,21,0.019701642950432245
899,S>>E,0.5115900328035007,0.07835564817674164,21,0.017098604233202242
900,E>>S,0.5817145055792471,0.143182255907109,21,0.031244929803279288
900,E>S,0.4947617602023912,0.1111619576509304,21,0.024257527873088765
900,S~E,0.4514400681740903,0.10267635077471088,21,0.02240581664318811
900,S>E,0.44444520120363795,0.09216750890194919,21,0.0201125993408904
900,S>>E,0.503900420326467,0.06938404368347638,21,0.015140839628650149
901,E>>S,0.5742609288557863,0.15389196867729366,21,0.033581980729022444
901,E>S,0.47529814268304565,0.12259814436430799,21,0.02675310841002691
901,S~E,0.43966508934131776,0.09031161502632608,21,0.019707610094850024
901,S>E,0.44471195121742974,0.09162575910642858,21,0.01999437984347611
901,S>>E,0.5125352428871377,0.0756809681109141,21,0.016514941192181092
902,E>>S,0.586110713619417,0.1472700201531797,21,0.032136953092838955
902,E>S,0.5013905343692595,0.10817782694775635,21,0.023606337166853675
902,S~E,0.4658080205434526,0.10203636103063715,21,0.022266159431463668
902,S>E,0.4553114842179582,0.09328113724476489,21,0.020355612968366646
902,S>>E,0.5053880607243458,0.09305872615384969,21,0.020307078889342047
903,E>>S,0.5847976625005938,0.12147030375223136,21,0.02650699341113708
903,E>S,0.5059173252007723,0.12981883804897135,21,0.028328792951934502
903,S~E,0.4553599824048871,0.08417352441811632,21,0.01836816891224913
903,S>E,0.4627913196772467,0.11395804251924412,21,0.024867683613972968
903,S>>E,0.5080882908163388,0.0924508262573685,21,0.020174424256457244
904,E>>S,0.5934247612973341,0.14349290824386482,21,0.03131271970080302
904,E>S,0.4780985045638649,0.12111837272375521,21,0.02643019576459443
904,S~E,0.4606549585768964,0.09211712641070025,21,0.02010160497994522
904,S>E,0.44726516347287015,0.09511684253001997,21,0.020756196702810068
904,S>>E,0.5080080491908208,0.07859819722181541,21,0.017151532774096995
905,E>>S,0.569325797652758,0.14149930215227483,21,0.03087767918553463
905,E>S,0.5002377802000411,0.12496007198100888,21,0.027268523271433504
905,S~E,0.4442520947820149,0.10084375003239258,21,0.022005910375554497
905,S>E,0.45383087421614027,0.08833009427912086,21,0.019275206817936055
905,S>>E,0.517298050966645,0.09385541784762257,21,0.0204809312699257
906,E>>S,0.5862326852720702,0.1448454585406684,21,0.031607870373009564
906,E>S,0.48026761971027715,0.13167313498168814,21,0.028733433716463034
906,S~E,0.4388411872214708,0.09374598660658337,21,0.020457051415380224
906,S>E,0.4532019490677279,0.09080493675886235,21,0.019815261722531657
906,S>>E,0.5020796638010564,0.08625687601011864,21,0.018822793501275675
907,E>>S,0.5833054882858576,0.14466142308047195,21,0.031567710543156886
907,E>S,0.49000452898437785,0.10817349367968565,21,0.02360539157023746
907,S~E,0.4526547006453907,0.10039281925585908,21,0.02190750921285688
907,S>E,0.4471696172240654,0.10977932681163527,21,0.023955813088362563
907,S>>E,0.5350757931357981,0.09913805774085183,21,0.02163369780230268
908,E>>S,0.5969694170267582,0.1664715486146143,21,0.03632707012299957
908,E>S,0.48596380262420585,0.1220627907888899,21,0.02663628468226888
908,S~E,0.4585261045155058,0.1014017669210957,21,0.022127679643723346
908,S>E,0.45018212246663836,0.09031856402998019,21,0.019709126491766666
908,S>>E,0.5132286737120214,0.08048601507857166,21,0.01756348840394818
909,E>>S,0.5821039340605559,0.13261651967877053,21,0.028939297134741273
909,E>S,0.4801479808506417,0.10210454139036655,21,0.02228103760571935
909,S~E,0.4438190889077668,0.09094160943010648,21,0.019845086144503466
909,S>E,0.4560200263961445,0.0833062231618814,21,0.018178908261914522
909,S>>E,0.4951829844872722,0.11734294043342626,21,0.025606328895470005
910,E>>S,0.5724685219856298,0.13185720113136543,21,0.028773600243309473
910,E>S,0.46978587096185653,0.11584746136353712,21,0.02527998860794671
910,S~E,0.43091770763604387,0.09506311734604969,21,0.020744472906511536
910,S>E,0.4387977446098332,0.09810296072107355,21,0.0214078211144571
910,S>>E,0.4963040250750471,0.10734968397711074,21,0.023425621554985624
911,E>>S,0.5939891107705998,0.13176182792444427,21,0.028752788103310098
911,E>S,0.4955187359366594,0.11168333695992506,21,0.02437130216591028
911,S~E,0.45130135483861555,0.0922377264222954,21,0.020127922060037953
911,S>E,0.4449723134736412,0.09981046206493165,21,0.021780428455288936
911,S>>E,0.515418504872784,0.07879350840321188,21,0.017194153168040835
912,E>>S,0.5958658378359457,0.1341946776029617,21,0.02928367942741748
912,E>S,0.4943147031652334,0.12314442429240123,21,0.026872316463413686
912,S~E,0.44646123043256136,0.12007401542245415,21,0.026202298317651956
912,S>E,0.4554931022620369,0.10632977353013431,21,0.02320305884901678
912,S>>E,0.5048945259912868,0.09435434352902355,21,0.02058980577950558
913,E>>S,0.5822218623534718,0.12651337427875162,21,0.027607481621745644
913,E>S,0.4888612677064681,0.1344627738134029,21,0.02934218281684023
913,S~E,0.42710399540960287,0.08239852126424142,21,0.01798083146884832
913,S>E,0.45346855008520076,0.10567854152889088,21,0.023060948375651272
913,S>>E,0.49754072124671617,0.0702538652303007,21,0.01533065025147996
914,E>>S,0.5936259711934186,0.13866195023460826,21,0.030258518236204384
914,E>S,0.49857268933836285,0.12022305888166614,21,0.02623482226687467
914,S~E,0.44859277444704493,0.09902648160745949,21,0.021609349893873114
914,S>E,0.44141424459615086,0.09084418869312269,21,0.019823827196813627
914,S>>E,0.523431289973106,0.08282475285754848,21,0.01807384282789171
915,E>>S,0.5910917925265207,0.13810606579723833,21,0.030137214307066496
915,E>S,0.4969527296058648,0.10236809109406322,21,0.02233854886603236
915,S~E,0.43334263469816026,0.09069037726555555,21,0.01979026279159574
915,S>E,0.4504409302956478,0.09308331159690748,21,0.020312443872856634
915,S>>E,0.5234026493848571,0.08079078058002565,21,0.017629993688692183
916,E>>S,0.5907394284599378,0.1256034942533694,21,0.027408929522238862
916,E>S,0.481818774004816,0.12479636781730306,21,0.027232800094206772
916,S~E,0.4605906822108315,0.10241500463619713,21,0.022348786240220315
916,S>E,0.46424367602534095,0.09367177345887658,21,0.020440856778859873
916,S>>E,0.5092783890220591,0.08408990591931807,21,0.018349921859856677
917,E>>S,0.5898850867817464,0.13636945961615646,21,0.029758255770060027
917,E>S,0.5001667219575258,0.12947759047806748,21,0.028254326626963703
917,S~E,0.4330286096490494,0.09298285905129076,21,0.02029052333028332
917,S>E,0.4401377415150301,0.09416971294499035,21,0.020549516082984817
917,S>>E,0.5151207381396447,0.10339663208674582,21,0.02256299491147679
918,E>>S,0.5940064741937602,0.14413441604182636,21,0.03145270817904412
918,E>S,0.499737230354092,0.12675502969042995,21,0.0276602151558462
918,S~E,0.4562163512394939,0.10642988623810198,21,0.023224905232935297
918,S>E,0.4436638645141383,0.08505233534170445,21,0.018559941177910877
918,S>>E,0.5117314832896815,0.1104784580176609,21,0.02410837602513962
919,E>>S,0.5909869272762335,0.15976395069649943,21,0.03486335225675721
919,E>S,0.4843191510771092,0.11601922822863439,21,0.025317471210860688
919,S~E,0.44721902890863163,0.08816005491472989,21,0.019238101186581587
919,S>E,0.4558792172374285,0.09495212176084024,21,0.02072025168408162
919,S>>E,0.49494262943070655,0.08442640751366952,21,0.018423352527837097
920,E>>S,0.596333172330974,0.12004256616971841,21,0.026195435528070465
920,E>S,0.4835281147096933,0.1031990351505265,21,0.022519875724937913
920,S~E,0.4430737933259359,0.08750623128443744,21,0.019095425173392733
920,S>E,0.44626992198999527,0.08879717667641084,21,0.019377132553239043
920,S>>E,0.5201260431227033,0.0951729152404847,21,0.0207684327713875
921,E>>S,0.5882780318706731,0.14881886304161518,21,0.03247493832026037
921,E>S,0.4864103728159901,0.11334509829011187,21,0.0247339282174594
921,S~E,0.43621754697094534,0.08307665378096096,21,0.01812881211594728
921,S>E,0.43256173495342204,0.0946712657315096,21,0.020658963873901027
921,S>>E,0.5235958381404814,0.10515551585338959,21,0.022946814816204128
922,E>>S,0.5974255174007949,0.11678505897265447,21,0.02548458918009861
922,E>S,0.49372315679602546,0.12167994336199218,21,0.026552740524488982
922,S~E,0.44932083785259147,0.10631873114367722,21,0.023200649202740942
922,S>E,0.4397422621698213,0.08901224400752002,21,0.019424064092492373
922,S>>E,0.5061769826499114,0.08873967959870024,21,0.019364585662246303
923,E>>S,0.5838831232523423,0.14652614881676937,21,0.03197462705920046
923,E>S,0.48908023171150106,0.11059462003787973,21,0.024133724656117322
923,S~E,0.43780261099779255,0.1026963606456099,21,0.02241018315499959
923,S>E,0.46530769820475043,0.09976525723836763,21,0.02177056395340765
923,S>>E,0.5334158348046569,0.09178225595061006,21,0.020028530254641984
924,E>>S,0.584943460152215,0.13960169615219992,21,0.030463587607699124
924,E>S,0.49611502011176756,0.11890573489835467,21,0.02594735860647917
924,S~E,0.44322783200449856,0.10233838517774047,21,0.02233206650364488
924,S>E,0.4359244706224194,0.09926957900216814,21,0.0216623980944683
924,S>>E,0.5117296488495062,0.10896339930094874,21,0.023777763108395043
925,E>>S,0.6042311998058238,0.1219769127229252,21,0.026617544551896515
925,E>S,0.48531471512133123,0.11070718909083789,21,0.024158289237359718
925,S~E,0.41681022103169546,0.09028298302692946,21,0.019701362080348457
925,S>E,0.44057588046825685,0.09124195768648112,21,0.0199106275073456
925,S>>E,0.5000445627206007,0.12209041242221154,21,0.0266423122168172
926,E>>S,0.5935203236940529,0.13474170511254682,21,0.029403050616460195
926,E>S,0.499536616292888,0.12350287903925854,21,0.026950537702017965
926,S~E,0.44559189475725475,0.10569504252007403,21,0.023064549187134062
926,S>E,0.46134289024056363,0.0985537307312999,21,0.021506187195070352
926,S>>E,0.4952400185914293,0.08610238254492165,21,0.01878908026324514
927,E>>S,0.6036368422967394,0.14246470791658272,21,0.031088347994643564
927,E>S,0.4951830160424076,0.11681848266702378,21,0.025491882828167774
927,S~E,0.4498598393391389,0.10281849018620279,21,0.022436834005683262
927,S>E,0.4313271035578085,0.09502077095733609,21,0.02073523216690734
927,S>>E,0.4951798934368709,0.09644113259164291,21,0.02104518048611792
928,E>>S,0.5736349321585181,0.13773481205429197,21,0.030056200098538526
928,E>S,0.480144050044112,0.1135989700407753,21,0.024789327575279692
928,S~E,0.4550913652489835,0.09008063495139643,21,0.019657206110212325
928,S>E,0.4543898163209039,0.11773564741654388,21,0.025692024584806874
928,S>>E,0.5044162575405755,0.10360495781205158,21,0.022608455311734894
929,E>>S,0.5870483008123591,0.12379068320378256,21,0.02701334171960153
929,E>S,0.4752887922360885,0.1222874190398031,21,0.02668530258527056
929,S~E,0.45584671068554855,0.09341070324143125,21,0.020383886586805504
929,S>E,0.44928065638805686,0.08608626976924617,21,0.018785564167331393
929,S>>E,0.4953714390456233,0.08812676235300704,21,0.019230836154001875
930,E>>S,0.6011996420929032,0.12015551059589756,21,0.026220082022465195
930,E>S,0.4878615285107119,0.11818373175579411,21,0.025789804603965846
930,S~E,0.4387916181259635,0.08551454093852802,21,0.018660802708104985
930,S>E,0.4351997192885794,0.09649193758353224,21,0.021056267044261466
930,S>>E,0.5173854897456495,0.10654261893594769,21,0.023249505524419796
931,E>>S,0.5833615029584875,0.13589252893008064,21,0.029654180961955757
931,E>S,0.48034816459757984,0.12365892953787437,21,0.026984590712596186
931,S~E,0.4474645487807733,0.11515051678777095,21,0.0251279028330116
931,S>E,0.46026858225833195,0.1032694925046163,21,0.022535250780099
931,S>>E,0.5295898030039654,0.07435757475707741,21,0.016226153086554517
932,E>>S,0.5830450751574696,0.12780610185547941,21,0.02788957790618907
932,E>S,0.4967577584004916,0.1178068770114903,21,0.025707568156738445
932,S~E,0.4467708935295514,0.09243318419854735,21,0.02017057444360187
932,S>E,0.44923871716918,0.09470486757303907,21,0.020666296396867637
932,S>>E,0.5157745333301966,0.09341991374118329,21,0.020385896482629413
933,E>>S,0.5762807869543307,0.12592116014764038,21,0.027478249903486608
933,E>S,0.4835318160643002,0.11569164134078504,21,0.025245985891325227
933,S~E,0.46782237031035256,0.12216468162833766,21,0.02665851908628754
933,S>E,0.4604301642262191,0.09704954539045929,21,0.021177947043468207
933,S>>E,0.5063799722081169,0.09075118236420207,21,0.019803531551937977
934,E>>S,0.597647549356377,0.1329875074442578,21,0.02902025330222927
934,E>S,0.49577705427858937,0.10330601161533572,21,0.022543219903393485
934,S~E,0.4419361987180367,0.12260728789634653,21,0.026755103692297666
934,S>E,0.44978188905949745,0.09897780682625618,21,0.02159872818581123
934,S>>E,0.5148256195418112,0.09518204209992245,21,0.020770424415398486
935,E>>S,0.6035328167100404,0.13251833152185472,21,0.028917870722292943
935,E>S,0.46281187386085015,0.12357312357453414,21,0.026965866316306413
935,S~E,0.4633375306552032,0.11325730717208365,21,0.024714770624901825
935,S>E,0.46131213913914443,0.09129803369677762,21,0.019922864296005354
935,S>>E,0.49399304114495834,0.09108186090042932,21,0.01987569152445981
936,E>>S,0.5881955002742795,0.15185652258393775,21,0.03313780997684123
936,E>S,0.48340069322508733,0.1288819349808424,21,0.028124343941051778
936,S~E,0.45029711873159317,0.1186174886356762,21,0.025884458115169064
936,S>E,0.44489441988062484,0.10265125980460249,21,0.022400341344627085
936,S>>E,0.5089538203280765,0.09628812936560771,21,0.02101179244493322
937,E>>S,0.6022434951421074,0.14008538590604971,21,0.03056913736531299
937,E>S,0.4756247596695722,0.10191127195079228,21,0.02223886275636836
937,S~E,0.4495206749445565,0.10458810980552012,21,0.02282299666553091
937,S>E,0.4561058088336868,0.11947681944183848,21,0.026071979470704592
937,S>>E,0.5184889904578501,0.11335115361624083,21,0.024735249597951953
938,E>>S,0.6068200038118056,0.1256438102760883,21,0.027417727199659292
938,E>S,0.49180461158204364,0.1164421819430263,21,0.02540976727808277
938,S~E,0.46530759370083385,0.0997991610668563,21,0.02177796237533137
938,S>E,0.44874474797498515,0.08572589277400582,21,0.018706923459740454
938,S>>E,0.5085198740116373,0.07969195371609629,21,0.017390210008710886
939,E>>S,0.599227888004571,0.14383636156731844,21,0.03138766736044161
939,E>S,0.4776181521739003,0.12569503584851133,21,0.027428905535999575
939,S~E,0.43835051117886725,0.09347559840051912,21,0.020398047871508188
939,S>E,0.4421029164415528,0.0893557620607128,21,0.01949902587731808
939,S>>E,0.5020468634507529,0.10137200528450885,21,0.02212118512217739
940,E>>S,0.5879166087132517,0.13413051349270955,21,0.029269677670649388
940,E>S,0.5001566808152228,0.11836440982997648,21,0.025829231792125828
940,S~E,0.4557174003679454,0.10985669208415336,21,0.02397269557490899
940,S>E,0.43887313797903654,0.10188727582487074,21,0.022233626372395923
940,S>>E,0.49936401223290733,0.07770646786397488,21,0.01695694147496754
941,E>>S,0.598130197346437,0.12170951301257528,21,0.02655919315125424
941,E>S,0.49210855689320887,0.12989163652640867,21,0.028344678882093268
941,S~E,0.4644872059047199,0.11244007506993925,21,0.02453643595973875
941,S>E,0.4521711649046592,0.10144929627169087,21,0.02213805139833451
941,S>>E,0.5201222636219514,0.08846014579923613,21,0.01930358638627759
942,E>>S,0.5789158557765055,0.12523076376026887,21,0.027327593060407846
942,E>S,0.48659535919644026,0.13300836310641612,21,0.029024804380824932
942,S~E,0.450603766386432,0.11878292900099523,21,0.025920560162648855
942,S>E,0.4501001948015661,0.103930734739951,21,0.02267954566562867
942,S>>E,0.5019289721770279,0.060959342730646175,21,0.013302419160854388
943,E>>S,0.6010866623134374,0.14477200291938105,21,0.031591841042306265
943,E>S,0.48663393394941745,0.12746890065074434,21,0.02781599457070675
943,S~E,0.44957145578215396,0.10042173358609381,21,0.021913818836998288
943,S>E,0.4495687976127507,0.12234836011400319,21,0.026698601017911217
943,S>>E,0.5050642054754519,0.10452635543884244,21,0.022809520757921645
944,E>>S,0.5899255107088754,0.147818229283007,21,0.03225658213255798
944,E>S,0.49055264623193445,0.1374740385585769,21,0.02999929465647412
944,S~E,0.44631532982446775,0.09481320864342936,21,0.020689938356674112
944,S>E,0.46928800712528473,0.10290926081897053,21,0.022456641781661225
944,S>>E,0.5102767256395364,0.0949247293855191,21,0.020714274177730488
945,E>>S,0.5767869927983618,0.1365032701434462,21,0.029787455621016562
945,E>S,0.4826355878860544,0.11829157725888229,21,0.025813338422121187
945,S~E,0.4417168459580329,0.09569802152141121,21,0.02088302035616095
945,S>E,0.45470808211359554,0.11129601775108046,21,0.024286782185308334
945,S>>E,0.4850815931586818,0.09436984493992476,21,0.020593188464688123
946,E>>S,0.5940571736865389,0.13291250417720696,21,0.02900388624753263
946,E>S,0.487357333782107,0.12165015842376306,21,0.026546240918107814
946,S~E,0.44713435338574314,0.09088105382184361,21,0.019831871827426385
946,S>E,0.45597855239391505,0.09013331679020742,21,0.019668702229931414
946,S>>E,0.47937497126648004,0.10698700043459922,21,0.02334647751751544
947,E>>S,0.5922731749487237,0.14613365951751972,21,0.031888978872378
947,E>S,0.4860073392412221,0.12413344019368538,21,0.027088137426801762
947,S~E,0.4396365067917169,0.08883445004041832,21,0.019385266268094753
947,S>E,0.4560162513351335,0.10489554071667263,21,0.02289008359035594
947,S>>E,0.5068322436896986,0.09414552510448582,21,0.020544237863460553
948,E>>S,0.586117133522925,0.11387201837403964,21,0.02484891160649709
948,E>S,0.48386260026839845,0.12884930550651047,21,0.028117223606003553
948,S~E,0.4648351429476123,0.10338844931753643,21,0.022561209284843627
948,S>E,0.4440323943887258,0.09559330323931355,21,0.02086016895357246
948,S>>E,0.4980830730221282,0.09619944715422353,21,0.0209924403998635
949,E>>S,0.5931441322359003,0.13714177926014826,21,0.02992678973335973
949,E>S,0.49639746707917903,0.11808105983246334,21,0.025767399753470133
949,S~E,0.46660369673088925,0.09729736795570137,21,0.021232026360808207
949,S>E,0.440204982047799,0.09134121175152372,21,0.01993228652001654
949,S>>E,0.4995435241587069,0.12065499388735018,21,0.026329078212534114
950,E>>S,0.5844437110602025,0.11316809188732009,21,0.024695302253683916
950,E>S,0.4949351126380937,0.11973105927517061,21,0.026127459150748277
950,S~E,0.4539212176172921,0.11744992491786153,21,0.025629674823951457
950,S>E,0.4585455505153518,0.11664421654956306,21,0.025453854843675877
950,S>>E,0.5113649435681017,0.11618538092709982,21,0.025353728702176833
951,E>>S,0.5814608116064258,0.13561398915308004,21,0.029593398599471882
951,E>S,0.48664653710646666,0.12568534907188786,21,0.027426791708041614
951,S~E,0.46279303077529443,0.10295275058983253,21,0.022466132027705574
951,S>E,0.45038595687147115,0.09235043128804807,21,0.02015251627806183
951,S>>E,0.5077313765634296,0.07459419362210688,21,0.016277787556071285
952,E>>S,0.5869510336857306,0.1447373203632048,21,0.031584272688069494
952,E>S,0.4972734859507116,0.12277966392500551,21,0.026792719225598886
952,S~E,0.45899726463177193,0.09970401151099244,21,0.02175719903999387
952,S>E,0.45115716691658897,0.10363847807167197,21,0.022615770032069417
952,S>>E,0.504949598058477,0.09483066073128814,21,0.02069374671446687
953,E>>S,0.5986276231934274,0.13086817699452527,21,0.02855777748277574
953,E>S,0.5001278654001794,0.12279706200792377,21,0.02679651579854746
953,S~E,0.45097231498484097,0.09446957381980405,21,0.02061495109045098
953,S>E,0.4509312391577384,0.08972605573591771,21,0.019579830581889026
953,S>>E,0.4909879742377106,0.10538169323813398,21,0.022996170767922142
954,E>>S,0.6002874728101287,0.13019060105729374,21,0.0284099182912784
954,E>S,0.5007369861018172,0.1092287858970003,21,0.023835675211482325
954,S~E,0.4451500648197652,0.09372101699184161,21,0.020451602598731272
954,S>E,0.4472029815638405,0.10026357737489616,21,0.02187930632226302
954,S>>E,0.5072819819894431,0.09460293229782309,21,0.020644052296169377
955,E>>S,0.5881797044925062,0.14500083300997088,21,0.03164177586189729
955,E>S,0.48499564663677847,0.13567077491606297,21,0.029605790268865458
955,S~E,0.4525685731602228,0.10612575417260209,21,0.023158538175248794
955,S>E,0.4456668572175051,0.10350657626856417,21,0.02258698669887691
955,S>>E,0.4901379662835168,0.1026175926151342,21,0.02239299456157114
956,E>>S,0.5922494827274836,0.13260188321962535,21,0.028936103197506086
956,E>S,0.48236788143676596,0.13804784408131815,21,0.030124509287052476
956,S~E,0.4701623215741577,0.09510664437095745,21,0.020753971282055157
956,S>E,0.4513656515690046,0.0999656083606982,21,0.021814284152629045
956,S>>E,0.5055279466814453,0.09895720701642359,21,0.0215942329387703
957,E>>S,0.5814316124675288,0.13891225976388236,21,0.03031314025358854
957,E>S,0.5073209766211313,0.11404924555875019,21,0.024887585748837093
957,S~E,0.4574554336750637,0.10384266113861135,21,0.022660326430158844
957,S>E,0.4489013033831745,0.08015579928378035,21,0.017491429409886218
957,S>>E,0.5005247946381598,0.11198362561811895,21,0.024436830523363148
958,E>>S,0.6227477267104253,0.15306706044997126,21,0.03340197099601784
958,E>S,0.4971741822033329,0.11740654865707277,21,0.025620209347835807
958,S~E,0.45506745278298844,0.10833426723333439,21,0.02364047523592043
958,S>E,0.45246244721926016,0.11423542118564371,21,0.024928212601351158
958,S>>E,0.522144159289139,0.0778206070890845,21,0.016981848695864134
959,E>>S,0.6013126619820587,0.14997750812052,21,0.032727775404911286
959,E>S,0.5000285992298474,0.11763089645556511,21,0.025669166051101894
959,S~E,0.46364769792811994,0.10316268781063384,21,0.022511944085110844
959,S>E,0.45594461301081257,0.10153311701360951,21,0.022156342583794012
959,S>>E,0.5052572433535474,0.10154600535200432,21,0.022159155049807176
960,E>>S,0.6069398602023321,0.1359964080378543,21,0.02967684924169372
960,E>S,0.4990184620514518,0.1206898948397778,21,0.026336694224740095
960,S~E,0.4553565141939977,0.10122088548723927,21,0.022088208078844335
960,S>E,0.45975734809879026,0.09651361234408777,21,0.021060996864781266
960,S>>E,0.48938141256172996,0.09405669439381763,21,0.020524853413190377
961,E>>S,0.5729943652795202,0.12837436153568574,21,0.028013582334709873
961,E>S,0.49498655897808985,0.1308676559860128,21,0.028557663789397354
961,S~E,0.4574274777984525,0.09249644447339367,21,0.020184378967314585
961,S>E,0.4591707220929178,0.11229658501140886,21,0.02450512386189641
961,S>>E,0.49261380116188747,0.091274225553551,21,0.019917668933220004
962,E>>S,0.601657106453408,0.12804903639778462,21,0.027942590569476358
962,E>S,0.4802031091446174,0.10625403007063154,21,0.02318653027108491
962,S~E,0.4660740257066361,0.10097053951149411,21,0.022033578108188154
962,S>E,0.4409585096061719,0.1137033868464127,21,0.024812113190311066
962,S>>E,0.5018922966815926,0.09337142044258796,21,0.020375314377319355
963,E>>S,0.5886787490697777,0.13398974825329787,21,0.02923896017708641
963,E>S,0.49113352233304525,0.11968207216017239,21,0.026116769285864618
963,S~E,0.463377698990542,0.10768127615783371,21,0.023497980901081742
963,S>E,0.4494754843931278,0.08423535451977394,21,0.018381661346585938
963,S>>E,0.5174783443901236,0.07936878298657123,21,0.0173196883739279
964,E>>S,0.5819840919166724,0.14616899134378905,21,0.03189668890896468
964,E>S,0.49665401599305037,0.10618215475745503,21,0.023170845791883478
964,S~E,0.4663548365817577,0.10175537406368287,21,0.022204843048351096
964,S>E,0.4462446262252205,0.10563924411751753,21,0.023052372977449644
964,S>>E,0.5120175124592505,0.08211464231351609,21,0.01791888400313863
965,E>>S,0.6043068279868676,0.1343491045035066,21,0.029317378139850074
965,E>S,0.48869947668001873,0.13117431585728578,21,0.028624582459526586
965,S~E,0.4482064213329988,0.1210062126636967,21,0.026405720432919718
965,S>E,0.4590737358412615,0.11777831191079169,21,0.025701334740729616
965,S>>E,0.5087981292628523,0.12727067362616845,21,0.02777273788761604
966,E>>S,0.5870170821081122,0.13636750530166067,21,0.029757829303673898
966,E>S,0.4901027024299835,0.13023025579478986,21,0.028418571664432665
966,S~E,0.4364972409519586,0.08819183605415132,21,0.019245036399775428
966,S>E,0.4676045817046769,0.11529238498382065,21,0.02515886101144515
966,S>>E,0.513507072448784,0.08362304002335559,21,0.018248043369016607
967,E>>S,0.5709873936352297,0.14473249399218785,21,0.031583219487568676
967,E>S,0.4786947738197107,0.11389767325310887,21,0.024854509960081837
967,S~E,0.46135804983823714,0.10238601802288098,21,0.02234246084261738
967,S>E,0.45003911552814085,0.09188219330811799,21,0.020050338373953126
967,S>>E,0.5086254307503056,0.10552919514957208,21,0.02302835832384194
968,E>>S,0.5931085090686237,0.13886536493364754,21,0.030302906962671725
968,E>S,0.47805181118510365,0.1089920067556645,21,0.023784005766808138
968,S~E,0.43756883612748854,0.0888378090499916,21,0.01938599926407712
968,S>E,0.4460041522323093,0.10446340357720901,21,0.022795783535489573
968,S>>E,0.4985342776789409,0.1125306249044601,21,0.024556195553589105
969,E>>S,0.5844044402344452,0.12478757698982083,21,0.02723088177838017
969,E>S,0.4926762775958003,0.11750200853150576,21,0.025641040400236764
969,S~E,0.45966441220743853,0.10830228112279368,21,0.02363349529436138
969,S>E,0.4516510083968588,0.11683561097956445,21,0.025495620532393702
969,S>>E,0.5146353679997594,0.08291187729553064,21,0.018092854938936174
970,E>>S,0.5822140775854778,0.1339499566254994,21,0.029230276932019173
970,E>S,0.4821922338270814,0.109291564334623,21,0.023849374589692662
970,S~E,0.4522849698630851,0.11171960419266534,21,0.024379216324923562
970,S>E,0.47465738685689385,0.09998288259075233,21,0.021818053698666906
970,S>>E,0.5110557375242822,0.10025131824118905,21,0.021876631159969333
971,E>>S,0.5798440190215569,0.13654070850183506,21,0.029795625340598077
971,E>S,0.47709736054620727,0.12751753537642602,21,0.02782660753793721
971,S~E,0.4519407119137015,0.106801211995204,21,0.023305935156240378
971,S>E,0.44957333778880487,0.09553460797888684,21,0.02084736059767529
971,S>>E,0.5068642968465799,0.09347805052829382,21,0.02039858296965777
972,E>>S,0.581572576154995,0.13763757474902552,21,0.03003498117893105
972,E>S,0.500483503286495,0.11994990314449347,21,0.026175214798202995
972,S~E,0.4587309095149766,0.09541017550092033,21,0.020820207204856604
972,S>E,0.4611286938792338,0.08881899971633828,21,0.019381894730970545
972,S>>E,0.4922614412855805,0.1204764313063318,21,0.026290112662829192
973,E>>S,0.5999779429768987,0.16368752250383878,21,0.035719545818744224
973,E>S,0.4883783708027797,0.12404769374328416,21,0.02706942601729998
973,S~E,0.47405944720362136,0.10599257424565309,21,0.0231294759325682
973,S>E,0.46100205602218414,0.09656422304225436,21,0.02107204102455855
973,S>>E,0.4947733492102501,0.11405230804991909,21,0.024888254039198834
974,E>>S,0.5825713372922585,0.13578994247799456,21,0.029631794762814738
974,E>S,0.501170040017391,0.11827484234851793,21,0.02580968656528819
974,S~E,0.4532434130178619,0.094273293991027,21,0.02057211932031937
974,S>E,0.4449505099059544,0.10826125014761294,21,0.023624541601523115
974,S>>E,0.49368666955262774,0.11581329384180136,21,0.025272532643438945
975,E>>S,0.5680037304367056,0.14730100095739532,21,0.0321437136585727
975,E>S,0.4850351985504795,0.1252364847382046,21,0.027328841480143064
975,S~E,0.45369126458685444,0.09045122570608234,21,0.01973807564284085
975,S>E,0.46092213989001574,0.0977968683668692,21,0.02134102628670526
975,S>>E,0.5272161536057579,0.1072587776100836,21,0.02340578415936394
976,E>>S,0.6076142064663703,0.14884980174684218,21,0.03248168969924163
976,E>S,0.49680655497375026,0.13147535657592688,21,0.02869027493002357
976,S~E,0.44844495894195285,0.09546887617419779,21,0.02083301674193464
976,S>E,0.45814331731358704,0.0904120199201114,21,0.01972952023894123
976,S>>E,0.4892290487217903,0.10118725180859353,21,0.022080868608449385
977,E>>S,0.5840136240858281,0.14182158942850048,21,0.030948008035002497
977,E>S,0.48926153360124036,0.13417021728463546,21,0.02927834174835783
977,S~E,0.46765191383614413,0.09753876858441286,21,0.021284704296707268
977,S>E,0.44203340111224854,0.09217301196388353,21,0.02011380020745555
977,S>>E,0.4707239410059185,0.0954379101716265,21,0.020826259406184496
978,E>>S,0.6015635441776339,0.1516022780860499,21,0.03308232927890803
978,E>S,0.4914498529774639,0.13274838903113367,21,0.028968073386600745
978,S~E,0.4479440685260869,0.10555313511476049,21,0.023033582452537678
978,S>E,0.44936903747052515,0.0968977487697514,21,0.021144822305152376
978,S>>E,0.5115514938646756,0.08967974476005941,21,0.019569724698442457
979,E>>S,0.6074389723978543,0.12967776478459273,21,0.028298008241813093
979,E>S,0.47637625226152736,0.12211195128983997,21,0.026647012383069147
979,S~E,0.46296985533628493,0.0935006970202676,21,0.020403524839357538
979,S>E,0.456126859290962,0.10740915660638926,21,0.02343859954667357
979,S>>E,0.4988773213370258,0.11830179965941715,21,0.025815569132799053
980,E>>S,0.6058983283099385,0.14240288945389717,21,0.031074858100138693
980,E>S,0.49260726039981995,0.1229600017677988,21,0.026832072169182947
980,S~E,0.4580752972207061,0.09873817213870649,21,0.021546435609866774
980,S>E,0.4556463121081378,0.10192040046725605,21,0.022240854761972066
980,S>>E,0.4882850556796928,0.09818505128740837,21,0.021425734744650964
981,E>>S,0.5920106123096365,0.16291722325371885,21,0.03555145274153269
981,E>S,0.4983223199069928,0.1314398310206862,21,0.028682522618309492
981,S~E,0.45130218764498586,0.08627784612803552,21,0.018827369556165496
981,S>E,0.45411496754781117,0.09606847381938198,21,0.020963859675057206
981,S>>E,0.5050920123675885,0.13438184827640187,21,0.029324523416889646
982,E>>S,0.5778968099633379,0.13719529028963423,21,0.029938466797318514
982,E>S,0.48027339288855975,0.11299201348099173,21,0.024656878795338826
982,S~E,0.4466029617221891,0.09516789081883731,21,0.020767336352695946
982,S>E,0.4522707149590582,0.08733637781610287,21,0.019058360107883497
982,S>>E,0.4836612664621186,0.10600200542225272,21,0.023131533984028212
983,E>>S,0.5860045089612288,0.13665045036985998,21,0.029819572979509032
983,E>S,0.48747239615635457,0.13169492478341158,21,0.02873818864102378
983,S~E,0.4531057703314409,0.08428801959048746,21,0.01839315380720617
983,S>E,0.44672638670574216,0.08255610832631821,21,0.018015219785063204
983,S>>E,0.4983828835890569,0.08789827361080635,21,0.019180975822736167
984,E>>S,0.5838927428193885,0.15256869304571188,21,0.03329321831249797
984,E>S,0.4887973296848264,0.12713521369363803,21,0.02774317810692774
984,S~E,0.4547553127113968,0.08923235803072041,21,0.019472096910246522
984,S>E,0.4668535983938658,0.10165435989591755,21,0.022182799949777402
984,S>>E,0.523924868317323,0.07723834661213114,21,0.01685478904301557
985,E>>S,0.5929504028273239,0.12638677962418984,21,0.02757985640331202
985,E>S,0.4867996577320058,0.12944048927798074,21,0.02824623048135555
985,S~E,0.4631508040305397,0.1083165891129471,21,0.02363661755378618
985,S>E,0.4431944104929876,0.10057637595795245,21,0.02194756456912637
985,S>>E,0.5052502712980329,0.10155800930113999,21,0.02216177452626206
986,E>>S,0.5937812674542265,0.1295869358838991,21,0.02827818775073128
986,E>S,0.4998080138012079,0.1258986599475657,21,0.027473339957296422
986,S~E,0.46055028341460597,0.1000422779903011,21,0.021831014837446164
986,S>E,0.45913974426068715,0.1096514371525105,21,0.023927905276765353
986,S>>E,0.5144317647812029,0.09533190900672864,21,0.020803128055617924
987,E>>S,0.5852595229909883,0.1663391224445918,21,0.03629817236356524
987,E>S,0.47621370630160936,0.14537666449488515,21,0.03172378901561954
987,S~E,0.4476289678924173,0.09364863142954268,21,0.02043580677404285
987,S>E,0.45390351370431936,0.09669964548630468,21,0.021101592624589813
987,S>>E,0.5264525137830764,0.07678730232015268,21,0.01675636310921704
988,E>>S,0.5947186194369569,0.15530588860581995,21,0.03389052335278808
988,E>S,0.46976922023064677,0.13608459044152013,21,0.02969609221977762
988,S~E,0.4532011383084996,0.09336638281675526,21,0.020374215077238345
988,S>E,0.45605883366526967,0.09237844883910452,21,0.02015863020894295
988,S>>E,0.5140708681598978,0.08086562927262396,21,0.017646327012477907
989,E>>S,0.5947655313282739,0.1229829542792196,21,0.026837080817800812
989,E>S,0.505185066448058,0.12979432423558054,21,0.02832344359929472
989,S~E,0.4494101609601963,0.08902672345024923,21,0.019427223765936537
989,S>E,0.46079199287181194,0.1093735772360505,21,0.023867271272014302
989,S>>E,0.4951192879588716,0.10165942088698243,21,0.022183904348570083
990,E>>S,0.6030750411153116,0.1569298568341052,21,0.03424490227337477
990,E>S,0.4961937734728454,0.1400538146988067,21,0.03056224796307622
990,S~E,0.45217126697961746,0.09808453697722001,21,0.021403800723943135
990,S>E,0.4497044786432526,0.09999151661233364,21,0.021819937796640633
990,S>>E,0.5089018005829116,0.09134765100153494,21,0.019933691679568693
991,E>>S,0.5941894499037662,0.1421872851367625,21,0.03102780938092779
991,E>S,0.5141737106678459,0.1313179789468639,21,0.028655932315839103
991,S~E,0.4538372112503687,0.11377067358166003,21,0.024826796359717608
991,S>E,0.46390654659913805,0.07959875724426975,21,0.01736987287125146
991,S>>E,0.5163881702994901,0.09073823320062857,21,0.019800705812782645
992,E>>S,0.5918066123645392,0.14872851350486532,21,0.03245522243496701
992,E>S,0.47976141203874206,0.12689108551702102,21,0.027689904971279218
992,S~E,0.4561304985906303,0.09727919137769975,21,0.02122805990630498
992,S>E,0.4430174032479536,0.09389026299513492,21,0.02048853510450081
992,S>>E,0.5125092139026949,0.08164027648745442,21,0.0178153688933754
993,E>>S,0.5996743590413316,0.1405844860263643,21,0.03067804994058457
993,E>S,0.4890471753009854,0.11440079067029131,21,0.024964299181400373
993,S~E,0.45862136993195257,0.0850096956275619,21,0.018550636429450425
993,S>E,0.4533540811667292,0.10102572528219347,21,0.022045620630641218
993,S>>E,0.509676491050596,0.1075111881853909,21,0.023460864662580756
994,E>>S,0.6023179972547591,0.1515785948233067,21,0.03307716116727831
994,E>S,0.5014235321045737,0.120914630126317,21,0.02638573548483026
994,S~E,0.47619667423703227,0.09309128052632319,21,0.02031418283582117
994,S>E,0.43796407824437733,0.10170537826376064,21,0.022193933070371406
994,S>>E,0.4970291975090816,0.11057531769615311,21,0.024129512539829128
995,E>>S,0.5863837954071767,0.1476305849585261,21,0.032215634783955
995,E>S,0.49224033968942454,0.11889028600948388,21,0.025943987382543297
995,S~E,0.44797635392537977,0.10401007572024501,21,0.022696859286957683
995,S>E,0.45242396622361725,0.11327004579986724,21,0.02471755042138126
995,S>>E,0.49995854378379206,0.09370281992077131,21,0.020447631672273835
996,E>>S,0.5971825635929827,0.137743583164344,21,0.030058114111669112
996,E>S,0.49644128213305305,0.11786287183948953,21,0.025719787229968562
996,S~E,0.46339022489835824,0.10113071271542065,21,0.022068530766821342
996,S>E,0.45628900301489655,0.08573559620312209,21,0.01870904092157026
996,S>>E,0.5257263929197233,0.08930347976493999,21,0.019487616945037842
997,E>>S,0.5937247065036446,0.1314619396199257,21,0.028687347110191604
997,E>S,0.49726144379886045,0.11203696234206766,21,0.024448469550735333
997,S~E,0.44722623386893867,0.09148926044602737,21,0.01996459339378332
997,S>E,0.44509642002233063,0.08786160905707273,21,0.019172974961173973
997,S>>E,0.49180475178802296,0.0946863360035942,21,0.020662252476880614
998,E>>S,0.5841802636407779,0.14165389469420353,21,0.03091141404388053
998,E>S,0.48080928862745576,0.13900229839515266,21,0.030332788293744084
998,S~E,0.45335137233951606,0.08978881178221548,21,0.01959352507391168
998,S>E,0.454699464045707,0.11699033324789822,21,0.025529383699362026
998,S>>E,0.5167979919796584,0.08851392352731484,21,0.019315321648640613
999,E>>S,0.5822498024441608,0.12106932397777152,21,0.02641949245072715
999,E>S,0.4991085008248096,0.11725517307816344,21,0.02558717648837296
999,S~E,0.456097267336156,0.08566565600013316,21,0.01869377871803134
999,S>E,0.4799888746715076,0.11879731776463501,21,0.02592370004829343
999,S>>E,0.5183002465467034,0.07853327199240585,21,0.017137364927512156
1000,E>>S,0.5970114099112083,0.14169343562181566,21,0.030920042581682024
1000,E>S,0.4845826047466317,0.12420771981539973,21,0.027104346569139796
1000,S~E,0.46369141595600444,0.09000367756945396,21,0.019640412632686753
1000,S>E,0.4612438176186407,0.106647105060889,21,0.023272306266163424
1000,S>>E,0.5080420746996511,0.07081643727748474,21,0.015453413536722204
1001,E>>S,0.5908151733939477,0.1511137519283257,21,0.03297572413144436
1001,E>S,0.4898380715702171,0.12627244950748612,21,0.027554907526454498
1001,S~E,0.4661420575410471,0.11314268894717242,21,0.0246897588776791
1001,S>E,0.44539399522782946,0.0872637427312888,21,0.019042509832918258
1001,S>>E,0.505218538989655,0.1136156431832164,21,0.024792965953246794
1002,E>>S,0.6051731865702799,0.1659966264951154,21,0.03622343362005612
1002,E>S,0.484713034845064,0.14151280894982227,21,0.030880626610399278
1002,S~E,0.4497956195694635,0.09729404126055977,21,0.021231300416412947
1002,S>E,0.43984834980655324,0.08876993967989578,21,0.019371188953323164
1002,S>>E,0.49266953445357975,0.11009282021141605,21,0.02402422295666563
1003,E>>S,0.5881392073962329,0.13426111337365654,21,0.02929817690113471
1003,E>S,0.49296529985472853,0.14492837006022372,21,0.03162596314988318
1003,S~E,0.47204946023966493,0.10767753159277477,21,0.023497163769994726
1003,S>E,0.4471514846491541,0.09950523151006999,21,0.021713821687571463
1003,S>>E,0.5194197976300982,0.10050012031720941,21,0.02193092422408483
1004,E>>S,0.6028059807219049,0.1344529512002935,21,0.029340039346930885
1004,E>S,0.5056479516525666,0.13547093803043272,21,0.029562182285291897
1004,S~E,0.4481272086093105,0.08994642387494355,21,0.019627918852262477
1004,S>E,0.45992799151731767,0.08577199642671612,21,0.01871698410156707
1004,S>>E,0.49735351195472655,0.0776109031171709,21,0.01693608753753904
1005,E>>S,0.5825216618317196,0.14803346216503815,21,0.03230354979798423
1005,E>S,0.513329079507352,0.1371517964533134,21,0.029928975664118316
1005,S~E,0.45200748178187605,0.09008621429626364,21,0.019658423623078146
1005,S>E,0.45881995637348444,0.08787144502973565,21,0.019175121346376892
1005,S>>E,0.49704870958160036,0.09292849436506398,21,0.020278659983151568
1006,E>>S,0.5895028135126372,0.13669466643331823,21,0.029829221715591433
1006,E>S,0.5000586241574868,0.13213522208961026,21,0.02883426939025905
1006,S~E,0.464216515004903,0.10386119115453207,21,0.022664370011139103
1006,S>E,0.46750525928365944,0.08611836325112857,21,0.018792567539238095
1006,S>>E,0.49951166455431,0.09938741628360341,21,0.021688112297414252
1007,E>>S,0.6074223102426504,0.12383095574142688,21,0.027022129907800722
1007,E>S,0.4808169117765119,0.11353305964727663,21,0.024774944748265786
1007,S~E,0.44942175062162887,0.08262815409585507,21,0.018030941460891965
1007,S>E,0.43827061403133816,0.08703974857281324,21,0.018993630300230536
1007,S>>E,0.49739260754690795,0.09957376047193929,21,0.021728775933050646
1008,E>>S,0.5846793385054608,0.13444385289432167,21,0.029338053933796994
1008,E>S,0.49628883543264923,0.13098754392422607,21,0.028583825482338995
1008,S~E,0.4538711784951711,0.10986353735163892,21,0.023974189334737793
1008,S>E,0.44347767049291403,0.09331972411342791,21,0.020364033313437103
1008,S>>E,0.4891867514987974,0.08923851321709846,21,0.019473440082031945
1009,E>>S,0.601007720843719,0.1335965651103882,21,0.0291531605811643
1009,E>S,0.5073158017673804,0.13377674260076242,21,0.02919247853298178
1009,S~E,0.46343436377763,0.10795079940588734,21,0.023556795695641557
1009,S>E,0.454957259701449,0.09877499205838434,21,0.021554470375057536
1009,S>>E,0.5056613114912286,0.09187606282438715,21,0.020049000592727257
1010,E>>S,0.586360651595176,0.13879772595662962,21,0.030288146927809154
1010,E>S,0.49914024424919434,0.12238334950169355,21,0.026706236328273656
1010,S~E,0.4520785722859777,0.09056082815988288,21,0.01976199285907389
1010,S>E,0.4570965254770177,0.09625949777509793,21,0.021005544519658075
1010,S>>E,0.5071127968958438,0.09707664454197026,21,0.02118386056313812
1011,E>>S,0.5986565436384039,0.12276957459060289,21,0.026790517552331663
1011,E>S,0.49962721473732474,0.12337116656023374,21,0.02692179568272742
1011,S~E,0.4671890186597511,0.08874383099105246,21,0.019365491570326944
1011,S>E,0.44829932632385383,0.09139777714580039,21,0.01994463010101596
1011,S>>E,0.5152029443816725,0.11332664177738658,21,0.024729900676191373
1012,E>>S,0.6068817088213875,0.12952214491235076,21,0.028264049201613656
1012,E>S,0.5016226623053095,0.14137791899799185,21,0.03085119120969681
1012,S~E,0.46022402999794676,0.09386399056091209,21,0.02048280198933334
1012,S>E,0.4587600828285892,0.08865113228221354,21,0.019345263053656515
1012,S>>E,0.5187622305283336,0.07108549211995525,21,0.015512126116803897
1013,E>>S,0.5614995381902379,0.143586827208763,21,0.031333214499176254
1013,E>S,0.4833294271934799,0.13975524351677368,21,0.030497094389647705
1013,S~E,0.45993688947424644,0.10365115113269978,21,0.022618535520709738
1013,S>E,0.46970392417686,0.0878024453835651,21,0.019160064389162526
1013,S>>E,0.5141009524286216,0.09536391562998804,21,0.02081011247341917
1014,E>>S,0.612992673761838,0.1407498873130081,21,0.030714143460398302
1014,E>S,0.4899410702773582,0.130643050803737,21,0.02850865092038506
1014,S~E,0.46126293000400487,0.11286021303369348,21,0.024628117579797243
1014,S>E,0.43975528963890004,0.08464848156951763,21,0.01847181305978042
1014,S>>E,0.5070392839734815,0.08747196920221664,21,0.019087948574095417
1015,E>>S,0.6003182026500632,0.1482874640419037,21,0.03235897755166981
1015,E>S,0.48062402194429504,0.13268207403812018,21,0.028953602268734325
1015,S~E,0.45316447727293535,0.11225154883390949,21,0.0244952961622582
1015,S>E,0.46514087319885467,0.10172859261059673,21,0.022198998856161185
1015,S>>E,0.5214303563392102,0.09606538807063358,21,0.020963186309475534
1016,E>>S,0.592098580196486,0.14094173401325058,21,0.03075600784257395
1016,E>S,0.4904817248456491,0.1314648806777088,21,0.0286879889016161
1016,S~E,0.462413393339661,0.08520041099658533,21,0.0185922539349143
1016,S>E,0.46232111056566855,0.10295365225361608,21,0.022466328786874126
1016,S>>E,0.5061212129663467,0.10843725162512897,21,0.023662948272625082
1017,E>>S,0.6075303225502596,0.13969025105710106,21,0.0304829118722167
1017,E>S,0.49261951196504905,0.12163895978705672,21,0.026543797175232236
1017,S~E,0.4582313355318495,0.10073223649680836,21,0.021981576127086552
1017,S>E,0.45396128817016146,0.09971383739795737,21,0.021759343224317055
1017,S>>E,0.5275543163220049,0.07595778975553075,21,0.016575348627440995
1018,E>>S,0.6022868335040306,0.13884602630871798,21,0.03029868692873953
1018,E>S,0.49136505842917433,0.1391564562710677,21,0.030366428300189527
1018,S~E,0.4609876969626132,0.10618524454503511,21,0.02317152003881048
1018,S>E,0.4479654326237731,0.09085851812941052,21,0.01982695413616863
1018,S>>E,0.49811387370845706,0.08709292770509806,21,0.01900523493828231
1019,E>>S,0.6145805657348247,0.1497636836825458,21,0.032681115087175666
1019,E>S,0.4982320621371232,0.13332705902809808,21,0.029094349532481183
1019,S~E,0.455860408427433,0.10931649620556255,21,0.023854815169968728
1019,S>E,0.4591785938131323,0.09104286095057344,21,0.01986718103768295
1019,S>>E,0.49341775840113394,0.08204452646782406,21,0.017903583471219602
1020,E>>S,0.5703106104163685,0.1401030790222267,21,0.030572998319796835
1020,E>S,0.4922605282562242,0.12247884522516375,21,0.026727075203575885
1020,S~E,0.46510896755337167,0.10816586844347402,21,0.023603727607278805
1020,S>E,0.46368985607569274,0.11286785145362929,21,0.024629784419680372
1020,S>>E,0.5242868670443559,0.08126459570124385,21,0.01773338862480633
1021,E>>S,0.5976631758571112,0.14396220040406424,21,0.03141512764590603
1021,E>S,0.49943985847445244,0.13169001686639042,21,0.028737117645725972
1021,S~E,0.45654180267564387,0.09663492435147221,21,0.02108746931509299
1021,S>E,0.4505568825086862,0.10386722302571122,21,0.022665686273341992
1021,S>>E,0.4941742915808469,0.08736317859338669,21,0.019064208516959055
1022,E>>S,0.5933717169233741,0.13530104503735463,21,0.029525108594776514
1022,E>S,0.484234117658887,0.1376537058311022,21,0.030038501269629047
1022,S~E,0.4590903869367933,0.10202187627469099,21,0.022262998598580514
1022,S>E,0.45723948480115906,0.09402400014357655,21,0.02051771894287992
1022,S>>E,0.503947003511089,0.08984569513159658,21,0.01960593803840318
1023,E>>S,0.5711642895179516,0.11834126569416155,21,0.025824181327636957
1023,E>S,0.4866394125711467,0.14415756239404362,21,0.031457759127191634
1023,S~E,0.46741936265510664,0.12250897816838777,21,0.02673365075087283
1023,S>E,0.4582472806208485,0.10426550228094292,21,0.022752597932143417
1023,S>>E,0.5264574927259037,0.1046869387155099,21,0.0228445629017632
1024,E>>S,0.6067245948014156,0.1324910433773058,21,0.028911915960961022
1024,E>S,0.5046561292580817,0.12717720879199132,21,0.02775234218869065
1024,S~E,0.44908308856591395,0.09346815320474723,21,0.020396423196594453
1024,S>E,0.42665794634460646,0.10493794362914578,21,0.02289933666445569
1024,S>>E,0.5143485784589246,0.0958148375265148,21,0.020908511698340453
1025,E>>S,0.5961409749060451,0.13221938591840882,21,0.028852635443413654
1025,E>S,0.5013260922121259,0.13418185507664,21,0.029280881322776064
1025,S~E,0.45545021477498426,0.1061198032112805,21,0.023157239569024324
1025,S>E,0.45015902248360606,0.11240059763666385,21,0.024527821277537457
1025,S>>E,0.4999758222095197,0.10805797994856801,21,0.023580184407539683
1026,E>>S,0.5951623653221809,0.13188746895887618,21,0.028780205224770896
1026,E>S,0.5013313127389962,0.12750223856417928,21,0.027823269499841388
1026,S~E,0.4557693301304834,0.10020485386266856,21,0.021866491801317466
1026,S>E,0.4417885896356132,0.09757521942999337,21,0.021292658523327165
1026,S>>E,0.5167767952815312,0.08318813130015723,21,0.018153138504995035
1027,E>>S,0.5983681181498787,0.13728462727230722,21,0.029957961725197466
1027,E>S,0.5171959382642254,0.14185845473857403,21,0.03095605270518964
1027,S~E,0.4509107307570995,0.10956670104586412,21,0.02390941434234617
1027,S>E,0.4411257044183178,0.09092461893655467,21,0.019841378514846523
1027,S>>E,0.5130122080003486,0.07719472028674136,21,0.016845268998330262
1028,E>>S,0.5838646288374192,0.1645310603177338,21,0.03590362086082668
1028,E>S,0.5010477757865821,0.14354386713605966,21,0.03132383984274654
1028,S~E,0.4505639684639802,0.10344153707877032,21,0.02257279398409744
1028,S>E,0.44974666316566136,0.0979080337099854,21,0.021365284553347436
1028,S>>E,0.5170393003156031,0.0979904170555651,21,0.021383262073210424
1029,E>>S,0.5931089223467979,0.13644957694340526,21,0.029775738804183608
1029,E>S,0.508728020502957,0.12825444439374933,21,0.027987414268993382
1029,S~E,0.4549552244707953,0.10312575494346764,21,0.02250388467275747
1029,S>E,0.43983986049221596,0.09245858438874537,21,0.020176117219518477
1029,S>>E,0.5121383181994098,0.09809046876709818,21,0.02140509514661567
1030,E>>S,0.6207094607848724,0.1510670959871411,21,0.03296554297039209
1030,E>S,0.4873477617664462,0.13672623636641892,21,0.029836110839787554
1030,S~E,0.4393089509012504,0.09427321282224918,21,0.020572101607839923
1030,S>E,0.45033775122038733,0.0929176314355125,21,0.020276289497583064
1030,S>>E,0.5166504416182517,0.09179320473760466,21,0.02003091947584059
1031,E>>S,0.587164120265704,0.1160129069467133,21,0.02531609179405628
1031,E>S,0.49435553628506074,0.13643657273048326,21,0.029772901052275588
1031,S~E,0.4567371369188369,0.10099281199940821,21,0.022038438363511076
1031,S>E,0.4507908750488164,0.0992445052351559,21,0.021656926549930622
1031,S>>E,0.5276103412595329,0.09791244454090485,21,0.02136624707556487
1032,E>>S,0.5996231267189646,0.13226069082402386,21,0.028861648912773364
1032,E>S,0.4942688369014599,0.13167081306884026,21,0.028732927033540058
1032,S~E,0.45507213742933605,0.09678961383953802,21,0.0211212253288204
1032,S>E,0.4395794438241382,0.09472896296004174,21,0.02067155444138378
1032,S>>E,0.5065307839297171,0.10010469833148981,21,0.021844636072608174
1033,E>>S,0.5907659859155243,0.1194595877512049,21,0.02606821920752933
1033,E>S,0.48257883333212426,0.13591055157417006,21,0.029658113825325426
1033,S~E,0.4681155228571483,0.10829347961090065,21,0.0236315746470052
1033,S>E,0.45637365907334676,0.10153781585032985,21,0.02215736795402969
1033,S>>E,0.5236403607357402,0.10307966443594752,21,0.022493826899446522
1034,E>>S,0.5969690572354764,0.14494551891996504,21,0.03162970533787589
1034,E>S,0.49187505743320176,0.1390528172758546,21,0.030343812417307946
1034,S~E,0.4454138315866126,0.07856797720493137,21,0.017144938225769665
1034,S>E,0.44210112160178605,0.08600685037980839,21,0.01876823343572445
1034,S>>E,0.5258204378944394,0.09067227536565706,21,0.01978631263319063
1035,E>>S,0.5938969576769266,0.14570333752371167,21,0.03179507491476707
1035,E>S,0.499682851825224,0.12814584719038868,21,0.02796371641639049
1035,S~E,0.46969078768317474,0.11252034330378634,21,0.02455395192438183
1035,S>E,0.4616421577664434,0.09703723112511813,21,0.02117525985046565
1035,S>>E,0.502148964342877,0.10828684736455803,21,0.023630127372200785
1036,E>>S,0.5966344668255245,0.1355678672504358,21,0.029583333975183184
1036,E>S,0.48489351067072034,0.1530982937578145,21,0.03340878666256048
1036,S~E,0.4596974852052491,0.09587091803140924,21,0.020920749467801883
1036,S>E,0.44979580758420223,0.08787330457449764,21,0.019175527132311656
1036,S>>E,0.5289605602917737,0.08697807536656799,21,0.018980172103279607
1037,E>>S,0.5833546060707321,0.13283316532587736,21,0.028986573090781734
1037,E>S,0.4940089626548194,0.1351511182337658,21,0.029492391884007534
1037,S~E,0.4508714233879786,0.10080213027465268,21,0.021996828199828365
1037,S>E,0.464451795212844,0.0875695347559035,21,0.01910923912338067
1037,S>>E,0.5080383306789381,0.10475375795087849,21,0.02285914405433252
1038,E>>S,0.5795352148135756,0.14519759108266833,21,0.03168471199340823
1038,E>S,0.4849345960328139,0.12858506383752857,21,0.028059561346485885
1038,S~E,0.4581081239388011,0.09823171253421258,21,0.02143591706348436
1038,S>E,0.4421479386199919,0.09699521746412884,21,0.02116609171800348
1038,S>>E,0.5014366736685675,0.08582499660775128,21,0.01872854968925469
1039,E>>S,0.5916176637880273,0.14829224080508221,21,0.032360019926852786
1039,E>S,0.49851296748600854,0.12189831422305458,21,0.026600392953079036
1039,S~E,0.4624252395220599,0.10115843767284348,21,0.022074580848537036
1039,S>E,0.45288114644722977,0.0755297066040563,21,0.016481933225280666
1039,S>>E,0.4991697406528501,0.09796213113993836,21,0.021377089580378962
1040,E>>S,0.5866169331918459,0.14884734990615658,21,0.032481154663740026
1040,E>S,0.48651875838134595,0.11363603202515765,21,0.02479741516331957
1040,S~E,0.45897070127288087,0.10521867915945399,21,0.02296059817959383
1040,S>E,0.4589476941762433,0.08022716222264252,21,0.01750700207984576
1040,S>>E,0.49733445404917637,0.07926273368235243,21,0.01729654651850028
1041,E>>S,0.6038569432564089,0.15046637801952809,21,0.03283445556287272
1041,E>S,0.49394211447178293,0.12423404454259045,21,0.027110091095568393
1041,S~E,0.45544642675673674,0.10225620278432765,21,0.02231413283513979
1041,S>E,0.45223830414940297,0.1000788179066671,21,0.021838988500904953
1041,S>>E,0.5054926697266862,0.09412724642948726,21,0.02054024912956606
1042,E>>S,0.5782945516809952,0.11310431636591255,21,0.02468138529395366
1042,E>S,0.4948268334568929,0.14488348042485133,21,0.03161616742835876
1042,S~E,0.45140999006800575,0.09239921168995406,21,0.020163161034450622
1042,S>E,0.46118471865689203,0.10431282862277999,21,0.02276292538661169
1042,S>>E,0.5138396375569014,0.08443936123899133,21,0.01842617926244752
1043,E>>S,0.5883301801673918,0.13392648836025553,21,0.029225155736690153
1043,E>S,0.48148257836579605,0.12486418258012101,21,0.02724759848867576
1043,S~E,0.4446825887607134,0.10601004117452449,21,0.02313328752893542
1043,S>E,0.45033368033333376,0.11767732457816275,21,0.02567929749806277
1043,S>>E,0.49852232950952,0.09221935220091731,21,0.020123912476214097
1044,E>>S,0.5890587025941371,0.1275614126357309,21,0.02783618234089206
1044,E>S,0.49298005798312583,0.13549329602720073,21,0.029567061200176513
1044,S~E,0.44890673175037804,0.0932512476525657,21,0.020349090524616927
1044,S>E,0.4490787541855429,0.08640328931348298,21,0.018854743503438322
1044,S>>E,0.5087074556710848,0.09907736401847524,21,0.021620453346255092
1045,E>>S,0.6177832992438589,0.12901636913104847,21,0.02815367987768541
1045,E>S,0.505974401668744,0.11017791185241753,21,0.024042791475041694
1045,S~E,0.435576550964271,0.11362143416590975,21,0.02479422964927253
1045,S>E,0.46853722805095543,0.09193031596666118,21,0.02006083959897297
1045,S>>E,0.5150828629880053,0.10993051034066906,21,0.023988804039106748
1046,E>>S,0.5923314165600836,0.13719731540965419,21,0.029938908714736746
1046,E>S,0.4861664441058189,0.12439018705706134,21,0.027144164185652374
1046,S~E,0.43627718482973216,0.08268663681464238,21,0.018043703436400996
1046,S>E,0.4480768899720677,0.09047036240671821,21,0.019742251613279686
1046,S>>E,0.49848395508021975,0.1005096376416323,21,0.021933001074541086
1047,E>>S,0.5861859119549481,0.13045641992376972,21,0.028467924723505712
1047,E>S,0.49694674413308026,0.12217054547591837,21,0.02665979868273527
1047,S~E,0.4406398590005293,0.09990077379751293,21,0.02180013609103638
1047,S>E,0.4471954074135646,0.08706628588359636,21,0.018999421216202163
1047,S>>E,0.5067164445710604,0.09449692605342523,21,0.020620919837165037
1048,E>>S,0.5975700973577432,0.13149016854753032,21,0.028693507167217108
1048,E>S,0.49342865103653016,0.13553529931250863,21,0.029576227068479382
1048,S~E,0.4522937247483866,0.10434435591452725,21,0.02276980520570163
1048,S>E,0.45176800528958433,0.09345136954227763,21,0.0203927607011799
1048,S>>E,0.502600715929865,0.10785581185291039,21,0.023536067712232246
1049,E>>S,0.5944505488296142,0.13973385584564987,21,0.030492427217178007
1049,E>S,0.4822830401271802,0.11761597421394072,21,0.025665909751017027
1049,S~E,0.4693246520836122,0.09622437688239598,21,0.020997880512549447
1049,S>E,0.43792969066621057,0.08862560266210075,21,0.019339692033816976
1049,S>>E,0.5101638201965969,0.08824321733590784,21,0.01925624871467796
1050,E>>S,0.5950708265138541,0.1496255328875943,21,0.032650968112166924
1050,E>S,0.48790806337796394,0.13151621949415404,21,0.02869919194982799
1050,S~E,0.4481777978834104,0.08458653728739367,21,0.01845829570922315
1050,S>E,0.4615354296559902,0.09833966985552098,21,0.021459475282375805
1050,S>>E,0.5130344865610165,0.08801417602008416,21,0.019206267801962038
1051,E>>S,0.5837315679514757,0.145768093112798,21,0.031809205742798476
1051,E>S,0.48361352399427515,0.12554628978896298,21,0.027396446484704018
1051,S~E,0.4515498709029496,0.08329212853368019,21,0.018175832561884795
1051,S>E,0.46503879083114136,0.1056128043657533,21,0.02304660335060129
1051,S>>E,0.5092559829323243,0.06640534189403159,21,0.014490833608515333
1052,E>>S,0.603983131612994,0.14047161357212049,21,0.030653419151753725
1052,E>S,0.47811258639855514,0.12741579594932695,21,0.027804406174801833
1052,S~E,0.4410199244396428,0.0819674135230063,21,0.017886756047091584
1052,S>E,0.4542054524896409,0.09797835018014742,21,0.021380628865115034
1052,S>>E,0.5341658858821186,0.0940316213051752,21,0.020519382016685125
1053,E>>S,0.5774764449587755,0.1438130780551467,21,0.03138258648153821
1053,E>S,0.4900382749061431,0.13467335886737458,21,0.02938813624303316
1053,S~E,0.45692291375774313,0.10748944176674921,21,0.023456119204984575
1053,S>E,0.4462864083326643,0.09653625044679622,21,0.02106593690379325
1053,S>>E,0.5139745355481593,0.08045040820502716,21,0.0175557183471254
1054,E>>S,0.5995363067171715,0.14219929254798597,21,0.03103042961287217
1054,E>S,0.4938811739771858,0.12198963333099987,21,0.026620320416153087
1054,S~E,0.44213155091920847,0.0794027786862132,21,0.01732710684378087
1054,S>E,0.448331868796751,0.09951985404993537,21,0.021717012587370778
1054,S>>E,0.5157915838599525,0.09039350251472592,21,0.01972547940980536
1055,E>>S,0.615538189607249,0.11754970644972174,21,0.025651448939318505
1055,E>S,0.47120039214209164,0.12077958198001358,21,0.026356265563263648
1055,S~E,0.4450162502317004,0.0963785556920185,21,0.021031525087104375
1055,S>E,0.4502058007145405,0.11883439249221127,21,0.025931790417126198
1055,S>>E,0.4922108401295813,0.0863545820323404,21,0.018844114703308257
1056,E>>S,0.5815005148599484,0.12514019269985832,21,0.02730782883468862
1056,E>S,0.4868384007270639,0.12999055912790491,21,0.028366265563488435
1056,S~E,0.44480571101432276,0.10240761747015263,21,0.022347174228431264
1056,S>E,0.462701168036086,0.09853985313339925,21,0.021503158854934926
1056,S>>E,0.502431709253826,0.10044769472182055,21,0.021919484021264708
1057,E>>S,0.6082422920318099,0.14790369992158445,21,0.03227523335498547
1057,E>S,0.5007974770310207,0.11875042862170918,21,0.025913467998449183
1057,S~E,0.4757799467135368,0.08173135078774289,21,0.017835242935039068
1057,S>E,0.4558656295131456,0.09149901152227283,21,0.019966721253069135
1057,S>>E,0.5249614548275121,0.08625987369726355,21,0.018823447650240025
1058,E>>S,0.5935317336079462,0.14719824845509333,21,0.03212129122430389
1058,E>S,0.4895889596064689,0.12533804385325684,21,0.027351003495964
1058,S~E,0.4655668930241658,0.07656629196773872,21,0.016708134696392953
1058,S>E,0.4574009246883433,0.09284586784585713,21,0.020260629398452707
1058,S>>E,0.5017408149014052,0.0871789600661812,21,0.019024008738609894
1059,E>>S,0.5989782206335147,0.11244548662819451,21,0.0245376168585641
1059,E>S,0.5020270280221911,0.13008160093971768,21,0.02838613251558548
1059,S~E,0.4602420858348579,0.09597183197307482,21,0.020942770695247546
1059,S>E,0.44181494621429385,0.0874910585110071,21,0.019092114202785733
1059,S>>E,0.498428935253627,0.08636795768975557,21,0.018847033511049917
1060,E>>S,0.6029396881632673,0.14171228331082203,21,0.030924155484612817
1060,E>S,0.49562557862916445,0.12039569401563065,21,0.026272494341589014
1060,S~E,0.43714507781266654,0.08961720966897861,21,0.01955607842280109
1060,S>E,0.45421366789573675,0.10272273811929686,21,0.022415939191657314
1060,S>>E,0.509890285478666,0.09080346114189053,21,0.01981493971650927
1061,E>>S,0.5963021021025294,0.15748223138963158,21,0.03436544028350178
1061,E>S,0.49272507782652014,0.11727880274492766,21,0.025592332904401226
1061,S~E,0.4509195663538964,0.09504285826946333,21,0.02074005201356073
1061,S>E,0.4573505339338583,0.09094717717362935,21,0.0198463011257484
1061,S>>E,0.5025448201789893,0.08194284554645989,21,0.017881394875082262
1062,E>>S,0.5903493213589579,0.12971602969379725,21,0.028306358329569778
1062,E>S,0.48369414773733715,0.12689929383978327,21,0.02769169617415477
1062,S~E,0.46017673985216734,0.10373787362651732,21,0.022637459920346607
1062,S>E,0.46008967869830775,0.09899141632594176,21,0.021601698022119784
1062,S>>E,0.4933417541730732,0.10233471025307322,21,0.022331264569337216
1063,E>>S,0.5782498955083459,0.13348331087612106,21,0.029128446481102233
1063,E>S,0.47291774382311785,0.1305536352523846,21,0.028489138847414646
1063,S~E,0.44702997072813694,0.08688607185593664,21,0.018960095291295328
1063,S>E,0.4471810460221905,0.09219124641683889,21,0.020117779291309076
1063,S>>E,0.5297980708870083,0.060922531366685614,21,0.013294386262674205
1064,E>>S,0.5781623145711496,0.12095594138239533,21,0.026394750339974675
1064,E>S,0.4768975487131205,0.122217857471951,21,0.026670123006692366
1064,S~E,0.44924116385676927,0.10462141066830768,21,0.02283026350955145
1064,S>E,0.4457714395944353,0.08550736522962459,21,0.018659236840047128
1064,S>>E,0.49284229342618313,0.10676716487879474,21,0.023298505466328934
1065,E>>S,0.5938098830107583,0.135553321024073,21,0.029580159728355402
1065,E>S,0.49188471508941656,0.12232896227658657,21,0.026694368062755023
1065,S~E,0.4528478042353289,0.10784549324776434,21,0.023533816007987096
1065,S>E,0.46089952141593327,0.09699287962047215,21,0.021165581558693015
1065,S>>E,0.5311560859728519,0.11317829265642977,21,0.024697528243997815
1066,E>>S,0.5876404028957807,0.1565243568646751,21,0.034156414925554976
1066,E>S,0.47526493158009137,0.1379436239457127,21,0.030101766588940544
1066,S~E,0.4428824529273007,0.0843480112271481,21,0.01840624505559006
1066,S>E,0.4478505956960048,0.0900262634198898,21,0.019645341269318047
1066,S>>E,0.5252536272970016,0.08520730090023192,21,0.018593757435151983
1067,E>>S,0.5924042118938031,0.14787280378427503,21,0.03226849126508537
1067,E>S,0.48470950657090855,0.14342448565939492,21,0.03129778866877551
1067,S~E,0.44793405427985256,0.09598941156304991,21,0.020946606876283122
1067,S>E,0.44559369103990665,0.10028536332998414,21,0.021884060407419095
1067,S>>E,0.4874997231701221,0.08053057554038036,21,0.017573212293912014
1068,E>>S,0.5977799412918058,0.14985554515287727,21,0.032701160903425376
1068,E>S,0.4652719265011901,0.1264826506816005,21,0.027600777183194865
1068,S~E,0.4595344877072434,0.09973753849814197,21,0.02176451522839561
1068,S>E,0.4380522656907402,0.09689339951422772,21,0.021143873219787904
1068,S>>E,0.5111704907847712,0.0830922022034115,21,0.018132205059890934
1069,E>>S,0.5869228914072423,0.13233628623718935,21,0.028878145184345855
1069,E>S,0.49089532397412466,0.1241386537759664,21,0.027089275123727698
1069,S~E,0.433907386853466,0.09524330146946164,21,0.020783792305776514
1069,S>E,0.44769153767929143,0.10075652710102996,21,0.021986876771492348
1069,S>>E,0.5218356080316957,0.09657292789612028,21,0.021073940579403982
1070,E>>S,0.5953687941165464,0.13945750620879663,21,0.03043212278245641
1070,E>S,0.49279047872037957,0.11862234557513089,21,0.02588551798624987
1070,S~E,0.44315956701804254,0.08504055503180019,21,0.018557370503537243
1070,S>E,0.4639673130627467,0.10684343902574697,21,0.023315149849756397
1070,S>>E,0.5289674681155768,0.09638386623544565,21,0.02103268394268705
1071,E>>S,0.585677463688235,0.1466045509316761,21,0.03199173580330545
1071,E>S,0.4874831106622295,0.12719630469885856,21,0.02775650925719936
1071,S~E,0.44343689731153224,0.09252189714900076,21,0.020189933196486425
1071,S>E,0.4513452553078886,0.12131782519393133,21,0.02647371986183862
1071,S>>E,0.49683564407009323,0.08595662002446681,21,0.018757272273556006
1072,E>>S,0.6130069286661468,0.13554389897394592,21,0.029578103668454973
1072,E>S,0.48946788409753533,0.12935592093088136,21,0.02822777615507078
1072,S~E,0.46774416580383715,0.07782686561674405,21,0.016983214418565984
1072,S>E,0.4525920668000527,0.08344134056332389,21,0.01820839329619147
1072,S>>E,0.4942445185599049,0.096956092359843,21,0.02115755392029096
1073,E>>S,0.5954738142940834,0.13935976904908154,21,0.030410794785665725
1073,E>S,0.4837591532410977,0.12754478765349225,21,0.02783255447234273
1073,S~E,0.4534581393716148,0.122059437246067,21,0.026635552879229252
1073,S>E,0.46291743218250164,0.09827504493180754,21,0.0214453729678664
1073,S>>E,0.49978595047970376,0.10134345031829722,21,0.02211495391769493
1074,E>>S,0.5829471697629364,0.1401855930035877,21,0.030591004346724404
1074,E>S,0.4953183142123172,0.12590359315673222,21,0.027474416471792835
1074,S~E,0.4535453824019419,0.09328936600948264,21,0.020357408632042603
1074,S>E,0.4582949941644032,0.08376951031797428,21,0.01828000580769054
1074,S>>E,0.5061554192094111,0.10752929998872061,21,0.023464816982091734
1075,E>>S,0.5900911876687369,0.14186881931569068,21,0.030958314441341225
1075,E>S,0.49136338104765787,0.12228128846533466,21,0.026683964784244122
1075,S~E,0.46151206691571306,0.0916511687225141,21,0.01999992467629
1075,S>E,0.467034857854303,0.10907147989351441,21,0.02380134822728018
1075,S>>E,0.5073199583178211,0.0988237842704971,21,0.021565117708644728
1076,E>>S,0.5855506519082452,0.15304990311223948,21,0.033398226957975945
1076,E>S,0.49703317436155814,0.14271170749106704,21,0.03114224772067672
1076,S~E,0.44599620032480025,0.10343572101282489,21,0.02257152481445735
1076,S>E,0.4593569382560914,0.10396813540548293,21,0.022687707159954468
1076,S>>E,0.5354369563172815,0.08712513068482415,21,0.01901226220457745
1077,E>>S,0.6022489647287111,0.12724230354016802,21,0.02776654702730321
1077,E>S,0.5042367302581375,0.13622579709922653,21,0.029726906038709585
1077,S~E,0.44711430164420707,0.09237952867575457,21,0.02015886584861852
1077,S>E,0.4572159670263175,0.10602681384862223,21,0.023136947626490642
1077,S>>E,0.5230527293271974,0.10567444928653572,21,0.023060055375158196
1078,E>>S,0.6003949078328104,0.12903607676739795,21,0.028157980436511132
1078,E>S,0.49588519737978826,0.13599736212069238,21,0.02967705743963776
1078,S~E,0.46657516130596577,0.08208590282854268,21,0.017912612533361263
1078,S>E,0.44569093175024904,0.09605323597546277,21,0.02096053450490541
1078,S>>E,0.4816142347699217,0.09618675885893263,21,0.02098967158683443
1079,E>>S,0.5883726429773878,0.1491907188801973,21,0.03255608391682769
1079,E>S,0.482938260791776,0.139059746233112,21,0.030345324439742194
1079,S~E,0.4484708185407191,0.09343740272333431,21,0.020389712891416785
1079,S>E,0.4585727862545263,0.07385581999088389,21,0.016116661220059912
1079,S>>E,0.5153906567300685,0.10821098052766083,21,0.0236135718711142
1080,E>>S,0.5982121979363715,0.12088456850389058,21,0.026379175501007296
1080,E>S,0.5014765250765438,0.1298077589915633,21,0.028326375303401114
1080,S~E,0.4572077608511152,0.10030743157793584,21,0.02188887609392832
1080,S>E,0.45582192938071014,0.0954162344394578,21,0.02082152937364132
1080,S>>E,0.48467850192861694,0.09741430143114248,21,0.021257543337116925
1081,E>>S,0.6093783052908806,0.12508765642937045,21,0.027296364480581887
1081,E>S,0.4986547782479404,0.13262990092568105,21,0.028942217162210813
1081,S~E,0.45451625916987315,0.10300930144688365,21,0.022478472436422307
1081,S>E,0.44703587664032035,0.09293665735797865,21,0.02028044129424342
1081,S>>E,0.5042840201556679,0.08621915712637529,21,0.018814562566043143
1082,E>>S,0.5854110644638043,0.13852953865470735,21,0.030229623660595593
1082,E>S,0.48931739534607677,0.11857117314467044,21,0.025874351246436545
1082,S~E,0.4578296385936264,0.09176066034157537,21,0.020023817706400073
1082,S>E,0.4491982656903816,0.09903451934803156,21,0.021611103872663018
1082,S>>E,0.5023812866694274,0.08232475574509623,21,0.017964734512888294
1083,E>>S,0.5933566694605383,0.11982501074924753,21,0.02614796104320591
1083,E>S,0.4817552235246846,0.12835047885957027,21,0.028008370707514767
1083,S~E,0.4524965678832721,0.07158451416317303,21,0.015621021654256136
1083,S>E,0.4653611858470562,0.09443142111078949,21,0.020606625486783034
1083,S>>E,0.5030237851784671,0.08519023017978299,21,0.01859003229855081
1084,E>>S,0.5877853640227924,0.14622237862896134,21,0.031908338969700405
1084,E>S,0.480155354216818,0.12631426943056093,21,0.027564033381837712
1084,S~E,0.4549236846791254,0.09184463219805365,21,0.020042141867759964
1084,S>E,0.4603928690641352,0.08479849002459414,21,0.01850454758836478
1084,S>>E,0.5039975298335294,0.08871713614297264,21,0.019359666276898797
1085,E>>S,0.590806969091289,0.1346630480471592,21,0.029385886237599156
1085,E>S,0.5001549534578492,0.12207352487444423,21,0.026638627051772158
1085,S~E,0.4519491185021287,0.08450397211376487,21,0.018440278511226905
1085,S>E,0.44900799730590274,0.09650515927739246,21,0.02105915225440099
1085,S>>E,0.5110339664421321,0.1060396794052026,21,0.023139755121104326
1086,E>>S,0.5878921701577824,0.12377260873054322,21,0.027009397546184113
1086,E>S,0.47559994860084603,0.13477045189643097,21,0.029409323678990466
1086,S~E,0.46016018732967073,0.09072110867732916,21,0.01979696893543695
1086,S>E,0.4395346840678319,0.09397117381231049,21,0.020506191292322132
1086,S>>E,0.5076595007325563,0.10438919704111407,21,0.022779590341741214
1087,E>>S,0.5910512050234699,0.1266490028226813,21,0.02763707819645776
1087,E>S,0.4809923963953681,0.10980906230131633,21,0.023962301904185898
1087,S~E,0.4481970631858784,0.0919532060979796,21,0.0200658346351365
1087,S>E,0.43925496881927206,0.08763014379873253,21,0.019122465100836046
1087,S>>E,0.49676452835263646,0.09208689210325163,21,0.02009500731316104
1088,E>>S,0.5630403285005554,0.14954122586782123,21,0.03263257081217996
1088,E>S,0.48978257709205064,0.12843641445746912,21,0.02802712339238442
1088,S~E,0.4507335102176544,0.10772401401810285,21,0.023507307066782872
1088,S>E,0.44881896160146695,0.10114976765274808,21,0.022072688895043515
1088,S>>E,0.5160502883263767,0.0940581681574706,21,0.020525175014785436
1089,E>>S,0.588605507325736,0.14055726425870413,21,0.030672109663877272
1089,E>S,0.5078535516577413,0.10672072898580466,21,0.023288372323729413
1089,S~E,0.44016074650449444,0.08741021090364391,21,0.019074471808476313
1089,S>E,0.4550470414857107,0.08975027467025165,21,0.019585115586643144
1089,S>>E,0.47770872016845733,0.09224767458901802,21,0.020130092927991877
1090,E>>S,0.5787971584200444,0.14411284532612226,21,0.0314480010629723
1090,E>S,0.48347357874431085,0.12878944629467062,21,0.02810416125508467
1090,S~E,0.4574936356658436,0.09137121407729777,21,0.019938833564249126
1090,S>E,0.4518959665172081,0.08644506477886875,21,0.018863859657358432
1090,S>>E,0.51871944644863,0.0899281183342354,21,0.019623924255789515
1091,E>>S,0.587622287347393,0.12609392785678533,21,0.027515950908477124
1091,E>S,0.4832361262848349,0.10835987360795576,21,0.0236460630049669
1091,S~E,0.45007782055538975,0.091751114794823,21,0.020021734697326623
1091,S>E,0.43893153672200746,0.092447427225053,21,0.02017368252679651
1091,S>>E,0.5066675921554166,0.08826497142338467,21,0.019260995845751163
1092,E>>S,0.5851511123048031,0.1282469277495532,21,0.02798577400275525
1092,E>S,0.48816744620011054,0.12797128132005847,21,0.02792562302045982
1092,S~E,0.4648823010481191,0.10048760679374705,21,0.021928193549395455
1092,S>E,0.4388823080186538,0.08749163058438128,21,0.019092239039430508
1092,S>>E,0.514532069694095,0.08156099630677177,21,0.017798068539609302
1093,E>>S,0.5937942726172388,0.14714350919800823,21,0.03210934613910969
1093,E>S,0.48816577450986176,0.10407867877905598,21,0.022711829701715147
1093,S~E,0.46286053436878355,0.08823223737680067,21,0.019253852691166713
1093,S>E,0.45778740242484683,0.09300263198040992,21,0.020294838137159488
1093,S>>E,0.5232333729552229,0.09610675802728862,21,0.02097221397413595
1094,E>>S,0.5883734760579673,0.13755044393607913,21,0.03001596767675534
1094,E>S,0.5019652447711449,0.1323489978852022,21,0.028880919093356647
1094,S~E,0.44691408275716293,0.06482984254791657,21,0.014147031465137927
1094,S>E,0.4404098579088485,0.10572826320580032,21,0.02307179853508545
1094,S>>E,0.5044667874752798,0.09809411372792771,21,0.021405890542277883
1095,E>>S,0.5941150594044482,0.1465583697187631,21,0.03198165823645504
1095,E>S,0.492340222841038,0.10629850531750648,21,0.023196235565625684
1095,S~E,0.46131081949930824,0.10693602415823367,21,0.023335353582034864
1095,S>E,0.45937255928639475,0.08561544415113087,21,0.018682821594277213
1095,S>>E,0.5008792790294356,0.10594906853112848,21,0.02311998220733143
1096,E>>S,0.598975661400376,0.15192495320469449,21,0.0331527427625303
1096,E>S,0.48525476027640385,0.11246705552068292,21,0.024542323576777648
1096,S~E,0.4432350460354676,0.08382000660521373,21,0.018291025000956685
1096,S>E,0.4557442956949868,0.10075694156630678,21,0.02198696721523063
1096,S>>E,0.4873980540482142,0.10164033232299506,21,0.022179738882409126
1097,E>>S,0.5982733217183483,0.14098200522879456,21,0.030764795742267197
1097,E>S,0.48640752347303245,0.12214516842962632,21,0.026654260957233
1097,S~E,0.45023096768668003,0.08409227697667038,21,0.018350439266989725
1097,S>E,0.4432866485183792,0.09882754911006349,21,0.02156593926399198
1097,S>>E,0.5026102598521917,0.10380211816733582,21,0.0226514792285032
1098,E>>S,0.6025509996523885,0.1427212933495524,21,0.0311443395264915
1098,E>S,0.48225000615127844,0.11256067801562183,21,0.024562753680101846
1098,S~E,0.46153603213648514,0.08030199553177195,21,0.01752333204668336
1098,S>E,0.4481165112618635,0.10998619130314456,21,0.02400095462126446
1098,S>>E,0.5263220027446979,0.09746388722034008,21,0.021268363843421314
1099,E>>S,0.5864308757761142,0.14599426994631226,21,0.031858561574228214
1099,E>S,0.497884195055227,0.11603785993510768,21,0.025321536982538785
1099,S~E,0.4448108039281931,0.08856619743151092,21,0.019326728749728683
1099,S>E,0.4469386209383382,0.09752904197205035,21,0.021282581775878377
1099,S>>E,0.5204054601431198,0.09821318592405502,21,0.02143187422570255
1100,E>>S,0.6019214877968035,0.15292278035388487,21,0.033370486497846824
1100,E>S,0.4872934030090951,0.10684837308676956,21,0.023316226550143045
1100,S~E,0.4459105595752669,0.09263109005726834,21,0.02021376104255731
1100,S>E,0.4439608831267965,0.09278904160489744,21,0.02024822889604044
1100,S>>E,0.5090493835051068,0.11547515212499881,21,0.025198744071397515
1101,E>>S,0.5802838587997377,0.13828066461047517,21,0.030175314891728748
1101,E>S,0.4823409260604823,0.12252994858118642,21,0.02673822687011113
1101,S~E,0.45595610076489174,0.10344395921485343,21,0.02257332253752336
1101,S>E,0.46090499812080016,0.09674094058719009,21,0.021110603954382107
1101,S>>E,0.5007965355197407,0.08950858920378674,21,0.01953237549405047
1102,E>>S,0.5951425616251802,0.14666885412747807,21,0.03200576791102879
1102,E>S,0.48569980335300145,0.11434741601005222,21,0.024952651875650933
1102,S~E,0.45515560845972447,0.10163332895138864,21,0.022178210621432635
1102,S>E,0.45906228931698984,0.11933869179876123,21,0.026041837547849004
1102,S>>E,0.5160323894500987,0.08618602432920407,21,0.018807332396946822
1103,E>>S,0.6067073282331683,0.13846639180476705,21,0.03021584388822657
1103,E>S,0.48640842117644273,0.12767264115655458,21,0.027860454394040272
1103,S~E,0.44430964020502134,0.08947637175756971,21,0.0195253450709082
1103,S>E,0.44433792568078523,0.10635877589966218,21,0.023209387684906994
1103,S>>E,0.5041404694620223,0.08304404923362682,21,0.018121697220415924
1104,E>>S,0.5944332160233644,0.13021692252892364,21,0.028415662107285383
1104,E>S,0.48654844817261467,0.12417686767363124,21,0.027097614079853814
1104,S~E,0.4400698756022537,0.09293136005047742,21,0.02027928532697657
1104,S>E,0.46499928250719325,0.09570899083921915,21,0.020885414057550324
1104,S>>E,0.504408560957477,0.10661526814746586,21,0.0232653588820846
1105,E>>S,0.5860385185653216,0.15044067990945603,21,0.03282884777550974
1105,E>S,0.47946278491631217,0.12358643563232645,21,0.02696877124547255
1105,S~E,0.4581453806270286,0.09784357621332147,21,0.02135121877441554
1105,S>E,0.45211100419225464,0.09289617501718679,21,0.020271607323244005
1105,S>>E,0.5075215191034419,0.11600052427072399,21,0.02531338967262642
1106,E>>S,0.5952201082100856,0.14504798007014386,21,0.031652064193899064
1106,E>S,0.48648888899389986,0.12024144486566565,21,0.026238834417512957
1106,S~E,0.46448954428917005,0.1131561756079549,21,0.024692701908341382
1106,S>E,0.43675560631547694,0.10831193178454583,21,0.023635601241408316
1106,S>>E,0.5163249103014739,0.1069139543823665,21,0.02333053756210715
1107,E>>S,0.5902132067598467,0.13520285518625919,21,0.029503681812627882
1107,E>S,0.4913935723402571,0.1021560642981115,21,0.022292280825946274
1107,S~E,0.4600547259151733,0.0964687131559698,21,0.021051199058676855
1107,S>E,0.46813394289637406,0.10326276761328876,21,0.022533783288501436
1107,S>>E,0.49072142094160526,0.10625391292985321,21,0.023186504708871403
1108,E>>S,0.5827884930393907,0.12583276572792498,21,0.02745896065970768
1108,E>S,0.49943366120145555,0.13098940779234688,21,0.028584232211708
1108,S~E,0.45238947223783027,0.08512608769813552,21,0.0185760352615312
1108,S>E,0.4430293827525499,0.11601243627642838,21,0.02531598908537971
1108,S>>E,0.5060678096883826,0.08667441326044634,21,0.018913907599137122
1109,E>>S,0.5951889656848062,0.12720352181601413,21,0.027758084161278635
1109,E>S,0.48965723585563686,0.11018380700623835,21,0.02404407790307109
1109,S~E,0.45805817568783463,0.08752181622198907,21,0.01909882608558471
1109,S>E,0.46038216541621174,0.09275610004170488,21,0.020241040457619486
1109,S>>E,0.49603973175061516,0.10545612416645248,21,0.02301241292806811
1110,E>>S,0.5786121582839823,0.13867420217839788,21,0.030261191829529445
1110,E>S,0.4868702735305758,0.11785381512564634,21,0.02571781089298123
1110,S~E,0.45161196246529184,0.08652754819586518,21,0.01888185901459485
1110,S>E,0.4685412060352993,0.09793147558717348,21,0.02137039999033059
1110,S>>E,0.5131220596740874,0.11246296604726291,21,0.024541431180515758
1111,E>>S,0.5841428395698722,0.12737465735518333,21,0.027795428997580536
1111,E>S,0.49301047281081023,0.10980095090398634,21,0.02396053185217368
1111,S~E,0.44273613208807355,0.0868354657358753,21,0.018949052130542515
1111,S>E,0.4412459213986915,0.10340234696920261,21,0.022564242001069455
1111,S>>E,0.5106253687231787,0.09679448910573121,21,0.021122289199123415
1112,E>>S,0.598264939667089,0.1321718843299283,21,0.028842269746992576
1112,E>S,0.4990047021030792,0.12428355091576875,21,0.027120894271876597
1112,S~E,0.4561984629313124,0.09386356827790655,21,0.02048270983962679
1112,S>E,0.45277552657996734,0.09059513690641235,21,0.019769479641358195
1112,S>>E,0.5026741747960634,0.07783180008055919,21,0.01698429120684917
1113,E>>S,0.5811504814955541,0.14839017753128544,21,0.03238139147262147
1113,E>S,0.5014787023199925,0.1338909253526448,21,0.029217395252198894
1113,S~E,0.44912356867864855,0.08674807618859466,21,0.018929982167906256
1113,S>E,0.45506638405690464,0.09205026014123262,21,0.020087013563694044
1113,S>>E,0.5157118113807985,0.0774436172570883,21,0.016899582770085502
1114,E>>S,0.5855332988430375,0.12707879042754244,21,0.027730865540840137
1114,E>S,0.5024123155836652,0.10980397985877147,21,0.023961192824296512
1114,S~E,0.426977615037606,0.090085468686545,21,0.019658260917698407
1114,S>E,0.4367874455706376,0.09312701982798516,21,0.020321981790828354
1114,S>>E,0.5067667932888292,0.09274728721874455,21,0.02023911734198606
1115,E>>S,0.5997708602391966,0.13845727690052714,21,0.030213854853053636
1115,E>S,0.5072189979767897,0.1241405877255609,21,0.027089697146128033
1115,S~E,0.4557885880913889,0.10720400545298922,21,0.02339383189479913
1115,S>E,0.44500712285733096,0.0855763682061965,21,0.01867429452401466
1115,S>>E,0.5229807767559255,0.08845124237568962,21,0.019301643499975395
1116,E>>S,0.5841531915244917,0.1457797650269995,21,0.03181175276329054
1116,E>S,0.5047440636832969,0.11379775816812296,21,0.024832706701033463
1116,S~E,0.45236766482899604,0.08859749607193364,21,0.019333558673008983
1116,S>E,0.4486766609263901,0.0980359707021002,21,0.021393202693849867
1116,S>>E,0.5213375875375549,0.09125933623124734,21,0.019914419816719854
1117,E>>S,0.5925051577690349,0.13125595914090932,21,0.028642398484630852
1117,E>S,0.5025984724831302,0.11979472979664563,21,0.02614135319761478
1117,S~E,0.4530843508384655,0.10037033080705776,21,0.021902601831004776
1117,S>E,0.45600901905892705,0.09055786056980498,21,0.019761345277828007
1117,S>>E,0.5063528283872705,0.09136893158039504,21,0.019938335482590542
1118,E>>S,0.6124449777745824,0.13185787828736575,21,0.028773748010863225
1118,E>S,0.5060016689733408,0.1262241304836774,21,0.027544363451020695
1118,S~E,0.45148653391285415,0.08963842092139954,21,0.01956070709755365
1118,S>E,0.43907409598949015,0.09601096083792122,21,0.02095130931358166
1118,S>>E,0.48063990411910124,0.08754172527592735,21,0.019103170597331715
1119,E>>S,0.5918070426165049,0.14996645788313795,21,0.03272536404542317
1119,E>S,0.5008350745483232,0.12955595079925067,21,0.02827142625093051
1119,S~E,0.43909028634713404,0.09582428667874518,21,0.020910573672404682
1119,S>E,0.4738644245758115,0.10400230942890988,21,0.022695164543247572
1119,S>>E,0.511795997854357,0.08621925228181135,21,0.018814583330661647
1120,E>>S,0.5884532894252166,0.15555793929379372,21,0.03394552532215025
1120,E>S,0.4824055926142074,0.11656420942048333,21,0.02543639585676426
1120,S~E,0.4386354754455682,0.09890898355797481,21,0.021583709717407723
1120,S>E,0.4392219082514017,0.09815486070365974,21,0.021419146619160345
1120,S>>E,0.4941821758065012,0.09386708029399272,21,0.020483476224367587
1121,E>>S,0.5711318857604419,0.16713929842620692,21,0.0364727850780908
1121,E>S,0.4837815190107295,0.1179738619198461,21,0.0257440072511411
1121,S~E,0.4599182411748964,0.09759371029460606,21,0.021296693560791585
1121,S>E,0.4367332664947637,0.08532896509113579,21,0.018620306738208296
1121,S>>E,0.5032924847317448,0.10610060854978921,21,0.023153050950489897
1122,E>>S,0.5614943901873654,0.13525933806820745,21,0.02951600738796108
1122,E>S,0.5011666052315517,0.12128277231822533,21,0.026466070697255352
1122,S~E,0.4642690885942117,0.09544385870426514,21,0.020827557482426897
1122,S>E,0.45359890128208125,0.10671793259943453,21,0.02328776210219544
1122,S>>E,0.4977362118000273,0.10657890584711034,21,0.023257423977616893
1123,E>>S,0.5837431975200102,0.15384295894180508,21,0.033571285927943104
1123,E>S,0.4976343592226164,0.1122802425290805,21,0.024501557639881495
1123,S~E,0.44816964852057706,0.08771262271895898,21,0.019140463476796803
1123,S>E,0.44266721036018825,0.09512205647183465,21,0.020757334478192682
1123,S>>E,0.49614558240679235,0.08889151731816271,21,0.019397719369045646
1124,E>>S,0.5587107364178723,0.16048021346118901,21,0.03501965360612237
1124,E>S,0.48275351604946043,0.1259970801853989,21,0.02749481701395291
1124,S~E,0.45796527335395626,0.09271164487282656,21,0.020231339544456772
1124,S>E,0.4714520251462337,0.09656890715974044,21,0.021073063182793977
1124,S>>E,0.5285933698675485,0.08990711493096798,21,0.019619340937440725
1125,E>>S,0.5875547961960118,0.1459939762568104,21,0.03185849748592473
1125,E>S,0.49533002459669817,0.11403814209312145,21,0.02488516277399328
1125,S~E,0.4541849601534816,0.10223265730241064,21,0.02230899478975127
1125,S>E,0.4509229352902772,0.09587000955230442,21,0.020920551221408307
1125,S>>E,0.4997362792305066,0.08649429949959893,21,0.01887460355424253
1126,E>>S,0.5940209457675126,0.14104505286154106,21,0.03077855386366951
1126,E>S,0.4966113027282346,0.11012858578875029,21,0.024032027645494582
1126,S~E,0.4426995933472021,0.09863510236578804,21,0.021523943941473406
1126,S>E,0.4528977858861546,0.10123199714815273,21,0.022090632842045887
1126,S>>E,0.5181466020759741,0.10152217882899121,21,0.022153955676223594
1127,E>>S,0.5903305136473239,0.1403772031397975,21,0.03063281710639594
1127,E>S,0.4927604766589695,0.12081356159781605,21,0.026363680523771527
1127,S~E,0.44023567813398373,0.07762496985920965,21,0.016939157152309228
1127,S>E,0.4563520765037696,0.08831320036856896,21,0.019271520264417585
1127,S>>E,0.5241002344445241,0.10300553637182773,21,0.022477650829687026
1128,E>>S,0.5767967781815642,0.13442904333531874,21,0.02933482222307605
1128,E>S,0.4945544430024335,0.1033440498939561,21,0.022551520536302234
1128,S~E,0.4470359936650589,0.07914924459339763,21,0.017271781168943758
1128,S>E,0.4657381177281873,0.10956599170348703,21,0.023909259551149187
1128,S>>E,0.4884315705973623,0.12493690102523707,21,0.027263466954350227
1129,E>>S,0.584139070905136,0.12798150262124977,21,0.027927853491241255
1129,E>S,0.4914937160671099,0.11939704376009225,21,0.02605457098974179
1129,S~E,0.43110924388568556,0.09713554496671371,21,0.021196713689559638
1129,S>E,0.45264595086482806,0.10395693824188279,21,0.022685263738537017
1129,S>>E,0.5157829025076879,0.08746658537799504,21,0.01908677372733238
1130,E>>S,0.5769774869338006,0.13251126031008795,21,0.028916327657379788
1130,E>S,0.4839854992692831,0.11203869526136158,21,0.024448847704727602
1130,S~E,0.449052117934287,0.08138390835203003,21,0.017759424779739356
1130,S>E,0.44655975858060354,0.08453343378456882,21,0.01844670757487257
1130,S>>E,0.5031156021011247,0.07874650962741357,21,0.017183897194342452
1131,E>>S,0.570193268415374,0.14184906763703412,21,0.03095400427169617
1131,E>S,0.5019382443313781,0.12781117076437312,21,0.027890684032793652
1131,S~E,0.43446467968585384,0.08570452570938496,21,0.018702260783978353
1131,S>E,0.45962946686214334,0.10367295932503187,21,0.02262329445843031
1131,S>>E,0.4962305020764304,0.0896820213272311,21,0.019570221486127647
1132,E>>S,0.5946507184351035,0.14409856865170026,21,0.03144488563720034
1132,E>S,0.510561913114479,0.12872294644359408,21,0.02808964979788174
1132,S~E,0.46225945585354195,0.08587606408361385,21,0.018739693526097095
1132,S>E,0.45078288652872667,0.09100697038302132,21,0.019859349073752357
1132,S>>E,0.49632225939913466,0.08621329966402791,21,0.018813284362967562
1133,E>>S,0.588933897046373,0.16523344062110593,21,0.03605689280877186
1133,E>S,0.4936275856187099,0.11637506676162084,21,0.02539512154479366
1133,S~E,0.4620562285415643,0.10705600509589112,21,0.02336153556911901
1133,S>E,0.4491327910589528,0.10309022003468667,21,0.02249613031993356
1133,S>>E,0.4991585887798068,0.09268133183509097,21,0.02022472469731547
1134,E>>S,0.5895122038440972,0.14352730417346435,21,0.03132022550799293
1134,E>S,0.48747353754151557,0.11713999334020696,21,0.02556204220895816
1134,S~E,0.4426176252019948,0.08628910253816574,21,0.018829825906235744
1134,S>E,0.4377169342153494,0.10712692742415802,21,0.02337701208996404
1134,S>>E,0.5130534164834374,0.11339890555814248,21,0.024745669925968404
1135,E>>S,0.6023530721354785,0.13516959660147204,21,0.029496424194423394
1135,E>S,0.49187163647789817,0.12121421362658717,21,0.026451109964208734
1135,S~E,0.46291277243896695,0.0954514657035963,21,0.02082921746577197
1135,S>E,0.4367666171211874,0.10580129336978457,21,0.023087735023393677
1135,S>>E,0.5067451846556554,0.09287731051187378,21,0.020267490750694256
1136,E>>S,0.5852989557478968,0.14815334865191124,21,0.03232971117421748
1136,E>S,0.49445116204990797,0.1165861380118095,21,0.025441181067699305
1136,S~E,0.4473959803161215,0.09262387976750576,21,0.02021218762833733
1136,S>E,0.4505394932660944,0.08926835440103033,21,0.019479951962231703
1136,S>>E,0.49919132587932596,0.08402885087100487,21,0.018336598556025513
1137,E>>S,0.5738033368923331,0.1192701763856375,21,0.026026886258948497
1137,E>S,0.48617210085575846,0.11221092300691765,21,0.02448643088000295
1137,S~E,0.4402487008176075,0.07899423338975543,21,0.017237954951122018
1137,S>E,0.46043994708553415,0.09002865572255937,21,0.01964586331255941
1137,S>>E,0.5006831999129405,0.083746749201287,21,0.018275038924827628
1138,E>>S,0.5917118985908194,0.15471104703668062,21,0.033760718280545825
1138,E>S,0.5038289706507103,0.11134506708913146,21,0.024297485628375297
1138,S~E,0.46052257698834786,0.10347974630423158,21,0.022581131920665146
1138,S>E,0.4416287849884025,0.10528806266186766,21,0.022975738901107726
1138,S>>E,0.5131293082769132,0.09398167870781633,21,0.020508483648456567
1139,E>>S,0.5867362525636826,0.14860449548255658,21,0.03242815948378756
1139,E>S,0.4878794683170674,0.1287832889819605,21,0.028102817619295548
1139,S~E,0.44709749628555445,0.09723101597424443,21,0.02121754717140169
1139,S>E,0.45060393316328584,0.08839276988091346,21,0.019288883755528508
1139,S>>E,0.5122644166007688,0.09408921674637792,21,0.020531950372351594
1140,E>>S,0.6004636131275617,0.14088215416187008,21,0.030743006453105123
1140,E>S,0.5060633772942534,0.10831580604367708,21,0.023636446674062166
1140,S~E,0.4565874568638937,0.09481693887268629,21,0.020690752359432657
1140,S>E,0.4512842128146318,0.09733834485630137,21,0.021240968253605545
1140,S>>E,0.5220619502652986,0.10827355146171683,21,0.023627225968333995
1141,E>>S,0.5901350759945141,0.13286380769909883,21,0.02899325980481795
1141,E>S,0.5000752812570752,0.11615237258015451,21,0.02534652569034625
1141,S~E,0.4456801810145959,0.0894148894771936,21,0.019511928537397624
1141,S>E,0.44343833696174223,0.09121768460250851,21,0.019905330686171573
1141,S>>E,0.4946010047047265,0.08445963422830868,21,0.01843060319140513
1142,E>>S,0.6011886210016817,0.13884163212768283,21,0.030297728039824726
1142,E>S,0.4900324481976765,0.11015784413832434,21,0.02403841234081042
1142,S~E,0.42998807166310127,0.08554604131478669,21,0.018667676653753792
1142,S>E,0.434785908163611,0.0914387068559709,21,0.019953561696017343
1142,S>>E,0.5158210449734747,0.09967677383696771,21,0.02175125529223326
1143,E>>S,0.5887354940447922,0.17394948652855743,21,0.03795888995789598
1143,E>S,0.5068403033262349,0.12274085331577682,21,0.026784250056334228
1143,S~E,0.4620821112717909,0.07675429285387243,21,0.01674915985312755
1143,S>E,0.4659927701573053,0.08119330215669496,21,0.017717831097927423
1143,S>>E,0.5152262216004968,0.08693410592924943,21,0.018970577185433088
1144,E>>S,0.5805126349365104,0.14406131877489586,21,0.031436757047672535
1144,E>S,0.48976938012067256,0.11683288281208025,21,0.02549502519744109
1144,S~E,0.4494728551278878,0.08691309697223261,21,0.01896599265515682
1144,S>E,0.442487195835187,0.0935466803017767,21,0.02041355921403458
1144,S>>E,0.5046487488225011,0.1067057941969045,21,0.023285113285604498
1145,E>>S,0.5872756601029029,0.14289066195206224,21,0.031181298785603412
1145,E>S,0.49830215762920843,0.12709081938302647,21,0.027733490474127605
1145,S~E,0.4423730270255793,0.08140995876031638,21,0.017765109444875388
1145,S>E,0.4357483249678366,0.09539756272147876,21,0.02081745487073685
1145,S>>E,0.4808328206096434,0.09771940082377127,21,0.021324121482888665
1146,E>>S,0.5892965898775756,0.14341197943784117,21,0.03129505958749322
1146,E>S,0.5007629667879291,0.10482692621801178,21,0.022875110679218567
1146,S~E,0.4354144000269078,0.07833158334701219,21,0.017093352856829797
1146,S>E,0.463386122845024,0.09867124278148762,21,0.02153183042673962
1146,S>>E,0.5167723841956339,0.08977965715275286,21,0.019591527369984454
1147,E>>S,0.5835319811503774,0.15650746895881812,21,0.034152729682368356
1147,E>S,0.48333683247945863,0.11295555409376497,21,0.024648922704778906
1147,S~E,0.4347960393625781,0.0827157101017456,21,0.018050047747774887
1147,S>E,0.450325600747862,0.09792289546324566,21,0.021368527653789098
1147,S>>E,0.5022551934594746,0.09523036611060355,21,0.020780969579057056
1148,E>>S,0.5757401873180799,0.1432674064723648,21,0.03126351117998181
1148,E>S,0.4912361043948569,0.11847312473066464,21,0.02585295532839121
1148,S~E,0.4497758034566272,0.08889904391893201,21,0.01939936180798617
1148,S>E,0.46114724807397744,0.10084561800369742,21,0.02200631800031166
1148,S>>E,0.5177279629283073,0.10120093967457881,21,0.022083855545686527
1149,E>>S,0.6024281909089122,0.15484365981926418,21,0.033789656762179536
1149,E>S,0.5030642920319688,0.1123057364639907,21,0.02450712087257141
1149,S~E,0.4571139654920247,0.09832391940931735,21,0.021456038253234975
1149,S>E,0.4385476831393858,0.09487096521614556,21,0.020702541874119504
1149,S>>E,0.5035613657794934,0.07453390213288372,21,0.016264630874493816
1150,E>>S,0.6017960524561542,0.15765016688634406,21,0.03440208681329011
1150,E>S,0.49065211080852644,0.11836421433703942,21,0.025829189132069545
1150,S~E,0.44713950331137814,0.09310747640677806,21,0.020317717066684546
1150,S>E,0.4299531330703271,0.10266144150506178,21,0.022402563173820323
1150,S>>E,0.5154741892620928,0.10118199703863107,21,0.022079721923634502
1151,E>>S,0.592031737812986,0.1658010308464823,21,0.03618075115027206
1151,E>S,0.504015913783712,0.1370730963573028,21,0.029911801895205512
1151,S~E,0.4483242045165133,0.08121178145045617,21,0.017721863610425048
1151,S>E,0.441704375037492,0.08918404603538349,21,0.019461554368551008
1151,S>>E,0.49309700751895913,0.079109258321615,21,0.01726305544907695
1152,E>>S,0.5846399411288079,0.16634643003471475,21,0.03629976701046457
1152,E>S,0.4919611899358216,0.13224860297238344,21,0.028859011127290907
1152,S~E,0.4529032385184622,0.08738067034215166,21,0.019068025529471087
1152,S>E,0.44599340305612906,0.08379055799589322,21,0.01828459878756038
1152,S>>E,0.5025089403541662,0.0925642109668,21,0.020199166828534405
1153,E>>S,0.5827222603201206,0.14194679690877288,21,0.030975330547189303
1153,E>S,0.5071392478597955,0.11650426366476756,21,0.025423314620423364
1153,S~E,0.4426599370026116,0.09103563570439409,21,0.01986560435970526
1153,S>E,0.449441503697206,0.10161764864631764,21,0.022174788898341784
1153,S>>E,0.5056575375789643,0.10250891300960036,21,0.02236927872733986
1154,E>>S,0.5800268598726737,0.13227028714113526,21,0.028863743000847448
1154,E>S,0.5039718398697809,0.11138840144985149,21,0.02430694196114635
1154,S~E,0.44653555936537015,0.09931392305958081,21,0.021672074761121398
1154,S>E,0.46076045286097866,0.09607703920761655,21,0.020965728796006805
1154,S>>E,0.48453393625623714,0.107727947342574,21,0.02350816538855058
1155,E>>S,0.5940322109424155,0.168127262126813,21,0.0366883764324668
1155,E>S,0.4937193393042601,0.11929498135859068,21,0.0260322991478137
1155,S~E,0.4469800813441556,0.09560273573114264,21,0.020862227292039074
1155,S>E,0.4621035512298545,0.10404811105057203,21,0.022705159276496075
1155,S>>E,0.5244607966657191,0.09011847679409876,21,0.01966546387728947
1156,E>>S,0.5826395532036545,0.13476403383906546,21,0.02940792314405275
1156,E>S,0.494013418513675,0.12255516462142704,21,0.026743729461212545
1156,S~E,0.45510083721312167,0.09930554951644624,21,0.021670247504204772
1156,S>E,0.4450414395534158,0.09753310519123023,21,0.02128346844299538
1156,S>>E,0.5011540638668938,0.09544859160992591,21,0.020828590287114878
1157,E>>S,0.5924441478818262,0.12720593733227112,21,0.027758611270140066
1157,E>S,0.4909747560517899,0.12725648249554525,21,0.02776964112903138
1157,S~E,0.4470304125460724,0.07620173993330519,21,0.01662858292055763
1157,S>E,0.45740162458229877,0.10897439461977111,21,0.023780162483670934
1157,S>>E,0.5089704852210488,0.11823965072587846,21,0.025802007123641824
1158,E>>S,0.5815174585842368,0.14417710777046072,21,0.03146202427799724
1158,E>S,0.4953713197111294,0.12357749043037507,21,0.026966819242374988
1158,S~E,0.45304562777514334,0.08081991906439326,21,0.017636352227275557
1158,S>E,0.44777740152843637,0.09980291777705333,21,0.0217787821567048
1158,S>>E,0.5233715460625815,0.08875871378474809,21,0.019368739262168023
1159,E>>S,0.5774966542985005,0.1454737348937535,21,0.03174497151326496
1159,E>S,0.4871758054318401,0.11223754593495286,21,0.024492240479190696
1159,S~E,0.4512368968160767,0.09123789370060803,21,0.019909740672922425
1159,S>E,0.4587724320541186,0.10028480452574146,21,0.0218839384663362
1159,S>>E,0.4971731175777283,0.11259312828572086,21,0.024569834909580444
1160,E>>S,0.5964132052361707,0.1341403379138412,21,0.029271821535101526
1160,E>S,0.5018534720683856,0.11869556259173153,21,0.025901495249141836
1160,S~E,0.46258188132157096,0.08580429948915376,21,0.018724033207700372
1160,S>E,0.45075434881887183,0.1109883427872372,21,0.024219642003820024
1160,S>>E,0.5033397702094755,0.08220495997610143,21,0.01793859293291905
1161,E>>S,0.575910518194002,0.14984283248954663,21,0.03269838677285408
1161,E>S,0.4770261357437788,0.12001005411755997,21,0.026188340816641207
1161,S~E,0.44447508128345026,0.0802712417997982,21,0.017516621032175165
1161,S>E,0.4601503481174261,0.08551404604815968,21,0.018660694714172907
1161,S>>E,0.5035554258800434,0.09147833929326728,21,0.01996221020286907
1162,E>>S,0.5902618584066927,0.1597187420668196,21,0.03485348692496802
1162,E>S,0.4712964565253871,0.11760971811328917,21,0.025664544557931743
1162,S~E,0.4484802746848229,0.09163474708385813,21,0.019996341180948278
1162,S>E,0.44648902405489915,0.10256675683624371,21,0.02238190128515315
1162,S>>E,0.5086210852184413,0.07525965800060147,21,0.01642300378877358
1163,E>>S,0.5986778513440113,0.14381623013516337,21,0.0313832743217893
1163,E>S,0.4830153915895315,0.1272459569453172,21,0.027767344265667043
1163,S~E,0.4568396960273918,0.0995598148611146,21,0.02172573275127843
1163,S>E,0.44439412254480015,0.09520754171470396,21,0.020775988887537934
1163,S>>E,0.5122829974775814,0.07513059936722018,21,0.016394840886080373
1164,E>>S,0.5970869986990615,0.1390166648246898,21,0.030335923305687903
1164,E>S,0.5086175505589073,0.11588369993326554,21,0.02528789651217802
1164,S~E,0.4462636467837384,0.10190286651343419,21,0.022237028539561568
1164,S>E,0.45075189745712985,0.10241249406788674,21,0.02234823838930033
1164,S>>E,0.5094743902618963,0.108613554372987,21,0.023701420686305468
1165,E>>S,0.5963611260625209,0.1385243387226895,21,0.030228488942401287
1165,E>S,0.4757932044594615,0.10661459697938225,21,0.0232652124212014
1165,S~E,0.45615659163662864,0.08041517188638686,21,0.017548029152012028
1165,S>E,0.44958691010174123,0.0934719742416801,21,0.020397257015212458
1165,S>>E,0.4842336026520585,0.0981420311171269,21,0.021416346973854545
1166,E>>S,0.5752268988469741,0.13070825961286786,21,0.028522880649138396
1166,E>S,0.49218836036616975,0.11942064829052036,21,0.026059721920571825
1166,S~E,0.4591502796477576,0.08655874153585395,21,0.018888665959436612
1166,S>E,0.4649862024612152,0.0914023294425151,21,0.019945623493600774
1166,S>>E,0.510617234839315,0.08476669961663204,21,0.018497610352609547
1167,E>>S,0.6022553257482837,0.1437898460336235,21,0.0313775168388155
1167,E>S,0.4962891590775583,0.11918898817958797,21,0.026009169539912322
1167,S~E,0.4560182536907697,0.09447046945233406,21,0.020615146533492106
1167,S>E,0.45780571416464,0.11483484801452604,21,0.02505901825930071
1167,S>>E,0.511742664941418,0.10081025307032467,21,0.021998600739162724
1168,E>>S,0.605324465518079,0.139053582689768,21,0.030343979444317284
1168,E>S,0.4964002658218923,0.11689630818837808,21,0.025508865749244228
1168,S~E,0.4602579583011077,0.09323039602949292,21,0.020344540327421987
1168,S>E,0.4621957960295519,0.10837792646149888,21,0.023650002460579817
1168,S>>E,0.5198919401141732,0.09698032318652865,21,0.021162841520168976
1169,E>>S,0.5929646184260151,0.14983162348698137,21,0.03269594076796264
1169,E>S,0.49676885824524897,0.11691394056640661,21,0.025512713449577454
1169,S~E,0.449448476111649,0.08920668436482221,21,0.01946649445703959
1169,S>E,0.4625032152815047,0.1043613129243746,21,0.02277350552861523
1169,S>>E,0.5136133637011023,0.09204985682248457,21,0.02008692555232775
1170,E>>S,0.6147482454334954,0.15892865357320082,21,0.034681075480790795
1170,E>S,0.49827119853695606,0.10590263699025222,21,0.023109850014441005
1170,S~E,0.4469778237201543,0.10132331388550964,21,0.022110559787815145
1170,S>E,0.444074741854826,0.09775201735462648,21,0.021331238993438705
1170,S>>E,0.5072035770620285,0.09811599696590488,21,0.021410665856300793
1171,E>>S,0.5875080748091113,0.12260590326877181,21,0.02675480154178955
1171,E>S,0.48701882094129456,0.11696225270573375,21,0.025523256022694212
1171,S~E,0.44601137490380616,0.11553355819761213,21,0.025211489321340163
1171,S>E,0.469683151893348,0.0977610610026551,21,0.021333212479231544
1171,S>>E,0.5150134441038865,0.09111010343352195,21,0.019881854550446207
1172,E>>S,0.5779647643992557,0.1287739724936287,21,0.028100784594867374
1172,E>S,0.5024311147034347,0.11484737595671556,21,0.025061752080414307
1172,S~E,0.4775387475764174,0.10137754061253813,21,0.022122393029781705
1172,S>E,0.4535700120482502,0.10004309627001921,21,0.021831193400719873
1172,S>>E,0.49738926228656294,0.09546462679732756,21,0.020832089451879202
1173,E>>S,0.5833515155568959,0.12824207808775964,21,0.027984715719790297
1173,E>S,0.5018321164428476,0.130500479259797,21,0.02847753925885878
1173,S~E,0.4412540086663827,0.10009574477256378,21,0.02184268224586923
1173,S>E,0.4466779422263726,0.1038375850350814,21,0.02265921873355592
1173,S>>E,0.5216421947791537,0.09055000936339948,21,0.01975963200413039
1174,E>>S,0.5788548969705521,0.15173997775679923,21,0.03311237781054514
1174,E>S,0.4796645690692686,0.11853602910132383,21,0.025866682187443084
1174,S~E,0.45753569094000424,0.07774422794450392,21,0.01696518140007573
1174,S>E,0.4513079524041028,0.10791556663854744,21,0.023549107275485467
1174,S>>E,0.5189914376810117,0.09121089616459425,21,0.01990384932757193
1175,E>>S,0.5858450842587436,0.15978669952046592,21,0.03486831645712853
1175,E>S,0.500070004416464,0.12508472886867394,21,0.02729572563446316
1175,S~E,0.4550135382933125,0.10363211117615002,21,0.022614380661561267
1175,S>E,0.46592689551462274,0.10453312638895083,21,0.022810998300369194
1175,S>>E,0.49564384225507085,0.0934767755604877,21,0.020398304748873
1176,E>>S,0.5889426067479187,0.14636711975502908,21,0.03193992407286129
1176,E>S,0.48536297146679397,0.11401562444868549,21,0.02488024902113138
1176,S~E,0.4425587406177756,0.07885412745025984,21,0.017207381328595756
1176,S>E,0.4605944775418255,0.09525086647578,21,0.020785443125494928
1176,S>>E,0.5159277115227128,0.08118996887153841,21,0.01771710371547301
1177,E>>S,0.6145667700414702,0.16232998385175515,21,0.03542330659817272
1177,E>S,0.5024057867839605,0.11654907731141544,21,0.025433093759848646
1177,S~E,0.4415032305762132,0.08995292589561885,21,0.01962933770949651
1177,S>E,0.4762938059001901,0.09287854570028457,21,0.0202677602909033
1177,S>>E,0.5056807152023698,0.09426212066000822,21,0.020569681099597545
1178,E>>S,0.582387435610579,0.1287530819957916,21,0.02809622591450338
1178,E>S,0.5040948097935726,0.11942368451151134,21,0.026060384478310765
1178,S~E,0.4496355782293555,0.10312813746991606,21,0.022504404582652477
1178,S>E,0.44960272807638646,0.10413753588998038,21,0.022724673376286458
1178,S>>E,0.49894959241555287,0.0967536804715103,21,0.021113384025060314
1179,E>>S,0.5973402911715562,0.15742043001932926,21,0.03435195411886072
1179,E>S,0.49428675386225746,0.1055446593550955,21,0.023031732890145436
1179,S~E,0.4500505203486448,0.11485255032801611,21,0.025062881220802812
1179,S>E,0.4437312907248683,0.10612226563344075,21,0.023157776913593
1179,S>>E,0.4939057029333114,0.10311639119800536,21,0.022501841335977987
1180,E>>S,0.6006386287998877,0.14067603693301028,21,0.03069802798628205
1180,E>S,0.49804696678553106,0.11939055399406702,21,0.02605315480669164
1180,S~E,0.4640791259085821,0.0943790473664241,21,0.02059519659878386
1180,S>E,0.4470444554605412,0.09335374944166479,21,0.020371458248779544
1180,S>>E,0.5064428287223377,0.10587871206645093,21,0.02310462916804503
1181,E>>S,0.5987607415174343,0.13237529913037288,21,0.028886658495588368
1181,E>S,0.49814031173104373,0.12381467626199302,21,0.027018577434144524
1181,S~E,0.44420925410599255,0.08821051664291493,21,0.01924911283844379
1181,S>E,0.4463611783387904,0.10715932047325888,21,0.02338408083279714
1181,S>>E,0.5198582286293272,0.09881640200208723,21,0.02156350676560717
1182,E>>S,0.6009704471164707,0.14292866317856512,21,0.03118959133307725
1182,E>S,0.4989810484660661,0.12442114621198293,21,0.02715092002712285
1182,S~E,0.44979164312496567,0.09704440648649738,21,0.021176825642687514
1182,S>E,0.44647426657527883,0.09470507534768807,21,0.020666341737013184
1182,S>>E,0.5039153630885806,0.09037577822263268,21,0.01972161165217885
1183,E>>S,0.5919058454986931,0.12652595113400306,21,0.027610226116564416
1183,E>S,0.5076579120525216,0.11263014812031805,21,0.02457791329978313
1183,S~E,0.46448155059476914,0.0960599324839794,21,0.020961995802865858
1183,S>E,0.4425647419574497,0.0893484439489736,21,0.01949742893441384
1183,S>>E,0.5058774396718688,0.093091457186138,21,0.020314221386153245
1184,E>>S,0.5747091211587294,0.14887774245529478,21,0.03248778686169186
1184,E>S,0.47362479489498294,0.11128729767472431,21,0.0242848793086432
1184,S~E,0.44587364033918964,0.10137245771441493,21,0.022121283850476976
1184,S>E,0.4544741663497492,0.08554357530826062,21,0.018667138527012364
1184,S>>E,0.5106552077435845,0.07929528128875597,21,0.017303648988501893
1185,E>>S,0.6018118373446735,0.14832087855814452,21,0.03236626919690714
1185,E>S,0.49271908986456153,0.12540805883837589,21,0.027366282018301585
1185,S~E,0.44772138665918043,0.08635535663881252,21,0.01884428373629837
1185,S>E,0.4524754142005072,0.09130687147109541,21,0.019924792856471363
1185,S>>E,0.4830014654495804,0.11747682007384207,21,0.025635543828147096
1186,E>>S,0.5815326931667545,0.1354450496808889,21,0.029556532984272754
1186,E>S,0.4925269232510945,0.12076752444033406,21,0.026353634392393348
1186,S~E,0.4471879088040735,0.09153616480397248,21,0.019974828763816975
1186,S>E,0.44946098791923117,0.10694071943428238,21,0.02333637817526829
1186,S>>E,0.49845682629702914,0.09762378345168739,21,0.02130325606168261
1187,E>>S,0.592372626983261,0.14641596578539973,21,0.03195058315055518
1187,E>S,0.49016446296845034,0.13090243397776988,21,0.028565252969385228
1187,S~E,0.4392518099490764,0.08476144449691816,21,0.01849646359147265
1187,S>E,0.4586552318689267,0.0865963944135659,21,0.01889688249097223
1187,S>>E,0.5090644276454233,0.10163832852241578,21,0.02217930161727426
1188,E>>S,0.6009961091767567,0.17402280848410773,21,0.03797489012034415
1188,E>S,0.503148870949088,0.12192384533056679,21,0.026605964297495736
1188,S~E,0.45989830007320504,0.10915974232312656,21,0.023820608668457244
1188,S>E,0.4527328386703002,0.0959899919054865,21,0.02094673351738525
1188,S>>E,0.5067623337270943,0.08945133463113487,21,0.019519881522000015
1189,E>>S,0.59313008665943,0.15078948110545756,21,0.032904962436612985
1189,E>S,0.5028927391662649,0.11091666896375808,21,0.024204001493275264
1189,S~E,0.4592402100168911,0.09939846902212982,21,0.021690524202696813
1189,S>E,0.43703507904873573,0.10039812141583218,21,0.021908666239019905
1189,S>>E,0.5051550471541615,0.08406789267694725,21,0.018345118176549265
1190,E>>S,0.5971975670045173,0.13668183077829374,21,0.02982642074603219
1190,E>S,0.49087463071109627,0.11634742410636169,21,0.02538908942288249
1190,S~E,0.4456920320443663,0.0971057835123982,21,0.02119021920778855
1190,S>E,0.44151118271705264,0.09574388768769634,21,0.020893029174200904
1190,S>>E,0.5085145100938925,0.10002771932336965,21,0.021827837875863735
1191,E>>S,0.6077266496161513,0.14265604168887688,21,0.03113010044676449
1191,E>S,0.47986804370785757,0.11538027649812259,21,0.025178040512265767
1191,S~E,0.45477433951693635,0.07625787623539415,21,0.016640832865965134
1191,S>E,0.44533772489825957,0.10312910347895946,21,0.022504615383107874
1191,S>>E,0.4962703872579515,0.09343976816364885,21,0.0203902290728117
1192,E>>S,0.583268806683825,0.14973421882057675,21,0.03267468532716068
1192,E>S,0.5080574869304295,0.11812138681065461,21,0.025776199821570627
1192,S~E,0.44728887978075216,0.09324548404357985,21,0.020347832802023888
1192,S>E,0.45937726332135187,0.09709815104235142,21,0.021188553666277653
1192,S>>E,0.5259482788620695,0.10194452257481902,21,0.022246118637392506
1193,E>>S,0.5925981657991048,0.14082266017938191,21,0.03073002380176482
1193,E>S,0.48238178391614556,0.10812110933641092,21,0.02359396036936665
1193,S~E,0.4501290153911223,0.08171522853690884,21,0.017831724771476206
1193,S>E,0.4531929623008311,0.09750638658385974,21,0.021277637964864947
1193,S>>E,0.5043391406961361,0.08422477677745246,21,0.018379353093973084
1194,E>>S,0.582003145107817,0.14176507496757063,21,0.030935675568570558
1194,E>S,0.49606170703199026,0.09713226294620365,21,0.021195997493968218
1194,S~E,0.4438783729002437,0.08599738607402262,21,0.018766168154883328
1194,S>E,0.44966393663659204,0.10593212006121075,21,0.023116283747983253
1194,S>>E,0.5135370946700731,0.1206148371519718,21,0.026320315294461077
1195,E>>S,0.5897026302743145,0.13251856198404033,21,0.028917921013264868
1195,E>S,0.47657118152194233,0.12070607533341023,21,0.026340225097923543
1195,S~E,0.46563648203542873,0.0934622043605116,21,0.02039512505235601
1195,S>E,0.4796883434905991,0.10598651436891639,21,0.023128153559051626
1195,S>>E,0.5072262353666077,0.10601773236090299,21,0.023134965883400346
1196,E>>S,0.5778752019592011,0.14608700517061754,21,0.03187879805922667
1196,E>S,0.4809835172294079,0.12011883547397922,21,0.026212078854736028
1196,S~E,0.45135852863645887,0.0862237392981186,21,0.01881556247789367
1196,S>E,0.47668685734321997,0.09322894990983924,21,0.02034422475824213
1196,S>>E,0.5123151378569839,0.09594182153212037,21,0.020936221880137416
1197,E>>S,0.5824570655997109,0.1602003838466893,21,0.034958589778020695
1197,E>S,0.5021914383278966,0.10865643300331637,21,0.023710777570552153
1197,S~E,0.4559733861398598,0.09786266501840503,21,0.021355384293188
1197,S>E,0.4561978722028394,0.08684533801294964,21,0.018951206438017502
1197,S>>E,0.504949216618915,0.09707805684728006,21,0.021184168753423188
1198,E>>S,0.5820785391778485,0.1544946752116072,21,0.033713502077371796
1198,E>S,0.4868171542553289,0.14016106265192407,21,0.030585651385137618
1198,S~E,0.43656921839522156,0.09146607727080748,21,0.019959534410197866
1198,S>E,0.44598501999348106,0.09733559513769399,21,0.0212403682158123
1198,S>>E,0.5047469268760972,0.09562254867985488,21,0.020866550831906413
1199,E>>S,0.5847940604975388,0.1594906152063759,21,0.03480370556277583
1199,E>S,0.4902215471527261,0.12803873390889633,21,0.027940342382086977
1199,S~E,0.45430800916333947,0.08557782771912846,21,0.01867461301584744
1199,S>E,0.4370264723288152,0.11609413575915113,21,0.02533381737413284
1199,S>>E,0.48932545444274034,0.110709612126061,21,0.02415881798699407
1200,E>>S,0.5909043704074155,0.15363914359491376,21,0.03352680977294677
1200,E>S,0.49258864260272295,0.11477917398135917,21,0.02504686918924211
1200,S~E,0.4449445690454933,0.08700144740079098,21,0.01898527229927827
1200,S>E,0.45277122075002457,0.11042331435110554,21,0.024096342690564033
1200,S>>E,0.4894326754208725,0.07380206803123537,21,0.016104931580829363
1201,E>>S,0.5836287605818284,0.1564021794004253,21,0.034129753617071996
1201,E>S,0.4836113441331628,0.13367888910353284,21,0.029171125149264128
1201,S~E,0.45609881895353205,0.08614557961858446,21,0.018798506637524207
1201,S>E,0.4490018212902279,0.08802387042529554,21,0.01920838329461436
1201,S>>E,0.5074991085096764,0.09782880323372194,21,0.02134799504597483
1202,E>>S,0.5890871337077792,0.15761133177172254,21,0.03439361229651033
1202,E>S,0.4918338815734283,0.12220332702567197,21,0.02666695220336117
1202,S~E,0.46471110839213603,0.08150303085431267,21,0.017785419440867103
1202,S>E,0.4366442655519601,0.09676942766101754,21,0.021116820343531732
1202,S>>E,0.49138839747632573,0.0780672900350156,21,0.017035679327882417
1203,E>>S,0.6072252158848366,0.13618195138002961,21,0.029717338118370556
1203,E>S,0.49737985826158204,0.13370633111338406,21,0.029177113486757698
1203,S~E,0.440669032611833,0.09198661728657342,21,0.02007312555422172
1203,S>E,0.439397470059813,0.08075022962933089,21,0.01762114474578451
1203,S>>E,0.4961247434542863,0.09438922193766887,21,0.02059741687225495
1204,E>>S,0.5973853345919429,0.1504656918079222,21,0.03283430581922383
1204,E>S,0.48172398508076375,0.11591836673953831,21,0.025295461429504083
1204,S~E,0.44823139504132586,0.09776339664353291,21,0.021333722157856252
1204,S>E,0.434718519396705,0.10565910191144781,21,0.02305670630334585
1204,S>>E,0.49722509605555065,0.09241068326950916,21,0.020165664338338808
1205,E>>S,0.5981439632949614,0.13691430335572788,21,0.02987715042141759
1205,E>S,0.47904362398992656,0.11482796277326829,21,0.025057515776479678
1205,S~E,0.4406090523898542,0.0882269271032083,21,0.01925269389446681
1205,S>E,0.4324579069297356,0.10444442522395833,21,0.022791642119283053
1205,S>>E,0.4849777392461667,0.08909639508556387,21,0.019442427363204187
1206,E>>S,0.5821046490433256,0.14884900915721358,21,0.03248151674200506
1206,E>S,0.48477307384233415,0.1260737329625892,21,0.027511544021272104
1206,S~E,0.4712002060900196,0.09541902964481881,21,0.020822139337457975
1206,S>E,0.4476841061052988,0.1110836156021842,21,0.024240432236494604
1206,S>>E,0.5005674115521146,0.09057057129876939,21,0.01976411898628598
1207,E>>S,0.5903809253185804,0.1460455716684382,21,0.03186975652779601
1207,E>S,0.4928921448838319,0.1224483460801713,21,0.02672041974450163
1207,S~E,0.45239482933712827,0.08888371378531612,21,0.019396016498571478
1207,S>E,0.4306379368721476,0.09347817779657051,21,0.020398610741872606
1207,S>>E,0.5079322969714309,0.0734727958212114,21,0.01603307849384459
1208,E>>S,0.5854007242472171,0.1439708320652015,21,0.031417011228788636
1208,E>S,0.49648257355497516,0.14504816037975576,21,0.03165210354068217
1208,S~E,0.44224666646003497,0.08468852696075348,21,0.018480551680569585
1208,S>E,0.4464460945982755,0.10230254577662037,21,0.022324245705145133
1208,S>>E,0.4899302271318772,0.09675057934312635,21,0.021112707303367017
1209,E>>S,0.5694532970760445,0.12746945497535533,21,0.027816115534253866
1209,E>S,0.49196978229557076,0.14516872923371407,21,0.031678413821621114
1209,S~E,0.46546059704115955,0.0875915868274853,21,0.019114051279916583
1209,S>E,0.451987963651042,0.09953063102452751,21,0.021719364316029402
1209,S>>E,0.48561955500169374,0.09431971780291987,21,0.020582249826607345
1210,E>>S,0.5850045827204575,0.15891570205479907,21,0.03467824922776981
1210,E>S,0.4578796226172785,0.1306888375076606,21,0.028518642398316127
1210,S~E,0.4440324837383365,0.08569317753295967,21,0.018699784408860803
1210,S>E,0.44618454557483045,0.10579461510117583,21,0.02308627770570745
1210,S>>E,0.5160659985330179,0.09200827599736185,21,0.020077851872395202
1211,E>>S,0.5632936979519949,0.15426424812893616,21,0.033663218765538086
1211,E>S,0.490857677185848,0.11590084191630944,21,0.025291637199552318
1211,S~E,0.4331076041567578,0.0965440792522096,21,0.021067645289193627
1211,S>E,0.4377505149983091,0.10993422690311407,21,0.023989615059522428
1211,S>>E,0.4946250763367995,0.07048374470290186,21,0.015380814064999549
1212,E>>S,0.5874999929710183,0.16906710205334877,21,0.036893466318394984
1212,E>S,0.4886319908339054,0.12733267579882881,21,0.02778626787092403
1212,S~E,0.4500052828014029,0.07771350400956177,21,0.016958476887812907
1212,S>E,0.4367736341482673,0.0904879074393314,21,0.01974608025328066
1212,S>>E,0.5088247979614471,0.10712763487117802,21,0.023377166467560197
1213,E>>S,0.5756342809721501,0.13055943574952047,21,0.02849040461966196
1213,E>S,0.47988706333616477,0.138197310058049,21,0.030157125437156745
1213,S~E,0.4572201442282444,0.08573155204215654,21,0.018708158413296587
1213,S>E,0.451646611807043,0.10284630874502479,21,0.022442904512898803
1213,S>>E,0.49734292743832514,0.09065970547085707,21,0.019783569657266888
1214,E>>S,0.5723044975457202,0.13612328232408932,21,0.029704535480761126
1214,E>S,0.4801819555315604,0.1215688530076312,21,0.02652849862173476
1214,S~E,0.4643112782494077,0.09257045180259246,21,0.020200528690554345
1214,S>E,0.4499977516963536,0.09289179457936035,21,0.02027065143334321
1214,S>>E,0.49430447359369944,0.08624793121861317,21,0.01882084158774475
1215,E>>S,0.5982567213887141,0.16789687642718862,21,0.03663810215115423
1215,E>S,0.49398118164277804,0.11586525879590508,21,0.025283872326089665
1215,S~E,0.45282647484855126,0.08895167149698571,21,0.019410846087037283
1215,S>E,0.44340167135672165,0.09921908375302106,21,0.021651379127732486
1215,S>>E,0.5045393902854889,0.08379447622214478,21,0.018285453814626464
1216,E>>S,0.5817079284180837,0.15183210263861593,21,0.03313248110789342
1216,E>S,0.5005046678103633,0.12211496789230589,21,0.02664767065969494
1216,S~E,0.447674582611509,0.09492853421046736,21,0.020715104458603414
1216,S>E,0.4427389297803997,0.08953740531370866,21,0.01953866368476244
1216,S>>E,0.47481174864202796,0.09571299414431679,21,0.020886287650342703
1217,E>>S,0.5874215178053185,0.14208755269775528,21,0.031006045978499545
1217,E>S,0.48111530514423057,0.14891665605239385,21,0.03249627850475231
1217,S~E,0.45625047320171785,0.10378963937741689,21,0.022648756133294392
1217,S>E,0.4536838600530477,0.09389726666069628,21,0.02049006342962353
1217,S>>E,0.49524779530650553,0.08235232465212236,21,0.01797075054161565
1218,E>>S,0.5829885884378699,0.14216803350031357,21,0.031023608329438315
1218,E>S,0.4664792843265563,0.14275904299968709,21,0.031152577175501035
1218,S~E,0.4436060669533076,0.0943320870673235,21,0.020584949021389277
1218,S>E,0.44241539651325884,0.09642389157234572,21,0.021041418187261372
1218,S>>E,0.5158788234864888,0.09635883813484047,21,0.021027222363376376
1219,E>>S,0.5545137948378552,0.15434881014557125,21,0.033681671710402296
1219,E>S,0.4940531898334099,0.13348782630742437,21,0.02912943182899475
1219,S~E,0.46353798199969115,0.07605796259342464,21,0.016597208132785153
1219,S>E,0.42913293713500744,0.09131131629223872,21,0.019925762795963732
1219,S>>E,0.5062542619774316,0.08557219877204786,21,0.018673384678891264
1220,E>>S,0.5713586929706336,0.13838926937533388,21,0.03019901439438579
1220,E>S,0.47223175180581717,0.13474697907963223,21,0.02940420149043075
1220,S~E,0.43932594953358056,0.09327044423626696,21,0.020353279562611952
1220,S>E,0.4416628866954076,0.1040387050157537,21,0.022703106711422533
1220,S>>E,0.5188779043341074,0.1082247124715043,21,0.02361656842692856
1221,E>>S,0.5747711176341377,0.16345784543099826,21,0.03566942617247339
1221,E>S,0.48311745408117723,0.13992573446147785,21,0.030534298563905393
1221,S~E,0.4488112868916797,0.08431396763197213,21,0.018398816134074708
1221,S>E,0.44377333082636355,0.09530267243379754,21,0.02079674811235517
1221,S>>E,0.49577660366871407,0.10233753246269185,21,0.022331880425965997
1222,E>>S,0.5927772357096419,0.18389151922290747,21,0.04012841935711431
1222,E>S,0.49178973150520744,0.12325121187272349,21,0.026895619423895015
1222,S~E,0.45414504999757926,0.09420046417890751,21,0.020556226552372374
1222,S>E,0.45001400126332636,0.1015598869169375,21,0.022162184255620068
1222,S>>E,0.48773198107047927,0.0836878591933805,21,0.018262188071546292
1223,E>>S,0.5991262016396617,0.16655564361168337,21,0.03634542115583939
1223,E>S,0.4818396182549407,0.1077785015164213,21,0.023519197213710163
1223,S~E,0.4571726127874764,0.09974465998175201,21,0.021766069263524344
1223,S>E,0.45797710379831275,0.10728061842921346,21,0.023410550216835486
1223,S>>E,0.48697659212155353,0.082556154471843,21,0.018015229854842267
1224,E>>S,0.5754422559592784,0.15373582740229425,21,0.03354790790941332
1224,E>S,0.48460206053739247,0.13610591827656143,21,0.029700746334943632
1224,S~E,0.45276816572272094,0.0920418491905319,21,0.020085178143777256
1224,S>E,0.46162703032879454,0.0925781647217682,21,0.020202211787504438
1224,S>>E,0.4924340205306592,0.09458158421531664,21,0.020639393762644235
1225,E>>S,0.5790335795474167,0.1345070572860415,21,0.029351846262811745
1225,E>S,0.4951418263149382,0.11093985536222885,21,0.024209061180231726
1225,S~E,0.4570971877463649,0.08652263952359493,21,0.018880787854488174
1225,S>E,0.4359895261980255,0.09725321021401723,21,0.021222390351580304
1225,S>>E,0.49016955311876903,0.08951584252844019,21,0.019533958299253543
1226,E>>S,0.5976481261461588,0.14267191025467427,21,0.031133563251713865
1226,E>S,0.4930572744844557,0.13033386030264082,21,0.02844118002155484
1226,S~E,0.44804096753182004,0.09499716440448197,21,0.02073008079474777
1226,S>E,0.4405311739654807,0.11160867261038127,21,0.024355009069076988
1226,S>>E,0.4996772993622801,0.07590694036175098,21,0.016564252380010597
1227,E>>S,0.5803439440194617,0.17144568284489026,21,0.03741251520048103
1227,E>S,0.4784900627450305,0.13927376277161838,21,0.03039202667725066
1227,S~E,0.4547073524371572,0.09257194391128352,21,0.020200854295364914
1227,S>E,0.4373649063907263,0.11956411014363014,21,0.026091027863486785
1227,S>>E,0.48177142450384264,0.0981823688896427,21,0.021425149397469763
1228,E>>S,0.5895564803697321,0.13488123853239858,21,0.02943349930495766
1228,E>S,0.4779466931933098,0.1260431523856429,21,0.027504870792288683
1228,S~E,0.4607673187844985,0.1001818955352907,21,0.021861481883553722
1228,S>E,0.4374058147999837,0.1050787515982451,21,0.02293006348240096
1228,S>>E,0.5036052455061242,0.10340573375626266,21,0.02256498105859638
1229,E>>S,0.5749839137168321,0.15622087586738181,21,0.034090189942598915
1229,E>S,0.48744919205600545,0.13467082370577912,21,0.02938758302541839
1229,S~E,0.44003000466460696,0.09436467567550207,21,0.020592060438711732
1229,S>E,0.4424179294461786,0.09486602968717034,21,0.020701464853399333
1229,S>>E,0.49403286069546937,0.07487151358417936,21,0.016338303733115064
1230,E>>S,0.5826751632709896,0.1671020495609609,21,0.03646465670930312
1230,E>S,0.46965721881609185,0.12571591907586874,21,0.027433462629814827
1230,S~E,0.43628210018526226,0.071324280637313,21,0.015564234043274285
1230,S>E,0.4470008115054314,0.1049122595495173,21,0.02289373193878651
1230,S>>E,0.5100333522890617,0.08427854153150684,21,0.018391085525171887
1231,E>>S,0.6053922460951068,0.15916751319267902,21,0.0347331989230159
1231,E>S,0.4843161925669362,0.12299894707102206,21,0.026840570731086928
1231,S~E,0.44465904507152665,0.08901278611614588,21,0.01942418239029299
1231,S>E,0.4316442933272851,0.09283490493891311,21,0.020258237096028527
1231,S>>E,0.4912728754496244,0.08139291222440918,21,0.017761389585773887
1232,E>>S,0.5945528204649911,0.14486219905258643,21,0.031611523452201785
1232,E>S,0.47428183929756296,0.13305072839506596,21,0.02903404924473334
1232,S~E,0.45461259796782455,0.08379307033940717,21,0.018285147025861544
1232,S>E,0.45486871164058534,0.09220351278007867,21,0.02012045603121613
1232,S>>E,0.5015609894762255,0.08993290308679633,21,0.01962496837439866
1233,E>>S,0.561397829103904,0.16025361025075446,21,0.034970204731620644
1233,E>S,0.47499270399897336,0.11323977412048263,21,0.02471094459937205
1233,S~E,0.4568002093219693,0.09835669740240567,21,0.02146319099773288
1233,S>E,0.4524219894099753,0.10190286394707439,21,0.022237027979535945
1233,S>>E,0.5019701584647324,0.08037524982196882,21,0.01753931744334086
1234,E>>S,0.5871694773743273,0.13445790789723294,21,0.029341120986879552
1234,E>S,0.49283275688137823,0.11532481206295016,21,0.02516593718023931
1234,S~E,0.45095455381273825,0.09059328762647878,21,0.019769076095392635
1234,S>E,0.4440207766490764,0.11705699605752325,21,0.0255439307170356
1234,S>>E,0.5015435282351397,0.08934247617516454,21,0.019496126659403822
1235,E>>S,0.5797631789356016,0.1545378210572498,21,0.03372291727278037
1235,E>S,0.49543744387662547,0.12199569695451393,21,0.026621643607283512
1235,S~E,0.46243933123786735,0.08526632723000394,21,0.01860663803630321
1235,S>E,0.4354757981976778,0.09670588512787202,21,0.021102954226008466
1235,S>>E,0.5062396103895089,0.08335686126205934,21,0.018189958401300912
1236,E>>S,0.5780775897367992,0.17010865035095946,21,0.03712075079047848
1236,E>S,0.4747246619737306,0.11173715817908574,21,0.02438304691880545
1236,S~E,0.44471688510465957,0.08132563752599754,21,0.017746709043020236
1236,S>E,0.4493223168104569,0.09844185782104306,21,0.021481774524619544
1236,S>>E,0.49870828482567875,0.08035552023130983,21,0.017535012093692036
1237,E>>S,0.5658498061428651,0.16441417635902708,21,0.03587811468995527
1237,E>S,0.47781608913300305,0.11457895066215876,21,0.025003176878950147
1237,S~E,0.45071634976166564,0.08548543499600629,21,0.018654451270734562
1237,S>E,0.45166587929216845,0.08783819685131898,21,0.019167865999028616
1237,S>>E,0.5375085072488264,0.07740845228394232,21,0.016891909143835378
1238,E>>S,0.5953562756110656,0.15782643608924599,21,0.03444055190686095
1238,E>S,0.49345097763542445,0.1257974275057844,21,0.02745124922742747
1238,S~E,0.4539995334740032,0.08987146721608993,21,0.0196115619683083
1238,S>E,0.4407455343491823,0.0993980932425329,21,0.02169044220086598
1238,S>>E,0.5016084684429719,0.08849597798009595,21,0.019311405609187378
1239,E>>S,0.5870464937832471,0.14856936063718257,21,0.03242049243195627
1239,E>S,0.485401311184945,0.11212058999856461,21,0.02446671860150148
1239,S~E,0.4636024926291372,0.09178384769869191,21,0.020028877602550194
1239,S>E,0.4462155264452085,0.09267144191872614,21,0.020222566540631724
1239,S>>E,0.4990136805151336,0.09869335092406614,21,0.021536654818970144
1240,E>>S,0.5819449079506231,0.14442677380063346,21,0.03151650587236513
1240,E>S,0.47754134483900773,0.11090354213922675,21,0.02420113698532054
1240,S~E,0.44787958462566746,0.1025388750964282,21,0.022375816990714503
1240,S>E,0.44665463984862874,0.08486652391743542,21,0.018519393800925144
1240,S>>E,0.48929403097528035,0.09498656506596108,21,0.020727767829457844
1241,E>>S,0.5835537783209096,0.13228446822160325,21,0.02886683756630844
1241,E>S,0.4694516185052994,0.12280424148072087,21,0.02679808248795425
1241,S~E,0.45914911216389337,0.10683460516397954,21,0.023313222143078873
1241,S>E,0.4630230157383739,0.10210512128761585,21,0.022281164149673648
1241,S>>E,0.5058789302445426,0.09027545912767099,21,0.019699720230925925
1242,E>>S,0.5861757497916786,0.1398956651873302,21,0.030527736910339966
1242,E>S,0.48453286618471597,0.1400493783104125,21,0.03056127986376057
1242,S~E,0.4710978991929232,0.10981517601716265,21,0.023963636026359383
1242,S>E,0.43524030164872807,0.10819298816078703,21,0.023609645614774646
1242,S>>E,0.5098156080415744,0.07982847625406975,21,0.017420001668917117
1243,E>>S,0.5861477239120919,0.15848127505287388,21,0.03458344948394815
1243,E>S,0.48090865576904235,0.13465240802701584,21,0.029383564394851402
1243,S~E,0.42569736809961384,0.09130540559821154,21,0.019924472976783292
1243,S>E,0.4359068852233213,0.0926801631693183,21,0.020224469673536166
1243,S>>E,0.5098060470980282,0.09180233055385581,21,0.0200329108922096
1244,E>>S,0.5678060862138593,0.1720868266949084,21,0.03755242425876977
1244,E>S,0.47319732922707436,0.12461445934491779,21,0.027193104411146807
1244,S~E,0.4404917178123457,0.09092046670427623,21,0.01984047242347895
1244,S>E,0.4604981443992212,0.10127063797759597,21,0.02209906496232396
1244,S>>E,0.5115928843223015,0.0967771611649587,21,0.021118507932445903
1245,E>>S,0.585085849065908,0.14723403235705382,21,0.032129099911894124
1245,E>S,0.4713214945719638,0.13166213283532432,21,0.028731032851295454
1245,S~E,0.4481691180647498,0.08642995628267497,21,0.018860562713194386
1245,S>E,0.4415101307133632,0.08886200126556291,21,0.019391278438319226
1245,S>>E,0.48845402816394196,0.07402276192263073,21,0.016153090936197628
1246,E>>S,0.5742993084949423,0.13462574718589773,21,0.029377746522350694
1246,E>S,0.4856422886358961,0.1392113443934999,21,0.030378405870465693
1246,S~E,0.44972433711628945,0.08711284247161642,21,0.01900958069661649
1246,S>E,0.4459583255265577,0.11103234197478418,21,0.024229243413698625
1246,S>>E,0.5143201186664746,0.10816000994303257,21,0.023602449177672527
1247,E>>S,0.5880199071997451,0.14008257041370634,21,0.030568522974513845
1247,E>S,0.4834685662962757,0.12171637698011178,21,0.026560690991768703
1247,S~E,0.44264783787113515,0.10782149586510821,21,0.02352857934977269
1247,S>E,0.45331547494710667,0.08499659740056073,21,0.0185477781619884
1247,S>>E,0.5110377991921162,0.09103433082335116,21,0.019865319611317062
1248,E>>S,0.5797330360571759,0.16687964315831477,21,0.03641612365334271
1248,E>S,0.479794612852474,0.1195193354340266,21,0.02608125722082117
1248,S~E,0.4473752465972193,0.09303888143453876,21,0.020302748416561687
1248,S>E,0.44545911274730543,0.09397858412409094,21,0.020507808354924852
1248,S>>E,0.49003199562689403,0.07737459639593985,21,0.016884521183383416
1249,E>>S,0.5856777858893729,0.17004480129366123,21,0.037106817783901305
1249,E>S,0.48829249659298696,0.1237560462067897,21,0.027005783307193637
1249,S~E,0.44669771590746016,0.08270332834552462,21,0.018047345827054927
1249,S>E,0.4457343762351271,0.08699579757150981,21,0.018984039405452343
1249,S>>E,0.5136441762132217,0.08085233249854216,21,0.017643425418490833
1250,E>>S,0.5824036400154148,0.13543355166123677,21,0.029554023910682372
1250,E>S,0.4729419578181497,0.129468226173618,21,0.02825228316820321
1250,S~E,0.450837616246683,0.096283408087397,21,0.02101076217756286
1250,S>E,0.44271770789323484,0.09205243639986602,21,0.020087488462261632
1250,S>>E,0.5100956440437276,0.077397997339446,21,0.01688962768790486
1251,E>>S,0.5966533014698654,0.16302364064216915,21,0.035574674919524735
1251,E>S,0.4803199823931406,0.12924703108077862,21,0.028204014441713245
1251,S~E,0.45224866091049715,0.08934168645430791,21,0.019495954328184614
1251,S>E,0.43876196952712315,0.1011358231907636,21,0.022069645963968786
1251,S>>E,0.492757219171133,0.1511885435840428,21,0.032992045008762204
1252,E>>S,0.5861316384507448,0.16565625963522704,21,0.03614915948198503
1252,E>S,0.4861472621093005,0.13378502521689625,21,0.02919428594800014
1252,S~E,0.45674316004485654,0.08989788889231085,21,0.01961732765074973
1252,S>E,0.45275109225419996,0.10030082788755582,21,0.021887435050545818
1252,S>>E,0.49968055442603626,0.09780245820018468,21,0.021342246088338134
1253,E>>S,0.5863911207436551,0.14993850975602974,21,0.032719265264089574
1253,E>S,0.4685559988294043,0.13165295125834525,21,0.02872902926693804
1253,S~E,0.43044543909490623,0.08007678118210983,21,0.017474186246449225
1253,S>E,0.43250371236971635,0.09219346894060165,21,0.020118264285755586
1253,S>>E,0.4976905908401312,0.06657379581480703,21,0.01452759326770893
1254,E>>S,0.5696363232126433,0.14427533171832005,21,0.031483458500669755
1254,E>S,0.46233086744432295,0.1325979277978549,21,0.028935240053712345
1254,S~E,0.46192995968967826,0.11760036189822633,21,0.025662502864420133
1254,S>E,0.4602089595740428,0.10644840844971244,21,0.023228947110875434
1254,S>>E,0.50610903324794,0.0819376512669599,21,0.01788026139036848
1255,E>>S,0.5792182481193558,0.14147087381314033,21,0.030871475613345786
1255,E>S,0.4668617042764472,0.14445743268225555,21,0.031523196188829705
1255,S~E,0.445061385092187,0.10357954389850463,21,0.022602909541138038
1255,S>E,0.4421427286498553,0.08489062318235584,21,0.018524652691672316
1255,S>>E,0.5051045983788052,0.06833684810949313,21,0.014912322819831056
1256,E>>S,0.5940513461211874,0.1770392032432261,21,0.03863312142079786
1256,E>S,0.4888283046365898,0.12373939553439328,21,0.02700214983259228
1256,S~E,0.4346530000466635,0.07616651022020314,21,0.01662089516689088
1256,S>E,0.44408770955905796,0.08925335016970133,21,0.019476677770526477
1256,S>>E,0.5042487739891605,0.08300834440328136,21,0.018113905787666706
1257,E>>S,0.5547249467569182,0.14893273161371356,21,0.03249978647982786
1257,E>S,0.46687818916580814,0.13374357284697339,21,0.02918524029929029
1257,S~E,0.44555715885311475,0.08797171221229631,21,0.019197001439415187
1257,S>E,0.4543297846155959,0.0883771112891552,21,0.019285466770670952
1257,S>>E,0.5211102820314837,0.08485451860896254,21,0.01851677402783856
1258,E>>S,0.5794275609407823,0.1664682876311497,21,0.036326358518067835
1258,E>S,0.4746035464592814,0.12103450085785754,21,0.026411893422968083
1258,S~E,0.4654561962128597,0.10122281209236259,21,0.022088628498549662
1258,S>E,0.44457184890387824,0.10012419605280135,21,0.021848890824217187
1258,S>>E,0.5182753769472715,0.08677249831790475,21,0.018935311513439374
1259,E>>S,0.5677349377028329,0.15686921094986778,21,0.03423166825646498
1259,E>S,0.4595989139069011,0.14481679562036778,21,0.03160161561101356
1259,S~E,0.4378802438445675,0.08718549079108803,21,0.019025433859620775
1259,S>E,0.4495401350308541,0.10142355995513429,21,0.022132435273633087
1259,S>>E,0.5171657968881681,0.08970356610598819,21,0.019574922942293616
1260,E>>S,0.5600619599995511,0.14066190505032974,21,0.030694944156658438
1260,E>S,0.4857008565493614,0.11729463001570341,21,0.025595786698038105
1260,S~E,0.4506481349656229,0.10490096284392364,21,0.022891266795525243
1260,S>E,0.4582711186479017,0.087228926507345,21,0.01903491230998326
1260,S>>E,0.5154049556756062,0.08729002956538413,21,0.019048246090395526
1261,E>>S,0.5862042894647438,0.15240431266364343,21,0.03325734757232681
1261,E>S,0.4860060640447508,0.13073319246921128,21,0.028528321444447214
1261,S~E,0.45376513051740797,0.07975695451095165,21,0.017404394345027885
1261,S>E,0.44506414651484655,0.11259830648826433,21,0.024570964886014696
1261,S>>E,0.5343227140660476,0.08253239880401313,21,0.018010045943127287
1262,E>>S,0.5896677404819912,0.16726417110091468,21,0.03650003452971365
1262,E>S,0.4837037390486993,0.1179467500161282,21,0.025738090948711496
1262,S~E,0.4394351314985509,0.08759286750755033,21,0.019114330747218442
1262,S>E,0.4567108487735726,0.09948045554928943,21,0.02170841512968136
1262,S>>E,0.5046492387848558,0.08069314561721108,21,0.01760868799309352
1263,E>>S,0.5959958961533908,0.15648371756424223,21,0.03414754670315385
1263,E>S,0.4901358563071496,0.12667907658286512,21,0.027643640828956536
1263,S~E,0.4480719741834185,0.09768700633093756,21,0.021317052425007227
1263,S>E,0.4427633482860447,0.09406080746539651,21,0.02052575095899271
1263,S>>E,0.5163348588419888,0.07737671670952422,21,0.016884983873740433
1264,E>>S,0.5736960031909545,0.15996528764207502,21,0.034907287580247276
1264,E>S,0.4867117695057366,0.13764647651716477,21,0.030036923703993766
1264,S~E,0.4358441421273451,0.10200540601517362,21,0.022259404493296994
1264,S>E,0.44060887882744176,0.10624080258092847,21,0.023183643796188785
1264,S>>E,0.5110225627633327,0.10569436033046556,21,0.02306440032115696
1265,E>>S,0.612044710171576,0.17349267478930452,21,0.03785920546392118
1265,E>S,0.46633643726476426,0.1458776522583712,21,0.03183311350840152
1265,S~E,0.45664030386978166,0.08742120531044084,21,0.019076870984731934
1265,S>E,0.4467752057435907,0.09179117540700561,21,0.020030476639598675
1265,S>>E,0.5116207436616118,0.10378256772798694,21,0.0226472129728753
1266,E>>S,0.5796889055308794,0.1379766311871238,21,0.03010896935952379
1266,E>S,0.47122941686161096,0.11570393770751351,21,0.025248669178530286
1266,S~E,0.4669801353635922,0.09727073708715987,21,0.021226215028859928
1266,S>E,0.4593521763432578,0.0945787675845477,21,0.020638779123420263
1266,S>>E,0.5179197541022328,0.11078408510906672,21,0.02417506932422516
1267,E>>S,0.5841319100565354,0.13678867075469014,21,0.029849735140274277
1267,E>S,0.4847862636372884,0.13501446015096366,21,0.029462570645494755
1267,S~E,0.4468082779226067,0.08675839384457433,21,0.01893223366502632
1267,S>E,0.4452739919966926,0.09950807938536999,21,0.021714443144911083
1267,S>>E,0.5067723507687789,0.10889932579477762,21,0.02376378112305836
1268,E>>S,0.5690028165631885,0.13540596139965325,21,0.029548003222008554
1268,E>S,0.4912515924440887,0.12962676565636566,21,0.02828687931964751
1268,S~E,0.4260160246800572,0.07465877602633883,21,0.016291880592069145
1268,S>E,0.4566286126519005,0.09315225275116626,21,0.02032748806608942
1268,S>>E,0.5319674115176006,0.09983816147502104,21,0.021786472962119427
1269,E>>S,0.5677957692228057,0.15334461787320908,21,0.03346253899133614
1269,E>S,0.4867900664964082,0.12516331313165424,21,0.02731287412653647
1269,S~E,0.43938274965589097,0.08716471541801177,21,0.019020900301539207
1269,S>E,0.4596389072125604,0.0989076862505284,21,0.02158342662171378
1269,S>>E,0.49755625026341427,0.0746841811230228,21,0.016297424438668766
1270,E>>S,0.5776724129332165,0.14256915679137544,21,0.031111140607738355
1270,E>S,0.484804359993798,0.13233366674434893,21,0.02887757356414473
1270,S~E,0.457595340127636,0.07729460254857268,21,0.01686706509477909
1270,S>E,0.45429345858252806,0.09963288956627474,21,0.021741678959268092
1270,S>>E,0.5083428271952538,0.08595586235751912,21,0.01875710693707318
1271,E>>S,0.5695230875015413,0.15329760478904025,21,0.033452279895295325
1271,E>S,0.4773964872741675,0.12966126301039663,21,0.028294407259462872
1271,S~E,0.4543556339943152,0.09054751752069935,21,0.01975908823947357
1271,S>E,0.4424418713794725,0.08032728611302394,21,0.017528850903967014
1271,S>>E,0.5168150325681227,0.08519571174532917,21,0.018591228474219488
1272,E>>S,0.5889988373338074,0.18059171196857213,21,0.03940834237988783
1272,E>S,0.4907139402911282,0.14214174003764596,21,0.03101787062548799
1272,S~E,0.46101863255319825,0.09921099362444512,21,0.021649613716942906
1272,S>E,0.45285498422405623,0.10839429503126345,21,0.023653574375340023
1272,S>>E,0.5001455749249208,0.12387763414665219,21,0.02703231597090857
1273,E>>S,0.5735079896634698,0.12786801316142601,21,0.02790308806075449
1273,E>S,0.4872084351014239,0.11398263138403607,21,0.024873049344171165
1273,S~E,0.4637532198755957,0.12236526914310478,21,0.026702290870567705
1273,S>E,0.43820114605615856,0.08923516425597998,21,0.01947270927880219
1273,S>>E,0.5082793601712696,0.08774791725449141,21,0.01914816537587755
1274,E>>S,0.5857252645941236,0.16110445442575488,21,0.03515587415240882
1274,E>S,0.4840211941336251,0.1392962780208728,21,0.0303969399074411
1274,S~E,0.4690668619683785,0.09223285061101034,21,0.02012685807078614
1274,S>E,0.4383783022777584,0.1004568205838401,21,0.0219214754476212
1274,S>>E,0.5043831146311419,0.10162194212635739,21,0.022175725812497826
1275,E>>S,0.577029341027163,0.15858247019946894,21,0.03460553207534025
1275,E>S,0.4795110143252471,0.12918382721890861,21,0.028190222228321207
1275,S~E,0.421567397053541,0.08588086336428405,21,0.018740740814999598
1275,S>E,0.43695227294195227,0.10231964892712445,21,0.02232797791856452
1275,S>>E,0.5221348958513078,0.07560732873540993,21,0.016498871763020277
1276,E>>S,0.5922516333268985,0.1454907824683529,21,0.03174869159902768
1276,E>S,0.4820112130929899,0.12889755160568375,21,0.02812775176797726
1276,S~E,0.4514213050736507,0.0953043989669873,21,0.02079712487278526
1276,S>E,0.43236872622209643,0.09976690130479679,21,0.021770922718115232
1276,S>>E,0.5141688612436531,0.08475027068413667,21,0.018494025265621578
1277,E>>S,0.5810066060552587,0.15339780457642757,21,0.03347414528150108
1277,E>S,0.4927362966950649,0.13379409054638788,21,0.029196264165076098
1277,S~E,0.44546034733428963,0.08812771575270463,21,0.019231044202872437
1277,S>E,0.4458081257079252,0.08360301448621747,21,0.018243673438551485
1277,S>>E,0.49496809544117354,0.08025632253178336,21,0.017513365380985104
1278,E>>S,0.5911279004260845,0.15764334577923322,21,0.03440059832568731
1278,E>S,0.483301989578016,0.1386866625940191,21,0.030263910915137773
1278,S~E,0.4430449600281284,0.09415097177772565,21,0.020545426425003753
1278,S>E,0.4477446254434271,0.08647386132196304,21,0.018870143578238557
1278,S>>E,0.5264419428393889,0.07318492384636484,21,0.015970259678835506
1279,E>>S,0.5820459749461547,0.11691069588307412,21,0.025512005401626157
1279,E>S,0.48968890395514203,0.132417688829154,21,0.028895908686224124
1279,S~E,0.44020622220420286,0.08956041869919226,21,0.019543685617189856
1279,S>E,0.44475930304202194,0.10156153486370016,21,0.022162543867085837
1279,S>>E,0.4998327442371378,0.09588923813196853,21,0.020924747241494845
1280,E>>S,0.5772393223747609,0.13478022445243684,21,0.02941145622554428
1280,E>S,0.47784539421764777,0.14034054523318978,21,0.030624817695355532
1280,S~E,0.4416856465497035,0.08495941276566005,21,0.018539663809411175
1280,S>E,0.452433581983393,0.10699207614952873,21,0.0233475851293188
1280,S>>E,0.5136312079084068,0.0748340376963498,21,0.01633012582393818
1281,E>>S,0.5783980503480768,0.15500242732169253,21,0.033824302671597486
1281,E>S,0.4658673658337376,0.13104542033828745,21,0.028596455151309895
1281,S~E,0.43374887122417455,0.0826669602015126,21,0.018039409647396826
1281,S>E,0.4526718681073701,0.08988830568539767,21,0.01961523642355544
1281,S>>E,0.5157919920173689,0.06473237397755896,21,0.01412576207935017
1282,E>>S,0.5733412506138628,0.15567634652191234,21,0.03397136389765898
1282,E>S,0.47116770215535536,0.1304360143478384,21,0.02846347186177693
1282,S~E,0.4514112895913454,0.08783217847439542,21,0.019166552681513713
1282,S>E,0.44763647372751725,0.10288110275194179,21,0.02245049718768109
1282,S>>E,0.5191811541266473,0.08851119043481567,21,0.019314725238961626
1283,E>>S,0.5724926575310414,0.1442187312973938,21,0.03147110727622876
1283,E>S,0.4861783063351413,0.1332217017808992,21,0.029071358696276375
1283,S~E,0.44144871021227583,0.08864327734133579,21,0.019343548965030245
1283,S>E,0.45317777922150765,0.0942840333701339,21,0.020574462844970522
1283,S>>E,0.5063754291581356,0.08568613434444308,21,0.01869824745912218
1284,E>>S,0.5676298157140798,0.15079161710098912,21,0.03290542854905144
1284,E>S,0.48961511075123193,0.14318282682916272,21,0.03124505438868534
1284,S~E,0.4457933995526841,0.0827303337538036,21,0.01805323889027453
1284,S>E,0.4442827534055536,0.09367730855978366,21,0.02044206463690206
1284,S>>E,0.47954566842764573,0.09625279583778434,21,0.02100408203703701
1285,E>>S,0.5676393158362562,0.17647260901148046,21,0.03850948042292644
1285,E>S,0.4716698960084963,0.12284700452280689,21,0.026807414148778335
1285,S~E,0.42739371492734884,0.10655755758422873,21,0.023252765404730664
1285,S>E,0.4558445148191373,0.09837304545276938,21,0.021466758434792718
1285,S>>E,0.5018078440505823,0.09475726902346981,21,0.020677731330825937
1286,E>>S,0.571310455584347,0.15908636899553796,21,0.034715491807510886
1286,E>S,0.4876341697262208,0.13611090145618127,21,0.02970183375388694
1286,S~E,0.43970171657676227,0.09153625208549956,21,0.019974847810207672
1286,S>E,0.438856202113101,0.09501189256572908,21,0.020733294743022167
1286,S>>E,0.5202884074443458,0.07232316454841281,21,0.015782208382945164
1287,E>>S,0.592115006696589,0.15559542670631363,21,0.033953705746220746
1287,E>S,0.4953972036903752,0.13764176594894395,21,0.030035895773734805
1287,S~E,0.4508732261818267,0.0907572034157597,21,0.019804845453105884
1287,S>E,0.44144924125795076,0.09305571476066633,21,0.020306421749474904
1287,S>>E,0.49577815903002803,0.0686166623097416,21,0.014973383284267349
1288,E>>S,0.5763902027318333,0.13422294667732998,21,0.029289848245185053
1288,E>S,0.5001423038479526,0.13347224742445973,21,0.029126032238021973
1288,S~E,0.43860281300987175,0.09773468851347368,21,0.021327457530282107
1288,S>E,0.44244147418817914,0.1189109889326729,21,0.02594850513076332
1288,S>>E,0.5133248275543272,0.09993683848065463,21,0.021808006050103593
1289,E>>S,0.5777615746320767,0.14909087522721293,21,0.03253429624551999
1289,E>S,0.4995152302692843,0.12105725936713942,21,0.02641685973684849
1289,S~E,0.44290884992082297,0.09398954627329076,21,0.02051020049199569
1289,S>E,0.45647315803526034,0.10171532162949053,21,0.022196102890662827
1289,S>>E,0.5024901662645598,0.09676394501362225,21,0.021115623931784223
1290,E>>S,0.5597648477066979,0.17223338827537546,21,0.03758440661764894
1290,E>S,0.4887996676154061,0.13732731485535155,21,0.02996727691950867
1290,S~E,0.44976644740144306,0.09503095454677421,21,0.020737454408309555
1290,S>E,0.4436850327178779,0.11274080628350888,21,0.024602060890692022
1290,S>>E,0.5023247694450165,0.10536115413303798,21,0.02299168876774076
1291,E>>S,0.5905269132341705,0.1475076157628977,21,0.03218880070552095
1291,E>S,0.4902503567893725,0.14930400241661923,21,0.03258080441114416
1291,S~E,0.4242317142008832,0.0735724485430826,21,0.016054824500567597
1291,S>E,0.4552899970523786,0.11996535261338795,21,0.026178586148710416
1291,S>>E,0.5030555161082397,0.10132158652420362,21,0.02211018284667527
1292,E>>S,0.5951115137790987,0.15055958921853038,21,0.032854795914065364
1292,E>S,0.4990765925403996,0.14375649169087865,21,0.03137023832451151
1292,S~E,0.443118789464813,0.08002854950520359,21,0.0174636612316722
1292,S>E,0.4475963982760304,0.08737112446978187,21,0.01906594244934209
1292,S>>E,0.4973960251940062,0.09409128517841346,21,0.020532401741226485
1293,E>>S,0.5749925865971606,0.16170778510400424,21,0.03528753170013104
1293,E>S,0.49166422901461615,0.13047473506494414,21,0.02847192141497217
1293,S~E,0.455325897795148,0.08713898441193293,21,0.019015285335679033
1293,S>E,0.44825248074555984,0.09355064706589183,21,0.020414424832930846
1293,S>>E,0.5315949588413273,0.09245354339497494,21,0.020175017184493202
1294,E>>S,0.5911563478080899,0.14076243274445435,21,0.0307168810979806
1294,E>S,0.47217636786252115,0.13073684831671484,21,0.028529119215776465
1294,S~E,0.4406804761731324,0.08540668775730376,21,0.018637267214442987
1294,S>E,0.44556345693817595,0.10024353004596528,21,0.021874931636438857
1294,S>>E,0.5233694051338824,0.0908095717317314,21,0.019816273156532442
1295,E>>S,0.574201493482832,0.13525309451381376,21,0.029514644932693717
1295,E>S,0.47098967411230863,0.11694896240704142,21,0.025520355841752964
1295,S~E,0.4381687343739414,0.07324546370742607,21,0.015983470559591467
1295,S>E,0.4405906461695047,0.09464927981053592,21,0.02065416615261126
1295,S>>E,0.514976852538641,0.07243854720036566,21,0.015807386941824146
1296,E>>S,0.5963160618095292,0.15045616922260432,21,0.032832227820746164
1296,E>S,0.49810610144345707,0.1347263503920618,21,0.02939969994175079
1296,S~E,0.45314469535879054,0.07413333231632989,21,0.016177219374233224
1296,S>E,0.4494448886284045,0.10855261099275347,21,0.023688121750447058
1296,S>>E,0.49388686027672596,0.08778855115940853,21,0.019157032420880613
1297,E>>S,0.5848971213327697,0.15949456940772302,21,0.03480456844025137
1297,E>S,0.48581820869227615,0.12836917836232012,21,0.028012451273553302
1297,S~E,0.44258343901046804,0.09229243033178848,21,0.020139859431755194
1297,S>E,0.4366776413370469,0.09212045560207137,21,0.020102331469062422
1297,S>>E,0.5057234647245367,0.08562367029647082,21,0.018684616686358072
1298,E>>S,0.572226276775128,0.15799841080142532,21,0.034478079865726666
1298,E>S,0.49461266459537856,0.1353017600141681,21,0.02952526461550832
1298,S~E,0.4677071644587238,0.08629253865923785,21,0.018830575729326695
1298,S>E,0.4479224474347488,0.09286077368226535,21,0.02026388211862591
1298,S>>E,0.5154937008733166,0.07821236138472212,21,0.01706733649174906
1299,E>>S,0.5831950063403063,0.16432591016293843,21,0.03585885342686564
1299,E>S,0.4944563247842527,0.14831399777357854,21,0.03236476768661598
1299,S~E,0.4583111888312079,0.08642718184110235,21,0.018859957280407826
1299,S>E,0.4474739274659805,0.11223748102403303,21,0.02449222631446672
1299,S>>E,0.4879249217453379,0.07604734281739355,21,0.01659489070766487
1300,E>>S,0.5756713680865291,0.1673937768322263,21,0.036528316818962965
1300,E>S,0.47820893136513415,0.14462511153355956,21,0.03155978671399846
1300,S~E,0.4528986232579739,0.08240300415295798,21,0.01798180971536621
1300,S>E,0.44077414434852114,0.1039599963268412,21,0.022685931067384806
1300,S>>E,0.5067046795010242,0.07160665899698122,21,0.015625854053169387
1301,E>>S,0.5624158298861675,0.15242512825811674,21,0.03326188990743678
1301,E>S,0.4862574526231964,0.12035597708846858,21,0.026263827397537052
1301,S~E,0.4533936199102506,0.08279428625530581,21,0.018067194470227657
1301,S>E,0.4366242350715357,0.09454565767040901,21,0.020631553947811025
1301,S>>E,0.5161907497473893,0.08137681791369673,21,0.017757877519245412
1302,E>>S,0.569508556550276,0.1420549149545766,21,0.03099892383904103
1302,E>S,0.4778234567401729,0.12718703612543858,21,0.027754486688662153
1302,S~E,0.45180753375936417,0.09201775884697472,21,0.020079921199831145
1302,S>E,0.42900361846141116,0.1061871876702706,21,0.023171944063499834
1302,S>>E,0.5050958454755218,0.09451078555367665,21,0.020623944228069624
1303,E>>S,0.5841385747540788,0.15994316145662127,21,0.034902459250738586
1303,E>S,0.4859421498900967,0.14033685137739932,21,0.0306240116299381
1303,S~E,0.4520933669364031,0.09378082757008509,21,0.020464654336929358
1303,S>E,0.44452572940716534,0.10219499643021089,21,0.022300776513675395
1303,S>>E,0.5060204583054067,0.09831070627578874,21,0.021453154911112955
1304,E>>S,0.5741178219156315,0.12571035867229885,21,0.027432249250278946
1304,E>S,0.49651773418493583,0.10873785187810309,21,0.023728544625633497
1304,S~E,0.4427606265977023,0.11297985292336957,21,0.024654225144110423
1304,S>E,0.4479899358575117,0.10792119728999289,21,0.023550335984364547
1304,S>>E,0.5056424279347874,0.08268886817365796,21,0.018044190358857737
1305,E>>S,0.5905121500218905,0.15987268393949097,21,0.034887079795641346
1305,E>S,0.4881877453350235,0.1402492490874754,21,0.030604895243051065
1305,S~E,0.43346954803569976,0.08599955515763179,21,0.01876664148773227
1305,S>E,0.46224416345968194,0.10150051079089048,21,0.0221492273226637
1305,S>>E,0.5228572708949297,0.08128908463157233,21,0.017738732547516747
1306,E>>S,0.5845052493985378,0.15118584554777895,21,0.03299145624898092
1306,E>S,0.47844766308890413,0.13017091882240764,21,0.028405623275506425
1306,S~E,0.451876304861843,0.08972786752001409,21,0.0195802259455921
1306,S>E,0.4518692141984364,0.10015721678598725,21,0.021856096538947063
1306,S>>E,0.5023239618804883,0.08468736868397071,21,0.01848029892385374
1307,E>>S,0.5662511418356571,0.16320776494279124,21,0.035614854135947664
1307,E>S,0.5045235501021118,0.1357263929209339,21,0.029617927112547533
1307,S~E,0.4491592661609272,0.08402047494768304,21,0.018334770779709447
1307,S>E,0.44769738826282934,0.1081017624738751,21,0.023589738537841395
1307,S>>E,0.5110362616624217,0.0725252610071511,21,0.0158263094457952
1308,E>>S,0.5865244732618123,0.1633650666150333,21,0.035649180174994924
1308,E>S,0.4750035308238653,0.13891898611032547,21,0.030314608062718355
1308,S~E,0.4454584419688531,0.08413097726075143,21,0.018358884361333427
1308,S>E,0.44396811366760375,0.10868498560768783,21,0.023717008259638836
1308,S>>E,0.5089138420353334,0.08424414921736777,21,0.018383580506940122
1309,E>>S,0.5728587554955658,0.1245420936718752,21,0.027177312926649946
1309,E>S,0.47931420103472877,0.1254652454111209,21,0.027378761151555825
1309,S~E,0.4470115250244436,0.09055886552510446,21,0.01976156457705324
1309,S>E,0.442375014677203,0.09389281158252301,21,0.020489091251863722
1309,S>>E,0.5131213586550706,0.08523519398691996,21,0.01859984420568122
1310,E>>S,0.5809501410428588,0.16286540413723535,21,0.03554014488325977
1310,E>S,0.4870566842880079,0.1262380207915888,21,0.02754739456470785
1310,S~E,0.448269141179859,0.08400584167703996,21,0.01833157753826246
1310,S>E,0.44589083502551763,0.10459984753175966,21,0.02282555804738707
1310,S>>E,0.5238183092861673,0.07382935060870334,21,0.016110885127324625
1311,E>>S,0.6035602967630315,0.16938489237910673,21,0.0369628138528193
1311,E>S,0.48593417359780294,0.11615613046323094,21,0.02534734572766294
1311,S~E,0.4485496110607715,0.07450777296606084,21,0.016258929022836106
1311,S>E,0.45096695840910994,0.08529433954183417,21,0.018612750823891435
1311,S>>E,0.4922547609695639,0.0836250453013099,21,0.018248480956541135
1312,E>>S,0.5690484236773746,0.1411776514230167,21,0.03080748924200305
1312,E>S,0.4836807115148809,0.12653899961335704,21,0.02761307352819983
1312,S~E,0.4364886028413915,0.09225401638516058,21,0.020131476821366415
1312,S>E,0.44785859660060934,0.1033095860544065,21,0.022543999909946287
1312,S>>E,0.5066571390267601,0.0902261896258147,21,0.01968896874417787
1313,E>>S,0.5698995916598122,0.15231586788681972,21,0.03323804733972594
1313,E>S,0.4953128937314517,0.12862242539331975,21,0.028067714306366568
1313,S~E,0.44265334211701746,0.09061729964996972,21,0.019774315948499124
1313,S>E,0.4257876380761812,0.09074781752229022,21,0.019802797283234995
1313,S>>E,0.5040971738538671,0.08878081187481116,21,0.01937356146075983
1314,E>>S,0.5850853342228999,0.1546830867915936,21,0.033754616854852454
1314,E>S,0.4917206125358393,0.12862531382318176,21,0.028068344613437154
1314,S~E,0.4494873143410784,0.07362789918060789,21,0.016066924821700607
1314,S>E,0.464685896452015,0.11047788962227896,21,0.024108251991098555
1314,S>>E,0.49927765204154173,0.08320455824725345,21,0.01815672315873339
1315,E>>S,0.5921748540484154,0.16472976878307452,21,0.03594698260290536
1315,E>S,0.49797132248558396,0.13318419155711153,21,0.029063173294379147
1315,S~E,0.4433282970404759,0.07694201392984243,21,0.016790123950278554
1315,S>E,0.4371081435127164,0.11483140109072944,21,0.025058266078862013
1315,S>>E,0.5020829897322351,0.08749501301195305,21,0.019092977145639095
1316,E>>S,0.576020259678283,0.1435702216485441,21,0.03132959086885909
1316,E>S,0.49117604514749114,0.13731410356518092,21,0.029964393979640343
1316,S~E,0.4469480948805278,0.09031437365300977,21,0.01970821207654489
1316,S>E,0.4488729139863659,0.10330558528748907,21,0.022543126871030238
1316,S>>E,0.5088101055942676,0.07896743158774591,21,0.017232106318432975
1317,E>>S,0.5801607646550543,0.1467124642062528,21,0.032015284410412036
1317,E>S,0.4972476909390394,0.14237027612294648,21,0.03106774128786506
1317,S~E,0.4304260506189901,0.08566249140579121,21,0.01869308814693059
1317,S>E,0.4423016797736945,0.09668022447558831,21,0.021097354612605035
1317,S>>E,0.513653252053021,0.08015236248402327,21,0.017490679438694066
1318,E>>S,0.5781282586019909,0.13945746871647657,21,0.030432114600961426
1318,E>S,0.4794169046094372,0.12651461068358694,21,0.027607751427400285
1318,S~E,0.4521264962774388,0.1133528411172121,21,0.024735617840853673
1318,S>E,0.46368903457841415,0.10185997365092266,21,0.022227668549598116
1318,S>>E,0.49740145032005384,0.10318417010022325,21,0.022516631905022486
1319,E>>S,0.5748763517737357,0.1393627653373912,21,0.0304114486293792
1319,E>S,0.48880933636861507,0.14310641613432132,21,0.03122838020806558
1319,S~E,0.4558128945086986,0.08646412283959586,21,0.018868018467162292
1319,S>E,0.4629168835483376,0.09787975239690479,21,0.021359113064873883
1319,S>>E,0.5064018844132241,0.08295911202906658,21,0.018103162402834248
1320,E>>S,0.5868309309283751,0.14770899677155153,21,0.03223274564436299
1320,E>S,0.4885357129235044,0.1134356671728619,21,0.024753691967974143
1320,S~E,0.4575970126883552,0.09922052228947947,21,0.021651693042123468
1320,S>E,0.4353103326362932,0.10231351091939322,21,0.02232663849546716
1320,S>>E,0.5078271142062944,0.09291872954489652,21,0.02027652912469609
1321,E>>S,0.5873188104826891,0.13814634277638405,21,0.030146003464480754
1321,E>S,0.4810589350515488,0.12255794621892768,21,0.02674433645555062
1321,S~E,0.43926338177740315,0.09723877709601339,21,0.02121924078701998
1321,S>E,0.45144630707467087,0.0923284354825874,21,0.02014771639980016
1321,S>>E,0.509889654688338,0.10058424551108561,21,0.021949281846408188
1322,E>>S,0.5776001504653567,0.1398105986853692,21,0.030509173877752274
1322,E>S,0.4831733746692956,0.140097574937524,21,0.03057179723004533
1322,S~E,0.4410849267915651,0.08637594796132818,21,0.018848777131254903
1322,S>E,0.4568752446046289,0.10508704048022487,21,0.022931872264739
1322,S>>E,0.5094461081474561,0.0920648548194721,21,0.020090198383588137
1323,E>>S,0.5807525580491097,0.15657202486668556,21,0.03416681693638546
1323,E>S,0.4847333628233035,0.11657963572511883,21,0.025439762152415956
1323,S~E,0.447460188277784,0.09371501041998809,21,0.020450291857293842
1323,S>E,0.4594434606055683,0.10103105166691248,21,0.022046782943077183
1323,S>>E,0.5115291864810713,0.07608565650929656,21,0.016603251440679097
1324,E>>S,0.5976605163039655,0.15115084541335186,21,0.03298381859348827
1324,E>S,0.48149022269247477,0.11262768972364545,21,0.02457737683364787
1324,S~E,0.437621824347367,0.09990067676858229,21,0.021800114917587845
1324,S>E,0.45749321636890516,0.12391323551945647,21,0.027040084827371427
1324,S>>E,0.5090421621141364,0.08068700660714519,21,0.0176073483512688
1325,E>>S,0.570719382674565,0.14912688969285887,21,0.03254215524623122
1325,E>S,0.47619024224223494,0.1260143024393842,21,0.02749857521788269
1325,S~E,0.43830052507571016,0.09167630849697635,21,0.02000541062483416
1325,S>E,0.4578574267559765,0.09537938191533596,21,0.02081348749357758
1325,S>>E,0.4998791165673924,0.09337431530631166,21,0.02037594608837366
1326,E>>S,0.5799663570863858,0.14178204601871194,21,0.030939378955545705
1326,E>S,0.48787672175572827,0.12292563645529153,21,0.026824573043190313
1326,S~E,0.4448988056479518,0.07513612228301217,21,0.016396046085112453
1326,S>E,0.43773501024833844,0.09687439461927494,21,0.02113972601170715
1326,S>>E,0.4992463561756655,0.09166269475022332,21,0.020002439861739506
1327,E>>S,0.5909898055063499,0.1423237327833659,21,0.031057584698497252
1327,E>S,0.49291300986610503,0.09859770138291464,21,0.021515782377898023
1327,S~E,0.42505087904252303,0.07536642870282176,21,0.016446303066151104
1327,S>E,0.45876170593287197,0.09700202741115893,21,0.021167577770277005
1327,S>>E,0.5078082504826651,0.08190353219691109,21,0.017872815998885613
1328,E>>S,0.5899222818764548,0.1674911394508831,21,0.0365495630841941
1328,E>S,0.48344333520035865,0.11536874485563957,21,0.02517552410157217
1328,S~E,0.44873975167216756,0.08595657808010082,21,0.01875726312054495
1328,S>E,0.46609422523162225,0.10433807279802951,21,0.022768434117275388
1328,S>>E,0.5107885441498932,0.09961949994960471,21,0.021738757105367292
1329,E>>S,0.5642740500153511,0.1657310744486071,21,0.036165485412719224
1329,E>S,0.481678105365848,0.12731513628062394,21,0.027782440434265608
1329,S~E,0.4535087563333161,0.10610577545875412,21,0.02315417846246326
1329,S>E,0.4785793881295823,0.0957783325419362,21,0.020900545657622612
1329,S>>E,0.5248812464312431,0.11893387264941142,21,0.025953498767150758
1330,E>>S,0.5852717996770964,0.15223027010617665,21,0.03321936837262513
1330,E>S,0.4793375897259156,0.12296242198003775,21,0.026832600302791654
1330,S~E,0.4400289740854574,0.09240793229225197,21,0.020165064025885658
1330,S>E,0.4549466687378896,0.11270291281774122,21,0.024593791858538473
1330,S>>E,0.5089945133405978,0.0894755103354244,21,0.019525157093185044
1331,E>>S,0.5857352449659295,0.14925639027189233,21,0.032570414589372244
1331,E>S,0.4960443027319534,0.12466442613769231,21,0.02720400805924792
1331,S~E,0.4584960765765832,0.11535956611758769,21,0.025173521136719456
1331,S>E,0.44984470476959904,0.10565791989148152,21,0.02305644836544259
1331,S>>E,0.4852134511506445,0.08666257736810457,21,0.01891132479568124
1332,E>>S,0.5604589884587465,0.14399224371751537,21,0.03142168363438303
1332,E>S,0.5035989264479349,0.11846939483643243,21,0.025852141398741056
1332,S~E,0.44319199571224377,0.10098458533717115,21,0.02203664315863402
1332,S>E,0.46476999092735366,0.1078875213004492,21,0.023542987280974714
1332,S>>E,0.5187556194141542,0.09333527758021132,21,0.020367427358144435
1333,E>>S,0.5769812877739006,0.1612645109686937,21,0.035190801353527396
1333,E>S,0.4894179080766969,0.12564479323846214,21,0.02741794169963469
1333,S~E,0.4559628388795273,0.10205973873076679,21,0.02227126086386453
1333,S>E,0.44618461446237345,0.0981208714116882,21,0.021411729547575697
1333,S>>E,0.5153951551415826,0.10204697755957882,21,0.02226847614801095
1334,E>>S,0.5923666922105353,0.1355330525214286,21,0.0295757367784701
1334,E>S,0.48635283841174803,0.12922916240836907,21,0.028200115177718716
1334,S~E,0.43126464607389425,0.09532118952400227,21,0.020800788872712955
1334,S>E,0.456439082058605,0.10340103996278494,21,0.022563956788886466
1334,S>>E,0.517040925311665,0.07879732457063648,21,0.017194985924045017
1335,E>>S,0.5992379159960795,0.14723076607382235,21,0.03212838715045844
1335,E>S,0.4830304390982946,0.145701330489018,21,0.031794636943890585
1335,S~E,0.4362124865114771,0.09439395617299144,21,0.020598449967098923
1335,S>E,0.4656118152785487,0.09117712249831554,21,0.01989647930937105
1335,S>>E,0.49796427709596985,0.06530939416230326,21,0.014251678206688654
1336,E>>S,0.569567160488433,0.14662185402199407,21,0.031995511647169204
1336,E>S,0.4816832183846734,0.1390954282987079,21,0.030353110904815794
1336,S~E,0.4465964952232057,0.08892354091465278,21,0.01940470749070948
1336,S>E,0.45456096984018785,0.08628911035637173,21,0.01882982761230816
1336,S>>E,0.49214496207463343,0.0854808355499819,21,0.018653447589326865
1337,E>>S,0.5860718328949943,0.1436964679018303,21,0.03135714005990141
1337,E>S,0.4688992707103227,0.14224929591900473,21,0.031041341243000575
1337,S~E,0.4407419604715904,0.0905304958659426,21,0.019755373809884225
1337,S>E,0.4485265755551666,0.08870251962549441,21,0.0193564766912921
1337,S>>E,0.5174100730506916,0.09134554331548028,21,0.019933231744764565
1338,E>>S,0.59639307868794,0.1509822028229336,21,0.03294701776320326
1338,E>S,0.4958783834818411,0.11850830890481145,21,0.025860633144643225
1338,S~E,0.4519834755920694,0.09016786261131633,21,0.01967624074613027
1338,S>E,0.4599491011530611,0.08854459003911377,21,0.019322013630146274
1338,S>>E,0.524927587606495,0.08658146930300488,21,0.018893625564834062
1339,E>>S,0.5716049268633356,0.1353169558788535,21,0.02952858062504028
1339,E>S,0.4762638767969157,0.1231174686593513,21,0.026866434262039555
1339,S~E,0.44278597400383884,0.10197572993721875,21,0.022252928642175204
1339,S>E,0.4660725097271716,0.1013429720302537,21,0.02211484954668715
1339,S>>E,0.5136935099827745,0.09136042740596105,21,0.01993647971958736
1340,E>>S,0.5937522310777436,0.14607345728616794,21,0.03187584166846492
1340,E>S,0.4870945593774775,0.13458113111376416,21,0.02936801049721909
1340,S~E,0.4510815893689859,0.08794015738255152,21,0.019190115611041524
1340,S>E,0.445579968037171,0.10217143531847209,21,0.02229563505758014
1340,S>>E,0.49083826166960504,0.08416302543077189,21,0.018365877845381216
1341,E>>S,0.5800555823306823,0.1344788599907071,21,0.029345693108513513
1341,E>S,0.4988244963120964,0.12184146002856666,21,0.026587986350706815
1341,S~E,0.44206900998558835,0.08820960594209616,21,0.019248914107232482
1341,S>E,0.45967567973425716,0.08705867098523225,21,0.018997759509146787
1341,S>>E,0.5160684421695602,0.07461031032795049,21,0.016281304509618028
1342,E>>S,0.5723829100608805,0.15253879485480895,21,0.03328669399235726
1342,E>S,0.4653923863641345,0.11791080505147239,21,0.0257302471143597
1342,S~E,0.4420471564930987,0.0952801059927384,21,0.02079182371119711
1342,S>E,0.44681117924783437,0.08590243119837539,21,0.01874544730225197
1342,S>>E,0.5003000988112488,0.07066179352697352,21,0.015419667503747465
1343,E>>S,0.5584253924403714,0.14212918024210366,21,0.031015129853402955
1343,E>S,0.48791321522444875,0.1194684066728595,21,0.026070143654006957
1343,S~E,0.44379330763270614,0.09678748901047247,21,0.021120761653104603
1343,S>E,0.4466986393028859,0.1063840579096932,21,0.023214904671796887
1343,S>>E,0.5030193236467391,0.08698281923015082,21,0.01898120729918222
1344,E>>S,0.5653115963434051,0.15204377598510274,21,0.03317867201898297
1344,E>S,0.48849509423353915,0.12275132890660914,21,0.026786536017664633
1344,S~E,0.43643752301148997,0.0860158659208224,21,0.01877020078806386
1344,S>E,0.45202710567922677,0.09219655874389399,21,0.020118938536111283
1344,S>>E,0.5079851232140778,0.08219819112583897,21,0.01793711584869545
1345,E>>S,0.5895699234333113,0.15227240743188306,21,0.03322856349094097
1345,E>S,0.48652639247239565,0.12708773448173427,21,0.027732817293476035
1345,S~E,0.4523427413318187,0.09215329880197208,21,0.02010949844285335
1345,S>E,0.45732185733222314,0.08752315359985993,21,0.019099117925362136
1345,S>>E,0.4865387126887295,0.10605915194711198,21,0.02314400437811732
1346,E>>S,0.5841523877138382,0.1508008978694732,21,0.0329074537787698
1346,E>S,0.4888617431894382,0.14254389612938065,21,0.031105628279371886
1346,S~E,0.42211332457561923,0.07047718291636892,21,0.015379382165786153
1346,S>E,0.4567596631680967,0.08839730724950196,21,0.01928987389052911
1346,S>>E,0.500548499235999,0.08382085919244969,21,0.01829121105074456
1347,E>>S,0.5870453295439013,0.14067402109459234,21,0.03069758809427543
1347,E>S,0.4954591421610908,0.12053575864561822,21,0.02630305894964159
1347,S~E,0.4370134407036802,0.08827675145247388,21,0.019263566458845926
1347,S>E,0.4456780758509113,0.09265354933349627,21,0.020218662058431997
1347,S>>E,0.49270694303086077,0.08323869281306374,21,0.018164171931668634
1348,E>>S,0.5749160391474666,0.13456721434418686,21,0.02936497360912303
1348,E>S,0.4820552564607923,0.11895068899061302,21,0.02595716839364926
1348,S~E,0.43960323174524957,0.07972000766714069,21,0.017396331882720578
1348,S>E,0.4521487912083145,0.09376175231706234,21,0.020460491775459014
1348,S>>E,0.504497211685044,0.1060764790630737,21,0.02314778546480636
1349,E>>S,0.5772187777348837,0.14009781100534713,21,0.030571848744267646
1349,E>S,0.49010563854522055,0.1250816447672235,21,0.027295052628351368
1349,S~E,0.45948735932844137,0.0952259807883711,21,0.020780012623291485
1349,S>E,0.45780465053065134,0.10203799907452128,21,0.022266516881944177
1349,S>>E,0.5031936852988211,0.11454908602399612,21,0.024996659880617635
1350,E>>S,0.582807004255404,0.16006934875282253,21,0.03492999557629021
1350,E>S,0.507729978452804,0.12223959727969926,21,0.026674867021673324
1350,S~E,0.45212731707556725,0.09769632346403934,21,0.021319085590135744
1350,S>E,0.44512719797175926,0.08777068295439422,21,0.019153133258880087
1350,S>>E,0.507271587706776,0.08407644331302418,21,0.018346984078314147
1351,E>>S,0.5719450444829552,0.16397383635202953,21,0.03578202462264176
1351,E>S,0.5036046645163099,0.12271258691241782,21,0.026778081821428667
1351,S~E,0.4385238357478328,0.10506982874981725,21,0.02292811635724214
1351,S>E,0.46395934442544506,0.10450518679922116,21,0.022804901382044326
1351,S>>E,0.5361329145191285,0.09282038078864749,21,0.020255067666600093
1352,E>>S,0.5789863911146447,0.1306307674664066,21,0.02850597047642776
1352,E>S,0.48802346027854054,0.11703285211232536,21,0.025538662076252546
1352,S~E,0.4322182178647542,0.09000794256646182,21,0.019641343331335673
1352,S>E,0.46218510460420476,0.10688849883259471,21,0.023324982705741154
1352,S>>E,0.5129318746610231,0.10389192491096677,21,0.02267107666662731
1353,E>>S,0.5801445544922644,0.14417282123721478,21,0.03146108887975589
1353,E>S,0.4753695911229123,0.12096310097782938,21,0.026396312691785235
1353,S~E,0.44532553153895416,0.09401621908644119,21,0.020516020977008036
1353,S>E,0.46832212469474993,0.11198936885677171,21,0.024438083800785073
1353,S>>E,0.5058545465465994,0.10280661449589382,21,0.02243424251759894
1354,E>>S,0.5903525230561966,0.1464789195039835,21,0.03196432077820704
1354,E>S,0.4709468119994259,0.12487703343566456,21,0.0272504027752602
1354,S~E,0.42179456074011173,0.09520672840484817,21,0.020775811408777097
1354,S>E,0.45686193988939766,0.09846632755927712,21,0.021487114259271606
1354,S>>E,0.504277444286147,0.06630993033829057,21,0.014470013100117392
1355,E>>S,0.5899792423277214,0.1380787094999036,21,0.030131244673577445
1355,E>S,0.49842188669980203,0.11931086767395016,21,0.02603576582603507
1355,S~E,0.4448199606887965,0.08797964544669684,21,0.01919873261308882
1355,S>E,0.4657205470186851,0.08154418107479688,21,0.017794399155163915
1355,S>>E,0.5127225802707878,0.10508131408775333,21,0.022930622663455195
1356,E>>S,0.5868968217254942,0.16332489720585822,21,0.035640414491272705
1356,E>S,0.4988482917502082,0.13382400440677822,21,0.029202791904579292
1356,S~E,0.4382295027187884,0.07954312927473363,21,0.017357733853101177
1356,S>E,0.4505996137728523,0.07752297727681173,21,0.016916900546158634
1356,S>>E,0.5122822754099795,0.09212166588440679,21,0.020102595574320245
1357,E>>S,0.5798101273146776,0.14363324913611117,21,0.031343344594222854
1357,E>S,0.5080485666854909,0.12972583207309707,21,0.02830849738409988
1357,S~E,0.43381392677074626,0.10342709780731539,21,0.022569643076744
1357,S>E,0.443482758462658,0.09569390522946167,21,0.020882122107616124
1357,S>>E,0.5059301278124477,0.08461029542301038,21,0.018463480159453368
1358,E>>S,0.5803962066738576,0.15087030677051033,21,0.03292260004271772
1358,E>S,0.4882812952860493,0.1276303485588374,21,0.02785122539259383
1358,S~E,0.4321228548797049,0.08764606801514942,21,0.019125940049746198
1358,S>E,0.4474244480119853,0.09314718910387201,21,0.02032638308765997
1358,S>>E,0.5011112395009063,0.08550154567791389,21,0.018657966909750703
1359,E>>S,0.583721354477318,0.1627418969719371,21,0.03551319341021936
1359,E>S,0.4955472920314601,0.13492949252992933,21,0.029444029190494273
1359,S~E,0.43856168118692135,0.09096401395444136,21,0.019849975212535564
1359,S>E,0.4439573889477531,0.08264529921990578,21,0.018034682833690148
1359,S>>E,0.49100491547387853,0.1082466612818032,21,0.02362135805000518
1360,E>>S,0.5779351604045717,0.14730277989013577,21,0.03214410185352219
1360,E>S,0.4889535729847931,0.12373437708057629,21,0.027001054716188088
1360,S~E,0.4470615286966738,0.08144513745392695,21,0.017772786065176346
1360,S>E,0.4573410053918695,0.10072716870174887,21,0.021980470243540523
1360,S>>E,0.5084191683694725,0.07714407688330889,21,0.016834217701678856
1361,E>>S,0.5641227156539278,0.14551926791483832,21,0.03175490763306216
1361,E>S,0.5015484602350248,0.12693010745815608,21,0.02769842025694662
1361,S~E,0.44725218633816105,0.08548942425830279,21,0.018655321799136503
1361,S>E,0.43948608606678186,0.09881634451775322,21,0.02156349422149708
1361,S>>E,0.519452031033947,0.09534189789465876,21,0.02080530780966784
1362,E>>S,0.5823829046494907,0.14249300314078664,21,0.031094522518773097
1362,E>S,0.4752236789640418,0.11747834659014988,21,0.025635876941315198
1362,S~E,0.43122508981650354,0.09997012602721637,21,0.021815269988285427
1362,S>E,0.4496443961555141,0.0905510572500457,21,0.019759860671743536
1362,S>>E,0.5077538161647721,0.08918902167771647,21,0.01946264014272348
1363,E>>S,0.5736293538055299,0.16890505257728622,21,0.03685810422361477
1363,E>S,0.4808112209588378,0.12693087842920228,21,0.027698588496621757
1363,S~E,0.43676066549484666,0.09513159786665074,21,0.020759416581239358
1363,S>E,0.443575574578417,0.10110994558131411,21,0.022063999006630367
1363,S>>E,0.5011159084620734,0.08208691352996952,21,0.017912833086494287
1364,E>>S,0.5786893888018318,0.14502726094174437,21,0.0316475429094122
1364,E>S,0.4922879084125569,0.11148721522876769,21,0.024328504895507686
1364,S~E,0.44031965167351206,0.09630905469733475,21,0.02101635872667518
1364,S>E,0.43721662455395005,0.09570454967144043,21,0.02088444491528747
1364,S>>E,0.5041598982592921,0.08986579277452067,21,0.01961032370364079
1365,E>>S,0.5743130684470368,0.1676191743159747,21,0.03657750258233104
1365,E>S,0.48895695232706954,0.12182498255502976,21,0.026584390671195172
1365,S~E,0.43795050769404525,0.09361639648720789,21,0.020428772532934673
1365,S>E,0.45292074219717565,0.10801871282398717,21,0.023571615618458018
1365,S>>E,0.5137307922013497,0.08892943828394742,21,0.019405994402194898
1366,E>>S,0.5582064542753556,0.14696741002149935,21,0.032070918148339636
1366,E>S,0.4856236516917957,0.12885670037325886,21,0.02811883729822396
1366,S~E,0.43658468683518337,0.09229044607957729,21,0.02013942643242397
1366,S>E,0.44723543127024357,0.09387375152897445,21,0.02048493200719057
1366,S>>E,0.5101106531854706,0.07241530638437704,21,0.015802315379991747
1367,E>>S,0.5714432072259141,0.13427926562654582,21,0.029302138047463244
1367,E>S,0.4795023516782488,0.12693070537201348,21,0.027698550732447126
1367,S~E,0.42697364572719787,0.08886969117115277,21,0.019392956513293157
1367,S>E,0.4530413280543693,0.09488509073793676,21,0.020705624315683263
1367,S>>E,0.4905256840379833,0.10353637739599986,21,0.02259348983803258
1368,E>>S,0.585285947296099,0.13850703095941222,21,0.030224712078814216
1368,E>S,0.49061332889432674,0.12484034281417809,21,0.027242396225247975
1368,S~E,0.4427237117980634,0.09298053760555085,21,0.020290016749291657
1368,S>E,0.4338758329092877,0.08795934362359803,21,0.01919430239208425
1368,S>>E,0.4923994985858191,0.09823652551904259,21,0.0214369673428797
1369,E>>S,0.5801370328550028,0.13326965055185386,21,0.029081821975913507
1369,E>S,0.4987467995797384,0.12559622049705377,21,0.027407342258481578
1369,S~E,0.4270989991940108,0.07120411195884638,21,0.015538011087786852
1369,S>E,0.45920518066725713,0.09879046870539239,21,0.02155784765631556
1369,S>>E,0.5204131892362275,0.07923363842929515,21,0.017290197413762236
1370,E>>S,0.546431385542844,0.12344556567776385,21,0.026938030901190263
1370,E>S,0.4819783179257392,0.12321589998363011,21,0.026887913737956813
1370,S~E,0.43912721010382066,0.0835180933610573,21,0.018225142129782566
1370,S>E,0.4514075212569103,0.10102250583360628,21,0.022044918089362795
1370,S>>E,0.509384608011625,0.09204877342837567,21,0.020086689136351015
1371,E>>S,0.5913211306000453,0.1535483590362929,21,0.03350699895809851
1371,E>S,0.4892949592302839,0.12957851988053082,21,0.028276351228232032
1371,S~E,0.4413891595983343,0.10365339616919267,21,0.02261902542783672
1371,S>E,0.4451862661264195,0.09680911717465636,21,0.021125481305462487
1371,S>>E,0.5075158675884536,0.09975152884828335,21,0.021767568173087126
1372,E>>S,0.5829932932498454,0.14204949076377432,21,0.03099774018356792
1372,E>S,0.5127992427480955,0.12821123000431836,21,0.02797798411610392
1372,S~E,0.4317915031255472,0.10561049946760354,21,0.02304610038058984
1372,S>E,0.44013858589879973,0.08908920708504593,21,0.019440858812896148
1372,S>>E,0.5008994892477596,0.10128918013940877,21,0.022103111193755163
1373,E>>S,0.5570856631067777,0.15157394514556752,21,0.033076146524411786
1373,E>S,0.4828125688845654,0.12294862653036648,21,0.026829589888869534
1373,S~E,0.4340131943083456,0.08833507540218173,21,0.019276293788101403
1373,S>E,0.46180197863650313,0.0957954874570213,21,0.02090428916699966
1373,S>>E,0.48888307283289123,0.11690291949478074,21,0.025510308454579116
1374,E>>S,0.5709998671517499,0.14189571578270968,21,0.030964183731628913
1374,E>S,0.4822953929244997,0.10988032801275606,21,0.02397785335738244
1374,S~E,0.4497780938680266,0.10117744548715128,21,0.02207872869367328
1374,S>E,0.45019267465055507,0.10563892824877763,21,0.023052304049239632
1374,S>>E,0.508566096009352,0.10049836100823432,21,0.021930540311392015
1375,E>>S,0.5621561931890846,0.16286765661962913,21,0.03554063641521553
1375,E>S,0.4843569877261231,0.12472789071288246,21,0.027217857164950638
1375,S~E,0.4493405964852826,0.09678368445176969,21,0.0211199314303312
1375,S>E,0.44579068481923156,0.08974247381446038,21,0.019583413300350336
1375,S>>E,0.5014946562837689,0.11472975945338497,21,0.025036086055200572
1376,E>>S,0.5851656018563529,0.1438688226814322,21,0.03139475095627822
1376,E>S,0.46645596721245364,0.11959990621414836,21,0.02609883920647401
1376,S~E,0.4256296931327905,0.07867463972687366,21,0.017168213896275163
1376,S>E,0.4493231930261517,0.10478189656620127,21,0.022865284403602415
1376,S>>E,0.4929874938988648,0.1055909284990407,21,0.023041829645120183
1377,E>>S,0.5737325169742323,0.1360347637444527,21,0.029685219143066134
1377,E>S,0.48695230811069184,0.11673804317115198,21,0.025474329491086984
1377,S~E,0.4372884725594667,0.10420341085067228,21,0.022739048471228023
1377,S>E,0.45250672697534017,0.10995674803925075,21,0.023994529574335892
1377,S>>E,0.5213123210448306,0.08383863827497245,21,0.01829509076462301
1378,E>>S,0.5650588888977387,0.14360379086058417,21,0.03133691627148736
1378,E>S,0.4852205796787888,0.1396837933547262,21,0.030481502686028682
1378,S~E,0.4332403339445584,0.08325531237840944,21,0.01816779861815501
1378,S>E,0.4507011490183477,0.11487865298686004,21,0.025068577287945284
1378,S>>E,0.5103785383567956,0.08361868436839527,21,0.01824709288718057
1379,E>>S,0.5633010973803101,0.1480933552593197,21,0.03231661954265805
1379,E>S,0.49272136122419663,0.14376680523941499,21,0.031372488925313954
1379,S~E,0.44741325293216877,0.09213863300808808,21,0.02010629810425335
1379,S>E,0.45487315076292034,0.09577723072334123,21,0.020900305221093395
1379,S>>E,0.4840805939443077,0.10456208257612631,21,0.022817317058443903
1380,E>>S,0.5684642733205563,0.11786399040884152,21,0.02572003132181264
1380,E>S,0.4662948522647521,0.11712238744209,21,0.02555820028701537
1380,S~E,0.43387037721048505,0.07724510273730238,21,0.016856263350396607
1380,S>E,0.4392520713822313,0.0908613797303336,21,0.019827578588684763
1380,S>>E,0.5020270389524932,0.10650530814279785,21,0.023241363641855608
1381,E>>S,0.5493816111344136,0.15066651217425672,21,0.032878128415881766
1381,E>S,0.4670554245022852,0.12036785413783962,21,0.02626641918219303
1381,S~E,0.43742956429572954,0.104836222304946,21,0.022877139251696803
1381,S>E,0.45581163884514597,0.09437107748588901,21,0.02059345742826806
1381,S>>E,0.5167316238543389,0.09546047699705112,21,0.020831183891217978
1382,E>>S,0.5840610845839402,0.1540852623402185,21,0.03362416086434189
1382,E>S,0.4821013827883718,0.12524009965934751,21,0.027329630320608245
1382,S~E,0.43681509641136435,0.0902579940313037,21,0.019695909034443886
1382,S>E,0.4476470731237265,0.09655707082078362,21,0.021070480281878703
1382,S>>E,0.5014397286643606,0.0703433869124406,21,0.015350185484086907
1383,E>>S,0.5529243559770762,0.1461621109504687,21,0.03189518748405032
1383,E>S,0.4817238530224611,0.13193915128133255,21,0.02879148323213982
1383,S~E,0.4447123422395555,0.0850693780342974,21,0.01856366019833245
1383,S>E,0.4488731118881898,0.10936050890469026,21,0.02386441952831597
1383,S>>E,0.5065988071266633,0.0887847141516934,21,0.01937441300738819
1384,E>>S,0.5587650400688814,0.13240334660224334,21,0.028892778955726395
1384,E>S,0.493373744749565,0.12498982781593317,21,0.027275016526952894
1384,S~E,0.43950096869392175,0.0904018707337131,21,0.019727305504897777
1384,S>E,0.4388084153258484,0.09310811511849597,21,0.020317856445008095
1384,S>>E,0.4992556794427011,0.08672528199594687,21,0.01892500806727702
1385,E>>S,0.5510635027170913,0.16191647866260284,21,0.03533307236819427
1385,E>S,0.4863991537728011,0.1281607718480381,21,0.02796697324369524
1385,S~E,0.4461564761655882,0.09437056796776112,21,0.020593346242297157
1385,S>E,0.4525136289557504,0.12483689229248224,21,0.02724164325968329
1385,S>>E,0.5180309663683097,0.09191860695791475,21,0.020058284483787568
1386,E>>S,0.5698676895492062,0.1317557850844857,21,0.028751469447523305
1386,E>S,0.4837080960914808,0.11602280972486365,21,0.025318252757411727
1386,S~E,0.4387389030364567,0.09576688268684647,21,0.020898047094401424
1386,S>E,0.46100477999896805,0.10628564566381508,21,0.02319342935912798
1386,S>>E,0.498998023460613,0.08633258929232165,21,0.01883931549398086
1387,E>>S,0.574480767777907,0.14202231689122274,21,0.030991810358430173
1387,E>S,0.49473858518104724,0.12564350755993497,21,0.02741766114157897
1387,S~E,0.43775663619673333,0.09698413860838734,21,0.02116367411347734
1387,S>E,0.44309676745123194,0.11215613068968168,21,0.024474474216134575
1387,S>>E,0.4861315646540914,0.10448398087189377,21,0.022800273869322443
1388,E>>S,0.5769943029414546,0.12579783497572575,21,0.027451338144658406
1388,E>S,0.4810931252596776,0.11162779634078106,21,0.024359182209178275
1388,S~E,0.44195242180014077,0.11478061736876073,21,0.02504718416219567
1388,S>E,0.4347103401541899,0.0955068925962469,21,0.02084131260534852
1388,S>>E,0.492767187731365,0.09849529495417637,21,0.021493435463072155
1389,E>>S,0.5660655021039056,0.15319261484288282,21,0.03342936921074886
1389,E>S,0.4836235314424852,0.10344934846894564,21,0.022574498569181308
1389,S~E,0.4410629414184802,0.09913681042726882,21,0.021633425616164135
1389,S>E,0.45110004594259484,0.09481980004407216,21,0.020691376718216085
1389,S>>E,0.4973875816468348,0.09939419860017121,21,0.02168959232022659
1390,E>>S,0.5693952659241883,0.1529850899026457,21,0.033384083556118965
1390,E>S,0.480690374319831,0.11844172953644529,21,0.025846104335345114
1390,S~E,0.4358703259479537,0.10570088554993415,21,0.023065824240782726
1390,S>E,0.4472351269747025,0.09153876841270858,21,0.01997539691782237
1390,S>>E,0.5092827589077873,0.07655061436034684,21,0.01670471356198395
1391,E>>S,0.5732259988421421,0.14086616424950393,21,0.030739517168163526
1391,E>S,0.4886960617462749,0.12446583711301006,21,0.027160672381257737
1391,S~E,0.4422016143023991,0.07689406791753808,21,0.01677966127262827
1391,S>E,0.45348524751084185,0.09055560740017322,21,0.01976085359590462
1391,S>>E,0.5234534431248962,0.07000216142294569,21,0.015275723977674582
1392,E>>S,0.5688016675919902,0.16620204016806212,21,0.03626825855839218
1392,E>S,0.4760691731040896,0.13179905033993386,21,0.02876091070028772
1392,S~E,0.4373769821675654,0.09301080536342361,21,0.020296621715556826
1392,S>E,0.44456305575644833,0.10099329912348512,21,0.022038544662699423
1392,S>>E,0.500812301100653,0.08508904665945416,21,0.018567952244218002
1393,E>>S,0.5870202778280427,0.14665593305778252,21,0.032002948302460234
1393,E>S,0.5028715489010958,0.13995608581721158,21,0.030540921772719408
1393,S~E,0.4305088012748021,0.08832216023132924,21,0.019273475466765937
1393,S>E,0.44270028106416415,0.08412158184161035,21,0.018356834112790578
1393,S>>E,0.4956390027240383,0.09523936103807276,21,0.020782932433152213
1394,E>>S,0.5667104860794041,0.14735663066169968,21,0.03215585305528045
1394,E>S,0.48609937624997407,0.12084861207208257,21,0.02637132916431774
1394,S~E,0.45007868426802344,0.0824760670771566,21,0.017997753352539305
1394,S>E,0.44952997651478976,0.10241170624458623,21,0.022348066472161816
1394,S>>E,0.49075277759825287,0.09423358551419875,21,0.020563454220281423
1395,E>>S,0.5712136844299686,0.17464990035007674,21,0.038111732784320056
1395,E>S,0.49369887610179963,0.10609996471383573,21,0.02315291045396647
1395,S~E,0.4470233377700691,0.09194049201597718,21,0.020063060194985643
1395,S>E,0.44813791316848994,0.10178880354473178,21,0.022212137959177272
1395,S>>E,0.5185402793911271,0.10252455842085738,21,0.022372692835976246
1396,E>>S,0.553066216389973,0.13529930513978922,21,0.029524728918000565
1396,E>S,0.47949602165069144,0.12793196512061417,21,0.02791704352236499
1396,S~E,0.4279172953310402,0.09199905133074206,21,0.0200758388851073
1396,S>E,0.44860521879561144,0.08300870189564041,21,0.018113983798895072
1396,S>>E,0.4998458382957966,0.09588651238403116,21,0.02092415243453064
1397,E>>S,0.5702009349969734,0.1368013314874616,21,0.029852497938668503
1397,E>S,0.4791455453935575,0.12297125060620578,21,0.026834526866967728
1397,S~E,0.44068572002905576,0.08767549236137591,21,0.01913236096850132
1397,S>E,0.44493970276248407,0.09068889484937905,21,0.01978993930186525
1397,S>>E,0.533130693724912,0.10911663555028338,21,0.023811201999432523
1398,E>>S,0.5547433544564874,0.12537262241548688,21,0.027358549156861235
1398,E>S,0.4777670469733947,0.12700690391912645,21,0.027715178618637166
1398,S~E,0.4387022442705361,0.0852367854240466,21,0.018600191485733438
1398,S>E,0.455477274859806,0.09837624438755443,21,0.021467456499592516
1398,S>>E,0.4875712511597651,0.09584901777208285,21,0.020915970439416058
1399,E>>S,0.5690692437862526,0.1509108343069811,21,0.032931443876222835
1399,E>S,0.4707406488793064,0.12779003254020493,21,0.027886071294112337
1399,S~E,0.44162361037759157,0.08312616636988646,21,0.018139616648642724
1399,S>E,0.4489276866923893,0.09031163432998067,21,0.019707614307252805
1399,S>>E,0.5169575961434367,0.08915221126524932,21,0.01945460745217618
1400,E>>S,0.5634030948695964,0.15673793584443196,21,0.03420302167991627
1400,E>S,0.4802568094499679,0.11878674310717663,21,0.025921392468852895
1400,S~E,0.42197185588888025,0.08912984865113908,21,0.019449727529704884
1400,S>E,0.42812280155651633,0.09056402148598272,21,0.019762689699958234
1400,S>>E,0.49963200449845313,0.0800539568969927,21,0.017469205579104818
1401,E>>S,0.5859596551975328,0.14086832982723793,21,0.03073998973596778
1401,E>S,0.4921744472540671,0.13879742925203084,21,0.030288082181557586
1401,S~E,0.4497121778673485,0.08992550578510254,21,0.019623354150829605
1401,S>E,0.437210149772163,0.08468690067840495,21,0.01848019679666656
1401,S>>E,0.5005624650041552,0.0878355089621164,21,0.019167279453517642
1402,E>>S,0.5609585172663276,0.14081616796951346,21,0.030728607085424357
1402,E>S,0.5017165246464974,0.1193982292853948,21,0.026054829692572133
1402,S~E,0.43882354762091724,0.08742047531560385,21,0.01907671168679872
1402,S>E,0.44818930333859736,0.11031270107378675,21,0.024072204894555436
1402,S>>E,0.5049000938008151,0.07405388763253923,21,0.01615988312294596
1403,E>>S,0.5542742318015065,0.16144457017752126,21,0.03523009349419531
1403,E>S,0.496279028947642,0.11254421759489996,21,0.024559161721819524
1403,S~E,0.43606954704194467,0.0943343566008975,21,0.020585444274217615
1403,S>E,0.4353150128496922,0.08862224518224443,21,0.01933895937164622
1403,S>>E,0.50063288420395,0.0740657448752948,21,0.016162470585444098
1404,E>>S,0.5992139276598476,0.12969872991642212,21,0.028302583208649423
1404,E>S,0.483556738689118,0.11108911408866991,21,0.024241632104615007
1404,S~E,0.44547896527459524,0.09038180131498512,21,0.019722925998684696
1404,S>E,0.42780854414449493,0.10363038272308564,21,0.022614003482180185
1404,S>>E,0.5026549266671045,0.11518504368119944,21,0.025135437218851968
1405,E>>S,0.569409045506938,0.14939193295350997,21,0.032599992427391776
1405,E>S,0.4875627794041775,0.11886928965183365,21,0.02593940560167422
1405,S~E,0.4509595275058291,0.1086757382002471,21,0.023714990309896967
1405,S>E,0.4384378174271892,0.08421288525763275,21,0.018376758151606325
1405,S>>E,0.503029237109715,0.0772331689131759,21,0.016853659176473277
1406,E>>S,0.5651355241415545,0.1238959030052617,21,0.027036302562691357
1406,E>S,0.47667679173483524,0.12416674834581669,21,0.027095405861487516
1406,S~E,0.44058381133588176,0.10000279065065935,21,0.02182239799349851
1406,S>E,0.43867346470538254,0.09549661681755334,21,0.02083907024660148
1406,S>>E,0.5074445844298947,0.07998600603295296,21,0.017454377484914355
1407,E>>S,0.5432790102016324,0.14325386721201436,21,0.03126055667115278
1407,E>S,0.4986305984169622,0.12649737403257919,21,0.027603990081782638
1407,S~E,0.4198205353272765,0.08613194013134073,21,0.01879553025739398
1407,S>E,0.447423307847911,0.0958823991227365,21,0.020923254847328925
1407,S>>E,0.5139401159044119,0.10186156854472667,21,0.02222801658395918
1408,E>>S,0.5608014382159704,0.14513922333124402,21,0.03167197510583459
1408,E>S,0.48798253518502444,0.09535164208542873,21,0.02080743416641972
1408,S~E,0.45630987757155317,0.10067321691031611,21,0.021968696997439613
1408,S>E,0.4206698075237077,0.0942478399947153,21,0.020566564802946156
1408,S>>E,0.5293499398867759,0.08661305458552888,21,0.01890051803854896
1409,E>>S,0.5829400496652386,0.12563222456514067,21,0.027415198990259414
1409,E>S,0.4746159257940798,0.1317242606837956,21,0.02874459025931376
1409,S~E,0.4374272344737229,0.09417926408744816,21,0.0205516003131413
1409,S>E,0.4508182206345716,0.089235140340305,21,0.019472704059974054
1409,S>>E,0.516637014892529,0.06923027418235023,21,0.01510728437253176
1410,E>>S,0.5714107443359701,0.12867742839292348,21,0.028079716944896745
1410,E>S,0.49324892308045304,0.1372067027247599,21,0.029940957194834094
1410,S~E,0.44380167110452234,0.09796436992406943,21,0.021377578123128738
1410,S>E,0.44498352056961515,0.09885447606698322,21,0.02157181520772148
1410,S>>E,0.48142126994195455,0.11155684556267925,21,0.024343699480070296
1411,E>>S,0.5783929582888216,0.1301770260291456,21,0.028406955977276018
1411,E>S,0.49395985256046704,0.13351142062992458,21,0.029134580532272292
1411,S~E,0.4349115879415549,0.10397736861190214,21,0.022689722010779383
1411,S>E,0.4448210312048432,0.08275349482531262,21,0.018058293050434833
1411,S>>E,0.47138703979462704,0.08241987514286946,21,0.017985491267190883
1412,E>>S,0.562912087959918,0.138519750287549,21,0.030227487663765446
1412,E>S,0.4860239525118902,0.1121977105442893,21,0.024483547684283367
1412,S~E,0.43506874908158,0.07876018750284804,21,0.017186881951462674
1412,S>E,0.44886622131619347,0.09740468455556557,21,0.02125544476281787
1412,S>>E,0.500446263001562,0.10398392370751637,21,0.022691152449914615
1413,E>>S,0.5767549555554501,0.1430404578892612,21,0.031213986938984892
1413,E>S,0.494118562580765,0.12854050682064944,21,0.02804983820826731
1413,S~E,0.4488446072848553,0.09858245564736488,21,0.02151245548565126
1413,S>E,0.4452602922028749,0.07428830601209656,21,0.0162110374071655
1413,S>>E,0.510040181620338,0.09961943032462078,21,0.02173874191195019
1414,E>>S,0.5776911711911619,0.15894026553581955,21,0.034683609418774956
1414,E>S,0.4946013323491326,0.12266960650310346,21,0.026768702727186608
1414,S~E,0.43787619486682,0.09926806913100611,21,0.021662068613568796
1414,S>E,0.4414231658965833,0.09088566837274235,21,0.019832878804987897
1414,S>>E,0.5174136382966598,0.08914845737514743,21,0.019453788286197968
1415,E>>S,0.5782568588936373,0.12764414770792332,21,0.02785423661379441
1415,E>S,0.47870406166420515,0.13042072940550767,21,0.028460136413909137
1415,S~E,0.4536464208077758,0.09101249968139898,21,0.019860555665578813
1415,S>E,0.4368443320512169,0.08481798287592306,21,0.01850880127725646
1415,S>>E,0.4975204213351668,0.08979744566216522,21,0.019595409140978858
1416,E>>S,0.5625636093655062,0.12693051010721315,21,0.02769850812217436
1416,E>S,0.47379102016055236,0.11334040280126796,21,0.024732903577790257
1416,S~E,0.4326603232790808,0.1156843239337767,21,0.02524438910220587
1416,S>E,0.42854954331318756,0.08569300116146039,21,0.01869974592144433
1416,S>>E,0.5171773810468593,0.08003688421641485,21,0.017465480014768445
1417,E>>S,0.5922455447736904,0.14195922828235508,21,0.030978043295305145
1417,E>S,0.47311874583020325,0.12119319036409876,21,0.026446522312222633
1417,S~E,0.44468515737375836,0.09890158510712517,21,0.0215820952430723
1417,S>E,0.45924290869307044,0.0944651503830883,21,0.020613985817423276
1417,S>>E,0.5130779578627206,0.11074839192421018,21,0.024167280432729962
1418,E>>S,0.5660058645385211,0.1384275027463494,21,0.03020735759994541
1418,E>S,0.46907773191828966,0.13069958813413374,21,0.02852098837734381
1418,S~E,0.432578745198263,0.07858203545534011,21,0.01714800598751427
1418,S>E,0.4386657655384222,0.09732487893562297,21,0.02123802974880502
1418,S>>E,0.49370563736945555,0.0819828368585082,21,0.017890121694825213
1419,E>>S,0.5639080093882954,0.16177881407442876,21,0.035303031492202715
1419,E>S,0.48133695412159366,0.12416380293282961,21,0.0270947631196796
1419,S~E,0.4460610162398387,0.08250278465022609,21,0.018003583604966754
1419,S>E,0.4476170051827461,0.10813482279180177,21,0.023596952890669886
1419,S>>E,0.4854830206339959,0.09456126527793741,21,0.020634959806997505
1420,E>>S,0.5686759206169597,0.1370719873375993,21,0.02991155988726558
1420,E>S,0.4730641385224152,0.11727673477043202,21,0.025591881635369726
1420,S~E,0.4215347255749724,0.09671789954532639,21,0.021105575986837773
1420,S>E,0.4527591380919481,0.07946006098181471,21,0.017339606865474904
1420,S>>E,0.4897387065637255,0.11846277096772484,21,0.025850695952086486
1421,E>>S,0.5628219651017584,0.15025526798272063,21,0.03278838757603295
1421,E>S,0.46735732707477856,0.11197477270746801,21,0.02443489865987845
1421,S~E,0.425568474010029,0.09607939802095818,21,0.020966243531277677
1421,S>E,0.4447166758220029,0.09127591504739986,21,0.01991803761100327
1421,S>>E,0.4887448638865358,0.1100183709470811,21,0.024007976795272837
1422,E>>S,0.5761383369697233,0.14364677854145982,21,0.03134629695251419
1422,E>S,0.4775956690235594,0.11152057596181625,21,0.02433578480429027
1422,S~E,0.4275303776786413,0.107287111582541,21,0.023411967139055603
1422,S>E,0.4395563453983773,0.08679040937900037,21,0.018939220027403548
1422,S>>E,0.5224254980643315,0.10103390429955277,21,0.022047405438553564
1423,E>>S,0.5708944497486581,0.13862400891705146,21,0.030250238761934365
1423,E>S,0.4691884359908127,0.11821158658382575,21,0.025795883025771797
1423,S~E,0.4247087347339543,0.07119957973825243,21,0.015537022076170756
1423,S>E,0.4619753791534797,0.09279560682783455,21,0.020249661545138707
1423,S>>E,0.514325502641618,0.10544376838826269,21,0.023009716676219313
1424,E>>S,0.5583187681038358,0.12331149688630745,21,0.026908774692372156
1424,E>S,0.4808396952470383,0.10736680844234509,21,0.02342935841966048
1424,S~E,0.4327615700701782,0.09034831277005839,21,0.01971561819906371
1424,S>E,0.4426281699556909,0.08828724002835989,21,0.01926585525374735
1424,S>>E,0.5029462126941707,0.11785269108757973,21,0.025717565607765794
1425,E>>S,0.5668031781228555,0.12185460515821815,21,0.02659085485316624
1425,E>S,0.4726776647370645,0.1218389058363064,21,0.026587428980260522
1425,S~E,0.43067956003297053,0.10084186011973653,21,0.022005497962801965
1425,S>E,0.4435532706197984,0.0999358422474145,21,0.021807788654187747
1425,S>>E,0.5003135989014902,0.09622708091879063,21,0.020998470581666612
1426,E>>S,0.5561591825259851,0.15258073162120211,21,0.033295845345042895
1426,E>S,0.4911642818867448,0.12065494980921437,21,0.026329068593896315
1426,S~E,0.4297490126849122,0.08069290744440749,21,0.017608636019526808
1426,S>E,0.451307261878574,0.08435468820067707,21,0.01840770209066671
1426,S>>E,0.5027892007295242,0.11162533985803236,21,0.02435864616069545
1427,E>>S,0.5766738223249175,0.11902539397870156,21,0.025973470358540047
1427,E>S,0.49635691178720787,0.12774275043727085,21,0.027875753493364137
1427,S~E,0.4328528100167861,0.08663899294486822,21,0.018906178252600173
1427,S>E,0.445080612816415,0.08344287461671357,21,0.018208728054085677
1427,S>>E,0.4852724483990046,0.12486073145570363,21,0.027246845391586456
1428,E>>S,0.5831915293406682,0.14610798869310498,21,0.0318833770392336
1428,E>S,0.48680103704897704,0.11755786096433071,21,0.025653228400292372
1428,S~E,0.4318450385586777,0.08837919972048541,21,0.019285922503749737
1428,S>E,0.43842598001504485,0.09401138886418602,21,0.020514966936098143
1428,S>>E,0.5073271848590835,0.09500727515030176,21,0.020732287140369277
1429,E>>S,0.5846112382739383,0.14146367438417454,21,0.030869904569145967
1429,E>S,0.46788641011662363,0.13205263737990808,21,0.028816247929142086
1429,S~E,0.4361626002568858,0.08373446588916102,21,0.018272358486370387
1429,S>E,0.45299313336575586,0.08632630430563693,21,0.018837943997446354
1429,S>>E,0.5008927458021772,0.11089462934648069,21,0.02419919205449138
1430,E>>S,0.5693911121169645,0.16277065986387365,21,0.035519469987814835
1430,E>S,0.48365309363568004,0.12291040921768107,21,0.026821250187524834
1430,S~E,0.44539890955729144,0.07051773517981755,21,0.015388231395160205
1430,S>E,0.438139005951914,0.09742429642961299,21,0.021259724424596074
1430,S>>E,0.4959027724225288,0.11082223632526489,21,0.02418339460213386
1431,E>>S,0.5827837805232432,0.1385324240202026,21,0.030230253298966527
1431,E>S,0.4821568922135345,0.1189919376938084,21,0.025966169598635527
1431,S~E,0.43222147175338693,0.09029159708724414,21,0.019703241822416694
1431,S>E,0.45726676960382306,0.09333195772688227,21,0.020366702906755078
1431,S>>E,0.49008638397631993,0.0939545729509001,21,0.020502568687369056
1432,E>>S,0.5700107824690541,0.12368182137589846,21,0.026989586121193426
1432,E>S,0.49737273615407884,0.10971239918168701,21,0.02394120828215676
1432,S~E,0.42364735616793636,0.08841087616020109,21,0.019292834869594676
1432,S>E,0.4390242540697648,0.08778931874492923,21,0.01915719992177352
1432,S>>E,0.5103525558570824,0.09756946292038748,21,0.021291402349945844
1433,E>>S,0.5672811583126616,0.13998650560048068,21,0.030547559913645828
1433,E>S,0.48021833046422074,0.1215213664410104,21,0.026518136203352218
1433,S~E,0.4387726634987389,0.09281822847641512,21,0.020254597993565618
1433,S>E,0.44337874272654515,0.08910016948449452,21,0.019443251004575744
1433,S>>E,0.5066570051008764,0.07135430637971658,21,0.015570786197434365
1434,E>>S,0.5761528567644617,0.15113912628501877,21,0.03298126127002802
1434,E>S,0.48419779622205883,0.12665375337607945,21,0.027638114852197755
1434,S~E,0.41489240095082647,0.0832902663788645,21,0.01817542620638962
1434,S>E,0.4382343577243848,0.10899637055924254,21,0.02378495802681834
1434,S>>E,0.4923761996925086,0.08364869995672969,21,0.0182536428255411
1435,E>>S,0.5719572461352407,0.16819708458180024,21,0.03670361294128521
1435,E>S,0.4813396191415621,0.12174749950031773,21,0.026567482482466872
1435,S~E,0.4256032337879378,0.08309327273275034,21,0.018132438668544693
1435,S>E,0.4420997444446583,0.09149362596629061,21,0.01996554602840495
1435,S>>E,0.49755183369610895,0.09273305576597801,21,0.02023601178438835
1436,E>>S,0.5713980947196392,0.17865844436022302,21,0.0389864688011323
1436,E>S,0.5015059776341477,0.12215102643571821,21,0.026655539278963362
1436,S~E,0.42862531918913926,0.0922972095707826,21,0.020140902347205426
1436,S>E,0.43038854135322946,0.08329389853915158,21,0.018176218808744465
1436,S>>E,0.5035355301432135,0.1152120667137512,21,0.025141334128003193
1437,E>>S,0.5805110626924601,0.12332651527690429,21,0.02691205197388294
1437,E>S,0.47900407334635264,0.12329868618049027,21,0.026905979167176297
1437,S~E,0.45654000391646077,0.09838523831601596,21,0.021469419135686323
1437,S>E,0.45824537115959385,0.09750064964292278,21,0.021276386061717275
1437,S>>E,0.5024275456978232,0.09589081105882817,21,0.02092509048227565
1438,E>>S,0.5780708537849325,0.14304432563485697,21,0.031214830950268772
1438,E>S,0.4848376277355019,0.12579419462633415,21,0.02745054375529445
1438,S~E,0.43267118476945676,0.09120007021053812,21,0.019901486910718007
1438,S>E,0.4393930531917685,0.09233390421891298,21,0.020148909775903386
1438,S>>E,0.4898661302130932,0.09968173225086593,21,0.021752337306853047
1439,E>>S,0.57076891011375,0.157260285347033,21,0.03431700768633969
1439,E>S,0.4808749036570241,0.1275289480759902,21,0.027829097993158
1439,S~E,0.43578383799199877,0.08119690711303472,21,0.01771861776389428
1439,S>E,0.44353712103494514,0.08841651231299538,21,0.019294064778966495
1439,S>>E,0.5089539976702356,0.09888662648477063,21,0.021578831004061255
1440,E>>S,0.5744203071845314,0.14316582889670504,21,0.03124134513572605
1440,E>S,0.4803435188898635,0.11748124540198306,21,0.025636509513917626
1440,S~E,0.4274773066799354,0.07727851533124484,21,0.016863554576154044
1440,S>E,0.45605613967127523,0.09293396514586245,21,0.020279853805395355
1440,S>>E,0.4955772935023684,0.08215131726048479,21,0.017926887132690656
1441,E>>S,0.567282698644901,0.15106057890891983,21,0.03296412082733213
1441,E>S,0.48821147494501627,0.12945017032607878,21,0.02824834305924678
1441,S~E,0.4274529105263237,0.08257744102163567,21,0.01801987496082843
1441,S>E,0.4345749218508711,0.091667481807496,21,0.02000348448327799
1441,S>>E,0.4922507686928333,0.09094239053756861,21,0.0198452565961259
1442,E>>S,0.5681726405488077,0.14081591913070696,21,0.03072855278434499
1442,E>S,0.4689024602862898,0.115014380273482,21,0.025098195410079384
1442,S~E,0.43050944032793836,0.07842665385747649,21,0.017114098943046975
1442,S>E,0.43217699668909293,0.08584609250353804,21,0.018733153191125913
1442,S>>E,0.5157745289080158,0.07837490547925831,21,0.01710280652112907
1443,E>>S,0.584443785639601,0.13979002788079584,21,0.030504684960177823
1443,E>S,0.4831262247704919,0.1259341887409065,21,0.027481092975621884
1443,S~E,0.42763110008862854,0.10480451247159976,21,0.02287021959876425
1443,S>E,0.4499843120031168,0.1018387755083416,21,0.022223042735647156
1443,S>>E,0.4796697695635845,0.11009266019702911,21,0.024024188038663706
1444,E>>S,0.5604003975630725,0.17807449929063518,21,0.03885904154003313
1444,E>S,0.4831092791465265,0.11562572769577291,21,0.025231602354772918
1444,S~E,0.44287515171099984,0.08197450222039551,21,0.017888302927680382
1444,S>E,0.4462907495667621,0.09190451855523964,21,0.02005521014227901
1444,S>>E,0.5129176318000088,0.08731100742365655,21,0.019052823834369403
1445,E>>S,0.5589938733920664,0.1470644914888584,21,0.03209210306132774
1445,E>S,0.4927837991506354,0.12284748828570667,21,0.0268075197144977
1445,S~E,0.42953457610105095,0.09224380508114638,21,0.020129248532147877
1445,S>E,0.4480883191524523,0.08326558180102425,21,0.018170039589891957
1445,S>>E,0.5055425271153633,0.09696190002682455,21,0.021158821257126866
1446,E>>S,0.5843191021381743,0.12543974562897298,21,0.027373196642894032
1446,E>S,0.48886788613258597,0.12477120499433118,21,0.027227309116065468
1446,S~E,0.41561160824426174,0.08267145306022884,21,0.018040390069547014
1446,S>E,0.45066345083469755,0.1005410659129966,21,0.021939859285611967
1446,S>>E,0.5094253120563094,0.09714109090559214,21,0.021197923912641064
1447,E>>S,0.5810624974471805,0.14048418942682128,21,0.030656163428234448
1447,E>S,0.4877508091468553,0.12470855034429147,21,0.027213636750520326
1447,S~E,0.4406784337533608,0.09468269389973863,21,0.02066145770466123
1447,S>E,0.45795477199362394,0.10431315853973935,21,0.022762997380394515
1447,S>>E,0.5048298948754122,0.10402111517835355,21,0.022699268294215477
1448,E>>S,0.5813683785231399,0.15157321760771975,21,0.03307598776263758
1448,E>S,0.4878153290479181,0.11674633667424097,21,0.02547613928183373
1448,S~E,0.440303989381069,0.08990750661432648,21,0.019619426409756856
1448,S>E,0.44483169206240636,0.07975801778742019,21,0.017404626370975586
1448,S>>E,0.5033518001951383,0.08954627486085111,21,0.019540599178627212
1449,E>>S,0.568344814625256,0.13435718631112428,21,0.0293191417348577
1449,E>S,0.4819811889330965,0.11814740287900008,21,0.025781876993117212
1449,S~E,0.42846982534503897,0.09183775748020306,21,0.020040641681334643
1449,S>E,0.44048393966047894,0.09695847429555982,21,0.02115807370127776
1449,S>>E,0.5063644710244551,0.09134915461686315,21,0.019934019795333338
1450,E>>S,0.5466895962675052,0.14136011003339283,21,0.030847304975014724
1450,E>S,0.4949225488655758,0.11479023779587676,21,0.025049283511504098
1450,S~E,0.4427707437626599,0.0827221674981644,21,0.018051456867197817
1450,S>E,0.44957797044340325,0.0883895492328298,21,0.0192881809524985
1450,S>>E,0.4894107032806387,0.10530339741740251,21,0.022979085219107825
1451,E>>S,0.5657424685882609,0.17801861842903183,21,0.03884684733630948
1451,E>S,0.467773006541248,0.10959651635086501,21,0.023915920575300207
1451,S~E,0.4405507105938443,0.10343863858474074,21,0.022572161480845444
1451,S>E,0.44990865145387376,0.08821434675278161,21,0.01924994863693827
1451,S>>E,0.5151456249394544,0.08733629812917386,21,0.01905834271876997
1452,E>>S,0.5771830588519373,0.14975013247316935,21,0.03267815797085539
1452,E>S,0.4817419277499903,0.10444721596574937,21,0.022792251109068885
1452,S~E,0.4437258897261784,0.08361030710526687,21,0.01824526481849474
1452,S>E,0.44878375346306526,0.10154741487606604,21,0.02215946263317416
1452,S>>E,0.5079042902040015,0.0834503601301949,21,0.018210361527044906
1453,E>>S,0.5816739287517282,0.14280217164134276,21,0.03116198861669188
1453,E>S,0.48209573036381576,0.12558288694570313,21,0.027404432639036486
1453,S~E,0.44492311241736604,0.08563124581411702,21,0.018686269799836272
1453,S>E,0.4383365539093135,0.08792664157039583,21,0.019187166219028082
1453,S>>E,0.4940524846843354,0.08948354749303303,21,0.019526910944761892
1454,E>>S,0.5825233369902381,0.14353832603481634,21,0.03132263067532364
1454,E>S,0.4633803326285795,0.11647619075128758,21,0.025417188608470986
1454,S~E,0.4399888965601902,0.08177034784766267,21,0.017843752791180167
1454,S>E,0.4276360194752009,0.08459354929524135,21,0.018459825854781987
1454,S>>E,0.5041208728991912,0.0860936017247484,21,0.018787164131192392
1455,E>>S,0.5707714945497662,0.13005854982841766,21,0.028381102350709994
1455,E>S,0.48410700558941466,0.11742651169163972,21,0.025624565639121712
1455,S~E,0.435940472016381,0.09378647758200422,21,0.020465887270610158
1455,S>E,0.4435437035786457,0.09456865422452085,21,0.020636572207332008
1455,S>>E,0.48707599247459493,0.09550249134528221,21,0.02084035217364861
1456,E>>S,0.5595932206772576,0.1274625477219634,21,0.027814608247991347
1456,E>S,0.48181780517454886,0.12021226788925592,21,0.02623246747927736
1456,S~E,0.4379705055580366,0.08033088119701269,21,0.01752963541561026
1456,S>E,0.4441088356980042,0.08085825881994103,21,0.017644718647843356
1456,S>>E,0.4863473327247977,0.09182732847509491,21,0.02003836588584268
1457,E>>S,0.567789443501462,0.1638014137363445,21,0.035744398923218
1457,E>S,0.4960950435720548,0.12111876445079803,21,0.02643028124644326
1457,S~E,0.44554102094766274,0.08660252964818445,21,0.01889822130892679
1457,S>E,0.4438073717317512,0.08669823540272836,21,0.018919106016766808
1457,S>>E,0.4990542840620647,0.09054058473981089,21,0.01975757538265462
1458,E>>S,0.5661589056465104,0.14447296270148485,21,0.031526585116861246
1458,E>S,0.486266232119699,0.11531445849741864,21,0.0251636778470126
1458,S~E,0.4341816239089466,0.09368447822366077,21,0.020443629185827025
1458,S>E,0.4435373977997718,0.09179760832561253,21,0.020031880417525134
1458,S>>E,0.5160534694233346,0.10004637172620473,21,0.021831908163858237
1459,E>>S,0.589798966900995,0.15289148369821792,21,0.03336365700767574
1459,E>S,0.48864050162683,0.12206218922038016,21,0.026636153409257853
1459,S~E,0.4206020035372478,0.06662347538399319,21,0.014538434238484567
1459,S>E,0.4394468002888853,0.09138666926787098,21,0.01994220616332921
1459,S>>E,0.5009972492975566,0.08183909615177345,21,0.017858754901060526
1460,E>>S,0.5662598113873939,0.1347246037939188,21,0.029399318802788933
1460,E>S,0.4989059447483504,0.11099717980199518,21,0.024221570398536497
1460,S~E,0.4235556687950576,0.07706595481042175,21,0.016817170067752563
1460,S>E,0.4410318907631978,0.08463787283950353,21,0.018469498045098662
1460,S>>E,0.500292966570375,0.08455663334100542,21,0.018451770133132577
1461,E>>S,0.5783881897125829,0.13620266621477495,21,0.02972185846590527
1461,E>S,0.4831354904887805,0.1132401999740845,21,0.024711037528246597
1461,S~E,0.4391091733012442,0.09110176462460293,21,0.019880034873156816
1461,S>E,0.4536668372597645,0.09259869631251653,21,0.020206692147920726
1461,S>>E,0.5050388270558496,0.09920717893451703,21,0.021648781283354894
1462,E>>S,0.565508205565791,0.1273240190636632,21,0.02778437881643986
1462,E>S,0.4717540718011916,0.11980715558104701,21,0.02614406472607138
1462,S~E,0.43371586002375323,0.10759764404989315,21,0.023479730878930963
1462,S>E,0.46244880457505555,0.11331981486247167,21,0.02472841092122182
1462,S>>E,0.5023399274091993,0.07580087443162557,21,0.01654110689651271
1463,E>>S,0.5660393407144548,0.14330122802023665,21,0.03127089164680292
1463,E>S,0.49054744154393903,0.113006610644263,21,0.024660064157511312
1463,S~E,0.42763350112382087,0.10370340677693593,21,0.022629938637147875
1463,S>E,0.43390528840810644,0.08617738730109352,21,0.01880544764289463
1463,S>>E,0.5030028092026031,0.09068602740879006,21,0.019789313575029548
1464,E>>S,0.5742014698394284,0.14611193279686496,21,0.031884237713234974
1464,E>S,0.5020611969965775,0.13345272793512478,21,0.029121772736240815
1464,S~E,0.43828463162660325,0.091636775316181,21,0.019996783777526683
1464,S>E,0.4395675675010496,0.08067084144664056,21,0.017603820824048155
1464,S>>E,0.5034254556027365,0.10871044504740969,21,0.02372256396486153
1465,E>>S,0.5799661096769158,0.14402387375774492,21,0.03142858587503001
1465,E>S,0.48415326540497133,0.11990635611634963,21,0.026165712057595398
1465,S~E,0.46658884484753005,0.09060075534021181,21,0.01977070568412834
1465,S>E,0.45174841251000675,0.07756962483322367,21,0.016927079877503512
1465,S>>E,0.5146725890233649,0.10086087094219928,21,0.022009646464371438
1466,E>>S,0.5764957511468424,0.1757096071221391,21,0.03834297976038829
1466,E>S,0.4861288002971331,0.12222800887420489,21,0.026672338224275147
1466,S~E,0.451290090823334,0.0815146236744897,21,0.017787949201628017
1466,S>E,0.44393072358138785,0.10456780737751464,21,0.022818566312524886
1466,S>>E,0.5121378831815215,0.08845400311903025,21,0.01930224594356267
1467,E>>S,0.5796331775526438,0.17175184981031846,21,0.03747932630973672
1467,E>S,0.4856559310794489,0.13246641109598362,21,0.028906540756499198
1467,S~E,0.4352875299972561,0.08097871138718404,21,0.017671003552940635
1467,S>E,0.43947710183370575,0.1129635988372222,21,0.024650678211723634
1467,S>>E,0.48938655627227134,0.0978119915008674,21,0.021344326425100105
1468,E>>S,0.570278865426627,0.13432103521588526,21,0.029311252919124918
1468,E>S,0.4894334949872034,0.11389403307456795,21,0.024853715608000558
1468,S~E,0.4299198989710188,0.10101246270756119,21,0.02204272649958586
1468,S>E,0.4391517463312202,0.10204872140962391,21,0.022268856687288677
1468,S>>E,0.4896771527039177,0.097489307306138,21,0.021273910960913755
1469,E>>S,0.5733381913993265,0.12123799134417818,21,0.02645629868757607
1469,E>S,0.4876624517743757,0.12635972198855489,21,0.027573951943148985
1469,S~E,0.4401032772354856,0.09453880098078062,21,0.020630057695466313
1469,S>E,0.45533130846520903,0.104619094340023,21,0.022829758045280073
1469,S>>E,0.49283199813096185,0.08680990251705545,21,0.018943473778864007
1470,E>>S,0.5552681246954103,0.14586532228976226,21,0.03183042288866499
1470,E>S,0.4728768069929955,0.12631347920677924,21,0.02756386094087126
1470,S~E,0.4213611384811385,0.08083195716851517,21,0.017638979156959483
1470,S>E,0.43904143830009335,0.08699925169844587,21,0.018984793157744935
1470,S>>E,0.5140626162894709,0.11278471647315584,21,0.024611642879636644
1471,E>>S,0.5915579267415433,0.12858922373046114,21,0.028060469109545235
1471,E>S,0.4897761267697563,0.12732658674687586,21,0.02778493913085332
1471,S~E,0.45360352614978466,0.09575193093937266,21,0.020894784355612348
1471,S>E,0.44408941541366886,0.07866669048701458,21,0.017166479229924134
1471,S>>E,0.517616968387409,0.09045620784310231,21,0.019739162834270213
1472,E>>S,0.5748790265861443,0.14273330448271693,21,0.031146960570630003
1472,E>S,0.48598611628036603,0.1329609212670275,21,0.02901445172272463
1472,S~E,0.44312688313781834,0.09241216209643541,21,0.020165987044830677
1472,S>E,0.44274448552221396,0.08626610535459782,21,0.01882480750935618
1472,S>>E,0.49088359278703336,0.10020306112789648,21,0.02186610059451775
1473,E>>S,0.5882558255030579,0.12366469006532671,21,0.026985847762743483
1473,E>S,0.4980177566531429,0.12499846112677246,21,0.027276900469829994
1473,S~E,0.44057459396085413,0.09754652474900506,21,0.021286396830580902
1473,S>E,0.45683143568638535,0.09528708267174837,21,0.02079334614737152
1473,S>>E,0.5267156284965088,0.09359854688564527,21,0.020424877430540125
1474,E>>S,0.5709054542772801,0.15389980005757029,21,0.03358368967630405
1474,E>S,0.48631762288651315,0.11697522312550399,21,0.025526086400331948
1474,S~E,0.4196415106628254,0.08776665698601425,21,0.019152254720554054
1474,S>E,0.4657213464687208,0.10197478131400343,21,0.02225272163561853
1474,S>>E,0.5120211163326096,0.09729893283822402,21,0.021232367846170764
1475,E>>S,0.5740761509783228,0.1464516849826224,21,0.03195837771841403
1475,E>S,0.49733684289506674,0.12174638340490097,21,0.026567238930479724
1475,S~E,0.45743295423129443,0.09272869518639232,21,0.020235060227910953
1475,S>E,0.44449055601568027,0.08164354267213703,21,0.017816081633305957
1475,S>>E,0.5027490169468672,0.07682702480751413,21,0.01676503126660398
1476,E>>S,0.5816904068462943,0.14697888580089866,21,0.03207342236870896
1476,E>S,0.49373843324989675,0.11707192512659872,21,0.02554718850699244
1476,S~E,0.4400637633257354,0.10087803322921457,21,0.022013391582435538
1476,S>E,0.4651569853804804,0.08734861100740235,21,0.01906102960907972
1476,S>>E,0.5064089341770197,0.09193026469054183,21,0.020060828409606383
1477,E>>S,0.585616259383863,0.14052086789972132,21,0.030664167327207774
1477,E>S,0.48936262837230465,0.11809588759073492,21,0.025770635435597086
1477,S~E,0.4435943977702782,0.07873023278807413,21,0.01718034529680209
1477,S>E,0.44857742095162195,0.09299166092909796,21,0.02029244405748852
1477,S>>E,0.4946905593849604,0.07523947426725254,21,0.01641859933706509
1478,E>>S,0.5661224034986979,0.15123302299927713,21,0.03300175121291357
1478,E>S,0.5007949032546664,0.13172181254760332,21,0.028744056032198866
1478,S~E,0.4344462777640554,0.08503073140106929,21,0.018555226811564688
1478,S>E,0.46481833578490106,0.10219946376902192,21,0.022301751366925707
1478,S>>E,0.5058226624328456,0.08628502522848439,21,0.01882893616431924
1479,E>>S,0.562069560179465,0.15909336936261864,21,0.034717019412846106
1479,E>S,0.4913342128289086,0.13733155635143987,21,0.029968202489836508
1479,S~E,0.4354641893857896,0.07992016535557175,21,0.017440009871204518
1479,S>E,0.4458398681526579,0.09233135019464452,21,0.02014835244211591
1479,S>>E,0.5014050988039477,0.08837161363993717,21,0.019284267085257337
1480,E>>S,0.566879319714286,0.12569956758414738,21,0.02742989444178918
1480,E>S,0.48006041306259445,0.12973851777019038,21,0.028311265630155753
1480,S~E,0.44784868817800266,0.098169377189642,21,0.021422314376105034
1480,S>E,0.4636031621628626,0.10017326393079835,21,0.02185959831303205
1480,S>>E,0.5149116561965991,0.08461071744061979,21,0.018463572251245737
1481,E>>S,0.5811963341983754,0.14134769705387526,21,0.030844596240812858
1481,E>S,0.4804571772235374,0.12243919249638283,21,0.02671842226875921
1481,S~E,0.44870961933871295,0.09094161121076515,21,0.019845086533075044
1481,S>E,0.4404706810532944,0.11416648806718466,21,0.024913170161673638
1481,S>>E,0.5197928310390173,0.09344036632033363,21,0.020390359601301485
1482,E>>S,0.5884490265673561,0.15434364559430813,21,0.033680544712921645
1482,E>S,0.47739102786256926,0.12218047125200855,21,0.026661964664652624
1482,S~E,0.4187373515315773,0.08810057084905912,21,0.019225120699268253
1482,S>E,0.46597554073352415,0.09019038243700421,21,0.01968115497498036
1482,S>>E,0.5243292622560051,0.09548345865991373,21,0.02083619890120197
1483,E>>S,0.5454779129477946,0.14863781327749923,21,0.03243543002270726
1483,E>S,0.47161926660430803,0.13426379852142778,21,0.029298762848416326
1483,S~E,0.42769652557747734,0.09663543795591752,21,0.021087581392771462
1483,S>E,0.4572203740920272,0.09488426297468004,21,0.020705443682931767
1483,S>>E,0.5114822685623184,0.06688239556791524,21,0.014594935254759552
1484,E>>S,0.546271477269562,0.16617589592330237,21,0.03626255341645889
1484,E>S,0.47452273125803274,0.12477390164422783,21,0.02722789757331662
1484,S~E,0.4357142201077922,0.0881510593543231,21,0.01923613819436813
1484,S>E,0.457151577622654,0.087326135342778,21,0.019056125016963747
1484,S>>E,0.49066970239084207,0.07823005488998154,21,0.01707119753113765
1485,E>>S,0.5944937690681233,0.1663664797075456,21,0.03630414220776964
1485,E>S,0.49003126040494027,0.1197783055494075,21,0.026137769133033763
1485,S~E,0.4399245338626532,0.09259846395420934,21,0.020206641443181152
1485,S>E,0.4487466738390095,0.09867501517771486,21,0.021532653631085464
1485,S>>E,0.5162070702462472,0.09529131257775757,21,0.020794269188536742
1486,E>>S,0.5765596898401847,0.14357094502642656,21,0.03132974872285445
1486,E>S,0.4902755218175603,0.12465138062422979,21,0.027201161294823084
1486,S~E,0.4524942503678975,0.08219694476338238,21,0.017936843870109704
1486,S>E,0.45937545895247567,0.09942241694227698,21,0.021695750067306868
1486,S>>E,0.5221657695682319,0.09542053946157569,21,0.020822468806485306
1487,E>>S,0.5760075700423012,0.14303081775614074,21,0.03121188328947375
1487,E>S,0.5032829018057392,0.12031318646764066,21,0.026254489718538096
1487,S~E,0.4300626729477365,0.08678182483086762,21,0.01893734672542139
1487,S>E,0.4454423873772164,0.08907264051923758,21,0.019437243691856995
1487,S>>E,0.5227578056196758,0.09965232160639775,21,0.02174591937806672
1488,E>>S,0.5738973111011484,0.14254833527340405,21,0.03110659698001513
1488,E>S,0.4847029622251754,0.13399255636080606,21,0.029239572956382402
1488,S~E,0.44459167235935854,0.07910205458994585,21,0.01726148346595028
1488,S>E,0.4646051698590083,0.09420284013247797,21,0.020556745027947815
1488,S>>E,0.4957338300981239,0.0952773352693673,21,0.020791219089788638
1489,E>>S,0.5624652460067969,0.16661200331219872,21,0.03635771985078018
1489,E>S,0.48507911026659506,0.1165353286616814,21,0.02543009355851009
1489,S~E,0.434432737563606,0.08507665411268212,21,0.018565247968806757
1489,S>E,0.44030572910926646,0.09191435408864809,21,0.02005735643162875
1489,S>>E,0.5151018609236674,0.08561357969603138,21,0.01868241473681896
1490,E>>S,0.5853181652943756,0.13680380823941113,21,0.02985303841025357
1490,E>S,0.4866155687178889,0.13995137059861998,21,0.030539892827666348
1490,S~E,0.44720594261595087,0.08808016437002762,21,0.019220667640466857
1490,S>E,0.4561063186677612,0.09536281349585538,21,0.020809871968033983
1490,S>>E,0.5131196395234886,0.08608571913994686,21,0.018785444010167393
1491,E>>S,0.5586813945949629,0.17751542334954337,21,0.03873704116768638
1491,E>S,0.4981098005916093,0.13295059829769235,21,0.029012199066135346
1491,S~E,0.4454514652745187,0.10345112757459254,21,0.022574886801862083
1491,S>E,0.45719519287613863,0.10291108577504211,21,0.022457040019724938
1491,S>>E,0.5028327775893349,0.08411414215052417,21,0.018355210639097744
1492,E>>S,0.575263574688716,0.13989045575376768,21,0.030526600118738628
1492,E>S,0.4902711048939969,0.11577326643225191,21,0.02526379794657545
1492,S~E,0.4530911736036992,0.085264576308206,21,0.018606255953842493
1492,S>E,0.44440609258130803,0.10316821287184308,21,0.022513149752311352
1492,S>>E,0.511404236648648,0.07980115479361129,21,0.017414039637457707
1493,E>>S,0.580016241929497,0.15844742357704197,21,0.03457606248631074
1493,E>S,0.491597589532201,0.120912297692699,21,0.026385226506087024
1493,S~E,0.4373253835049035,0.0905039171514334,21,0.019749573858878842
1493,S>E,0.4544014845184086,0.09074751257214621,21,0.01980273073765794
1493,S>>E,0.516358896112557,0.09238253351097049,21,0.020159521557419846
1494,E>>S,0.5758828342866094,0.13874005615030383,21,0.03027556234434242
1494,E>S,0.4811487981071488,0.11864228804241138,21,0.025889869789385917
1494,S~E,0.4502100955958818,0.09143210549923744,21,0.01995212116187827
1494,S>E,0.4469550473810713,0.09407891756116327,21,0.020529702905882904
1494,S>>E,0.5155367870775217,0.07178751526160036,21,0.015665320125670536
1495,E>>S,0.5875934335722713,0.16038784360288294,21,0.03499949685052142
1495,E>S,0.4733056675015064,0.12765999927346777,21,0.02785769570898446
1495,S~E,0.4434777991896615,0.08578703073409939,21,0.018720264856405405
1495,S>E,0.4374770305905224,0.08508241622971495,21,0.018566505365828954
1495,S>>E,0.4976759537589456,0.08809687493835676,21,0.019224314185432283
1496,E>>S,0.5639815848996372,0.13754990826313274,21,0.030015850783335123
1496,E>S,0.4862604384292932,0.13326756628293296,21,0.029081367151146904
1496,S~E,0.45099894347111014,0.08746303884924957,21,0.01908599981131188
1496,S>E,0.4425362718624012,0.09002238480555366,21,0.01964449488628058
1496,S>>E,0.5204978263607456,0.10787585285243184,21,0.02354044101686604
1497,E>>S,0.5843038623996121,0.14354934365309904,21,0.03132503491674072
1497,E>S,0.4778497329907849,0.13569469171610346,21,0.029611009342511492
1497,S~E,0.4588246358872009,0.08093644376068503,21,0.017661780000660737
1497,S>E,0.46151424543347314,0.09630391458559172,21,0.02101523706233504
1497,S>>E,0.48963749304145454,0.07257907793004612,21,0.01583805326116834
1498,E>>S,0.5711302151694623,0.14543469191600916,21,0.03173645163703306
1498,E>S,0.483118288225284,0.12879681262331372,21,0.02810576871977995
1498,S~E,0.4396169647011018,0.0715421921420907,21,0.015611786232105027
1498,S>E,0.4414128437668731,0.10361397043099044,21,0.02261042202642523
1498,S>>E,0.5132498493089165,0.09572127104905542,21,0.020888093819032453
1499,E>>S,0.5831757239105675,0.14045295212001377,21,0.030649346889046258
1499,E>S,0.49972605694186206,0.1273710121259391,21,0.027794633543345434
1499,S~E,0.43996843282862586,0.0859371573781017,21,0.0187530251759278
1499,S>E,0.43796774022987817,0.09399863448454383,21,0.020512183702281354
1499,S>>E,0.505279810492947,0.09593909810226259,21,0.020935627579019643
1500,E>>S,0.5829936280934175,0.14324844156648214,21,0.03125937269823157
1500,E>S,0.48937512893796975,0.12209745972172666,21,0.02664385006364925
1500,S~E,0.4264934611139597,0.07906438137542336,21,0.017253262496558775
1500,S>E,0.45906115283607557,0.08942221700488938,21,0.019513527535032042
1500,S>>E,0.495254376610361,0.08428765093771554,21,0.01839307336057605
1501,E>>S,0.5655166136307257,0.12426574691122491,21,0.027117009119567288
1501,E>S,0.4831220495791615,0.1288074439740858,21,0.028108088670715795
1501,S~E,0.44127985533609726,0.11208535729306564,21,0.024459030194840185
1501,S>E,0.4509273044320231,0.09782233562292382,21,0.021346583697591598
1501,S>>E,0.504196817159401,0.0735165719128133,21,0.016042631220196734
1502,E>>S,0.5724381803237878,0.16299217681111888,21,0.035567808948694206
1502,E>S,0.47830741611861755,0.12290546187954972,21,0.02682017058983553
1502,S~E,0.4561359963995183,0.09226467739449856,21,0.020133803244331935
1502,S>E,0.46432125373981636,0.10600284199306402,21,0.02313171653874569
1502,S>>E,0.5265023086668399,0.08095099073404072,21,0.017664954410495735
1503,E>>S,0.5698989032066779,0.15934933894683465,21,0.03477287655547831
1503,E>S,0.48994994309317585,0.14387330697453435,21,0.031395729509258175
1503,S~E,0.4410773775615122,0.08142889870633013,21,0.017769242479935693
1503,S>E,0.4497629860827436,0.09169108519669342,21,0.02000863516507107
1503,S>>E,0.4970958306179397,0.08417166758962338,21,0.018367763719052875
1504,E>>S,0.5851719378758363,0.15321675914258434,21,0.03343463792889095
1504,E>S,0.4810776990313941,0.12246425776762394,21,0.02672389195936764
1504,S~E,0.45050707617364955,0.10109424062349517,21,0.022060571903868873
1504,S>E,0.4590150433519275,0.10366058426623488,21,0.022620593999208082
1504,S>>E,0.4997800327478871,0.0916522301750428,21,0.0200001563042214
1505,E>>S,0.5957767172650826,0.12977602945483743,21,0.02831945135083863
1505,E>S,0.48913736976353983,0.1399419058063758,21,0.0305378274406713
1505,S~E,0.4677762990621657,0.0880431051410054,21,0.019212580653695854
1505,S>E,0.46550831362116263,0.10555723033230535,21,0.023034476102270374
1505,S>>E,0.5174064911190933,0.08998090843994781,21,0.019635444001283413
1506,E>>S,0.573627465539258,0.14352340729415503,21,0.03131937513921155
1506,E>S,0.4875283720837337,0.11462514384672079,21,0.025013257058228554
1506,S~E,0.45056173180231635,0.07498631314852543,21,0.016363355051846676
1506,S>E,0.4381892942615032,0.11301658233876079,21,0.024662240159646697
1506,S>>E,0.5381557681446439,0.08041954272111292,21,0.017548982946344518
1507,E>>S,0.590826510870018,0.1463734583901076,21,0.0319413072764351
1507,E>S,0.4846590735343789,0.12311762671219509,21,0.026866468751997673
1507,S~E,0.4519262503477328,0.0987850139555172,21,0.02155665733230603
1507,S>E,0.4613757881325998,0.08758912540430723,21,0.019113514153343687
1507,S>>E,0.5141778139198937,0.08410324356915942,21,0.018352832373665764
1508,E>>S,0.5749745299045994,0.1551014449566169,21,0.03384591009098684
1508,E>S,0.4915816291532527,0.12233201150374975,21,0.026695033458673422
1508,S~E,0.45538161523525456,0.07569641911129124,21,0.01651831287688543
1508,S>E,0.45758448665680324,0.09112412922496635,21,0.019884915229064094
1508,S>>E,0.49874847963539864,0.09098157224280269,21,0.019853806745177928
1509,E>>S,0.5723944725142286,0.1574439063550944,21,0.03435707707532185
1509,E>S,0.49647992930052254,0.13581054722671015,21,0.029636291087608298
1509,S~E,0.4367168576755491,0.0863978018603603,21,0.01885354604299512
1509,S>E,0.43952287158745673,0.08610944045200694,21,0.018790620424838773
1509,S>>E,0.5092476489981075,0.08658065172617607,21,0.018893447154943375
1510,E>>S,0.5759724760975766,0.15808177388932948,21,0.03449627118289267
1510,E>S,0.47914076647746534,0.13802570885302368,21,0.030119678984234163
1510,S~E,0.4489179837973747,0.10737090071720053,21,0.0234302514272457
1510,S>E,0.45459434000126725,0.10250744862892701,21,0.022368959173278823
1510,S>>E,0.5060084177216978,0.08321553892973046,21,0.018159119340096876
1511,E>>S,0.5491838284441876,0.16296013812618373,21,0.03556081753446172
1511,E>S,0.47045956392279437,0.11029681473787219,21,0.02406873821184858
1511,S~E,0.4412613215245329,0.07739236456347014,21,0.016888398515415234
1511,S>E,0.4703392809156367,0.1046594183743342,21,0.022838557470973266
1511,S>>E,0.5123884041519801,0.09682892304647123,21,0.02112980330102421
1512,E>>S,0.5849684906936943,0.13455045515088243,21,0.02936131645331808
1512,E>S,0.4841313980264943,0.1205926901787113,21,0.02631548242868106
1512,S~E,0.43781451340883787,0.08238884414052672,21,0.017978719747327745
1512,S>E,0.4451268768314867,0.09254696776934657,21,0.020195404054365193
1512,S>>E,0.5030670572273612,0.08008837530357493,21,0.017476716291174477
1513,E>>S,0.5805888671243404,0.13540846422768113,21,0.029548549383860423
1513,E>S,0.48497505241246813,0.1261592419526906,21,0.027530203612688244
1513,S~E,0.4418168930488748,0.0832580985733252,21,0.01816840661573131
1513,S>E,0.4602247145892786,0.10408177997746548,21,0.022712506438689273
1513,S>>E,0.5215152690197687,0.07508562181208855,21,0.016385025978891576
1514,E>>S,0.5652561686925397,0.14857177884327627,21,0.0324210201277882
1514,E>S,0.4837409036311091,0.12295483981162317,21,0.02683094573799681
1514,S~E,0.4597501478070897,0.09198332537642924,21,0.02007240720053521
1514,S>E,0.45498467069329546,0.09829654949440637,21,0.021450065648147162
1514,S>>E,0.5141569251734176,0.0686475204636418,21,0.014980117085508027
1515,E>>S,0.6005732555623483,0.13033784702464185,21,0.028442049995618862
1515,E>S,0.4802397001725209,0.11765209937295526,21,0.02567379290700162
1515,S~E,0.45874598129758093,0.09225812571253471,21,0.020132373550116284
1515,S>E,0.4349115057661878,0.08633993746258777,21,0.018840918996193425
1515,S>>E,0.5154359001633937,0.08868345791189963,21,0.019352317084367163
1516,E>>S,0.5896426265022615,0.13220810371815353,21,0.028850173465476723
1516,E>S,0.4771217233231746,0.12798593192488975,21,0.027928820044536784
1516,S~E,0.43375204996402694,0.09795533956978489,21,0.02137560753826868
1516,S>E,0.4493682082877081,0.10063361227196012,21,0.02196005455681401
1516,S>>E,0.5098823647478602,0.07794383699271835,21,0.017008739665449097
1517,E>>S,0.5663754204080101,0.1436403661304912,21,0.03134489764972129
1517,E>S,0.48646227650325163,0.1275652182610013,21,0.027837012796409596
1517,S~E,0.4527247932075128,0.08753216490451089,21,0.019101084353251342
1517,S>E,0.45527612343611423,0.09768024011829354,21,0.021315575916359162
1517,S>>E,0.5123540932695617,0.10456126288542686,21,0.022817138187268823
1518,E>>S,0.5863261778489421,0.1432068361337711,21,0.031250293648483016
1518,E>S,0.4919490595931785,0.12087824572502939,21,0.02637779575754378
1518,S~E,0.46777984809602363,0.08784401259986827,21,0.019169135099407184
1518,S>E,0.4382112206005067,0.09818770323593179,21,0.021426313447262757
1518,S>>E,0.5038920872172201,0.08094950649130578,21,0.017664630522177517
1519,E>>S,0.5615015917659315,0.13168148770282026,21,0.02873525642964621
1519,E>S,0.48693416068277884,0.1284303351114503,21,0.02802579677032218
1519,S~E,0.43821027406898416,0.10095338500682381,21,0.02202983468837096
1519,S>E,0.45919302963263275,0.10214733207035878,21,0.022290375297629016
1519,S>>E,0.4964187761872046,0.08792373844851135,21,0.019186532705895355
1520,E>>S,0.5718520751164798,0.13522151912230435,21,0.029507754617375155
1520,E>S,0.48188399646492125,0.11735947949068351,21,0.025609938013651173
1520,S~E,0.44694508327134436,0.11055368681771822,21,0.024124792295173114
1520,S>E,0.44910987063394053,0.1013832665614863,21,0.022123642534280775
1520,S>>E,0.505640030535208,0.09398944528895127,21,0.020510178455406182
1521,E>>S,0.5783401643685174,0.16892725362843602,21,0.0368629488901577
1521,E>S,0.4752531595688111,0.13652646067116594,21,0.029792516209049023
1521,S~E,0.44007942798297495,0.10347580470581613,21,0.02258027179337477
1521,S>E,0.4468743514403285,0.0839224392509241,21,0.018313377636794897
1521,S>>E,0.493265087342518,0.08581487506000629,21,0.018726340986459852
1522,E>>S,0.5711713676428738,0.14535735788304172,21,0.03171957596751546
1522,E>S,0.4888469583974119,0.12560141173534203,21,0.027408475079548553
1522,S~E,0.4465699418830485,0.08684864135331084,21,0.018951927285981857
1522,S>E,0.45618462303940827,0.09749341312580832,21,0.0212748069242199
1522,S>>E,0.4882317515432691,0.09418894246734397,21,0.020553712308783067
1523,E>>S,0.5627245056128513,0.14773301941061487,21,0.03223798781397729
1523,E>S,0.48533587938398853,0.12356983337293515,21,0.02696514833545503
1523,S~E,0.44743913951482855,0.1017070391082671,21,0.022194295496355616
1523,S>E,0.4730485177480468,0.08962414664051424,21,0.019557592194094222
1523,S>>E,0.5221376923416654,0.08825663543318615,21,0.019259176783557014
1524,E>>S,0.5840937575416251,0.1319593754385742,21,0.028795896505064894
1524,E>S,0.4986334465823592,0.10984068005583089,21,0.023969201463870063
1524,S~E,0.4532349648424451,0.09001365331964203,21,0.019642589519846317
1524,S>E,0.45263608627945234,0.09542067761381078,21,0.020822498953774575
1524,S>>E,0.5101917586915713,0.08869724930379225,21,0.01935532661280939
1525,E>>S,0.5797223823691292,0.14974791302458396,21,0.0326776736474676
1525,E>S,0.49100924720543754,0.13418037497252586,21,0.02928055833757895
1525,S~E,0.45488544972479533,0.11110465571950595,21,0.024245023566506874
1525,S>E,0.4706206011195948,0.10548512595241372,21,0.02301874163661365
1525,S>>E,0.514000078946557,0.09587954354342343,21,0.020922631708835827
1526,E>>S,0.5658328041803163,0.16687932104708578,21,0.0364160533629099
1526,E>S,0.4830235295172628,0.12428797382510562,21,0.02712185942982079
1526,S~E,0.46988765013661676,0.09354750562806184,21,0.02041373931499528
1526,S>E,0.44625918616355614,0.0911793052419904,21,0.01989695562309071
1526,S>>E,0.49640563352019934,0.07001178202033446,21,0.015277823364139572
1527,E>>S,0.5750894771204577,0.1435563813312611,21,0.031326570664021405
1527,E>S,0.4823734261522351,0.12377711804350067,21,0.027010381558944103
1527,S~E,0.4519352120397054,0.08670019874729604,21,0.01891953445367617
1527,S>E,0.4494279858689522,0.08327584572816928,21,0.01817227936241908
1527,S>>E,0.5009795347476961,0.08852632498882951,21,0.01931802786940819
1528,E>>S,0.5632813221795337,0.16608627287122632,21,0.03624299606311834
1528,E>S,0.4917883162224267,0.1213123339223575,21,0.026472521568141064
1528,S~E,0.47105732558006186,0.097953288931859,21,0.021375160052386856
1528,S>E,0.46090746015781403,0.10011231873628688,21,0.021846298981265735
1528,S>>E,0.5337412590679474,0.08301155167006942,21,0.018114605670658618
1529,E>>S,0.5682364520807546,0.13695346893154556,21,0.029885697050742403
1529,E>S,0.47940324221885855,0.12565168275925923,21,0.027419445116327767
1529,S~E,0.45428080470507154,0.09494699003836296,21,0.02071913185042935
1529,S>E,0.44562454343908414,0.08958792270553916,21,0.019549687483427915
1529,S>>E,0.5161068220984001,0.08743840663784244,21,0.01908062462210677
1530,E>>S,0.5788804578004983,0.14460513537429157,21,0.03155542755866798
1530,E>S,0.48463905530378265,0.11837156648435398,21,0.025830793502145233
1530,S~E,0.4650363323319532,0.10139270056984902,21,0.022125701203682156
1530,S>E,0.44632660209681835,0.09635775515693203,21,0.021026986038222024
1530,S>>E,0.5085284809219774,0.07944072820102935,21,0.017335388106839527
1531,E>>S,0.5697041741114476,0.17546006797297983,21,0.038288525853727474
1531,E>S,0.5023987915642782,0.11935079414184326,21,0.026044478495623274
1531,S~E,0.44930625002324365,0.08729130380957119,21,0.01904852415327367
1531,S>E,0.457098696800718,0.09258830510403317,21,0.020204424600328483
1531,S>>E,0.5220603915807411,0.06909106956209923,21,0.015076907433989485
1532,E>>S,0.5639749519874169,0.15837454734680861,21,0.034560159589100865
1532,E>S,0.5005400063826931,0.12117365043855796,21,0.026442258350895753
1532,S~E,0.4487600904650887,0.08451879403962428,21,0.01844351292061718
1532,S>E,0.4517353548077524,0.09861835080655125,21,0.02152028845155859
1532,S>>E,0.512739347409311,0.09241121509274042,21,0.020165780391682313
1533,E>>S,0.5866582401884932,0.14220704956748706,21,0.03103212233330222
1533,E>S,0.4978490024058605,0.10622328252988783,21,0.02317982060761387
1533,S~E,0.4548935263488583,0.11757984203686533,21,0.025658025063566004
1533,S>E,0.4524634763077685,0.09973727677714465,21,0.021764458116191744
1533,S>>E,0.505667090426437,0.10485969409670988,21,0.022882261216575574
1534,E>>S,0.5968029449439898,0.157787036846051,21,0.034431954287134046
1534,E>S,0.481497588979261,0.11297213262861638,21,0.024652540437677384
1534,S~E,0.45177347174461147,0.0711170397363838,21,0.015519010371102909
1534,S>E,0.45930884069587125,0.09806068837334547,21,0.02139859653192056
1534,S>>E,0.5262030116064942,0.08383785034047568,21,0.01829491882321948
1535,E>>S,0.5692666623082226,0.15309463512696642,21,0.03340798828385566
1535,E>S,0.4952762799531598,0.11997378890246906,21,0.026180427097915113
1535,S~E,0.45481154929057027,0.08695787397771602,21,0.018975763798824496
1535,S>E,0.4514880327170018,0.09400619533910533,21,0.020513833616012146
1535,S>>E,0.5288230188234874,0.06434530894514477,21,0.01404129756459262
1536,E>>S,0.5940411532240937,0.13700789637118638,21,0.02989757409179177
1536,E>S,0.4833314247820002,0.1321079331627162,21,0.028828314458205426
1536,S~E,0.44141725125568115,0.08731651174136044,21,0.019054024974965934
1536,S>E,0.44320973087930376,0.09476508642841926,21,0.020679437228441126
1536,S>>E,0.49607866369839265,0.08158814582031783,21,0.017803993049176257
1537,E>>S,0.5769034035736932,0.14828593750791333,21,0.03235864443464306
1537,E>S,0.4885386868313263,0.11468870845669381,21,0.02502712799331054
1537,S~E,0.44665136664880656,0.08999336730338332,21,0.01963816274817705
1537,S>E,0.4487741023761571,0.08081246132415866,21,0.017634724814935634
1537,S>>E,0.518783499040146,0.07871961600488957,21,0.01717802852477446
1538,E>>S,0.5712626898771792,0.14375247536639726,21,0.03136936189065668
1538,E>S,0.45607463951072846,0.10302293001440549,21,0.022481446433673863
1538,S~E,0.4585506414969687,0.10802236556694142,21,0.023572412712319066
1538,S>E,0.45483063268446583,0.09678138063616368,21,0.021119428696550164
1538,S>>E,0.5080961817446011,0.06268942754214397,21,0.013679954618348773
1539,E>>S,0.5755000531002172,0.14519182361809962,21,0.03168345342945803
1539,E>S,0.47601336776686437,0.1102721561642794,21,0.024063357269942937
1539,S~E,0.4590733842728828,0.10091487258091064,21,0.022021430588040316
1539,S>E,0.4625870900923076,0.10057698178689406,21,0.021947696771839855
1539,S>>E,0.5070116079287658,0.10134036370821406,21,0.022114280364154602
1540,E>>S,0.5689873637303283,0.13126277486408902,21,0.028643885797363558
1540,E>S,0.47883561184927265,0.11954483526263915,21,0.026086821739622384
1540,S~E,0.45858303867544914,0.0898628317645883,21,0.01960967755830038
1540,S>E,0.45305043888411367,0.09526464021581225,21,0.020788448801985424
1540,S>>E,0.540952340152217,0.08773233592019064,21,0.019144765249979375
1541,E>>S,0.6047378754559791,0.13751919944671215,21,0.030009149570204178
1541,E>S,0.48368150211107275,0.12839212408375583,21,0.028017458440474947
1541,S~E,0.46200557309033985,0.08004228852003244,21,0.017466659330502073
1541,S>E,0.4581768735887208,0.12216691300569825,21,0.026659006012747493
1541,S>>E,0.5041920821180575,0.09209752738791455,21,0.020097328122542238
1542,E>>S,0.5795524615192345,0.14315736471801474,21,0.03123949810050967
1542,E>S,0.48681856797539796,0.12004683045746257,21,0.026196366071945355
1542,S~E,0.46304494917856154,0.09656312526891896,21,0.02107180147077734
1542,S>E,0.4452468069467174,0.0981998403254953,21,0.021428961977340913
1542,S>>E,0.5369822980365475,0.09449527406394091,21,0.020620559343505075
1543,E>>S,0.5735980399846357,0.16253410190674403,21,0.03546784880949147
1543,E>S,0.4737161099019031,0.12578846553252412,21,0.027449293564530262
1543,S~E,0.45971612086541686,0.07761456268965918,21,0.016936886121726596
1543,S>E,0.4498055361755505,0.10141620780855576,21,0.022130830903718014
1543,S>>E,0.5102099347594742,0.07146132077766357,21,0.015594138653579231
1544,E>>S,0.5946347313913108,0.13933294454930734,21,0.03040494119991836
1544,E>S,0.4938070403122814,0.11063961187484044,21,0.02414354267985673
1544,S~E,0.44366827182080454,0.09865033616353164,21,0.021527268228677298
1544,S>E,0.4484109080099133,0.09351549825598264,21,0.020406754733788158
1544,S>>E,0.49914104617979593,0.0841073366762917,21,0.018353725562868677
1545,E>>S,0.5756014790546025,0.1646285046488119,21,0.03592488495717
1545,E>S,0.4886607260486093,0.12049076160393135,21,0.02629323979013782
1545,S~E,0.4379451378823715,0.08275372028569643,21,0.01805834224992412
1545,S>E,0.43567098652710096,0.10641766627809138,21,0.023222238619043014
1545,S>>E,0.526742710074866,0.08272379133782051,21,0.018051811218061653
1546,E>>S,0.5671721726094978,0.15936402020437979,21,0.03477608026852582
1546,E>S,0.4759841316054502,0.11701822347765445,21,0.025535469846457624
1546,S~E,0.4541116519306516,0.08591893445427211,21,0.018749048607935775
1546,S>E,0.4448931505833715,0.09799180632405849,21,0.02138356523645002
1546,S>>E,0.5295878307746102,0.07692787882364256,21,0.016787039417225355
1547,E>>S,0.5842452092317271,0.15233735540227544,21,0.033242736300015105
1547,E>S,0.4955468878241112,0.12741856303581747,21,0.027805010002577894
1547,S~E,0.4379849003692778,0.09033154380019848,21,0.01971195890983945
1547,S>E,0.449257691726108,0.10031088841264088,21,0.021889630437104547
1547,S>>E,0.5190701163162466,0.08955939009400142,21,0.019543461157135227
1548,E>>S,0.5876805210456835,0.16607196155171736,21,0.036239873077168604
1548,E>S,0.4911958804302425,0.11255260245608027,21,0.024560991448536212
1548,S~E,0.4599565410574503,0.0802536747030897,21,0.017512787577393867
1548,S>E,0.4489601327193013,0.09425274188463785,21,0.020567634483023223
1548,S>>E,0.5121535817236514,0.08707332084677442,21,0.01900095637102477
1549,E>>S,0.5709831555954056,0.15707958451481302,21,0.03427757553196876
1549,E>S,0.4907155094654613,0.10679664527927551,21,0.02330493861712516
1549,S~E,0.4305657255067977,0.07598046775136785,21,0.01658029737184735
1549,S>E,0.4641426926594948,0.09004592037739219,21,0.019649630769112678
1549,S>>E,0.5378681257271185,0.09506153374272978,21,0.020744127335936096
1550,E>>S,0.5705589282741735,0.16085076968783119,21,0.035100515604114035
1550,E>S,0.489448738070743,0.11706871582442831,21,0.02554648817984368
1550,S~E,0.4651033792810854,0.09341623042011477,21,0.020385092716076778
1550,S>E,0.45283720045438325,0.10675493502844441,21,0.023295836694187583
1550,S>>E,0.5121296406722295,0.09123145817734093,21,0.019908336326612514
1551,E>>S,0.5550480910723044,0.13006427467537432,21,0.028382351614734798
1551,E>S,0.48697209365482635,0.11738281385143802,21,0.02561502998862503
1551,S~E,0.4658775063565332,0.09461556751141606,21,0.02064680952582232
1551,S>E,0.45136473759734763,0.10829337432980321,21,0.023631551672786234
1551,S>>E,0.5044103374491322,0.07951475707597958,21,0.01735154253174771
1552,E>>S,0.5825965100310828,0.14683172182758214,21,0.03204130855693309
1552,E>S,0.48656632508095765,0.1326409590791115,21,0.028944630249122312
1552,S~E,0.44618367538727083,0.10696122705117818,21,0.02334085330416106
1552,S>E,0.46395843106292345,0.09256291850735668,21,0.020198884790761467
1552,S>>E,0.5198594577216988,0.09226873056487597,21,0.02013468771862046
1553,E>>S,0.5827825794662299,0.14369390781684235,21,0.031356581403556516
1553,E>S,0.48904920296287413,0.11697882664196718,21,0.025526872752091978
1553,S~E,0.4400255570685891,0.10694843282986535,21,0.023338061376178963
1553,S>E,0.4449507703182022,0.08801783178610761,21,0.019207065555510872
1553,S>>E,0.5050454731823135,0.08887177756049455,21,0.01939341180077353
1554,E>>S,0.5883393737512737,0.15214569347668366,21,0.0332009122389739
1554,E>S,0.48458393027472657,0.10798009613947765,21,0.02356318876703644
1554,S~E,0.4458049220626704,0.08718260978237544,21,0.01902480517197776
1554,S>E,0.4469853450863392,0.08580911406665341,21,0.018725083834644725
1554,S>>E,0.502114244187303,0.07898355947799672,21,0.017235625712617466
1555,E>>S,0.5659329575892068,0.1334444908428579,21,0.029119975255344654
1555,E>S,0.4963306580689851,0.12315397379013279,21,0.026874400334661482
1555,S~E,0.45052389882762656,0.09695219665186466,21,0.021156703807114954
1555,S>E,0.45373894481957855,0.10158350046751924,21,0.022167337154808994
1555,S>>E,0.49153489386132804,0.09292295403544241,21,0.020277450984110337
1556,E>>S,0.5871591049406734,0.14943509416272388,21,0.03260941097540647
1556,E>S,0.48734175276708913,0.1330241891433268,21,0.02902825790521038
1556,S~E,0.4425059898329926,0.08548834780585259,21,0.01865508689795388
1556,S>E,0.44614801356439526,0.09275683563388333,21,0.02024120097699274
1556,S>>E,0.5111380919628621,0.0893530936657229,21,0.019498443585793068
1557,E>>S,0.5840341747832732,0.1449413139716903,21,0.03162878774293482
1557,E>S,0.49025436530299626,0.12466091366138246,21,0.027203241574078083
1557,S~E,0.4415021698287204,0.09389754718699958,21,0.02049012464548159
1557,S>E,0.4413315261672925,0.09932930992646118,21,0.021675432450749373
1557,S>>E,0.5013821626550025,0.09333868869687802,21,0.02036817172482679
1558,E>>S,0.5849030439645119,0.14532375863275002,21,0.0317122440100033
1558,E>S,0.49239639869097573,0.12693188321458182,21,0.02769880775876742
1558,S~E,0.45548572632546763,0.08820381619758658,21,0.019247650681400594
1558,S>E,0.4587278545422836,0.0918478325429201,21,0.02004284024026475
1558,S>>E,0.49312528490850904,0.07037985382880446,21,0.015358143217639241
1559,E>>S,0.5893078970068698,0.1594043181274925,21,0.03478487399628837
1559,E>S,0.48341982946193096,0.11977242058845686,21,0.026136484929270995
1559,S~E,0.4324799763575568,0.1074154857003917,21,0.023439980668213886
1559,S>E,0.44050347850372956,0.09139700660713768,21,0.01994446195569464
1559,S>>E,0.5243878183492751,0.10009804354880698,21,0.02184318387997115
1560,E>>S,0.5742774327000174,0.14869227759692996,21,0.03244731511158657
1560,E>S,0.49505490035730065,0.1149631300625695,21,0.025087011697179907
1560,S~E,0.45887361411576544,0.08881632929588537,21,0.019381311997453268
1560,S>E,0.44349385318177637,0.10496771805648478,21,0.02290583397717259
1560,S>>E,0.5171621512429524,0.0759924524260783,21,0.016582912642277826
1561,E>>S,0.5819898273441764,0.1380599965899575,21,0.030127161181848827
1561,E>S,0.48899844394851943,0.11887147209704307,21,0.02593988185026338
1561,S~E,0.43532607332678497,0.08284411034593944,21,0.018078066978168654
1561,S>E,0.4473586765036792,0.10118371419755622,21,0.022080096638432346
1561,S>>E,0.5221190863054241,0.09669187050671066,21,0.021099895984946177
1562,E>>S,0.5813238542449963,0.1635146715060798,21,0.035681826638688074
1562,E>S,0.5013126010225643,0.11145844654439926,21,0.024322227053899945
1562,S~E,0.44725270361048974,0.08334408683382877,21,0.018187170792523466
1562,S>E,0.44780818724497484,0.0985513709993991,21,0.021505672259353438
1562,S>>E,0.49716813658738057,0.06740364946609283,21,0.014708682180697152
1563,E>>S,0.5866042140299635,0.14344663315147493,21,0.03130262164777122
1563,E>S,0.49507958892350856,0.1192395998635412,21,0.026020213914805888
1563,S~E,0.4394580334842476,0.09436936767515672,21,0.02059308431697736
1563,S>E,0.44454245780857365,0.10077314799526668,21,0.02199050374796652
1563,S>>E,0.5237046153718887,0.0890400483523128,21,0.01943013149795245
1564,E>>S,0.5835615660444686,0.14773903770457844,21,0.03223930111338884
1564,E>S,0.48631472665972586,0.10780961498064634,21,0.023525986728231283
1564,S~E,0.45115070417098646,0.10376597344521,21,0.022643591803497738
1564,S>E,0.4433283213468421,0.08834502970569559,21,0.01927846599521297
1564,S>>E,0.5261540450663047,0.07650739596833062,21,0.016695282535658777
1565,E>>S,0.5872866934799801,0.13904775831351615,21,0.030342708461219666
1565,E>S,0.4683260682981303,0.11460584682666342,21,0.025009046103223794
1565,S~E,0.45066239286645554,0.08763904619280814,21,0.019124407762489273
1565,S>E,0.44976710923726404,0.08798854925963841,21,0.019200675584363985
1565,S>>E,0.5065451256244631,0.08821608730434607,21,0.019250328456428514
1566,E>>S,0.5938295995054548,0.14750560347234357,21,0.03218836158772169
1566,E>S,0.47938058099379255,0.12017667833275766,21,0.026224701201343875
1566,S~E,0.45717385644353314,0.0858639133213294,21,0.018737042012386622
1566,S>E,0.44309333468540196,0.09161894489557756,21,0.01999289286076058
1566,S>>E,0.5203226797287892,0.08721798799683879,21,0.019032525331298268
1567,E>>S,0.5743727506770161,0.1570328120674269,21,0.03426736894717898
1567,E>S,0.4812277900787756,0.12748296204719295,21,0.027819063018973536
1567,S~E,0.4562037185740218,0.0951459466790101,21,0.02076254774879981
1567,S>E,0.44727588613837144,0.08824544250795939,21,0.019256734287028458
1567,S>>E,0.5315323429019482,0.08439022812422663,21,0.018415457537802844
1568,E>>S,0.5777524676960821,0.1455157634374223,21,0.03175414289339406
1568,E>S,0.47275539473232814,0.12117798177097251,21,0.026443203525117167
1568,S~E,0.45069907040896984,0.10965907410134354,21,0.02392957179562754
1568,S>E,0.44089687043716935,0.10780071887066454,21,0.02352404543787975
1568,S>>E,0.5304037679941535,0.08274782881289179,21,0.01805705662515831
1569,E>>S,0.57198153053186,0.14671137824106453,21,0.03201504743337978
1569,E>S,0.4745835523761857,0.1291602934267555,21,0.0281850867338483
1569,S~E,0.45919196178311045,0.08883794893819698,21,0.019386029790186166
1569,S>E,0.4422522962676014,0.08120827478313136,21,0.017721098392879667
1569,S>>E,0.510057070612729,0.07794060591727588,21,0.017008034586982846
1570,E>>S,0.5979879635872061,0.15418369468697332,21,0.03364564056338171
1570,E>S,0.49020273122440844,0.1311766007509421,21,0.028625081064199677
1570,S~E,0.45060482183490286,0.10048724825734312,21,0.02192811531033782
1570,S>E,0.4560885936548879,0.07679130360017604,21,0.016757236260101983
1570,S>>E,0.5157410129861164,0.08234000334451651,21,0.01796806181186495
1571,E>>S,0.5743873759865852,0.15006250697426482,21,0.03274632367544796
1571,E>S,0.4952866738064249,0.13143623343535338,21,0.028681737560828216
1571,S~E,0.4364915520424869,0.10246696758884753,21,0.02236012548611812
1571,S>E,0.45167125841884503,0.08294194734165689,21,0.01809941676096114
1571,S>>E,0.5018211822137046,0.07138134962396674,21,0.015576687517139769
1572,E>>S,0.57440437943275,0.1277059515667077,21,0.02786772332146678
1572,E>S,0.4739838697166045,0.1121922885206249,21,0.024482364501718513
1572,S~E,0.4410345112967638,0.08384758709003902,21,0.018297043556166948
1572,S>E,0.4429601507786032,0.10539134812737443,21,0.022998277637482654
1572,S>>E,0.5160415091724692,0.0701401080133175,21,0.01530582639159077
1573,E>>S,0.5670687530587634,0.14936297215991118,21,0.03259367266411309
1573,E>S,0.4560797831583249,0.12669755460345258,21,0.027647673063624867
1573,S~E,0.4457454588091173,0.09282613199783486,21,0.02025632268333527
1573,S>E,0.45424382285111925,0.10493089864833754,21,0.022897799323606964
1573,S>>E,0.5071115354509992,0.09430222499697873,21,0.02057843258340056
1574,E>>S,0.5928439518477009,0.15491105805815186,21,0.03380436426367523
1574,E>S,0.48059219599373226,0.10656349355837606,21,0.02325406074048559
1574,S~E,0.44098256871785046,0.08048707256360292,21,0.017563719166100656
1574,S>E,0.44150546426631865,0.1013873633547578,21,0.022124536527865214
1574,S>>E,0.5160807985376115,0.0901179876532312,21,0.019665357138001324
1575,E>>S,0.5825087843376682,0.12802777434215287,21,0.027937950808554317
1575,E>S,0.49471223522051,0.12460818152746306,21,0.02719173447906655
1575,S~E,0.4702122692789561,0.1019720235984894,21,0.02225211985275719
1575,S>E,0.446202242494706,0.08842299544870566,21,0.019295479515163305
1575,S>>E,0.5038463400213868,0.11131160526394406,21,0.024290183659479457
1576,E>>S,0.5831703604936616,0.13611895902654098,21,0.029703592059891263
1576,E>S,0.4884474777144488,0.12009532234902764,21,0.026206947870216237
1576,S~E,0.44698048327151274,0.09497107696279158,21,0.02072438804826044
1576,S>E,0.44484581712167814,0.09914515616257268,21,0.021635246804914608
1576,S>>E,0.49953004376423155,0.09989415320483594,21,0.021798691359270296
1577,E>>S,0.5831489527479671,0.15558096403490046,21,0.03395054973257779
1577,E>S,0.48592398719231233,0.12462208863756839,21,0.027194769259293015
1577,S~E,0.4427178271498465,0.08945088422275793,21,0.019519783234834255
1577,S>E,0.4392574811015451,0.09424551332375303,21,0.020566057081717496
1577,S>>E,0.5062526056398161,0.07837723125035052,21,0.017103314045989984
1578,E>>S,0.5783576374933672,0.13745331951715734,21,0.02999477339096783
1578,E>S,0.4901154208109924,0.121394131932931,21,0.026490371357433914
1578,S~E,0.4632740946762683,0.10364284867322902,21,0.02261672377552026
1578,S>E,0.4400277753392321,0.09626150696992566,21,0.021005982961914454
1578,S>>E,0.49379570122123806,0.09211773145027595,21,0.020101737010404942
1579,E>>S,0.5749873064579767,0.14056731125483113,21,0.030674302098175316
1579,E>S,0.49050555786890304,0.12199350175205435,21,0.02662116457483414
1579,S~E,0.4483647515945802,0.0963424205343253,21,0.021023639749229217
1579,S>E,0.4349966315416759,0.10982723043951714,21,0.023966266516973592
1579,S>>E,0.5016527076309488,0.09178406333812233,21,0.020028924658931753
1580,E>>S,0.5925947094566549,0.1481010044361157,21,0.03231828872988052
1580,E>S,0.4941716756295438,0.11620139384466897,21,0.025357223007265294
1580,S~E,0.45021443017846313,0.09028623639476296,21,0.019702072023413245
1580,S>E,0.4383445124215137,0.08475488043434218,21,0.018495031195585942
1580,S>>E,0.5189582828639056,0.07877575060621198,21,0.017190278099044276
1581,E>>S,0.5893039017247851,0.15628528156401986,21,0.03410424441783845
1581,E>S,0.4796833409065299,0.1243228737870284,21,0.027129475225880897
1581,S~E,0.4461570551209311,0.09465789137970904,21,0.020656045351067836
1581,S>E,0.42430764398427845,0.0859568872009891,21,0.018757330576253017
1581,S>>E,0.5057666265745235,0.08301071819303592,21,0.01811442379105881
1582,E>>S,0.566201657690613,0.1617295472111552,21,0.03529228058124061
1582,E>S,0.48773388472549245,0.10464752094083045,21,0.022835961238134854
1582,S~E,0.4491962958849471,0.11191970844034499,21,0.024422882651679474
1582,S>E,0.4440242110133466,0.09721673969223867,21,0.02121443183126198
1582,S>>E,0.5303024864439302,0.10052183846119399,21,0.021935663511644988
1583,E>>S,0.5750588007098035,0.146326259461001,21,0.03193100762570406
1583,E>S,0.4820341352516493,0.13388100883690363,21,0.02921523129105536
1583,S~E,0.4539536472513448,0.10016239084577583,21,0.02185722561135808
1583,S>E,0.46509959564864806,0.0968337429212269,21,0.021130855083924597
1583,S>>E,0.5070469771527697,0.06904124410239737,21,0.015066034627293307
1584,E>>S,0.5859849883337892,0.17089946849731155,21,0.03729332145793577
1584,E>S,0.49299098147233006,0.12859209599179933,21,0.028061095888354662
1584,S~E,0.44522249286344895,0.09450312515346902,21,0.020622272591697955
1584,S>E,0.46477702628199885,0.09377761376451373,21,0.020463953027057946
1584,S>>E,0.5149865312629236,0.07595002766919516,21,0.016573654801337014
1585,E>>S,0.5907569383715577,0.1386776258898749,21,0.030261938944624735
1585,E>S,0.5047653271087247,0.11181822646688744,21,0.024400737469534584
1585,S~E,0.4541765536153293,0.10111458932916915,21,0.022065012355490084
1585,S>E,0.4346996463675924,0.09488973202539869,21,0.020706637127641182
1585,S>>E,0.5343962407084343,0.07741843850306912,21,0.016894088315504666
1586,E>>S,0.5387517301322153,0.18846292956551222,21,0.04112598287748051
1586,E>S,0.48475253414295694,0.12536615619967312,21,0.027357138112888545
1586,S~E,0.442367894902042,0.10083104545229957,21,0.022003138008890265
1586,S>E,0.4457362702270066,0.11317711043562532,21,0.024697270262268076
1586,S>>E,0.5239116273324635,0.071667820175882,21,0.015639200516593458
1587,E>>S,0.5745213890761356,0.17346507314600135,21,0.03785318229155251
1587,E>S,0.4870093503379734,0.12401015306357559,21,0.02706123396937595
1587,S~E,0.4455151148744895,0.1033208577498814,21,0.022546459595552203
1587,S>E,0.45614720870531517,0.08784163817372098,21,0.019168616957142805
1587,S>>E,0.5139168672347532,0.09917600602114404,21,0.021641978795966132
1588,E>>S,0.5763924326203537,0.16880464670019232,21,0.03683619386494804
1588,E>S,0.47498608687516736,0.11060882538304657,21,0.024136824516569705
1588,S~E,0.43001837382009295,0.10254323882543466,21,0.022376769234451855
1588,S>E,0.45170051344665796,0.07733569167528044,21,0.016876031477320898
1588,S>>E,0.5053229978598035,0.0758472635054898,21,0.016551229822341366
1589,E>>S,0.5815547856726303,0.12948258638203905,21,0.0282554168225882
1589,E>S,0.4824449962258345,0.11295436271143497,21,0.02464866272384039
1589,S~E,0.441898608382002,0.08403099044212749,21,0.018337065448721903
1589,S>E,0.45073195495746093,0.09409331507226006,21,0.020532844700379093
1589,S>>E,0.5103439617488872,0.0698263907049576,21,0.015237367662429956
1590,E>>S,0.578259631357058,0.12526888195362282,21,0.027335911132141153
1590,E>S,0.4795103409442132,0.1059530181858357,21,0.0231208440926488
1590,S~E,0.4411592020443432,0.09772121090191828,21,0.021324516474323065
1590,S>E,0.46807925714587706,0.10406982791534383,21,0.022709898284909116
1590,S>>E,0.5205359765064083,0.09061012771770177,21,0.019772750904570698
1591,E>>S,0.5831898224431905,0.16742459585221914,21,0.03653504208048494
1591,E>S,0.4960398872901047,0.12623448698663015,21,0.027546623425245265
1591,S~E,0.44612009050143375,0.10027822637711296,21,0.021882502996620833
1591,S>E,0.44026409358969704,0.080913610126363,21,0.017656797293152563
1591,S>>E,0.49138155661429056,0.11526049131435129,21,0.025151901242181664
1592,E>>S,0.5887955001543622,0.14989062884893511,21,0.032708816793560795
1592,E>S,0.5015248341755105,0.13390240845360898,21,0.029219901070264665
1592,S~E,0.46349680515688113,0.1261581561236589,21,0.02752996666536779
1592,S>E,0.4502749929787778,0.09561383885398807,21,0.020864650192081433
1592,S>>E,0.5013346281731156,0.09230130249869843,21,0.020141795497300104
1593,E>>S,0.5791520102602156,0.16849738252970575,21,0.03676914332591935
1593,E>S,0.48691922045635705,0.1183179235643749,21,0.0258190876573213
1593,S~E,0.45222245660456667,0.1114372674181388,21,0.024317605389650342
1593,S>E,0.45366352245622527,0.0998173381218544,21,0.02178192893392376
1593,S>>E,0.5259098740648689,0.09206318449256776,21,0.020089833888375066
1594,E>>S,0.6067683182985462,0.12924142047444517,21,0.028202790107036215
1594,E>S,0.5069082368247952,0.13221567642323465,21,0.028851825965202905
1594,S~E,0.4628851060730395,0.10758165016312135,21,0.023476240726702947
1594,S>E,0.45508990443410413,0.09163751752052957,21,0.01999694573979375
1594,S>>E,0.4939703491949983,0.08202508208081,21,0.017899340358108463
1595,E>>S,0.5709150186398041,0.15434467174669259,21,0.033680768637730035
1595,E>S,0.47649225841613696,0.10381928191472406,21,0.022655224665246804
1595,S~E,0.44471361310155516,0.09366147713990186,21,0.020438609937856015
1595,S>E,0.44412082278595594,0.09320094771028266,21,0.020338114177332927
1595,S>>E,0.49778294830485237,0.09019566265877031,21,0.019682307213834137
1596,E>>S,0.5814059492653408,0.12490646158231272,21,0.02725682452333532
1596,E>S,0.46694450553381406,0.10537364710976363,21,0.022994414958764597
1596,S~E,0.45119458818110453,0.09731522533149489,21,0.021235923159679017
1596,S>E,0.4199399224202784,0.0941318459773616,21,0.020541252833199235
1596,S>>E,0.49887297691295973,0.09235895044694936,21,0.020154375310943856
1597,E>>S,0.5727410102664021,0.1523497572584934,21,0.033245442606914
1597,E>S,0.4933179548783096,0.11981691927555921,21,0.02614619533888874
1597,S~E,0.4407435827230497,0.08483300979307198,21,0.01851208041941345
1597,S>E,0.44880783195536533,0.0957330442908986,21,0.020890662951028708
1597,S>>E,0.5079098559465314,0.11056929624608035,21,0.024128198551698087
1598,E>>S,0.5949544042666325,0.16412009079308548,21,0.035813939958206635
1598,E>S,0.48159016894995554,0.11576295272659289,21,0.025261547311486023
1598,S~E,0.44056496297726594,0.10888130044508482,21,0.023759847669277627
1598,S>E,0.4592051226170247,0.09894067519841965,21,0.021590625400323714
1598,S>>E,0.4829298171416041,0.11165413585196828,21,0.024364929961739397
1599,E>>S,0.5856111245603847,0.12637148369957102,21,0.02757651855891249
1599,E>S,0.49248225325902145,0.10940132509190507,21,0.023873326350577463
1599,S~E,0.4522666519355092,0.10849044314724827,21,0.023674555614360396
1599,S>E,0.46517764617695273,0.08584327796360616,21,0.018732539008159993
1599,S>>E,0.5146162289843172,0.08594177980821294,21,0.01875403387287444
1600,E>>S,0.5723247989698176,0.15623443230969433,21,0.03409314820083946
1600,E>S,0.47399977974940033,0.12673688527525814,21,0.027656255719847842
1600,S~E,0.45113089383431904,0.11005861394715992,21,0.024016758537846804
1600,S>E,0.45645688859457545,0.08968131761991353,21,0.01957006792460146
1600,S>>E,0.5158194104155178,0.08524797850182692,21,0.018602634015551903
1601,E>>S,0.593964147984385,0.1407583468843941,21,0.030715989490218452
1601,E>S,0.48183167904509006,0.13262622834688148,21,0.028941415739813445
1601,S~E,0.453210516203148,0.10297031260350743,21,0.022469964373278008
1601,S>E,0.45559258324938545,0.1062318760007723,21,0.023181695856700085
1601,S>>E,0.5002258455446559,0.10532620673860478,21,0.0229840626210583
1602,E>>S,0.5614591155644674,0.14144774815238728,21,0.030866429180445944
1602,E>S,0.47512126550236544,0.13057401301139268,21,0.02849358563899313
1602,S~E,0.46336041137959016,0.11067756741202382,21,0.024151825257103663
1602,S>E,0.45211752380535486,0.09009538902186304,21,0.01966042571234194
1602,S>>E,0.5241900647936166,0.08956746508770538,21,0.019545223265224974
1603,E>>S,0.6018124730866885,0.14753595863885252,21,0.032194985628115035
1603,E>S,0.4951874933333109,0.1249563470749825,21,0.0272677104302991
1603,S~E,0.4438796576743728,0.10067618326954396,21,0.021969344310091996
1603,S>E,0.44451346522413104,0.10925035865148341,21,0.02384038277245221
1603,S>>E,0.511202720915439,0.0903243067809573,21,0.019710379662769045
1604,E>>S,0.577388221956363,0.14288052520691016,21,0.031179086766462465
1604,E>S,0.484995273158638,0.13793160067055757,21,0.030099142895202467
1604,S~E,0.44537589896958385,0.11517319313681816,21,0.025132851218058937
1604,S>E,0.45706162255225474,0.1099445058164657,21,0.023991858102307938
1604,S>>E,0.506007495618628,0.12241263829997232,21,0.026712627668041597
1605,E>>S,0.5931061465729556,0.15571123953962288,21,0.033978978178367744
1605,E>S,0.5003736379313917,0.13023613039065146,21,0.028419853606347575
1605,S~E,0.43790466068813483,0.08854081989420093,21,0.01932119091707751
1605,S>E,0.44882962042349356,0.09795488214415665,21,0.02137550771981315
1605,S>>E,0.5004668486802778,0.09025736336683614,21,0.01969577141217433
1606,E>>S,0.5920363872231638,0.15596069298465695,21,0.03403341338285518
1606,E>S,0.48660811229827783,0.13612212899137002,21,0.02970428380292838
1606,S~E,0.45712071485034195,0.09723708758684725,21,0.021218872105894213
1606,S>E,0.4417000789066448,0.09964570153171963,21,0.021744474759337253
1606,S>>E,0.4901750571498411,0.08828991400448132,21,0.01926643876317511
1607,E>>S,0.5749628660180898,0.14059202498694248,21,0.030679695076656514
1607,E>S,0.4801295542264788,0.1343254681881392,21,0.029312220272977647
1607,S~E,0.4536951484062091,0.11543810781391205,21,0.025190660339986914
1607,S>E,0.4597404438484225,0.0846987230586994,21,0.018482776651551982
1607,S>>E,0.49717614734110044,0.1011042614939406,21,0.0220627586370758
1608,E>>S,0.5698932443804282,0.12619640891645895,21,0.027538314109108248
1608,E>S,0.4864665608102896,0.1127236892082194,21,0.02459832563863534
1608,S~E,0.45867073486550486,0.10044471203800381,21,0.02191883314629498
1608,S>E,0.4569923398193885,0.08844950213072963,21,0.019301263747391734
1608,S>>E,0.5080368602926065,0.11039146065656971,21,0.024089391644546203
1609,E>>S,0.5842370313189713,0.13972601595579903,21,0.030490716412955074
1609,E>S,0.48414410959712867,0.12922365759433202,21,0.02819891392881341
1609,S~E,0.4436484141369097,0.09627200842884744,21,0.021008274568124763
1609,S>E,0.4504084026605624,0.09942992524636111,21,0.021697388513583358
1609,S>>E,0.5117997428179225,0.07857538074947952,21,0.017146553811641232
1610,E>>S,0.567219219123285,0.15158792914407393,21,0.033079198083062915
1610,E>S,0.4810417972435405,0.12974600008162232,21,0.02831289840437052
1610,S~E,0.44793349194571774,0.09139501233957874,21,0.019944026770835364
1610,S>E,0.46268107391923524,0.09210322719497614,21,0.020098571922413974
1610,S>>E,0.5065608493282269,0.08385938187246225,21,0.018299617388703136
1611,E>>S,0.6008061557956637,0.14684167696012143,21,0.03204348094495283
1611,E>S,0.5062573503415287,0.12252194255970802,21,0.02673647981299493
1611,S~E,0.4503917616484876,0.09357638774396133,21,0.02042004190939242
1611,S>E,0.44597885790293923,0.0887421657908766,21,0.019365128193857748
1611,S>>E,0.5108655857717651,0.08060354085688613,21,0.017589134631340306
1612,E>>S,0.5861605883100917,0.15541708955569483,21,0.03391478938946201
1612,E>S,0.4800104957110015,0.12673104714429598,21,0.027654981735226358
1612,S~E,0.44519027981612985,0.08315032205859918,21,0.01814488785207081
1612,S>E,0.44564502911383985,0.10147561959290062,21,0.022143795617952905
1612,S>>E,0.5090541111264238,0.08262596242666745,21,0.01803046319946575
1613,E>>S,0.588500929494929,0.1372107211757438,21,0.029941834092729814
1613,E>S,0.4707204853327611,0.11651063780092973,21,0.02542470557096875
1613,S~E,0.4553938780291269,0.10243605657982606,21,0.022353380150944388
1613,S>E,0.463552494250957,0.11772471101942683,21,0.025689638067301207
1613,S>>E,0.4974997801617744,0.08904433349011266,21,0.019431066591682505
1614,E>>S,0.573903822750687,0.15319470931731263,21,0.03342982626254009
1614,E>S,0.4857266519350819,0.12054014774631036,21,0.02630401672993466
1614,S~E,0.4604940495841281,0.10037154585052313,21,0.021902866975226334
1614,S>E,0.45953180880590655,0.08677232431236685,21,0.018935273542318002
1614,S>>E,0.5151108985902624,0.10396522562759228,21,0.022687072194362116
1615,E>>S,0.5924910687366065,0.13273514036208922,21,0.028965182289993428
1615,E>S,0.48847184896529905,0.13137874677317665,21,0.028669192942691303
1615,S~E,0.47165237168795116,0.09611387438034699,21,0.02097376688968652
1615,S>E,0.4366331634598803,0.09083582460010617,21,0.019822002002081826
1615,S>>E,0.4953754824909901,0.0715874789987746,21,0.015621668634426007
1616,E>>S,0.5863213512442917,0.14499971859695832,21,0.03164153267704083
1616,E>S,0.4800164720366438,0.13856443559709514,21,0.03023723879773914
1616,S~E,0.44161607633636857,0.10058962554076717,21,0.021950455865134708
1616,S>E,0.4460518286846265,0.10699916388901226,21,0.023349131800875438
1616,S>>E,0.5121902004377111,0.0955279909306565,21,0.020845916639370878
1617,E>>S,0.5738995977761616,0.1574568751955313,21,0.034359907108320806
1617,E>S,0.49588535470132156,0.1277500735863065,21,0.027877351535496583
1617,S~E,0.44261868594203496,0.07954825267082424,21,0.017358851869786914
1617,S>E,0.48334384121663165,0.07531740524662894,21,0.016435605270968632
1617,S>>E,0.5015779504695466,0.08787773709703602,21,0.019176494388028403
1618,E>>S,0.5976111530065517,0.15240453229680934,21,0.033257395500212894
1618,E>S,0.48949660528930583,0.12837586010978622,21,0.028013909350388444
1618,S~E,0.4580450511996865,0.09628112321669302,21,0.021010263577898376
1618,S>E,0.44465734382219957,0.10177848986301927,21,0.022209887329313404
1618,S>>E,0.4965498632773738,0.09669852150213831,21,0.02110134735113637
1619,E>>S,0.5752587525728742,0.13942417562762277,21,0.03042484945335231
1619,E>S,0.48064184486827105,0.11262956893905102,21,0.024577786912068973
1619,S~E,0.4591858659747582,0.10334049787096264,21,0.02255074542133853
1619,S>E,0.45402221770655227,0.1111712381077114,21,0.02425955303478794
1619,S>>E,0.5002858699280391,0.08962512626111194,21,0.019557805964834283
1620,E>>S,0.570795469153403,0.14639207315776614,21,0.03194536935176078
1620,E>S,0.49525512314772363,0.12761444283267434,21,0.027847754478587856
1620,S~E,0.4524742043723394,0.11156844008773846,21,0.024346229612867004
1620,S>E,0.4489760323352201,0.09996874056576117,21,0.02181496765580967
1620,S>>E,0.5124185052013926,0.09150503460285969,21,0.019968035597007522
1621,E>>S,0.5843503231693613,0.13430545299814756,21,0.029307852600444998
1621,E>S,0.495834838087948,0.1349112708261097,21,0.02944005288873025
1621,S~E,0.4601702924474365,0.1159269804590113,21,0.025297341097194562
1621,S>E,0.4404422336694404,0.09566304944800003,21,0.020875388824083983
1621,S>>E,0.4884518002100046,0.07751266166006006,21,0.016914649494034602
1622,E>>S,0.5826215565857245,0.1281283602391936,21,0.02795990045079404
1622,E>S,0.4892675665193356,0.10875109577649779,21,0.02373143468119969
1622,S~E,0.46161909794354145,0.09938002656221688,21,0.02168649972800385
1622,S>E,0.45581139509960716,0.09942895476774398,21,0.021697176737787007
1622,S>>E,0.5024592533704197,0.11747334434495454,21,0.02563478536192223
1623,E>>S,0.6061898941598078,0.13209329739004336,21,0.028825120670770782
1623,E>S,0.47766512650444437,0.13237014299924138,21,0.028885533335531073
1623,S~E,0.4532195920913895,0.09942214916442495,21,0.021695691633388945
1623,S>E,0.4562914231594527,0.10997655480534671,21,0.02399885176504575
1623,S>>E,0.506047560299202,0.08032324194445213,21,0.017527968394033516
1624,E>>S,0.5566559828069537,0.14700446698169553,21,0.032079004640012204
1624,E>S,0.4832175553321895,0.12492429772360852,21,0.02726071668845884
1624,S~E,0.4472516540654877,0.09001569538092725,21,0.01964303513415171
1624,S>E,0.4579673503991875,0.08877748655578382,21,0.019372835816657323
1624,S>>E,0.48739803730503456,0.1055614998676339,21,0.02303540779126206
1625,E>>S,0.5915898580005311,0.15125553820105828,21,0.03300666443274449
1625,E>S,0.4820392225775987,0.11719627249434764,21,0.025574323327239006
1625,S~E,0.44913839232125835,0.09469738252825523,21,0.020664663026186584
1625,S>E,0.45379688165082727,0.1190638747840451,21,0.0259818675586967
1625,S>>E,0.5108810770685638,0.10526990739755744,21,0.022971777097633272
1626,E>>S,0.5960517458640636,0.13143227396631935,21,0.028680873533849155
1626,E>S,0.492607001222722,0.11780671305289457,21,0.025707532378039598
1626,S~E,0.45197580952241184,0.10209117463270831,21,0.022278120740063873
1626,S>E,0.45776390011807966,0.10219349738020513,21,0.02230044939414578
1626,S>>E,0.49922165319889344,0.09876651161650492,21,0.021552619790922337
1627,E>>S,0.5922269192936036,0.15623963849635483,21,0.03409428428390869
1627,E>S,0.5120578130325257,0.11832426604606325,21,0.025820471700294192
1627,S~E,0.4613556135770204,0.11078011528215266,21,0.024174203036971372
1627,S>E,0.452916811481058,0.1004558405150257,21,0.021921261579072236
1627,S>>E,0.5242713540672622,0.06817516595995464,21,0.014877040882269946
1628,E>>S,0.5703344811119486,0.13126651362262692,21,0.028644701661363802
1628,E>S,0.47900122908915793,0.11790552320920791,21,0.025729094521884186
1628,S~E,0.46369387229015235,0.11889495564006804,21,0.02594500637947755
1628,S>E,0.4621779719656467,0.09969304777831252,21,0.021754806557379346
1628,S>>E,0.4939324995314938,0.11424395673907822,21,0.024930075211813636
1629,E>>S,0.5643091591342797,0.150075223253241,21,0.032749098595017796
1629,E>S,0.4818367604162713,0.11704547642731186,21,0.025541416927634574
1629,S~E,0.44288598442421045,0.09908802432488979,21,0.021622779615830146
1629,S>E,0.43051500222423217,0.11443326606965092,21,0.024971385894533196
1629,S>>E,0.5076995934839656,0.10897586765401501,21,0.023780483926095882
1630,E>>S,0.5950295396161392,0.1484404664037183,21,0.03239236540426611
1630,E>S,0.49231009447759777,0.12784792721623467,21,0.02789870494817144
1630,S~E,0.4502882265052338,0.09191321298466622,21,0.020057107422325283
1630,S>E,0.4558475158591238,0.09485754395593336,21,0.02069961311503169
1630,S>>E,0.5016772833410013,0.09142948122695026,21,0.01995154849871636
1631,E>>S,0.5750043631325604,0.1350562179866077,21,0.02947168295228982
1631,E>S,0.47265370559766556,0.12968113190337005,21,0.028298743007368857
1631,S~E,0.4469209871865311,0.09620274849204632,21,0.020993160810838147
1631,S>E,0.4480869136541055,0.12234316770740174,21,0.0266974679418974
1631,S>>E,0.492345713973219,0.12776363422251186,21,0.027880310708919574
1632,E>>S,0.5661393194533081,0.1453137290079847,21,0.03171005536644715
1632,E>S,0.4865344321593665,0.13397906905346607,21,0.029236629784629705
1632,S~E,0.4510832005164567,0.11012871776975666,21,0.024032056446111345
1632,S>E,0.4355722023523799,0.09594597949329757,21,0.020937129221653184
1632,S>>E,0.4909701371166763,0.08354415670480621,21,0.01823082961766795
1633,E>>S,0.5969998500700493,0.1387465096929495,21,0.030276970622803108
1633,E>S,0.489460141831644,0.13378941567903546,21,0.02919524402538532
1633,S~E,0.46337212321353727,0.1007582649134074,21,0.02198725599324298
1633,S>E,0.4636133131871888,0.11382221349330437,21,0.024838043290499587
1633,S>>E,0.49147110892399776,0.10868139690584958,21,0.023716225140695005
1634,E>>S,0.5930767734223631,0.15145412644736664,21,0.033049999940879565
1634,E>S,0.48600905487532775,0.12216684715086794,21,0.026658991642045358
1634,S~E,0.4588378648410481,0.09908354455073055,21,0.021621802048964384
1634,S>E,0.4460665234999954,0.10625053152932334,21,0.02318576682678173
1634,S>>E,0.5072936580558208,0.08157966345836723,21,0.01780214204604718
1635,E>>S,0.5780894669091318,0.15285883159623595,21,0.03335653173486946
1635,E>S,0.4811014168868047,0.13389720810376102,21,0.029218766260892353
1635,S~E,0.45048858283684823,0.10681971136733007,21,0.02330997205019642
1635,S>E,0.45473138408222363,0.11059724464267032,21,0.02413429739183743
1635,S>>E,0.49975707827386856,0.11302181682684244,21,0.024663382418592342
1636,E>>S,0.5808265735120282,0.15617873703032756,21,0.03408099449447994
1636,E>S,0.4964630456539411,0.12316476380809392,21,0.02687675490961657
1636,S~E,0.438655573429071,0.09040946681205721,21,0.019728963105088097
1636,S>E,0.44927210216084473,0.09063959973845265,21,0.019779182226759943
1636,S>>E,0.48313672793526924,0.09729206036011079,21,0.0212308681484962
1637,E>>S,0.6057689518349436,0.13707237034246358,21,0.029911643465779018
1637,E>S,0.47870110455646103,0.11632757066894536,21,0.025384757047655568
1637,S~E,0.44320335126088706,0.0907100154843707,21,0.019794548202273575
1637,S>E,0.4514468996584303,0.09542435022407195,21,0.020823300383037428
1637,S>>E,0.49895421847304844,0.10747716397452121,21,0.023453439971067826
1638,E>>S,0.5678630080323501,0.142267171959106,21,0.031045242114757246
1638,E>S,0.48920379704272127,0.12333702495546503,21,0.02691434537376552
1638,S~E,0.45620933363017907,0.09803126186515161,21,0.021392175141385483
1638,S>E,0.4443001001430074,0.11340234062985387,21,0.024746419520070072
1638,S>>E,0.49774288319037874,0.09918216419509558,21,0.021643322619693543
1639,E>>S,0.592501373455329,0.13952482824620974,21,0.030446813655427087
1639,E>S,0.4863548796686446,0.12154950445802483,21,0.02652427642206053
1639,S~E,0.44092777629615104,0.08188564924519767,21,0.017868913618891518
1639,S>E,0.43812231170944227,0.10998158854417116,21,0.02399995021691202
1639,S>>E,0.5101409438277733,0.09407238342208656,21,0.020528277039839074
1640,E>>S,0.583964563422031,0.13442943599537566,21,0.02933490790852525
1640,E>S,0.4820913134708443,0.11720890147647219,21,0.025577079197074054
1640,S~E,0.45151357899791317,0.09222079603857779,21,0.02012422754742221
1640,S>E,0.4539462758397562,0.11135069326120689,21,0.024298713359775702
1640,S>>E,0.5242557955019206,0.09043235189195968,21,0.019733957038942297
1641,E>>S,0.5702504702929163,0.14612887993723558,21,0.03188793588245219
1641,E>S,0.4799429043271829,0.12206095221316196,21,0.02663588347215249
1641,S~E,0.4589432576005755,0.10433490842099208,21,0.022767743593594368
1641,S>E,0.43580145721947944,0.1157844483011628,21,0.02526623803041808
1641,S>>E,0.511800196551073,0.09229919267937471,21,0.0201413350969785
1642,E>>S,0.5875527438943745,0.11388803661631842,21,0.024852407073532458
1642,E>S,0.4986839915146591,0.11619819807995976,21,0.02535652563423276
1642,S~E,0.45032183293164973,0.07507605746696656,21,0.016382938867677565
1642,S>E,0.4445399396441692,0.10785913876176965,21,0.023536793703264523
1642,S>>E,0.5222670415004663,0.09128047914925626,21,0.019919033579681195
1643,E>>S,0.5697706244643852,0.14552068371013271,21,0.031755216584924306
1643,E>S,0.49384732752328764,0.1214063378786343,21,0.026493034913153624
1643,S~E,0.45928077517177046,0.09510483959139818,21,0.02075357744686739
1643,S>E,0.44913522833483277,0.10397834766840529,21,0.02268993565842392
1643,S>>E,0.5061527466400204,0.08564156258311625,21,0.018688521103401336
1644,E>>S,0.5690184156561161,0.14132698215368128,21,0.030840075878996075
1644,E>S,0.48196148041064113,0.1314184605717728,21,0.028677859204034213
1644,S~E,0.4793390534085224,0.10622013222956647,21,0.023179133155724133
1644,S>E,0.4375910934005977,0.09809446639964535,21,0.02140596750155605
1644,S>>E,0.5002874108972842,0.10481304203378143,21,0.022872080901828174
1645,E>>S,0.575575247229545,0.1322930461413329,21,0.028868709421854457
1645,E>S,0.5009264024305423,0.13081220850105177,21,0.028545564156210266
1645,S~E,0.4417636794351991,0.10488816372885269,21,0.022888473799637574
1645,S>E,0.4575425569028695,0.0820344088397192,21,0.017901375623760367
1645,S>>E,0.5043949643072091,0.07567350322890161,21,0.016513312221377467
1646,E>>S,0.5899462037837975,0.12804493162396152,21,0.027941694834392787
1646,E>S,0.4805719264064143,0.1422810356399936,21,0.03104826741795145
1646,S~E,0.44704218986784483,0.10110018190254544,21,0.022061868397248524
1646,S>E,0.45300750040226834,0.10412150383632456,21,0.02272117489536153
1646,S>>E,0.5015322129416644,0.09728144262594385,21,0.021228551168947205
1647,E>>S,0.5890768490049776,0.12405526416834779,21,0.027071078019485557
1647,E>S,0.491933045260297,0.13244455239811387,21,0.028901770797566756
1647,S~E,0.46953403357531254,0.1108957186950649,21,0.02419942976984116
1647,S>E,0.460314427098686,0.11162974397128383,21,0.02435960721699755
1647,S>>E,0.5075614859492639,0.10339419904866788,21,0.022562463979040555
1648,E>>S,0.5620035388300919,0.15151263482197308,21,0.03306276751494732
1648,E>S,0.4806874950537236,0.12206555667384857,21,0.026636888247849193
1648,S~E,0.44841668439871607,0.09105063580612181,21,0.019868877650257608
1648,S>E,0.4383487032572497,0.1158254383004062,21,0.02527518278157375
1648,S>>E,0.4921544752070807,0.09693875598930976,21,0.021153770814088847
1649,E>>S,0.5777706744178888,0.15357179232750637,21,0.0335121125214684
1649,E>S,0.5045224904949871,0.13066752183524294,21,0.02851399093725218
1649,S~E,0.45488712352818556,0.09548245660940961,21,0.020835980235855055
1649,S>E,0.45236429557477614,0.10105850154636369,21,0.02205277299785826
1649,S>>E,0.5055032457948608,0.09290167599462847,21,0.020272807734935564
1650,E>>S,0.5891982748338201,0.13146044149566874,21,0.02868702019267694
1650,E>S,0.4850283467978996,0.12015228873227574,21,0.026219378954183012
1650,S~E,0.45897328980908303,0.09383054081086087,21,0.02047550265544824
1650,S>E,0.44777755832217814,0.09659936884294645,21,0.021079710467036234
1650,S>>E,0.5046948275098834,0.08344107924695139,21,0.018208336272283982
1651,E>>S,0.5984835960613188,0.15129185708417703,21,0.03301458986279439
1651,E>S,0.46847071791628186,0.1281354919728051,21,0.02796145672265647
1651,S~E,0.4639709284704121,0.10484254786706071,21,0.022878519602516034
1651,S>E,0.4459494950590471,0.11038931237253262,21,0.024088922850536
1651,S>>E,0.489699724983208,0.08821543315889528,21,0.019250185710188335
1652,E>>S,0.5815793205500177,0.15561205792044283,21,0.033957334974680085
1652,E>S,0.4958447870796149,0.12167222225867191,21,0.02655105564161214
1652,S~E,0.4499188193014877,0.09454259841697142,21,0.020630886363980177
1652,S>E,0.44571431145983925,0.08218559126848743,21,0.017934366334406926
1652,S>>E,0.5222917481538075,0.07235909576348315,21,0.01579004921689143
1653,E>>S,0.5676487421858488,0.12445268425894386,21,0.027157802193192828
1653,E>S,0.4808459103345593,0.13442840264170283,21,0.0293346824122669
1653,S~E,0.45228973536824235,0.11340443717280123,21,0.024746877023248834
1653,S>E,0.4472852053457351,0.10984904006160275,21,0.02397102576669196
1653,S>>E,0.5195520504701668,0.08441587847485503,21,0.018421054903200788
1654,E>>S,0.5754337771388965,0.13228424977421369,21,0.028866789897179963
1654,E>S,0.47922943764447173,0.13894930875344924,21,0.030321225005927203
1654,S~E,0.4359095973814869,0.10900532040201742,21,0.02378691104262662
1654,S>E,0.4426143108976797,0.10228345020635278,21,0.022320078710088485
1654,S>>E,0.5048949174358619,0.08037466444114973,21,0.01753918970277353
1655,E>>S,0.5742106498939462,0.15842269112442267,21,0.034570665422679794
1655,E>S,0.4885164592416913,0.14793440455900833,21,0.03228193365618457
1655,S~E,0.45930169876220833,0.10188798983239174,21,0.02223378218161077
1655,S>E,0.4430636909180088,0.09382646509941259,21,0.020474613262294786
1655,S>>E,0.5096706614977271,0.09299309327840376,21,0.020292756621732112
1656,E>>S,0.5673314222053033,0.14881987326281787,21,0.03247515876859989
1656,E>S,0.4838798290405286,0.12587697448529714,21,0.027468607801471385
1656,S~E,0.4492831874374483,0.10871153999379814,21,0.023722802901752337
1656,S>E,0.4561460096988585,0.11867347982950648,21,0.0258966763953585
1656,S>>E,0.5214953103262028,0.1013175510847362,21,0.022109302241588514
1657,E>>S,0.5870201549746857,0.14716376432180203,21,0.03211376616949045
1657,E>S,0.48525284904783444,0.13329921866746092,21,0.029088274267719535
1657,S~E,0.4562219611358128,0.1150181579514651,21,0.025099019766998847
1657,S>E,0.45644284378198174,0.1032793332667566,21,0.02253739821045157
1657,S>>E,0.5073879017505655,0.11173981210062034,21,0.024383626051963585
1658,E>>S,0.5774087591330489,0.14898295969571518,21,0.03251074714591285
1658,E>S,0.4807704098242698,0.1477221228494154,21,0.03223560998938151
1658,S~E,0.445777433550959,0.11778200242763052,21,0.025702140077528066
1658,S>E,0.4491973105861439,0.1137130494341612,21,0.024814221739823766
1658,S>>E,0.5122985665721916,0.11251281039073796,21,0.02455230810798908
1659,E>>S,0.5567316831072567,0.13194389534405862,21,0.02879251847149905
1659,E>S,0.4763358325161076,0.12530347074396792,21,0.027343459024996075
1659,S~E,0.4310046317015349,0.09433773501951472,21,0.020586181505600598
1659,S>E,0.4660156644324416,0.09369410750452047,21,0.020445730467180716
1659,S>>E,0.506675614893612,0.12546795181348705,21,0.0273793517369703
1660,E>>S,0.5879268334481923,0.11980301923236225,21,0.02614316210078811
1660,E>S,0.4863834439741967,0.12165366689401137,21,0.026547006529083355
1660,S~E,0.43766161137644716,0.09397658479125039,21,0.02050737206473051
1660,S>E,0.4619526059390634,0.12577586045535905,21,0.027446542911185035
1660,S>>E,0.49859400582109814,0.08299596149013959,21,0.018111203614485934
1661,E>>S,0.5968445367964507,0.1365358574261303,21,0.02979456674909241
1661,E>S,0.48975971334011154,0.12084736304976075,21,0.026371056605301813
1661,S~E,0.44033456289072487,0.1032885168752977,21,0.022539402238132163
1661,S>E,0.4463443533117556,0.09365896637710958,21,0.0204380620444966
1661,S>>E,0.5225523328607524,0.10629918952414248,21,0.023196384871754277
1662,E>>S,0.5692198682011046,0.14732371566269262,21,0.03214867041364001
1662,E>S,0.5014781551050922,0.14239320345764153,21,0.03107274444247095
1662,S~E,0.45364407543416807,0.11558515312003757,21,0.025222748256458732
1662,S>E,0.44482343523853646,0.09165727496920992,21,0.020001257168561222
1662,S>>E,0.495334847434347,0.08503882075855776,21,0.01855699205408919
1663,E>>S,0.5758268803724542,0.14763218962170138,21,0.03221598495016765
1663,E>S,0.48180408213474957,0.12792743430945624,21,0.02791605481831305
1663,S~E,0.46409410960761416,0.10480243226207042,21,0.02286976565982951
1663,S>E,0.4455791603917872,0.09991303888160058,21,0.021802812551809554
1663,S>>E,0.5121078572771168,0.06715944485873189,21,0.014655392366492938
1664,E>>S,0.5709556329310391,0.13319625294473128,21,0.02906580530493885
1664,E>S,0.48074835521477494,0.1429765128271974,21,0.031200032982450318
1664,S~E,0.447600908913474,0.10581357300880016,21,0.02309041466031252
1664,S>E,0.4559922847023852,0.10000651375097226,21,0.02182321044059393
1664,S>>E,0.5225735561082019,0.10580084698753667,21,0.0230876376148013
1665,E>>S,0.5777843378059945,0.15206003323350906,21,0.03318221964143123
1665,E>S,0.4972711409709942,0.1387860396360299,21,0.03028559676358326
1665,S~E,0.456295247877032,0.1080308124081979,21,0.023574255964197214
1665,S>E,0.4422557925635184,0.08655142922788256,21,0.01888707028301834
1665,S>>E,0.49484294513073984,0.07412673674534588,21,0.016175780102648193
1666,E>>S,0.5917872762622451,0.12543119810282688,21,0.027371331419771692
1666,E>S,0.5039711345615151,0.13251815808999873,21,0.02891783287635923
1666,S~E,0.4469125921117516,0.09912983636242395,21,0.021631903750447316
1666,S>E,0.4417251565706278,0.11270144038405343,21,0.02459347054716561
1666,S>>E,0.4980918183477402,0.08501197235359148,21,0.018551133251801244
1667,E>>S,0.5884212221525751,0.130311033267676,21,0.028436198754144475
1667,E>S,0.48963517687502867,0.12746266194656386,21,0.027814633173842678
1667,S~E,0.4531984464224162,0.10613520960975759,21,0.023160601520796124
1667,S>E,0.4389462033194655,0.08409925335222333,21,0.018351961636944386
1667,S>>E,0.5257450801184856,0.08240686681760517,21,0.017982652617896208
1668,E>>S,0.5858593641039757,0.14442488536547055,21,0.031516093782028035
1668,E>S,0.4982300301421745,0.13565463713694945,21,0.029602268716754213
1668,S~E,0.4284449694628529,0.09876032891667128,21,0.021551270615208677
1668,S>E,0.43946052565497484,0.10243330839322828,21,0.02235278044746305
1668,S>>E,0.509050509250311,0.11545181024053544,21,0.025193650454615784
1669,E>>S,0.5928391949485011,0.1237599053651441,21,0.02700662544458782
1669,E>S,0.5039174493835409,0.1130056684611587,21,0.024659858556302077
1669,S~E,0.4639304481847438,0.10717534812249925,21,0.023387578352599813
1669,S>E,0.4367060074382746,0.10531144331158937,21,0.022980840977162343
1669,S>>E,0.5115421141477174,0.07548842466130772,21,0.01647292476682923
1670,E>>S,0.5970814420826075,0.11283145938641409,21,0.024621843019551344
1670,E>S,0.5020727953623704,0.1368059545714854,21,0.02985350677831056
1670,S~E,0.4557233757889605,0.09786202318800835,21,0.02135524423431295
1670,S>E,0.45181388508739767,0.10758164399321278,21,0.023476239380318516
1670,S>>E,0.5293226435453808,0.12235599410008458,21,0.026700266890247987
1671,E>>S,0.5637095352587106,0.13691596359777636,21,0.029877512715934692
1671,E>S,0.4820239310463857,0.13229038883687205,21,0.0288681295504813
1671,S~E,0.45424438935553946,0.09690916848966571,21,0.021147314292339164
1671,S>E,0.4664077308922859,0.11944124325959343,21,0.026064216111272426
1671,S>>E,0.5147469313334937,0.11182882974764757,21,0.024403051295091637
1672,E>>S,0.5666082125978622,0.12532836826284652,21,0.027348892109037872
1672,E>S,0.4852930164273076,0.13391816345298865,21,0.029223339092989964
1672,S~E,0.4413357294531985,0.10177658987716645,21,0.02220947271840912
1672,S>E,0.4514181704663599,0.10545177715869854,21,0.023011464333207207
1672,S>>E,0.5161539141160351,0.11272647859510987,21,0.02459893433275763
1673,E>>S,0.5774515340511167,0.1317868891038585,21,0.028758256901008694
1673,E>S,0.48326351357748204,0.1352786193078646,21,0.0295202148994002
1673,S~E,0.4535675841162111,0.10545158854971225,21,0.02301142317535214
1673,S>E,0.4563146662362133,0.10973584982789297,21,0.023946325632696493
1673,S>>E,0.5071993835185813,0.10734312028987025,21,0.023424189241003833
1674,E>>S,0.6039056968795699,0.11562856957447334,21,0.025232222503547234
1674,E>S,0.5103501755756534,0.12442971807190382,21,0.027152790560310187
1674,S~E,0.4489058821910189,0.10447864230998195,21,0.022799108899605153
1674,S>E,0.43852706755287896,0.10933762213997478,21,0.02385942522680543
1674,S>>E,0.5052667536924071,0.11303635584607859,21,0.024666555092696153
1675,E>>S,0.593859927192098,0.1366068746294751,21,0.02981006397337677
1675,E>S,0.48823586226039545,0.13887263991340096,21,0.030304494493405026
1675,S~E,0.4412771148369685,0.09770211099307129,21,0.021320348532510774
1675,S>E,0.45427328945259465,0.10304238940587344,21,0.022485692821025277
1675,S>>E,0.49892137444870766,0.08521681106137953,21,0.01859583272245342
1676,E>>S,0.5697739449989866,0.12005906858926706,21,0.02619903665124816
1676,E>S,0.4879125307704576,0.13823204208311968,21,0.03016470458639129
1676,S~E,0.4340991052431497,0.09736072945042808,21,0.021245852972509666
1676,S>E,0.44836873065354593,0.08919201549987793,21,0.019463293448279295
1676,S>>E,0.4908018037812155,0.10878041436524563,21,0.023737832521780942
1677,E>>S,0.5862930710389668,0.13363380145216783,21,0.02916128621710756
1677,E>S,0.4857142741995838,0.11829467841811139,21,0.02581401515054545
1677,S~E,0.45209855730541626,0.09916939406832022,21,0.021640535949570577
1677,S>E,0.459379366559471,0.10794059018306058,21,0.023554567860575353
1677,S>>E,0.5002453858393595,0.0994721758964622,21,0.02170660836130952
1678,E>>S,0.5597422868242334,0.16188508613408736,21,0.03532622195685245
1678,E>S,0.5017311308139997,0.1298778180362912,21,0.028341663440333585
1678,S~E,0.44643606638885996,0.09323288022849562,21,0.02034508242408728
1678,S>E,0.44243379436398556,0.09507929759539842,21,0.020748003726387906
1678,S>>E,0.5136074268616598,0.09134799106424828,21,0.019933765887336544
1679,E>>S,0.5820864857790816,0.11968796574245395,21,0.026118055370956034
1679,E>S,0.5054665190637764,0.13005437551878454,21,0.028380191441668663
1679,S~E,0.4663027987309673,0.09344544346614041,21,0.02039146752534786
1679,S>E,0.4360560690511826,0.09849025775206231,21,0.02149233625545413
1679,S>>E,0.5154306689423848,0.09688666859806365,21,0.021142404413463226
1680,E>>S,0.5801200204801258,0.15651642693430357,21,0.03415468447287958
1680,E>S,0.4820356447803372,0.12118224756078971,21,0.026444134396771266
1680,S~E,0.4384780168456865,0.09308039906829521,21,0.02031180830700761
1680,S>E,0.44918894980228796,0.09101854821588752,21,0.019861875564013923
1680,S>>E,0.49798731452014955,0.09962488036398812,21,0.021739931208042632
1681,E>>S,0.568965828496452,0.1444718812416475,21,0.031526349122977165
1681,E>S,0.48904939910085427,0.1444943445228863,21,0.03153125101281687
1681,S~E,0.4475618080078415,0.11661874890775557,21,0.025448297348611364
1681,S>E,0.4597211066662439,0.10935502979910525,21,0.023863223889454825
1681,S>>E,0.5008017861354268,0.10700338787970161,21,0.023350053551212044
1682,E>>S,0.5923437181006621,0.13878115052969087,21,0.03028452987311282
1682,E>S,0.49914891488829866,0.12495994937356877,21,0.027268496516296595
1682,S~E,0.4498958890442067,0.11511824058360573,21,0.02512085958783384
1682,S>E,0.44617839654090535,0.09923684567732324,21,0.02165525509738024
1682,S>>E,0.49048825087887227,0.10560036137809525,21,0.02304388806808632
1683,E>>S,0.5845893820194522,0.15386617427357238,21,0.03357635192866249
1683,E>S,0.4902504443075029,0.1276393625088357,21,0.02785319239774515
1683,S~E,0.4414711089763154,0.0918403922027266,21,0.020041216624925084
1683,S>E,0.4459121632209511,0.10670314302583343,21,0.02328453475264672
1683,S>>E,0.5104307541231,0.11476574853926313,21,0.02504393951759243
1684,E>>S,0.5731225782790768,0.13908883854986293,21,0.030351672903725656
1684,E>S,0.4919601048192167,0.12695075497439234,21,0.027702925914378312
1684,S~E,0.4406135517743629,0.09225454731686358,21,0.020131592680162503
1684,S>E,0.44992510495844634,0.11874701797827807,21,0.0259127237350353
1684,S>>E,0.5306511196863455,0.10760249351639886,21,0.023480789119280608
1685,E>>S,0.5788417506624162,0.12710823385057815,21,0.027737290622496316
1685,E>S,0.4861412898950069,0.11893667146726898,21,0.02595410951927879
1685,S~E,0.46003337104377867,0.10596497293392788,21,0.02312345283255578
1685,S>E,0.45500963355386487,0.11411873595670856,21,0.024902749796871227
1685,S>>E,0.522456607722583,0.11812637556263338,21,0.025777288456502345
1686,E>>S,0.5817320191955265,0.14252400890351297,21,0.031101288530900394
1686,E>S,0.47686989758959786,0.14227233678538143,21,0.031046369172250506
1686,S~E,0.4521326212175346,0.09796643355993744,21,0.02137802844539407
1686,S>E,0.46070591856764925,0.10124599475175056,21,0.022093687369571364
1686,S>>E,0.5278461775589796,0.09068894922560537,21,0.019789951167730642
1687,E>>S,0.584701388595087,0.1372769561130226,21,0.02995628774100271
1687,E>S,0.518202038066127,0.14252800477485453,21,0.031102160501514205
1687,S~E,0.45636079066288376,0.10607700254892782,21,0.023147899698785016
1687,S>E,0.4579424956440392,0.09799808342072917,21,0.021384935011242303
1687,S>>E,0.5125375555400529,0.10225138166525076,21,0.022313080780706256
1688,E>>S,0.5734500328365579,0.1567815895994201,21,0.03421254771023066
1688,E>S,0.49944154075727165,0.12851146984845777,21,0.028043501821456804
1688,S~E,0.44915439140419866,0.11428776232671659,21,0.024939634374728625
1688,S>E,0.4454869115871317,0.09994275212297238,21,0.021809296512653783
1688,S>>E,0.5105643939357598,0.09018236827784246,21,0.019679406142076066
1689,E>>S,0.570278168268229,0.14256302018652978,21,0.03110980149077572
1689,E>S,0.47767778644863995,0.1464939869037935,21,0.031967608754404915
1689,S~E,0.44875685060841775,0.09302930448099711,21,0.020300658553964943
1689,S>E,0.44929428471133837,0.11194967987001146,21,0.024429422953828647
1689,S>>E,0.48326257041112863,0.09543113024454837,21,0.02082477990480155
1690,E>>S,0.572674371681215,0.16083581707104141,21,0.03509725267562467
1690,E>S,0.4902848249540992,0.12047942409490003,21,0.026290765742836474
1690,S~E,0.4557753227075323,0.08613373920903622,21,0.01879592284833306
1690,S>E,0.4546469377677248,0.10384591662791764,21,0.02266103683616695
1690,S>>E,0.5136108840174747,0.09944594714466168,21,0.021700884778428083
1691,E>>S,0.5855616550758251,0.13085470903670443,21,0.02855483853343429
1691,E>S,0.48466841197974225,0.12921271047324998,21,0.028196525071146727
1691,S~E,0.4442512527948793,0.111942564008813,21,0.02442787014561071
1691,S>E,0.46821862942080694,0.11805852033222654,21,0.025762481231281487
1691,S>>E,0.5038163220685631,0.08570480867325916,21,0.018702322531757996
1692,E>>S,0.5897040739673605,0.1439232530998242,21,0.03140662864734439
1692,E>S,0.49537400750597704,0.14952385956601183,21,0.03262878117443791
1692,S~E,0.4418766096848461,0.09071586007867626,21,0.019795823597312218
1692,S>E,0.43239295158937496,0.08480530812021457,21,0.018506035418806497
1692,S>>E,0.49664494497204426,0.09903150224289593,21,0.0216104454863457
1693,E>>S,0.5672060343478454,0.14504864770022244,21,0.03165220988272627
1693,E>S,0.49398495905489426,0.11674046670341252,21,0.0254748583491838
1693,S~E,0.44789559606413903,0.11202860464710475,21,0.024446645752173292
1693,S>E,0.45601307316637135,0.11267081562982542,21,0.02458678767790898
1693,S>>E,0.5281158804467423,0.10798807775761719,21,0.02356493049890752
1694,E>>S,0.5773548755706545,0.13449613046898065,21,0.02934946183584573
1694,E>S,0.48733261777592735,0.13542974856918308,21,0.029553194007958042
1694,S~E,0.4480192857873094,0.09706067999032514,21,0.021180376812359555
1694,S>E,0.4406437854155984,0.12229658049000598,21,0.026687301777605334
1694,S>>E,0.5172093782178177,0.08821517926734383,21,0.019250130306509627
1695,E>>S,0.5845555982700951,0.13898335568316708,21,0.030328654655099242
1695,E>S,0.49685439588570823,0.13581824653277985,21,0.02963797121393511
1695,S~E,0.4547272199648185,0.10584776564779604,21,0.0230978761058558
1695,S>E,0.45322864486254855,0.09387497688224654,21,0.020485199401196398
1695,S>>E,0.5188314547081492,0.08759635258411125,21,0.019115091253272876
1696,E>>S,0.5925262715625063,0.14817921269485412,21,0.03233535517110145
1696,E>S,0.4811692386630139,0.13721850241001265,21,0.0299435320972554
1696,S~E,0.43958675381205786,0.0850281780381701,21,0.018554669622099822
1696,S>E,0.46031510189528,0.09837671225903166,21,0.021467558597519178
1696,S>>E,0.529073711500436,0.08757605844665428,21,0.01911066270941286
1697,E>>S,0.6042116616359737,0.12484562560751258,21,0.02724354902526398
1697,E>S,0.4952469648146574,0.13401909153100966,21,0.029245363405241285
1697,S~E,0.4426409763032185,0.10499347687623736,21,0.02291145501247397
1697,S>E,0.4527479468691867,0.10938058415589037,21,0.023868800307278813
1697,S>>E,0.5013664220045418,0.09858578758721338,21,0.02151318257453539
1698,E>>S,0.5908194319929215,0.1621580071899214,21,0.035385778213857536
1698,E>S,0.48593407699183355,0.1432122343887402,21,0.03125147164429332
1698,S~E,0.4465662814582744,0.08415965792692875,21,0.018365142995797206
1698,S>E,0.4464060612735959,0.09588003277475597,21,0.020922738467865052
1698,S>>E,0.5102955813071238,0.08119614903694876,21,0.017718452338130162
1699,E>>S,0.589117584992505,0.1447821868227533,21,0.03159406335221452
1699,E>S,0.4989722535084632,0.11523534973315377,21,0.025146414899375545
1699,S~E,0.43831133707306175,0.1236837205276212,21,0.0269900005500756
1699,S>E,0.44912768888052107,0.11267298412808245,21,0.02458726088302361
1699,S>>E,0.513477181611824,0.11021809972459903,21,0.024051561187722215
1700,E>>S,0.6027879330023482,0.1368900085778314,21,0.02987184886624127
1700,E>S,0.5027752661715239,0.1255868084408886,21,0.027405288379442432
1700,S~E,0.4407462445949137,0.10627139144015298,21,0.023190318832513483
1700,S>E,0.4532428015971681,0.12241310250870781,21,0.026712728966692485
1700,S>>E,0.4993814394102925,0.08483948857718142,21,0.018513494206013104
1701,E>>S,0.5983347443019036,0.1255258392904103,21,0.027391983820055577
1701,E>S,0.4965431125680065,0.14480931913937445,21,0.031599984109104806
1701,S~E,0.4499966771238917,0.10406122538848597,21,0.022708021059647497
1701,S>E,0.4487035029735885,0.10696966842305981,21,0.023342695362523768
1701,S>>E,0.502426338871937,0.07712878174213922,21,0.01683088002824195
1702,E>>S,0.5826985284077081,0.14495417452373124,21,0.03163159414546847
1702,E>S,0.48477933936876444,0.12615098959929572,21,0.02752840280154093
1702,S~E,0.4444925118842822,0.11059277777780446,21,0.024133322642010433
1702,S>E,0.45274980423201944,0.09058273095834593,21,0.01976677244154476
1702,S>>E,0.5008405951911798,0.11169687582968943,21,0.02437425658950644
1703,E>>S,0.5795809351204918,0.15765245460437807,21,0.03440258603429295
1703,E>S,0.4947082909391279,0.12657571532956952,21,0.02762108555433022
1703,S~E,0.4331635934087331,0.09012596296113506,21,0.019667097492866086
1703,S>E,0.4531027965813661,0.10544357300493863,21,0.02300967404008255
1703,S>>E,0.5090302945169741,0.09324540288915685,21,0.020347815092676916
1704,E>>S,0.5884463946516502,0.1253106924755597,21,0.027345034936027884
1704,E>S,0.4948708341350806,0.12219997189040724,21,0.02666622005282224
1704,S~E,0.44176462783096715,0.1024734486379495,21,0.022361539766979667
1704,S>E,0.4400700226086477,0.10039270593994959,21,0.02190748448529818
1704,S>>E,0.5006661165344056,0.08602202683399054,21,0.01877154520953734
1705,E>>S,0.5712710739356587,0.15126499990448147,21,0.03300872914570354
1705,E>S,0.4942443139837477,0.12347176579333001,21,0.02694374823513305
1705,S~E,0.44550064662440125,0.10586296609951334,21,0.023101193116360188
1705,S>E,0.45013366275175465,0.09511014634251393,21,0.020754735474899876
1705,S>>E,0.5255234987804144,0.08702330121716631,21,0.0189900411929813
1706,E>>S,0.5757078301671709,0.12149259974715625,21,0.0265118587961103
1706,E>S,0.4877107721624231,0.12174455605940404,21,0.026566840171000652
1706,S~E,0.44650554376013313,0.10134564455681412,21,0.022115432739794764
1706,S>E,0.4693905656396674,0.12150252965591715,21,0.02651402567985034
1706,S>>E,0.5089122848167436,0.10298943827991643,21,0.022474137938033316
1707,E>>S,0.5896432790986074,0.141542204154052,21,0.030887041169849343
1707,E>S,0.48876485073144227,0.11654474179855553,21,0.025432147673379264
1707,S~E,0.45659620145433016,0.10756041917239462,21,0.02347160774469894
1707,S>E,0.45518936159553375,0.12213918923479336,21,0.02665295618995124
1707,S>>E,0.5003195514937718,0.094318684478407,21,0.020582024336712218
1708,E>>S,0.6017981423974363,0.13170536071176303,21,0.02874046594729129
1708,E>S,0.4753161536054683,0.1250911609535055,21,0.02729712923044492
1708,S~E,0.45203924668733403,0.09837055377164475,21,0.02146621470539456
1708,S>E,0.4621738882181026,0.10199946059742371,21,0.02225810709677904
1708,S>>E,0.5146836210310989,0.09386245415422072,21,0.020482466717906603
1709,E>>S,0.599481440533158,0.1268979824548939,21,0.027691410006510923
1709,E>S,0.49357828435249507,0.12584329793621304,21,0.027461258975979827
1709,S~E,0.4446288953540199,0.1067367670749347,21,0.023291872121702785
1709,S>E,0.4555439745663772,0.10318537890239228,21,0.022516895687281522
1709,S>>E,0.5064302059735951,0.08288833415648598,21,0.018087717404804318
1710,E>>S,0.580235340215346,0.15287429394823607,21,0.033359905896701014
1710,E>S,0.49169655075874774,0.12627179755909956,21,0.02755476525965304
1710,S~E,0.44672928946552043,0.09313455300753705,21,0.020323625665376936
1710,S>E,0.45041382323494356,0.09747615422333605,21,0.021271040722934613
1710,S>>E,0.5133257894393287,0.09360792646771456,21,0.02042692422315058
1711,E>>S,0.5853097595562123,0.12134697227849167,21,0.026480080277137906
1711,E>S,0.4970869964178967,0.12082856364817524,21,0.026366954239550124
1711,S~E,0.42387393508577054,0.1015347716219521,21,0.022156703648935697
1711,S>E,0.43943759120968595,0.08851810931034815,21,0.01931623506138313
1711,S>>E,0.5061377695536438,0.09084195458208152,21,0.019823339673815672
1712,E>>S,0.5613810490486745,0.15925582376988423,21,0.03475246987085914
1712,E>S,0.5004755389901692,0.12993876241823313,21,0.02835496259478269
1712,S~E,0.44476868944129855,0.10344359341699813,21,0.022573242713887123
1712,S>E,0.45472825768548464,0.10748422675400725,21,0.02345498119590647
1712,S>>E,0.514370321302186,0.09383006756430311,21,0.020475399384582847
1713,E>>S,0.576248217918959,0.12837001346012325,21,0.028012633506834042
1713,E>S,0.47892906803473556,0.12385041645505211,21,0.02702637658367051
1713,S~E,0.4412343663871801,0.09805672757128296,21,0.021397732214050835
1713,S>E,0.46394352991780236,0.10747463456418546,21,0.02345288800848082
1713,S>>E,0.4934899240914117,0.09809461428497568,21,0.021405999772780834
1714,E>>S,0.5805973280102658,0.15732716208100264,21,0.03433160138613242
1714,E>S,0.4839486098564793,0.12852054015225717,21,0.028045481124015708
1714,S~E,0.4566872575582996,0.09205600078838558,21,0.020088266275604352
1714,S>E,0.44398367571694497,0.09357177744854928,21,0.020419035860454234
1714,S>>E,0.5131045272025794,0.10716905620114378,21,0.023386205342796094
1715,E>>S,0.5888030845513723,0.1425005978291587,21,0.031096179815646646
1715,E>S,0.482774016409199,0.14073208453469652,21,0.030710258575674807
1715,S~E,0.456370676231447,0.11428813709231504,21,0.024939716155286853
1715,S>E,0.4453462757962064,0.09431830925889635,21,0.02058194245710223
1715,S>>E,0.4936735130056743,0.10154309835800508,21,0.022158520691709732
1716,E>>S,0.5747034524963669,0.13645885198125618,21,0.029777762783375294
1716,E>S,0.4853874686947928,0.11412772936142804,21,0.024904712318675148
1716,S~E,0.4438006560124426,0.09826239751759701,21,0.021442613075820436
1716,S>E,0.4605599025896243,0.10173251416517749,21,0.022199854609528242
1716,S>>E,0.5126542650145941,0.10679101033239335,21,0.023303708970904943
1717,E>>S,0.5886778726969689,0.14415076726923434,21,0.031456276309391865
1717,E>S,0.4925528077155924,0.141120628476792,21,0.030795045814982856
1717,S~E,0.4590537025724992,0.10584163710095491,21,0.023096538747293918
1717,S>E,0.4712639315972009,0.08469964447775022,21,0.018482977721673278
1717,S>>E,0.5004714170303272,0.09310425613548808,21,0.020317014345877658
1718,E>>S,0.5910614708399684,0.1393881667143062,21,0.03041699166425868
1718,E>S,0.5137173798834971,0.11721312524574337,21,0.025578000899093255
1718,S~E,0.441245159240041,0.08990809564278818,21,0.019619554946305056
1718,S>E,0.4482654144272426,0.10337861352094159,21,0.02255906293806191
1718,S>>E,0.49435990122031914,0.11277178239774023,21,0.024608820432987295
1719,E>>S,0.5831002508989375,0.13535678054883118,21,0.029537271080502154
1719,E>S,0.5028398270127371,0.13273891049863557,21,0.028966005001236472
1719,S~E,0.4531320815779002,0.09549158845688001,21,0.020837972968344
1719,S>E,0.4547515191889439,0.1000676994378851,21,0.021836562252104688
1719,S>>E,0.4937360322023938,0.09954143970773945,21,0.02172172296407614
1720,E>>S,0.5668893523550109,0.1442280921911406,21,0.03147314999071291
1720,E>S,0.49619461011783,0.14040490285188625,21,0.03063886167912809
1720,S~E,0.451981108462802,0.11275965394760958,21,0.02460617378818795
1720,S>E,0.44867575448774555,0.09489711233318966,21,0.02070824764283662
1720,S>>E,0.4980842679200082,0.08795396375566016,21,0.0191931284086531
1721,E>>S,0.5926842769943348,0.13186926841786242,21,0.02877623354110972
1721,E>S,0.48888160058503666,0.13419896264710107,21,0.029284614500709145
1721,S~E,0.43534204177403457,0.10728901363596638,21,0.023412382201141203
1721,S>E,0.4397650654509967,0.09366023059887531,21,0.02043833792030311
1721,S>>E,0.4823542088454819,0.0956169127770674,21,0.02086532097709055
1722,E>>S,0.5718484272166451,0.1445122085401996,21,0.03153514926098612
1722,E>S,0.5034460176343677,0.12751311841640403,21,0.027825643678239954
1722,S~E,0.436816754478423,0.10779138576608088,21,0.02352200878748815
1722,S>E,0.44434853705606,0.09402189303612887,21,0.02051725913433819
1722,S>>E,0.5125262248910383,0.0885916655131776,21,0.01933228634077834
1723,E>>S,0.5675057799244831,0.1431911359537235,21,0.031246867588316695
1723,E>S,0.49934824001861905,0.12787882341125226,21,0.0279054470506645
1723,S~E,0.4297660175682786,0.08880685406330399,21,0.019379244332189866
1723,S>E,0.4494904423633064,0.11923973213122921,21,0.02602024277798171
1723,S>>E,0.49332251024922935,0.1073314295368026,21,0.02342163810953414
1724,E>>S,0.5802704342638026,0.12610655848435628,21,0.027518707137378015
1724,E>S,0.5057055377842492,0.14228896628795815,21,0.031049998027218473
1724,S~E,0.42946338466153045,0.07505282583158307,21,0.01637786930921745
1724,S>E,0.4444720329973735,0.10149620500610015,21,0.022148287723390944
1724,S>>E,0.505282191858852,0.11735533489333218,21,0.02560903358836129
1725,E>>S,0.5903317599335921,0.13506105607897384,21,0.029472738710598727
1725,E>S,0.4770766731416828,0.12275498589169988,21,0.02678733403723576
1725,S~E,0.4455524326415989,0.11100266362408728,21,0.024222767066623865
1725,S>E,0.45629205216052116,0.08280135913473738,21,0.018068737899055106
1725,S>>E,0.510959695473806,0.08389453093616844,21,0.018307287543228874
1726,E>>S,0.5800267596509011,0.15716891151494272,21,0.034297068281478174
1726,E>S,0.49407412683335766,0.12988893952037495,21,0.028344090347126635
1726,S~E,0.44296896871055014,0.09395352491028776,21,0.02050233998615775
1726,S>E,0.458736281520053,0.10303084752078039,21,0.022483174175210924
1726,S>>E,0.5113201369345337,0.08008338167899828,21,0.01747562659295473
1727,E>>S,0.5660815009645451,0.1303539355535983,21,0.02844556080046474
1727,E>S,0.4878982400198881,0.11501804475553652,21,0.025098995065622128
1727,S~E,0.4413925880127926,0.10485354092552628,21,0.02288091848454163
1727,S>E,0.448243259044042,0.0945331619400551,21,0.020628827155896236
1727,S>>E,0.509994154171736,0.09006018165221102,21,0.01965274283441572
1728,E>>S,0.6052581524687454,0.14478794561850955,21,0.03159532002447475
1728,E>S,0.4816283716784225,0.13686266168235034,21,0.02986588128440489
1728,S~E,0.4576017239799545,0.08467806587144598,21,0.018478268883731334
1728,S>E,0.4463685580999409,0.09477377982159486,21,0.0206813342823589
1728,S>>E,0.4977360955873023,0.08780909330232899,21,0.01916151508396964
1729,E>>S,0.5792143207151155,0.12957204796671298,21,0.028274938940852916
1729,E>S,0.48715684485475097,0.14305515601679575,21,0.0312171943333659
1729,S~E,0.4357852838427797,0.1129584800770335,21,0.02464956120667463
1729,S>E,0.448250121808875,0.11034456778701789,21,0.02407915878148549
1729,S>>E,0.5045119705075792,0.07018844737317557,21,0.015316374904714356
1730,E>>S,0.5888862529756091,0.1479141022005466,21,0.03227750331835424
1730,E>S,0.49133409350112656,0.12033398755630348,21,0.026259028888220706
1730,S~E,0.46093519016791856,0.1005698436148713,21,0.021946139095000906
1730,S>E,0.4439014818102546,0.09302020985485844,21,0.020298673943836477
1730,S>>E,0.5064596961339858,0.0855589971036357,21,0.018670503838662766
1731,E>>S,0.6076316889664051,0.14289977840088924,21,0.031183288157832886
1731,E>S,0.4889132283950876,0.1342948459387705,21,0.02930553795032613
1731,S~E,0.4439138257717521,0.0984318598665651,21,0.021479592792086687
1731,S>E,0.45525922556057835,0.0991177364021827,21,0.021629263322651533
1731,S>>E,0.5157760265931097,0.10286205847382028,21,0.022446341385488344
1732,E>>S,0.5779646470671957,0.1498062938500084,21,0.032690413388021956
1732,E>S,0.488289744366107,0.1316136477119431,21,0.02872045252996337
1732,S~E,0.4429779559057255,0.10031763834842142,21,0.021891103393849805
1732,S>E,0.46303592773493046,0.08785982489675337,21,0.019172585625473238
1732,S>>E,0.5218967104322144,0.09517293497163777,21,0.02076843707707809
1733,E>>S,0.5923227478582737,0.1621536337119762,21,0.035384823842727335
1733,E>S,0.48715565366931896,0.12656000279220883,21,0.027617656797577116
1733,S~E,0.438018880384763,0.10495935677244982,21,0.022904009395410818
1733,S>E,0.4531862908320776,0.09406040759938172,21,0.020525663701074587
1733,S>>E,0.5204042222265456,0.10689658598643213,21,0.02332674746738957
1734,E>>S,0.5898702753768637,0.1564324874208929,21,0.03413636736935567
1734,E>S,0.47990411513067344,0.118184565791749,21,0.025789986605532306
1734,S~E,0.44967333726720504,0.10062489897831624,21,0.021958153160258037
1734,S>E,0.4356033141971674,0.0873920333602522,21,0.0190705051433077
1734,S>>E,0.5186919917112339,0.09326967270151183,21,0.020353111199925444
1735,E>>S,0.5923869267627121,0.1386769732306067,21,0.03026179652269619
1735,E>S,0.4952567037173291,0.14154619863687576,21,0.03088791283746373
1735,S~E,0.44459070642588133,0.10432757961229812,21,0.02276614431642323
1735,S>E,0.45061980195211393,0.08430536037393135,21,0.018396937876384335
1735,S>>E,0.49842208356391393,0.08936773328711595,21,0.01950163821308731
1736,E>>S,0.5748118667386299,0.1329697053555621,21,0.0290163685679923
1736,E>S,0.48984639286436604,0.12740155895520427,21,0.02780129940798108
1736,S~E,0.4337089767133277,0.09556692350337742,21,0.020854412423251496
1736,S>E,0.45015489213061555,0.09304979655519342,21,0.020305130291162623
1736,S>>E,0.4956833006791861,0.09450474228429878,21,0.02062262547857586
1737,E>>S,0.5772983214186868,0.15549210230144653,21,0.03393115851258076
1737,E>S,0.4804204909069329,0.1185985982543127,21,0.025880335896002166
1737,S~E,0.4491391211064257,0.12066180482945249,21,0.0263305644819502
1737,S>E,0.44603121256162687,0.10711201852310898,21,0.023373758701031377
1737,S>>E,0.4961956521060204,0.08997085378691091,21,0.019633249896110646
1738,E>>S,0.582929430676085,0.16578874957534456,21,0.03617807115719497
1738,E>S,0.5099718019681495,0.14921436379950226,21,0.03256124366123322
1738,S~E,0.45964021355315343,0.1012903345476132,21,0.022103363106278005
1738,S>E,0.45758858593092605,0.09662438090804928,21,0.02108516854711342
1738,S>>E,0.49326783146426695,0.08755101189133595,21,0.019105197102953612
1739,E>>S,0.5803675979889282,0.1506077379919155,21,0.032865302837810924
1739,E>S,0.494798909385796,0.13045555821282498,21,0.02846773668276136
1739,S~E,0.44483641899856174,0.10154899284572926,21,0.022159806974384924
1739,S>E,0.4535513572178364,0.10015374593391699,21,0.021855339136930968
1739,S>>E,0.5266661640708263,0.08629802680658437,21,0.018831773341261956
1740,E>>S,0.5714505297409088,0.13974805341299396,21,0.030495525380370318
1740,E>S,0.4744588700984772,0.13556406408681101,21,0.029582504056840764
1740,S~E,0.43385449984450036,0.10093723021377304,21,0.02202630942351422
1740,S>E,0.45369427579878313,0.09999615321375455,21,0.021820949586020568
1740,S>>E,0.5061939602955314,0.07185302282935668,21,0.01567961504890081
1741,E>>S,0.5905964758032093,0.152464833202325,21,0.03327055423659385
1741,E>S,0.4873724076968877,0.11789114378058109,21,0.02572595667330644
1741,S~E,0.43596254714291005,0.11678929789554576,21,0.025485514188908823
1741,S>E,0.4592383329278063,0.09494407611580484,21,0.020718495980396406
1741,S>>E,0.5071591681561735,0.07137102892656458,21,0.015574435356326907
1742,E>>S,0.5841322216122466,0.154989874126646,21,0.033821563339858716
1742,E>S,0.4893001823129701,0.13529259285840609,21,0.02952326417811847
1742,S~E,0.45254847062272235,0.10312188097783918,21,0.022503039304151182
1742,S>E,0.4434281667190916,0.09829400196036342,21,0.021449509730643006
1742,S>>E,0.502258138511156,0.12056915082394477,21,0.026310345720346393
1743,E>>S,0.5937255971903491,0.14434441951516094,21,0.03149853469393743
1743,E>S,0.4899795893734295,0.12247143534063566,21,0.026725458234207272
1743,S~E,0.45704703848133976,0.10883985240086616,21,0.023750802964513824
1743,S>E,0.4562442386910962,0.09244268049375844,21,0.020172646705107895
1743,S>>E,0.49798242131795045,0.09571484244078272,21,0.02088669098169803
1744,E>>S,0.5751755718779291,0.14959893921099846,21,0.03264516489616656
1744,E>S,0.49166458891320747,0.12643306446853148,21,0.02758995658439415
1744,S~E,0.45451747635087064,0.11603873902816009,21,0.025321728816370005
1744,S>E,0.4488225789890279,0.09371030372986673,21,0.020449264773305567
1744,S>>E,0.48789886198221977,0.09982087637112132,21,0.021782701043213917
1745,E>>S,0.5806864766375585,0.13773735464617998,21,0.03005675493757606
1745,E>S,0.4888517780368035,0.1302796523973622,21,0.028429350886830827
1745,S~E,0.4583029382653383,0.08787163248742569,21,0.01917516225299852
1745,S>E,0.4483308479311903,0.11985897409732206,21,0.02615537245336808
1745,S>>E,0.5288510819563585,0.0853627658451016,21,0.018627682667427103
1746,E>>S,0.5894134086648767,0.134822699519346,21,0.02942072504503283
1746,E>S,0.4977711163473284,0.10821457255050186,21,0.02361435571476025
1746,S~E,0.45488940827121604,0.09438641815196584,21,0.020596805036054162
1746,S>E,0.4507192041384598,0.10562918476889943,21,0.023050177847617054
1746,S>>E,0.5221606242968436,0.0973103290724675,21,0.021234854708364014
1747,E>>S,0.5788889459591976,0.15323732671425297,21,0.033439126140987756
1747,E>S,0.48796615247370284,0.11626117144501429,21,0.02537026754909602
1747,S~E,0.44618885155138877,0.09701729576226159,21,0.02117090959764201
1747,S>E,0.43592398310891123,0.09996995598468382,21,0.021815232881962725
1747,S>>E,0.5087817447379952,0.09940580662212119,21,0.021692125398286327
1748,E>>S,0.5784241780820734,0.15314563796910757,21,0.033419118016463745
1748,E>S,0.490510209119413,0.13047363014056185,21,0.028471680300704592
1748,S~E,0.44528929800732114,0.09690798230981676,21,0.021147055446675087
1748,S>E,0.4595997720585026,0.11747534263011808,21,0.025635221423494704
1748,S>>E,0.5018876578355871,0.08916018811937429,21,0.01945634814445405
1749,E>>S,0.5791806279106404,0.16606084126251766,21,0.03623744643112063
1749,E>S,0.48097824035911607,0.12831349283976287,21,0.02800029969630417
1749,S~E,0.44789337255534795,0.10200930887180895,21,0.02226025616643785
1749,S>E,0.45122328497604675,0.09620340277135876,21,0.02099330358628933
1749,S>>E,0.518636666307276,0.09214641610904943,21,0.02010799651612463
1750,E>>S,0.5951664794088827,0.15348922106244414,21,0.03349409399421241
1750,E>S,0.4830441204381931,0.12388317265547552,21,0.027033524572619053
1750,S~E,0.45115405432000666,0.10954826489300842,21,0.023905391243965932
1750,S>E,0.44740605692817953,0.10389902251641528,21,0.022672625491114012
1750,S>>E,0.5104513276705939,0.09025601462004976,21,0.019695477091496143
1751,E>>S,0.6028601340873717,0.13912069259236973,21,0.030358624025676975
1751,E>S,0.48430748212527375,0.11492823388758958,21,0.025079396727498482
1751,S~E,0.44308168286433464,0.09586209682009772,21,0.02091882452168016
1751,S>E,0.4504824833566526,0.09170872224394416,21,0.02001248388431212
1751,S>>E,0.4941021769779211,0.10302768531980436,21,0.02248248412638543
1752,E>>S,0.5896854780159865,0.1491754625527591,21,0.03255275471324138
1752,E>S,0.49675585986607645,0.13776338869804988,21,0.030062436033449404
1752,S~E,0.4477058690416549,0.11156693760457036,21,0.024345901744159945
1752,S>E,0.452792220126003,0.0862084039053613,21,0.018812216020840232
1752,S>>E,0.48186299422472634,0.12775107812699452,21,0.027877570744246176
1753,E>>S,0.5745374218260503,0.14821428335202472,21,0.0323430082159184
1753,E>S,0.4927612679850392,0.11680777057709495,21,0.025489545258503485
1753,S~E,0.440549658833287,0.09032789926741083,21,0.019711163607583633
1753,S>E,0.45428626003762224,0.09007543172397095,21,0.019656070672901118
1753,S>>E,0.5231852169067184,0.1021420385831804,21,0.02228922016402496
1754,E>>S,0.5865720970620416,0.137407616351004,21,0.029984800142472748
1754,E>S,0.4834091537611481,0.1326916188688833,21,0.028955685121566113
1754,S~E,0.42829725119856926,0.069812336116924,21,0.015234300699881128
1754,S>E,0.4357270970510382,0.09147717309820148,21,0.01996195571824221
1754,S>>E,0.507027771116521,0.09794888394951465,21,0.021374198806433143
1755,E>>S,0.5934368494321595,0.1493293663527684,21,0.032586339275778704
1755,E>S,0.4893333545338487,0.12422811711579278,21,0.027108797624998075
1755,S~E,0.4463485385243128,0.0895202512513304,21,0.01953492036146128
1755,S>E,0.4699355379711698,0.0892550431111061,21,0.01947704720062812
1755,S>>E,0.5140237548393125,0.10179963129181906,21,0.022214500767302667
1756,E>>S,0.596296644800363,0.1457213473214409,21,0.03179900497483112
1756,E>S,0.4855552915214109,0.11972239928890778,21,0.02612556938681653
1756,S~E,0.44035993135080853,0.08832355522505954,21,0.019273779879354653
1756,S>E,0.46252032529640563,0.10215846686381436,21,0.022292805108765107
1756,S>>E,0.5305161228320328,0.0920996737782472,21,0.020097796503312254
1757,E>>S,0.5805687888843616,0.17015064244612899,21,0.03712991421689296
1757,E>S,0.4909192004469081,0.13081036834218457,21,0.028545162600624566
1757,S~E,0.4404441390575771,0.08112654638739894,21,0.017703263794790567
1757,S>E,0.4545653070969356,0.10419279619617845,21,0.022736732163718795
1757,S>>E,0.5161605623599539,0.09008151936993546,21,0.019657399106159996
1758,E>>S,0.5690987625146674,0.13279255509435095,21,0.02897771121173605
1758,E>S,0.4947424006752642,0.13660656524776418,21,0.02980999646075254
1758,S~E,0.4436644029695548,0.09430920361676828,21,0.020579955443087796
1758,S>E,0.4530031625924462,0.08972943222156853,21,0.01958056739146416
1758,S>>E,0.5098743073076123,0.09927786536264636,21,0.021664206326569596
1759,E>>S,0.582625986039278,0.13322123629914595,21,0.029071257119830236
1759,E>S,0.49331487782881717,0.1367888928600513,21,0.029849783607637598
1759,S~E,0.44193826836929884,0.07792053370308626,21,0.017003654470750022
1759,S>E,0.4701270198903792,0.08643429285196912,21,0.018861509030196618
1759,S>>E,0.516580930627382,0.10673189701658205,21,0.023290809387843746
1760,E>>S,0.573591755868659,0.1662331247149519,21,0.03627504176263341
1760,E>S,0.48856564452035783,0.12219203602063688,21,0.026664488304063767
1760,S~E,0.44835175684454964,0.09391412061917472,21,0.02049374126488482
1760,S>E,0.4454443376879192,0.09120762827541036,21,0.019903136215688694
1760,S>>E,0.5124251412702997,0.09192004771091943,21,0.0200585988818686
1761,E>>S,0.5865864274978001,0.12730010726233684,21,0.027779160833602677
1761,E>S,0.4950065044744686,0.13609665792146036,21,0.029698725559790643
1761,S~E,0.43816613996417475,0.09685654641390384,21,0.021135831213986572
1761,S>E,0.454783632703965,0.08671091582811968,21,0.018921873112442995
1761,S>>E,0.5136800480796931,0.10907046115961504,21,0.023801125921317945
1762,E>>S,0.5675316618519085,0.15971577819146462,21,0.03485284015434113
1762,E>S,0.4898844805564576,0.12621262151986443,21,0.027541851989218626
1762,S~E,0.458450862350142,0.0965309760933548,21,0.021064785945512903
1762,S>E,0.4567234704785538,0.09992076113389932,21,0.021804497685414054
1762,S>>E,0.5005654021495511,0.1420138988131277,21,0.03098997338318843
1763,E>>S,0.5975024176602878,0.16321410053804333,21,0.035616236676176964
1763,E>S,0.4907326663506498,0.1275268859046548,21,0.027828647990479887
1763,S~E,0.4468300426021849,0.10232696171101976,21,0.022329573698837906
1763,S>E,0.4562179249791444,0.09442237635401504,21,0.02060465175904202
1763,S>>E,0.504090114010593,0.10964482954572895,21,0.023926463378753975
1764,E>>S,0.5855257957371897,0.1550304324974933,21,0.03383041390197642
1764,E>S,0.48890307141121714,0.11737599684554959,21,0.02561354239598233
1764,S~E,0.44742295776925206,0.10091167630354263,21,0.02202073310313646
1764,S>E,0.4537748742224787,0.09057149108875831,21,0.019764319700916824
1764,S>>E,0.5151083428936142,0.1104965440295699,21,0.024112322716501187
1765,E>>S,0.585446810873994,0.15438374307044633,21,0.03368929469956831
1765,E>S,0.4849445160308528,0.12874821500216116,21,0.028095163849421553
1765,S~E,0.4383054260508909,0.10469462133414675,21,0.022846239386593623
1765,S>E,0.46190134961217444,0.10370296226679583,21,0.022629841637082912
1765,S>>E,0.5052010123149144,0.0964537716451207,21,0.021047938553702423
1766,E>>S,0.5974101462937279,0.15445657341053862,21,0.03370518758272842
1766,E>S,0.4919735871079977,0.13524370096060245,21,0.029512595091330123
1766,S~E,0.45064035839562666,0.0934890988547044,21,0.020400993912137726
1766,S>E,0.43415804436110716,0.09778647371536105,21,0.02133875798778341
1766,S>>E,0.49896582292518504,0.11193754337731063,21,0.024426774553996607
1767,E>>S,0.5580948044608953,0.1375773571456186,21,0.030021840620560524
1767,E>S,0.5074694200961972,0.12833236397174544,21,0.02800441771491177
1767,S~E,0.4480148843156753,0.09223780727406736,21,0.02012793970334105
1767,S>E,0.43156739203895367,0.09557586099436388,21,0.020856362743678563
1767,S>>E,0.5268707731309517,0.08554928013144673,21,0.01866838342149221
1768,E>>S,0.5645074855156199,0.14877831542823808,21,0.03246609010561511
1768,E>S,0.4851607638975799,0.11598534591515422,21,0.025310077483896732
1768,S~E,0.43374171293480235,0.1065767770556248,21,0.023256959437230162
1768,S>E,0.45411386531999487,0.10908795818148365,21,0.023804944084515528
1768,S>>E,0.49467564717804485,0.08508462455298517,21,0.01856698726147394
1769,E>>S,0.5844422077300951,0.15073928515562038,21,0.032894008782341125
1769,E>S,0.4945043646316809,0.1308110134268629,21,0.028545303369642096
1769,S~E,0.43984277465501004,0.09577988193088065,21,0.020900883762009225
1769,S>E,0.453030119170862,0.09044386790444925,21,0.0197364700388917
1769,S>>E,0.5024749716152436,0.0970780509018261,21,0.021184167456018768
1770,E>>S,0.5825259695952251,0.16929442538869172,21,0.036943072337034935
1770,E>S,0.47980165694094945,0.12956242279463318,21,0.0282728385561085
1770,S~E,0.44898869932455504,0.0969007520250766,21,0.021145477669193283
1770,S>E,0.46016063742287894,0.09832001503503086,21,0.021455186248915487
1770,S>>E,0.538982502620299,0.11219031129737503,21,0.0244819330362324
1771,E>>S,0.5920484652705894,0.14688119068555863,21,0.0320521035467531
1771,E>S,0.47910902066447913,0.14489581513543573,21,0.03161885908287916
1771,S~E,0.44621510915498996,0.0976575788201278,21,0.02131063081568342
1771,S>E,0.42759904877612726,0.09888042334439895,21,0.02157747736785651
1771,S>>E,0.4720581889382113,0.09224500652535532,21,0.020129510708768387
1772,E>>S,0.5708761540835143,0.1473554639200649,21,0.03215559845138246
1772,E>S,0.48678138302381474,0.11885693687341987,21,0.025936710004430215
1772,S~E,0.4617975508265561,0.11397770554441335,21,0.024871974437841053
1772,S>E,0.46079731528562284,0.09608218573113303,21,0.02096685185951062
1772,S>>E,0.4987276689851318,0.0889055530553488,21,0.019400782218002302
1773,E>>S,0.6105182318078904,0.1390249699637627,21,0.03033773563561451
1773,E>S,0.4960267919422272,0.12485227503551312,21,0.027245000049413534
1773,S~E,0.45539718407832797,0.1018941061927553,21,0.022235116880865227
1773,S>E,0.4520247769120375,0.07845871346644753,21,0.017121094923278426
1773,S>>E,0.49570387878133076,0.09752987520687992,21,0.021282763602624957
1774,E>>S,0.5858940709350291,0.1266521469990973,21,0.027637764312001788
1774,E>S,0.4909907067454357,0.12479128980519737,21,0.027231691981118474
1774,S~E,0.4503163799080512,0.09697128977290027,21,0.021160870267705363
1774,S>E,0.45324354623092206,0.11532006020738335,21,0.025164900240342812
1774,S>>E,0.5073320976681691,0.09285044507964882,21,0.020261628232753844
1775,E>>S,0.580762676114645,0.11989344524125628,21,0.026162894673671427
1775,E>S,0.50603263916584,0.13581644877267032,21,0.029637578910516854
1775,S~E,0.4372235093362472,0.09577736697373117,21,0.02090033495336603
1775,S>E,0.4657602831545132,0.10803836282090157,21,0.02357590359932782
1775,S>>E,0.49588938623136647,0.097611774217292,21,0.021300635431889498
1776,E>>S,0.5798228049736094,0.1447450287000368,21,0.0315859547850702
1776,E>S,0.4966339528688752,0.12015708668151609,21,0.026220425952543702
1776,S~E,0.45599181657311555,0.10005036259172571,21,0.021832779042112442
1776,S>E,0.4544155782111821,0.10181381680117756,21,0.022217596299226802
1776,S>>E,0.508878358142707,0.09700233537306471,21,0.021167644973074357
1777,E>>S,0.6015589817159868,0.13161669592856723,21,0.02872111770536407
1777,E>S,0.5046343755107285,0.1356881082694223,21,0.029609572716666244
1777,S~E,0.44183620089912945,0.09838771094906328,21,0.021469958708453238
1777,S>E,0.44814221141517585,0.09820657710634453,21,0.021430432063444815
1777,S>>E,0.5174001123067613,0.1074939403085698,21,0.023457100867289804
1778,E>>S,0.6075563055607264,0.13790354551648468,21,0.030093020758670434
1778,E>S,0.4960051674990903,0.12276876494863667,21,0.026790340873969948
1778,S~E,0.4448466075082986,0.09920920161331537,21,0.021649222668054892
1778,S>E,0.45116629359676397,0.09492445337354517,21,0.020714213946979858
1778,S>>E,0.5084689300469771,0.08949081421994427,21,0.019528496674577386
1779,E>>S,0.5963456194999117,0.1288576337447304,21,0.028119040976577286
1779,E>S,0.5071403251485842,0.13794161953289377,21,0.030101329190204036
1779,S~E,0.46722410667673175,0.08149411187691752,21,0.01778347316043687
1779,S>E,0.46552994161205513,0.10354728084033621,21,0.022595869164651963
1779,S>>E,0.4776451729765809,0.08463882313079638,21,0.018469705415659697
1780,E>>S,0.6007666566461314,0.16945677011426277,21,0.03697849886053999
1780,E>S,0.4882951824773346,0.1249219643846772,21,0.02726020751216004
1780,S~E,0.46554473324581724,0.09528174844548515,21,0.020792182123770316
1780,S>E,0.4393516236315695,0.09205006653552869,21,0.020086971315465794
1780,S>>E,0.4921032250633223,0.09825354166547354,21,0.02144068057045381
1781,E>>S,0.5875706243510717,0.12062095808443195,21,0.02632165099142881
1781,E>S,0.48492750431293075,0.12331209359816453,21,0.026908904905574686
1781,S~E,0.43716184857295903,0.10116560957920954,21,0.022076145886813208
1781,S>E,0.45149550413108336,0.106733424059405,21,0.02329114261590687
1781,S>>E,0.5054090962000566,0.09074488219463002,21,0.019802156742225834
1782,E>>S,0.5809133477042411,0.13575522750404928,21,0.0296242193344408
1782,E>S,0.4964841651776841,0.12632322834313095,21,0.027565988376837554
1782,S~E,0.4474642394290772,0.09786800672350005,21,0.021356549948804097
1782,S>E,0.45523107085219894,0.08619225950052077,21,0.018808693022876813
1782,S>>E,0.4974121303379456,0.07675899026995975,21,0.016750184913355684
1783,E>>S,0.5987327563539996,0.1330306158623539,21,0.029029660330277613
1783,E>S,0.48204977167691443,0.13815280716205894,21,0.030147414109084402
1783,S~E,0.4508339301396419,0.09019994007615448,21,0.019683240622831367
1783,S>E,0.4579615190112258,0.09138333969955566,21,0.01994147959195604
1783,S>>E,0.49493405299690435,0.07095169167968629,21,0.015482928467015758
1784,E>>S,0.5866205438056608,0.1582941685800924,21,0.03454261950420828
1784,E>S,0.49203211470885644,0.14128762004537374,21,0.030831486362765965
1784,S~E,0.4369845848325645,0.09717228345139214,21,0.02120473068417663
1784,S>E,0.4474443159635766,0.08674273111936029,21,0.018928815778174766
1784,S>>E,0.4916875502713194,0.08578651553168762,21,0.018720152430022063
1785,E>>S,0.5865345586152795,0.13893022996150278,21,0.030317061672200395
1785,E>S,0.4783409086387154,0.12832461301856635,21,0.02800272631826171
1785,S~E,0.45306597074668115,0.09756130209482423,21,0.02128962151180885
1785,S>E,0.4535582882263897,0.10248030840825029,21,0.022363036691582207
1785,S>>E,0.5230370640577494,0.09352179748445272,21,0.020408129338135014
1786,E>>S,0.5880804656392529,0.14022323585226854,21,0.030599218689746008
1786,E>S,0.5005175568563462,0.14211182782913706,21,0.03101134324645488
1786,S~E,0.45782971727691013,0.0987030822466856,21,0.021538778367661368
1786,S>E,0.45686000129408105,0.08262073790717085,21,0.018029323115843706
1786,S>>E,0.5063185813793729,0.08517441077306782,21,0.018586580220992643
1787,E>>S,0.5827001692482515,0.1598462608896638,21,0.03488131381345446
1787,E>S,0.48427701592778727,0.1255607577754802,21,0.027399603658197765
1787,S~E,0.45964117435238083,0.10476654408063747,21,0.022861934216592807
1787,S>E,0.4550424728311618,0.10308300536078897,21,0.022494555949016865
1787,S>>E,0.5021792412500056,0.10273037783453677,21,0.022417606314198972
1788,E>>S,0.6000553711829092,0.15974824527062642,21,0.03485992505185795
1788,E>S,0.49759549753033094,0.1449666874763526,21,0.031634324695590126
1788,S~E,0.4437608202490615,0.09819421926022015,21,0.02142773536033569
1788,S>E,0.4560310058726022,0.10437465074761566,21,0.022776416080263234
1788,S>>E,0.5199562722230546,0.10325000174889343,21,0.022530997548506047
1789,E>>S,0.5761728963951283,0.14719652759338447,21,0.0321209157014924
1789,E>S,0.4991686697390416,0.12772562830472858,21,0.027872017137724425
1789,S~E,0.4360087912932211,0.07964757390939176,21,0.01738052554092274
1789,S>E,0.43661483416326063,0.10476317934668988,21,0.02286119997144956
1789,S>>E,0.4985317435404489,0.1161820304071997,21,0.025352997558793035
1790,E>>S,0.5766650071251819,0.12918972576461688,21,0.028191509396521125
1790,E>S,0.5032714831861173,0.12133597360437537,21,0.026477680169676856
1790,S~E,0.45771549744010526,0.10471205413770025,21,0.022850043536205965
1790,S>E,0.4510062781631792,0.11388224400288897,21,0.02485114302165093
1790,S>>E,0.5141452425068828,0.07864687261972765,21,0.017162154616735804
1791,E>>S,0.5744953516267614,0.14647909558890035,21,0.031964359203086094
1791,E>S,0.48166630315032566,0.13501297563865028,21,0.029462246698349702
1791,S~E,0.44899085902675506,0.09724078384200578,21,0.02121967869489668
1791,S>E,0.46670509946739597,0.10304441500135943,21,0.022486134842198698
1791,S>>E,0.5113484569261503,0.09240402628863956,21,0.020164211666018103
1792,E>>S,0.5793424143490501,0.12482015001935133,21,0.02723798979616291
1792,E>S,0.49435239196494235,0.13823920549248592,21,0.030166267770470087
1792,S~E,0.43283894125927197,0.09002112738798529,21,0.01964422049527166
1792,S>E,0.46717916638166024,0.1062651100947222,21,0.023188948130565736
1792,S>>E,0.5107402779923229,0.1012105609969571,21,0.0220859550903572
1793,E>>S,0.5763649188629795,0.14773958370109103,21,0.03223942025959589
1793,E>S,0.4904890165871957,0.12879588819746302,21,0.028105566993521132
1793,S~E,0.4465723253745327,0.08920808054410063,21,0.01946679912833612
1793,S>E,0.44807217769478075,0.08872938555348564,21,0.019362339317417578
1793,S>>E,0.5009719909934434,0.0984096807330077,21,0.021474752908354527
1794,E>>S,0.5713155176282039,0.16830094334022508,21,0.03672627678043121
1794,E>S,0.4792863451836886,0.1363319952794917,21,0.02975008038155395
1794,S~E,0.4631571191066418,0.09402110030339626,21,0.020517086145873758
1794,S>E,0.45096842294252537,0.08769855404809407,21,0.01913739344112224
1794,S>>E,0.48577977046909837,0.08848743669503019,21,0.019309541747980424
1795,E>>S,0.5894470940565528,0.12364792166792066,21,0.026982188598438896
1795,E>S,0.5046604577314655,0.12677287481836577,21,0.027664109282015344
1795,S~E,0.4501137085084797,0.10093504225340616,21,0.022025831971419038
1795,S>E,0.44503144464769795,0.09644541857938783,21,0.021046115765321196
1795,S>>E,0.4926676828053838,0.09947174605606632,21,0.021706514562445187
1796,E>>S,0.6003328424307175,0.16758688415225295,21,0.03657045629092831
1796,E>S,0.5034593486506913,0.12330323110964991,21,0.026906970952028788
1796,S~E,0.4347912040671852,0.08892824801547736,21,0.019405734664320547
1796,S>E,0.4526823702578985,0.11307228539603857,21,0.024674395563285552
1796,S>>E,0.5115588610778955,0.0674128577844508,21,0.014710691600501851
1797,E>>S,0.561739501681412,0.16101446223952218,21,0.03513623624739139
1797,E>S,0.4873972635465261,0.13697481054322413,21,0.029890354172217137
1797,S~E,0.42691704764201865,0.09191336022417593,21,0.02005713955262045
1797,S>E,0.43526002615034637,0.09596917278919347,21,0.020942190413751206
1797,S>>E,0.5052048407524099,0.11554155272550828,21,0.025213233870351095
1798,E>>S,0.5769350666176191,0.1445744860717019,21,0.03154873933251966
1798,E>S,0.49254075260088875,0.1354620095275527,21,0.029560233926230448
1798,S~E,0.44032628174788596,0.08679960197490062,21,0.018941226016286693
1798,S>E,0.43871579594775345,0.09511118952384161,21,0.020754963115728338
1798,S>>E,0.48605547874674104,0.09198369121771738,21,0.020072487033649267
1799,E>>S,0.5717172070897257,0.14938300075645625,21,0.032598043262195536
1799,E>S,0.5006443355184003,0.1308294353320124,21,0.02854932335891795
1799,S~E,0.43793956617915564,0.08207207644485234,21,0.017909595369082765
1799,S>E,0.46450372114759314,0.09704465100921392,21,0.021176879001918832
1799,S>>E,0.5089525173616491,0.07997428426843801,21,0.01745181958619206
1800,E>>S,0.6047482541252703,0.11920017256691777,21,0.026011610173319013
1800,E>S,0.4898552752301291,0.14075362568138577,21,0.0307149592392586
1800,S~E,0.4510831937797183,0.08494986007764786,21,0.018537579241987075
1800,S>E,0.4520565944009557,0.08305643191122873,21,0.018124399342197686
1800,S>>E,0.5184496252179069,0.10879072803580057,21,0.02374008314921003
1801,E>>S,0.5733568775258491,0.12239778378030731,21,0.026709386146099832
1801,E>S,0.49162365749376397,0.13305085872769687,21,0.029034077685645084
1801,S~E,0.4503343133718115,0.10978059316529187,21,0.023956089429385798
1801,S>E,0.4576376313647583,0.10792418763513457,21,0.023550988531172445
1801,S>>E,0.4983154564415634,0.094950713060815,21,0.020719944280534135
1802,E>>S,0.5888483180168164,0.14645158248003542,21,0.031958355350515756
1802,E>S,0.48403428749552785,0.11975449222705524,21,0.026132572640070545
1802,S~E,0.46474048119359573,0.09817580290612421,21,0.021423716582399034
1802,S>E,0.45790844288481936,0.09212740644132567,21,0.020103848266539864
1802,S>>E,0.5054289316407392,0.1067210725521084,21,0.02328844729604337
1803,E>>S,0.6081111993202734,0.14881897518864054,21,0.032474962792747634
1803,E>S,0.5069966137778608,0.1140441002453419,21,0.024886462949400532
1803,S~E,0.44099028826210346,0.0829742151237008,21,0.01810645816828136
1803,S>E,0.4339836540709324,0.08371543754743964,21,0.018268206161785257
1803,S>>E,0.4941715592205374,0.08497741911922257,21,0.018543593117896433
1804,E>>S,0.5967574804818773,0.14585802894960775,21,0.031828831351363704
1804,E>S,0.49163631026995797,0.13020131835158977,21,0.028412256996628717
1804,S~E,0.4580548538107536,0.09847656445938993,21,0.021489348134016782
1804,S>E,0.4488200977775169,0.08480054008254949,21,0.01850499494768666
1804,S>>E,0.5009146092362677,0.11583083141337182,21,0.02527635965530691
1805,E>>S,0.5922165448299735,0.147668623126172,21,0.032223935392647125
1805,E>S,0.4847753767685148,0.10764314290409786,21,0.02348965954290367
1805,S~E,0.42329869357959216,0.08353763448884034,21,0.018229406353460213
1805,S>E,0.45783189122465034,0.09314462437647315,21,0.02032582341825796
1805,S>>E,0.4801146086975608,0.08293245838099748,21,0.018097346099985517
1806,E>>S,0.5637823603152059,0.13769586692885705,21,0.030047701575431143
1806,E>S,0.47404773365292385,0.12192773007925738,21,0.026606812019159095
1806,S~E,0.4325191860350815,0.08917275121051826,21,0.019459089635698333
1806,S>E,0.44471397152913295,0.0926474499166258,21,0.02021733105655085
1806,S>>E,0.5168327077899149,0.08591759678932606,21,0.018748756705513406
1807,E>>S,0.5840598473401306,0.13691930852250492,21,0.029878242638351954
1807,E>S,0.47210930212328384,0.13247289729175596,21,0.028907956160456296
1807,S~E,0.4320960358019712,0.09100078241967764,21,0.019857998749446642
1807,S>E,0.45797483057422217,0.11465427003510978,21,0.025019612913609417
1807,S>>E,0.4891928140388296,0.10204430896545834,21,0.022267893813032083
1808,E>>S,0.5645906618045211,0.1407807585596364,21,0.03072088011870648
1808,E>S,0.49527445912375484,0.12433906732550515,21,0.02713300894568275
1808,S~E,0.42863082712719053,0.08909417779368399,21,0.019441943510448124
1808,S>E,0.45538409388737267,0.09007114559016956,21,0.01965513536182571
1808,S>>E,0.4993355337253638,0.10312795404103967,21,0.022504364555190063
1809,E>>S,0.5905161375967111,0.13711448195618314,21,0.029920832973279333
1809,E>S,0.4939840375285725,0.12241505505147382,21,0.02671315504645548
1809,S~E,0.4564870057964334,0.0993346216284808,21,0.021676591559157656
1809,S>E,0.4476348824163691,0.09501162084841434,21,0.020733235449443006
1809,S>>E,0.48704898063869145,0.09006859440703648,21,0.019654578648024803
1810,E>>S,0.5991644549283649,0.14641006166297918,21,0.031949294765416865
1810,E>S,0.4910762073206254,0.13181224151311016,21,0.028763789250267992
1810,S~E,0.45107366945280636,0.09601125352239996,21,0.020951373182571113
1810,S>E,0.4546393335773378,0.09874595439904428,21,0.021548133838298955
1810,S>>E,0.49323445576377883,0.12131619830218902,21,0.02647336484495497
1811,E>>S,0.5774553189003375,0.15012028590918947,21,0.0327589320727273
1811,E>S,0.48039194718232264,0.11740972511579044,21,0.025620902507955595
1811,S~E,0.43264982395026796,0.10624272571363001,21,0.02318406345814956
1811,S>E,0.4600864405717931,0.08809898081322706,21,0.019224773725003582
1811,S>>E,0.5110891424176129,0.08238107485483565,21,0.017977024350195596
1812,E>>S,0.5779399490411923,0.13845625495194075,21,0.030213631845589183
1812,E>S,0.48573233918663117,0.13190762837934797,21,0.02878460437097463
1812,S~E,0.4474970587946044,0.08664057332205137,21,0.018906523119174855
1812,S>E,0.4679796816387527,0.1003275644791226,21,0.021893269453149625
1812,S>>E,0.525693587224476,0.09211978587425855,21,0.020102185322472075
1813,E>>S,0.5803880725060119,0.13595829723738956,21,0.029668532783221103
1813,E>S,0.47362205529788504,0.1212858802015067,21,0.026466748892988112
1813,S~E,0.4395298626707727,0.10561995097852878,21,0.023048162869363488
1813,S>E,0.44863592005088265,0.11058191712560403,21,0.024130952653400668
1813,S>>E,0.49466512129518525,0.09830264413906302,21,0.021451395608645875
1814,E>>S,0.5835177202514211,0.16202768710394774,21,0.035357340039640986
1814,E>S,0.4866396615743308,0.12518132079445324,21,0.02731680372072055
1814,S~E,0.4339890570477294,0.09413844671562337,21,0.02054269323237672
1814,S>E,0.45457739846360856,0.10457984553298331,21,0.022821193253413592
1814,S>>E,0.498213735394748,0.09867656985684703,21,0.02153299288988568
1815,E>>S,0.5921750833374168,0.15826310258842216,21,0.03453584034904791
1815,E>S,0.4961105287280558,0.12157231039719138,21,0.026529253085990304
1815,S~E,0.4425987483060253,0.1157824746094778,21,0.0252658073355826
1815,S>E,0.4468880850526671,0.1014549755739995,21,0.022139290723702312
1815,S>>E,0.5162090203863798,0.09723071497062959,21,0.021217481487027907
1816,E>>S,0.5892999285650422,0.13351233542432606,21,0.02913478015677658
1816,E>S,0.5005729733281603,0.133595104050081,21,0.029152841751666554
1816,S~E,0.4569389176047146,0.09242674923154032,21,0.020169170218677857
1816,S>E,0.43519860253274345,0.09400566615486704,21,0.02051371813854412
1816,S>>E,0.5183867774654511,0.09079310183574317,21,0.019812679130577483
1817,E>>S,0.5893963781081734,0.15571993380506913,21,0.03398087542263058
1817,E>S,0.49851316508648436,0.12513531233109712,21,0.027306763850913976
1817,S~E,0.45024954261583555,0.08542716768310035,21,0.01864173630064251
1817,S>E,0.440630124510895,0.08545524726012747,21,0.018647863766700086
1817,S>>E,0.4862000945059318,0.09788182210276268,21,0.0213595647117196
1818,E>>S,0.5806045750880617,0.13718082040376092,21,0.029935309209351287
1818,E>S,0.4755566350487018,0.12703458145986907,21,0.027721218353184942
1818,S~E,0.4567963121613541,0.09202033128489118,21,0.02008048255180604
1818,S>E,0.43869158489270144,0.09036580768363685,21,0.019719435902194663
1818,S>>E,0.5011713003030599,0.10140415128342241,21,0.022128199954239838
1819,E>>S,0.5685680604577679,0.14803433862920706,21,0.032303741058146034
1819,E>S,0.5078576027650455,0.14067668149629486,21,0.030698168641522135
1819,S~E,0.44437131002928726,0.09419629705943534,21,0.020555317212352795
1819,S>E,0.4424095443158211,0.09818265241967987,21,0.021425211268796294
1819,S>>E,0.5136584841520088,0.09470685254618548,21,0.02066672955351982
1820,E>>S,0.5886114941290344,0.12294609293783801,21,0.026829037013653252
1820,E>S,0.496084946280495,0.11997607074929456,21,0.026180925037715217
1820,S~E,0.4434886850116446,0.09112424522065933,21,0.01988494054139949
1820,S>E,0.45822099863106075,0.09497130925324636,21,0.020724438738193404
1820,S>>E,0.5283398400879304,0.09603254186688648,21,0.020956018680191577
1821,E>>S,0.5956753528645335,0.15565073820465908,21,0.03396577570469548
1821,E>S,0.49316641805389905,0.1295003549381757,21,0.028259294239420876
1821,S~E,0.45112215380679194,0.10302037740306762,21,0.02248088940821312
1821,S>E,0.4499800463058696,0.09116521173700816,21,0.01989388016816745
1821,S>>E,0.5176352858397076,0.10417618405261146,21,0.02273310709679731
1822,E>>S,0.5885800864808652,0.13958068388506778,21,0.030459002355096472
1822,E>S,0.4814160373549604,0.11532606933102513,21,0.02516621153862609
1822,S~E,0.4440101682839173,0.0835113476046885,21,0.01822367008505972
1822,S>E,0.45192152466951313,0.1038405214300941,21,0.02265985950748049
1822,S>>E,0.5210668271741512,0.08318936413443466,21,0.018153407531490064
1823,E>>S,0.6013369101036008,0.14693834661890676,21,0.0320645759939428
1823,E>S,0.4864243671244811,0.12753414581260375,21,0.027830232232275813
1823,S~E,0.45552257689504494,0.09486559187386756,21,0.020701369314704083
1823,S>E,0.45811934876170485,0.09863593665665556,21,0.02152412599866636
1823,S>>E,0.5048529496650368,0.10262277812012618,21,0.022394126131530297
1824,E>>S,0.5928834520586467,0.15378837018696928,21,0.03355937368503223
1824,E>S,0.48345089999080654,0.13719674074359106,21,0.02993878331232086
1824,S~E,0.4428465955446958,0.0908239607227379,21,0.019819413091792505
1824,S>E,0.4443538321546142,0.09747724034050816,21,0.02127127773313246
1824,S>>E,0.5071577964106402,0.10022469379303278,21,0.021870821229063975
1825,E>>S,0.5705692948729949,0.15655150061992856,21,0.034162338178559466
1825,E>S,0.47251586482710206,0.128559595694362,21,0.02805400374201585
1825,S~E,0.46307323498565517,0.10238975241355709,21,0.022343275753472037
1825,S>E,0.4439784930384527,0.09123859849255646,21,0.019909894471134466
1825,S>>E,0.5075511245285171,0.08470185582866809,21,0.018483460278005143
1826,E>>S,0.5738499132088412,0.1466302984629239,21,0.03199735437525313
1826,E>S,0.47866192376552635,0.1298904686946646,21,0.02834442404031393
1826,S~E,0.4536525945107807,0.08032274185684984,21,0.01752785926597201
1826,S>E,0.4537195573889149,0.10065546981162046,21,0.02196482426300444
1826,S>>E,0.5162175090601009,0.08908496553725334,21,0.019439933231285515
1827,E>>S,0.5711025535660066,0.14732582832559132,21,0.032149131434480546
1827,E>S,0.5008758981429489,0.1431610642769443,21,0.031240305410454083
1827,S~E,0.44169184494911806,0.0894283726574297,21,0.019514870808542417
1827,S>E,0.45675835346817617,0.09361994256477103,21,0.020429546350499116
1827,S>>E,0.5154329225993171,0.09298674950188787,21,0.020291372296204688
1828,E>>S,0.5918596550783763,0.14604231357744188,21,0.031869045554052594
1828,E>S,0.48206392035445117,0.1223700808056227,21,0.026703340861410893
1828,S~E,0.4424758467902989,0.0982556694055275,21,0.021441144881399355
1828,S>E,0.4519629443702255,0.09391906118710855,21,0.020494819385195907
1828,S>>E,0.4944183136123559,0.09209181475721483,21,0.02009608152432325
1829,E>>S,0.5853508534996322,0.15686425183614217,21,0.034230586089130335
1829,E>S,0.4803312900676886,0.11671221396735312,21,0.025468693096727522
1829,S~E,0.46293931207612116,0.10842919862896405,21,0.023661190964791894
1829,S>E,0.46111363811040473,0.10749513310638652,21,0.023457361157112843
1829,S>>E,0.5080314143165977,0.09374907863237111,21,0.02045772615072418
1830,E>>S,0.6101938310479134,0.16335878940206872,21,0.03564781037482523
1830,E>S,0.4884143140128333,0.12217979047459052,21,0.026661816106840742
1830,S~E,0.4350019570621406,0.10377873277899928,21,0.02264637611839805
1830,S>E,0.44788137835444,0.10143427499099537,21,0.022134773486152497
1830,S>>E,0.4922384228980052,0.11139595859073391,21,0.024308591064485924
1831,E>>S,0.5991898445258814,0.12561832855668426,21,0.027412166632611354
1831,E>S,0.49134059007983605,0.12347532961386519,21,0.026944525924531414
1831,S~E,0.4389955907862471,0.10311933574653394,21,0.02250248388914559
1831,S>E,0.4507368037812787,0.09378493154641379,21,0.020465549897985384
1831,S>>E,0.4957392599038729,0.09471629680577336,21,0.020668790459921926
1832,E>>S,0.5780690300529705,0.1387725354557157,21,0.03028264990984573
1832,E>S,0.48536039980902473,0.11812803733579465,21,0.025777651085135647
1832,S~E,0.44503682303569553,0.09332412151494737,21,0.0203649929051192
1832,S>E,0.4443684090745749,0.09443416660413247,21,0.020607224602547998
1832,S>>E,0.4976587227968139,0.08226939518188238,21,0.01795265384758149
1833,E>>S,0.5893950283194945,0.15743583115839316,21,0.03435531492293447
1833,E>S,0.49208666890758657,0.1312137896244211,21,0.02863319634171052
1833,S~E,0.4372520107506353,0.0992594335835935,21,0.021660184182631385
1833,S>E,0.45756936854090524,0.10747723825352191,21,0.023453456180074647
1833,S>>E,0.5018579385132274,0.09263156854757044,21,0.020213865457701534
1834,E>>S,0.5966336651426236,0.12322396500367437,21,0.02688967366961558
1834,E>S,0.502055943454585,0.13273012329459058,21,0.028964087476108704
1834,S~E,0.45059717643235897,0.09883847728813829,21,0.021568323987955586
1834,S>E,0.4602505784859992,0.09109863283766645,21,0.01987935146121887
1834,S>>E,0.49922504929415484,0.097549611182209,21,0.02128707034552302
1835,E>>S,0.5744672558169326,0.14910206792960873,21,0.032536738693422836
1835,E>S,0.48474598674909525,0.12160822700269572,21,0.0265370907318679
1835,S~E,0.4424146958368896,0.09488767453326465,21,0.020706188146048514
1835,S>E,0.4523885629729647,0.10185098405883465,21,0.02222570685977859
1835,S>>E,0.5175287939520958,0.08482672782114536,21,0.018510709580753102
1836,E>>S,0.5838029966732181,0.15490368695332635,21,0.033802755756731494
1836,E>S,0.47022790082656335,0.11920455636783994,21,0.026012566797107464
1836,S~E,0.4625578154657964,0.10846594528566894,21,0.023669209742691263
1836,S>E,0.45639649296117457,0.10553313713432476,21,0.023029218535438014
1836,S>>E,0.5171609427315362,0.08762613307465913,21,0.01912158988909043
1837,E>>S,0.6034575933269005,0.12929407483258687,21,0.02821428022998163
1837,E>S,0.4898843059286876,0.13406782615430857,21,0.029255998171919016
1837,S~E,0.4619850316457231,0.11062795300226735,21,0.024140998505281303
1837,S>E,0.4638831366913286,0.11071085009905746,21,0.024159088134849526
1837,S>>E,0.5107403823584249,0.09927888756925839,21,0.021664429390339857
1838,E>>S,0.5924807401359204,0.16761319954296733,21,0.03657619877997073
1838,E>S,0.49836049405332783,0.1297016217152418,21,0.028303214250886843
1838,S~E,0.45728500249002807,0.09945112289155145,21,0.021702014218994765
1838,S>E,0.452212194928039,0.0900044022396347,21,0.019640570768684713
1838,S>>E,0.49527304432393054,0.08242474330761762,21,0.01798655358783155
1839,E>>S,0.6001413807138816,0.15665919197670647,21,0.03418583835923219
1839,E>S,0.4856965315096602,0.12088465775319145,21,0.026379194976801437
1839,S~E,0.45273418624168105,0.10018115729171935,21,0.021861320785599103
1839,S>E,0.4595193535793018,0.10961937956639393,21,0.02392090973795694
1839,S>>E,0.5097793992832068,0.10077113753223597,21,0.021990065028965562
1840,E>>S,0.6023805171003938,0.16485712355517776,21,0.03597477369258521
1840,E>S,0.49913756688746913,0.13357504578327592,21,0.02914846467900256
1840,S~E,0.4643558480832158,0.09810867655929535,21,0.021409068412614793
1840,S>E,0.44900095254436867,0.10334835490581898,21,0.02255245996690839
1840,S>>E,0.5050712985728367,0.084650459150943,21,0.01847224460342684
1841,E>>S,0.6005072855340402,0.14334692465837565,21,0.031280863470768486
1841,E>S,0.4930642245228866,0.125268240025228,21,0.02733577105188115
1841,S~E,0.45010823035402076,0.09667913013392468,21,0.021097115807676
1841,S>E,0.4376596898578131,0.10304760918413719,21,0.02248683187002549
1841,S>>E,0.5019099660852744,0.08879314356481266,21,0.019376252456135
1842,E>>S,0.5834736702548933,0.14981759818377513,21,0.03269288019588706
1842,E>S,0.4921614578345537,0.13222110052747396,21,0.02885300960178643
1842,S~E,0.4601736680774538,0.10127028883006772,21,0.022098988772086964
1842,S>E,0.4469437223638433,0.10418631603120633,21,0.022735318075790198
1842,S>>E,0.49330940138604457,0.11322721282211996,21,0.024708203499344723
1843,E>>S,0.5810530498240829,0.17259886300835936,21,0.03766415974281525
1843,E>S,0.4753328266708071,0.12189248569180482,21,0.026599121063286536
1843,S~E,0.45780231470436367,0.10270128684201883,21,0.022411258139186836
1843,S>E,0.45998329562741574,0.09996979735540587,21,0.02181519826621636
1843,S>>E,0.5239631553373698,0.10873737877136426,21,0.023728441385279096
1844,E>>S,0.581894330901298,0.15913046469277536,21,0.034725114277530514
1844,E>S,0.48881266178107696,0.1415744199624514,21,0.03089407123559051
1844,S~E,0.45695922448596443,0.09901251705265451,21,0.021606302578185486
1844,S>E,0.45062814176897853,0.08843566736982326,21,0.019298244755054827
1844,S>>E,0.5045517540667885,0.07852912069658052,21,0.017136459040495405
1845,E>>S,0.5884278320450731,0.15959889690814988,21,0.034827334567288114
1845,E>S,0.48467197840455745,0.13316331080864094,21,0.02905861674150135
1845,S~E,0.44727285697989366,0.09728592408439178,21,0.021229529103354895
1845,S>E,0.44953911285553555,0.1037066483992728,21,0.022630646017135166
1845,S>>E,0.5147562534002255,0.09747653518404949,21,0.02127112385537776
1846,E>>S,0.5828942326327453,0.16896539793652215,21,0.036871272660592765
1846,E>S,0.48933206546476377,0.1379360789281464,21,0.030100120131125438
1846,S~E,0.45961167426501315,0.09605507688708725,21,0.020960936224756217
1846,S>E,0.4570250787170734,0.09129880778632446,21,0.01992303321619312
1846,S>>E,0.5150545982242282,0.08519398864652918,21,0.018590852463234685
1847,E>>S,0.6084182346039034,0.12614445527970378,21,0.02752697689610545
1847,E>S,0.49895995593998244,0.12532771844359658,21,0.027348750306852118
1847,S~E,0.4686300393184653,0.10580729228884506,21,0.023089044094854756
1847,S>E,0.4494834844016382,0.09642607796795702,21,0.021041895297898888
1847,S>>E,0.5014422771274046,0.09259549591344354,21,0.020205993763587105
1848,E>>S,0.6006415605620199,0.17091781086633306,21,0.03729732409100558
1848,E>S,0.4990047625578231,0.1335601534568659,21,0.02914521490695266
1848,S~E,0.4349231666813975,0.10053597491394724,21,0.02193874833854022
1848,S>E,0.463015354816132,0.11730446107605234,21,0.025597932011286233
1848,S>>E,0.5070030850762023,0.09550739073687954,21,0.020841421308546416
1849,E>>S,0.5803028678384234,0.1512209087071199,21,0.03299910765763732
1849,E>S,0.4850417845365723,0.1436743985223277,21,0.03135232412646753
1849,S~E,0.4456066280118205,0.09033775001817435,21,0.019713313217632488
1849,S>E,0.4556414506961812,0.09551591865921154,21,0.0208432822537658
1849,S>>E,0.5140877803412798,0.09476417630352307,21,0.02067923862290643
1850,E>>S,0.5971423047824076,0.15678717468227513,21,0.03421376647522808
1850,E>S,0.47519328384418913,0.1334459938549029,21,0.029120303239462117
1850,S~E,0.4470459033905567,0.08791398162646649,21,0.019184403592773316
1850,S>E,0.45170924025445913,0.08839752912517962,21,0.019289922307771386
1850,S>>E,0.49238853181545367,0.09226630840906042,21,0.02013415916088857
1851,E>>S,0.5699467642918359,0.15222054997027304,21,0.03321724726507544
1851,E>S,0.49489868832879147,0.12851740227028632,21,0.02804479638203222
1851,S~E,0.46188594789599835,0.09522386666174765,21,0.020779551283040022
1851,S>E,0.4492753505497385,0.08564710231039485,21,0.018689729971000553
1851,S>>E,0.5132128912477577,0.09075185771961208,21,0.019803678926570707
1852,E>>S,0.5845227542993497,0.16849656358071252,21,0.036768964616597836
1852,E>S,0.4839700830568671,0.12540466716047735,21,0.027365541893506207
1852,S~E,0.45862175556879625,0.0916120674917891,21,0.01999139208821556
1852,S>E,0.4574172767383434,0.10930873750313091,21,0.023853122082293128
1852,S>>E,0.5235928677912678,0.10355859083348178,21,0.022598337207494774
1853,E>>S,0.5657725523716619,0.1412177337264572,21,0.03081623591769564
1853,E>S,0.4980602010211073,0.1276976542293473,21,0.027865912694013423
1853,S~E,0.4509090074850973,0.08375510489499668,21,0.018276862286680417
1853,S>E,0.44834599465267627,0.10858889683666131,21,0.02369603997075006
1853,S>>E,0.5127706004614475,0.06829911479398408,21,0.014904088735329063
1854,E>>S,0.5782806461151109,0.1429020046886644,21,0.03118377397365424
1854,E>S,0.47287148285529745,0.12596870831560636,21,0.027488625764384732
1854,S~E,0.4614056691215186,0.07934904648732548,21,0.01731538151670185
1854,S>E,0.4335167987127791,0.11391082187821232,21,0.024857379225311418
1854,S>>E,0.521031345292447,0.09486310716520943,21,0.020700827106822854
1855,E>>S,0.5945345914696327,0.1553775856893993,21,0.03390616893910284
1855,E>S,0.481955962190738,0.12543866912576399,21,0.027372961730634932
1855,S~E,0.45292204804518466,0.09793662857158277,21,0.021371524463716804
1855,S>E,0.45680398563776814,0.10993144014738701,21,0.023989006939567067
1855,S>>E,0.5335579063320591,0.10082763311492267,21,0.022002393375827108
1856,E>>S,0.5895849596254163,0.13895881562137494,21,0.0303232995745887
1856,E>S,0.4878858601120046,0.12495635272613713,21,0.02726771166348214
1856,S~E,0.4489454078172737,0.1086211133357396,21,0.023703070187209713
1856,S>E,0.44797894441619995,0.10214129141693616,21,0.022289057118983487
1856,S>>E,0.5145779000180903,0.09731866238000467,21,0.02123667318515346
1857,E>>S,0.5877360033951285,0.17593174300340533,21,0.03839145378374393
1857,E>S,0.4888361806439497,0.14125336408829817,21,0.030824011100084918
1857,S~E,0.45769656763894323,0.1031189071303184,21,0.022502390357419313
1857,S>E,0.4474005177524242,0.1108284311525185,21,0.024184746424267524
1857,S>>E,0.5074134118389354,0.09224792816979244,21,0.020130148263853478
1858,E>>S,0.5844936264352407,0.14408986980019636,21,0.031442987392177685
1858,E>S,0.4804514596557372,0.13597883567248795,21,0.029673014637197022
1858,S~E,0.44763827610631035,0.10129064623219979,21,0.02210343112143091
1858,S>E,0.4769317110391984,0.1036573344797009,21,0.02261988483764692
1858,S>>E,0.5269445039582445,0.09677206121957814,21,0.02111739503312464
1859,E>>S,0.5870159884780769,0.13512988764149567,21,0.029487758988953887
1859,E>S,0.4936001074784099,0.15511658551937255,21,0.033849214032648366
1859,S~E,0.4425429318308302,0.09103166737293479,21,0.019864738398786455
1859,S>E,0.4476948494736847,0.10030120124484444,21,0.02188751652378565
1859,S>>E,0.5232872360247589,0.06751691800067293,21,0.014733399401343343
1860,E>>S,0.6070210420938049,0.1338654736785054,21,0.02921184124156522
1860,E>S,0.4942854628647786,0.1293623236180731,21,0.028229173335961602
1860,S~E,0.4575537865557826,0.10432807639822964,21,0.022766252724001103
1860,S>E,0.4478845822175282,0.1025407387240125,21,0.022376223667594133
1860,S>>E,0.4843844396994969,0.09787363591901206,21,0.021357778339972457
1861,E>>S,0.5820713250403686,0.13745910390709015,21,0.02999603564833527
1861,E>S,0.49787262226390744,0.12487966741407022,21,0.027250977556470813
1861,S~E,0.4618912337494125,0.08296255225404275,21,0.018103913121470486
1861,S>E,0.45399411331545203,0.10421519743568201,21,0.022741620514941933
1861,S>>E,0.48784517110637443,0.078753089019127,21,0.017185332935321193
1862,E>>S,0.5890761198831359,0.14828059158869955,21,0.032357477859430855
1862,E>S,0.5024849062188752,0.13060272195265502,21,0.028499850443586307
1862,S~E,0.4471120388017197,0.09480351616574896,21,0.020687823284643535
1862,S>E,0.44398015664349505,0.09706710366657746,21,0.021181778573438895
1862,S>>E,0.489540371079678,0.10606833684261961,21,0.023146008686637035
1863,E>>S,0.5927278049821961,0.163239688496401,21,0.03562182042646522
1863,E>S,0.4853096011363479,0.1242678280085055,21,0.027117463252225235
1863,S~E,0.4482611412001885,0.11121135086054248,21,0.024268306355082297
1863,S>E,0.44960198312148913,0.09145351880223074,21,0.019956793927680454
1863,S>>E,0.517740437884506,0.08645059703710652,21,0.01886506689507932
1864,E>>S,0.5719475767864942,0.15728171527938278,21,0.03432168408096496
1864,E>S,0.5070775820686771,0.11671728143209088,21,0.02546979890819144
1864,S~E,0.45745720324963723,0.09329501945181436,21,0.0203586423143008
1864,S>E,0.45581262188904315,0.101676332025422,21,0.022187594661521856
1864,S>>E,0.5286525573438622,0.09417378169474473,21,0.020550403956972114
1865,E>>S,0.575976537662474,0.14231754330497007,21,0.03105623404358005
1865,E>S,0.4994341718881361,0.1250259889307527,21,0.027282907529137392
1865,S~E,0.459032615595841,0.09495338509953431,21,0.020720527367186093
1865,S>E,0.43231566678185374,0.10397427526292592,21,0.022689046986692028
1865,S>>E,0.5227648239876165,0.10500242625168046,21,0.022913407926302094
1866,E>>S,0.5919511503524666,0.14323992997813106,21,0.03125751531737904
1866,E>S,0.4943541623793096,0.11344544732794554,21,0.024755826172782675
1866,S~E,0.46747488553626537,0.1079017768483214,21,0.023546098096555546
1866,S>E,0.44969603273750736,0.10667253694261256,21,0.023277855957737868
1866,S>>E,0.5002738038781602,0.08334279468357308,21,0.0181868888222208
1867,E>>S,0.5760391746839487,0.15704019505714034,21,0.034268980047617886
1867,E>S,0.49546212081785573,0.13494689061223739,21,0.02944782576330969
1867,S~E,0.45186651059941074,0.09658864610251727,21,0.02107737057324223
1867,S>E,0.45896896246693497,0.10765196646197317,21,0.023491585001087594
1867,S>>E,0.5032358166447699,0.08907745010378239,21,0.019438293229249275
1868,E>>S,0.5731832895206047,0.14499142087307393,21,0.03163972196524102
1868,E>S,0.4872938218930216,0.12570540803336458,21,0.02743116893229539
1868,S~E,0.4410375306450951,0.09110019220483423,21,0.019879691743032325
1868,S>E,0.4514318391683666,0.10872227685832227,21,0.023725145877676546
1868,S>>E,0.5255644008354026,0.09584825685092616,21,0.02091580439280661
1869,E>>S,0.6026178381897473,0.1447356313815481,21,0.03158390412205572
1869,E>S,0.4903129480185329,0.13237782253627786,21,0.02888720914790116
1869,S~E,0.4422967767826544,0.09904599557464251,21,0.021613608190621927
1869,S>E,0.4419431588736178,0.08722947333020835,21,0.01903503163651483
1869,S>>E,0.5281732748681893,0.11582295294854257,21,0.025274640433333575
1870,E>>S,0.5846460898937121,0.11968999464758949,21,0.0261184981143542
1870,E>S,0.4788506600878093,0.12699362323375768,21,0.027712280535495105
1870,S~E,0.4469003407058125,0.08622605201546006,21,0.018816067154192633
1870,S>E,0.4395608507558502,0.10609829566563098,21,0.023152546237788528
1870,S>>E,0.4884681000435289,0.12838249561858672,21,0.02801535733711953
1871,E>>S,0.5741871250267244,0.14398331801831585,21,0.031419735887134835
1871,E>S,0.4827804617566985,0.1341750125713142,21,0.02927938816569994
1871,S~E,0.4536674821625144,0.0725642325097506,21,0.015834813724871787
1871,S>E,0.44479953020966545,0.10181360342563195,21,0.022217549736865412
1871,S>>E,0.5044889999783936,0.10025704187294249,21,0.021877880158815057
1872,E>>S,0.5734110431857163,0.1356094761920978,21,0.029592413790647618
1872,E>S,0.4939701838077347,0.1196476510210962,21,0.026109257977515895
1872,S~E,0.45148208840450854,0.09759711379657095,21,0.021297436265809776
1872,S>E,0.4616117864841698,0.1089142884298254,21,0.023767046237710854
1872,S>>E,0.5287764897931934,0.09339274462272147,21,0.020379967694919104
1873,E>>S,0.5904388335450427,0.13333276117902576,21,0.029095593843826432
1873,E>S,0.4773222972299271,0.11219768600571185,21,0.024483542329526767
1873,S~E,0.44312656975357484,0.09635189837580835,21,0.02102570798380164
1873,S>E,0.4653227130576048,0.11800025085387132,21,0.02574976578864966
1873,S>>E,0.5163798868902602,0.09179632582968131,21,0.020031600553968788
1874,E>>S,0.574290310613399,0.13143810087181104,21,0.028682145068872157
1874,E>S,0.47726455685557573,0.12926696308744642,21,0.028208363962156462
1874,S~E,0.4611474848778738,0.10141356241543809,21,0.022130253631613032
1874,S>E,0.45507060418335127,0.09445674436482657,21,0.020612151473852917
1874,S>>E,0.5083014336376639,0.09452059643692816,21,0.020626085138314123
1875,E>>S,0.5870948639237001,0.14406572330182355,21,0.03143771819424618
1875,E>S,0.4864188126584633,0.1211364373127898,21,0.026434137781101538
1875,S~E,0.4435694609103032,0.08982877816268167,21,0.01960224645313738
1875,S>E,0.4562727686746731,0.10227937970504995,21,0.02231919045388198
1875,S>>E,0.5319414272046504,0.08609013368934842,21,0.018786407343824144
1876,E>>S,0.5816832728364387,0.17249653702802348,21,0.03764183038327002
1876,E>S,0.501618806342516,0.13275601925867436,21,0.028969738438756693
1876,S~E,0.44783962010612105,0.0867788937451862,21,0.018936707110087887
1876,S>E,0.4478368115634662,0.0975086050247796,21,0.02127812206836209
1876,S>>E,0.5058588696124594,0.10132910862766986,21,0.02211182430422381
1877,E>>S,0.5877339344449326,0.14150870356778716,21,0.030879730742592964
1877,E>S,0.4885242444273825,0.132049223178525,21,0.02881550288931943
1877,S~E,0.4579680296923427,0.10365267275813009,21,0.02261886756660087
1877,S>E,0.45033185668016207,0.10844284987044266,21,0.023664169909906458
1877,S>>E,0.49135933987359726,0.09932518826389423,21,0.02167453303023975
1878,E>>S,0.5740588367568505,0.1715118422635249,21,0.03742695236923472
1878,E>S,0.4828910836796403,0.12175795624804019,21,0.0265697643318936
1878,S~E,0.4533631807223231,0.09236712618362693,21,0.020156159402952758
1878,S>E,0.4471117987793829,0.1049811470651924,21,0.02290876442712073
1878,S>>E,0.5224754973132628,0.09133050990639402,21,0.019929951185950704
1879,E>>S,0.5741644928583018,0.1543164855878049,21,0.03367461791360371
1879,E>S,0.49393702859538735,0.1268765121129514,21,0.027686724793789586
1879,S~E,0.4603333400643029,0.08147996422416505,21,0.017780385889501437
1879,S>E,0.44020333511235255,0.10359034227719124,21,0.022605265940553
1879,S>>E,0.5136914743949126,0.0771702418273346,21,0.016839927360562293
1880,E>>S,0.6035512445195074,0.14602506852762384,21,0.031865282375664286
1880,E>S,0.5059877294242279,0.11667720198009901,21,0.02546105285473596
1880,S~E,0.45056382756746177,0.07968608628317407,21,0.0173889296298775
1880,S>E,0.4651590623906627,0.0935724502873552,21,0.02041918268591893
1880,S>>E,0.5210383285228176,0.09773532486173322,21,0.02132759639285676
1881,E>>S,0.5931784470669904,0.14962399494393208,21,0.03265063250534565
1881,E>S,0.498995035118866,0.11419343848778307,21,0.024919051225597594
1881,S~E,0.4374893804588127,0.08187605578986533,21,0.01786682015530882
1881,S>E,0.4529542068029511,0.10444668975571647,21,0.022792136280625687
1881,S>>E,0.5024042442757226,0.08721975961172544,21,0.019032911929361143
1882,E>>S,0.5871700543039169,0.16505257856083966,21,0.03601742547155682
1882,E>S,0.4715367675915077,0.10629600661839472,21,0.02319569030477718
1882,S~E,0.44822186346059795,0.0968897674669382,21,0.021143080642091146
1882,S>E,0.4593038030617786,0.10499027567013475,21,0.022910756452032048
1882,S>>E,0.5175872245230467,0.09519769014022711,21,0.020773839097740093
1883,E>>S,0.5875140845498672,0.14211779970011285,21,0.03101264641553998
1883,E>S,0.4979607672288435,0.10139964512462953,21,0.022127216629774987
1883,S~E,0.44829630509988166,0.09526094999440202,21,0.02078764352965478
1883,S>E,0.4619155454823094,0.09656774798691009,21,0.021072810230544522
1883,S>>E,0.5045307679774415,0.08494304111059141,21,0.018536091221382424
1884,E>>S,0.5828322430857962,0.1435555038194927,21,0.031326379175254646
1884,E>S,0.48667263278480555,0.1248358596103602,21,0.027241417909969336
1884,S~E,0.4645615963587569,0.09295157497624577,21,0.020283696585429018
1884,S>E,0.4587581656222534,0.1093144778231937,21,0.023854374722826508
1884,S>>E,0.5146282059295081,0.06697611317179841,21,0.01461538611255691
1885,E>>S,0.572143949379267,0.12698050120687226,21,0.02770941707447255
1885,E>S,0.5058266046053249,0.12817367958058648,21,0.02796978994185968
1885,S~E,0.45805680885809674,0.0882835592271952,21,0.019265052037082817
1885,S>E,0.4522386974718352,0.09529888770682697,21,0.02079592221722053
1885,S>>E,0.517237943079319,0.08907284329058635,21,0.01943728794019292
1886,E>>S,0.5814121507480996,0.14392558173839415,21,0.031407136797940244
1886,E>S,0.48846325339453883,0.129796598446622,21,0.02832393987283014
1886,S~E,0.4561614312424702,0.08761454004742145,21,0.01911906008314517
1886,S>E,0.4461347731551564,0.08776082535833508,21,0.019150982155065263
1886,S>>E,0.5262305809819302,0.09143359085488967,21,0.01995244529305495
1887,E>>S,0.5693203189111209,0.1523564810569202,21,0.033246909860021066
1887,E>S,0.4988248750068365,0.12261112664666711,21,0.026755941376293765
1887,S~E,0.46243674404255714,0.10773798522501038,21,0.023510355834078286
1887,S>E,0.45284825993073935,0.10504178797808993,21,0.02292199735919521
1887,S>>E,0.5125954169851923,0.0912704747995539,21,0.019916850451595962
1888,E>>S,0.5682556770423488,0.1484683396829938,21,0.032398447852463576
1888,E>S,0.4957560169890795,0.11574942063962884,21,0.02525859436801824
1888,S~E,0.45185594690740366,0.10357294381438038,21,0.022601469284705064
1888,S>E,0.4463514799748348,0.09992868788222498,21,0.02180622744371011
1888,S>>E,0.49459050991915016,0.10616446668593935,21,0.023166985938234984
1889,E>>S,0.5867558614208507,0.13732582513114286,21,0.029966951835034818
1889,E>S,0.5004094911223603,0.11940763107946649,21,0.026056881332238893
1889,S~E,0.44991117102418743,0.08780568867946012,21,0.01916077213435015
1889,S>E,0.4500981007124689,0.10273370717895383,21,0.02241833283671353
1889,S>>E,0.5076568242271468,0.09418104588141257,21,0.020551989132461052
1890,E>>S,0.5888672951385667,0.1348722706682371,21,0.029431542356560418
1890,E>S,0.4935199051817931,0.12658460445718578,21,0.02762302532100468
1890,S~E,0.4542456096981833,0.10196271124604524,21,0.022250087730853685
1890,S>E,0.43777726847271276,0.09696389375802542,21,0.02115925632494322
1890,S>>E,0.5144478870125498,0.09989445445729203,21,0.02179875709794569
1891,E>>S,0.5947710821668359,0.12858807717894952,21,0.028060218911493323
1891,E>S,0.5006608062194584,0.1167268052020058,21,0.025471877165169368
1891,S~E,0.4558946990637312,0.08360189799893067,21,0.018243429801051283
1891,S>E,0.4591866495771085,0.1047658821760417,21,0.02286178977716838
1891,S>>E,0.4996833380669642,0.08936530043832501,21,0.01950110732195689
1892,E>>S,0.5863015761574993,0.13007340616776944,21,0.02838434426973997
1892,E>S,0.49278175287221043,0.11738433845758567,21,0.02561536268496201
1892,S~E,0.4661960912802445,0.08691360073189362,21,0.01896610258452723
1892,S>E,0.4514861084190181,0.11028391624982825,21,0.0240659235310004
1892,S>>E,0.5097891062221931,0.07744528190191609,21,0.016899946025367815
1893,E>>S,0.5643538245223926,0.13487817338908983,21,0.029432830435851556
1893,E>S,0.49872199939445916,0.11195911301743093,21,0.02443148143535681
1893,S~E,0.478488160093766,0.10307928690177312,21,0.022493744514735493
1893,S>E,0.43158808552198635,0.10440224106917884,21,0.022782436782025683
1893,S>>E,0.5213627250130091,0.09369142221259852,21,0.020445144488442844
1894,E>>S,0.5791747634072423,0.16940559952313972,21,0.036967332522102984
1894,E>S,0.4988617236787397,0.11282537481282154,21,0.02462051525673899
1894,S~E,0.4524164871830525,0.10190490321216679,21,0.022237472983662042
1894,S>E,0.44185942046145,0.09888411439417073,21,0.021578282820950465
1894,S>>E,0.5289880527268581,0.10425594435864477,21,0.022750512222504474
1895,E>>S,0.5952617695720465,0.14512817400933664,21,0.031669563946119424
1895,E>S,0.49485582965581865,0.12017811958619566,21,0.026225015708628414
1895,S~E,0.44014244732057245,0.10081395780432467,21,0.02199940917840009
1895,S>E,0.44333460065573516,0.10825573298462898,21,0.02362333765785667
1895,S>>E,0.49731282124111675,0.10148777219926938,21,0.022146447534075565
1896,E>>S,0.5940734863786818,0.16654500820388585,21,0.03634310031958801
1896,E>S,0.47449017628072604,0.13294953414918279,21,0.02901196684989269
1896,S~E,0.44331491695079767,0.0905465529384778,21,0.01975887775037622
1896,S>E,0.4523443958714314,0.10170325770918894,21,0.022193470327426638
1896,S>>E,0.5116151626517312,0.09649875634352756,21,0.02105775501968167
1897,E>>S,0.5983626310229025,0.13586559258473133,21,0.029648302969502962
1897,E>S,0.49472626388250684,0.12269410717695378,21,0.026774049212543588
1897,S~E,0.45822595074269784,0.1055772543526604,21,0.023038845701746295
1897,S>E,0.4465659540628854,0.0845860052782939,21,0.01845817961531981
1897,S>>E,0.515135845612688,0.09188494451065787,21,0.02005093873556699
1898,E>>S,0.5829272999288863,0.1569176875137285,21,0.03424224670995656
1898,E>S,0.49292473894399036,0.1164344668417428,21,0.025408083704957726
1898,S~E,0.46305796868790045,0.09583796623774521,21,0.020913558796909027
1898,S>E,0.4328221146180082,0.10969230286756296,21,0.023936822906887086
1898,S>>E,0.5259079942495539,0.10718862516296043,21,0.02339047564035783
1899,E>>S,0.5982840889635861,0.12665468981070138,21,0.0276383191989853
1899,E>S,0.49580087223341435,0.11872103940789092,21,0.02590705474621407
1899,S~E,0.45842406294048665,0.09968151702434679,21,0.021752290340576113
1899,S>E,0.44839615227706053,0.10854220011572231,21,0.023685849910825812
1899,S>>E,0.5033070215836348,0.08905526883587479,21,0.01943345287976372
1900,E>>S,0.5860829189331118,0.13667647644625022,21,0.02982525233499003
1900,E>S,0.49807460931573866,0.12743658431887755,21,0.02780894256894661
1900,S~E,0.44372614265173516,0.09663730784203044,21,0.021087989435374006
1900,S>E,0.4612732947036418,0.087566917254689,21,0.01910866793778795
1900,S>>E,0.5292921551858212,0.08556838306116675,21,0.018672552022513035
1901,E>>S,0.5885008319556304,0.14919030420973145,21,0.032555993428313494
1901,E>S,0.4923410326506274,0.12760097400006015,21,0.027844815338350846
1901,S~E,0.4592159150162682,0.09386480241171781,21,0.020482979149703352
1901,S>E,0.45246958654615893,0.10815338455129453,21,0.023601003398665464
1901,S>>E,0.5319760744507702,0.09140153498677185,21,0.019945450129144598
1902,E>>S,0.5716657029193764,0.15421187541273595,21,0.033651790101902945
1902,E>S,0.4988325036776284,0.12335673946970199,21,0.02691864743346934
1902,S~E,0.4413350444008602,0.09715298181016212,21,0.021200518720749323
1902,S>E,0.4454639140992789,0.11253161194341961,21,0.02455641094314843
1902,S>>E,0.4964155821133359,0.11961793631739506,21,0.026102773697565244
1903,E>>S,0.5712768413775405,0.1423457078696117,21,0.031062380055455564
1903,E>S,0.48103115609819774,0.12377224175764126,21,0.027009317466131673
1903,S~E,0.45133207247855023,0.08729104283049087,21,0.019048467202969366
1903,S>E,0.4600180266610273,0.10748183453583507,21,0.023454459171103954
1903,S>>E,0.5139205672762993,0.08870237065579455,21,0.019356444183438487
1904,E>>S,0.5988077659022769,0.13342075327271813,21,0.029114795292869425
1904,E>S,0.48934659753241,0.12290801608572814,21,0.02682072796331901
1904,S~E,0.45499234831523794,0.09648169828428471,21,0.021054032645982178
1904,S>E,0.449190933830449,0.10465015124679554,21,0.02283653521795323
1904,S>>E,0.5116030522154561,0.0897890793581832,21,0.019593583463774832
1905,E>>S,0.5858251600139702,0.1466014659759689,21,0.03199106261077955
1905,E>S,0.48229910771062473,0.11540595191480062,21,0.025183643347524178
1905,S~E,0.4468967015835321,0.08560617101457556,21,0.01868079802998224
1905,S>E,0.439514641051166,0.09038076060133776,21,0.01972269889634823
1905,S>>E,0.4925147460488315,0.0976060018378359,21,0.021299375795422945
1906,E>>S,0.5731669726017278,0.13210045481833307,21,0.02882668254967168
1906,E>S,0.47932939792195906,0.1307457266798248,21,0.028531056633443068
1906,S~E,0.4528318780553959,0.1030058536997766,21,0.02247772007632254
1906,S>E,0.45217312843187557,0.09922786441808366,21,0.021653295225937317
1906,S>>E,0.48955531105448147,0.0910603314477247,21,0.019870993412712673
1907,E>>S,0.5768526730949123,0.16088882779194008,21,0.03510882056329906
1907,E>S,0.48864079260403837,0.1244652578803842,21,0.02716054598233617
1907,S~E,0.45180306383212626,0.08595047492227544,21,0.018755931302320516
1907,S>E,0.4499782791265838,0.10451374413735885,21,0.02280676874631877
1907,S>>E,0.5094333802119052,0.09819167750134201,21,0.021427180703075817
1908,E>>S,0.597385788455882,0.15129813534213168,21,0.03301595989099961
1908,E>S,0.49242933160654434,0.11237481413794656,21,0.024522194856844468
1908,S~E,0.45787310351875055,0.09291671350422838,21,0.02027608918855486
1908,S>E,0.46684323679120365,0.0914109523642875,21,0.01994750516939762
1908,S>>E,0.5010670136311105,0.09155595201976567,21,0.01997914668830101
1909,E>>S,0.582768161271221,0.1598985289954712,21,0.03489271964923038
1909,E>S,0.4822473480231783,0.1127258757049415,21,0.024598802771337046
1909,S~E,0.4450891299315469,0.0843028179485246,21,0.018396383073675988
1909,S>E,0.45197216399546686,0.09461351256401518,21,0.02064636109953595
1909,S>>E,0.5030803855724437,0.09703100191586767,21,0.021173900525565177
1910,E>>S,0.5867184513247101,0.1697249183793537,21,0.03703701360921857
1910,E>S,0.48465991669790803,0.11209679236060292,21,0.02446152553115288
1910,S~E,0.4572011556637018,0.08985096485112104,21,0.019607087985479943
1910,S>E,0.4517370723185709,0.09628298773960739,21,0.021010670450155047
1910,S>>E,0.5002298721668534,0.06556393779437673,21,0.014307224181052736
1911,E>>S,0.5979699192575476,0.1607601248141862,21,0.03508073527102652
1911,E>S,0.485866811333968,0.11834312317439721,21,0.02582458666305514
1911,S~E,0.4471134162412684,0.0927945803671482,21,0.02024943755305332
1911,S>E,0.4575772387223598,0.09030282604202848,21,0.019705692181239284
1911,S>>E,0.5194637704880672,0.09462769833596071,21,0.020649456688761274
1912,E>>S,0.585909441465706,0.14830512488177627,21,0.0323628314628866
1912,E>S,0.5044156450320957,0.12952813332382626,21,0.028265355980131707
1912,S~E,0.4573710511600348,0.08748206021784265,21,0.019090150614235663
1912,S>E,0.4558640348298058,0.10618439145389219,21,0.023171333879061094
1912,S>>E,0.49850968206778734,0.11411897027060268,21,0.024902800928354854
1913,E>>S,0.5682406492257643,0.15544909035105364,21,0.03392177253551109
1913,E>S,0.493817499044192,0.12487393343722084,21,0.027249726300140074
1913,S~E,0.45318634650592393,0.10222332319370836,21,0.022306957920243026
1913,S>E,0.4285091702705143,0.0885476669376848,21,0.019322685064460915
1913,S>>E,0.5168461301708602,0.07430881107444313,21,0.016215511978609928
1914,E>>S,0.6173767274290355,0.14991677909186207,21,0.032714523244401474
1914,E>S,0.48744908409388465,0.12487449628230617,21,0.02724984912300713
1914,S~E,0.4402135069584301,0.10492722411921915,21,0.022896997475615136
1914,S>E,0.4431847215727516,0.08409636339388706,21,0.018351330996333372
1914,S>>E,0.5013556803013012,0.08684533999817486,21,0.01895120687122916
1915,E>>S,0.5769526509435748,0.163514702284383,21,0.03568183335506447
1915,E>S,0.4787859808189405,0.11651879633823166,21,0.025426485909766188
1915,S~E,0.45306614679597507,0.08851598680086023,21,0.01931577189184067
1915,S>E,0.4530290275638531,0.08977764547601237,21,0.019591088386130308
1915,S>>E,0.5097781801404213,0.09460890379049354,21,0.020645355382701482
1916,E>>S,0.5794833620790303,0.16576152826447543,21,0.03617213098016765
1916,E>S,0.49557008926791,0.11973344689131842,21,0.026127980171306745
1916,S~E,0.45469527285969685,0.10084866945948305,21,0.02200698388255535
1916,S>E,0.4495177124651424,0.09970747924520867,21,0.021757955761638435
1916,S>>E,0.5211789075810112,0.10120681749309728,21,0.022085138190842814
1917,E>>S,0.5560218677950521,0.12536838603396164,21,0.02735762470262256
1917,E>S,0.489903510354296,0.12601539913616272,21,0.027498814536739927
1917,S~E,0.4725133069631787,0.12350919048564203,21,0.026951914972532107
1917,S>E,0.45658714977609066,0.0937934476229276,21,0.020467408258235318
1917,S>>E,0.5442246136983657,0.10360170061835366,21,0.022607744533798046
1918,E>>S,0.5722303164691903,0.14219791017488967,21,0.03103012795433158
1918,E>S,0.4969433237298815,0.10963515651116226,21,0.02392435254955865
1918,S~E,0.4510259725831259,0.08712725175195456,21,0.019012725059371696
1918,S>E,0.4438007965209292,0.10208689522881152,21,0.022277186897574047
1918,S>>E,0.507201069658223,0.12096559491826152,21,0.02639685691420471
1919,E>>S,0.5739953761873904,0.14618158095141107,21,0.03189943618657885
1919,E>S,0.5010787763865544,0.13549835047788095,21,0.02956816417174025
1919,S~E,0.44709369915097774,0.08803965879446708,21,0.01921182859922524
1919,S>E,0.4482833961955237,0.08353726584439201,21,0.018229325908646454
1919,S>>E,0.5159303743597589,0.08162319710467122,21,0.017811641866497918
1920,E>>S,0.5969553737826564,0.12075293957159247,21,0.02635045171310719
1920,E>S,0.4932973495750294,0.12395423374748937,21,0.02704903137419618
1920,S~E,0.4553227358194251,0.09553502378227338,21,0.020847451333413054
1920,S>E,0.4503249232408982,0.10969919268808605,21,0.02393832638898574
1920,S>>E,0.49929575913417096,0.0706611265893525,21,0.015419521966026887
1921,E>>S,0.5989650376759021,0.15174702845196136,21,0.033113916398368116
1921,E>S,0.48780988804600806,0.11185405200246451,21,0.024408555242324784
1921,S~E,0.4507302255388423,0.09768857143673691,21,0.021317393959092757
1921,S>E,0.44135830048745917,0.10400566266898005,21,0.02269589628022114
1921,S>>E,0.49303952781680527,0.10242396445544268,21,0.022350741433072977
1922,E>>S,0.5977322281467664,0.14337317759980778,21,0.0312865923322603
1922,E>S,0.47402516087986396,0.12474082893272025,21,0.02722068051598705
1922,S~E,0.45418774710863435,0.09533587020881588,21,0.020803992460780203
1922,S>E,0.43708328006982794,0.09915119281424867,21,0.021636564110307434
1922,S>>E,0.5268498819679831,0.09722901430490793,21,0.021217110371342135
1923,E>>S,0.5805719702953309,0.1515120250932505,21,0.033062634461231866
1923,E>S,0.4996521169470882,0.11366193893724463,21,0.02480306851501772
1923,S~E,0.45286289763892623,0.10482059898329511,21,0.02287372996340767
1923,S>E,0.4487223455711143,0.08099923273019251,21,0.01767548167711675
1923,S>>E,0.516258195469358,0.08956936166266048,21,0.01954563713181035
1924,E>>S,0.5809318850118532,0.155301243846356,21,0.0338895097831772
1924,E>S,0.49289024365077205,0.11493361135632198,21,0.025080570187380077
1924,S~E,0.45350567955450394,0.10093222453616038,21,0.022025217095106384
1924,S>E,0.44315885274303746,0.09801530013778147,21,0.021388692006914244
1924,S>>E,0.5096525229907447,0.0944862708602009,21,0.020618594683379565
1925,E>>S,0.5917357538913572,0.13645427584232184,21,0.029776764187991616
1925,E>S,0.4988720792013013,0.12185486968243671,21,0.02659091257708313
1925,S~E,0.4707862546981356,0.0998535745690146,21,0.02178983637497271
1925,S>E,0.45136196203644907,0.09733982419973614,21,0.021241291072808817
1925,S>>E,0.5079864108835848,0.1006997922937859,21,0.021974496221552602
1926,E>>S,0.5982741828228315,0.14148330407295517,21,0.03087418811841767
1926,E>S,0.49110073994700504,0.11942163019537937,21,0.02605993618977857
1926,S~E,0.4415975079037008,0.08462054153937087,21,0.01846571604534867
1926,S>E,0.4436619230334574,0.08781101860595891,21,0.01916193521966583
1926,S>>E,0.5091543637146129,0.07595706486385348,21,0.016575190443108533
1927,E>>S,0.5755150899814829,0.1595313842612434,21,0.034812602099915935
1927,E>S,0.4857253242535873,0.1137443699936864,21,0.024821056446244365
1927,S~E,0.466202561157598,0.10804954613363187,21,0.023578343998237675
1927,S>E,0.4348339441110084,0.10104268962708213,21,0.022049322554192053
1927,S>>E,0.4937955069875827,0.08961321711161853,21,0.019555207175357327
1928,E>>S,0.60256963928288,0.12763240814258264,21,0.02785167483061348
1928,E>S,0.4982385867467031,0.11811292182498537,21,0.02577435261025701
1928,S~E,0.4487254170823214,0.09909550235812142,21,0.021624411456465067
1928,S>E,0.44122069020061677,0.09254561542257836,21,0.02019510894810657
1928,S>>E,0.5120333384688092,0.08124533436029689,21,0.017729185455621767
1929,E>>S,0.5810100459477592,0.14143542831012532,21,0.030863740770459495
1929,E>S,0.4910799181231314,0.12670041598091125,21,0.027648297467377066
1929,S~E,0.46444773333364575,0.0949482497051247,21,0.020719406732252497
1929,S>E,0.43453625188633116,0.08738363069550413,21,0.019068671531534017
1929,S>>E,0.5069336499301438,0.07834082972354438,21,0.01709537058160898
1930,E>>S,0.6028152096167332,0.13648863226147862,21,0.02978426137329607
1930,E>S,0.49057299566770646,0.13001382990172514,21,0.028371343662655642
1930,S~E,0.4481644512418659,0.09592990779674894,21,0.020933622089939832
1930,S>E,0.4610456238672014,0.09372943511230648,21,0.020453439583218866
1930,S>>E,0.487060938648565,0.10026437170936174,21,0.02187947966025424
1931,E>>S,0.5949163301210586,0.14238595573182064,21,0.03107116285903331
1931,E>S,0.48579899151697026,0.11033925690298862,21,0.024077999851577336
1931,S~E,0.4482076537342209,0.10502540658359562,21,0.02291842264584954
1931,S>E,0.4325012110882308,0.10144808193598431,21,0.022137786408558586
1931,S>>E,0.5119444461804394,0.08504489611314921,21,0.01855831780515057
1932,E>>S,0.585878383789184,0.15028944712248288,21,0.03279584607580195
1932,E>S,0.49333086626702966,0.12139900994824827,21,0.02649143582764499
1932,S~E,0.45548606677684617,0.10132634193172936,21,0.02211122056167275
1932,S>E,0.4424517737610893,0.0885287193903388,21,0.01931855037065392
1932,S>>E,0.5108763780975905,0.0873479440902728,21,0.01906088407583075
1933,E>>S,0.597759711794127,0.12197258348149354,21,0.026616599833964975
1933,E>S,0.4799658089083134,0.11596982021275914,21,0.025306689497875647
1933,S~E,0.46800526609927723,0.08369854847577524,21,0.01826452066419861
1933,S>E,0.44207384349991985,0.09985948488140435,21,0.021791126110873037
1933,S>>E,0.5054928237015135,0.09811319268720325,21,0.021410053912518892
1934,E>>S,0.5846336193656774,0.15334979045300648,21,0.0334636677407866
1934,E>S,0.4688002152990594,0.09587445530458034,21,0.02092152136409047
1934,S~E,0.458006616860734,0.10358124488599507,21,0.022603280727039522
1934,S>E,0.44494413808070216,0.09387881768176397,21,0.020486037532363912
1934,S>>E,0.5155853823929676,0.08624653010383018,21,0.018820535839432828
1935,E>>S,0.562649343567644,0.1419633832273816,21,0.030978949978642884
1935,E>S,0.5063233066269645,0.11791873453756643,21,0.025731977470085796
1935,S~E,0.46189406445729153,0.09774441464305678,21,0.021329579945759892
1935,S>E,0.4316790161701272,0.10335199203551124,21,0.02255325365367635
1935,S>>E,0.5075481663732704,0.0590338445919161,21,0.01288224101936738
1936,E>>S,0.5751495968243152,0.12569525981615132,21,0.02742895440974545
1936,E>S,0.4705403598012281,0.1171420601442732,21,0.02556249322258103
1936,S~E,0.4365339080481483,0.09431629654269522,21,0.020581503246419174
1936,S>E,0.432408556955267,0.09659026954894295,21,0.02107772483829615
1936,S>>E,0.5064143994393278,0.1125197301039595,21,0.024553818113209325
1937,E>>S,0.5940030688615401,0.12428265557877922,21,0.02712069889332769
1937,E>S,0.4854784292748774,0.09752190460345911,21,0.02128102427436256
1937,S~E,0.44553968730270505,0.08581243561812471,21,0.0187258086565991
1937,S>E,0.45060620641846016,0.09917233556498199,21,0.021641177836766244
1937,S>>E,0.5000072187166604,0.0927762164337804,21,0.020245430214257364
1938,E>>S,0.5667240969770451,0.14325417554536587,21,0.031260623955006235
1938,E>S,0.494742453707312,0.13394970971271214,21,0.02923022305123166
1938,S~E,0.4444911361233653,0.10586701566669779,21,0.023102076804367544
1938,S>E,0.42444069888457653,0.0862107415572413,21,0.01881272613830159
1938,S>>E,0.5150300572972464,0.10859927537519042,21,0.023698304753531612
1939,E>>S,0.5729770053834012,0.14693937195889398,21,0.032064799741471584
1939,E>S,0.48672204818604026,0.11517175905459318,21,0.025132538275661375
1939,S~E,0.44927371164130425,0.09752017014340053,21,0.02128064578414788
1939,S>E,0.4432438188608218,0.10594809103041385,21,0.02311976889918778
1939,S>>E,0.5007471571983345,0.09684188156460531,21,0.02113263108151202
1940,E>>S,0.5890256348470825,0.13195453714648317,21,0.028794840703172446
1940,E>S,0.4902519616749737,0.11487941336777764,21,0.0250687432166649
1940,S~E,0.45763603913586964,0.09468060226034329,21,0.020661001271525245
1940,S>E,0.46068455636765343,0.09893802724506995,21,0.0215900475695303
1940,S>>E,0.5138821652498765,0.1097505051469673,21,0.02394952368550563
1941,E>>S,0.6078130093170669,0.15165604031377772,21,0.03309406115881718
1941,E>S,0.5056928738370028,0.12280090046418643,21,0.026797353418374862
1941,S~E,0.44281110119653083,0.0951932939951261,21,0.02077287978023098
1941,S>E,0.44368677610955,0.10525750410902475,21,0.02296907047817768
1941,S>>E,0.5025815339664831,0.06916888019310428,21,0.015093887105725338
1942,E>>S,0.5882540651959396,0.163340917661284,21,0.035643910441256345
1942,E>S,0.494957403538817,0.11185426822552057,21,0.024408602426063897
1942,S~E,0.4749821544489776,0.08708201878636787,21,0.01900285441705225
1942,S>E,0.4505944587159674,0.09235238094492605,21,0.02015294172807243
1942,S>>E,0.5113105023568434,0.1055109272160188,21,0.023024371933922972
1943,E>>S,0.5906476912409716,0.12991070255689385,21,0.02834883943104092
1943,E>S,0.4871410791267718,0.12953340122531634,21,0.028266505530480844
1943,S~E,0.46844534804741156,0.11380391358404307,21,0.024834049922909072
1943,S>E,0.43105441094564606,0.11128481309069045,21,0.024284337127957217
1943,S>>E,0.496970823863573,0.08059203853639028,21,0.017586624619228882
1944,E>>S,0.5941900628511997,0.12757284046155676,21,0.027838676096933763
1944,E>S,0.497152167900649,0.11153944189275784,21,0.024339901687937683
1944,S~E,0.4508196253435891,0.09016473188393553,21,0.01967555756540633
1944,S>E,0.4404827861203139,0.09038179599518521,21,0.019722924837809182
1944,S>>E,0.5118719492924368,0.09223301234585889,21,0.020126893364223564
1945,E>>S,0.5939877331601432,0.1403054427977345,21,0.030617157715948334
1945,E>S,0.4898701113203438,0.11253086088205258,21,0.02455624704812148
1945,S~E,0.4448722635719281,0.08051444657349574,21,0.01756969266478677
1945,S>E,0.43067177916954563,0.09914362235412183,21,0.02163491210047044
1945,S>>E,0.5082652812671666,0.10074606215828846,21,0.02198459313376586
1946,E>>S,0.5824237654670805,0.13762287778688279,21,0.03003177403885938
1946,E>S,0.4848867273249625,0.11415302369122211,21,0.024910231993957747
1946,S~E,0.45227948398100687,0.09742515358516635,21,0.02125991147127253
1946,S>E,0.45170364795000556,0.08143598510397551,21,0.017770788858679238
1946,S>>E,0.51121021395776,0.08299347729881908,21,0.01811066151949703
1947,E>>S,0.5967021966276368,0.13879471095404258,21,0.030287489000305555
1947,E>S,0.4887696917086041,0.12393578268939284,21,0.027045005023225734
1947,S~E,0.43553115742115345,0.08731617823883736,21,0.019053952198748957
1947,S>E,0.46225630680802143,0.08762851924227706,21,0.019122110593553763
1947,S>>E,0.5154707591121108,0.0959950625945151,21,0.020947840032447113
1948,E>>S,0.5739186079797189,0.15317998290898555,21,0.0334266126967842
1948,E>S,0.48695387194054857,0.11341103442198616,21,0.02474831666104733
1948,S~E,0.4599355281322441,0.09036970441540132,21,0.01972028623877912
1948,S>E,0.4307907072224473,0.09126309927423429,21,0.019915240980021336
1948,S>>E,0.4975237700977631,0.10551126454185503,21,0.023024445544455277
1949,E>>S,0.5855015911033155,0.13649925720700465,21,0.029786579926492633
1949,E>S,0.48372170190997915,0.11556977490490898,21,0.025219392454797776
1949,S~E,0.45766823771870757,0.08222037683636485,21,0.017941957167639796
1949,S>E,0.45566439337863673,0.09607227119279244,21,0.020964688329871275
1949,S>>E,0.5232192581928085,0.09914744554596266,21,0.021635746389327914
1950,E>>S,0.5660859890844717,0.15634912515314267,21,0.03411817623116192
1950,E>S,0.47800619073050105,0.11537206725089959,21,0.02517624910765634
1950,S~E,0.45088035101540574,0.09948229717034335,21,0.02170881700434236
1950,S>E,0.42521561874166725,0.07329131575211749,21,0.015993476296047034
1950,S>>E,0.5069520081609146,0.10099194370905273,21,0.02203824888702159
1951,E>>S,0.5896041993172227,0.13924265246683323,21,0.03038523785217585
1951,E>S,0.48697235704996317,0.11232610046722459,21,0.02451156466239387
1951,S~E,0.46202676466423964,0.10897385617556105,21,0.023780044985511402
1951,S>E,0.44611070355669935,0.08856871220961289,21,0.019327277519300506
1951,S>>E,0.5281289918771468,0.08809860212535311,21,0.01922469108853467
1952,E>>S,0.5808112652415521,0.14617572397083683,21,0.0318981580886348
1952,E>S,0.4859209881283342,0.11918080150406803,21,0.026007383060852315
1952,S~E,0.4495083768488674,0.0930594190223992,21,0.02030723008565513
1952,S>E,0.4488750538280695,0.10858861540084996,21,0.02369597855642107
1952,S>>E,0.5039370967796989,0.1219841906688094,21,0.02661913272989262
1953,E>>S,0.5908694742137721,0.1414469215336311,21,0.030866248797444935
1953,E>S,0.48794549773377166,0.11928379786313076,21,0.02602985870902897
1953,S~E,0.4551328454200257,0.09013480910885853,21,0.019669027880559017
1953,S>E,0.4462542755865694,0.10217198765871,21,0.022295755588101547
1953,S>>E,0.5098228299420459,0.09103490649542889,21,0.01986544523326333
1954,E>>S,0.5983948398826874,0.13581171624964913,21,0.029636546189327678
1954,E>S,0.4838156555428346,0.11835061026212607,21,0.02582622047954334
1954,S~E,0.44808695545380683,0.08833025162371266,21,0.01927524115334092
1954,S>E,0.44328678367077723,0.0972900586959111,21,0.021230431349557585
1954,S>>E,0.49677344638957244,0.12497626893986741,21,0.02727205773762385
1955,E>>S,0.5719790524515629,0.13762756802857523,21,0.030032797533506204
1955,E>S,0.4860403479870715,0.14618770726020974,21,0.03190077305675984
1955,S~E,0.4551181999869966,0.09822430033297924,21,0.021434299588569215
1955,S>E,0.4457107348281738,0.09464787704948643,21,0.020653860045054533
1955,S>>E,0.49676852630376866,0.071554012959058,21,0.015614365745844495
1956,E>>S,0.5759325131072994,0.13621479491596147,21,0.029724505165489495
1956,E>S,0.4692296448683913,0.11635419890032,21,0.025390567804126858
1956,S~E,0.4528966444787923,0.0965325465074139,21,0.021065128637955677
1956,S>E,0.4521374132831329,0.1105721422981836,21,0.02412881961118356
1956,S>>E,0.5155975405861218,0.08832818291771838,21,0.019274789724683328
1957,E>>S,0.586844200059269,0.12878131782094887,21,0.02810238747669827
1957,E>S,0.4877757409224547,0.11139173583366564,21,0.02430766958334751
1957,S~E,0.4622865965756167,0.09563741198975946,21,0.020869794272035714
1957,S>E,0.4304838326485897,0.08374542245625506,21,0.01827474940532588
1957,S>>E,0.5231404751493747,0.09485984008330438,21,0.020700114171102305
1958,E>>S,0.598806295882658,0.13938808373863928,21,0.0304169735574837
1958,E>S,0.49306543713746376,0.11978405988460833,21,0.026139024831921
1958,S~E,0.4644812112282847,0.11670555716095353,21,0.025467240462479293
1958,S>E,0.44807461555807454,0.09836657572392751,21,0.021465346624214447
1958,S>>E,0.4718300086360033,0.10036893004230497,21,0.021902296159075706
1959,E>>S,0.5795073003115416,0.14434707226133356,21,0.03149911357061055
1959,E>S,0.48051687177305297,0.10785981829277445,21,0.02353694198908674
1959,S~E,0.44814463752912753,0.10081310943529764,21,0.02199922404910087
1959,S>E,0.45700473620037274,0.10013455668767704,21,0.021851151700101264
1959,S>>E,0.4929788668869877,0.08657553661186572,21,0.018892330945490254
1960,E>>S,0.5778740533814583,0.14173090862317456,21,0.03092821986097937
1960,E>S,0.49193331219168823,0.12847086154674248,21,0.028034640363530424
1960,S~E,0.4581229203907596,0.08963605876172454,21,0.01956019163205297
1960,S>E,0.45451671529108106,0.08628102849898883,21,0.018828064006440878
1960,S>>E,0.5002758904130133,0.10128016795180526,21,0.022101144573189915
1961,E>>S,0.5619723233754175,0.15876248256941472,21,0.034644813994926194
1961,E>S,0.46930000068491945,0.12023671945072288,21,0.026237803247433657
1961,S~E,0.4592199144300592,0.09499145871703363,21,0.020728835711670446
1961,S>E,0.4556671929363826,0.10703047577637297,21,0.0233559646148746
1961,S>>E,0.5391038256472119,0.0812154276271421,21,0.017722659271408876
1962,E>>S,0.5830409272774266,0.1347906412316442,21,0.029413729353125962
1962,E>S,0.5011724062212609,0.11494868215863395,21,0.02508385890606476
1962,S~E,0.4593187114179325,0.09039592581661078,21,0.019726008217630084
1962,S>E,0.4452797285569445,0.10007847457686786,21,0.021838913580200507
1962,S>>E,0.49528438877871817,0.08427482286739092,21,0.018390274046134015
1963,E>>S,0.601745950921521,0.14590649780123413,21,0.031839408121907775
1963,E>S,0.49329098030381296,0.11143701692488389,21,0.02431755072754074
1963,S~E,0.4581163524150562,0.08772661190568827,21,0.019143516167610987
1963,S>E,0.45279335241472324,0.09449583924190615,21,0.020620682675448258
1963,S>>E,0.49734258921297064,0.10614215612582101,21,0.023162117374875977
1964,E>>S,0.6018601077469141,0.1678234165294152,21,0.03662207188724516
1964,E>S,0.5069975715288638,0.13029631337021738,21,0.028432986609176564
1964,S~E,0.45236742318825274,0.08628935704114085,21,0.018829881443338033
1964,S>E,0.4553183018773258,0.08135176905030876,21,0.01775241140912408
1964,S>>E,0.5049758814385253,0.0907663215406575,21,0.01980683519108399
1965,E>>S,0.5901179355713568,0.15361131238528852,21,0.03352073650509963
1965,E>S,0.4845733120324565,0.12502988517278213,21,0.027283757758852903
1965,S~E,0.4477047962192383,0.10425755520580561,21,0.022750863738173404
1965,S>E,0.4226716890527178,0.08762866881261415,21,0.019122143232477164
1965,S>>E,0.5198733575889735,0.10391195450906188,21,0.022675447483265897
1966,E>>S,0.5756246582949899,0.14027495605985213,21,0.03061050496432747
1966,E>S,0.4922135852592257,0.1420098193455435,21,0.03098908317037892
1966,S~E,0.4611780279584333,0.10080326368981135,21,0.02199707553129305
1966,S>E,0.4381377418487201,0.10075836324204045,21,0.021987277450309834
1966,S>>E,0.5055333513400276,0.10177786951975439,21,0.02220975195931492
1967,E>>S,0.596846018961431,0.11860502967787954,21,0.02588173934768414
1967,E>S,0.4901712098098508,0.11749608794049428,21,0.02563974842135729
1967,S~E,0.4582353984059179,0.1070908132106847,21,0.023369131322492357
1967,S>E,0.43789626226312395,0.09624264917756721,21,0.021001867854251486
1967,S>>E,0.5028452096977025,0.09408396203109534,21,0.020530803699468837
1968,E>>S,0.587364566911943,0.14083412259630235,21,0.0307325251062022
1968,E>S,0.4894343286035997,0.12195098509029112,21,0.026611886678604292
1968,S~E,0.4462013915514834,0.09844470093259758,21,0.021482394942424675
1968,S>E,0.45779957127211496,0.09565797053048838,21,0.02087428051341991
1968,S>>E,0.5156857186910748,0.10085374897613013,21,0.022008092323961493
1969,E>>S,0.5943683943602767,0.13750691960949882,21,0.030006469890035043
1969,E>S,0.4842256410009831,0.11319830101435205,21,0.0247018944256507
1969,S~E,0.4466993969265743,0.08848062983123396,21,0.019308056368523688
1969,S>E,0.46050273564873073,0.10120714719697553,21,0.02208521013812753
1969,S>>E,0.5101392376609066,0.12260264825713861,21,0.026754091240018256
1970,E>>S,0.5974991765918254,0.15458644670634686,21,0.03373352825933769
1970,E>S,0.4875450132927045,0.12135950218481917,21,0.026482814526861548
1970,S~E,0.4515431401363572,0.0990469793611864,21,0.021613822870445977
1970,S>E,0.4589581366487779,0.07758196624157375,21,0.016929772993596208
1970,S>>E,0.5158192154318372,0.09531942972586507,21,0.020800404853276215
1971,E>>S,0.5797104354922222,0.14331387139546117,21,0.03127365065746988
1971,E>S,0.49186424697055486,0.12417148202725499,21,0.027096438835464032
1971,S~E,0.4524108372713218,0.09190660035549673,21,0.020055664428339004
1971,S>E,0.4381871024933955,0.10652772633885722,21,0.023246255693302582
1971,S>>E,0.5030948170022731,0.09952702790600397,21,0.021718578051106927
1972,E>>S,0.5625071615767575,0.1471634744139554,21,0.032113702906411794
1972,E>S,0.4808618790709251,0.11610908410151843,21,0.025337079369866757
1972,S~E,0.44541220274001214,0.10751148239140533,21,0.023460928863596516
1972,S>E,0.43937714791570476,0.09026093157555547,21,0.01969655005915298
1972,S>>E,0.4900443366529562,0.07383520407973192,21,0.016112162459423037
1973,E>>S,0.5960155037239986,0.11925147973590515,21,0.026022806315489422
1973,E>S,0.48066562904475174,0.11667213328356192,21,0.02545994677447139
1973,S~E,0.45561485214971464,0.09233906592397767,21,0.020150036152292626
1973,S>E,0.4569780960958283,0.10108714244126311,21,0.022059022953517683
1973,S>>E,0.5030942539774503,0.11895901824058089,21,0.0259589859850045
1974,E>>S,0.5796498085119818,0.13866846734611593,21,0.03025994038652802
1974,E>S,0.5032351534071523,0.11902701850758678,21,0.025973824859806007
1974,S~E,0.46721929271731955,0.09471933406223358,21,0.020669453243618782
1974,S>E,0.45372921539043465,0.0954521576666044,21,0.02082936846447972
1974,S>>E,0.5041330230855016,0.08518240003813947,21,0.018588323621561112
1975,E>>S,0.5861294344601486,0.1489959398631362,21,0.03251357965066238
1975,E>S,0.4933080710020666,0.11861160561567245,21,0.02588317433495563
1975,S~E,0.45698951031080864,0.10513081262820244,21,0.022941424130521762
1975,S>E,0.45804393006772653,0.10386262936651143,21,0.02266468385472295
1975,S>>E,0.5207802842390586,0.09421116647094235,21,0.020558561983960905
1976,E>>S,0.5810114484589745,0.1436718317780078,21,0.03135176401693727
1976,E>S,0.48792947974044637,0.11811418684084421,21,0.025774628659348837
1976,S~E,0.4473992002075533,0.11658227657255209,21,0.025440338432571277
1976,S>E,0.44745015375776714,0.1028845836725628,21,0.022451256786835082
1976,S>>E,0.5047175108356499,0.10370856087132363,21,0.022631063352751234
1977,E>>S,0.589135161316,0.15417331501704257,21,0.033643375533708074
1977,E>S,0.4934738826911553,0.13571908567178906,21,0.02961633254005571
1977,S~E,0.45653807125529344,0.08873266210353199,21,0.019363054319255946
1977,S>E,0.4496284954427743,0.09056187379276279,21,0.019762221034874905
1977,S>>E,0.5040793206068794,0.09550524713237782,21,0.02084095353569455
1978,E>>S,0.6059208029314552,0.11916506394918298,21,0.026003948844827825
1978,E>S,0.48391320768554186,0.11957781188215258,21,0.02609401782795972
1978,S~E,0.44434788540825776,0.10496189850684534,21,0.02290456404732815
1978,S>E,0.4469575256962165,0.08932932194228407,21,0.019493256170456972
1978,S>>E,0.5099702473103156,0.10424947823974676,21,0.022749101199680533
1979,E>>S,0.5920219242830623,0.1612689646838443,21,0.03519177323385127
1979,E>S,0.4891426911161467,0.11855830391966049,21,0.0258715429513059
1979,S~E,0.44735434243650235,0.07986998820328739,21,0.017429060318894976
1979,S>E,0.45132641826081304,0.0861014902231365,21,0.018788885542667774
1979,S>>E,0.5150738285651064,0.08639578084597468,21,0.01885310502149976
1980,E>>S,0.5818920462828615,0.14689967057435863,21,0.03205613618909883
1980,E>S,0.4816527344047062,0.12568367928609614,21,0.027426427330908998
1980,S~E,0.44146881387677145,0.07248526723773237,21,0.015817582089810055
1980,S>E,0.44914456035387845,0.08220143806832425,21,0.01793782438963431
1980,S>>E,0.49904653680144256,0.09871071337976746,21,0.021540443617422602
1981,E>>S,0.5919883001065103,0.1432039703986853,21,0.03124966829381861
1981,E>S,0.49476924810238476,0.10891772085542446,21,0.023767795254383474
1981,S~E,0.44553237005320934,0.09518522273012237,21,0.02077111848581033
1981,S>E,0.43846564931412874,0.09303459794956154,21,0.020301813683507103
1981,S>>E,0.4886354636886352,0.08366352799616786,21,0.018256878569023634
1982,E>>S,0.5972922808714674,0.13110532333963032,21,0.02860952705788174
1982,E>S,0.4976775486848483,0.1088160922313285,21,0.023745618070445666
1982,S~E,0.4431975570111103,0.0811071431915241,21,0.017699029670322924
1982,S>E,0.4602856938742474,0.07723471535170882,21,0.016853996637027312
1982,S>>E,0.5110933815015704,0.08981277069410973,21,0.01959875333711759
1983,E>>S,0.5617784213357943,0.13964386218229763,21,0.030472788989826673
1983,E>S,0.47865363928569515,0.09891172763235109,21,0.021584308523528765
1983,S~E,0.4293600488346409,0.08293403115215213,21,0.018097689306788706
1983,S>E,0.4527574075254166,0.1022979513447275,21,0.022323243117910636
1983,S>>E,0.514534227139215,0.08863419142916733,21,0.019341566256445973
1984,E>>S,0.5840649102777038,0.15239386102875246,21,0.03325506683861138
1984,E>S,0.48445492937280094,0.11220862728300102,21,0.024485929911973296
1984,S~E,0.44343250818287655,0.10165502398164286,21,0.022182944865163316
1984,S>E,0.44753783974480704,0.10324650056366635,21,0.02253023352725247
1984,S>>E,0.4812981643484018,0.13569651961207646,21,0.02961140822211429
1985,E>>S,0.5889061176526634,0.15366074414405825,21,0.033531523399209014
1985,E>S,0.48303810907634526,0.12824825053785036,21,0.02798606265882668
1985,S~E,0.4364473966589638,0.10724298349915384,21,0.023402337601798696
1985,S>E,0.43380955014913736,0.09537439154672693,21,0.020812398505868218
1985,S>>E,0.5093820166081848,0.11263560008075199,21,0.024579103015086673
1986,E>>S,0.5993244570160444,0.13737987614852876,21,0.029978746734013878
1986,E>S,0.49250750564570356,0.12261269836855906,21,0.026756284354129065
1986,S~E,0.4458111112954787,0.09532422007116478,21,0.02080145019232102
1986,S>E,0.4488304091449127,0.09274565888287953,21,0.020238762009969
1986,S>>E,0.48625853511670836,0.11199619990896165,21,0.024439574458582053
1987,E>>S,0.5859620522332396,0.14878597285415007,21,0.03246776109294226
1987,E>S,0.4846492878370803,0.12500109497941517,21,0.02727747522359688
1987,S~E,0.4384521259077161,0.097441878937133,21,0.02126356124229215
1987,S>E,0.45495934545795147,0.09505217200958468,21,0.02074208443828022
1987,S>>E,0.48538678411145175,0.10197611222058868,21,0.02225301206324566
1988,E>>S,0.601781329294931,0.1468538598407631,21,0.03204613946746345
1988,E>S,0.4887583768139782,0.10619807206402743,21,0.023174319232941946
1988,S~E,0.4517511308375924,0.09350189772924762,21,0.020403786855537943
1988,S>E,0.4376455547611103,0.08004107867236569,21,0.01746639532009673
1988,S>>E,0.5107380092979918,0.0958738909928959,21,0.020921398221185255
1989,E>>S,0.5822350447831386,0.1438058992485681,21,0.03138101993751222
1989,E>S,0.4975304204550754,0.11645788740383828,21,0.025413194490606344
1989,S~E,0.44668411642782047,0.08640646039866144,21,0.018855435490955724
1989,S>E,0.44003287148176834,0.09116676624005697,21,0.01989421938854313
1989,S>>E,0.5037728022611312,0.1130710420305208,21,0.02467412423868547
1990,E>>S,0.5911497910443916,0.15091246869846933,21,0.032931800529685216
1990,E>S,0.48012756729935063,0.12188243518907974,21,0.02659692786378606
1990,S~E,0.44800115980245797,0.10732990147063848,21,0.023421304658159666
1990,S>E,0.4527281121927428,0.10177274391022142,21,0.02220863345961646
1990,S>>E,0.5047701150938094,0.10161657356794768,21,0.022174554297008053
1991,E>>S,0.5823176955212477,0.1320635769086397,21,0.02881863513002208
1991,E>S,0.49574442354371345,0.11045627727672482,21,0.024103535790648677
1991,S~E,0.438632670575808,0.1036528369862569,21,0.02261890340411622
1991,S>E,0.45695857621280356,0.09206112007922607,21,0.02008938339645107
1991,S>>E,0.5066217056801277,0.10173253523494136,21,0.02219985920732766
1992,E>>S,0.5801895945846374,0.12587775902976445,21,0.027468779003109837
1992,E>S,0.47116387599633375,0.10857468939680803,21,0.023692939653199623
1992,S~E,0.43992587615304485,0.10599986882347649,21,0.023131067739950984
1992,S>E,0.4555058010534606,0.08817144034216966,21,0.01924058569053693
1992,S>>E,0.4964653458613589,0.09637666018060165,21,0.02103111145260207
1993,E>>S,0.5763931879198737,0.14209657291003186,21,0.03100801435019202
1993,E>S,0.5015349193206772,0.1252095545609241,21,0.02732296483367324
1993,S~E,0.4625613877323426,0.08727656234036626,21,0.019045307300964792
1993,S>E,0.45130175653489824,0.09671836093574458,21,0.021105676670481407
1993,S>>E,0.5147365284698997,0.10956009332387073,21,0.023907972419193506
1994,E>>S,0.5819471505901692,0.15136233801050097,21,0.03302997006183868
1994,E>S,0.4833889742651649,0.13244824704924982,21,0.0289025770365428
1994,S~E,0.43687661912765935,0.0879667711195347,21,0.01919592320457729
1994,S>E,0.4541576372793613,0.10109583062263544,21,0.02206091887012674
1994,S>>E,0.5159225970421084,0.08752243568770306,21,0.01909896126408589
1995,E>>S,0.58129967125694,0.1266313777124224,21,0.02763323208208188
1995,E>S,0.48488511822181346,0.14249273899779843,21,0.03109446487804749
1995,S~E,0.43603586423385676,0.08359047674700666,21,0.018240937479552573
1995,S>E,0.4465083461431855,0.09064806174294669,21,0.019781028787527802
1995,S>>E,0.4843265755885231,0.08709012274018559,21,0.019004622844756923
1996,E>>S,0.5940180039346217,0.1470509014906686,21,0.03208913748059445
1996,E>S,0.4925645037264916,0.1253178007140888,21,0.027346586080842998
1996,S~E,0.4590486470041054,0.11234802734312704,21,0.02451634949899277
1996,S>E,0.4347489523620548,0.11233656488026142,21,0.024513848184529324
1996,S>>E,0.5069982822432043,0.09562159054489512,21,0.02086634174971693
1997,E>>S,0.5898496586387518,0.14153733550311332,21,0.03088597874311321
1997,E>S,0.48838977047161514,0.12160809891000393,21,0.026537062779750945
1997,S~E,0.4397619276744413,0.0890846532698163,21,0.019439865088944214
1997,S>E,0.44405767354318953,0.0928607966360611,21,0.020263887127554794
1997,S>>E,0.5006349702120862,0.10465950703392549,21,0.022838576818082226
1998,E>>S,0.5874616604392754,0.143943083221065,21,0.03141095593456468
1998,E>S,0.47885091212447056,0.12902808863735313,21,0.02815623728362582
1998,S~E,0.43811756355640774,0.09488036692634609,21,0.020704593495484074
1998,S>E,0.46023372503863846,0.0865077213915734,21,0.018877532451192173
1998,S>>E,0.49742608748361844,0.08824954787387501,21,0.019257630151317214
1999,E>>S,0.5824103335836271,0.13257012563223336,21,0.02892917312378642
1999,E>S,0.48261499875427016,0.11519580701424674,21,0.025137785970681458
1999,S~E,0.43653550287702786,0.08701710471937577,21,0.018988689006306597
1999,S>E,0.4420457559601085,0.0863645651312194,21,0.018846293194083652
1999,S>>E,0.5057241141931491,0.10058826942966545,21,0.021950159937431164
