draw,rt_quintile,p_choose_s,draw_subject_sd,n_subjects,draw_subject_sem
0,1,0.4104980031419312,0.22974815028696283,19,0.05270784050348769
0,2,0.4674177424669362,0.13528021962816528,21,0.029520564117919913
0,3,0.48147893300153866,0.07224456715860954,21,0.015765057026364236
0,4,0.4738013485099448,0.11657762209270953,21,0.02543932274179989
0,5,0.5059320375271203,0.14995103972977572,21,0.032721999528525135
1,1,0.42539306053029374,0.19806715345309603,19,0.04543972136509519
1,2,0.4360808382228429,0.1221008593637334,21,0.02664459192635552
1,3,0.47552921417494687,0.10125240678972304,21,0.022095086590969832
1,4,0.5080357086200064,0.08405895554713502,21,0.018343167934936875
1,5,0.5460778487533178,0.11897095811974578,21,0.025961591480245533
2,1,0.40048329896036633,0.2185209969684538,19,0.05013215488564463
2,2,0.4379692961689122,0.11837809528328938,21,0.02583221820287469
2,3,0.459035853100189,0.10423046224493551,21,0.022744951569412086
2,4,0.5453496160815837,0.06743775392307365,21,0.01471612438334715
2,5,0.5782484633589936,0.1545961677427843,21,0.03373564956339997
3,1,0.41900298044284395,0.22629297571656262,18,0.05333776588802139
3,2,0.4213379829483082,0.16442804121800353,21,0.035881140250229523
3,3,0.49816636381145035,0.09041803021368192,21,0.019730831792523884
3,4,0.5203111741320422,0.08432536906971384,21,0.018401304131764364
3,5,0.5508499026528044,0.11362609948661774,20,0.025407568247023123
4,1,0.41958812665919626,0.21627116483228268,19,0.04961600799503935
4,2,0.4640016845826346,0.13718618857021858,21,0.029936480639310113
4,3,0.49068628284120563,0.0900565265663172,21,0.01965194522928334
4,4,0.49458291888735983,0.09554082802486563,21,0.020848717922985954
4,5,0.5529010547851817,0.12900624085773735,21,0.028151469707251724
5,1,0.37094036143945014,0.22452917634754785,19,0.05151052576712546
5,2,0.45047467384383755,0.14202850945480006,21,0.030993161686589166
5,3,0.4837493660189558,0.07546748866839391,21,0.01646835615862558
5,4,0.5190435857175867,0.11367629652133819,21,0.0248062015967275
5,5,0.5207515645687493,0.07620529396998066,20,0.017040021756223156
6,1,0.40688678834829234,0.21863234795111527,19,0.05015770055304912
6,2,0.47371200655602685,0.15137399665292187,21,0.033032514186190784
6,3,0.4676335144402205,0.08950181415970056,21,0.019530897058223726
6,4,0.5134258417065877,0.07890098186233446,21,0.01721760579954693
6,5,0.5406698625188608,0.12916059036750877,21,0.028185151531633004
7,1,0.40190400076363464,0.20227620989111145,19,0.04640534513672511
7,2,0.4635475991962907,0.12756158480065394,21,0.027836219910358336
7,3,0.49399638489520353,0.07787918200347968,21,0.0169946307901042
7,4,0.5454616946586208,0.08319026035708055,21,0.018153603103305032
7,5,0.5177113412570947,0.15475802414425263,21,0.033770969525849584
8,1,0.4305162482183037,0.2237035792558307,19,0.05132112080444777
8,2,0.46436390107274006,0.1453140438678719,21,0.03171012407450745
8,3,0.48915401554507243,0.08701666584235043,21,0.018988593235488054
8,4,0.48736144397189196,0.07162415209442805,21,0.015629671359987923
8,5,0.5258352008070621,0.13414143388349908,21,0.029272060695288035
9,1,0.39041018440140496,0.20774179165089762,19,0.04765923558717602
9,2,0.4502161303736604,0.1517614792591357,21,0.03311706982302191
9,3,0.49872038632567045,0.09358176810624928,21,0.0204212160006996
9,4,0.4947631113479918,0.09510183923580019,21,0.02075292271559884
9,5,0.5573767673724712,0.12800578250544223,21,0.027933151796344906
10,1,0.4147461064373065,0.2316622870586143,19,0.05314697359568474
10,2,0.4410403379902569,0.13415960753677042,21,0.029276026511562785
10,3,0.4807112046931407,0.10004229357897838,21,0.02183101823917443
10,4,0.5155931330312424,0.09163525722969271,21,0.01999645250389601
10,5,0.4978401318332497,0.14271574205659207,21,0.03114312813505361
11,1,0.39542546947369694,0.22650582493823532,19,0.05196400005416224
11,2,0.4424254225095347,0.1506511500037859,21,0.03287477611545218
11,3,0.4977628884245515,0.08273554958831271,21,0.01805437707867693
11,4,0.5316660514479126,0.09054401273384502,21,0.01975832343228049
11,5,0.5157820038943156,0.0662493338281457,20,0.014813801390381014
12,1,0.37737959726595066,0.23515795634998266,19,0.053948935131532795
12,2,0.4507045018437234,0.13399497731633075,21,0.029240101252189354
12,3,0.5223839024435679,0.08121061843127314,21,0.017721609818832623
12,4,0.5058933634953513,0.14670451922502145,21,0.032013550673369764
12,5,0.5162448166876924,0.07335959734940296,21,0.016008376562148614
13,1,0.3972783214670983,0.2201295232922713,19,0.05050117613267334
13,2,0.46243812306944415,0.13033867619775255,21,0.02844223093602572
13,3,0.490644224991223,0.09902166874727554,21,0.02160829964167777
13,4,0.5227215491982601,0.07744778334873278,21,0.01690049188581469
13,5,0.512226193337311,0.08743950934647399,20,0.019552068681794404
14,1,0.43860589642879905,0.21171156696488527,19,0.04856996450413573
14,2,0.47876037401959526,0.11198140480354128,21,0.024436345901891404
14,3,0.4867638338364945,0.10802517872985286,21,0.023573026594794492
14,4,0.51699055227976,0.08591626173966922,21,0.018748465373793932
14,5,0.5068371301242209,0.08239885318966246,20,0.018424943700011062
15,1,0.42102286879684714,0.22410797115282494,19,0.05141389466826801
15,2,0.4640046693424606,0.11232553613897846,21,0.0245114415158746
15,3,0.49853966617298373,0.10101040793624025,21,0.02204227811172329
15,4,0.5096836492144351,0.0988471826939444,21,0.021570223663244244
15,5,0.5138652104285752,0.12466697791002355,21,0.02720456490162241
16,1,0.4102774332115726,0.23214816434679988,19,0.053258441490324875
16,2,0.4548513327104846,0.13636859563212037,21,0.029758067233286473
16,3,0.47124031169723263,0.11478710374355151,21,0.025048599605217794
16,4,0.4950638792413309,0.09414989480125081,21,0.02054519140946958
16,5,0.5143610838765296,0.08248078373707307,21,0.01799878261211524
17,1,0.37874257219931634,0.21801579539875768,20,0.0487498138680308
17,2,0.46038624196162653,0.15667664986838525,21,0.0341896479835223
17,3,0.5049377529637039,0.08943928980377716,21,0.01951725312518576
17,4,0.5217045451993796,0.0856924440328365,21,0.018699624346011436
17,5,0.5178820022290526,0.07991786593522732,21,0.01743950809654819
18,1,0.4018925710698579,0.20976895315896135,19,0.048124298332222606
18,2,0.47119900112124763,0.11157886381020862,21,0.02434850425559285
18,3,0.4753671064088323,0.09307092022302568,21,0.02030973985339102
18,4,0.4916479104006729,0.08708384207639476,21,0.01900325229155521
18,5,0.5696337170988269,0.12359903671019355,21,0.02697152102609941
19,1,0.4294073582767301,0.2034956936401775,19,0.04668511389596033
19,2,0.4511537760482545,0.14057061343370875,21,0.03067502269268317
19,3,0.473184036367045,0.10921523745312733,21,0.023832718698644385
19,4,0.5356406762565364,0.08774534262720575,21,0.01914760354614313
19,5,0.5086442464131729,0.14267267810618472,21,0.031133730810650493
20,1,0.4243995489807245,0.21836267276267302,19,0.05009583282178595
20,2,0.45135645724482165,0.12367207682796459,21,0.026987459686501996
20,3,0.48961913007463065,0.07479691123426727,21,0.0163220241657106
20,4,0.5158141493227243,0.08275210749820824,21,0.01805799031084105
20,5,0.48340643527456234,0.07792572900008969,21,0.01700478817750126
21,1,0.44850743369123663,0.19082654030699286,18,0.04497824689381424
21,2,0.4698347766219366,0.1348678263389244,21,0.02943057252439429
21,3,0.4677845249624933,0.07721331360723399,21,0.016849326393500643
21,4,0.5110757677418089,0.08859064978391526,21,0.019332064690481664
21,5,0.5144217561616088,0.09083247739593724,21,0.019821271582249892
22,1,0.42175449364577583,0.23688413372589534,19,0.05434494738101857
22,2,0.4526611251297376,0.13006864723727105,21,0.028383305785966827
22,3,0.4647619646554637,0.10020019306583589,21,0.02186547473206582
22,4,0.4897676383354133,0.07510684979875817,21,0.016389658305356578
22,5,0.51306276075016,0.08211725533177705,21,0.017919454210470684
23,1,0.4289144314586667,0.16093799866742814,19,0.036921709071947514
23,2,0.46090909393131774,0.13989005357161802,21,0.030526512355398435
23,3,0.47578150186181084,0.09622764095860259,21,0.020998592792372827
23,4,0.5350272956644427,0.0839424591938441,21,0.018317746346501542
23,5,0.5228089765691446,0.08513327265784798,20,0.019036378480997228
24,1,0.4258382538393192,0.21593138204635953,19,0.049538056477850215
24,2,0.46606453007482235,0.1126090580677695,21,0.024573311073011018
24,3,0.476619945214934,0.1118514797059061,21,0.024407993921196747
24,4,0.5170614056240944,0.09507361831635042,21,0.02074676440609599
24,5,0.5352664186136886,0.1592283647981796,21,0.03474647783198571
25,1,0.39400418854602853,0.24066222250516175,19,0.05521170039094211
25,2,0.44156443186651956,0.13366875024224742,21,0.029168912668345027
25,3,0.4781289058816519,0.12138462537366458,21,0.026488296856127393
25,4,0.5132661655954237,0.08599831392952453,21,0.0187663706295534
25,5,0.5373600779982738,0.11290473369268246,21,0.02463783278407373
26,1,0.3821832430098979,0.19451339617409327,18,0.04584724715544227
26,2,0.4658440983916353,0.14085211833661163,21,0.030736452098685727
26,3,0.47787718306593774,0.09097979938924064,21,0.01985341987681392
26,4,0.5280287350727071,0.09684074271398618,21,0.021132382563932618
26,5,0.5459332162140959,0.08031568174951013,21,0.0175263186242435
27,1,0.3999019604234374,0.2468366470876667,19,0.05662821053776591
27,2,0.46430973882694343,0.1091264193429229,21,0.023813336998020827
27,3,0.46747705407673645,0.08031381697093198,21,0.017525911696196418
27,4,0.5068042844252523,0.0650546202810882,21,0.01419608198784267
27,5,0.5414225326999021,0.13528174413022023,21,0.029520896791542007
28,1,0.4027287073188794,0.21445121541435405,19,0.049198482963717954
28,2,0.46735455739622145,0.10795628653020473,21,0.02355799308433356
28,3,0.4677864569490644,0.09876349182146443,21,0.021551960817619658
28,4,0.5142833883910123,0.07943177381473605,21,0.017333434099554245
28,5,0.5785906763836076,0.13411398326445517,21,0.0292660704791146
29,1,0.39440174166876246,0.2566186434014177,20,0.057381673093934785
29,2,0.4690316640549447,0.14501082818660332,21,0.031643956988254555
29,3,0.48276969901561967,0.08093149903831125,21,0.017660700973776526
29,4,0.4975982765097801,0.1366099599017106,21,0.029810737234974804
29,5,0.4912145647592661,0.08748870905154056,21,0.019091601508697754
30,1,0.40745220282066635,0.23555868080226114,19,0.05404086762583214
30,2,0.44651709048466803,0.12388097071076146,21,0.027033044068889133
30,3,0.47780429891899,0.10567521306962353,21,0.023060222046292215
30,4,0.5018730458915638,0.06405933808360291,21,0.013978893606517986
30,5,0.538088972645452,0.13208615013043146,21,0.028823561010857302
31,1,0.4137259035260972,0.2102083062690847,18,0.04954657294153615
31,2,0.4634921933876421,0.1076719880063773,21,0.02349595406026673
31,3,0.47238843458679464,0.08123668776216078,21,0.017727298613218787
31,4,0.5117969836913334,0.06529260346629713,21,0.014248014176430604
31,5,0.5223833603284115,0.11076995092717848,20,0.024768914013748693
32,1,0.4083697821781014,0.2112518975052019,19,0.04846450909770458
32,2,0.4635001776485729,0.1241516643451762,21,0.02709211426269143
32,3,0.4478923569736787,0.07829752082176644,21,0.01708591980443456
32,4,0.4808681234811515,0.10304914072684197,21,0.022487166080043336
32,5,0.5608855064546857,0.12026194933136003,21,0.0262433088587572
33,1,0.40474030708517,0.22268447762734375,19,0.051087322856459755
33,2,0.5073798231526245,0.15112608885906595,21,0.032978416270442484
33,3,0.4999727903494728,0.0857983617539947,21,0.018722737487661182
33,4,0.5092346220231606,0.08482150995622793,21,0.018509570949279283
33,5,0.5377478478540346,0.1506628328712658,21,0.03287732552614555
34,1,0.40851620461367666,0.22149115848503453,18,0.052205966712544086
34,2,0.4515512625040396,0.1412067087150135,21,0.030813830062958566
34,3,0.5022611179271457,0.07429239083204228,21,0.01621192878795605
34,4,0.5077116473808764,0.08849532620155123,21,0.019311263379448447
34,5,0.49896641880153164,0.08437666561126309,20,0.01886719600215531
35,1,0.4060795441074974,0.2298778907937819,19,0.05273760501707232
35,2,0.4638628334159692,0.12086561144510129,21,0.02637503873163322
35,3,0.4857754364690054,0.0684571667734002,21,0.01493857850482487
35,4,0.5300080606564516,0.09203973049710323,21,0.020084715806967194
35,5,0.5089891427929636,0.07709728915954721,20,0.01723947794417052
36,1,0.3630307703984292,0.2251275967127041,20,0.050340060986076456
36,2,0.4811503664912202,0.13750903429170833,21,0.03000693135152532
36,3,0.4991061673972831,0.05370609351468395,21,0.011719630419591245
36,4,0.49697239737620197,0.07625887989629188,21,0.016641051882728748
36,5,0.527200823089243,0.13140484528009921,21,0.028674888103810255
37,1,0.43025332851220166,0.2029756526594297,19,0.0465658083127193
37,2,0.4794792727707494,0.1306849962979535,21,0.028517804177637888
37,3,0.4705595241512358,0.08280910610619181,21,0.018070428426821612
37,4,0.523410350804792,0.11037373641666391,21,0.024085523898307922
37,5,0.5258752116581557,0.07932538368243103,21,0.017310217869340717
38,1,0.41790806549097825,0.2040117377371019,19,0.04680350253116581
38,2,0.47309828782852736,0.12694361035594875,21,0.027701366830815012
38,3,0.48280203258463816,0.07050028129446244,21,0.015384422645121592
38,4,0.5119022701278995,0.08410161815102145,21,0.018352477678348942
38,5,0.5138016582611858,0.13536335794645304,21,0.029538706386334438
39,1,0.4380129666002073,0.20820452309717857,19,0.04776539346150954
39,2,0.48666399013746897,0.10852583494428701,21,0.02368227873764185
39,3,0.488103182095313,0.0954429719858058,21,0.020827363984595466
39,4,0.5041996927964378,0.06248081186764778,21,0.013634430945990053
39,5,0.5087735010080052,0.06666456995451261,21,0.01454740180896347
40,1,0.3929986367972537,0.21752599498650346,19,0.049903885775752825
40,2,0.4658560611642402,0.13257034729455264,21,0.028929221494470077
40,3,0.4758424630536043,0.09978486803942083,21,0.02177484338103932
40,4,0.5366312556270125,0.07869460472609914,21,0.01717257061628471
40,5,0.5364294193128787,0.08218673819648922,21,0.017934616614615727
41,1,0.3991485098013426,0.20609372582629387,19,0.04728114335655755
41,2,0.45085630655926306,0.14319680794005857,21,0.031248105317208185
41,3,0.48798841718844455,0.09465226658827351,21,0.020654817920947758
41,4,0.5139041375397183,0.11274199762597416,21,0.024602320862931345
41,5,0.5431898400866197,0.12191003835806061,21,0.02660295136908489
42,1,0.3892304982588141,0.2143123593076931,19,0.049166627188105924
42,2,0.4851084118223402,0.12438605670616949,21,0.027143262869194818
42,3,0.4877160737828304,0.0864815199502943,21,0.018871814827955108
42,4,0.5373659529682002,0.0740793042205581,21,0.016165429477160435
42,5,0.505932955672955,0.12263462925699836,21,0.02676107006633529
43,1,0.39760546943551534,0.23541641411088632,19,0.05400822940842505
43,2,0.4702563934150352,0.12849850854845063,21,0.028040673433914528
43,3,0.4993344365828899,0.09512687410077987,21,0.02075838577101705
43,4,0.5082343496371932,0.06353752336441065,21,0.013865024299401766
43,5,0.5005312487969688,0.13892377166315664,21,0.030315652355960787
44,1,0.4446606922595561,0.24924777063410877,19,0.05718136021562551
44,2,0.4799122591090616,0.11012870373721946,21,0.02403205338396068
44,3,0.4893585970255192,0.09841121562687018,21,0.021475087849654937
44,4,0.5109748808639382,0.07889948399214601,21,0.017217278937474555
44,5,0.502268701882303,0.07382530354994823,21,0.016110001986701424
45,1,0.4163493140649136,0.19635124232877335,19,0.04504606435525205
45,2,0.45660967559072385,0.1367182104073946,21,0.029834359431942147
45,3,0.4812578923958065,0.06682274326927654,21,0.014581918056002886
45,4,0.535571899286647,0.07495156047729849,21,0.01635577139725147
45,5,0.5092100167729312,0.14319931323461854,21,0.03124865201730148
46,1,0.41689397394859706,0.20793312208567802,19,0.047703129799282935
46,2,0.48418854108353754,0.13198760035575122,21,0.02880205568694335
46,3,0.4810518035482923,0.08632335351249851,21,0.018837300081593168
46,4,0.4899873351751181,0.09937853876402386,21,0.021686175063821072
46,5,0.5181374296432519,0.08345435368751991,21,0.018211232992698907
47,1,0.43298695146762695,0.20310188135064738,19,0.046594767160550526
47,2,0.4733256643649873,0.11318221741086808,21,0.024698384695631036
47,3,0.45348889196112974,0.10001254624034259,21,0.021824526837697193
47,4,0.507678476566948,0.10066219520465106,21,0.021966291864082582
47,5,0.523098456753944,0.13822380187211208,21,0.030162906424930115
48,1,0.3973544992929379,0.22898719420223057,19,0.052533265204865565
48,2,0.4769617543097584,0.14876003726718673,21,0.03246210148387309
48,3,0.47653905124381607,0.08276367852161069,21,0.018060515315155803
48,4,0.5164054360499057,0.09324364780824147,21,0.02034743210262237
48,5,0.5352732344279504,0.12597463187074723,21,0.027489918390090268
49,1,0.4266671153670711,0.20594062327078336,19,0.04724601922142765
49,2,0.4507636555403015,0.11661916675524231,21,0.02544838853040836
49,3,0.5002700875645436,0.0784470393669484,21,0.017118547425915318
49,4,0.5087937216031994,0.12772706681414595,21,0.027872331046214567
49,5,0.5154054694141161,0.10646386180697433,21,0.023232319309894185
50,1,0.42081631433896993,0.24329742845597074,19,0.05581625809804702
50,2,0.4365183427932895,0.12484029406375188,21,0.02724238558703282
50,3,0.49694912272353664,0.0674656152396221,21,0.014722204221063552
50,4,0.5329513615999024,0.08070689149904584,21,0.01761168759042693
50,5,0.49562199698221265,0.13573632920297615,21,0.029620095387051577
51,1,0.42643619147616746,0.22561056280862513,19,0.0517586128356912
51,2,0.46313354365023535,0.10707725389775466,21,0.023366172437831713
51,3,0.4766015261047136,0.09726487629819414,21,0.021224936099856706
51,4,0.5113953423637874,0.07530520590944782,21,0.01643294315734669
51,5,0.5080301148664628,0.12690393219661275,21,0.027692708346596262
52,1,0.4015534063632458,0.19210725293415903,19,0.04407242641374772
52,2,0.4803908089137748,0.137269764196485,21,0.029954718336149124
52,3,0.4874785354834878,0.08561364326315031,21,0.018682428608301542
52,4,0.5100615356467406,0.0837386317155104,21,0.01827326754420744
52,5,0.5343262211460218,0.06200688493243092,20,0.0138651609781923
53,1,0.3876362404779052,0.20956950377122563,19,0.048078541504565184
53,2,0.46698578915425254,0.1244902522433225,21,0.027166000199484355
53,3,0.5180592344149633,0.09646914705750183,21,0.02105129374375374
53,4,0.5251730835858791,0.06225765787900339,21,0.01358573475339033
53,5,0.4868345415359007,0.13911103386948448,21,0.030356516319546584
54,1,0.4047318010033019,0.22633461940689134,19,0.05192472281154626
54,2,0.4718641091447691,0.128427742369557,21,0.0280252309876563
54,3,0.4878558891509657,0.08296643063887729,21,0.018104759454426602
54,4,0.5272651402940388,0.08398130486670373,21,0.018326223167277767
54,5,0.47792256751404577,0.1323275368681065,21,0.0288762359154837
55,1,0.4511829725771399,0.21541306880168265,19,0.049419147264447835
55,2,0.47291279823028604,0.14316587013203977,21,0.031241354134013796
55,3,0.47725719105644543,0.06993358827652542,21,0.015260760090335909
55,4,0.5043973874609454,0.09115750563047784,21,0.01989219855785847
55,5,0.5043492268175981,0.07278140590142498,21,0.015882204844218366
56,1,0.44040027596088277,0.24261088344257373,19,0.05565875386996337
56,2,0.47264206057530894,0.11250025534149409,21,0.024549568371631275
56,3,0.4984277194170853,0.09973350038369654,21,0.021763634039580794
56,4,0.4842963198639797,0.09801017498312152,21,0.02138757360647722
56,5,0.5125493504178922,0.08973864803903138,20,0.020066171722420235
57,1,0.4230212750282472,0.21557722805047042,19,0.04945680797898012
57,2,0.47215756839033274,0.11861897759990049,21,0.025884783033800724
57,3,0.4761717851576861,0.05927634969466746,21,0.012935159971261245
57,4,0.5164896518380455,0.09515966401467078,21,0.020765541116847343
57,5,0.5162324905485802,0.07427849160333602,21,0.016208895727591863
58,1,0.42415250873891486,0.20379164443672734,19,0.046753009665140385
58,2,0.4687138654441554,0.1187912956263878,21,0.025922385909990416
58,3,0.48923680859293367,0.10724832268318707,21,0.02340350270727401
58,4,0.5098772791875901,0.08480468497523089,21,0.018505899437422847
58,5,0.4966966863933311,0.07750425679663188,21,0.016912815402469583
59,1,0.4187556559228179,0.19545688137486822,19,0.044840883880666725
59,2,0.47091810752320223,0.14081814044652088,21,0.030729037515195453
59,3,0.4863067834610139,0.10065947756817567,21,0.021965698827184497
59,4,0.5261690910167643,0.06547825584932261,21,0.014288526847771708
59,5,0.5079281232396606,0.08157862432305114,20,0.01824153494972601
60,1,0.4343736536353382,0.22331614011422585,19,0.05123223616944631
60,2,0.46176356586133704,0.1188919670028141,21,0.025944354205361314
60,3,0.4792345492131736,0.07011723829884921,21,0.015300835810749197
60,4,0.5221774060553374,0.08573611470633652,21,0.018709154068247795
60,5,0.5270113244617699,0.14037126410973494,21,0.030631521103785638
61,1,0.4145197006409716,0.1948553242680403,18,0.04592784038007832
61,2,0.4524146153734683,0.12609470405610754,21,0.027516120289055618
61,3,0.4872803815321962,0.09192580945041538,21,0.020059856196505497
61,4,0.5084547117600534,0.09827822090574431,21,0.021446066022198326
61,5,0.4991787264327266,0.0744095956225737,21,0.016237504970071367
62,1,0.44615225485898363,0.2277123053679628,19,0.052240785647348645
62,2,0.46300600460116825,0.12901514853728763,21,0.028153413522290085
62,3,0.4761031234050811,0.09451719038361522,21,0.020625341876546143
62,4,0.5005665519040533,0.07978083797299756,21,0.017409606143727076
62,5,0.5197071374870145,0.13784211621207157,21,0.03007961578546274
63,1,0.4629268055799724,0.18023602611394135,19,0.041348980200843585
63,2,0.4638057846722112,0.1517145789016873,21,0.033106835325968205
63,3,0.4859173072893595,0.06583504393183327,21,0.01436638439039853
63,4,0.5259222266718399,0.11385656254500519,21,0.024845538868093344
63,5,0.514596618360932,0.13322079903152614,21,0.029071161700212775
64,1,0.43563996224310175,0.18519127642153843,19,0.042485792586673295
64,2,0.4720471060885143,0.12434300618613563,21,0.027133868475539467
64,3,0.49980538928341406,0.08550912219063486,21,0.01865962024037202
64,4,0.520510242653209,0.0836083744846702,21,0.01824484308610551
64,5,0.5529474191622589,0.12023866333929527,21,0.026238227438696776
65,1,0.4313639077693736,0.22614931984055572,19,0.05188221217554948
65,2,0.48711566318483923,0.1156887821707979,21,0.025245361969282808
65,3,0.486737330899505,0.10399362741973979,21,0.022693269973523465
65,4,0.522104829969186,0.0722285449975344,21,0.015761560704177398
65,5,0.5470851834206084,0.12931806656000225,21,0.028219515654121327
66,1,0.43712957128781665,0.23253395661333118,19,0.053346948306272735
66,2,0.46608450149170766,0.11290946919095864,21,0.024638866154516777
66,3,0.4719804564483152,0.06476881356359421,21,0.014133713848935857
66,4,0.5187417273297216,0.06727870459512689,21,0.014681416974559157
66,5,0.4981467597289124,0.0662791126769789,20,0.014820460143409288
67,1,0.40065326101555215,0.20742055166244291,19,0.04758553807947611
67,2,0.4704734508183326,0.13144898495122834,21,0.02868452016971976
67,3,0.49450178712162574,0.08570517418639047,21,0.018702402293262362
67,4,0.5096996656324833,0.06925644722470038,21,0.015112995798614469
67,5,0.5231922472139748,0.09131218963901411,20,0.020418026320718752
68,1,0.43686517614991516,0.23002602272056033,19,0.05277158881176386
68,2,0.4546517592979069,0.1091228919242372,21,0.023812567252157253
68,3,0.4965384409449987,0.10121052999017699,21,0.02208594832412306
68,4,0.4943697439433878,0.0975252099432866,21,0.02128174555864623
68,5,0.5125919118176473,0.08412032250596854,21,0.018356559303223722
69,1,0.42581536808122705,0.23525738827739265,19,0.05397174638012973
69,2,0.4732779995706078,0.1256926227072222,21,0.02742837894539862
69,3,0.48941128714409377,0.1079292778785443,21,0.0235520993133501
69,4,0.5268983660065362,0.08072709835792752,21,0.017616097088540388
69,5,0.491592663627432,0.13052213872137922,21,0.0284822657408689
70,1,0.40845606280620156,0.2400455994250071,20,0.05367582780140003
70,2,0.47446531308924117,0.11649859014859848,21,0.02542207655769473
70,3,0.4884786440514803,0.07354509518928,21,0.016048855509409914
70,4,0.5192616597060483,0.1122449523020038,21,0.02449385668098287
70,5,0.4669962179031008,0.12319803039292161,21,0.026884014273573023
71,1,0.4540130116469837,0.20630626376498631,18,0.048626852703160785
71,2,0.45949764179864583,0.1141691731808368,21,0.02491375610150985
71,3,0.4768642256407825,0.09339634802590527,21,0.02038075402195954
71,4,0.5201964309539197,0.07395529562491589,21,0.016138368583048263
71,5,0.49634343204530385,0.0833267844009991,21,0.018183395092135422
72,1,0.4385859699532661,0.21000690631334,19,0.0481788885297612
72,2,0.4916622819610016,0.10777285115365656,21,0.023517964203468574
72,3,0.486386704980892,0.08440122011412962,21,0.01841785618664897
72,4,0.5094250764799755,0.09919022589443113,21,0.021645081826714263
72,5,0.53421517952732,0.12439321129918515,20,0.02781516764044729
73,1,0.4351988766313815,0.20254254522487572,19,0.04646644665277631
73,2,0.47290705792279264,0.1356191000457775,21,0.029594513887693547
73,3,0.46941016219609255,0.09108803798754647,21,0.019877039475378323
73,4,0.49800572345895816,0.08669359102847321,21,0.01891809253121538
73,5,0.4847624895543856,0.1370550385825577,21,0.029907861365698275
74,1,0.43404208891124335,0.23487660032625443,19,0.05388438763287028
74,2,0.4670900629131288,0.11312931555980957,21,0.02468684056530347
74,3,0.5002163737792971,0.09299397514171669,21,0.020292949060083738
74,4,0.4919882289736832,0.08660484084315175,21,0.01889872565301648
74,5,0.5075876936924579,0.0749523440922248,20,0.016759853646316943
75,1,0.43059542726168776,0.20358123745064235,19,0.0467047389920162
75,2,0.4758073065005356,0.10884744844879933,21,0.02375246055806793
75,3,0.48646326090195524,0.09022577390655613,21,0.01968887802679833
75,4,0.5090307235682245,0.08735447009454791,21,0.019062308166715336
75,5,0.5196306828027171,0.08528221620636675,21,0.01861010529520311
76,1,0.4320562414790025,0.2131885577548847,19,0.048908809430143516
76,2,0.46260555907059336,0.13464663160326096,21,0.029382303875846505
76,3,0.4752057437427798,0.07085351545421757,21,0.01546150465822264
76,4,0.5400059905056053,0.07385923873607822,21,0.016117407251423473
76,5,0.4995233711134014,0.08822018536415853,21,0.01925122272639485
77,1,0.4535616825591728,0.18756951050888296,19,0.04303139690513743
77,2,0.4639269336485073,0.12111123603000057,21,0.02642863841034003
77,3,0.483816240559865,0.07408056797534109,21,0.016165705251062954
77,4,0.5298268550153465,0.08343870391039161,21,0.018207817931351306
77,5,0.5183752607866204,0.16217314790536672,21,0.035389082188838676
78,1,0.42554201881811693,0.22551129351388652,19,0.05173583889758793
78,2,0.4599329121688427,0.1263607275208999,21,0.02757417136829588
78,3,0.4823580861004957,0.07118107750592614,21,0.015532984558067859
78,4,0.4971347847684394,0.07559752655569431,21,0.01649673275204302
78,5,0.5105376010292292,0.07718584078569367,21,0.016843331332345286
79,1,0.40453842226335407,0.2286128538882174,19,0.0524473856470089
79,2,0.4516464730832714,0.14177955594122318,21,0.030938835576089584
79,3,0.4896488907923804,0.0993855463235907,21,0.021687704238685452
79,4,0.5375395308690947,0.11120473017806558,21,0.024266861603720265
79,5,0.5159458306547995,0.09237311522401608,21,0.02015746631871102
80,1,0.45155976720548835,0.16392798804522957,19,0.03760765967932101
80,2,0.46694557731170583,0.12209953711271684,21,0.026644303387528323
80,3,0.5133279348531998,0.07394261827150457,21,0.01613560215773307
80,4,0.5226088609182354,0.1139480100113928,21,0.024865494341275877
80,5,0.5077026178298795,0.08601100260441953,21,0.018769139525418876
81,1,0.39827349926566047,0.21572327326568835,19,0.049490313049207625
81,2,0.4917819035595873,0.12209120769946949,21,0.02664248576054258
81,3,0.4966350487852871,0.09451200945310996,21,0.020624211304821824
81,4,0.528227330388893,0.08410559190713493,21,0.01835334482302434
81,5,0.4960357622787847,0.1297631549385983,21,0.028316641901067117
82,1,0.39945821919867247,0.20528451564755285,19,0.04709549780954615
82,2,0.48900381516272795,0.13240483214248822,21,0.028893103127184492
82,3,0.4686376313423534,0.059871915392801275,21,0.013065123061404931
82,4,0.5090134919234127,0.11491156626575348,21,0.025075759554226158
82,5,0.5271675273312285,0.1043599493764324,21,0.02277320797806005
83,1,0.4169289473476142,0.21225266303915286,19,0.04869410045710831
83,2,0.4913750645128583,0.1513382961901305,21,0.03302472370652
83,3,0.47907927195325767,0.09554352624765472,21,0.020849306723470375
83,4,0.4880098438125168,0.08886267766514724,21,0.019391426040809474
83,5,0.5495361043037694,0.12476884748541965,21,0.02722679466544458
84,1,0.44520161673239894,0.22362928615420222,19,0.05130407679801616
84,2,0.4589314119912836,0.11103777661444632,21,0.02423042934929989
84,3,0.5157818575012856,0.0937898956637462,21,0.020466633157196545
84,4,0.4929815124776103,0.06994538572151464,21,0.015263334503891631
84,5,0.46707010588765935,0.1214906002288,21,0.02651142246543311
85,1,0.4112524781761164,0.1949786387371304,19,0.04473116749496191
85,2,0.46081640585181394,0.12041399057994337,21,0.026276486979251903
85,3,0.5068379870318781,0.07693163067460518,21,0.016787858138226898
85,4,0.5184218676570568,0.08243877025056015,21,0.01798961451772693
85,5,0.5286003398402345,0.127537529876332,21,0.027830970695523014
86,1,0.4139523270438615,0.203365628133719,19,0.046655274822344904
86,2,0.4792567512971348,0.1303218067306919,21,0.02843854971651434
86,3,0.4736931380030613,0.0706871694601473,21,0.015425204986347418
86,4,0.5051703290302147,0.1029601889456028,21,0.02246775521000859
86,5,0.5054227769838806,0.08662648987578571,20,0.019370272001445414
87,1,0.45556302116466546,0.19311709716802838,19,0.04430410056975581
87,2,0.47544725677030153,0.09876256290820734,21,0.021551758112128484
87,3,0.4666496890881601,0.08899727676634055,21,0.019420797972699536
87,4,0.5290810689732313,0.09752531043224269,21,0.02128176748713422
87,5,0.5176390733704236,0.12575725891959189,21,0.02744248372329478
88,1,0.44767363833006435,0.22268521097946634,19,0.051087491098975146
88,2,0.45485574315412,0.11867708588103598,21,0.02589746330031535
88,3,0.49417012054075216,0.07138036743826008,21,0.015576473186647044
88,4,0.509601929693144,0.08077783194914104,21,0.0176271680657791
88,5,0.5275656875456194,0.07635895264998284,21,0.016662889547909294
89,1,0.43834976035826223,0.22196850949241761,19,0.050923068501357735
89,2,0.46381978320040784,0.1406686651419284,21,0.030696419329584904
89,3,0.4807238050232455,0.06204025146124323,21,0.013538292783582942
89,4,0.5267733323920767,0.09835974986125437,21,0.021463857098862872
89,5,0.5435725315709403,0.12889203663609505,21,0.0281265483029489
90,1,0.42058045579240094,0.22593495684903722,19,0.05183303393253558
90,2,0.48329499764636114,0.14468431904580953,21,0.03157270685240777
90,3,0.5045357593667501,0.07832215330770435,21,0.017091295053547197
90,4,0.49929052155140075,0.09288412162865799,21,0.020268977058229054
90,5,0.5023862558112282,0.07582919457762748,20,0.01695592337546335
91,1,0.4223799994497039,0.22886850947037496,19,0.052506037060007685
91,2,0.4584819229251443,0.12501854702750767,21,0.027281283572711923
91,3,0.4613702109443781,0.11098744826572818,21,0.024219446803223556
91,4,0.5184800992399095,0.09013415989281047,21,0.019668886210002703
91,5,0.5056031434924646,0.07390257515676439,20,0.016525118176281234
92,1,0.4560638583169402,0.1884342144493548,19,0.04322977359422154
92,2,0.4582746517585765,0.10411066264430827,21,0.022718809153312095
92,3,0.5045311783927349,0.09922896907810734,21,0.02165353628251711
92,4,0.5008822624887423,0.0807890612811151,21,0.01762961850691124
92,5,0.45625787977989307,0.11793163859727669,21,0.025734793366771248
93,1,0.4393144087178619,0.19933869274598368,19,0.04573143248511827
93,2,0.45373382788468286,0.13627754103576772,21,0.02973819749137411
93,3,0.4613773219879088,0.055574916156598216,21,0.01212744095373503
93,4,0.5303916218591971,0.05410542039229025,21,0.011806770688337019
93,5,0.5603654148243197,0.11981559300837072,21,0.026145905923660978
94,1,0.41496535966980463,0.2000054893004817,19,0.04588440610601079
94,2,0.4698282919422168,0.1534159795611069,21,0.03347811138831287
94,3,0.46857055495079464,0.10112037173079816,21,0.02206627417897406
94,4,0.5442267372157907,0.07980962116963271,21,0.017415887152171045
94,5,0.5179231270899026,0.06908044827326212,20,0.015446857825517206
95,1,0.47984742777703254,0.23443830293468199,19,0.05378383531512914
95,2,0.47558009641449006,0.11973486385950835,21,0.026128289379115686
95,3,0.46943700457569515,0.08369125284930798,21,0.018262928627982972
95,4,0.49033679355357324,0.078392464328249,21,0.01710663817611079
95,5,0.5178174870580418,0.13059107225768976,21,0.028497308271729097
96,1,0.42406219634049197,0.22676716887021142,18,0.053449534286200494
96,2,0.4408404592942854,0.15061521541248865,21,0.0328669345447528
96,3,0.5155450841954069,0.07255797445569921,21,0.01583344810551971
96,4,0.49554409363937557,0.0933557328002929,21,0.02037189105311495
96,5,0.5300511539068433,0.14170339060188533,21,0.03092221493643017
97,1,0.42966653703369223,0.24265862782332787,19,0.055669707182112275
97,2,0.46247746667256673,0.13318453958332943,21,0.029063249239926165
97,3,0.49039878390104946,0.08106767183978554,21,0.017690416315221773
97,4,0.4834943832788338,0.0707253620346544,21,0.015433539289379038
97,5,0.4880462121486917,0.13091593719639538,21,0.02856819961326508
98,1,0.3767631908943792,0.2580053924447493,20,0.057691759606797004
98,2,0.48253910761179986,0.10700824183659678,21,0.023351112771445005
98,3,0.4729095667099445,0.08469523137180399,21,0.018482014703004302
98,4,0.5046368068090368,0.0675984147203609,21,0.014751183443574808
98,5,0.5290992180459424,0.08805426407387583,21,0.019215015732484124
99,1,0.4798885787549061,0.1765520012833757,19,0.040503806940741995
99,2,0.4519496713954661,0.1412825425093179,21,0.030830378353560263
99,3,0.4995807768417259,0.09289928482168396,21,0.020272285938220422
99,4,0.5245525470947625,0.08775686107814024,21,0.01915011707820484
99,5,0.5266543487895748,0.10988392496079792,20,0.024570792584683004
100,1,0.4501425276567369,0.22304270937885612,19,0.0511695068566287
100,2,0.46171060107915907,0.1334245656627234,21,0.029115627224573132
100,3,0.4595749140833124,0.08620378682513177,21,0.01881120849133349
100,4,0.5067354955744813,0.03995883240143938,21,0.008719732102935715
100,5,0.5296162653191733,0.09277835285570195,20,0.02074587038258113
101,1,0.4077219489681573,0.21590694596888016,19,0.049532450457202365
101,2,0.4630537176786374,0.14455594519784315,21,0.031544693382143066
101,3,0.4639618673695403,0.07619878206306203,21,0.016627937460353577
101,4,0.54355335716161,0.08909293367310925,21,0.019441672021081106
101,5,0.5299021102345657,0.11472653748657646,21,0.02503538296440121
102,1,0.4296900153704256,0.23663154289784538,19,0.05428699907083251
102,2,0.43276932090743275,0.15674358861695614,21,0.03420425521601048
102,3,0.47588484495587363,0.08169945478395767,21,0.0178282826563861
102,4,0.5309525519351302,0.07923200455726234,21,0.017289840873654323
102,5,0.519854460256381,0.0743950021986476,20,0.016635228210242235
103,1,0.4478997562325452,0.20766073063553667,19,0.04764063891484869
103,2,0.4686499869070952,0.12402290506506478,21,0.02706401668423721
103,3,0.49208715107334394,0.10142268590258557,21,0.02213224453972995
103,4,0.4918958630275026,0.06847221320525491,21,0.014941861905439786
103,5,0.5322586894970152,0.11657828120090141,21,0.02543946657099896
104,1,0.39901697286055815,0.22699570606220018,20,0.05075778293556407
104,2,0.45119479024482284,0.13064844885829185,21,0.028509828872461396
104,3,0.5083950731982136,0.09438739514581378,21,0.02059701823359043
104,4,0.4997840877934581,0.08400338427994104,21,0.018331041290252065
104,5,0.5009771212529038,0.12798511100971754,21,0.027928640906159843
105,1,0.4158140145287841,0.2366434207837194,19,0.05428972404473713
105,2,0.47647682099736827,0.13675042691336756,21,0.02984138964990634
105,3,0.49662945831347716,0.08922117058704625,21,0.01946965560989081
105,4,0.48373491384879297,0.10095779631402238,21,0.02203079731452101
105,5,0.5350965614388598,0.12244589356703645,21,0.026719884562259565
106,1,0.4248587233781441,0.226132051767177,19,0.051878250607822765
106,2,0.46104368720020117,0.12913336862744756,21,0.028179211260948297
106,3,0.46259632341872203,0.08201746629106293,21,0.017897678456537378
106,4,0.4907204244549582,0.09824163473688359,21,0.02143808226561772
106,5,0.48985214610539446,0.07422857979798125,21,0.016198004078729476
107,1,0.4037350358820637,0.22377541886900806,19,0.051337601942025836
107,2,0.45047124670809274,0.13487029539306758,21,0.02943111131618029
107,3,0.4873079800118515,0.08910476700798782,21,0.019444254266452764
107,4,0.542431594756872,0.08416921740725913,21,0.018367229045426654
107,5,0.5138356893376762,0.07126395558822153,20,0.015935104904078935
108,1,0.39493986255598335,0.22751145499827283,19,0.05219470741238804
108,2,0.4868910636778419,0.12279252261509147,21,0.026795525221820642
108,3,0.48995442817959917,0.08937484777463144,21,0.01950319072154305
108,4,0.530370542481,0.08233773477513338,21,0.01796756676944031
108,5,0.5069120733657884,0.09833415859950827,21,0.02145827262771616
109,1,0.4224763880086286,0.23287312455418258,20,0.052072013663592764
109,2,0.46354313700333805,0.14187857565610093,21,0.030960443449361975
109,3,0.4676596725686918,0.06960983093231438,21,0.015190110445733766
109,4,0.5180369404847868,0.08822202962613906,21,0.019251625177353283
109,5,0.4998042900300651,0.057933427515923,21,0.012642110326664506
110,1,0.39922864189912194,0.25818218588690006,19,0.059231055647548964
110,2,0.44784485362083215,0.13788923843305162,21,0.030089898697108243
110,3,0.4903837175692529,0.09679128699682397,21,0.02112159044167337
110,4,0.5326067620154483,0.08679449820063731,21,0.01894011228143471
110,5,0.4950167211971485,0.1301012073132974,21,0.028390410977063227
111,1,0.42852700441766356,0.21255337399335927,19,0.04876308828135049
111,2,0.4752393254091531,0.11795260436929315,21,0.02573936847330785
111,3,0.4819679937903059,0.07314920172716691,21,0.015962464473349373
111,4,0.518181594450468,0.06571301077324096,21,0.014339754571991681
111,5,0.500109065855648,0.11700016663515755,21,0.02553152952038363
112,1,0.4214794791476347,0.208682379979677,19,0.04787502134889302
112,2,0.46075549182644826,0.15639470087482607,21,0.034128121668993656
112,3,0.4895321445561061,0.10147045127907212,21,0.022142667799413172
112,4,0.5125150521018448,0.07663124459605382,21,0.016722308521909156
112,5,0.5070709392694958,0.06727236469292794,21,0.014680033494477
113,1,0.43159907810410764,0.1892825224839749,19,0.043424388804532206
113,2,0.4666705334942202,0.1400087104439832,21,0.030552405407747965
113,3,0.48701185226963417,0.0763039081297108,21,0.01665087784882648
113,4,0.49304195815220303,0.08340203123103754,21,0.018199815296633358
113,5,0.5114540111570919,0.10206550082459623,21,0.02227251825582333
114,1,0.3750764420722852,0.2524864672465169,20,0.056457690416198594
114,2,0.47631018353934557,0.1357239891542217,21,0.029617402567646976
114,3,0.4979684474032612,0.08835557931515392,21,0.019280768108731777
114,4,0.4944288445748434,0.10809370709624683,21,0.023587980710330303
114,5,0.5490807590521255,0.09770144243647734,21,0.02132020264150134
115,1,0.42234266287430383,0.21799100289215134,19,0.05001056590568265
115,2,0.4532915679213551,0.14079282399744902,21,0.030723513013090727
115,3,0.48833009889749085,0.09871394304260683,21,0.02154114838763358
115,4,0.5179309704212172,0.10208766715566628,21,0.02227735534582371
115,5,0.5278486591605568,0.13848408510646917,21,0.03021970488319532
116,1,0.41196768589332944,0.23255427295167128,19,0.05335160919394259
116,2,0.45680284202118215,0.12059577732110453,21,0.02631615609838097
116,3,0.48193716883077525,0.08142753534187416,21,0.017768944969420487
116,4,0.5195194606741635,0.09853898793953685,21,0.021502970054155628
116,5,0.4466405583978933,0.1422218530781367,21,0.031035352724164272
117,1,0.3949150791713964,0.220337805839893,20,0.049269031187115085
117,2,0.47160958972623296,0.16321838665582603,21,0.03561717198375681
117,3,0.46902452998947664,0.07435065777325615,21,0.016224643676938245
117,4,0.5010019410762434,0.07903059940463508,21,0.017245890666165345
117,5,0.5191869316430223,0.14657653406448334,21,0.03198562202165563
118,1,0.436044065232577,0.21269600189424,19,0.048795809365901464
118,2,0.46899118448340293,0.12806039559940885,21,0.027945069350489564
118,3,0.48074900326009756,0.08645611668036386,21,0.018866271379985793
118,4,0.5094203723544348,0.0627574378421944,21,0.013694795682540091
118,5,0.5137484365021502,0.15080982480525434,21,0.032909401795862235
119,1,0.39992033092239004,0.2267469006291649,19,0.0520193066107152
119,2,0.4567645562593625,0.13633974726255932,21,0.029751772002944113
119,3,0.4766829625837064,0.08333261586989259,21,0.018184667622974337
119,4,0.5272522185725345,0.07364057528130438,21,0.016069690973651015
119,5,0.525759458730873,0.09934052568803023,21,0.021677879930576363
120,1,0.4138457300533897,0.21852660323105041,19,0.0501334410504925
120,2,0.4500595261911816,0.11232929428181712,21,0.024512261609876056
120,3,0.5167393455960484,0.0902462026078059,21,0.019693335934885318
120,4,0.4986831838279899,0.0945780639328955,21,0.02063862557404126
120,5,0.4712184962039581,0.13973653523170407,21,0.03049301190714988
121,1,0.4013979536411247,0.20609491114660414,19,0.0472814152876864
121,2,0.47805849794533095,0.1433616141913257,21,0.0312840689896574
121,3,0.5188388550165239,0.09684480028250961,21,0.021133267997975286
121,4,0.48395353099054456,0.0835509231915915,21,0.018232306186138546
121,5,0.4784294827114163,0.16910411983696852,21,0.0369015442610377
122,1,0.40358353221926385,0.2444350782205048,19,0.05607725285366527
122,2,0.46003572304557483,0.12996924371858162,21,0.028361614159836387
122,3,0.489446739622066,0.06642990359023726,21,0.014496193410041951
122,4,0.5120380224654083,0.07581421554695751,21,0.01654401816655384
122,5,0.47627112553767176,0.1393022230472209,21,0.030398237218548178
123,1,0.4302651934763957,0.21856134267739846,19,0.050141410826070695
123,2,0.4748825907371731,0.11890941110582835,21,0.025948160820718148
123,3,0.5031953118392871,0.10257807846365768,21,0.022384371866801468
123,4,0.5130816402495482,0.06817969534711076,21,0.014878029275579217
123,5,0.5026388970359102,0.06167988010039731,21,0.01345965330551767
124,1,0.42585813229757347,0.22369745204785876,19,0.05131971512653431
124,2,0.4430318440007214,0.1326084337205939,21,0.02893753263400743
124,3,0.494953455968976,0.0643279092099925,21,0.014037500631097027
124,4,0.518547623994914,0.08349151258963976,21,0.018219341729922987
124,5,0.5028098050576197,0.14089810181991777,21,0.030746486517398496
125,1,0.43560547937345184,0.2509704938797857,20,0.056118708466189576
125,2,0.4332574739021728,0.11069818003375119,21,0.02415632329992924
125,3,0.49384293526186684,0.08140530943979551,21,0.017764094879960293
125,4,0.49311805808298426,0.0793564226995773,21,0.017316991138177373
125,5,0.5193000755610436,0.0796454352153188,21,0.01738005883961428
126,1,0.4173169498637516,0.19647073246992258,18,0.04630859574472342
126,2,0.45105103723935547,0.13245977996518005,21,0.028905093725125362
126,3,0.48559915544382776,0.0769122102197732,21,0.01678362024754604
126,4,0.5217719040355978,0.09240906237699167,21,0.020165310630593344
126,5,0.5109371576006361,0.06354839467556059,20,0.014209853035553915
127,1,0.4056787134705293,0.20684826380017743,19,0.04745424623956926
127,2,0.46341401366805307,0.12690533915820243,21,0.027693015370786004
127,3,0.49797583530100953,0.08443803603549309,21,0.018425890079336
127,4,0.5077887160376365,0.07317648854930514,21,0.015968418946107624
127,5,0.5114898565193672,0.15041198436547548,21,0.03282258589444313
128,1,0.4038545501285269,0.20028334066370918,19,0.04594814958041256
128,2,0.43837473207563865,0.126831130361093,21,0.027676821683643833
128,3,0.5034015608443072,0.08948490803905008,21,0.019527207840243303
128,4,0.5043942747548582,0.09733409927211839,21,0.02124004179118232
128,5,0.5108293187881292,0.07333294902442197,21,0.01600256142089294
129,1,0.42853337189909896,0.248293903032968,19,0.05696252797989445
129,2,0.47736956141191345,0.11706852009541568,21,0.02554644546827149
129,3,0.4395729999503684,0.06839420903795601,21,0.014924840000622204
129,4,0.49840286358240216,0.08025049252283539,21,0.017512093168732423
129,5,0.5296688235581666,0.12422416341966656,21,0.027107934857770778
130,1,0.4198715190530811,0.215870276264757,19,0.049524037850120134
130,2,0.444552445148282,0.12704684027190977,21,0.027723893445285263
130,3,0.49736140276908525,0.09127271075007791,21,0.019917338376001983
130,4,0.5070465112385308,0.08145452241077913,21,0.017774834030660585
130,5,0.5129875906020034,0.1134919456932039,21,0.024765972947948776
131,1,0.4199601847167711,0.22379475463552262,19,0.05134203787109072
131,2,0.45659129528081027,0.14201137045455056,21,0.030989421650113966
131,3,0.4654373438895406,0.07926739511966359,21,0.01729756372751579
131,4,0.5424800249968647,0.13749293397794876,21,0.030003417975024572
131,5,0.48420467136853484,0.1555211017120009,21,0.03393748670277002
132,1,0.40690262349396883,0.24821797349185684,19,0.05694510854849798
132,2,0.45886976657705897,0.14763213365358074,21,0.03221597273692244
132,3,0.47383826999143863,0.07376545424470728,21,0.01609694179757965
132,4,0.5204954313057043,0.08037406971242099,21,0.017539059922325084
132,5,0.5398700155439558,0.07441535747267068,21,0.016238762308843385
133,1,0.42307254955299245,0.20899356320278062,18,0.049260255255008496
133,2,0.4403911303706812,0.10138426526011296,21,0.022123860468188067
133,3,0.5075702204528185,0.09726912196821345,21,0.02122586258101096
133,4,0.5175255223792488,0.08011142786503815,21,0.017481746772501517
133,5,0.5079389576441339,0.07285166797034077,21,0.015897537284660784
134,1,0.43997313959222173,0.21323354675446987,19,0.04891913061449944
134,2,0.4630614618886691,0.1179962085765578,21,0.025748883691422555
134,3,0.49719017851296116,0.09980132671132437,21,0.021778434957698198
134,4,0.4928472074619755,0.08765408883304482,21,0.0191276903357053
134,5,0.48873773307760676,0.14957611879185734,21,0.032640185072447286
135,1,0.38511667111426595,0.207261111940426,19,0.04754896009864148
135,2,0.4976314906093337,0.11584506400283988,21,0.025279465460953224
135,3,0.4777040020204013,0.0793214603761568,21,0.017309361733722804
135,4,0.5057137731693433,0.060068671601363935,21,0.013108058786128309
135,5,0.49632591442940405,0.1008355595379544,20,0.02254751656760933
136,1,0.40674893570151227,0.24157050790409437,19,0.055420075352302145
136,2,0.45393798140225655,0.12280607522331516,21,0.026798482643394413
136,3,0.47789304394332516,0.08303919649957864,21,0.018120638267030056
136,4,0.5158722151535917,0.1221606479342455,21,0.026657638862072893
136,5,0.48798688514521066,0.13613831460323655,21,0.029707815793002076
137,1,0.41288632052112756,0.2079019890122406,19,0.04769598738239264
137,2,0.4666359983421752,0.10799897752056192,21,0.02356730902218139
137,3,0.5076091743075908,0.09564566237565972,21,0.0208715946538405
137,4,0.48352722132469017,0.10117371135245273,21,0.022077913838677507
137,5,0.49519875048853007,0.13574236395491454,21,0.02962141227788767
138,1,0.4536489940292768,0.25458289458761424,19,0.058405321592709385
138,2,0.4464389900653825,0.11349585234594341,21,0.024766825449467476
138,3,0.4896419675062595,0.07544646413745038,21,0.016463768229839883
138,4,0.5084058324300973,0.08468207026953205,21,0.01847914271503334
138,5,0.5213129606398352,0.07804997233964185,21,0.01703190029693421
139,1,0.3961249498449948,0.21720723395134692,19,0.04983075697894305
139,2,0.4811890348710785,0.1217060787259566,21,0.026558443728473845
139,3,0.4851549341690752,0.09640470635745364,21,0.021037231630143895
139,4,0.5157000504520474,0.07420671063968243,21,0.01619323183714427
139,5,0.4590864035233575,0.08112782900146848,21,0.01770354368412681
140,1,0.4131991329937796,0.21817179744173246,19,0.0500520430199546
140,2,0.45619365869093464,0.12559947171457214,21,0.027408051732309136
140,3,0.4951034472247758,0.06609614597017363,21,0.01442336152634148
140,4,0.5156133089261288,0.060459222980969916,21,0.013193284084214682
140,5,0.5236126521190839,0.14161727587197384,21,0.03090342316175064
141,1,0.41726288411546364,0.19912575951484907,18,0.04693439162062382
141,2,0.47188823012683884,0.14677795344477299,21,0.03202957533387507
141,3,0.49539783962288647,0.07967391668309733,21,0.017386274005423735
141,4,0.5113032381355066,0.09389802257177268,21,0.02049022838294383
141,5,0.46748658685032946,0.13478832077647263,21,0.029413222988294036
142,1,0.39656554878847666,0.24685581866697762,19,0.056632608799702985
142,2,0.45561715059852953,0.12107514959840426,21,0.02642076370537094
142,3,0.5144919465214086,0.08257161450274861,21,0.018018603510169474
142,4,0.5046561414357578,0.0625154797450465,21,0.013641996097054961
142,5,0.5395317479829738,0.10035774118022955,21,0.021899854549199467
143,1,0.4156487883169849,0.2039613165080003,19,0.04679193510788881
143,2,0.46134009054796865,0.12113394151357565,21,0.02643359315306257
143,3,0.5034895893584247,0.07869713227024,21,0.01717312217163461
143,4,0.5150542478103908,0.08938296223906331,21,0.01950496144285177
143,5,0.46573482109158215,0.1212093807017732,21,0.026450055333552158
144,1,0.40570026475395726,0.2074751186497195,19,0.04759805660490727
144,2,0.4548262416055444,0.12489212689109444,21,0.02725369643726048
144,3,0.49026006062524324,0.08865161103022833,21,0.019345367525038258
144,4,0.4948790202687551,0.09192278683581036,21,0.02005919660792339
144,5,0.4939749174724512,0.05839694577388586,21,0.012743258303003024
145,1,0.416923520892914,0.20252722862490558,18,0.047736125578529666
145,2,0.4628786164045427,0.11794004815835518,21,0.025736628483447606
145,3,0.4619208571663342,0.06935780507609476,21,0.015135113895104604
145,4,0.5186748988203687,0.0720393489620141,21,0.015720274744465145
145,5,0.5065151516012465,0.06327537334705424,20,0.014148803610569168
146,1,0.4202879055746045,0.2717777860231392,21,0.05930677507897841
146,2,0.45968394694223474,0.11693687159365115,21,0.025517717409963704
146,3,0.4861256686647591,0.07354375125385461,21,0.016048562238656774
146,4,0.5138273351100077,0.0797271011888338,21,0.017397879816058795
146,5,0.49014929822108255,0.15457747800807412,21,0.033731571128922444
147,1,0.4318416025636822,0.19919900396489512,19,0.04569938568089135
147,2,0.4792789457583214,0.13041214478658278,21,0.028458263096478868
147,3,0.47309038958333194,0.07736378510444654,21,0.016882161966163017
147,4,0.5069682934282187,0.08456592032924343,21,0.01845379672011252
147,5,0.5242615688956602,0.1444544592818846,21,0.031522547339673926
148,1,0.4081989344362618,0.2331230875247511,19,0.053482104206661975
148,2,0.48173888167674306,0.13745783668241876,21,0.029995759117241026
148,3,0.47095311758615355,0.08423921184378545,21,0.018382503083693685
148,4,0.4986110146831223,0.057990815290646744,21,0.01265463336579006
148,5,0.5159990752066657,0.06544612928534638,21,0.014281516256760282
149,1,0.42155630096338387,0.22572622137892376,19,0.05178514673147468
149,2,0.49426385660901623,0.11066709194692491,21,0.024149539323210536
149,3,0.5198698575641952,0.07671767207862304,21,0.01674116854481382
149,4,0.4974805904232705,0.08774525085006588,21,0.019147583518729295
149,5,0.47397988419958526,0.09719376850676581,21,0.021209419107631876
150,1,0.42312368072647577,0.20079203675371782,19,0.04606485246721898
150,2,0.45040052746793163,0.16211340100449945,21,0.03537604434618328
150,3,0.4727029071219996,0.08144714171115149,21,0.01777322342995937
150,4,0.5034634467813474,0.07286633163839948,21,0.015900737159367677
150,5,0.5455085371551239,0.1359839830005395,21,0.029674137876264783
151,1,0.3789097028793465,0.22845952870332262,19,0.052412210437195426
151,2,0.4695155859814994,0.1499258483663972,21,0.032716502322356504
151,3,0.4865604798547863,0.09374683122852656,21,0.020457235726998712
151,4,0.5498896721073818,0.10493179696858589,21,0.022897995353156314
151,5,0.5250288048555877,0.08621320995694194,21,0.01881326478727652
152,1,0.41845333797167944,0.23081054632564527,19,0.052951570870363195
152,2,0.4530446145425368,0.1367735782649339,21,0.029846441689001257
152,3,0.48581715169203316,0.07348975812079199,21,0.016036779971072616
152,4,0.48656586247392675,0.09565838556766769,21,0.020874371081957548
152,5,0.5104540305917856,0.062075537653730535,21,0.013545992862061982
153,1,0.40830626614678317,0.2024981339630824,19,0.04645625801055987
153,2,0.46048765313047585,0.14121281754389903,21,0.030815163118709778
153,3,0.47688363722237676,0.07053269474980246,21,0.015391495840961151
153,4,0.5205408216086008,0.08746461447531607,21,0.019086343641107915
153,5,0.49830506256220775,0.07138817111059521,21,0.01557817608756011
154,1,0.36605023552559335,0.2347559035301117,19,0.05385669788880737
154,2,0.4488148956641229,0.1375776419813241,21,0.030021902776807243
154,3,0.47020919569000325,0.062109555128738406,21,0.013553416083689356
154,4,0.5393261785792657,0.09677078676529444,21,0.021117116924399645
154,5,0.5196459238372071,0.10630678087827726,20,0.023770918851300275
155,1,0.41487192709098253,0.21745188635935728,19,0.04988688409066994
155,2,0.4728542835726162,0.13817369104169863,21,0.030151971345239316
155,3,0.4943490782747107,0.07620655613426883,21,0.016629633901770868
155,4,0.5019486586575073,0.08224726240978161,21,0.017947824080748586
155,5,0.511551565144656,0.06263980827466646,21,0.013669126806484773
156,1,0.40746506860115855,0.2127382993503114,19,0.04880551306782694
156,2,0.4679757239277154,0.10537113520551006,21,0.022993866816317907
156,3,0.4907871214701212,0.078233664069551,21,0.017071985118688782
156,4,0.49109940663981844,0.08125069684019998,21,0.017730355644672652
156,5,0.4801544629481249,0.1463518405803391,21,0.03193658988359589
157,1,0.4300853588968669,0.21204698890598175,19,0.04864691557490867
157,2,0.45706475124063417,0.12016981370451313,21,0.0262232032166511
157,3,0.4818962919516597,0.05862496412597373,21,0.012793015986730728
157,4,0.4816817261689459,0.056922567617229004,21,0.012421522612247334
157,5,0.49518217321285274,0.08947613130287939,20,0.020007471195693512
158,1,0.41808589468798013,0.20394122555502286,19,0.046787325927167334
158,2,0.46506011756900295,0.12459162198668887,21,0.02718812089101553
158,3,0.506449685848874,0.08756512837035971,21,0.01910827757122374
158,4,0.500974080543322,0.10686990898031455,21,0.023320926067396778
158,5,0.48116504676101773,0.0863384283714362,21,0.018840589685506157
159,1,0.4608783405167662,0.22203646523087325,19,0.050938658616966254
159,2,0.4589117912347808,0.13392808789309582,21,0.029225504783371926
159,3,0.48613705585942635,0.08684897379864855,21,0.018951999831502066
159,4,0.5222933635900568,0.06636431655668679,21,0.01448188114595373
159,5,0.5189590564214056,0.059012569808895056,20,0.013195611761964111
160,1,0.44515493820619284,0.20695067756630178,18,0.04877874249276091
160,2,0.46822210022551625,0.11069480190583116,21,0.024155586131981585
160,3,0.45161412357847314,0.06996634045351333,21,0.015267907201298845
160,4,0.5236941283454207,0.09636428993761446,21,0.021028412044275697
160,5,0.5229691076887136,0.05804543983513323,21,0.012666553418643003
161,1,0.422062159193589,0.22707089762050112,19,0.05209363661825445
161,2,0.46955788938811904,0.12685536924216104,21,0.027682111041132183
161,3,0.48712901842963097,0.050732702011575315,21,0.011070783198937253
161,4,0.4913882653005522,0.07451746295207795,21,0.016261043551141177
161,5,0.5143722289833798,0.07136512435291573,21,0.015573146872722512
162,1,0.40152342171730454,0.22602077385719788,19,0.05185272170444133
162,2,0.481241728843762,0.13206209753562015,21,0.028818312304362877
162,3,0.508774299364905,0.0834674920437705,21,0.01821410001708108
162,4,0.4992730610463204,0.0884440876604234,21,0.019300082213104763
162,5,0.4935584148607483,0.10392516264936466,21,0.022678329735776714
163,1,0.3749651850646867,0.23275930218984137,20,0.05204656220919009
163,2,0.45700515334571545,0.13548768470108147,21,0.02956583670842934
163,3,0.5104246402492139,0.07143878612435382,21,0.015589221189076779
163,4,0.5122506280517205,0.07129405928216995,21,0.015557639202914897
163,5,0.4784883750579373,0.0859500688057574,21,0.018755842680430762
164,1,0.4554355079273475,0.20793422608710993,20,0.046495506437958786
164,2,0.45396140184135547,0.13199862501394927,21,0.0288044614645959
164,3,0.49901894090500093,0.0687120630633117,21,0.01499420143543834
164,4,0.5229540111237824,0.09257126953587397,21,0.020200707134585813
164,5,0.47264620471803104,0.13891292882470424,21,0.030313286254629535
165,1,0.3522503601746959,0.2375164473231062,19,0.05449001006895903
165,2,0.44366813806556205,0.12796867283669616,21,0.027925053802723785
165,3,0.47985775839424705,0.09207681950509736,21,0.02009280929204262
165,4,0.5015966392675505,0.07478915155973048,21,0.016320330865904266
165,5,0.5194896173532182,0.06336662049499654,20,0.014169207093124364
166,1,0.4427913513972342,0.186110073875178,19,0.04269657917877842
166,2,0.46300376882712674,0.1555316284659764,21,0.03393978382881359
166,3,0.4873062200455841,0.06865455461622615,21,0.014981652063444581
166,4,0.4873506544844401,0.11355809793313137,21,0.024780408550180138
166,5,0.5067540775603969,0.0832661009371733,20,0.018618866191687844
167,1,0.4100023365075912,0.24181363626280095,20,0.05407117285700311
167,2,0.45766751036972153,0.1211550456663921,21,0.026438198456765396
167,3,0.4933696954491081,0.07728045055597373,21,0.01686397687681151
167,4,0.5140911665476116,0.08698911050732551,21,0.01898258016841417
167,5,0.5385153645637606,0.12202327981308764,21,0.026627662680488145
168,1,0.3895245124714613,0.21214727221844581,19,0.04866992214463258
168,2,0.4747902194274635,0.12961412966256738,21,0.028284121919739814
168,3,0.49023299592282754,0.08466676510504774,21,0.01847580285432986
168,4,0.4993154229711415,0.10462373422307286,21,0.022830770550770155
168,5,0.48267712143388153,0.11031982713301315,21,0.02407375992816552
169,1,0.37349047826994874,0.24408566689382957,19,0.055997092397733386
169,2,0.464205183542573,0.10346539933615291,21,0.022578001155559736
169,3,0.4929811370570708,0.0539738817803576,21,0.011778066609956504
169,4,0.5136056179676725,0.06964974899824421,21,0.015198821281863275
169,5,0.5118961845346427,0.07134339443601327,21,0.015568405016101055
170,1,0.42852597159016953,0.260369209900845,20,0.058220325258620066
170,2,0.48082836717341493,0.10551344107688909,21,0.023024920503338434
170,3,0.4879410659158259,0.0934657318852451,21,0.02039589482136111
170,4,0.5235489791936379,0.06654408659439338,21,0.014521110184309708
170,5,0.49133648863771384,0.10890097306325691,20,0.024350997858531596
171,1,0.4379719031242749,0.2194920903451648,19,0.05035493898531962
171,2,0.4530709488553831,0.1215863469952817,21,0.026532316122811667
171,3,0.5001581549878488,0.09342123404537804,21,0.02038618459662526
171,4,0.4754464296826895,0.10504217181937954,21,0.022922081120231617
171,5,0.5353023652375155,0.09169224968052811,21,0.02000888927627669
172,1,0.41506304127378585,0.21813188979224712,19,0.05004288757726087
172,2,0.44835223190744733,0.12112169638204229,21,0.0264309210462937
172,3,0.489481629245745,0.07997369879107141,21,0.017451691824556338
172,4,0.5043816773665747,0.09187083956717339,21,0.02004786078455791
172,5,0.5199729244291662,0.1402594870419311,21,0.03060712934787272
173,1,0.42287757127829656,0.21922311942710476,19,0.05029323282476304
173,2,0.4833064063418541,0.10999736972273746,21,0.024003393952404195
173,3,0.4927846318499978,0.10442429036257418,21,0.022787248332311612
173,4,0.5011679438406871,0.09061730109801004,21,0.01977431626448743
173,5,0.5387357015131866,0.12339229868840222,21,0.026926407091152543
174,1,0.4201582214037696,0.21695432407448478,19,0.04977273547393961
174,2,0.4565450694316941,0.1272522175215895,21,0.027768710435412843
174,3,0.5114323714836015,0.09443416855573765,21,0.020607225028423163
174,4,0.48755615019814985,0.09621427394035029,21,0.02099567586985106
174,5,0.4968413876761885,0.13880184871819623,21,0.030289046588140165
175,1,0.3930131425100958,0.1990087432949435,19,0.045655736889667696
175,2,0.4604633300236683,0.10642463870729238,21,0.023223760127833077
175,3,0.5093886946783224,0.07624903723086178,21,0.016638904037044294
175,4,0.4996187636284596,0.07312953158253718,21,0.015958172095887638
175,5,0.5235193736989917,0.0769260430455301,21,0.01678663881759871
176,1,0.42006041731782456,0.24612842881452152,19,0.05646573412289177
176,2,0.43897220989724284,0.13654150680007437,21,0.02979579954355564
176,3,0.5005972452507,0.09258616437066898,21,0.020203957454010192
176,4,0.4793341496031109,0.08772183703655868,21,0.019142474205743373
176,5,0.5129572790674745,0.13463267699329967,21,0.029379258730301686
177,1,0.39824492708877335,0.2075142418124869,19,0.04760703207400489
177,2,0.4416692665228529,0.12884712487240121,21,0.028116747752628853
177,3,0.5032241104753736,0.08409292237817582,21,0.0183505801051446
177,4,0.4925753747166809,0.13286545677423822,21,0.028993619662515707
177,5,0.5280431272470825,0.09835259287979087,21,0.02146229531746745
178,1,0.4285183447249195,0.20328763782662668,19,0.04663738261880852
178,2,0.4664685863938387,0.15652582771069243,21,0.03415673589046973
178,3,0.47651761072185633,0.062359257823965,21,0.013607905679027945
178,4,0.5103029575388908,0.07387319764164785,21,0.016120453334346883
178,5,0.5125165145252324,0.08469291193857394,21,0.018481508561178295
179,1,0.4241306208546767,0.22139972931307622,19,0.0507925813791031
179,2,0.44720989680726997,0.12851491861460532,21,0.02804425440392944
179,3,0.47700368794664055,0.07392360237684016,21,0.016131452549318453
179,4,0.5169916089923738,0.0779229470828375,21,0.017004181113387674
179,5,0.5329414477285027,0.1332779197074512,21,0.029083626453601994
180,1,0.432371674322064,0.20550656305683832,19,0.04714643897890144
180,2,0.487236345658949,0.09975443884339845,21,0.021768203186081737
180,3,0.493733115021989,0.07742417354315241,21,0.01689533980385206
180,4,0.5343941681107734,0.0724696379305551,21,0.01581417149537198
180,5,0.5568202647438172,0.13631576057295358,21,0.029746537678144603
181,1,0.37421062947132355,0.23689230908469575,20,0.052970730646027066
181,2,0.44564534881593926,0.13241966116725534,21,0.02889633908568343
181,3,0.4943417416446194,0.05458273758976477,21,0.011910929840143265
181,4,0.5016983093169771,0.09384646645594572,21,0.020478977916119304
181,5,0.47632082370352724,0.09487988656631975,21,0.02070448867233257
182,1,0.41645267938838143,0.2231762618477974,19,0.051200145894301094
182,2,0.45015573955576293,0.12602619603712892,21,0.027501170613689858
182,3,0.48106847538649716,0.06936795219197812,21,0.01513732817732465
182,4,0.5168793418049932,0.07315141679636904,21,0.01596294784107739
182,5,0.5022525404319143,0.13329536141498277,21,0.029087432546221644
183,1,0.39584813054561363,0.25072435656933045,19,0.05752011226157734
183,2,0.4578168610583475,0.11862420242026768,21,0.025885923183078117
183,3,0.4745586637627105,0.0800558458925342,21,0.01746961779172655
183,4,0.5002518644963972,0.06332854844886503,21,0.013819422234219154
183,5,0.49233737238120334,0.13222666839959046,21,0.028854224611092796
184,1,0.3617904069246838,0.20990060570798444,19,0.04815450149837267
184,2,0.4415101923006316,0.1674633167079635,21,0.03654349166393361
184,3,0.49604103076731865,0.07435696150882304,21,0.01622601926481426
184,4,0.4904256454014237,0.09742710869074939,21,0.02126033811028805
184,5,0.5529769968888791,0.12971835015081337,21,0.02830686469480422
185,1,0.4140839161711581,0.22210162624675717,19,0.05095360757924501
185,2,0.48752826068399713,0.12349270835886217,21,0.026948318277599605
185,3,0.48126630085236577,0.05449416982597492,21,0.011891602769586123
185,4,0.4779976695697736,0.06410608678882679,21,0.013989095010343205
185,5,0.5197028047500101,0.07295101256775882,20,0.01631234231289502
186,1,0.43506850600533653,0.2152759722908713,19,0.049387695167808957
186,2,0.46045089506275066,0.12011781501953436,21,0.02621185617331999
186,3,0.4787411739420894,0.08509008790454337,21,0.01856817946252459
186,4,0.5179751846238896,0.08232939597454401,21,0.0179657470939686
186,5,0.5099964773720032,0.07422125838935349,20,0.016596377913417094
187,1,0.40892456495639795,0.2106390336846043,19,0.04832390849453947
187,2,0.45587228044691197,0.09177366913603335,21,0.02002665645808121
187,3,0.48174301982452217,0.0870254172206507,21,0.018990502942797395
187,4,0.5036302331066183,0.08565809432905373,21,0.01869212862612173
187,5,0.5166435641558402,0.07876504282020497,21,0.017187941468572727
188,1,0.3750329752282414,0.2446333026494861,20,0.05470166942845303
188,2,0.4746098659245185,0.12724779793950775,21,0.02776774600353524
188,3,0.4897910362271414,0.06960955220337764,21,0.015190049622093244
188,4,0.5002936745566926,0.08082283167936227,21,0.017636987811969165
188,5,0.4725542425139171,0.11554009192650679,21,0.02521291509787493
189,1,0.412873797111791,0.23824234203261138,19,0.054656541736452915
189,2,0.43866011727782855,0.11756825126256075,21,0.025655495749251054
189,3,0.48233796967983966,0.05550010030313264,21,0.012111114796035567
189,4,0.4999883935207471,0.09623191883271959,21,0.02099952630103733
189,5,0.5127642808401706,0.07537002665227567,20,0.01685325030604593
190,1,0.4045593898938957,0.18005350600301837,19,0.041307107215650056
190,2,0.4566448564863258,0.09905474662320454,21,0.021615517825976486
190,3,0.4963932973704543,0.09033842685768569,21,0.019713460916122683
190,4,0.5074131952255553,0.06327454176806702,21,0.013807637010276763
190,5,0.520090213265906,0.09309244649452128,21,0.02031443727094144
191,1,0.39219424077389414,0.20862026089026048,19,0.04786077025240716
191,2,0.46670184875072007,0.08627282505545088,21,0.018826273868299354
191,3,0.5057412826522247,0.07689677498209997,21,0.0167802520025457
191,4,0.4807078375079069,0.08905140318518923,21,0.019432609325626727
191,5,0.5420150863926451,0.1288227806421497,21,0.028111435406063947
192,1,0.4179892466652557,0.2261088102047157,19,0.05187291862771441
192,2,0.4773111715306956,0.12550495927813485,21,0.027387427427828726
192,3,0.4707983935711796,0.08539976335496365,21,0.01863575618597318
192,4,0.5139427221307867,0.08924729313132716,21,0.019475356016391387
192,5,0.4984091546249038,0.10429072138088359,21,0.02275810119092612
193,1,0.41340317625795214,0.20552770619116392,19,0.047151289546579066
193,2,0.5004952994838385,0.12348522265727845,21,0.02694668476359307
193,3,0.4863540810312593,0.08180985383307326,21,0.017852373703968163
193,4,0.5081023010621886,0.05541784700555268,21,0.012093165654972714
193,5,0.48117517554572525,0.13675849894579153,21,0.029843151111791817
194,1,0.38740850218243844,0.22251972907310902,19,0.05104952694598588
194,2,0.4384179265539234,0.14173485926921045,21,0.030929081962622396
194,3,0.4872033430102213,0.05872758257298126,21,0.012815409167736004
194,4,0.5010648854020529,0.05800123501075401,21,0.012656907135128717
194,5,0.4790746039266214,0.1248705782785236,21,0.02724899414448776
195,1,0.40794686609173425,0.21877463532690786,19,0.05019034351578709
195,2,0.4713740188717179,0.12586790981019944,21,0.02746662972719589
195,3,0.5063199753837202,0.09707957807794745,21,0.02118450071316999
195,4,0.47884559719359565,0.13066560103823785,21,0.02851357178498216
195,5,0.46693219353876003,0.15052785618468528,21,0.0328478711983689
196,1,0.40567032369941275,0.20061639428256656,19,0.04602455732080098
196,2,0.45767973361722025,0.12609829795324584,21,0.027516904541706865
196,3,0.4945214452995249,0.07173289759380269,21,0.015653401573434117
196,4,0.4900021468410006,0.08104932607160653,21,0.01768641294039499
196,5,0.49302318922492716,0.13407927914814605,21,0.029258497420071118
197,1,0.41856014555311516,0.22219149104687105,19,0.05097422397831227
197,2,0.47546448544752806,0.11031836991421545,21,0.024073441936953873
197,3,0.4933217163561933,0.05896305368970133,21,0.01286679317803817
197,4,0.5239421856388594,0.0746454661939296,21,0.01628897614852141
197,5,0.5011805547985295,0.1396722126865103,21,0.030478975577043092
198,1,0.41374176406914825,0.2205747464751717,19,0.05060331733591462
198,2,0.45337717768399716,0.12235396297043344,21,0.02669982366142072
198,3,0.473026594800805,0.06318824146346683,21,0.013788804739880187
198,4,0.5127047698969628,0.0616215792630431,21,0.013446931019791244
198,5,0.5386557751110848,0.11793694673321957,21,0.02573595169699779
199,1,0.4224283611760546,0.19676897956794367,19,0.045141899850541366
199,2,0.4369502823441521,0.1225930079788708,21,0.026751987558833366
199,3,0.4916691191561523,0.07639069751031989,21,0.016669816844357883
199,4,0.5110091402647571,0.08449819440090113,21,0.01843901771091539
199,5,0.4968987311764341,0.141354377683053,21,0.030846054073617474
200,1,0.3737736628264116,0.23283965211159582,19,0.05341707966334805
200,2,0.45703369595984306,0.0961012285595027,21,0.020971007345341578
200,3,0.477966760618855,0.07252596155027852,21,0.015826462316838482
200,4,0.5011294445353801,0.0739692970787537,21,0.016141423950764986
200,5,0.5271868926074605,0.08452347566587787,20,0.01890002372834522
201,1,0.39925191743901634,0.21794411045456702,20,0.04873378462721344
201,2,0.4361662853411869,0.12106713907800795,21,0.026419015666510365
201,3,0.4957324499393846,0.06765032208239147,21,0.014762510558604834
201,4,0.5069282209575237,0.0769615250532959,21,0.016794381626474703
201,5,0.5431369189501432,0.13618848092938268,21,0.029718762982854575
202,1,0.4267984557326805,0.21212355796442536,19,0.04866448172164329
202,2,0.45778739317463246,0.11936706810191486,21,0.026048029764855884
202,3,0.49394783246446444,0.0857354217564991,21,0.018709002854196237
202,4,0.5200163223059636,0.08825859492795118,21,0.019259604380370565
202,5,0.5258353796605854,0.12864634114641194,21,0.02807293315154975
203,1,0.42690732369497075,0.22293153045183922,19,0.05114400066149618
203,2,0.4522319999754544,0.10854757125331098,21,0.02368702198913858
203,3,0.4635909370355507,0.09926746171023686,21,0.021661936063490043
203,4,0.5385843895357105,0.08933547506375647,21,0.019494598891643046
203,5,0.5025733598134742,0.1288482557903475,21,0.02811699453915712
204,1,0.4252555500310956,0.20661282627701089,19,0.047400233167411335
204,2,0.44430908897343957,0.1057282590991908,21,0.02307179763894978
204,3,0.5046308159714167,0.09627820247360926,21,0.021009626219504716
204,4,0.499237304294621,0.06682760152787301,21,0.01458297821494403
204,5,0.5057531671974098,0.09855778822863898,21,0.02150707261357932
205,1,0.38410385507504324,0.21799920563325426,19,0.05001244774355252
205,2,0.45813762789650675,0.12736573154481964,21,0.027793481226074328
205,3,0.49209759795046604,0.07880603325176361,21,0.01719688631406732
205,4,0.48622221319276193,0.10200451216155254,21,0.022259209438445622
205,5,0.5300792723532683,0.09535946230546093,21,0.020809140678336325
206,1,0.4257748349886623,0.20840949630251418,19,0.047812417539835415
206,2,0.44657693263201803,0.09754220873027802,21,0.02128545499808007
206,3,0.48876358405314735,0.06006340783782856,21,0.013106910138754918
206,4,0.49328719212179484,0.07259835472099872,21,0.015842259801820538
206,5,0.5237477721991666,0.10598360500337847,21,0.023127518683442018
207,1,0.3770150244287109,0.21892217654080726,19,0.050224191791649976
207,2,0.47102250032830684,0.10955903047074404,21,0.02390774048562657
207,3,0.47924058339527464,0.0746575568541932,21,0.016291614546895695
207,4,0.511182647433541,0.08133240536518918,21,0.017748185906610092
207,5,0.5451673096696196,0.13081874737148985,21,0.02854699105472179
208,1,0.41355289491043384,0.22472044545215647,19,0.051554405909126015
208,2,0.4348028798520757,0.09771376891493845,21,0.021322892499625164
208,3,0.48152966956894094,0.07734029511444643,21,0.01687703603010353
208,4,0.5142184153267546,0.11273789106175636,21,0.024601424737151618
208,5,0.5203486874455182,0.10559918520031351,21,0.023043631405052247
209,1,0.42920496962418414,0.22657369329322732,19,0.05197957012262932
209,2,0.45604931258832515,0.16118338254216677,21,0.03517309767945252
209,3,0.4836797880425081,0.06758655981044899,21,0.014748596490144893
209,4,0.4959952483020733,0.11581361949789028,21,0.025272603707423607
209,5,0.5281082416969783,0.057824341087490676,21,0.012618305716398624
210,1,0.4202341971157534,0.19600918809232803,18,0.04619980869165155
210,2,0.49177271468921097,0.08426653529831361,21,0.018388465550294778
210,3,0.48925943834085367,0.07520808893277947,21,0.016411750495592025
210,4,0.5200244895594387,0.08829737024060415,21,0.019268065847290936
210,5,0.5413538429267023,0.08072466835896155,21,0.01761556681929276
211,1,0.40961459309361364,0.2280668508832416,19,0.05232212396692685
211,2,0.44590333883350297,0.14146583820230993,21,0.030870376752974327
211,3,0.49350369704688035,0.09491694212220138,21,0.020712574857558584
211,4,0.46635770909836355,0.0822354374694495,21,0.017945243667217146
211,5,0.4822717657811514,0.10561993626784562,21,0.023048159659229246
212,1,0.43918178471626623,0.22311566880760803,19,0.0511862448975186
212,2,0.4516567849902478,0.12873865205486743,21,0.028093077043238678
212,3,0.491228574048322,0.061978482445570485,21,0.013524813679300881
212,4,0.512524052560194,0.10023244273145238,21,0.021872512186057468
212,5,0.4967035953258544,0.10287658685161577,21,0.022449511737439427
213,1,0.41237395899172885,0.22144582121638137,19,0.050803155586925344
213,2,0.4280388389149457,0.1409368405660473,21,0.030754940004849268
213,3,0.4821100291358461,0.09194740180049943,21,0.020064568033586073
213,4,0.49388970353870654,0.09842694536827996,21,0.021478520360639335
213,5,0.5479338972317583,0.09655375061571093,21,0.021069755753732593
214,1,0.38056517735173473,0.23185684359586278,20,0.05184476633288859
214,2,0.4670943592826984,0.10559387244107887,21,0.02304247206594073
214,3,0.4955942042334719,0.058228619958484225,21,0.012706526598693826
214,4,0.49969531047088417,0.08297978164992623,21,0.018107672883890216
214,5,0.5165096747910076,0.13453070461312644,21,0.02935700653263794
215,1,0.3985992322256281,0.2387766228172657,19,0.05477911415475733
215,2,0.45468141970170867,0.14189791521908146,21,0.030964663687993672
215,3,0.4724611267814729,0.07005858458210217,21,0.015288036520426158
215,4,0.5046772141151934,0.0715324170934642,21,0.015609653141616796
215,5,0.5150743030933252,0.14878692906791716,21,0.03246796975589313
216,1,0.39895815526481404,0.2259705780303396,19,0.0518412059919854
216,2,0.4674004387470849,0.12427493895544514,21,0.02711901498806398
216,3,0.5011705299427139,0.06457073985907964,21,0.01409049062302546
216,4,0.5158501754386153,0.08651906656354787,21,0.018880008170684807
216,5,0.487271270119402,0.07808557968747011,20,0.017460466424365995
217,1,0.41601741144760895,0.2239683278531054,19,0.051381858298182745
217,2,0.4728554672043779,0.14267796689172416,21,0.031134884918272817
217,3,0.4889072965844021,0.07773110858822914,21,0.016962318521828192
217,4,0.49982606236213023,0.07721804979147431,21,0.016850359913633338
217,5,0.5500636101617172,0.1274196802149547,21,0.027805253791052236
218,1,0.4402692545807919,0.2293677372157904,18,0.054062494123566486
218,2,0.4606214682004598,0.1206370169821618,21,0.026325155330210934
218,3,0.49702828574276275,0.08566796181682165,21,0.018694281888484373
218,4,0.5033964675179989,0.05985056479119855,21,0.013060463978167916
218,5,0.5045026679140817,0.08360540709273923,21,0.018244195548098828
219,1,0.39122262794910134,0.19753947899132604,18,0.04656050171560806
219,2,0.44343183189860647,0.12656110580066798,21,0.027617897493755986
219,3,0.493497783646115,0.06714381785309974,21,0.014651982274293185
219,4,0.5041275399870502,0.07885582885649703,21,0.01720775260587527
219,5,0.49650144502770116,0.1323981439610744,21,0.028891643646346856
220,1,0.4231115122533584,0.20902451632386898,19,0.047953512809379616
220,2,0.4599004569128661,0.12420406267287136,21,0.02710354851521296
220,3,0.46573654386159785,0.08231220948429169,21,0.017961996694325175
220,4,0.5471112243289531,0.13347649165812106,21,0.029126958405737216
220,5,0.5172968184340606,0.08176099026486358,21,0.017841710799204043
221,1,0.43888196024673504,0.19187856594444047,19,0.04401996202017479
221,2,0.4609021873762758,0.137185632428649,21,0.029936359279270127
221,3,0.5059581571703576,0.06049997744243245,21,0.01320217743681274
221,4,0.5065233341808115,0.07902002885620774,21,0.01724358398338889
221,5,0.4788260468757278,0.1266510711222538,21,0.027637529536426845
222,1,0.4157371969161836,0.22395463970792834,19,0.05137871802231163
222,2,0.4610332348636308,0.10428578266967126,21,0.022757023475784878
222,3,0.46293773435447444,0.10027967625984523,21,0.021882819386971758
222,4,0.5152496751514214,0.07156345016764816,21,0.015616425113592756
222,5,0.5195608360256908,0.14248433380007727,21,0.031092630713533763
223,1,0.40615169724914807,0.23637117799878582,19,0.05422726726644063
223,2,0.4567160424709639,0.12040799199564693,21,0.02627517798084233
223,3,0.5005259913562798,0.08217101099403507,21,0.017931184657676867
223,4,0.49902684486516663,0.08346805616198708,21,0.018214223117768144
223,5,0.5454565544999225,0.05948025042113725,21,0.012979654757609068
224,1,0.40619262875938134,0.23204551529145828,19,0.05323489218196256
224,2,0.46610889158332386,0.12978236265751486,21,0.028320833368965334
224,3,0.5051631988100189,0.06838636940501272,21,0.014923129252461094
224,4,0.5113113826262289,0.08996052578676278,21,0.019630996141707963
224,5,0.5190023706602588,0.06782864155218579,21,0.014801423057091352
225,1,0.3928011966515811,0.2003956827548133,19,0.04597392262368776
225,2,0.4653601767106207,0.13264198936324137,21,0.028944855075551477
225,3,0.48952181904191716,0.09543929516374242,21,0.02082656163624202
225,4,0.5055483390112304,0.0837018350038705,21,0.01826523784342576
225,5,0.5241160647853692,0.06980613016036566,21,0.015232946449134071
226,1,0.39485494344990135,0.23691386779650486,19,0.05435176884464841
226,2,0.4313612066566412,0.15477297094791445,21,0.03377423118581043
226,3,0.4937826926267952,0.0810541532507639,21,0.017687466317246502
226,4,0.5040667505838362,0.08147569209578291,21,0.01777945363465907
226,5,0.5221723904480423,0.1338357200650566,21,0.029205348470811524
227,1,0.45593104818346425,0.20454860439216252,19,0.046926668188827174
227,2,0.45827707838864234,0.13662933184667486,21,0.029814964539934673
227,3,0.4889491455452394,0.0925538544374729,21,0.020196906848554477
227,4,0.5097728167440743,0.07554237705204131,21,0.0164846981437083
227,5,0.4670392630356216,0.09129043640360554,21,0.019921206430717837
228,1,0.3977516411435246,0.23763181792028099,19,0.05451647789917697
228,2,0.4511268203529412,0.14645424250034098,21,0.031958935814534815
228,3,0.5031390922571815,0.07990971249111041,21,0.017437728869174843
228,4,0.5131819858988252,0.09653385195366686,21,0.021065413509682815
228,5,0.5137418040914282,0.09306038522922791,21,0.020307440929270823
229,1,0.388978442147674,0.22174826455469412,19,0.050872540847338624
229,2,0.45180333036612264,0.11785099038703173,21,0.025717194484480285
229,3,0.48981767891547373,0.06899144895492565,21,0.015055168435268038
229,4,0.4947221775073774,0.06209627212466034,21,0.013550517494563444
229,5,0.5439013518533184,0.0789164222521849,21,0.01722097516884451
230,1,0.42103968976863837,0.21611463089436642,18,0.05093870700634475
230,2,0.43380543595224386,0.12998127283117225,21,0.028364239127407327
230,3,0.47011536155710604,0.07033946993011474,21,0.015349330728467664
230,4,0.5120098500067314,0.09761902933515268,21,0.02130221862840247
230,5,0.4980819652413083,0.12888441677309156,21,0.028124885512520393
231,1,0.47491004618365157,0.22418332001503485,19,0.05143118088278821
231,2,0.4511439664865409,0.1319960151647809,21,0.028803891948816548
231,3,0.4861837836705959,0.09846960859252157,21,0.021487830239424004
231,4,0.5064854138159276,0.06586778735349808,21,0.01437352959079333
231,5,0.5314426841114119,0.08965186112686441,20,0.02004676557890397
232,1,0.434342896340651,0.22501095815654334,19,0.05162105409440165
232,2,0.46824304945885215,0.13626646767810358,21,0.02973578108662681
232,3,0.4576304114669402,0.0716029103271766,21,0.015625036026353428
232,4,0.4979520952671851,0.08063607408281123,21,0.017596233963264252
232,5,0.5263113134442543,0.12515639159047418,21,0.027311363722422974
233,1,0.39349630936266067,0.19691766062299915,19,0.04517600962389957
233,2,0.4727682627675895,0.10175356586998947,21,0.022204448468138186
233,3,0.48809542458133126,0.08745980495672113,21,0.019085294118107075
233,4,0.5288611816077494,0.08849049974915607,21,0.019310210161189452
233,5,0.5597021126867631,0.12425268918489529,21,0.02711415969007636
234,1,0.43224141968265223,0.19756561949771773,19,0.04532466158466107
234,2,0.46619389424950536,0.13143525116308305,21,0.028681523211445747
234,3,0.4988408685078339,0.07807263940209239,21,0.017036846655480012
234,4,0.4919819177868427,0.07085256773259921,21,0.01546129784841055
234,5,0.4985010030383208,0.07489338254119228,20,0.016746669442700188
235,1,0.39851938384782953,0.2403393645668747,19,0.055137631700094045
235,2,0.4573615355737505,0.15952381367303714,21,0.03481095006212972
235,3,0.47989670264087525,0.07464137737354712,21,0.01628808389476399
235,4,0.5153218665866951,0.0897266953193994,21,0.019579970150447032
235,5,0.5033261756145354,0.14393328945734107,21,0.03140881876010738
236,1,0.385901216594201,0.23068790249620544,19,0.05292343444622756
236,2,0.4720165370107983,0.14307275122546584,21,0.03122103392268015
236,3,0.4856836412926581,0.079084981123612,21,0.017257757730147892
236,4,0.47323845409553056,0.11886308930868283,21,0.025938052575873113
236,5,0.4748651363965247,0.1270763889865438,21,0.027730341503451886
237,1,0.4033893414313896,0.2211492182280452,19,0.050735110194688
237,2,0.49582594677492947,0.13219789137839483,21,0.028847944950240206
237,3,0.4935947184970715,0.08534958356022845,21,0.018624806057033594
237,4,0.5057808197346715,0.08864551602470878,21,0.019344037485792807
237,5,0.5108263968858386,0.13914563081311512,21,0.030364065991594278
238,1,0.3911960913464587,0.22461710052542236,19,0.05153069695691751
238,2,0.4662787548169134,0.11286645561432497,21,0.024629479822572273
238,3,0.49256537309748294,0.08281519029619408,21,0.018071756105927702
238,4,0.509458655980165,0.08114974730048077,21,0.017708326649094833
238,5,0.48145389042883235,0.06972881680661262,21,0.015216075292191015
239,1,0.43462755807688275,0.23659888070077575,18,0.05576689098822184
239,2,0.44474845345147734,0.14257475080389703,21,0.03111236132134877
239,3,0.49867000455832267,0.08878631179888155,21,0.01937476164258693
239,4,0.518537160731064,0.11841341332014338,21,0.025839925230364248
239,5,0.5247813523887009,0.07593175888187009,21,0.016569668225109767
240,1,0.43074942930516236,0.20909160334230145,18,0.04928336353750305
240,2,0.4470066499574393,0.11095192423475994,21,0.02421169482413299
240,3,0.4633323887130004,0.07618234549547827,21,0.016624350707252725
240,4,0.5010361588763492,0.08507114884681176,21,0.01856404662130334
240,5,0.5023222401176118,0.07803373111596573,21,0.017028356171368754
241,1,0.3852790160583098,0.23170164745798152,19,0.053156003490591006
241,2,0.47527572637206333,0.1514745766907976,21,0.03305446254985588
241,3,0.4769507916817738,0.0634703525887189,21,0.013850366434444797
241,4,0.5086015338920364,0.11610124503271511,21,0.025335368744811085
241,5,0.5223993109229055,0.10382134812796019,21,0.022655675549939972
242,1,0.43021582880080483,0.2131258323404913,19,0.04889441923316811
242,2,0.4474510974245332,0.13741760047794957,21,0.029986978857590656
242,3,0.49662105883324,0.08508594909813637,21,0.018567276300922357
242,4,0.5027694941363584,0.08944593677355259,21,0.019518703612906613
242,5,0.5054210695264972,0.06989523264055143,20,0.015629049148743513
243,1,0.43744891963489063,0.1777673303753833,19,0.040782622556279166
243,2,0.4760975838486562,0.13791934534710631,21,0.030096468564374774
243,3,0.48741532922454,0.08105194865708379,21,0.017686985235464803
243,4,0.5121689172371366,0.08830553293479322,21,0.019269847093195517
243,5,0.525148667971877,0.060891550440707536,21,0.01328762567036971
244,1,0.40993678922528487,0.22977384805184764,19,0.05271373597507757
244,2,0.4443537954946861,0.15682847940434463,21,0.03422277990453487
244,3,0.5030525987993392,0.0703528303228862,21,0.015352246205190977
244,4,0.5017279410316116,0.10206878412185558,21,0.022273234730024283
244,5,0.5108354048469026,0.07019017030020139,21,0.01531675087821496
245,1,0.40002430258732974,0.20268682703194082,19,0.046499547169428314
245,2,0.4458538566385748,0.15097083014002838,21,0.032944536040333365
245,3,0.5205093241467114,0.06999169963560617,21,0.015273441028513256
245,4,0.508285158218861,0.0959532273470428,21,0.02093871083300621
245,5,0.50014045060508,0.135947818597058,21,0.02966624615643541
246,1,0.4068266046574035,0.22573516566922155,19,0.0517871986923973
246,2,0.45578746396851133,0.13115946781016535,21,0.02862134235000984
246,3,0.4737881777758115,0.09704320655391747,21,0.0211765637959315
246,4,0.539679314052423,0.10062076062075531,21,0.021957250096602047
246,5,0.5189438251224044,0.08667857063186263,20,0.019381917612536173
247,1,0.46427849502870916,0.23407292914489186,20,0.05234029812604699
247,2,0.46893318751443447,0.141036484161749,21,0.03077668402007882
247,3,0.4922195777397275,0.07913236226795631,21,0.017268097143503674
247,4,0.5017477571367597,0.08204907637509405,21,0.01790457634238483
247,5,0.5361586927353066,0.07108414747048175,21,0.015511832690232683
248,1,0.4374930536801639,0.2525842348767591,20,0.056479551922920646
248,2,0.4717676260427827,0.15023802462468847,21,0.03278462476682259
248,3,0.48180536786998235,0.10220221392359356,21,0.022302351499854153
248,4,0.5028213486790444,0.1162825660727873,21,0.02537493623963103
248,5,0.5330545032205086,0.0851315025507761,21,0.018577216879250368
249,1,0.39302232730257214,0.24477235673837344,19,0.05615462985236088
249,2,0.46502203473516107,0.1643627973210881,21,0.03586690286469387
249,3,0.4957187031502513,0.07169409666656454,21,0.015644934516953007
249,4,0.48018100531491453,0.0813345914115794,21,0.01774866294104132
249,5,0.5354866197898798,0.09337366470869243,21,0.0203758041163338
250,1,0.42419452526568785,0.2343629555585041,19,0.05376654944152806
250,2,0.4553327111291885,0.15463829288723158,21,0.03374484202354714
250,3,0.4735932596136663,0.07555597169667236,21,0.016487664738378198
250,4,0.5061630017221362,0.07937547008402739,21,0.017321147618226587
250,5,0.5140583161479669,0.14091436955917472,21,0.030750036429138056
251,1,0.44823790992832313,0.19183786082275325,19,0.044010623624810626
251,2,0.43699256751887156,0.13535747142591625,21,0.02953742184224207
251,3,0.48949911744780844,0.08171771867848188,21,0.017832268164916662
251,4,0.4969903368822042,0.0662026239181184,21,0.014446596919498646
251,5,0.5118755416453471,0.10487242275258397,21,0.02288503883700596
252,1,0.4015547254558157,0.2073776198707478,19,0.047575688850977994
252,2,0.4442694781462932,0.15407636282548928,21,0.03362221883101356
252,3,0.4985145832796125,0.07576905899031175,21,0.016534164198032282
252,4,0.4825190979162423,0.0867088509809414,21,0.01892142252584809
252,5,0.5267108585788874,0.12153364163419572,21,0.026520814870111358
253,1,0.4165538461215168,0.20194510993606354,19,0.046329385597553285
253,2,0.4567583588381892,0.15562184864839798,21,0.033959471486678335
253,3,0.4833685719053557,0.06138439033416407,21,0.013395172152143926
253,4,0.4926078207908092,0.06207048066606107,21,0.013544889336881803
253,5,0.5175006964148344,0.07709619513579012,21,0.0168237690477545
254,1,0.40305931999208827,0.23837802946737632,19,0.05468767056887653
254,2,0.4527139621326234,0.14745009994733624,21,0.03217624972559393
254,3,0.47965638140316147,0.06172395300496028,21,0.013469270801767975
254,4,0.4998728140005741,0.07712075598386439,21,0.016829128664203673
254,5,0.5223794076674784,0.16041913739468733,21,0.03500632571574646
255,1,0.4037651992740483,0.22044410773350426,19,0.050573346753123055
255,2,0.4296245704794782,0.1430661990650172,21,0.03121960412405056
255,3,0.4980958058771858,0.09837086861237852,21,0.021466283409275245
255,4,0.4926838422425761,0.061713258085890545,21,0.013466936979092332
255,5,0.5443870080141506,0.12448074437202397,21,0.027163925411868954
256,1,0.39851689485211367,0.24570024973404905,19,0.05636750310491716
256,2,0.44725372184335843,0.15206223973854152,21,0.033182701140304215
256,3,0.4995859387856547,0.08153856232540732,21,0.01779317304352636
256,4,0.5093087665971923,0.08758333654692127,21,0.019112250921098046
256,5,0.5161486809633556,0.09343708490805848,21,0.020389643538437807
257,1,0.4812972059460667,0.24665790350617864,19,0.056587203947844174
257,2,0.4582707868137138,0.11277228256529653,21,0.024608929578496197
257,3,0.5060556619534653,0.0956620129515016,21,0.020875162642004858
257,4,0.49565396888832325,0.05601527363132056,21,0.01222353483281859
257,5,0.4725011188028086,0.1228604535074783,21,0.026810348957839146
258,1,0.43383998722175565,0.21573646756758996,19,0.04949334002966129
258,2,0.4670047447917568,0.12233221041960521,21,0.026695076865671734
258,3,0.4626889254008783,0.06877548995882421,21,0.015008042318761298
258,4,0.49968569185639755,0.10565210603841203,21,0.023055179678691626
258,5,0.4999420177021071,0.1499139692900586,21,0.03271391009537994
259,1,0.40782962752149066,0.21628431919960697,19,0.04961902581387266
259,2,0.45333729537348627,0.1376811054067491,21,0.030044480347220074
259,3,0.47784097362111017,0.0933907024360071,21,0.020379522053242824
259,4,0.5009027708557257,0.06584955012399929,21,0.014369549901048356
259,5,0.49171975718413624,0.09960232001436745,21,0.021735008136145425
260,1,0.43112828165380984,0.2158368024266098,19,0.04951635842497613
260,2,0.4499138371624391,0.14829713038505082,21,0.03236108692067767
260,3,0.5044823647941165,0.06659920285332376,21,0.014533137538051194
260,4,0.5040731913319101,0.07888056102634872,21,0.017213149607801265
260,5,0.5307475216872859,0.09244775880210547,20,0.020671947304901236
261,1,0.4018503705590598,0.2424307908826003,19,0.05561743780315244
261,2,0.46351982471937286,0.12977524061086718,21,0.028319279210971715
261,3,0.49439172918338936,0.07115709223713444,21,0.015527750543315389
261,4,0.5029502445298925,0.0771252508137345,21,0.0168301095164949
261,5,0.48632549400945163,0.06429064150506915,21,0.014029368151154716
262,1,0.423388650133361,0.23374642842680293,19,0.05362510841715773
262,2,0.47272765784886145,0.1363690022753994,21,0.0297581559701249
262,3,0.47417545252199855,0.08392076872662511,21,0.018313013098506782
262,4,0.4958906624713039,0.07260965371416,21,0.015844725444269986
262,5,0.5263825538562446,0.07885921134934909,21,0.017208490726329184
263,1,0.41198106475446516,0.22724211640647793,19,0.05213291690169175
263,2,0.48190173618337323,0.12147921213478573,21,0.026508937379583507
263,3,0.48432401787309026,0.06385063907801876,21,0.013933351749825063
263,4,0.48710769925118075,0.08467743963379244,21,0.01847813222747179
263,5,0.551598400747219,0.10586531332236876,21,0.02310170532237961
264,1,0.39816627259123843,0.22718383336157158,19,0.052119545854172354
264,2,0.4417795331643173,0.14521861949656936,21,0.03168930076952472
264,3,0.4863133483418135,0.08038110069889409,21,0.017540594209359522
264,4,0.5226106145748937,0.09674966199492387,21,0.02111250712157766
264,5,0.5153221273234541,0.05804371794244786,21,0.01266617767085399
265,1,0.45455511445958885,0.2499719825764241,20,0.05589543455112773
265,2,0.44703904982904935,0.15567896927733785,21,0.033971936229814544
265,3,0.48628800127047483,0.07724791795816993,21,0.01685687768195487
265,4,0.49123295345742063,0.10853327914262152,21,0.023683903194896907
265,5,0.5264859103904489,0.06498698445272941,21,0.01418132264007385
266,1,0.4242028596587205,0.2555906079773417,20,0.0571517973847836
266,2,0.458776843999763,0.15069398912883436,21,0.032884124378939804
266,3,0.4668505997740865,0.07083493904863816,21,0.015457450954188934
266,4,0.5199418907349834,0.10583721864568128,21,0.023095574561306006
266,5,0.49828879964250805,0.04093782272924195,21,0.008933365306830233
267,1,0.42416674354585066,0.20400843307035793,19,0.04680274438861954
267,2,0.4376303198549752,0.1275095146869736,21,0.027824857280006665
267,3,0.504871207024964,0.08035250697735448,21,0.017534354547771153
267,4,0.5088739111975812,0.07938711534461806,21,0.01732368882242393
267,5,0.48590615334374543,0.13498744064757764,21,0.029456674506470635
268,1,0.37399678129867725,0.26725388734188366,20,0.059759785934752244
268,2,0.4355103680672359,0.13132878387178365,21,0.02865829014375925
268,3,0.4755818280085699,0.09022757459416637,21,0.019689270969049613
268,4,0.5367487239505105,0.06741280478342784,21,0.01471068003473044
268,5,0.5286310825588907,0.06158774582080568,20,0.013771438623630007
269,1,0.4472490183035119,0.22470681053522085,19,0.05155127784465097
269,2,0.45915605760779454,0.13225434008489068,21,0.028860263067878283
269,3,0.492964796496025,0.06503431171709105,21,0.01419165029585349
269,4,0.48351874374842896,0.09278263682676918,21,0.020246831258869863
269,5,0.5369708816475678,0.07627138669701267,21,0.01664378109039564
270,1,0.41514797352548577,0.21620642033198262,19,0.04960115458798894
270,2,0.47888335536400894,0.1265990997958346,21,0.027626188463222883
270,3,0.48643693388456427,0.07838346291584514,21,0.017104673906886875
270,4,0.5101826588797177,0.07151392724556213,21,0.015605618326016823
270,5,0.5037810176123338,0.1291282181737785,21,0.028178087339814875
271,1,0.41377160177121297,0.20820681926775245,19,0.04776592023916684
271,2,0.45439622335512697,0.16671697580608144,21,0.03638062672692808
271,3,0.4667112424194747,0.0885362686868861,21,0.019320197762219243
271,4,0.5092942901799228,0.08517235776270499,21,0.018586132217402632
271,5,0.5204298707156362,0.06992697271278875,21,0.01525931645597457
272,1,0.4258013605731081,0.23441262253315132,19,0.053777943826965886
272,2,0.4622212307349079,0.15264307994055798,21,0.03330945086375249
272,3,0.4822928010520912,0.06119227764349423,21,0.013353249726098396
272,4,0.4904553093596532,0.08642256447416488,21,0.018858949688336287
272,5,0.5384611702685174,0.1340374066247534,21,0.02924936008635752
273,1,0.4207029910200185,0.19174176520785596,19,0.043988577778797215
273,2,0.47077628355081846,0.1176081664417244,21,0.025664205955436538
273,3,0.4814100692608253,0.08638484439965367,21,0.018850718493256906
273,4,0.5230302662533961,0.07855302020855241,21,0.017141674341575583
273,5,0.5505591423317894,0.12023818255141247,21,0.02623812252217934
274,1,0.41907354653442297,0.24212018237428243,18,0.05706827427299291
274,2,0.4424043229678057,0.1346995317430437,21,0.02939384763274308
274,3,0.4718617553616054,0.07684613068930864,21,0.01676920051182028
274,4,0.5299503836373306,0.0768250352993195,21,0.016764597120323143
274,5,0.5331660853905792,0.06162711350915331,21,0.01344813869130146
275,1,0.4142473820377185,0.21129872700470226,19,0.04847525252169925
275,2,0.4823882040130811,0.12635462560975025,21,0.027572839822118392
275,3,0.47292164043698015,0.06979150502897358,21,0.015229754983817267
275,4,0.5159227258333177,0.08106940748466669,21,0.017690795063985937
275,5,0.481055561563947,0.13650492405203432,21,0.029787816533459303
276,1,0.4152920431070804,0.2442254409016992,20,0.05461046876910569
276,2,0.485440221547631,0.1597895051947263,21,0.03486892870544632
276,3,0.5096931055514756,0.06956289155033989,21,0.015179867432830311
276,4,0.48258708169764913,0.08494091113945056,21,0.018535626423573804
276,5,0.5423009049045022,0.1295939837624622,21,0.028279725723921956
277,1,0.4416379264800152,0.2311880258059818,19,0.05303817060236568
277,2,0.43687789343503447,0.14697405750623246,21,0.03207236874843347
277,3,0.47652617510958695,0.07353243544475313,21,0.016046092926668334
277,4,0.5147265143757922,0.08051506379442754,21,0.01756982735343631
277,5,0.5619093814270786,0.1038639237403157,21,0.022664966310243694
278,1,0.3850599767658154,0.20361964850094827,19,0.046713551091310875
278,2,0.46457666317780655,0.1139098692554739,21,0.024857171345987247
278,3,0.4945414333551703,0.09960351592730997,21,0.021735269105744647
278,4,0.5110158691410449,0.09361381962879088,21,0.02042821021632748
278,5,0.47892590014489017,0.12783520004738982,21,0.027895927652237442
279,1,0.4059898529098124,0.2302589654433904,19,0.05282502953747172
279,2,0.4524725138132593,0.15286611748114914,21,0.033358121645303725
279,3,0.5005416617460421,0.05934890024139314,21,0.01295099179850319
279,4,0.4999063843579651,0.07286413320776917,21,0.015900257422473703
279,5,0.5324671896908504,0.14559550267833365,21,0.03177154342231475
280,1,0.4161901931701147,0.22690879298998304,19,0.05205644726548034
280,2,0.43471266707975076,0.11694722884317572,21,0.025519977547103605
280,3,0.49435590923129313,0.08260916909049038,21,0.018026798593075165
280,4,0.49137761270853547,0.043912750381078954,21,0.009582547742618821
280,5,0.5501484930314057,0.11672889048992548,21,0.025472332212299734
281,1,0.3935546022905544,0.24066555915772808,19,0.05521246587153928
281,2,0.4511095028388737,0.16204840543586752,21,0.03536186115032173
281,3,0.4749559762370381,0.08283114617831282,21,0.01807523796486051
281,4,0.5252153379247577,0.06021313293815782,21,0.01313958283426414
281,5,0.5247979335782516,0.10378226861033685,21,0.022647147700052765
282,1,0.4467817662244532,0.2549929570230286,20,0.057018158568717434
282,2,0.4741942131132956,0.14140553176523024,21,0.03085721680950715
282,3,0.5091870761266281,0.0761874264693017,21,0.01662545946664082
282,4,0.5044070292959301,0.08955569497463924,21,0.01954265481598384
282,5,0.48966306485731886,0.06855512896207307,21,0.014959955606959964
283,1,0.41770755908065255,0.22039243584310536,18,0.051946995302293644
283,2,0.45775510551349524,0.15094077416107224,21,0.032937977288016576
283,3,0.4927409096294207,0.08117468449416006,21,0.017713768390887934
283,4,0.4951978371457721,0.07980238557788705,21,0.0174143082166057
283,5,0.5048700676519999,0.13450301617276117,21,0.029350964419597506
284,1,0.4186831675807399,0.21335305943642302,19,0.04894654870413657
284,2,0.4639961842752031,0.12780713014863346,21,0.02788980229815169
284,3,0.48817848485427295,0.06542824010543742,21,0.014277612517662498
284,4,0.5042709045684477,0.10805235151595637,21,0.02357895618284983
284,5,0.4960654683697311,0.0843541963132793,21,0.018407594752036537
285,1,0.42066762297390065,0.22458495341900794,19,0.05152332190490763
285,2,0.46864557008097224,0.12735186286669617,21,0.02779045483239386
285,3,0.4886951381589998,0.06533683068536815,21,0.014257665346867286
285,4,0.47125169926412225,0.1072506608762144,21,0.023404012942823398
285,5,0.5367483123899875,0.12988380147464315,21,0.028342969133627105
286,1,0.4218748115355016,0.23127056390294556,19,0.053057106140452906
286,2,0.444301996411333,0.17100114451492388,21,0.03731550898398673
286,3,0.48700616080920056,0.07190620953081805,21,0.015691221338682323
286,4,0.49261652586787413,0.08197533317214448,21,0.01788848425621793
286,5,0.5264416247259446,0.08056028883506883,21,0.017579696266390894
287,1,0.4078131911014767,0.22941355032480876,19,0.05263107800761705
287,2,0.4549999995618961,0.14343477505984012,21,0.03130003400003245
287,3,0.48621429314491366,0.0841103437356965,21,0.018354381757027808
287,4,0.5259007715274084,0.07208400435972061,21,0.01573001935114031
287,5,0.48914135660087105,0.13504147321449086,21,0.029468465379226472
288,1,0.37945619673153586,0.21682559897798273,19,0.049743203911458034
288,2,0.4610596642617916,0.17229049027590215,21,0.03759686729573213
288,3,0.5008679586446377,0.07182495890324543,21,0.015673490998153076
288,4,0.4979538762756004,0.08679601653813786,21,0.01894044360984075
288,5,0.5385369078988143,0.0857637441226343,21,0.018715183301180747
289,1,0.4332161976348507,0.19509297758983007,19,0.04475739862676392
289,2,0.45679988344787825,0.12064694971962038,21,0.026327322831223413
289,3,0.5006453107756075,0.061047537566842724,21,0.013321664851938907
289,4,0.516373173210783,0.08776301583774809,21,0.019151460156861377
289,5,0.5334166625861804,0.09224044244796925,20,0.020625589958831635
290,1,0.3803425149539912,0.24020248237523925,19,0.055106228771646185
290,2,0.48037596329946564,0.13892557623375515,21,0.030316046145549575
290,3,0.47799395087085184,0.0812565778388394,21,0.01773163898378823
290,4,0.5357038497519183,0.10892505964465853,21,0.02376939670948702
290,5,0.4895760231504915,0.0833780525841503,21,0.018194582726898913
291,1,0.4361561628141913,0.21111623306509444,19,0.04843338554061719
291,2,0.46354886348873403,0.1497283947150968,21,0.03267341440315034
291,3,0.49654119196035956,0.08149582262116671,21,0.017783846475437664
291,4,0.5007916473079422,0.07601059941234452,21,0.016586872639334983
291,5,0.4939909445579647,0.0728846927235939,20,0.016297512744914023
292,1,0.3946405428891688,0.20997788307873064,19,0.048172230143094
292,2,0.45111647824021084,0.13130977455511197,21,0.028654141970780332
292,3,0.4842098944300516,0.0800802844602356,21,0.01747495072441074
292,4,0.5202296710533948,0.0902138660506018,21,0.019686279519594743
292,5,0.5350649827849429,0.0791624606282777,21,0.017274665144192573
293,1,0.4215383670027091,0.219076940919274,19,0.05025969717511294
293,2,0.44439330931082255,0.13993514280941227,21,0.030536351633742246
293,3,0.4921079560675105,0.09001438302843257,21,0.019642748755359075
293,4,0.5157869153018512,0.07253468859316704,21,0.015828366713725617
293,5,0.529686589446858,0.13065111018494333,21,0.02851040962154851
294,1,0.3950593594729762,0.23789512763371004,20,0.053194967690496434
294,2,0.45831876843548125,0.151985763952973,21,0.03316601275572331
294,3,0.4830138146262029,0.08789351170790911,21,0.01917993669033242
294,4,0.5063720776790602,0.09269427572863585,21,0.020227549286456273
294,5,0.49422554662928053,0.10031376231094453,21,0.021890257573129124
295,1,0.3753437867232283,0.22857337231263322,20,0.05111055983374162
295,2,0.4800148939817929,0.13283369584718108,21,0.02898668886002136
295,3,0.480776725567541,0.09138272578043626,21,0.019941345623821032
295,4,0.500746985122072,0.09058125638369847,21,0.0197664506629762
295,5,0.5098193932648737,0.1013655902376322,21,0.022119785244182205
296,1,0.4390892350560295,0.284814163640795,20,0.06368638308555666
296,2,0.46265215620099776,0.14721919737950423,21,0.03212586265439155
296,3,0.488815409745792,0.08749477353492034,21,0.019092924887466257
296,4,0.49878070953332293,0.07891111636639853,21,0.017219817329642378
296,5,0.5421350101273434,0.10392094485795943,21,0.022677409338234807
297,1,0.4152465721256522,0.2038967131493166,19,0.046777114080945884
297,2,0.44257399394864183,0.12853836167480992,21,0.028049370099067963
297,3,0.5016881270369213,0.10058838660667364,21,0.021950185507550676
297,4,0.4964045439282547,0.08511560473249852,21,0.018573747690886475
297,5,0.511911532516429,0.08320744264413148,21,0.018157352585734716
298,1,0.4170892329526712,0.22680879293768222,19,0.05203350568009465
298,2,0.4498077130427364,0.1373562955516449,21,0.02997360102591138
298,3,0.49021230713218295,0.09506407756508158,21,0.020744682443482838
298,4,0.518215353894003,0.0658512430487023,21,0.014369919327505374
298,5,0.5406972371800292,0.06320192198970338,21,0.013791790075452847
299,1,0.4069787042527427,0.23440922746929152,19,0.05377716494589895
299,2,0.4577576146375704,0.12119984829535689,21,0.02644797519193512
299,3,0.4882229217462325,0.06607471623480768,21,0.014418685174701606
299,4,0.5047489238108642,0.09770862961106765,21,0.021321771011577194
299,5,0.5082262827152412,0.0684936200497522,20,0.015315639045628842
300,1,0.4284397565016689,0.21585230980780828,19,0.04951991606221419
300,2,0.4877117064722799,0.13151117929355774,21,0.028698092087887497
300,3,0.4926974820660124,0.09783369068930388,21,0.021349061576220546
300,4,0.49748943994580763,0.05944437899292704,21,0.012971826970225284
300,5,0.4866771326858079,0.13336836848759165,21,0.02910336399557866
301,1,0.4195992815754471,0.23165032051537449,19,0.053144228282385485
301,2,0.4753386019040549,0.16268170533208556,21,0.035500058517561106
301,3,0.4797927628217903,0.09095345836761702,21,0.019847671794648556
301,4,0.4864191595540016,0.08706659884168703,21,0.018999489509256444
301,5,0.4901031430793953,0.1445759887756621,21,0.0315490672494075
302,1,0.39889760609194513,0.2317609812624977,19,0.05316961559889742
302,2,0.45663537539777943,0.16091945195248725,21,0.03511550330300391
302,3,0.48200416057759343,0.080340672268276,21,0.01753177200252449
302,4,0.4984209216294944,0.07595139717301018,21,0.0165739536515702
302,5,0.5507038272516658,0.08409888906055074,21,0.018351882141984164
303,1,0.44067031598571016,0.19257756621066174,19,0.044180323679225655
303,2,0.4759537614688455,0.15641869695720026,21,0.034133358043463284
303,3,0.5025398799087134,0.11102530425181265,21,0.024227707656639712
303,4,0.4711198819785563,0.07872697518640331,21,0.017179634429838254
303,5,0.552758660894828,0.12321522309927135,21,0.02688776602968011
304,1,0.39639080893460443,0.2469881880244585,19,0.056662976412991437
304,2,0.4597245460981697,0.13384266496614663,21,0.02920686397247529
304,3,0.5075758235337361,0.08626158719666396,21,0.018823821566464102
304,4,0.5081462752132039,0.08256959349088193,21,0.018018162489223784
304,5,0.564991106879711,0.1340537068849315,21,0.029252917094743883
305,1,0.40443116450945016,0.2170038748302926,19,0.0497841031969471
305,2,0.4838804751244636,0.16483982396690047,21,0.03597099861292939
305,3,0.47285848113176054,0.07322109163200544,21,0.015978152136712505
305,4,0.49921843258527376,0.08397801455228025,21,0.018325505161806064
305,5,0.5528390944333483,0.12498988914136554,21,0.02727502990925936
306,1,0.4452740184402511,0.21021088923299427,18,0.04954718175196816
306,2,0.43873946358275945,0.1432658040033507,21,0.03126316149257438
306,3,0.48527622807732707,0.08914638759855835,21,0.01945333662391744
306,4,0.48975334911562834,0.0880579531994107,21,0.01921582076567516
306,5,0.44697747478303995,0.1321791643976863,21,0.0288438583880195
307,1,0.4367393871512306,0.19447769307734614,19,0.04461624267879323
307,2,0.46788608861987935,0.13282172607865073,21,0.02898407684238605
307,3,0.49896437911747865,0.08969413715798709,21,0.019572865377153675
307,4,0.5157610434077698,0.06945672621703679,21,0.015156700257780709
307,5,0.4888067204136416,0.06723397343242146,21,0.014671655834605776
308,1,0.4094771299115013,0.2305394409593333,19,0.05288937503379449
308,2,0.46963465679179967,0.14924789898916868,21,0.03256856163957089
308,3,0.4871322115744305,0.09477410742126996,21,0.02068140577046884
308,4,0.48457322964919053,0.0906373335665447,21,0.01977868770750728
308,5,0.5053793910790934,0.08227059835074277,21,0.017952916400551803
309,1,0.4189202389476228,0.22937172926898783,19,0.05262148359940465
309,2,0.470819445493995,0.14695667443710986,21,0.032068575451763705
309,3,0.4718846013278642,0.10467360242187776,21,0.02284165268390323
309,4,0.5355769228681496,0.05691128522129322,21,0.01241906059160942
309,5,0.5001136932510606,0.0811352988862112,21,0.01770517374661567
310,1,0.40987625367019664,0.21534453066023787,19,0.04940342353643015
310,2,0.4594630906013606,0.13336470973226505,21,0.029102565589710402
310,3,0.482176512992027,0.08936923000851299,21,0.019501964824472844
310,4,0.5078599382886404,0.07991170907979137,21,0.017438164560544468
310,5,0.48334991837316754,0.13746489130168127,21,0.02999729856137291
311,1,0.42307079212919024,0.20799375779223556,19,0.04771704058440159
311,2,0.4874860398576169,0.1588580503193055,21,0.03466566858768196
311,3,0.5061785875780161,0.11375604506070965,21,0.02482360415473854
311,4,0.5153630260640409,0.06391729207612173,21,0.013947896626448998
311,5,0.5571720508111925,0.14023391698234233,21,0.030601549503416047
312,1,0.3962905862729741,0.22315730237591275,19,0.05119579629314487
312,2,0.4631149217595193,0.16295085957252192,21,0.0355587927880572
312,3,0.5056356676412352,0.09318941980310767,21,0.020335598581750366
312,4,0.5243524488961894,0.07841700622258035,21,0.017111993656514172
312,5,0.518386477604463,0.12133615083683506,21,0.02647771884497029
313,1,0.4248235226645221,0.19807387610919916,19,0.04544126364817865
313,2,0.46568204555712,0.15278960226339455,21,0.033341424655914366
313,3,0.4948906422845465,0.07758563664597291,21,0.016930573941500507
313,4,0.4921344314875726,0.06483763768347924,21,0.014148732503174515
313,5,0.49400558508806147,0.10293858774932889,21,0.022463041442531122
314,1,0.40478416242454107,0.20681743034714145,19,0.04744717256031324
314,2,0.47541041052655164,0.13975125686667492,21,0.030496224431274043
314,3,0.49447402259961964,0.06754978405333388,21,0.014740571362015401
314,4,0.5198482050605706,0.06925145824205024,21,0.01511190711334613
314,5,0.46584263770042644,0.08333078231641115,21,0.018184267508801984
315,1,0.420195037602321,0.19082068806177943,19,0.04377726818937867
315,2,0.4457560487290543,0.13957524836723878,21,0.030457816227863487
315,3,0.5074715334876876,0.11316545495677069,21,0.024694726828262726
315,4,0.5405583877152628,0.0792979836166514,21,0.017304238684793957
315,5,0.5194497969404502,0.08180587195321361,21,0.017851504786546016
316,1,0.38160000452635606,0.23022060050384632,19,0.05281622801671132
316,2,0.4649880393163143,0.1473375995701643,21,0.03215170013063671
316,3,0.49545191561819735,0.08847785946607815,21,0.019307451825284202
316,4,0.5149588071033503,0.08950597072851602,21,0.019531804095901256
316,5,0.5175359038289488,0.0736721720945268,21,0.01607658596357059
317,1,0.4070821506687851,0.241274677160506,19,0.05535220712516034
317,2,0.4534214693022123,0.16137761016921043,21,0.03521548162245153
317,3,0.49326758974106155,0.08171944903556357,21,0.017832645759788383
317,4,0.5354297541269618,0.09568445699984195,21,0.020880060334882045
317,5,0.5217537582613058,0.12307845127399558,21,0.026857919970524707
318,1,0.3998895586442327,0.24347632550386855,19,0.05585729989557777
318,2,0.4555388770288503,0.1452119455568765,21,0.03168784439648538
318,3,0.4928261938450232,0.060244400731309,21,0.013146406026117928
318,4,0.5263727271920253,0.07365204313021355,21,0.016072193463445517
318,5,0.5470573165592743,0.09061366492449781,21,0.019773522786375057
319,1,0.43251141717892716,0.2183333138399715,19,0.05008909742298874
319,2,0.44723987241697316,0.1431728935958428,21,0.03124288677946704
319,3,0.4846803636495518,0.08056567573391665,21,0.01758087178409238
319,4,0.5089329388830416,0.06358719767057544,21,0.013875864121691983
319,5,0.5667744577167229,0.1201173274716621,21,0.026211749781651913
320,1,0.40028685727058744,0.24543813694159275,19,0.05630737030627893
320,2,0.44933633677039014,0.11611833971384462,21,0.025339099110061422
320,3,0.5084520883692373,0.09124804618732907,21,0.01991195612715534
320,4,0.5038167263064004,0.08128635310025209,21,0.01773813647851493
320,5,0.5154106554771261,0.09436230555692011,21,0.020591543236435167
321,1,0.4255989016686582,0.2305728893588777,19,0.052897048622922764
321,2,0.477483002834607,0.12811399455659583,21,0.027956765601845755
321,3,0.4742644930853623,0.06007507987002564,21,0.01310945718499573
321,4,0.5194625588914749,0.08215499421354337,21,0.0179276895096296
321,5,0.5101940652966184,0.06471210687759908,21,0.014121339435555725
322,1,0.4032573118911104,0.22142210486165265,19,0.05079771468200052
322,2,0.4603951196400908,0.14117856496620781,21,0.03080768859347086
322,3,0.4798647358558058,0.06910160121276615,21,0.015079205628578722
322,4,0.4981084902899449,0.10814387295214999,21,0.023598927797567372
322,5,0.5240755966537249,0.059092761386360985,21,0.012895097717950612
323,1,0.39538379821780856,0.22222905222332365,19,0.050982841103173186
323,2,0.46951386980837984,0.15264970183820953,21,0.03331089588028737
323,3,0.47199095358417537,0.07853374625818964,21,0.017137468420790905
323,4,0.5250042091681799,0.08852425533970433,21,0.01931757623494256
323,5,0.5403155139843228,0.12416360902679718,21,0.027094720805914303
324,1,0.39134921897939356,0.23688975824498582,19,0.05434623773419338
324,2,0.4621934188371515,0.1448245171462063,21,0.03160330058609145
324,3,0.47227984539983786,0.07776658142909688,21,0.01697005933032303
324,4,0.5181063487460114,0.07711144894729717,21,0.016827097702319625
324,5,0.5328481791411369,0.06437972066105119,20,0.014395743177055815
325,1,0.4201959921093881,0.22583985380735516,19,0.051811215798434763
325,2,0.47426649070656784,0.13143893176225674,21,0.028682326384032234
325,3,0.5056653398471533,0.06604917772242049,21,0.014413112214408707
325,4,0.5137860222583088,0.06765611042541891,21,0.014763773678608245
325,5,0.5207330796791978,0.1306299455801378,21,0.02850579112614017
326,1,0.41479569288224927,0.19997865891983146,18,0.04713542193826817
326,2,0.459555731224824,0.15810322331294424,21,0.03450095183086066
326,3,0.5016738332620382,0.08287608483652735,21,0.01808504438404612
326,4,0.533964534233019,0.08102812695582653,21,0.017681786914074613
326,5,0.4508032188089661,0.07912792060603487,21,0.017267127893410037
327,1,0.4513595853760412,0.2452176137971839,19,0.056256778827268934
327,2,0.4646609303579271,0.14618790344894037,21,0.03190081586865072
327,3,0.5034247259994451,0.0763057339789717,21,0.01665127628180008
327,4,0.5176833114349851,0.06927989060662731,21,0.015118111563958559
327,5,0.4929855507555773,0.13441657213089056,21,0.02933210078315703
328,1,0.43555863899234354,0.23926873956723524,19,0.05489201348010159
328,2,0.44961951887530177,0.14680325169295277,21,0.032035095864219536
328,3,0.4743866379228289,0.05857219294001134,21,0.012781500369864763
328,4,0.5250638898111484,0.0885455810407924,21,0.019322229884441804
328,5,0.5036052119219755,0.07638176669382989,20,0.0170794822568933
329,1,0.422256875121262,0.26474840477183004,20,0.059199543000444166
329,2,0.46814623426171814,0.14127382578760975,21,0.030828476208939335
329,3,0.5093860719799645,0.05533193634217993,21,0.012074418411262737
329,4,0.5236160039592056,0.0878986851577955,21,0.019181065629651873
329,5,0.4893298139520027,0.13405239768796023,21,0.029252631404542907
330,1,0.41493121683253803,0.23760255177589298,19,0.054509763785184635
330,2,0.4864328965695446,0.13784019084548177,21,0.030079195636027584
330,3,0.5010068942718217,0.10625514353563148,21,0.023186773249068048
330,4,0.5198829257797891,0.06979685598000988,21,0.015230922657063165
330,5,0.4952558936282926,0.05356219538066463,21,0.011688229272376654
331,1,0.4298359634329931,0.22456260465679567,19,0.051518194747223606
331,2,0.46956329419406956,0.1280450598707877,21,0.027941722820144625
331,3,0.4719585181892282,0.07344620181236967,21,0.01602727520534223
331,4,0.5046558702395174,0.08472552255546337,21,0.0184886247811952
331,5,0.5363307960343286,0.13701107410890875,21,0.02989826753101327
332,1,0.4251148707901832,0.1963146007722696,19,0.045037658205676574
332,2,0.4779730135915101,0.15404383969677646,21,0.03361512170248197
332,3,0.49542852707919477,0.08019140788005993,21,0.017499199842640614
332,4,0.5140393987402676,0.08163151125527476,21,0.017813456162901725
332,5,0.5198980797388578,0.1334188724412017,21,0.029114384861784023
333,1,0.40633337746286263,0.2527227971328455,19,0.05797858597005285
333,2,0.4599673602089523,0.13152025100422035,21,0.028700071697449123
333,3,0.4666264484377925,0.08425772682302372,21,0.018386543383400823
333,4,0.5164833492567524,0.08902548429234967,21,0.019426953359514026
333,5,0.5023911132875476,0.1375786156149663,21,0.030022115241086503
334,1,0.42905559989331843,0.2043459368419478,19,0.04688017306406291
334,2,0.45837051632251147,0.1323041295430567,21,0.028871128018395267
334,3,0.5003079678591578,0.0689156416607691,21,0.015038625927472698
334,4,0.4914309563712227,0.07785982344007372,21,0.016990406405239755
334,5,0.5233048942108933,0.12711102975839572,21,0.02773790073960156
335,1,0.43263580065778173,0.22761664871282195,19,0.0522188405056099
335,2,0.465374465617647,0.15384303252856507,21,0.03357130198589062
335,3,0.4867264126742627,0.07262634025517571,21,0.01584836674604577
335,4,0.5105877649466216,0.08578190891789193,21,0.018719147184478438
335,5,0.48939307927759873,0.15272848572374204,21,0.03332808793357287
336,1,0.4133817842543309,0.2124855462044747,19,0.04874752751938672
336,2,0.46316030986458373,0.13433264574670517,21,0.02931378654466496
336,3,0.4857395092976412,0.06418670830905714,21,0.01400668806839549
336,4,0.5197852723690466,0.0716491435999768,21,0.015635124953602593
336,5,0.5177509269373205,0.08900382081343505,21,0.019422226000850105
337,1,0.4330725021897628,0.21102412353820185,19,0.048412254165908664
337,2,0.44712648343740535,0.12911050719481448,21,0.02817422248735133
337,3,0.48266678080054237,0.08605370170074271,21,0.018778457232133505
337,4,0.5429918901721321,0.059837979355246304,21,0.013057717610886716
337,5,0.5233213283992967,0.1294789948625338,21,0.028254633088779024
338,1,0.4404107224500225,0.21629360852358623,19,0.049621156930950525
338,2,0.4656215946163993,0.13015410525994317,21,0.02840195425537808
338,3,0.4792804727832019,0.08440853497763583,21,0.018419452420730658
338,4,0.5309505623186096,0.07313299342860764,21,0.015958927532633456
338,5,0.5162899014701304,0.054188096524517976,21,0.011824812099484624
339,1,0.3996057110284475,0.2296722394942668,19,0.052690425373272634
339,2,0.4750627032001691,0.13575117923716937,21,0.029623335930183153
339,3,0.522236766946141,0.06131329001870668,21,0.013379656791309702
339,4,0.5034430736930576,0.07142224978566807,21,0.015585612664136545
339,5,0.5159501078072243,0.10913799751341484,21,0.02381586356195837
340,1,0.4167218073841427,0.23215739180207018,19,0.053260558413747466
340,2,0.4502468046979429,0.1632199367947187,21,0.03561751025179554
340,3,0.4964710633231427,0.0994273432230537,21,0.021696825069904675
340,4,0.5249068690622841,0.05518638628728121,21,0.012042656785359006
340,5,0.5161427925627196,0.05007797797885077,21,0.0109279107018293
341,1,0.412530647100298,0.2291391571490665,19,0.052568127895835065
341,2,0.4835220104009858,0.13929333688214765,21,0.030396298098353605
341,3,0.49079758250481864,0.07811045506797196,21,0.01704509871030612
341,4,0.49754322002564827,0.06816938314955923,21,0.014875778969585824
341,5,0.5060473539478,0.0674578748408865,21,0.014720515127581883
342,1,0.39133537606970464,0.21129537320173744,18,0.04980279707476362
342,2,0.45917036583765425,0.14161320504536087,21,0.030902534834555642
342,3,0.5033482408496711,0.07043791220519344,21,0.01537081259404537
342,4,0.5148028144159321,0.09028939821114058,21,0.019702761988312483
342,5,0.549768603703558,0.11470534053863404,21,0.02503075741114177
343,1,0.44528361222319973,0.23170376035330914,19,0.053156488222023186
343,2,0.46638435634209924,0.14918829863667618,21,0.03255555577639266
343,3,0.49945170005325956,0.09620044405177924,21,0.02099265794074489
343,4,0.5098115984371413,0.09593039374547435,21,0.020933728132645452
343,5,0.49118865705058307,0.07623433651362851,21,0.016635696077544695
344,1,0.42478969950565143,0.23443260727706652,19,0.05378252864165741
344,2,0.4450555462412408,0.13351313639887966,21,0.029134954943753802
344,3,0.4937606578015502,0.09569148494115416,21,0.020881593957407896
344,4,0.5053509988096331,0.0669666312528302,21,0.014613316988204278
344,5,0.48655184359890635,0.13370564050297598,21,0.029176962783211472
345,1,0.3960947518260243,0.2041667255178087,19,0.04683905916661763
345,2,0.4399868377648062,0.14817877786547134,21,0.03233526028355092
345,3,0.4770805648229291,0.11576455988132368,21,0.02526189802140066
345,4,0.49903596447238396,0.08334745435703653,21,0.018187905646333182
345,5,0.5212436492448167,0.06363724067695437,21,0.013886784400965057
346,1,0.43428410242263055,0.1998547669245546,19,0.04584982802152676
346,2,0.4550565331232475,0.1306114005351939,21,0.028501744265558182
346,3,0.4607188949635649,0.08667379736437081,21,0.018913773199594915
346,4,0.5136735010314675,0.05264534829349255,21,0.011488156835344947
346,5,0.5135016369977591,0.12836697651282974,21,0.028011970790602893
347,1,0.4066953066046151,0.20467381785833075,19,0.04695539412805864
347,2,0.48720393488781333,0.13205041095466194,21,0.028815762083322108
347,3,0.5014453243204122,0.07570598782275806,21,0.016520400940913994
347,4,0.5160248950431251,0.08020782345179163,21,0.017502782014070923
347,5,0.5080078120768279,0.1380138781567767,21,0.030117097314659128
348,1,0.3899674908024701,0.22684701829594048,19,0.05204227517871193
348,2,0.4575238963976131,0.14153185835689663,21,0.03088478353182129
348,3,0.49563820400912545,0.09391559299214422,21,0.020494062563007863
348,4,0.5171138751807914,0.064354986395131,21,0.01404340935731148
348,5,0.4925055386240326,0.08496500413193724,21,0.01854088394556372
349,1,0.4348702312287794,0.22490596309489674,19,0.05159696657528121
349,2,0.45673634765065657,0.15039148299107027,21,0.03281811212777349
349,3,0.46828178839902923,0.10067093527561652,21,0.02196819910392918
349,4,0.5196368917483054,0.08073267623589794,21,0.017617314281303087
349,5,0.4722464937720355,0.12295547789801721,21,0.026831084979863508
350,1,0.4111809087069937,0.22830377467290563,19,0.05237647801200401
350,2,0.44843045581348306,0.12981173027463888,21,0.028327241908415398
350,3,0.5139367343128142,0.08650978936733544,21,0.01887798372050003
350,4,0.5244879304351492,0.09801742380826274,21,0.021389155429806225
350,5,0.48660529762375804,0.1371615317822971,21,0.029931100087069888
351,1,0.4005052890058703,0.23982150640416097,19,0.05501882688965421
351,2,0.47947504454886025,0.17004554244118464,21,0.03710697951555021
351,3,0.5199254435398133,0.08430910165860664,21,0.018397754291632946
351,4,0.5142703523197606,0.07325140753504719,21,0.015984767609114874
351,5,0.495993247548276,0.1306342004581928,21,0.02850671961665254
352,1,0.41493499096922865,0.17316135972473864,19,0.03972594041927525
352,2,0.4463765622951014,0.141774132772662,21,0.030937652143687766
352,3,0.5060503834471524,0.06104969699665372,21,0.013322136078156376
352,4,0.5191004390969974,0.07761791924279428,21,0.016937618581670203
352,5,0.4728260367297815,0.12007425943479626,21,0.026202351565510443
353,1,0.42442361959793845,0.25205387884616864,19,0.05782512559041544
353,2,0.44507716367996525,0.12934088162932814,21,0.02822449431041521
353,3,0.47843859764248087,0.09292934416296211,21,0.020278845424256026
353,4,0.5066702028365719,0.07238410223878369,21,0.01579550607717375
353,5,0.4874641699085787,0.11982824636897707,21,0.02614866711331689
354,1,0.3992363321039969,0.21596048969778092,19,0.0495447342310623
354,2,0.4544948282772455,0.12648615885333456,21,0.027601542729029257
354,3,0.5036092241108383,0.10763717839963417,21,0.023488357981323302
354,4,0.5126649741105244,0.0841184844247107,21,0.018356158201009557
354,5,0.49976649541720436,0.06582741351780676,21,0.014364719297548036
355,1,0.4237815200302117,0.24507399928396392,19,0.056223831398324105
355,2,0.4710629190691276,0.15538746669440393,21,0.03390832515116836
355,3,0.49014209274819864,0.1009200891046649,21,0.022022568926848337
355,4,0.5045015117389582,0.09958508464995168,21,0.021731247071285167
355,5,0.5079417798110268,0.13878640650841984,21,0.03028567682170218
356,1,0.4050817478755279,0.2379678046036688,19,0.054593558530717116
356,2,0.43175697669696284,0.1269916045841023,21,0.027711840030026184
356,3,0.5136401695812413,0.07553162196521909,21,0.01648235119135265
356,4,0.4983182048514286,0.09569675533754997,21,0.020882744052190098
356,5,0.5150647874736353,0.13141812416111284,21,0.02867778579320974
357,1,0.3878024500467131,0.25622971426010926,19,0.05878312793642731
357,2,0.4504778838925486,0.13629179880292283,21,0.029741308791242173
357,3,0.4732700963167605,0.07657500723281814,21,0.016710036523151433
357,4,0.5029629255214237,0.09873188307497015,21,0.02154506322364667
357,5,0.5100865637831256,0.06748782321662336,21,0.014727050398951176
358,1,0.43120452755011707,0.22266006533428517,19,0.05108172229233226
358,2,0.45631567110742616,0.13963061883842262,21,0.0304698990552666
358,3,0.5010902219738875,0.10934655737514123,21,0.023861375054972215
358,4,0.4957542313083475,0.08989623616525033,21,0.019616966996137446
358,5,0.48946565690481997,0.05902362156607916,21,0.012880010172237416
359,1,0.4005910265637428,0.2348233676950079,19,0.053872175229707
359,2,0.4764314503204587,0.15515143118081684,21,0.033856817979372615
359,3,0.46890785300225973,0.09378995512455314,21,0.020466646132608388
359,4,0.5170105513717602,0.0885655032357196,21,0.019326577263787687
359,5,0.4920876671259185,0.07820502450098453,21,0.017065735452458937
360,1,0.41285624825702644,0.22591925307908065,19,0.05182943124062645
360,2,0.4218878335537627,0.13538731687281683,21,0.029543934652697862
360,3,0.4882809101287673,0.09401781546211534,21,0.020516369334739673
360,4,0.4925817370492759,0.10666185910322168,21,0.023275525862153715
360,5,0.5232620753847064,0.1391394007951912,21,0.030362706490226783
361,1,0.4153911824087544,0.2087581715407278,18,0.04920477290818439
361,2,0.46019572160689876,0.11678408055447224,21,0.025484375671747116
361,3,0.5081987862073805,0.0649566826647338,21,0.01417471024782707
361,4,0.5288127871693883,0.07596983242177044,21,0.016577976552660637
361,5,0.48056719838053946,0.07779479546825979,21,0.016976216138424195
362,1,0.3978680425409305,0.20759210971124642,18,0.0489299294992147
362,2,0.47524332355263743,0.1331619301349047,21,0.029058315453791523
362,3,0.4712259827747915,0.09124044628574213,21,0.019910297692665033
362,4,0.5219911803941293,0.07293539095610312,21,0.0159158071379781
362,5,0.554593189624948,0.0730896809654596,21,0.015949475978304366
363,1,0.40617780503596945,0.22286378940870927,19,0.05112845980037336
363,2,0.4592267001346146,0.14800613780500818,21,0.032297587133786436
363,3,0.49079206264468284,0.08396638245030215,21,0.01832296682905339
363,4,0.5388096819758347,0.08949144132691424,21,0.019528633520537325
363,5,0.5393353309597814,0.08089392452049754,21,0.017652501541772586
364,1,0.38798636563584454,0.21405479393442678,19,0.04910753763897839
364,2,0.4163157477726661,0.13044009006457002,21,0.028464361256083304
364,3,0.49098005467750533,0.09531196718718064,21,0.020798776393828693
364,4,0.4961685696701122,0.08061292442112168,21,0.01759118229293068
364,5,0.496608159360086,0.09014856685227926,21,0.019672030066302696
365,1,0.412701064402073,0.23287304786509927,19,0.0534247411746462
365,2,0.4565916958338247,0.14963938143517483,21,0.03265399011300278
365,3,0.5016108318233461,0.11051148925471661,21,0.024115584032001803
365,4,0.510458146028547,0.09560093180266935,21,0.020861833642573494
365,5,0.4835053733876839,0.0869583243913065,21,0.018975862087127943
366,1,0.42296474616461704,0.22078829064776037,19,0.05065230772898283
366,2,0.4553136201277149,0.10940266371392779,21,0.02387361846185108
366,3,0.4910099113683223,0.06426919413081313,21,0.014024687950393465
366,4,0.4942830554097949,0.06599491081570398,21,0.014401270204515398
366,5,0.5398727716951915,0.12079995407076971,21,0.02636071111792815
367,1,0.36739856682767885,0.21826821179279512,19,0.05007416198905929
367,2,0.46213123995846894,0.1631231881988808,21,0.0355963979773285
367,3,0.5014007945396595,0.09179806614479558,21,0.02003198032186137
367,4,0.5039133417033235,0.09531455451670628,21,0.020799340995419125
367,5,0.49936362590921746,0.13504442693327381,21,0.02946910993350764
368,1,0.3735343254810249,0.235387078118907,20,0.05263415076989293
368,2,0.4486277280322563,0.12420824986164868,21,0.027104462234713966
368,3,0.4804742323864189,0.07825955815700518,21,0.01707763567182262
368,4,0.5095036552543469,0.1051876046684424,21,0.022953817169725124
368,5,0.489554687663205,0.08207616593238874,21,0.017910487768425104
369,1,0.38046092987752855,0.22191010526441274,19,0.050909669652528855
369,2,0.44259311469207446,0.12952878332322826,21,0.028265497821629865
369,3,0.4924996392771679,0.09718013382186347,21,0.021206443775458453
369,4,0.5160700897330217,0.0824901287597124,21,0.0180008218632398
369,5,0.4946514346915079,0.062212442980218344,21,0.013575868053570223
370,1,0.4004621059572166,0.21652647279206752,19,0.04967457965799639
370,2,0.46002700995397355,0.14018330427522238,21,0.0305905049052492
370,3,0.48678297368336065,0.08194818184895525,21,0.01788255935175446
370,4,0.49303700159000596,0.06380369527369847,21,0.01392310777188664
370,5,0.4858603823899132,0.05996322466959216,21,0.013085048379145214
371,1,0.42927109993705836,0.20869729136227774,19,0.04787844225467539
371,2,0.4387406385157143,0.14207555810634956,21,0.031003428544068748
371,3,0.49547840885010797,0.09697387330821071,21,0.021161434041330158
371,4,0.52184350343017,0.06359884391510233,21,0.013878405540601813
371,5,0.4965786364633165,0.1448545649168916,21,0.03160985754721669
372,1,0.42402232042353194,0.23038910552666744,19,0.0528548857201827
372,2,0.44766971668448813,0.1366478224411057,21,0.029818999518440584
372,3,0.4947612935315829,0.10628582344598188,21,0.02319346815437734
372,4,0.5066271163981094,0.1006400989789634,21,0.021961470072330843
372,5,0.5054211862445163,0.10156760667628849,21,0.02216386884521877
373,1,0.3937728106423436,0.19960842202827242,19,0.04579331262636092
373,2,0.4691731787760436,0.1521224777747307,21,0.033195846157473376
373,3,0.5180059966830621,0.09749461190812315,21,0.021275068519967494
373,4,0.5073950140749429,0.07330242613326411,21,0.015995900779980567
373,5,0.4845866328471266,0.08348052303866438,21,0.018216943613294498
374,1,0.3861090340920615,0.22005112349665812,19,0.05048318998602744
374,2,0.4330434986025977,0.12089028252358047,21,0.026380422402328792
374,3,0.5003333913853536,0.06748606526730469,21,0.014726666782959714
374,4,0.49738410792574955,0.08342034397856521,21,0.018203811465763272
374,5,0.5175305652649046,0.12538875313747833,21,0.027362069168982192
375,1,0.39640335139416266,0.22475470684816168,19,0.05156226601243398
375,2,0.4707261349722905,0.11890716586532611,21,0.025947670869072674
375,3,0.4815636765073894,0.09614042155559355,21,0.02097955995826055
375,4,0.5075207564552933,0.08687148328738876,21,0.01895691180464525
375,5,0.5220604433178992,0.08553983067874127,21,0.018666321381858936
376,1,0.45413132851640164,0.20521924636314107,18,0.0483706402444566
376,2,0.4446563245090803,0.1170143796676886,21,0.025534631058356412
376,3,0.4728906639481773,0.08005042216171605,21,0.017468434236630206
376,4,0.5072179776564583,0.10893740858021089,21,0.023772091468149917
376,5,0.5272909241656883,0.12356813694158578,21,0.02696477814378504
377,1,0.4176260544608078,0.1994346824132301,19,0.045753454025073595
377,2,0.4587709462229031,0.12953912262367587,21,0.02826775404196006
377,3,0.4883269644170893,0.1148925011265559,21,0.025071599199773406
377,4,0.5308468269987054,0.10808948640805267,21,0.02358705968065723
377,5,0.5072584578487725,0.14531194454640606,21,0.03170966596500625
378,1,0.3805939701947575,0.20920809925665904,19,0.04799562962263176
378,2,0.4620018420631096,0.10793145035891925,21,0.023552573387434102
378,3,0.4891784555562238,0.08329294401935732,21,0.018176010515448773
378,4,0.5143903681263708,0.08331056185615862,21,0.018179855042626078
378,5,0.5127899758266233,0.08349232111550635,21,0.018219518164731795
379,1,0.4294974380811883,0.2217091692262271,19,0.05086357176386745
379,2,0.4383509227795119,0.1487286924648543,21,0.03245526148723824
379,3,0.47853689687123446,0.08314662657709546,21,0.018144081431893663
379,4,0.5163188491872797,0.09315897503307106,21,0.02032895498826426
379,5,0.4762908822810933,0.09130380382804092,21,0.019924123441876013
380,1,0.3865305617009852,0.22281122338018317,19,0.05111640032636239
380,2,0.4604089885112889,0.13770908074178384,21,0.03005058506581
380,3,0.5046849233550512,0.08542053454344824,21,0.018640288830901984
380,4,0.4949494470771185,0.09189631887057381,21,0.02005342082439063
380,5,0.4994575114599674,0.08801680051203192,21,0.01920684051305782
381,1,0.38964788704436304,0.24154750276965076,19,0.055414797612500975
381,2,0.4452791702333857,0.13778876616423616,21,0.030067973850580108
381,3,0.4673756012708874,0.09956670899869825,21,0.021727237175436932
381,4,0.5350579174525829,0.09355844226481766,21,0.02041612588479441
381,5,0.5019385284351566,0.09733741922667995,21,0.02124076626466242
382,1,0.395863280123181,0.1996190482308629,19,0.04579575044442647
382,2,0.4725855988245037,0.14441014267049054,21,0.031512876662233104
382,3,0.4853025021008501,0.07063377022727461,21,0.01541355231840972
382,4,0.5130582712082896,0.09767411892468933,21,0.021314240162405122
382,5,0.5079689519351235,0.08531718096497416,21,0.01861773523105903
383,1,0.42272893628603864,0.21088063546041583,19,0.0483793357432417
383,2,0.46131895454858085,0.11744938836941889,21,0.025629557739482292
383,3,0.4707225572570494,0.09780720791165895,21,0.021343282560355278
383,4,0.5211112916477958,0.08351490738925209,21,0.01822444689373688
383,5,0.46650657490852104,0.13259332309834326,21,0.028934235225899746
384,1,0.3924452690415537,0.2244786018449872,19,0.05149892318050537
384,2,0.4523293785131828,0.13145828851719984,21,0.028686550374257734
384,3,0.4877499712382412,0.06508315583379556,21,0.014202308955951188
384,4,0.5180648054625461,0.10047782875140092,21,0.021926059805624044
384,5,0.48949270049454185,0.08703183377986301,21,0.01899190315081128
385,1,0.4041575138595236,0.2106616775817654,18,0.049653433584733474
385,2,0.4615795676340043,0.14274329658471435,21,0.031149141026046902
385,3,0.5031062949706986,0.09606576802505139,21,0.020963269222326972
385,4,0.502053839725534,0.08596501762222762,21,0.018759104779622417
385,5,0.49754796807733986,0.09741723813798012,21,0.021258184179087276
386,1,0.39605968858067925,0.21626543674885185,19,0.049614693882575396
386,2,0.44308379898099154,0.15839121766617553,21,0.03456379735102267
386,3,0.48928158696108376,0.07495412216163269,21,0.01635633040260233
386,4,0.5151111786855664,0.08411311260176937,21,0.01835498597314058
386,5,0.49886202137477703,0.08323816522032185,21,0.01816405680149359
387,1,0.4070245175622674,0.21177347368421284,19,0.04858416687958179
387,2,0.4629951190613925,0.1291347919315169,21,0.028179521851359468
387,3,0.48029917748668166,0.09248868269898863,21,0.02018268520927943
387,4,0.48724438268829523,0.08750026714859549,21,0.019094123692252222
387,5,0.4997648680136733,0.14944256235774625,21,0.03261104066916812
388,1,0.42177631092798995,0.18588410379716475,19,0.042644738087498225
388,2,0.4648826751125748,0.12768978739112885,21,0.02786419600917456
388,3,0.49164436765572017,0.07294655162016488,21,0.015918242594543292
388,4,0.5278996450575759,0.07699505559927267,21,0.016801698591476216
388,5,0.5029808489313498,0.1473937952488751,21,0.032163963033085365
389,1,0.39694564415648914,0.2274040885365281,19,0.052170075856773794
389,2,0.4295659307099505,0.14253230494183994,21,0.031103098874881423
389,3,0.4945960028434526,0.0832264511986551,21,0.018161500592399297
389,4,0.49382501598080225,0.052628903716536134,21,0.011484568334455695
389,5,0.49929254653995203,0.06766164715840142,21,0.014764981892798488
390,1,0.40556003546971037,0.21294817690888085,19,0.04885366228194911
390,2,0.46098828819363014,0.14311985038176314,21,0.031231311801199244
390,3,0.4945033638005484,0.10184167205499156,21,0.022223674813946083
390,4,0.5290671103543861,0.11042334411072216,21,0.024096349184644785
390,5,0.5092313817322122,0.05232443087646836,21,0.011418126913661944
391,1,0.4255909504635585,0.20282811568862458,19,0.046531961010289
391,2,0.4491842332105649,0.13522155095565663,21,0.029507761563982132
391,3,0.49658019594786706,0.07584542702398535,21,0.016550829069222006
391,4,0.5286227106127896,0.084657311310551,21,0.018473739867240057
391,5,0.4931851698039142,0.10042718685328686,21,0.02191500883746005
392,1,0.4160376483432331,0.20337811261884498,19,0.046658138959662074
392,2,0.4769042127529667,0.11150741594153467,21,0.02433291305242896
392,3,0.4658235363338649,0.08379088911482037,21,0.01828467104363408
392,4,0.531330053702207,0.1045255474135092,21,0.022809344432338167
392,5,0.49633592849303343,0.08855976815460745,20,0.019802566166532334
393,1,0.4168618080157603,0.21226664775412787,19,0.04869730877075727
393,2,0.44736456792066615,0.14582580775011397,21,0.0318218001091893
393,3,0.49896029702298816,0.09674174151652237,21,0.021110778731491225
393,4,0.4979922969387916,0.09544693218142936,21,0.02082822817012936
393,5,0.5015615379861657,0.07326053467927017,20,0.016381553561082885
394,1,0.4086006425476483,0.21434496034656175,19,0.04917410637936292
394,2,0.45905163096994545,0.11751203231503292,21,0.025643227769130243
394,3,0.47164415623705613,0.06319072027111021,21,0.013789345660054428
394,4,0.5141552040132245,0.11045848331800759,21,0.024104017188323175
394,5,0.5183568783592234,0.07553475761383872,20,0.01689008526885132
395,1,0.4305010003949172,0.22837844367818078,19,0.052393608256646594
395,2,0.470942439491069,0.11462930100840178,21,0.025014164225279953
395,3,0.4899895964327536,0.09101069139484853,21,0.019860161065102834
395,4,0.5112417536119521,0.11077868071034705,21,0.02417388998773856
395,5,0.5058602128859008,0.10364183158191381,21,0.022616501827999277
396,1,0.42232671422197,0.18342458072143308,19,0.04208048479610766
396,2,0.4649608761027975,0.1453800423349956,21,0.031724526120761994
396,3,0.49964929177539946,0.10347847372803828,21,0.02258085422177308
396,4,0.49884097849599146,0.09843289286294367,21,0.02147981821037704
396,5,0.46697601242854436,0.10773803281459284,21,0.023510366218976564
397,1,0.4016175520790061,0.24942993042478145,19,0.05722315053768439
397,2,0.4290162011024996,0.1516326536732386,21,0.03308895777545903
397,3,0.5049552244346672,0.0858259191797176,21,0.01872875101096277
397,4,0.4965760810247354,0.06684381184715242,21,0.014586515596617234
397,5,0.49880470017699113,0.09203112726405355,21,0.020082838427601883
398,1,0.4066829231194654,0.22454980340974856,19,0.05151525793973783
398,2,0.4596250081734943,0.13750763436496882,21,0.030006625862465743
398,3,0.4962104566220469,0.09520566989738381,21,0.020775580423511426
398,4,0.5134727562670421,0.07670510736223168,21,0.016738426698911485
398,5,0.5160440453219722,0.08772520701191856,20,0.01961595262188911
399,1,0.41559473026067023,0.19948010820016032,19,0.045763875415318844
399,2,0.4728130170910926,0.14512490174655995,21,0.03166884987984
399,3,0.4704938425599444,0.08125566506523851,21,0.01773143980025878
399,4,0.49814711557999275,0.09546146729927689,21,0.020831399992880383
399,5,0.514683586621073,0.07078726333897192,21,0.015447047261410064
400,1,0.40792195911267015,0.2139347584783808,19,0.04907999961673912
400,2,0.4686655750090918,0.14878955758798645,21,0.032468543345997095
400,3,0.49348241900854156,0.11497517481890653,21,0.02508964007849618
400,4,0.502009469930152,0.07842609982312482,21,0.017113978042839633
400,5,0.4899970347420745,0.14549643463897755,21,0.031749925003776644
401,1,0.42365795241952237,0.20557570627208605,19,0.04716230152036966
401,2,0.44723665812256563,0.10806679316762355,21,0.023582107609608167
401,3,0.46878238529540633,0.08296365976254595,21,0.01810415479963947
401,4,0.5397566968900094,0.08838177091313928,21,0.019286483583986054
401,5,0.5049546411466087,0.09636111868934624,21,0.021027720021169195
402,1,0.41636566460633295,0.20875126847877412,19,0.04789082545446863
402,2,0.43775010657551716,0.11521887133704203,21,0.025142819018541568
402,3,0.501449089401625,0.08789081717028913,21,0.019179348694017828
402,4,0.4890054534629617,0.11497044983942428,21,0.025088609003442158
402,5,0.5313223043154824,0.09216487988624224,21,0.02011202564262943
403,1,0.4394115427296657,0.2262587582495875,19,0.05190731906847113
403,2,0.46157145641768227,0.13261362872380011,21,0.02893866627664686
403,3,0.4835341506549857,0.09072125201723927,21,0.01979700021476972
403,4,0.49797636837299647,0.08502872767835172,21,0.018554789563420642
403,5,0.48102679104428414,0.07245676426009172,21,0.01581136223016387
404,1,0.39710375868692105,0.2031206178714829,19,0.046599065613228186
404,2,0.45115167137745904,0.13974560909187148,21,0.03049499198577191
404,3,0.5059972785116178,0.09017591809123009,21,0.019677998595961886
404,4,0.49320302472752947,0.08301170445301283,21,0.018114639010630193
404,5,0.5202012016886948,0.07070698832754799,21,0.015429529817778462
405,1,0.41702548399835926,0.2088142713878379,19,0.047905279313087475
405,2,0.45132953262164144,0.1468071833929694,21,0.0320359538315022
405,3,0.49028485240922137,0.08337604817868277,21,0.01819414532976661
405,4,0.500067909661478,0.08845530047110564,21,0.019302529048995456
405,5,0.516074122625813,0.08408569522415474,21,0.01834900301084171
406,1,0.43233880063539165,0.21015568176522362,18,0.0495341692270239
406,2,0.47273431704574925,0.1107885144992569,21,0.024176035896407495
406,3,0.5045666987833451,0.0984716572959199,21,0.02148827730315731
406,4,0.5083073387723221,0.12048375146668117,21,0.026291710052776817
406,5,0.5204078998548064,0.07293617913594436,21,0.015915979132920186
407,1,0.42825861800331566,0.2200504909452627,18,0.05186639811694141
407,2,0.4564417063922738,0.13417953979130287,21,0.029280376086094503
407,3,0.5039287889830975,0.08991146814218426,21,0.019620290886008092
407,4,0.5198514864778957,0.08646869343960226,21,0.0188690158538528
407,5,0.5212484858118231,0.08488188079060445,21,0.018522744945388712
408,1,0.4277550288586114,0.18510314046093437,19,0.04246557281059093
408,2,0.4562782072876325,0.13633814019895754,21,0.029751421312915458
408,3,0.49274714483325704,0.10370254488393148,21,0.022629750556674832
408,4,0.5161097355403677,0.08665991788163911,21,0.018910744448155638
408,5,0.5239686711569836,0.09206527633745457,21,0.02009029036635297
409,1,0.38874812828494365,0.22392502379165657,19,0.05137192366514589
409,2,0.4688882130705292,0.09660998807108259,21,0.021082027772596035
409,3,0.4973126487629768,0.0747954394136686,21,0.016321702988124756
409,4,0.5021298739504139,0.09994037832346132,21,0.021808778507132635
409,5,0.4955533469490116,0.14999925086133808,21,0.03273252005994056
410,1,0.42504558006947907,0.19492726970521346,19,0.044719382630806465
410,2,0.4446012931242163,0.15144349236554344,21,0.03304767939397951
410,3,0.5112305977844473,0.09596530883208304,21,0.02094134722918261
410,4,0.5119969303654669,0.07528876644161366,21,0.016429355771359316
410,5,0.5101353719538959,0.07650235453644272,21,0.016694182405028433
411,1,0.41523724565236564,0.21175451971548073,19,0.04857981854093535
411,2,0.4496960331160296,0.11238890691924702,21,0.024525270153847412
411,3,0.505482927140748,0.07844711955177153,21,0.01711856492367825
411,4,0.5268344610344342,0.08468959994991862,21,0.018480785826001447
411,5,0.5201928091450343,0.12265821025185014,21,0.02676621586128151
412,1,0.45019367917676145,0.18129963703498958,19,0.04159298928084861
412,2,0.44173463100720867,0.12425765312534046,21,0.02711524291068756
412,3,0.513821524207467,0.10752569399474561,21,0.023464030089694304
412,4,0.4857587267764246,0.09375579963024959,21,0.0204591927927015
412,5,0.5191536031553864,0.10688574984558273,21,0.02332438282759511
413,1,0.4103703170008235,0.2217438636885213,19,0.05087153121939592
413,2,0.43898560071618,0.11312469862227009,21,0.024685833066934254
413,3,0.5084692346215893,0.10495338922490394,21,0.022902707169775473
413,4,0.5047549884814149,0.09391466755190554,21,0.02049386061539144
413,5,0.5159127115242853,0.0534199533402316,21,0.011657189514410493
414,1,0.41843595867766403,0.20310221998326272,18,0.04787165234140234
414,2,0.4374606822896327,0.12023749081611397,21,0.026237971573161902
414,3,0.47224463978897074,0.11500368516504482,21,0.025095861546080376
414,4,0.5192659968383924,0.08680034180885055,21,0.01894138746129037
414,5,0.4991604765346748,0.07467405581827656,21,0.016295214916029043
415,1,0.4227708154807265,0.20914168110830383,19,0.047980392254384524
415,2,0.43105920689495136,0.16054875416615247,21,0.03503461041415479
415,3,0.48762306296830776,0.09464310957574115,21,0.02065281969699208
415,4,0.5022829875334559,0.07592908439357074,21,0.016569084603915624
415,5,0.49801185501891243,0.08476748011012987,21,0.01849778067025399
416,1,0.4257087877766415,0.18669902914890865,19,0.04283169478511828
416,2,0.4714299600735038,0.13443406752385637,21,0.029335918590898877
416,3,0.4779340104985546,0.09999993364639499,21,0.021821774544055546
416,4,0.4881538297233984,0.08206252433240663,21,0.017907510927257564
416,5,0.5308655505828787,0.12648915660210774,21,0.027602196891442
417,1,0.4197939457363207,0.21822790162944714,18,0.05143680969543097
417,2,0.4760071354007233,0.1366089777687451,21,0.02981052291599114
417,3,0.4790216113479061,0.0789552039797096,21,0.01722943803560466
417,4,0.477632396162703,0.0874180825530217,21,0.01907618954319621
417,5,0.5180945709225631,0.059539707120805314,21,0.012992629273171028
418,1,0.4072666275910299,0.22249689762650704,19,0.05104428905290836
418,2,0.4517920887421908,0.1329647252345825,21,0.02901528181649901
418,3,0.5042162630284676,0.08526103963724521,21,0.018605484188966973
418,4,0.49713508445032656,0.09037598194492819,21,0.019721656108028368
418,5,0.5193198461252287,0.08114542738896603,20,0.01814466917050013
419,1,0.45906627892807134,0.21444280614705535,18,0.050544654134418374
419,2,0.4346864094974026,0.13633487660295907,21,0.029750709137882088
419,3,0.4996583698970337,0.08905751249272294,21,0.019433942485827534
419,4,0.4995802333720847,0.09112306786675331,21,0.01988468362171406
419,5,0.5042448232360761,0.13146353424305376,21,0.028687695085486332
420,1,0.4148231134272386,0.21022230917857132,20,0.047007137371026346
420,2,0.450912935799679,0.13496724216657444,21,0.029452266836560145
420,3,0.513446905170248,0.0941911106827032,21,0.020554185452164336
420,4,0.5054641439885481,0.06400021578316731,21,0.013965992062851032
420,5,0.47367425773041466,0.13281753981885835,21,0.02898316332560618
421,1,0.3889841366690871,0.24160000934350784,19,0.05542684344667542
421,2,0.45730675692127354,0.11469002713375692,21,0.025027415752237155
421,3,0.48581891557921386,0.06864002623496039,21,0.014978481710736225
421,4,0.5265526812254511,0.09232423836091841,21,0.02014680051276449
421,5,0.5187349783329152,0.13592473511391798,21,0.029661208927445292
422,1,0.40443460492968736,0.21228732038767067,18,0.05003660126868106
422,2,0.4473429740983037,0.14209506987252732,21,0.031007686360518837
422,3,0.4804869300797474,0.10647148707475688,21,0.02323398327974218
422,4,0.5024481179367063,0.06699069892673826,21,0.014618568985227383
422,5,0.4676899572193033,0.13293864599727928,21,0.02900959086035574
423,1,0.440305808320685,0.21032032293191147,19,0.048250791233318005
423,2,0.4529588750477118,0.15498574453945774,21,0.033820662190054945
423,3,0.47663905622047453,0.074791128096525,21,0.016320762181593538
423,4,0.4925557110148676,0.08847960642783384,21,0.01930783304359285
423,5,0.5009848460611372,0.07972413550803045,20,0.017826858644336082
424,1,0.4239381774192645,0.2105962548798608,19,0.048314094363655136
424,2,0.44999560403760164,0.13127849621548185,21,0.02864731647749616
424,3,0.4896190906978854,0.08929440038422841,21,0.01948563566173431
424,4,0.5496918048057623,0.12276255814340706,21,0.026788986438027636
424,5,0.5293912043199541,0.0790319244224068,21,0.017246179808748013
425,1,0.39634087065527274,0.20147169652655958,19,0.04622077711278777
425,2,0.4549372611230198,0.1327077788620075,21,0.028959211521171903
425,3,0.4848466336566081,0.07912763229722912,21,0.017267064979270712
425,4,0.5167693574571646,0.09597069750031736,21,0.020942523132995883
425,5,0.48115760301363264,0.12613221852040027,21,0.027524306616306914
426,1,0.3733543020756952,0.2299782781337381,20,0.051424706325539186
426,2,0.45297410971385144,0.1296433881358093,21,0.028290506642042194
426,3,0.4856087985108112,0.08571885827290164,21,0.018705388405750638
426,4,0.509131969844139,0.09703568454044899,21,0.02117492235802208
426,5,0.4739138600773651,0.09217883218213743,21,0.02011507028320363
427,1,0.393614003455475,0.19665066006904622,19,0.04511475549587061
427,2,0.4680483858230601,0.11743712051684115,21,0.02562688067457505
427,3,0.5080701727949237,0.07465295251428644,21,0.01629060979755531
427,4,0.5148029917281494,0.07763210539940132,21,0.01694071425483555
427,5,0.5349591690244341,0.10201424720765982,21,0.022261333799668503
428,1,0.4305121262966878,0.205847346060639,19,0.04722461996180898
428,2,0.4800183704065446,0.12878261507864608,21,0.02810267056153605
428,3,0.4691733161355563,0.06646095244218767,21,0.014502968825008818
428,4,0.48867862116777366,0.12035742266990997,21,0.026264142849269353
428,5,0.5179694632446987,0.09270964195146841,21,0.020230902471183688
429,1,0.40988511405242717,0.21177958317797266,19,0.04858556849357627
429,2,0.451326449558647,0.14628804659751893,21,0.03192266889525513
429,3,0.47931879534475136,0.07722514262302693,21,0.016851907696370547
429,4,0.5101887315509671,0.0807667201480315,21,0.017624743271984253
429,5,0.5033332080758858,0.13569806663989703,21,0.02961174581126143
430,1,0.3901613985235814,0.2118126245392155,19,0.048593148701713884
430,2,0.44366545050228073,0.09163356489484147,21,0.019996083206155202
430,3,0.49030909472291284,0.0942374797671837,21,0.020564304015951846
430,4,0.49716436607581693,0.09366879852547744,21,0.020440207595169922
430,5,0.5068757135974187,0.08924279043517298,21,0.01947437344753625
431,1,0.3817950716003071,0.1969613994447902,19,0.045186043997799394
431,2,0.4425642875256764,0.1420833868668534,21,0.03100513691966906
431,3,0.4959045448632787,0.08728288404885338,21,0.019046686810853537
431,4,0.516183630736163,0.10444547568699691,21,0.022791871349111103
431,5,0.4958271961471099,0.13299682501402835,21,0.029022286562646726
432,1,0.4378704838757532,0.2026669539028043,19,0.046494987960923155
432,2,0.4618690032857661,0.14733592768439746,21,0.03215133529525196
432,3,0.4723852652133091,0.08119144935848571,21,0.01771742678421117
432,4,0.4936214466714061,0.08300783075130916,21,0.018113793699617017
432,5,0.46782339917425775,0.1345601750137196,21,0.02936343750127979
433,1,0.4107425222700879,0.20736473359592944,20,0.04636816404566326
433,2,0.46326319402755933,0.15222365416289835,21,0.03321792465544102
433,3,0.46941191490468237,0.09431524405627285,21,0.020581273575052583
433,4,0.49487225358649584,0.09900868129784998,21,0.02160546554786458
433,5,0.5138404427168196,0.09409021080926594,21,0.020532167294657778
434,1,0.4221572531481763,0.2204039654022372,18,0.05194971284544238
434,2,0.4458820349362391,0.12431616180706657,21,0.02712801055177432
434,3,0.4919599810841275,0.08867660828907432,21,0.019350822374125314
434,4,0.5088356364531651,0.10367079344468445,21,0.02262282182459039
434,5,0.5519801221416346,0.12818170049147234,21,0.027971540248110965
435,1,0.42788140733506896,0.21547457125880284,18,0.050787843503454486
435,2,0.4453453356299917,0.09724901230123613,21,0.02122147429190982
435,3,0.4759411195859271,0.09746186783117353,21,0.021267923176577823
435,4,0.5609843826236679,0.09490510983781815,21,0.020709992841423802
435,5,0.5049055645403793,0.08934966352638803,21,0.019497695068024196
436,1,0.4144129437748781,0.2320852747054484,20,0.05189584508180951
436,2,0.44278581099238595,0.1145839844211211,21,0.025004275335210865
436,3,0.4874306152775449,0.06365005450375467,21,0.013889580607215271
436,4,0.504965458399926,0.08170680573821637,21,0.017829886766115653
436,5,0.5508492838081986,0.13235709537230061,21,0.028882686109907473
437,1,0.4098354638159938,0.2217729380518043,19,0.050878201335785314
437,2,0.46150050127714115,0.14149244702540503,21,0.030876183274211804
437,3,0.49739229325052847,0.08268088992795401,21,0.01804244936291244
437,4,0.48784438443116973,0.0838340434793047,21,0.01829408809800633
437,5,0.5304453969712801,0.07219448037092903,21,0.0157541271932279
438,1,0.43107892923563523,0.19077741642788132,19,0.04376734099573215
438,2,0.45713448911630034,0.12809446344939152,21,0.027952503564837656
438,3,0.48919466575087,0.07246151782677557,21,0.015812399543456715
438,4,0.48158597637005685,0.09454257883735255,21,0.020630882091357057
438,5,0.5248351432746751,0.1250373203826305,21,0.027285380254659476
439,1,0.38359357969499674,0.20642936860275043,19,0.04735814509043669
439,2,0.466871507436261,0.14112820073308202,21,0.030796698216774793
439,3,0.49288629993014677,0.07966660000287863,21,0.01738467737490288
439,4,0.5130730452316719,0.10598240102632578,21,0.023127255954109686
439,5,0.5153735440861246,0.08944947887009046,21,0.01951947656174012
440,1,0.44504079692226534,0.2281399823272058,19,0.05233890147081291
440,2,0.48741752675859923,0.12529309931511323,21,0.02734119579367267
440,3,0.4748648930118665,0.07108842494088648,21,0.01551276611079995
440,4,0.4965242495335553,0.10017472538961661,21,0.021859917229492036
440,5,0.49003024751450075,0.13699206383914367,21,0.029894119150052315
441,1,0.3764491649910006,0.23372612443794147,19,0.053620450362652575
441,2,0.48737189255843727,0.10172212246500303,21,0.02219758695464021
441,3,0.4566602877614122,0.10028110197053458,21,0.021883130502550474
441,4,0.5143171659135428,0.09563231413194635,21,0.020868681828259013
441,5,0.4979770505167383,0.13048732528335127,21,0.028474668825870582
442,1,0.4199507561212421,0.24467031459215952,20,0.05470994555043274
442,2,0.4489693882510363,0.11277270739020823,21,0.024609022282892145
442,3,0.4735596010783569,0.07976485478059245,21,0.017406118325201194
442,4,0.4975857501929943,0.07380870980770723,21,0.016106380935278473
442,5,0.5171600442820226,0.06927842901020832,21,0.01511779261747163
443,1,0.3820694781830199,0.2357884394653824,20,0.052723897895318915
443,2,0.44960513380752026,0.13178035146256037,21,0.028756830270717498
443,3,0.481480803766414,0.08810533758243469,21,0.019226160885768787
443,4,0.5018290383669035,0.09465273580192736,21,0.02065492031176137
443,5,0.5221649229945547,0.14469149449694363,21,0.03157427266421574
444,1,0.417669282846347,0.22917968910020933,19,0.0525774265631517
444,2,0.4394070841522655,0.12531913553822732,21,0.02734687736335034
444,3,0.4906249518840675,0.10495192627153081,21,0.022902387927176877
444,4,0.5078549220657879,0.08120437729968863,21,0.017720247892265565
444,5,0.49232692955741664,0.13565685138459932,21,0.029602751905204828
445,1,0.4090594600277796,0.2215686788583804,19,0.05083134106302616
445,2,0.44447788504691876,0.11356305803273074,21,0.02478149093265007
445,3,0.5086643803672142,0.08369904086648718,21,0.01826462811266094
445,4,0.4720865638776175,0.0981100664452596,21,0.02140937171059758
445,5,0.5018243667297574,0.11385403998003,21,0.024844988399286477
446,1,0.4086052881473574,0.21493655376446894,19,0.04930982721748509
446,2,0.4531877835212866,0.14417268566773853,21,0.0314610592960708
446,3,0.48917538089520385,0.07847757253834373,21,0.01712521031015942
446,4,0.4812798515180153,0.09106990806002081,21,0.01987308320084354
446,5,0.5044596089730702,0.07309315734882953,21,0.015950234587349003
447,1,0.4001887384324346,0.21800507473154615,19,0.05001379420704432
447,2,0.4660071533822577,0.13265796189942602,21,0.02894834056869941
447,3,0.4746098955325825,0.07677203683327682,21,0.016753031906877568
447,4,0.4957969165935089,0.09247400907711292,21,0.020179483162471593
447,5,0.4827454190509676,0.15062973411531447,21,0.03287010278545241
448,1,0.47214252100672965,0.25479709236349957,18,0.06005625061228188
448,2,0.44556471204156733,0.13478079297502296,21,0.029411580287343576
448,3,0.5045269142152362,0.07954570777678543,21,0.01735829652837889
448,4,0.5165200443030202,0.06572124292583598,21,0.014341550974963067
448,5,0.5268368359297421,0.08082636092177689,21,0.017637757955803014
449,1,0.4203372680709451,0.20238266939856553,19,0.04642976862275519
449,2,0.48515740835794763,0.13351470059450649,21,0.029135296279223403
449,3,0.48242673267314984,0.09415647694033238,21,0.0205466277499732
449,4,0.47923436493942356,0.08965243279507293,21,0.019563764739064907
449,5,0.4918174726732143,0.12771854924100043,21,0.02787047235937282
450,1,0.4279656666430856,0.23636148970808882,19,0.05422504462012042
450,2,0.4349846773053913,0.13972367698878924,21,0.030490206008508866
450,3,0.4749810938836906,0.11643201149803176,21,0.025407547905033297
450,4,0.49318672828681137,0.07402021796078738,21,0.016152535798211333
450,5,0.48735436731549925,0.14112242251495027,21,0.03079543730620476
451,1,0.412879409501107,0.2346086310149524,19,0.05382291125666314
451,2,0.47253692004054254,0.15021973858444387,21,0.032780634425699645
451,3,0.4939540530559397,0.08770200502791904,21,0.01913814650665889
451,4,0.5146005010350605,0.12097970645465195,21,0.026399936303903818
451,5,0.5159217201543795,0.05810949759719863,21,0.012680531968334154
452,1,0.43797768444790725,0.2198108995791104,19,0.050428078839689965
452,2,0.4529054170758855,0.11236262128622808,21,0.0245195341584665
452,3,0.5016002949807925,0.09702192471696697,21,0.021171919718371814
452,4,0.5141212183344741,0.07865019749671583,21,0.017162880164377458
452,5,0.5248078546663897,0.08841575675169717,21,0.019293899901974058
453,1,0.4052859661775017,0.23761158036281227,19,0.054511835085078536
453,2,0.47348229545982423,0.1394674033342207,21,0.030434282512285853
453,3,0.476290658689998,0.07911489597541307,21,0.017264285685994647
453,4,0.4984740776678144,0.08876799011842698,21,0.019370763524132556
453,5,0.5333148944426849,0.0740411318183321,21,0.01615709957608144
454,1,0.4167615401419044,0.24042016987761375,19,0.05515616970975788
454,2,0.4652474828871952,0.13585163188794577,21,0.029645256495704195
454,3,0.47949220062366343,0.06865555915493117,21,0.014981871271761453
454,4,0.4918900869044758,0.10980947596961434,21,0.023962392174009146
454,5,0.49357241199246377,0.14505916235971894,21,0.03165450436953814
455,1,0.38589102751928867,0.2132100328830643,19,0.0489137361624348
455,2,0.4780830526084343,0.12191814220640561,21,0.02660471977377353
455,3,0.4867658346886171,0.08191878185870023,21,0.017876143747908052
455,4,0.4946187265563865,0.08273627469814665,21,0.01805453531061508
455,5,0.5139618456068755,0.07758115059478793,21,0.01692959500487543
456,1,0.4073400655497771,0.21948310807892657,19,0.05035287831211876
456,2,0.4447253235845941,0.10266198654302654,21,0.022402682110855093
456,3,0.5003594539303923,0.08040646701211404,21,0.017546129592713445
456,4,0.47034579747019384,0.09547471548317471,21,0.02083429098362002
456,5,0.48717520999941755,0.1317277112617801,21,0.028745343237161627
457,1,0.413009549256971,0.20195883828901826,19,0.04633253509772123
457,2,0.4908501907169314,0.11956635604783114,21,0.0260915179599632
457,3,0.4888138644447074,0.09927239414129878,21,0.02166301240819011
457,4,0.4945417071653402,0.07693691010499606,21,0.016789010204388444
457,5,0.5007651113295319,0.06078261286248036,21,0.013263853541881558
458,1,0.417577078926369,0.22551115773354027,19,0.051735807747440146
458,2,0.4619493076517182,0.11373097806627451,21,0.02481813408809835
458,3,0.46838965008636096,0.07053015986530665,21,0.015390942683814484
458,4,0.4847636281462807,0.07503676451765702,21,0.016374364443178087
458,5,0.5140982224038518,0.08215877181685255,21,0.017928513850253874
459,1,0.4181786700763804,0.22823758876478692,19,0.05236129392332107
459,2,0.4526916129935781,0.1482303736002243,21,0.032346519395933894
459,3,0.48033820434716323,0.06903482001417743,21,0.015064632776315262
459,4,0.5012676747881538,0.11690481456875874,21,0.02551072199362444
459,5,0.5352916859169502,0.1291768987261379,21,0.02818871030724627
460,1,0.41014055388397147,0.2321722627893442,19,0.05326397005220631
460,2,0.45796255080576664,0.12889239538006447,21,0.028126626587301043
460,3,0.4895238299447376,0.1007227154101556,21,0.021979498455644432
460,4,0.4966236428323647,0.08744409239861341,21,0.019081865356826596
460,5,0.5267932729811889,0.07476142624681954,21,0.016314280706614708
461,1,0.44459902875779456,0.2532496347474162,20,0.05662833985722154
461,2,0.4209333966213083,0.15196965536713236,21,0.033162497574106484
461,3,0.4840348214012066,0.10815646730636413,21,0.02360167611097287
461,4,0.5176422080005403,0.08931948351302568,21,0.01949110924918097
461,5,0.5151202095060988,0.08862974071028173,21,0.019340595029960727
462,1,0.4230930630321391,0.2446742827608671,19,0.056132130138837666
462,2,0.4350984959325177,0.1342629854056667,21,0.029298585412010424
462,3,0.4996093823751895,0.09272444905924203,21,0.020234133647002543
462,4,0.5141393471014141,0.07623668563661477,21,0.01663620869820666
462,5,0.5200112913307596,0.07984092263325009,21,0.017422717691522926
463,1,0.4501956801426593,0.22294077828174538,19,0.05114612225918081
463,2,0.4428537253737459,0.13674282272877994,21,0.029839730280788665
463,3,0.49823020290167896,0.09036000792737031,21,0.019718170291618296
463,4,0.4974114452391891,0.08975030503025147,21,0.019585122211738252
463,5,0.48564230894487903,0.07328442615738129,21,0.015991972863219118
464,1,0.41758425349793626,0.22740743125190166,19,0.05217084272827434
464,2,0.44018712794306647,0.14778372055819763,21,0.03224905171143534
464,3,0.5068585034902695,0.08236790647990377,21,0.017974150775200128
464,4,0.5020154334747456,0.08728605199996053,21,0.01904737811446051
464,5,0.5494490600961891,0.13558301160590827,21,0.029586638744483373
465,1,0.44955136537638435,0.21247210245602025,18,0.05008015481987161
465,2,0.4732616660890277,0.1061804713416261,21,0.0231704784404329
465,3,0.49955237520122947,0.08663364463551171,21,0.018905011155816064
465,4,0.4645566507359654,0.10045941429334954,21,0.021922041441438233
465,5,0.4758222654209454,0.12664397033206978,21,0.02763598001697388
466,1,0.4228578276483741,0.20158994236267358,19,0.046247904568057004
466,2,0.44396980032949185,0.13773819828580233,21,0.030056939034834567
466,3,0.480220615948626,0.06182722392302483,21,0.013491806363630756
466,4,0.5088602282640381,0.08948085478957489,21,0.019526323348694228
466,5,0.521537262437011,0.051169389712554185,21,0.011166076267736868
467,1,0.4313563234124408,0.23950908674529442,18,0.05645283313113158
467,2,0.4591382145524366,0.12360154839913651,21,0.02697206912156147
467,3,0.4732305236828811,0.10407702378106459,21,0.022711468551545124
467,4,0.5315236552721017,0.08709120397922364,21,0.019004858790458646
467,5,0.47890273817120416,0.13726725524515182,21,0.02995417083808249
468,1,0.4210257355164783,0.21635864695252732,19,0.04963607776985583
468,2,0.4574176157481647,0.12879852788425725,21,0.02810614302040425
468,3,0.4812682505670212,0.06213735237042603,21,0.01355948193912481
468,4,0.5141202413657214,0.06780225726444361,21,0.014795665533484874
468,5,0.5024725335276257,0.09105875818635012,21,0.019870650098934725
469,1,0.41264349816507057,0.23262957364705802,19,0.05336888435823571
469,2,0.4729969130645048,0.13073464253539974,21,0.02852863787483156
469,3,0.4913035134046453,0.08745896203079784,21,0.01908511017659047
469,4,0.5380298680836744,0.08871280690735184,21,0.01935872156023529
469,5,0.5094627894139484,0.13806000650708042,21,0.03012716334594247
470,1,0.4005980769771462,0.21751470636790113,19,0.049901295989031785
470,2,0.4925101061859437,0.15817840151666268,21,0.03451735705986783
470,3,0.5047969196784988,0.08197707180360281,21,0.017888863656706663
470,4,0.4916577056710973,0.07817000622782783,21,0.017058093838770973
470,5,0.5491109243890716,0.12343837362094072,21,0.02693646146572386
471,1,0.40150644745828584,0.24263248312042573,19,0.055663709175909154
471,2,0.4660037602722472,0.11867032730457756,21,0.025895988458019596
471,3,0.4796275557910544,0.09140178205220785,21,0.01994550404324279
471,4,0.48617140939231607,0.08243482626858972,21,0.017988753870302215
471,5,0.477498536711061,0.14330428217111013,21,0.03127155811716299
472,1,0.3982833264512715,0.21186620839152953,19,0.048605441680516115
472,2,0.46880485767561647,0.11756340334356213,21,0.025654437846595143
472,3,0.5036516454872443,0.07606908726076324,21,0.01659963573422136
472,4,0.5145917658008207,0.07385516217329036,21,0.016116517672492493
472,5,0.49476825743958425,0.09932309876053758,21,0.02167407706322562
473,1,0.40220937421725433,0.24484161836496898,19,0.056170519559255366
473,2,0.45677959178035077,0.1200665033355192,21,0.026200659045889745
473,3,0.46998146215980025,0.08122835321371204,21,0.017725479865640232
473,4,0.5160798186660961,0.10403864887853854,21,0.022703094461277877
473,5,0.5253371236189166,0.13794259729027297,21,0.03010154255435649
474,1,0.42370173703830066,0.187860461294854,18,0.044279135366141406
474,2,0.46858242044707066,0.11613841616976588,21,0.025343480151915974
474,3,0.5030729568393761,0.09597961674999174,21,0.020944469472842314
474,4,0.5054037558860492,0.09314717338031957,21,0.020326379656499527
474,5,0.5051814323339233,0.10434477133189601,21,0.02276989585720341
475,1,0.4261864411035203,0.2001752764114644,19,0.04592335794067865
475,2,0.4586879221145677,0.1300801393052337,21,0.02838581356079209
475,3,0.49491185532088056,0.09853885762492852,21,0.021502941617176734
475,4,0.5207504808962404,0.07678415837136718,21,0.01675567704334606
475,5,0.522894459447205,0.08910606621467708,21,0.019444537776595473
476,1,0.41784812199204585,0.19261679203217244,19,0.04418932269985421
476,2,0.44607611530585667,0.12139564728745497,21,0.026490702034901097
476,3,0.5097508170312194,0.07620447581873692,21,0.016629179939704468
476,4,0.5225918744002114,0.10743937304242843,21,0.023445193313596485
476,5,0.4751224486575962,0.14947821868674385,21,0.032618821518055535
477,1,0.4270964993049252,0.2045742692712636,19,0.046932556115900845
477,2,0.4602430175048709,0.13376825084981075,21,0.0291906254810047
477,3,0.5008856092517875,0.1080856846824999,21,0.023586230076127847
477,4,0.5171088727543806,0.07839779302096173,21,0.017107800992192276
477,5,0.5498255311605925,0.150719033021281,21,0.03288958940431281
478,1,0.40359410921639166,0.2400186390650902,19,0.05506405222373115
478,2,0.44796658751316704,0.13112613254586705,21,0.028614067998964206
478,3,0.4848670857055609,0.09566833198798294,21,0.02087654156881414
478,4,0.523493185399933,0.09286778340625394,21,0.02026541176580584
478,5,0.5179818182424025,0.08801531965140887,21,0.019206517362776922
479,1,0.3720513629606461,0.23021509189395845,19,0.05281496425493129
479,2,0.4360714075165207,0.11543070344457755,21,0.02518904457413221
479,3,0.4864335837601737,0.09963968969658389,21,0.021743162869357485
479,4,0.5292075277960848,0.08091702617664018,21,0.01765754273643699
479,5,0.4826582070035085,0.13378039172969866,21,0.029193274838199446
480,1,0.4423552312208838,0.2207132324986802,18,0.052022607799139954
480,2,0.4584660090004237,0.10319006121849923,21,0.0225179174524238
480,3,0.4910457594190108,0.08238445207825103,21,0.017977761320764157
480,4,0.5093213524820374,0.08702699880316246,21,0.018990848072396347
480,5,0.5372302491205411,0.09595512206014245,21,0.020939124293301418
481,1,0.41046305978403036,0.22996798486807823,19,0.052758274015244404
481,2,0.4451748208087056,0.13909666351071542,21,0.030353380450174067
481,3,0.4836719760569614,0.08202231755100314,21,0.017898737088246516
481,4,0.5068088982355721,0.11187007308752143,21,0.024412051329705198
481,5,0.5256387607974825,0.09887613868829488,21,0.021576542379241094
482,1,0.3943523982438484,0.2041730340994267,19,0.0468405064544992
482,2,0.4552316300603176,0.1360782088447722,21,0.02969469964119895
482,3,0.5008811811405977,0.0730617955736464,21,0.015943390886934482
482,4,0.5231274206592674,0.07749978673678438,21,0.016911839955440433
482,5,0.5231449212805266,0.12786507240885275,21,0.027902446335932248
483,1,0.4261031778988079,0.23504219618901567,19,0.05392237792925158
483,2,0.4763230094185341,0.11326147508904584,21,0.024715680138947992
483,3,0.48419292498082117,0.09336286319640269,21,0.020373447033110576
483,4,0.49921674508392805,0.09429869498446876,21,0.02057766227151813
483,5,0.512972057692235,0.08764927369027294,20,0.019598973414993413
484,1,0.40468931117038776,0.23204162978822082,19,0.053234000786385884
484,2,0.4529286385683469,0.11364916549681858,21,0.024800281121796892
484,3,0.4921117730756005,0.08860913982437699,21,0.019336099548101598
484,4,0.5055552074500683,0.08346813749031048,21,0.018214240865063295
484,5,0.5203933058826828,0.13328435723597257,21,0.02908503123749426
485,1,0.3954424067029997,0.2378115412572365,19,0.05455770926041828
485,2,0.4432344355080516,0.14625434785896738,21,0.031915315227624794
485,3,0.4974598119004168,0.07569571019996352,21,0.01651815817975113
485,4,0.48342529778517557,0.10329963195773495,21,0.022541827747971418
485,5,0.5304309182653569,0.06622040582390935,21,0.014450477249464723
486,1,0.4201959605543251,0.236842263565815,19,0.05433534170751646
486,2,0.44919493971995844,0.09548523162203668,21,0.02083658579325591
486,3,0.4702476133910098,0.10853836841724732,21,0.02368501376566858
486,4,0.4973730141527024,0.0930046149098262,21,0.020295270847833193
486,5,0.4956025653262864,0.1280458106687649,21,0.0279418866576952
487,1,0.4565136994833565,0.22971079111192544,19,0.052699269720929684
487,2,0.45110930066090144,0.13246521133238634,21,0.02890627894661822
487,3,0.5021899169369063,0.10410075592884055,21,0.022716647330763562
487,4,0.481715300683653,0.06371410757374885,21,0.013903558133012537
487,5,0.5167329104111733,0.08947189815398443,21,0.019524368850572064
488,1,0.3872203767212949,0.22335173514104306,19,0.05124040222864573
488,2,0.4472732066545418,0.13457828914905406,21,0.029367390329675926
488,3,0.515300603804432,0.06669372026581716,21,0.01455376292839607
488,4,0.48655896686351274,0.09538791704856406,21,0.020815350012343498
488,5,0.5372789097322082,0.12580746470716767,21,0.027453439524337202
489,1,0.4242856554676065,0.2202395675205371,19,0.050526422010059156
489,2,0.4476083313152963,0.13072297609761463,21,0.028526092049391525
489,3,0.4879054170127458,0.11451088954813646,21,0.02498832472624109
489,4,0.5095215520324127,0.09930142070098023,21,0.021669346522804608
489,5,0.5319414227677142,0.13490887573592686,21,0.029439530237203623
490,1,0.3949321498050073,0.22536771445283335,19,0.05170289960192797
490,2,0.4715252316037046,0.11953387972059325,21,0.026084431044350733
490,3,0.49443950589204483,0.06942669106777762,21,0.015150146050876449
490,4,0.525826866511302,0.08483276081030018,21,0.018512026086918282
490,5,0.4978341535017768,0.08155125368723984,21,0.017795942525729674
491,1,0.4401463307493576,0.22082402111799798,19,0.050660504861033934
491,2,0.46581508652591247,0.13809048311464212,21,0.030133813886946133
491,3,0.48426830370315,0.08584838890794351,21,0.018733654307650404
491,4,0.5211523214138318,0.09401811676106248,21,0.02051643508356025
491,5,0.48246543874294606,0.08664754988737625,21,0.018908045530541144
492,1,0.4363889919724392,0.20648346268222717,19,0.04737055512337789
492,2,0.4694769741593235,0.11974556758921429,21,0.02613062512442977
492,3,0.48021109685414,0.07542999553252056,21,0.016460174485616968
492,4,0.47874817516611756,0.09746533953426248,21,0.02126868076430142
492,5,0.4858247241804946,0.14332191197145974,21,0.03127540525500057
493,1,0.4162020656984015,0.18880836842679102,18,0.044502559219783994
493,2,0.4419981535255353,0.16541747819748803,21,0.036097053100414105
493,3,0.4946718381848627,0.07570577107015224,21,0.01652035364161765
493,4,0.5141899595362975,0.07106063770025231,21,0.015506702437773282
493,5,0.4884792977159789,0.07951567675101597,21,0.017351743221293854
494,1,0.3822225702115239,0.21468956796779207,19,0.04925316478968486
494,2,0.4700899722770415,0.1192840006556026,21,0.026029902961974334
494,3,0.4824545855664673,0.0883714815370886,21,0.01928423825805243
494,4,0.527825365146543,0.08884930993583547,21,0.01938850896312181
494,5,0.5246680546230093,0.14128417638397975,21,0.03083073489424188
495,1,0.38908910607578406,0.24871410192596374,20,0.055614163886926624
495,2,0.46100171764794756,0.13772793023991559,21,0.030054698363524316
495,3,0.481122674860015,0.06020168627874082,21,0.013137084968395914
495,4,0.5016446076486983,0.08135193714447789,21,0.017752448090279028
495,5,0.5111277821835133,0.08397659026191147,21,0.018325194356166703
496,1,0.46135341117420675,0.23849034586950124,19,0.05471343771869572
496,2,0.4752641443496344,0.10925174438126471,21,0.02384068516348152
496,3,0.47909551600579275,0.08115289727505026,21,0.017709014029899686
496,4,0.4945578611176364,0.08239089285320313,21,0.01797916681308569
496,5,0.5094072013981373,0.09768150845941036,21,0.02131585269108177
497,1,0.40172509935403505,0.23054877203962293,19,0.05289151573042694
497,2,0.467980630511265,0.11945724400398036,21,0.026067707759954747
497,3,0.46497165417108544,0.08478442524478136,21,0.0185014784017874
497,4,0.4859492947357199,0.07931823831406438,21,0.01730865862213079
497,5,0.4844564801867972,0.15128332528803268,21,0.033012728072239844
498,1,0.4367491824023587,0.224531527272714,18,0.052922588508236106
498,2,0.46266275990591005,0.14011257343717906,21,0.030575070170996765
498,3,0.4780115891883008,0.08033228704850441,21,0.01752994219755677
498,4,0.519654762750928,0.07149675687394871,21,0.015601871443748775
498,5,0.5158825066030959,0.1288570338069784,21,0.028118910059426776
499,1,0.4454212300251582,0.21147189323559493,19,0.04851497957964109
499,2,0.4633357568668477,0.1485213090185005,21,0.03241000670910505
499,3,0.47933664007220206,0.07484631998225993,21,0.016332806038456764
499,4,0.49804418886176693,0.07626890081352079,21,0.016643238626144672
499,5,0.531059139540805,0.13105467913549346,21,0.028598475586502314
500,1,0.40265619699530353,0.22363956533233442,19,0.05130643500321094
500,2,0.47956555582535776,0.14411423379773292,21,0.03144830405231783
500,3,0.48554767226925427,0.0721906286917949,21,0.015753286687933382
500,4,0.4816702414547221,0.07845894949283751,21,0.017121146428459286
500,5,0.5286416365952721,0.08377571439947769,21,0.018281359649267068
501,1,0.40195655971535393,0.22331026097167447,19,0.05123088740164336
501,2,0.43652168589696505,0.14386790477883915,21,0.031394550653510926
501,3,0.47639530374675754,0.07465359159961733,21,0.016290749257407897
501,4,0.5029897555367385,0.0925483447675013,21,0.02019570453999738
501,5,0.49027689681785125,0.132498980670495,21,0.028913648020334956
502,1,0.39999372519017223,0.2416594478366161,19,0.05544047957219202
502,2,0.48104907361270477,0.1283275715112539,21,0.028003371914294268
502,3,0.48074622327339206,0.09820364173071952,21,0.021429791511968874
502,4,0.49783169919604586,0.08613885465107203,21,0.018797039129301737
502,5,0.5452421886407945,0.12373744588435642,21,0.027001724384074537
503,1,0.4196810802917547,0.20741016377911464,18,0.04888704443174147
503,2,0.47877707832722877,0.12160613229451132,21,0.02653663362906724
503,3,0.502195005299913,0.07789814483849107,21,0.016998768819953283
503,4,0.5191455868923482,0.0908919378151373,21,0.019834246909480276
503,5,0.5202936145338575,0.12586216947232667,21,0.027465377082776056
504,1,0.415459406602764,0.23757804582943753,19,0.054504141735494366
504,2,0.4521088472470567,0.13055716845945708,21,0.028489909856407775
504,3,0.48478660375002375,0.07576565599261996,21,0.0165334216030555
504,4,0.5016409111041457,0.11286334445929917,21,0.024628800912886346
504,5,0.504789670530107,0.11387263820566973,21,0.02484904686484771
505,1,0.4488839447644952,0.19762693004758008,19,0.045338727189451755
505,2,0.45898540016234773,0.11648922987458699,21,0.025420033978447908
505,3,0.48380185994944064,0.08372281229294758,21,0.01826981546319103
505,4,0.4911461359395451,0.06676975019712492,21,0.014570354019600835
505,5,0.5008800998208438,0.09237406617467271,21,0.020157673833157027
506,1,0.39770775938454384,0.23578042574073643,19,0.054091739403624536
506,2,0.4442320956630149,0.12382798958695945,21,0.027021482639830726
506,3,0.4842121264065992,0.08177339555894117,21,0.017844417856305413
506,4,0.4856945082757247,0.09273072163352729,21,0.02023550243492942
506,5,0.5142566810310484,0.1005284533275377,21,0.021937106993822706
507,1,0.4101629808883655,0.2399700463238111,19,0.05505290428432982
507,2,0.4708268279056626,0.12898538946795476,21,0.02814691956096488
507,3,0.47885770084525414,0.07348711856836698,21,0.016036203973511264
507,4,0.5161551552022435,0.08832634948347573,21,0.01927438963653101
507,5,0.5141552368624089,0.15063922780729808,21,0.03287217447888762
508,1,0.43085298465025296,0.25740434475577967,20,0.05755736125777148
508,2,0.45473196038443264,0.1338278726407515,21,0.029203636022435878
508,3,0.48641745725658286,0.09793557614495592,21,0.021371294805398667
508,4,0.49100414687858607,0.10072413919296164,21,0.021979809150524523
508,5,0.5187893622624116,0.14490852647159844,21,0.03162163292383866
509,1,0.4599133174806391,0.22938842564990425,19,0.052625314011885575
509,2,0.4534440022880738,0.12605092824623673,21,0.02750656762418224
509,3,0.47282317269270957,0.07656036289913584,21,0.016706840867551368
509,4,0.4714185203213814,0.1025286169867569,21,0.022373578487664223
509,5,0.5145764951715649,0.05883415588114334,21,0.012838665370198604
510,1,0.39939849500336827,0.20386443595374293,19,0.04676970918443607
510,2,0.46036635603796433,0.13679261050342337,21,0.0298505948639309
510,3,0.4955538092532566,0.06728056879175796,21,0.014681823775614975
510,4,0.5115905555506755,0.07940824144572083,21,0.01732829891563549
510,5,0.5042189754745092,0.06954104114819358,21,0.015175099284173137
511,1,0.4405012786152146,0.1971986799991722,18,0.046480174622816894
511,2,0.4604613330628235,0.1512280053482873,21,0.033000656271700624
511,3,0.48136308559873325,0.07431959912359433,21,0.016217866123935464
511,4,0.49301101147066523,0.09278816499175094,21,0.020248037603369056
511,5,0.46271296362885406,0.12627967072552662,21,0.02755648332542023
512,1,0.4496671678168991,0.19222968665594772,19,0.044100514635882375
512,2,0.48547324005931053,0.1133429108379954,21,0.02473345087627355
512,3,0.4733208379016589,0.09228438893356808,21,0.020138104654800988
512,4,0.5010911867297994,0.08656197959779982,21,0.018889372562482895
512,5,0.5022644558196162,0.09072037087872276,21,0.019796807934581644
513,1,0.36395443390119064,0.23805412864378658,19,0.05461336262373141
513,2,0.46764021986847415,0.12188839270583647,21,0.02659822790052376
513,3,0.5023677317071351,0.08432964000556109,21,0.01840223612637428
513,4,0.5048440422919642,0.09060091077240741,21,0.01977073960221414
513,5,0.49665298225503207,0.0915858501423528,21,0.01998567099353399
514,1,0.4203497055686647,0.19562899311056534,18,0.04611019587505905
514,2,0.46164460401391516,0.12219282495068004,21,0.02666466046271333
514,3,0.5025786308043113,0.08604576477104363,21,0.01877672525207962
514,4,0.4996622253631269,0.06899038464706914,21,0.015054936184253027
514,5,0.494683055702587,0.1476710292993772,21,0.03222446046268751
515,1,0.39806510509692133,0.2426958154522287,19,0.055678238609287466
515,2,0.4599364362416997,0.10664752913686466,21,0.023272398807128135
515,3,0.49524868217141915,0.08794719717192508,21,0.019191651819026326
515,4,0.49865703808685635,0.0743338789015244,21,0.016220982226948403
515,5,0.5238385605479108,0.0815818131017384,21,0.017802611136688396
516,1,0.42351039557196823,0.2096214307407695,19,0.04809045436839077
516,2,0.4689230219086177,0.14023122327489362,21,0.030600961688259678
516,3,0.48646918311618537,0.0745611181742311,21,0.01627056990161722
516,4,0.5113890378793927,0.07790184269936543,21,0.01699957575935167
516,5,0.5296754521421828,0.1255655586029924,21,0.027400651284648865
517,1,0.4220484715245475,0.23895035715040217,19,0.05481897154429234
517,2,0.4460959475355642,0.13785260812262728,21,0.030081905308048752
517,3,0.4746165910352691,0.07216298222159752,21,0.015747253733534437
517,4,0.5004527640553095,0.08867215751976504,21,0.019349851136636714
517,5,0.5059446636713907,0.06266175006346744,20,0.014011593273101496
518,1,0.4201113028958304,0.19525963036899496,19,0.044795631396397605
518,2,0.4194070807777741,0.10994672858907527,21,0.023992343151057274
518,3,0.48023084086842355,0.05174695423636545,21,0.011292111179598118
518,4,0.5292416027820641,0.06674872574168234,21,0.014565766107290795
518,5,0.5083140675336397,0.08057479077019085,21,0.01758286084807756
519,1,0.4271739296040283,0.22791010315573595,19,0.05228616357198859
519,2,0.4637759269259069,0.12894162736602138,21,0.028137369887408687
519,3,0.4589551207658589,0.06770973334365907,21,0.014775475158694908
519,4,0.5026111818479144,0.09300028857119273,21,0.020294326763344153
519,5,0.5076963818832183,0.06982089568163077,21,0.01523616855003278
520,1,0.4239262576782165,0.23666850982554802,19,0.054295479865680354
520,2,0.45794378249252266,0.127545611359589,21,0.027832734219749338
520,3,0.46367724406615984,0.07814829491321694,21,0.017053356041502335
520,4,0.48598718421188397,0.07271528772643726,21,0.01586777667556629
520,5,0.5219799722657327,0.1410961780267883,21,0.030789710289367733
521,1,0.40466269951522177,0.21120899060156786,19,0.04845466557891927
521,2,0.45034471448267094,0.13077572513040744,21,0.028537602832039564
521,3,0.4500597057088608,0.09440800095763081,21,0.020601514790371745
521,4,0.5352635126973787,0.09958777762274795,21,0.021731834726127233
521,5,0.5231112153908388,0.07303555799271304,21,0.01593766537737831
522,1,0.3956225181336614,0.2317807291152905,19,0.05317414606703825
522,2,0.4516125553270952,0.1617682358484909,21,0.03530072313405612
522,3,0.48730689229417495,0.09246989390455346,21,0.020178585158197707
522,4,0.5080068413270867,0.0824142844856931,21,0.01798427128577683
522,5,0.5015435107164463,0.09282723546224556,21,0.02025656347901092
523,1,0.4258032107276261,0.20578555243256325,19,0.04721044353127546
523,2,0.4557992402907986,0.14623751447104855,21,0.03191164188122762
523,3,0.4965165903372082,0.0710340803108602,21,0.01550090714028996
523,4,0.49851153485035543,0.08603254013264172,21,0.018773839399388422
523,5,0.5398146082311888,0.1419849454613362,21,0.030983655243845228
524,1,0.3910537292119674,0.21487360148903265,19,0.04929538497501705
524,2,0.45787353858134583,0.12725143152995166,21,0.027768538917975892
524,3,0.48871096810026465,0.09925084873521822,21,0.021658310815130935
524,4,0.5119282996040196,0.08811851774249599,21,0.019229037032490338
524,5,0.5379903644612793,0.11990881632842969,21,0.026166248919885043
525,1,0.44878470193535364,0.2000655339823928,18,0.047155898586885875
525,2,0.4468828873742881,0.139385013953475,21,0.030416303675441674
525,3,0.4818134142786578,0.07615254824800019,21,0.01661784841477322
525,4,0.4940501173563515,0.07215998845705528,21,0.015746600440552167
525,5,0.5152200236701354,0.10983635401968965,21,0.02396825744539024
526,1,0.40104609105348427,0.22993047030231983,19,0.052749667583610105
526,2,0.45659290548773274,0.13593527971978508,21,0.029663509949090984
526,3,0.47649281089962336,0.08601011094012177,21,0.01876894494831702
526,4,0.5121930474161216,0.10157482096270815,21,0.022165443131580826
526,5,0.4780834756683448,0.08176131429668394,21,0.017841781508744253
527,1,0.40860344008126004,0.24256391290554108,20,0.05423893981451283
527,2,0.45577108909869146,0.11325204293257901,21,0.024713621873663424
527,3,0.46862703957682655,0.0630283544043351,21,0.013753914523160425
527,4,0.4964560022221091,0.09897202679035234,21,0.021597466878570806
527,5,0.5149731148296148,0.07303208538672577,21,0.01593690759262615
528,1,0.42523910118385094,0.19887741892127708,19,0.04562560901210792
528,2,0.4854447120758475,0.13229887683248415,21,0.028869981782976104
528,3,0.4794273990124913,0.059028181509946355,21,0.01288100523356771
528,4,0.5124540974142275,0.08675714444725066,21,0.01893196102417828
528,5,0.4960585368628622,0.11917388146610333,21,0.026005872984767305
529,1,0.4253417029642611,0.21666670206295768,19,0.04970675045908779
529,2,0.46610347638252086,0.15368714004859899,21,0.033537283457808764
529,3,0.4872638712006451,0.08566537288686824,21,0.018693716937651973
529,4,0.488678742426908,0.09048351806166506,21,0.01974512241254686
529,5,0.48865806118733157,0.11702166377830599,21,0.025536220581607583
530,1,0.3956299411082112,0.21840589392554155,19,0.05010574843658418
530,2,0.4448864099676221,0.14664525927081778,21,0.03200061909118796
530,3,0.4949403020945334,0.08101215629391004,21,0.01767830182992552
530,4,0.5111959010946102,0.1050150035865977,21,0.022916152525792523
530,5,0.5031599205743975,0.13771196486525236,21,0.030051214433148482
531,1,0.3909638042834981,0.22308100873368775,20,0.04988243000177501
531,2,0.4587518900695274,0.1324854489872815,21,0.028910695164972765
531,3,0.4979712734561594,0.09295288732777882,21,0.020283982964011807
531,4,0.5146007327450322,0.08509394625681135,21,0.018569021424016296
531,5,0.4962356156678399,0.09642075490273085,21,0.021040733709835644
532,1,0.41565267926544847,0.24056247939894027,19,0.05518881775302977
532,2,0.45478553848428743,0.14243744970264863,21,0.031082399764707266
532,3,0.4686254118040629,0.07569694139550323,21,0.016518426848644272
532,4,0.5320237682552837,0.10322071575810553,21,0.022524606821382843
532,5,0.5561204547254663,0.1638124739812964,21,0.035746812466536895
533,1,0.3963316191870197,0.23231244842376192,19,0.053296130842404366
533,2,0.459462271008707,0.12741367527615813,21,0.02780394340597705
533,3,0.48620390405273173,0.07644714886138942,21,0.01668213553908925
533,4,0.4910585361133637,0.08416757894252637,21,0.018366871503109443
533,5,0.5197335629428157,0.10422334648811032,21,0.02274339878397026
534,1,0.41161446548316194,0.21842290215996743,19,0.05010965039316683
534,2,0.4640618938559002,0.15847938463108296,21,0.03458303696009328
534,3,0.47437771260703016,0.08018595371668488,21,0.01749800964661591
534,4,0.5117439982564262,0.09701176171380504,21,0.02116970196926336
534,5,0.5764394663098515,0.16134127547133423,21,0.035207552741338626
535,1,0.42764759995767104,0.226412100391958,19,0.05194249816859634
535,2,0.4698222039369656,0.14144891982263175,21,0.03086668485985474
535,3,0.5000145674762564,0.10090948881231843,21,0.022020255753416606
535,4,0.5116871870938213,0.0909908208138352,21,0.01985582494883634
535,5,0.5030800810958362,0.12039566604195012,21,0.026272488237231467
536,1,0.4076530599189202,0.24537687862327742,19,0.05629331668422694
536,2,0.4622260769189682,0.14519848599774396,21,0.03168490727988797
536,3,0.4922033943217839,0.1113632432111411,21,0.024301451983372916
536,4,0.49442223449067135,0.09604661734427657,21,0.020959090201171707
536,5,0.5307732026302414,0.13594843501245998,21,0.029666380669303938
537,1,0.40145986296771174,0.25165801166321883,19,0.057734307430123734
537,2,0.45654026777222223,0.1554900544344941,21,0.03393071163137491
537,3,0.4628716077114244,0.08986096729699745,21,0.019609270698116292
537,4,0.5200359805339255,0.0748705034609424,21,0.01633808330615342
537,5,0.5046506925389725,0.11018835657963716,21,0.02404507070137965
538,1,0.40427979043290657,0.22321140274411924,19,0.05120820776881964
538,2,0.47621931694971875,0.13596341620941949,21,0.02966964983449765
538,3,0.49403440785988983,0.09105005588847141,21,0.019868751101851427
538,4,0.4991313207159308,0.09775994159140564,21,0.021332968203670383
538,5,0.5317203769353698,0.060587244285348466,20,0.013547719679142483
539,1,0.44020719954588083,0.22004138997676836,18,0.05186425299809551
539,2,0.46149471714389634,0.14160032680786544,21,0.030899724572739432
539,3,0.48237847080092966,0.08093699465357813,21,0.017661900215345618
539,4,0.520540606233739,0.08284258358629289,21,0.018077733811899685
539,5,0.561908391754874,0.13810852768880574,21,0.030137751535850327
540,1,0.4003434018850242,0.21516110649158154,19,0.04936134314616827
540,2,0.44438857122589476,0.17233807694692843,21,0.03760725155868684
540,3,0.5114637718158427,0.07891346067981778,21,0.017220328900770777
540,4,0.5121007701359067,0.11094008900302622,21,0.024209112164833603
540,5,0.4794827386049442,0.13424860010429704,21,0.029295446281895128
541,1,0.4167601884619713,0.23479281941173963,19,0.053865166972882524
541,2,0.47136194894738737,0.14328239580045396,21,0.03126678211953348
541,3,0.508057270427703,0.09723872253163866,21,0.021219228880097245
541,4,0.4963760728406533,0.10509268460137065,21,0.02293310391294767
541,5,0.5406014654466721,0.07836290839808868,21,0.017100188543387244
542,1,0.3900464494441241,0.21597430148486682,19,0.049547902872332676
542,2,0.4714186108083617,0.13948779982284717,21,0.030438733391002143
542,3,0.49899300078806763,0.07549830384455024,21,0.016475080581353666
542,4,0.5173330202442592,0.09309417321175531,21,0.020314814071533283
542,5,0.5130593996753616,0.08197978068582024,21,0.01788945478326905
543,1,0.4300762474553597,0.23551800314832672,18,0.05551212570589883
543,2,0.4568570525273488,0.13192958423904563,21,0.028789395532356172
543,3,0.4971477680821061,0.09462446957114477,21,0.02064875211451507
543,4,0.5256438881865649,0.08273704217586643,21,0.018054702787983892
543,5,0.5173098762495969,0.15848701011371857,21,0.034584700976826054
544,1,0.3855810848232982,0.24379973328170534,20,0.0545152776514211
544,2,0.4808995915026769,0.14178461436637307,21,0.03093993941495371
544,3,0.47425099139529553,0.10011614985786188,21,0.02184713500053307
544,4,0.5094284486660626,0.10334997091649258,21,0.02255281260934818
544,5,0.5323597622208057,0.16453225349298775,21,0.035903881233013274
545,1,0.4358260962227637,0.264049912892407,20,0.05904335546803201
545,2,0.4582735045795951,0.12234413109108877,21,0.026697678169453072
545,3,0.5029586656016255,0.09283063172163224,21,0.020257304603568976
545,4,0.5084893098021726,0.09300998887483614,21,0.020296443543139864
545,5,0.5061018504310274,0.08884106783708992,21,0.019386710389722443
546,1,0.4183897827056562,0.2281983613306407,19,0.052352294532728556
546,2,0.45729215181248584,0.1538935282142816,21,0.0335823210478937
546,3,0.47538591713701417,0.06533955571296002,21,0.014258259996639218
546,4,0.5300740253317467,0.095568643829873,21,0.020854787829269878
546,5,0.45182055659402176,0.14298800022078723,21,0.031202539737243802
547,1,0.4471327872225859,0.22908388869032448,19,0.05255544844181287
547,2,0.45898435417683753,0.123175252373967,21,0.026879043702332992
547,3,0.4799187638318869,0.0686665359925279,21,0.014984266614103273
547,4,0.5012843084505331,0.08277803930723282,21,0.018063649095496397
547,5,0.4913724919162609,0.14987250775805186,21,0.03270486244733948
548,1,0.38593223188136855,0.23246218601377658,19,0.053330483001505585
548,2,0.47941461551814774,0.12159389197469078,21,0.026533962572300188
548,3,0.49380227650838,0.09863421428329289,21,0.02152375014598496
548,4,0.5088340716128437,0.08979521770014082,21,0.01959492295980637
548,5,0.5053320935259317,0.07713425512852719,21,0.016832074419071977
549,1,0.42812166821621156,0.22912875306673552,19,0.052565741035651856
549,2,0.4540683146041423,0.10843614731740166,21,0.023662707292922656
549,3,0.4876184575704348,0.07731052521605883,21,0.016870539705684848
549,4,0.5214807200415328,0.08200620443720726,21,0.017895220918548845
549,5,0.5238583888038362,0.09117882539066677,21,0.019896850910947235
550,1,0.39547802751676014,0.2331055338160429,19,0.05347807710969653
550,2,0.4433930829142608,0.13699259328247465,21,0.029894234684059003
550,3,0.49043846862025464,0.07661395288875797,21,0.01671853516202448
550,4,0.5143386748522852,0.08210789151821356,21,0.017917410858830297
550,5,0.5324432264259139,0.07905703728710543,21,0.017251659885100332
551,1,0.4144152655739131,0.20800499533931072,19,0.04771961865451074
551,2,0.4664106690684969,0.14029599386762787,21,0.030615095790355477
551,3,0.5086665787767319,0.10177355864135688,21,0.02220881124852595
551,4,0.48450037177435606,0.07165468300121632,21,0.01563633375005425
551,5,0.49960740626690703,0.13453992769666243,21,0.029359019174468634
552,1,0.39924490284134534,0.21500041307588857,18,0.05067608334795656
552,2,0.44888694267276275,0.13998843377437975,21,0.03054798067568609
552,3,0.46214158229121755,0.08460336545588187,21,0.01846196791664718
552,4,0.5206928826831724,0.08219249060442697,21,0.01793587189293968
552,5,0.5037664818116189,0.15037212245112502,21,0.03281388731159281
553,1,0.40708546409165997,0.23017156804922648,19,0.05280497920015123
553,2,0.4536356797201731,0.13587782616184166,21,0.029650972554890017
553,3,0.5044158967555455,0.07429980502321934,21,0.016213546697112512
553,4,0.5025145949373829,0.10483381142437255,21,0.022876613154424453
553,5,0.5484872389273967,0.1318550748780305,21,0.028773136256792616
554,1,0.428808441230988,0.26645394963037655,20,0.05958091442468269
554,2,0.4474255800582692,0.14371180247190904,21,0.031360486337431666
554,3,0.4783599965512514,0.08584441604756794,21,0.018732787358441045
554,4,0.5039763276969138,0.10022074914964721,21,0.021869960437306643
554,5,0.4979155709457637,0.13591253262984074,21,0.02965854612711432
555,1,0.37920805706293403,0.22175709366366267,19,0.05087456638385207
555,2,0.4579688545921365,0.1520217246643233,21,0.033173860026285557
555,3,0.4994153547664842,0.0812414557962093,21,0.017728339083549427
555,4,0.5079039441183134,0.08598611270630803,21,0.018763708104364795
555,5,0.514190669252499,0.09994494790825595,21,0.021809775672285772
556,1,0.41264465314972726,0.2224850007735997,19,0.05104155972766787
556,2,0.46688659854677284,0.1522022693080504,21,0.033213258097533095
556,3,0.49311940881291993,0.06983453720599667,21,0.015239145374699507
556,4,0.5078174359704771,0.07730636099827606,21,0.01686963099886581
556,5,0.5071038294951438,0.08661552572545747,21,0.018901057285490654
557,1,0.38189708047153725,0.23951962296776214,19,0.054949570079549405
557,2,0.44758155454396614,0.13469692171625577,21,0.029393278078203963
557,3,0.502170287607527,0.06846822782570518,21,0.014940992224322653
557,4,0.507060110325561,0.08029355730919727,21,0.017521490675555775
557,5,0.541843713601733,0.12134912951332998,21,0.026480551024373064
558,1,0.3974852845045248,0.20887533735952676,19,0.04791928880779699
558,2,0.4575294942738286,0.16441924833320803,21,0.03587922148546036
558,3,0.5119216021331181,0.11420964214442393,21,0.024922587153363873
558,4,0.5160226689094521,0.07384482184082546,21,0.016114261226957662
558,5,0.5234655346283118,0.13220539232344028,21,0.0288495817906428
559,1,0.43242626454753713,0.22349200546177303,18,0.05267757086766688
559,2,0.4719986880465244,0.11881999103870027,21,0.025928647762324696
559,3,0.49168039653315593,0.09292226484754336,21,0.02027730059098103
559,4,0.47124098024292527,0.10163164825168326,21,0.022177843862688805
559,5,0.4879641942973172,0.0688801973439999,21,0.015030891343446465
560,1,0.399766475054252,0.22576722132928848,19,0.051794552765176256
560,2,0.4548885102661554,0.14320390984649892,21,0.03124965508024825
560,3,0.49249222576722523,0.08030149887868146,21,0.017523223668093776
560,4,0.5090028545095417,0.09687654283367536,21,0.021140194790521386
560,5,0.5005778060941536,0.08647335667257246,21,0.018870033454713237
561,1,0.4192070148177809,0.242916600930646,20,0.05431780325441131
561,2,0.45552339226813077,0.11223438922902979,21,0.02449155162948407
561,3,0.4818350825988946,0.09429042464539757,21,0.020575857535574477
561,4,0.5133225714479448,0.08872153326789059,21,0.019360625808221496
561,5,0.4822183017351427,0.1348955311166838,21,0.029436618202546398
562,1,0.37520528222202404,0.2493738636625629,19,0.05721028794028428
562,2,0.4409332935509712,0.1504144471057816,21,0.03282312330843694
562,3,0.49181332994999044,0.07452306593553304,21,0.016262266222369773
562,4,0.5322478644601502,0.09302447603086622,21,0.02029960489976427
562,5,0.5300815267463113,0.13220841256074237,21,0.028850240860454877
563,1,0.4410345631769745,0.2336592894275492,19,0.05360511735969519
563,2,0.47021179533021285,0.13408678242832223,21,0.029260134770041014
563,3,0.49946094877523717,0.08009271677177632,21,0.01747766367720591
563,4,0.4987799806368396,0.06368408358394204,21,0.013897006361300429
563,5,0.5201178909977217,0.12392830143657355,21,0.027043372480019184
564,1,0.40600106876767267,0.20227041073025745,19,0.04640401471798196
564,2,0.4634442133652433,0.130770204801688,21,0.028536398197552996
564,3,0.48048806329606997,0.09055142545252375,21,0.019759941020111475
564,4,0.49863849302432584,0.07356976359953425,21,0.016054238597851073
564,5,0.48693936441486685,0.13154551873883918,21,0.028705585569188688
565,1,0.41108825961056966,0.23496697042467493,19,0.053905119955319374
565,2,0.4695300333163197,0.13479370741083685,21,0.02941439844828047
565,3,0.5023652643964274,0.073939664213387,21,0.01613495752940302
565,4,0.4860201534884875,0.08829064079169158,21,0.019266597361146786
565,5,0.48505801783231217,0.08837226674431177,21,0.019284409604316065
566,1,0.3667925106418323,0.22641098224215858,19,0.05194224164743953
566,2,0.46238070823353505,0.15580300448817067,21,0.033999002931837455
566,3,0.49145926238665266,0.06169926999699211,21,0.013463884527844482
566,4,0.5273520053091759,0.09818958628334425,21,0.02142672436189632
566,5,0.5232359132890306,0.09475298291552593,21,0.0206767960253931
567,1,0.46508186846132404,0.16569880818272872,18,0.03905558363351216
567,2,0.4755696638853392,0.12530445434205162,21,0.02734367366369474
567,3,0.4965162107747122,0.09919403728448933,21,0.02164591354021163
567,4,0.5089536816785558,0.0754158539116427,21,0.016457088530944484
567,5,0.5102603973857686,0.08206563257843724,21,0.0179081892021487
568,1,0.4045753399615906,0.22423789389057802,19,0.05144370098849611
568,2,0.46033119923858834,0.14872713163248066,21,0.03245492088569066
568,3,0.47126405925389864,0.08198807320072476,21,0.017891264358376267
568,4,0.5416207156998163,0.08366584003221733,21,0.0182573830966525
568,5,0.49580799613419524,0.08450569596757479,20,0.018896048066942707
569,1,0.4082064828845082,0.21675897650711864,19,0.049727919668412474
569,2,0.4503184904063248,0.1317036861422723,21,0.028740100526269966
569,3,0.515417461593354,0.09242257022264173,21,0.020168258284172732
569,4,0.44227627840592443,0.07458644371094798,21,0.016276096386808672
569,5,0.48880969637200167,0.1449281896222804,21,0.03162592377509588
570,1,0.40380324980664506,0.23876373187989713,18,0.056277151304560645
570,2,0.4664277526337368,0.14171409767520954,21,0.03092455141138158
570,3,0.47132374483841505,0.08987512486008221,21,0.019612360131663533
570,4,0.512762946451427,0.08337522764722473,21,0.018193966275122965
570,5,0.5278409840418116,0.13442657192401342,21,0.029334282916915096
571,1,0.38627627276903553,0.22072598281077774,19,0.05063801333083557
571,2,0.4743609173224825,0.15140566820321955,21,0.033039425485077246
571,3,0.48547230329448066,0.08033666409337858,21,0.01753089734705468
571,4,0.5040122033956692,0.10706840365308636,21,0.023364241156112124
571,5,0.48227035888353853,0.09134762556492676,21,0.01993368612884572
572,1,0.40328473258860315,0.22812831446348758,19,0.05233622467929529
572,2,0.4446046908505698,0.1155234113897804,21,0.02520927510634249
572,3,0.4963050330019354,0.09263222008481538,21,0.020214007634784533
572,4,0.49997589170428514,0.06515509937417883,21,0.014218008323549733
572,5,0.464963547458752,0.09692752100730717,21,0.021151319140019404
573,1,0.41981082780151163,0.19289405728690467,19,0.044252931711745415
573,2,0.44122885571721604,0.11900434598923962,21,0.02596887731068595
573,3,0.504568432055602,0.08146149857352644,21,0.017776356354177243
573,4,0.5032525501591105,0.06912515834320627,21,0.01508434621588338
573,5,0.5515850703618053,0.1394934616417276,21,0.030439968901173127
574,1,0.4001466045531905,0.24048139239042762,20,0.05377327407087968
574,2,0.4767929610159645,0.13748018573597665,21,0.030000636080557197
574,3,0.45494885741175783,0.067747648407769,21,0.014783748903993142
574,4,0.4829675125854666,0.08175580431723034,21,0.017840579132652645
574,5,0.492635079015369,0.07322877700626473,21,0.01597982922286904
575,1,0.41737756694051903,0.2477002040344311,19,0.05682632408844689
575,2,0.4717513469427646,0.14394465350782532,21,0.03141129859922858
575,3,0.4858885231006957,0.07757177339283249,21,0.016927548731648395
575,4,0.49797627077650203,0.09137238778631761,21,0.01993908968855519
575,5,0.5045014022383423,0.14346845999311753,21,0.031307384655104985
576,1,0.42952394625672213,0.21580934756959108,19,0.04951005984880487
576,2,0.46833631756261473,0.13199802319009327,21,0.02880433013586375
576,3,0.4912347546955643,0.06465181955300246,21,0.014108183662774278
576,4,0.4979427579148211,0.07532460151061483,21,0.016437175624513214
576,5,0.5087552800347999,0.1374723429339801,21,0.029998924640851975
577,1,0.4320360076430249,0.19366520522068398,19,0.04442984518089616
577,2,0.4616241112278547,0.16262905777779707,21,0.03548856987933818
577,3,0.4819365717391025,0.1099072497970889,21,0.02398372817236094
577,4,0.5256659836392369,0.14721257767084067,21,0.032124418115533016
577,5,0.48791865585286714,0.14331728034634358,21,0.03127439455153935
578,1,0.3899131374149395,0.24355247530140683,19,0.05587476985726411
578,2,0.4452547596462897,0.13602944240956932,21,0.029684057932594647
578,3,0.4838345021657834,0.09837159197934323,21,0.02146644126088815
578,4,0.5054949927163912,0.08993684019923381,21,0.019625827522768393
578,5,0.47690059523476497,0.10146910305733575,21,0.022142373593310293
579,1,0.44244055463749166,0.20640885906112272,18,0.04865103464636608
579,2,0.45588948938666296,0.13417768173280983,21,0.02927997062449022
579,3,0.5104733813866249,0.09560417511051758,21,0.02086254139036952
579,4,0.48715893003935856,0.08838217857397908,21,0.019286572542874445
579,5,0.4952232185298486,0.07398639471318087,21,0.01614515496047771
580,1,0.4695758005265664,0.20012090407003347,18,0.04716894944170108
580,2,0.4565804156444524,0.1613823615145331,21,0.03521651845100363
580,3,0.5001518292109418,0.08267815104090448,21,0.018041851688758895
580,4,0.5045543035324689,0.08848275464330313,21,0.019308520040530568
580,5,0.4829401513955757,0.060279409288128936,21,0.01315404551952738
581,1,0.42864272442127044,0.22904893017212188,19,0.05254742840770439
581,2,0.4557865499301536,0.11497986571541118,21,0.02509066371603474
581,3,0.4663234174951302,0.07149968248472913,21,0.015602509864360929
581,4,0.49019006261594555,0.08617352947943262,21,0.01880460579719088
581,5,0.5059825208750227,0.09014892788572171,21,0.019672108850258812
582,1,0.3942452559102363,0.20652343002330803,19,0.047379724260262816
582,2,0.4309795100753747,0.13585300087503346,21,0.02964555523317823
582,3,0.5012952405435792,0.101359565431839,21,0.02211847052377293
582,4,0.4976783260985873,0.07476521133132878,21,0.01631510667977068
582,5,0.4950156050047806,0.07645258062122239,21,0.016683320846260265
583,1,0.42933365791054273,0.23597968714424386,19,0.05413745310474227
583,2,0.44971620340284846,0.1379223456059188,21,0.030097123274522995
583,3,0.47195396643927895,0.0908484440529286,21,0.01982475579245267
583,4,0.4989897254278861,0.07881149163824852,21,0.01719807743165015
583,5,0.5342113083167775,0.1289016735886122,21,0.028128651258395497
584,1,0.44095632969619425,0.259255197177218,18,0.06110703599395545
584,2,0.4714873723821067,0.14174698314769232,21,0.030931727609806187
584,3,0.5165417464648104,0.07996854442152918,21,0.017450567048909335
584,4,0.5314681735739876,0.09088380923702703,21,0.019832473108314437
584,5,0.5123479107908219,0.09743915593029007,21,0.021262967033483786
585,1,0.4283939916988559,0.23330687945963097,19,0.05352426896828193
585,2,0.46406251816255306,0.12638296861449475,21,0.027579024772816686
585,3,0.48116694335608984,0.04897770446459127,21,0.010687811336865053
585,4,0.4904896339822895,0.09269738075881914,21,0.02022822685959199
585,5,0.5147114358704404,0.13711741075454625,21,0.029921472089479057
586,1,0.4369326458101366,0.19987306648444103,19,0.04585402622848762
586,2,0.45519718223683503,0.15424279382298625,21,0.03365853705215722
586,3,0.4576337054515299,0.12213424468779073,21,0.026651877201336154
586,4,0.5070434744708721,0.07624002562218934,21,0.01663693754281216
586,5,0.4599726894860277,0.10533268162034494,21,0.022985475556091164
587,1,0.3849313151764488,0.2493253574706671,19,0.05719915985667324
587,2,0.4653325756102261,0.13248577946699455,21,0.028910767281558513
587,3,0.511843655057889,0.08725500232318636,21,0.019040602519502344
587,4,0.5092326448695571,0.08800456275585934,21,0.01920417001572462
587,5,0.5033952091087626,0.14494794219620255,21,0.0316302341401039
588,1,0.41517127175841056,0.18643739279377033,19,0.042771671288697
588,2,0.4538555017506964,0.13333327387261557,21,0.029095705722739937
588,3,0.4740335486250858,0.06878766892824471,21,0.015010699987773489
588,4,0.5327986024196543,0.09397277540247326,21,0.020506540787948474
588,5,0.4403992997421814,0.1382766752906808,21,0.030174444350779744
589,1,0.4354714154685726,0.2343062241955112,19,0.05375353437425357
589,2,0.4248818218138956,0.1491116145586098,21,0.03253882193866232
589,3,0.49133662529509775,0.10206519870496247,21,0.022272452327914253
589,4,0.49972504925008226,0.08460790312847206,21,0.018462958117986393
589,5,0.5123939702137158,0.11176878952254812,21,0.024389949443841142
590,1,0.3905284039617805,0.23513001274446654,19,0.05394252442876633
590,2,0.45711079484452505,0.1494237561163802,21,0.03260693681085395
590,3,0.47592444439577963,0.07886874517981912,21,0.017210571178700222
590,4,0.5333103997739373,0.09864035104682756,21,0.021525089297576374
590,5,0.5020911790384629,0.13857416064093223,21,0.030239360976287724
591,1,0.37436918215605913,0.24387803647174408,19,0.055949458712076794
591,2,0.4549003661430896,0.1354754409414966,21,0.029563164901044176
591,3,0.48306534186493005,0.08837691033067863,21,0.01928542291793617
591,4,0.5174340171530373,0.10161871192301103,21,0.02217502092433855
591,5,0.515554075737035,0.15629795964668894,21,0.03410701100229074
592,1,0.3969516598700875,0.2385577368267589,19,0.05472889826461123
592,2,0.4466383398702843,0.1287123503255055,21,0.028087337535347756
592,3,0.48507971086482227,0.06796906467055877,21,0.014832065893723063
592,4,0.4955052427866517,0.07829589673781265,21,0.017085565400260596
592,5,0.511342720719562,0.13217785454863937,21,0.028843572555523955
593,1,0.41877408718982,0.2352845997118805,19,0.053977989111342425
593,2,0.4515966857611096,0.13126333081079708,21,0.028644007114881274
593,3,0.47872779435329804,0.10210339130370498,21,0.02228078663623447
593,4,0.5034783016116302,0.07673665427076816,21,0.016745310798735782
593,5,0.5252716862634498,0.10455668454247505,21,0.022816139110929102
594,1,0.4165668619090965,0.18205497594783324,19,0.04176627591185963
594,2,0.46525189968025815,0.09943488115760658,21,0.02169846998207954
594,3,0.4931946520086933,0.07940400465655616,21,0.0173273743724426
594,4,0.5079487606271533,0.0897358254695461,21,0.01958196251254958
594,5,0.49404319323405754,0.055359228952366744,21,0.012080374147076738
595,1,0.4486103333706214,0.20207186082163595,18,0.047628794357987676
595,2,0.4540783751373711,0.12592340011841008,21,0.027478738705182162
595,3,0.48562229817362085,0.08226721743536212,21,0.01795217862433037
595,4,0.5146315367837263,0.09512708102354676,21,0.020758430925266684
595,5,0.4783435054321072,0.09412144174206832,21,0.020538982442924018
596,1,0.3976236023746578,0.21454088815804795,19,0.04921905530202068
596,2,0.4527053920488503,0.1320714379164221,21,0.028820350542555478
596,3,0.4938482145663458,0.08680909338303563,21,0.018943297211345283
596,4,0.4887559588297514,0.09685967866895628,21,0.021136514728075796
596,5,0.5433564062080196,0.13601894319402227,21,0.029681766815928837
597,1,0.4185374404145771,0.23121793435373933,19,0.053045032093798475
597,2,0.46767023471973945,0.11958408695616879,21,0.02609538716137261
597,3,0.47677107366645105,0.08263307502484256,21,0.018032015295633617
597,4,0.5232616270160703,0.0960184625786568,21,0.02095294632761807
597,5,0.47990470834739746,0.13169583792384915,21,0.028738387904603556
598,1,0.43957052469123836,0.20167358467569724,18,0.04753491977012831
598,2,0.4595006792142475,0.14159674433223882,21,0.030898942812466367
598,3,0.48994494237751335,0.08401782924874715,21,0.018334193440869458
598,4,0.4998329556650963,0.06738496236600282,21,0.01470460432114088
598,5,0.5135776820809279,0.06666926226454832,20,0.01490770024332916
599,1,0.4166947137668217,0.24167732347094537,19,0.05544458052396007
599,2,0.4435354797289482,0.14134102559829329,21,0.030843140409850953
599,3,0.5122815458261726,0.07485910305735567,21,0.016335595534134884
599,4,0.5060165657723209,0.1008155860406841,21,0.02199976448870325
599,5,0.5375272338095703,0.13918052869613806,21,0.030371681334001244
600,1,0.3875247798555261,0.2335177250919637,19,0.05357264027375694
600,2,0.4829361237422355,0.11644825392205486,21,0.02541109229253594
600,3,0.4592653025331613,0.12165649221188696,21,0.02654762306398941
600,4,0.47557468463526353,0.08825238884811727,21,0.019258250102722575
600,5,0.5198643050148518,0.15161517565880156,21,0.03308514376002306
601,1,0.4064667116610988,0.22194013534377152,19,0.05091655902522314
601,2,0.4431562210807769,0.13780064362935823,21,0.0300705657259604
601,3,0.494532396244104,0.1015137729787961,21,0.022152121369328377
601,4,0.5011373060374197,0.061675485048832995,21,0.013458694226637829
601,5,0.4951185946839895,0.08026294429034715,21,0.017514810367168548
602,1,0.39557642288476513,0.2379450024991129,19,0.054588327369166634
602,2,0.4535323887994595,0.152753274175072,21,0.033333497217124315
602,3,0.4525599845233601,0.06808607253596971,21,0.014857599103254054
602,4,0.5181607632895368,0.05753772360937146,21,0.01255576065501869
602,5,0.5329964681453324,0.14408526067048893,21,0.0314419815976171
603,1,0.4221770947813697,0.2334117958023048,19,0.05354833842803146
603,2,0.4426523267226673,0.12613124941506604,21,0.02752409514018546
603,3,0.4988148709766433,0.09665252160268374,21,0.021091309350126323
603,4,0.5245178560286676,0.06808154486089608,21,0.014856611083551814
603,5,0.4893416323849721,0.06869329877866402,21,0.014990106732830735
604,1,0.4511902542224963,0.18660069323338788,18,0.043982205186479766
604,2,0.45059168016778617,0.12535690561878585,21,0.02735511947064387
604,3,0.47676331426175417,0.10156169228989755,21,0.022162578220298497
604,4,0.5185550996652344,0.08239435244544152,21,0.01797992175800503
604,5,0.4931142203603488,0.10442629294765615,21,0.022787685332203215
605,1,0.42039780761864476,0.24118323546504658,19,0.055331228961490155
605,2,0.4506299435333717,0.15825590046359686,21,0.034534268716563316
605,3,0.49502259698436124,0.08703394895464846,21,0.01899236471979044
605,4,0.523898009947236,0.07961101375160481,21,0.01737254746042378
605,5,0.5153606415193257,0.10331940561177337,21,0.022546142713037936
606,1,0.4065419538651243,0.2374573375028012,19,0.0544764493461548
606,2,0.4817191665755208,0.13969273355076223,21,0.030483453596745962
606,3,0.4713239981780217,0.11820659247874031,21,0.025794793222696438
606,4,0.4947508137309551,0.09627760257578155,21,0.021009495311066398
606,5,0.5134911794195565,0.11823240023716264,21,0.025800424937291077
607,1,0.4395619957549462,0.26552617247506216,19,0.06091588172020774
607,2,0.4305569809240503,0.12839621997963593,21,0.028018352238232527
607,3,0.5077326330207017,0.08273817132233274,21,0.01805494918794354
607,4,0.5078109736067071,0.10572703920006382,21,0.023071531435135992
607,5,0.5117702097385726,0.14166052137647023,21,0.030912860104504034
608,1,0.40050030843025525,0.22616450380255507,19,0.051885695615334626
608,2,0.46176274461540984,0.15812616033366458,21,0.034505957099130555
608,3,0.48970691390766286,0.10451501905147964,21,0.022807046955388436
608,4,0.5191477601274874,0.08309982183558294,21,0.018133867799947762
608,5,0.5134692431513811,0.08962001791574066,21,0.019556691232484765
609,1,0.41108464795381333,0.21700591417634843,19,0.049784571055019114
609,2,0.4798031126635348,0.12213818530684277,21,0.026652737114911913
609,3,0.4837770912447597,0.08600571103060914,21,0.018767984809345946
609,4,0.5315071978461118,0.09683836685807838,21,0.021131864109668913
609,5,0.4854331163793491,0.10041468251201098,21,0.021912280166488038
610,1,0.42307128471354005,0.19847589360153403,19,0.04553349278621146
610,2,0.45201752224497893,0.12301788315587002,21,0.02684470292357178
610,3,0.4899178597626016,0.0949986974166989,21,0.020730415325439455
610,4,0.5354428163508864,0.08347316963238113,21,0.01821533896848932
610,5,0.46896339386630614,0.13375016778204116,21,0.029186679432107024
611,1,0.4027387165447202,0.20303658229863833,19,0.046579786530612816
611,2,0.4430905450427937,0.1305779418324058,21,0.02849444297802573
611,3,0.4984789903990504,0.08380591344303558,21,0.018287949620839416
611,4,0.534522040820547,0.08033199187976418,21,0.017529877786457013
611,5,0.5160984410281714,0.06930977888209314,21,0.015124633720373504
612,1,0.43825378441964685,0.26555750626611485,19,0.06092307018487704
612,2,0.44203433447247464,0.1261426463896757,21,0.027526582163939856
612,3,0.45416867345027834,0.08907112834708887,21,0.01943691370884103
612,4,0.5154914846513959,0.08046040650427216,21,0.01755790015489259
612,5,0.46997085177690706,0.14110933075699075,21,0.030792580450403353
613,1,0.4199607886072233,0.2306259873941369,19,0.05290923014764884
613,2,0.4727974364816588,0.155253256691341,21,0.0338790381274514
613,3,0.49011129143048066,0.07410321485914699,21,0.0161706472062675
613,4,0.5010892165374459,0.09741372188391681,21,0.02125741686954405
613,5,0.5192607803628935,0.06595601505815454,21,0.01439278245436383
614,1,0.4088258505410421,0.22231290066522305,19,0.05100207725500544
614,2,0.45075953074397956,0.13791955539924353,21,0.030096514401508994
614,3,0.4919982696169992,0.0808806650740353,21,0.0176496080933399
614,4,0.5051980007373734,0.07289553487062196,21,0.01590710982709134
614,5,0.5120892745026142,0.07700882623184177,21,0.01680470358986266
615,1,0.46503160573940033,0.19101062678151523,18,0.0450216364919674
615,2,0.436377493179823,0.1338995523879062,21,0.02921927782563263
615,3,0.4773046468587142,0.0946789694098065,21,0.020660644954326034
615,4,0.5070562990806463,0.08687022003762591,21,0.01895663614094716
615,5,0.5085434431340194,0.06681018577369079,21,0.014579177785809517
616,1,0.42379803467745103,0.21674522395703097,19,0.04972476461704152
616,2,0.45498602335050425,0.169789438514508,21,0.037051093056989684
616,3,0.47679796941472186,0.09322853616479157,21,0.020344134471670734
616,4,0.5252765611767893,0.0844374628560756,21,0.01842576500133279
616,5,0.5394955305930852,0.12945415008094932,21,0.028249211512958283
617,1,0.418230871814208,0.21059186033087401,19,0.048313086184974305
617,2,0.46531208606307617,0.13398874778717923,21,0.029238741857480745
617,3,0.49037823872343106,0.06276695087979216,21,0.01369687159753441
617,4,0.49937776954878255,0.10674331032337489,21,0.023293299975572695
617,5,0.5326894629438106,0.14037052712931458,21,0.03063136028147316
618,1,0.36456802969943647,0.24476777434220406,19,0.0561535785785808
618,2,0.4683781890818471,0.11025255699834023,21,0.024059080381301303
618,3,0.4931676575750852,0.07926846733701011,21,0.01729779770452302
618,4,0.5065978501042557,0.07404092404282397,21,0.01615705423574841
618,5,0.5008993463516797,0.0669052958368259,21,0.014599932503127074
619,1,0.43828742761357115,0.2229677876593648,19,0.05115231863536876
619,2,0.45429607461066146,0.11494567445727534,21,0.025083202571819823
619,3,0.47717387322161964,0.08968362346635655,21,0.019570571101547467
619,4,0.4925330168938283,0.06996133471744219,21,0.015266814860134323
619,5,0.5158828468244886,0.06987372355770917,21,0.015247696537696255
620,1,0.4109341897306178,0.220115739744851,19,0.05049801397002657
620,2,0.42101084196528615,0.13923699818260166,21,0.03038400398620004
620,3,0.48622815340871534,0.09415063604045107,21,0.02054535316112402
620,4,0.5339020995155725,0.08909297027457809,21,0.019441680008176414
620,5,0.5281216112411874,0.09594985062037016,21,0.020937973970835803
621,1,0.40459581929151633,0.22968020001750694,19,0.05269225164255376
621,2,0.45135433099479333,0.12157567538993469,21,0.02652998738760741
621,3,0.4721474554827867,0.08443137833070234,21,0.01842443724904275
621,4,0.5258126698814729,0.09228277969344988,21,0.020137753489817514
621,5,0.5416165449368536,0.12795461011292097,21,0.02792198506481059
622,1,0.4077562777522665,0.2529478818035265,19,0.05803022393496014
622,2,0.4726395657741418,0.12670797623511343,21,0.027649947250098714
622,3,0.5047613409552267,0.0935037177659113,21,0.020404184020098845
622,4,0.4951485429431446,0.10571152631515808,21,0.023068146246120386
622,5,0.5019885186402087,0.07443522148070793,21,0.016243096990768906
623,1,0.4077113844414835,0.24333963839452222,19,0.05582594172207644
623,2,0.450360049703121,0.13187153221068393,21,0.02877672754120316
623,3,0.48218076085115025,0.07612988486705567,21,0.01661290285959789
623,4,0.4978032427196895,0.10056415030726827,21,0.02194489671342731
623,5,0.5176625728700944,0.10367131305404408,21,0.022622935212648593
624,1,0.4469459815063679,0.21204090131639386,18,0.04997851973657655
624,2,0.4548603253582953,0.12238896325820293,21,0.026707461350375432
624,3,0.48835746474272285,0.10339163065742114,21,0.022561903510121394
624,4,0.5250854190299176,0.102559385179467,21,0.022380292657763794
624,5,0.49067394927515307,0.14184810680315754,21,0.03095379460055476
625,1,0.3884336814212533,0.2600202029334397,19,0.05965272567714746
625,2,0.46127708143217433,0.12113179365570997,21,0.026433124452050597
625,3,0.5227989872898249,0.09880998587921809,21,0.02156210665281117
625,4,0.531525231863263,0.07987622229286333,21,0.017430420708769778
625,5,0.5391913090157525,0.1333723655981586,21,0.02910423623661362
626,1,0.39116660416076393,0.2388608675421061,19,0.05479844122013131
626,2,0.4494905684407894,0.15228364658714796,21,0.033231016075690914
626,3,0.5079830002203854,0.07944721589359462,21,0.01733680383742362
626,4,0.5079013862123618,0.07617040539488254,21,0.01662174516369152
626,5,0.48397614170386083,0.13719764763609346,21,0.029938981212489404
627,1,0.3939621002186605,0.2299943005966906,20,0.05142828905717206
627,2,0.4537436755069046,0.1162254363487362,21,0.025362469511778833
627,3,0.4879122714843411,0.09593472979783597,21,0.020934674336843758
627,4,0.5096413404026141,0.08649785845690057,21,0.018875380182396335
627,5,0.5405909978178034,0.15120508280350356,21,0.03299565416233908
628,1,0.40691638396084445,0.23407600344155713,19,0.05370071811103296
628,2,0.4531340706878603,0.13585606814514617,21,0.02964622456639101
628,3,0.48519071347863213,0.07719940766040535,21,0.016846291867121964
628,4,0.5003853332867644,0.0899061106155869,21,0.019619121777857133
628,5,0.5208096352945939,0.09306172688170986,21,0.020307733701844865
629,1,0.43166567849607507,0.20529369112746415,18,0.04838818704368216
629,2,0.4740786415731642,0.13108095934674552,21,0.028604210398756696
629,3,0.48820578452440955,0.0955574745637906,21,0.02085235049558989
629,4,0.530766202757143,0.10272629766138862,21,0.022416715947422783
629,5,0.5134844064043944,0.102913899531679,21,0.022457654031761875
630,1,0.4180797854767698,0.21834621707013674,19,0.050092057627006394
630,2,0.46786964671737286,0.1447193148890971,21,0.031580343571497006
630,3,0.4806431064267,0.08039321142705265,21,0.017543236986907504
630,4,0.5118973312089812,0.08408111725921488,21,0.01834800401699096
630,5,0.48640856588636483,0.07332766948501135,21,0.016001409330941335
631,1,0.39346844037136197,0.24534556716417788,20,0.0548609366157342
631,2,0.44362021702612947,0.1302196313146738,21,0.028416253212796883
631,3,0.4796001052290836,0.11682302233961399,21,0.025492873465942773
631,4,0.5018213162224756,0.08486136390933116,21,0.018518267794843033
631,5,0.5361819979679645,0.08917552377617897,21,0.019459694659127353
632,1,0.3982669368150257,0.23184534354171088,19,0.05318896963309411
632,2,0.4596077429783393,0.11211273518132235,21,0.024465004539854684
632,3,0.4811923266250383,0.08204907659245134,21,0.017904576389816077
632,4,0.5031679211602507,0.08571574709568003,21,0.01870470949122119
632,5,0.4885990639302256,0.12775734142292552,21,0.027878937507470166
633,1,0.43174281888105537,0.23156392486926844,19,0.05312440776183084
633,2,0.44133333207476266,0.12835940453645525,21,0.028010318449893535
633,3,0.4937385416605803,0.08042825934090982,21,0.01755088506872659
633,4,0.5155778493952867,0.08080879385615267,21,0.01763392450780486
633,5,0.510413731610725,0.07666825223287001,20,0.017143542370879738
634,1,0.4616072096239997,0.21563861284915162,18,0.05082650847709857
634,2,0.46781467582063174,0.13754862135096763,21,0.030015569956077532
634,3,0.5114210467107723,0.09392415880599474,21,0.020495931776834477
634,4,0.5283903111641719,0.10014503828438026,21,0.021853438972020148
634,5,0.48782639205535483,0.07033098240791488,20,0.01572648575884395
635,1,0.4156266091340961,0.1907405829654886,19,0.04375889081992634
635,2,0.4524516744655627,0.14597414668389205,21,0.03185417031835821
635,3,0.47272405315415483,0.07558688176587228,21,0.01649440986846605
635,4,0.5395289948783015,0.09091182395096388,21,0.019838586420085298
635,5,0.4986359504402729,0.1369666093483356,21,0.029888564524771146
636,1,0.4169385537115896,0.23153224571563813,20,0.05177218404033513
636,2,0.4770329486882595,0.1358023916338282,21,0.029634511391335976
636,3,0.49284888716526,0.08128619818955087,21,0.017738102674228533
636,4,0.5278521776001922,0.09737700091875073,21,0.021249403697998076
636,5,0.495756847357869,0.08918903983690914,21,0.019462644105384192
637,1,0.4455171699436749,0.2368082260237323,19,0.0543275329598204
637,2,0.43145899266377685,0.11736919364063521,21,0.02561205781495907
637,3,0.48021121804353467,0.09559970213867805,21,0.020861565307891614
637,4,0.5035478108943094,0.08724604158841844,21,0.019038647126866322
637,5,0.5141902994017181,0.07953477865570761,21,0.017355911598635154
638,1,0.4402394680801857,0.29248908381773814,21,0.06382635078776516
638,2,0.45450977542051535,0.13350976339174214,21,0.029134218893252503
638,3,0.4972023320506771,0.08583042762878837,21,0.018729734835207228
638,4,0.5140312786662196,0.10237478496637792,21,0.02234000958872638
638,5,0.49486551180875854,0.15448291712105297,21,0.033710936251657844
639,1,0.4093814293872754,0.22618496495301468,19,0.05189038972518315
639,2,0.44113400466668307,0.1462510114914873,21,0.03191458717255224
639,3,0.48435723570050826,0.07822106303932012,21,0.017069235348457
639,4,0.5186122121915162,0.06537640308504862,21,0.014266300752437134
639,5,0.5117646721086302,0.1436156959105514,21,0.031339514166374365
640,1,0.4045448968826935,0.23702875849487748,19,0.054378126578530465
640,2,0.45922870269370963,0.12246995471532991,21,0.02672513513527682
640,3,0.4868545739758029,0.09003065108591515,21,0.01964629873654116
640,4,0.5011359463055125,0.09833924595515703,21,0.021459382779732715
640,5,0.4956514081111293,0.06448295374878421,21,0.014071334123244766
641,1,0.4200724220578797,0.20900841224421005,19,0.04794981828012635
641,2,0.47107124458819494,0.13555625193767534,21,0.02958079930613817
641,3,0.4895257220546494,0.12318381230535567,21,0.026880911632501194
641,4,0.49325509024389125,0.06671774644773644,21,0.014559005871124922
641,5,0.514016436922562,0.14592960121751386,21,0.03184444970066558
642,1,0.4105508025804692,0.19513547303666784,18,0.045993872078090844
642,2,0.4386846555367885,0.15069320778155978,21,0.03288395387498601
642,3,0.4825239283404075,0.06371473972134313,21,0.013903696078926879
642,4,0.5005846389982912,0.084127799224823,21,0.01835819085703803
642,5,0.4971241449259217,0.14915456410461128,21,0.032548194297977354
643,1,0.4117636769452668,0.247108161796603,19,0.05669050028397318
643,2,0.4356450521038908,0.14014239469812034,21,0.03058157770364355
643,3,0.5029518204125382,0.07864801403299924,21,0.01716240369353182
643,4,0.5174662989487121,0.07955991967364477,21,0.017361397818527788
643,5,0.49656430754507824,0.06330276782631974,21,0.013813796441158353
644,1,0.36660718612609494,0.22823691869475277,19,0.052361140198712436
644,2,0.4520499425348301,0.13223895262519145,21,0.028856905248886625
644,3,0.4986378941959171,0.09580471692308917,21,0.020906303201612995
644,4,0.4914468756431748,0.10407183001939911,21,0.022710335179832092
644,5,0.48566675131127796,0.1471853314219563,21,0.03211847249658462
645,1,0.4003944121285135,0.22106859205636575,19,0.05071661328234298
645,2,0.45020055681777427,0.14348982331838175,21,0.03131204651487257
645,3,0.4853181009506238,0.08490352848663275,21,0.01852746885994448
645,4,0.48814122367140056,0.08322190213377541,21,0.018160507905058704
645,5,0.5193812650786451,0.10000862724111687,21,0.02182367164195432
646,1,0.361552162152739,0.23651244356290782,19,0.05425967580950431
646,2,0.4551349158360724,0.12416942965353041,21,0.02709599097079988
646,3,0.48757321790582864,0.0870591925331087,21,0.018997873320224044
646,4,0.48807146143195124,0.07632072919851382,21,0.016654548506972188
646,5,0.5364877482029387,0.10677631901092001,21,0.02330050306172825
647,1,0.41746329582506136,0.2288979051047343,19,0.052512780881036815
647,2,0.4279491873826976,0.12950250662093088,21,0.02825976377509217
647,3,0.4747794357843657,0.06237257031808994,21,0.013610810703409667
647,4,0.4851900827569413,0.10140546344872312,21,0.0221284862921834
647,5,0.4892768583944401,0.1404689130043944,21,0.030652829839562103
648,1,0.3988058591015142,0.1947230984165549,19,0.044672542524783566
648,2,0.4493745225060762,0.13156644515032467,21,0.028710152086553264
648,3,0.46872274041954476,0.10925284257246066,21,0.023840924808447378
648,4,0.5221027507127841,0.09939968663777589,21,0.021690789908214218
648,5,0.4906428249502158,0.14499661030075472,21,0.03164085439120106
649,1,0.4072820586698058,0.2096705335683858,19,0.04810171932962348
649,2,0.4467793923553041,0.14007759686558405,21,0.030567437657335612
649,3,0.5029970097926993,0.0843970501719114,21,0.018416946230655706
649,4,0.5111489924354681,0.07353926573400939,21,0.016047583417979537
649,5,0.514210501749126,0.09901658409754278,21,0.0216071900801405
650,1,0.39687788824863546,0.2094142158646795,19,0.048042916015523685
650,2,0.45494836554201495,0.14789551498157397,21,0.03227344725464468
650,3,0.49673728558610675,0.06821832603023416,21,0.01488645918174878
650,4,0.5046628532463598,0.08083912585813705,21,0.017640543493284522
650,5,0.5106612338072087,0.08351883111536298,21,0.018225303120970666
651,1,0.4117026743067907,0.19867136157838178,19,0.04557833621556818
651,2,0.43506857352125056,0.1267808240319127,21,0.027665843942624592
651,3,0.4595515298323085,0.08236821503239075,21,0.017974218106872865
651,4,0.5061285581584359,0.08274814746289519,21,0.018057126160289774
651,5,0.5249898554159557,0.1462060431150102,21,0.031904774268310065
652,1,0.39727054676008744,0.23277315720961864,19,0.0534018246866123
652,2,0.4328001060120912,0.11337744530648884,21,0.02474098691512861
652,3,0.4694789206176671,0.09055267257181479,21,0.01976021316385204
652,4,0.5453432198134787,0.08707894914355162,21,0.01900218456607311
652,5,0.5556113403758511,0.06816777559645211,21,0.014875428172738347
653,1,0.4249842165093554,0.22114317190200003,19,0.050733723072361125
653,2,0.4448230355395594,0.11661706473731372,21,0.025447929832490744
653,3,0.5060088358183495,0.05029120423599021,21,0.010974440485805188
653,4,0.5050923941140213,0.08435334194032561,21,0.018407408312573106
653,5,0.4922197563456792,0.08587430075159035,21,0.01873930873550314
654,1,0.40495220137196064,0.23623646835093468,19,0.05419636275371941
654,2,0.4370510206439124,0.13344799270379834,21,0.029120739424050978
654,3,0.48733192755619853,0.09490810363500506,21,0.020710646141529725
654,4,0.4724052313716916,0.0977880820659377,21,0.02133910895865301
654,5,0.5144738913372228,0.10679632451094036,21,0.023304868619735807
655,1,0.41806713727799605,0.23044496572481213,19,0.052867700928534225
655,2,0.4625536548850039,0.12776186814769183,21,0.027879925319798347
655,3,0.48648812452692136,0.08809714922097817,21,0.019224374038807255
655,4,0.48292915121245406,0.09721806999634125,21,0.02121472212741662
655,5,0.5176002532704406,0.12671555164344137,21,0.027651600339721714
656,1,0.40100648910080894,0.2576575275302206,19,0.05911069076562002
656,2,0.46064783358125116,0.1265912255881023,21,0.027624470170224256
656,3,0.481089845463709,0.07748573665257065,21,0.016908773975705674
656,4,0.49883069131875823,0.10293351606016064,21,0.022461934709220897
656,5,0.5209169598839184,0.07479222393883998,21,0.016321001313991546
657,1,0.4104210639884304,0.2162718119852289,19,0.04961615646210744
657,2,0.4257271419115953,0.124170684552545,21,0.0270962648122153
657,3,0.4624304545949863,0.08467488466757755,21,0.018477574688134754
657,4,0.5194760500247763,0.07595125969659178,21,0.016573923651756216
657,5,0.5010574965686423,0.10520746281788347,20,0.0235251038601069
658,1,0.4267417874161553,0.22790659826833184,19,0.052285359495672645
658,2,0.4315042035872111,0.1227921137067332,21,0.026795435990701402
658,3,0.48711011402913246,0.09009365578016534,21,0.0196600474879954
658,4,0.5063683492678531,0.0735869481296245,21,0.016057988569752067
658,5,0.5140395819356333,0.1443026690774602,21,0.03148942400150594
659,1,0.39886119672913584,0.21716541153909288,19,0.04982116225954355
659,2,0.45032769844692827,0.11297106174437067,21,0.0246523067515766
659,3,0.47966413841873323,0.09598877786716285,21,0.020946468592503598
659,4,0.5171645182556547,0.08145520703696914,21,0.017774983428343365
659,5,0.5297053469508681,0.14146153478323936,21,0.030869437669943947
660,1,0.37656315803968415,0.23421169869828787,20,0.05237132794150706
660,2,0.4707830995830021,0.12490347287333993,21,0.027256172333568744
660,3,0.48457038455045975,0.08645871920450132,21,0.018866839297312355
660,4,0.5122598276146565,0.09460928910761508,21,0.020645439465790817
660,5,0.5237269235139669,0.12879872268700227,21,0.028106185529848282
661,1,0.4186112103962106,0.21963147139679445,19,0.05038691519156689
661,2,0.4574227894739001,0.12180568962024015,21,0.02658018060766892
661,3,0.49036392567201675,0.08501486821747274,21,0.018551765181107824
661,4,0.5017112122743764,0.0763187021467671,21,0.01665410616801662
661,5,0.549215448524271,0.12639080573484768,21,0.02758073497268563
662,1,0.3778484161794967,0.23095364594543932,19,0.05298440017465485
662,2,0.422949996396648,0.1497711335529848,21,0.032682740782185395
662,3,0.4899161773585467,0.10005213881384177,21,0.021833166645555197
662,4,0.511106969656041,0.08116099391888736,21,0.017710780862435806
662,5,0.5117044813669888,0.13874453888313845,21,0.030276540556844086
663,1,0.384547559969042,0.23891975868224855,19,0.054811951774265566
663,2,0.4807802183733854,0.13948767826582853,21,0.030438706865085992
663,3,0.48172736672595906,0.0941807231568663,21,0.02055191870819144
663,4,0.4987496438160438,0.09791058661548242,21,0.02136584164299897
663,5,0.5338836148559358,0.09962873075834978,21,0.021740771432976813
664,1,0.39353073982103454,0.19889843214475025,19,0.04563042977619201
664,2,0.4950309217273485,0.11474655454625542,21,0.025039751044933077
664,3,0.48673605941145726,0.07405628657920467,21,0.01616040661602608
664,4,0.4948843315448465,0.08531348962318522,21,0.018616929714241708
664,5,0.5159221637921728,0.08159103454688732,21,0.01780462342099372
665,1,0.4270903867179473,0.21624578595832028,18,0.050969620551381
665,2,0.4522351634880602,0.12372364281416308,21,0.02699871230721817
665,3,0.4916922890975782,0.08927622675293644,21,0.019481669850255852
665,4,0.49307275575936466,0.08500615227802369,21,0.018549863207189828
665,5,0.4870450569787031,0.1353554206125194,21,0.02953697431806934
666,1,0.36637050281761047,0.24567149194355642,19,0.056360905615306794
666,2,0.45141545616246764,0.14558468364552554,21,0.03176918251580097
666,3,0.4856742080705282,0.10646999668775879,21,0.023233658050635823
666,4,0.48727638740589263,0.0825731902333526,21,0.018018947362777458
666,5,0.4933117558978873,0.08843941677303466,21,0.01929906294191326
667,1,0.4122190286967307,0.2075078633482504,19,0.047605568753951104
667,2,0.4320505542249333,0.11121925073387498,21,0.024270030248774048
667,3,0.47720223329089767,0.0871579518145041,21,0.019019424362251368
667,4,0.5031055423489605,0.0686990759149022,21,0.014991367407312236
667,5,0.522459271627167,0.08163185762742767,21,0.01781353174750217
668,1,0.389356220479669,0.21823014462788007,19,0.050065428782483934
668,2,0.4513432693837049,0.1241693356250863,21,0.02709597045211118
668,3,0.48702409810227026,0.06786257642577498,21,0.01480882825361141
668,4,0.4877014911095659,0.10573203479500318,21,0.023072621563324132
668,5,0.5117299953897101,0.1011857756394301,21,0.02208054648192891
669,1,0.38887721653867624,0.23374432291177696,19,0.05362462537888287
669,2,0.47046518372327123,0.13410703269015883,21,0.029264553739455725
669,3,0.4736350903598852,0.08503868275257248,21,0.018556961938714242
669,4,0.4990034199393459,0.09581141266251636,21,0.020907764331744367
669,5,0.5039366052093021,0.07509578492981676,21,0.016387243753000446
670,1,0.4251063408316946,0.23694266031967165,19,0.0543583743024807
670,2,0.4562875301778118,0.1270954867530478,21,0.02773450897776661
670,3,0.45228864643313993,0.09197581927999492,21,0.020070769236007403
670,4,0.4986587186093138,0.09816276765088816,21,0.021420872056502737
670,5,0.5325543842684433,0.14234741238650264,21,0.031062752011535376
671,1,0.376880225661835,0.21728288819398064,19,0.04984811325253729
671,2,0.4489744891698816,0.12654369624256787,21,0.02761409841671744
671,3,0.49457192916397746,0.06558534627380092,21,0.01431189589426584
671,4,0.4967558385813188,0.11517859729745211,21,0.025134030502590974
671,5,0.5166532968868166,0.07923190818421347,21,0.01728981984333092
672,1,0.3885791920313419,0.21532150299297773,19,0.049398140627246345
672,2,0.45725705253347193,0.09693823028286844,21,0.021153656095538338
672,3,0.4879974121947641,0.07418651111988404,21,0.016188823940550084
672,4,0.4894854654917304,0.08277349154317708,21,0.01806265669201886
672,5,0.5087867479723989,0.14792954248203916,21,0.03228087266400619
673,1,0.4244388537852821,0.20157811093551203,19,0.046245190252512
673,2,0.45081074240709096,0.12774256637275888,21,0.02787571332719467
673,3,0.48563350532127947,0.102002044845835,21,0.022258671026015194
673,4,0.4908891547955205,0.06966930632240048,21,0.015203089039879318
673,5,0.5361957628098114,0.09617172594572412,21,0.02098639113622997
674,1,0.36314157664385194,0.22860041116658705,19,0.052444531090894725
674,2,0.43937127662469944,0.11356368654149551,21,0.024781628084506714
674,3,0.49017948664277744,0.08304007892059279,21,0.018120830827082064
674,4,0.5189750519736094,0.07927486874933681,21,0.017299194607215483
674,5,0.495846775273207,0.1513373983396929,21,0.03302452777949176
675,1,0.37408282157887723,0.2411977284935636,19,0.05533455389026339
675,2,0.47029082488219726,0.14067769315429166,21,0.030698389403395834
675,3,0.5047442379713226,0.06699514016850196,21,0.014619538143635084
675,4,0.5055511045013157,0.10133256871754524,21,0.022112579357736445
675,5,0.4981900278179355,0.07776237967804094,21,0.016969142433072303
676,1,0.38623423975845805,0.18668863260716642,19,0.04282930965486477
676,2,0.44011665180420306,0.12182442488201399,21,0.026584268976966228
676,3,0.49682162023387777,0.08201912945071026,21,0.017898041387726743
676,4,0.5000783469592319,0.09547815488115723,21,0.02083504152179145
676,5,0.5061218336735598,0.08860495226536103,21,0.019335185747807897
677,1,0.4286973393048604,0.1946646058575259,18,0.04588288761962103
677,2,0.4543287651002058,0.15126413490740873,21,0.03300854038786726
677,3,0.47327027284783746,0.08766474896135834,21,0.019130016566415522
677,4,0.5108736796353759,0.1037895270551237,21,0.022648731622560547
677,5,0.5023442113985924,0.1415963561479918,21,0.03089885810371896
678,1,0.4017227831728255,0.2287077678810948,19,0.05246916041033945
678,2,0.4621507409362436,0.12020981989575497,21,0.02623193328330027
678,3,0.494108466498644,0.07381711940353375,21,0.01610821605953747
678,4,0.4904111283537806,0.11168519532176563,21,0.024371707693710422
678,5,0.5171321787586306,0.09805453958737707,21,0.02139725475681902
679,1,0.4205880521802413,0.2236728060534999,19,0.05131406094765151
679,2,0.4460702008001676,0.14219380996477798,21,0.031029233215131482
679,3,0.4978494727193185,0.09174941009956344,21,0.020021362702323586
679,4,0.5069563690995251,0.09232907333055938,21,0.0201478555896389
679,5,0.5135118675570178,0.08423440727798892,21,0.018381454641482064
680,1,0.3865653844026337,0.22792735395784344,19,0.05229012117741394
680,2,0.4266598179754793,0.14005303275990247,21,0.030562077330018242
680,3,0.48533089471175533,0.08632174429531439,21,0.01883694892161432
680,4,0.5013884563208103,0.08347136676380912,21,0.018214945550313163
680,5,0.5398224402765966,0.12166601236675507,21,0.02654970053209945
681,1,0.362845442855225,0.21887489086193315,19,0.0502133437129295
681,2,0.443359683179294,0.13042396502060655,21,0.02846084248300963
681,3,0.4922246634794166,0.09076616660417175,21,0.019806801381170948
681,4,0.5065237797801321,0.07179066780223192,21,0.01566600806643604
681,5,0.49316168934321913,0.0855706608666992,21,0.018673049080430697
682,1,0.4208483228164364,0.2047633936358352,19,0.04697594422079185
682,2,0.4530596248945799,0.1254598193087609,21,0.027377577078946627
682,3,0.4829866524514361,0.0875561194787718,21,0.01910631166990806
682,4,0.494359564525482,0.09870173958286341,21,0.021538485374394793
682,5,0.5114822762525263,0.05301297771931935,21,0.01156838015303754
683,1,0.4119100118164524,0.2306333972588187,19,0.0529109300871927
683,2,0.46041742789635154,0.11430305549284528,21,0.02494297161717626
683,3,0.4817311589960558,0.061428124625709624,21,0.013404715756975964
683,4,0.5178574990724607,0.06868530651637034,21,0.014988362678214795
683,5,0.48183550190501084,0.128928356675629,21,0.028134473985349285
684,1,0.37701238374099,0.24697322943048353,19,0.056659544676176996
684,2,0.45525752777305994,0.10820210523292903,21,0.023611635123022605
684,3,0.4899681125061246,0.08808828143474283,21,0.019222438929203917
684,4,0.5153254945323172,0.08030110752162647,21,0.01752313826698291
684,5,0.5475766731522411,0.13187526589514248,21,0.028777542297948513
685,1,0.3911504300652398,0.23415575566320582,19,0.053719014525490306
685,2,0.4194028130163788,0.1311101728936884,21,0.02861058531733688
685,3,0.4754042919004884,0.07259556422382593,21,0.015841650865414784
685,4,0.5094751306863174,0.06394110123835982,21,0.01395309221160088
685,5,0.48008375614087756,0.13789141595405496,21,0.030090373871147536
686,1,0.3798139476054247,0.23317287465812367,19,0.05349352615840195
686,2,0.4515322864552007,0.12425095560537856,21,0.027113781392011663
686,3,0.448482581737822,0.09343697055100865,21,0.02038961858368366
686,4,0.5067999959337486,0.11098267218489288,21,0.02421840457694008
686,5,0.489575023161141,0.09409487652628283,21,0.020533185437581643
687,1,0.41042863631404125,0.2533368189005961,19,0.058119452224513854
687,2,0.4259328255144513,0.11736200772328065,21,0.025610489719234547
687,3,0.4835440909462967,0.07387318998400294,21,0.016120451663311768
687,4,0.5224057794667664,0.08918267453910453,21,0.019461255083526544
687,5,0.5146829305976094,0.0904697144584287,21,0.01974211021937097
688,1,0.3882272018273018,0.22496685305064007,18,0.05302519577810172
688,2,0.4529098341135674,0.13310396833847918,21,0.029045667152861256
688,3,0.48137957198064985,0.0814811817707347,21,0.017780651579945128
688,4,0.48718055848732195,0.11332783645071005,21,0.024730161375283544
688,5,0.5526817789198796,0.13598045346383397,21,0.02967336766821139
689,1,0.35865592276910463,0.2211806204582694,18,0.052132772197696776
689,2,0.4525466542778807,0.11619840151063099,21,0.025356570026444647
689,3,0.501457734778233,0.09270469672225706,21,0.020229823333698455
689,4,0.4952142593082901,0.10175466528017728,21,0.022204688379109872
689,5,0.5071775682689508,0.1396317350055788,21,0.03047014262290857
690,1,0.3734380201159486,0.22246602077583635,19,0.051037205417552134
690,2,0.43040959710351473,0.13359924167735265,21,0.02915374465596036
690,3,0.4880936276960153,0.09119369788083924,21,0.01990009635437523
690,4,0.4948625212548923,0.07330801953440148,21,0.01599712136017601
690,5,0.5257505744856462,0.07813148809944219,21,0.017049688494058822
691,1,0.4200195838111665,0.18304907661637101,18,0.043145081121790614
691,2,0.4624633430716633,0.1367345903622408,21,0.02983793383113085
691,3,0.4893857289673435,0.08871599392675734,21,0.0193594170248861
691,4,0.49033229029398756,0.0828211299813991,21,0.018073052251501805
691,5,0.5505283271325474,0.13340019905599643,21,0.029110309995060965
692,1,0.38536614211054426,0.23491186640959202,18,0.05536925790647029
692,2,0.4573760397541176,0.10872515212386642,21,0.02372577331205746
692,3,0.4855177967901189,0.09803263367459239,21,0.021392474494747453
692,4,0.49808207973963803,0.12723096208102322,21,0.027764072118016434
692,5,0.5380000774154007,0.13419574759120642,21,0.02928391291799482
693,1,0.39549321423650086,0.22447235113164607,19,0.051497489168517006
693,2,0.4442405851309087,0.14139829381458283,21,0.030855637359187237
693,3,0.4930256008983517,0.08141101265742971,21,0.017765339424079984
693,4,0.4902723247558889,0.09969609952466287,21,0.021755472503029453
693,5,0.5090429851405196,0.15294852961530467,21,0.03337610544734899
694,1,0.37362035696528495,0.2448683378946616,19,0.056176649439768474
694,2,0.45338120039381835,0.13267500107703759,21,0.02895205882208916
694,3,0.48034694066576716,0.08056001306509472,21,0.017579636088448952
694,4,0.5066636415489726,0.11084313235428585,21,0.024187954489501125
694,5,0.5444603753472281,0.1542336787367508,21,0.0336565479772696
695,1,0.40707508292001027,0.23067416933345467,19,0.05292028384261673
695,2,0.45600645812624646,0.1023361656619975,21,0.022331582165602104
695,3,0.4821066841058933,0.07865313658679277,21,0.01716352152641326
695,4,0.5018090222907876,0.06472539469124547,21,0.014124239074215488
695,5,0.5494549148035992,0.12827697141080127,21,0.027992330067127764
696,1,0.3880509760603895,0.2170153999671526,19,0.0497867472446778
696,2,0.46445684713581686,0.15038088256750212,21,0.03281579892570684
696,3,0.44662085080032937,0.09360020596261785,21,0.020425239470816824
696,4,0.5073569186033534,0.07712770960952828,21,0.016830646069725536
696,5,0.5116942617656155,0.07157818601887922,21,0.01561964073995923
697,1,0.37302979744677595,0.2360839982805492,19,0.054161383720628634
697,2,0.45211880058299686,0.12340129359823819,21,0.026928369941399813
697,3,0.469805726531488,0.07998449126652377,21,0.017454046935779975
697,4,0.5159575918865469,0.07818019751571434,21,0.017060317760112357
697,5,0.5334936411038526,0.08283102013126775,20,0.018521579165916825
698,1,0.38840917708484257,0.22024452236674288,19,0.050527558729737666
698,2,0.4756051509228663,0.14204870615293377,21,0.03099756896744564
698,3,0.5092477891252065,0.09598244885674173,21,0.02094508748920222
698,4,0.48612630504032306,0.08916643545123465,21,0.01945771142403222
698,5,0.4924314866830245,0.13393127508588473,21,0.0292262002858581
699,1,0.37209806719557237,0.22148723203554554,19,0.050812655880394075
699,2,0.4522667297925819,0.14170594819998927,21,0.030922773050092483
699,3,0.4826629252642687,0.08187122952469236,21,0.017865766977905057
699,4,0.481262723881339,0.07660095366756459,21,0.01671569849940095
699,5,0.5164261628228226,0.1407566417066625,21,0.030715617389931386
700,1,0.40237061172902827,0.23557391904223302,19,0.05404436351783819
700,2,0.4588445337640711,0.12712451732472999,21,0.02774084396787144
700,3,0.4984972210046282,0.08709864442957507,21,0.019006482429836744
700,4,0.47984116583287073,0.07498761249470969,21,0.01636363859242969
700,5,0.4887589239977321,0.12843570438065557,21,0.028026968440920265
701,1,0.43043082761395424,0.19393956183914063,18,0.045711993105601374
701,2,0.44742643466018417,0.13834189045144651,21,0.03018867546557344
701,3,0.496038774778305,0.09311806788476819,21,0.020320028316666034
701,4,0.5143596732260178,0.06666405444339348,21,0.014547289315214658
701,5,0.48623157095709796,0.12943518281807107,21,0.02824507251686944
702,1,0.3764517441930938,0.24036302251465036,19,0.05514305920554487
702,2,0.446000549842659,0.15235786811483967,21,0.033247212540873886
702,3,0.511951612436308,0.06953745940605634,21,0.015174317683960579
702,4,0.4979852379607482,0.09646090635963608,21,0.021049495476051408
702,5,0.5110372332420526,0.13415246958516597,21,0.029274468882823056
703,1,0.3924721335535755,0.23365222069713656,19,0.05360349568172004
703,2,0.45075088544549075,0.11746101547911968,21,0.02563209498283074
703,3,0.498885507807035,0.09403018434005385,21,0.020519068445188002
703,4,0.48611526378561465,0.07388211154387639,21,0.016122398507284964
703,5,0.4787392790542857,0.1396515356393545,21,0.03047446347543644
704,1,0.40906634720326907,0.24953456906280183,19,0.057247156287617056
704,2,0.4469559740940708,0.1528051455310648,21,0.033344816474992746
704,3,0.4714663521651407,0.10439957193811496,21,0.022781854329876162
704,4,0.511932051692067,0.09984681042094891,21,0.02178836031685257
704,5,0.4867752110192408,0.0982695784924704,21,0.021444180093007144
705,1,0.42505939087141836,0.228375834156892,18,0.053828700330490906
705,2,0.44575909421252063,0.1404191755590433,21,0.030641976239171854
705,3,0.5075821835695697,0.07012517441278739,21,0.01530256761278946
705,4,0.48808645958633445,0.09080832211433855,21,0.019816000467661368
705,5,0.4810069285672502,0.13534188902768493,21,0.029534021484175214
706,1,0.45023061391080593,0.25115214895686433,19,0.05761825456610767
706,2,0.4471096484965311,0.11067401506544776,21,0.024151050071528447
706,3,0.4860043198618748,0.07273705582369451,21,0.01587252686382422
706,4,0.48891394803486454,0.08500480366942,21,0.018549568916665576
706,5,0.5390232892707171,0.14058495116046418,21,0.030678151441166524
707,1,0.3852214853545503,0.22569010059152556,18,0.05319566685831392
707,2,0.47124802880021927,0.12442938952241658,21,0.027152718864934245
707,3,0.48139586732840667,0.0933936831396416,21,0.020380172496101363
707,4,0.49127122392989636,0.0963896483758761,21,0.021033945709172833
707,5,0.5048831631775191,0.08044910641447221,20,0.017988967067187424
708,1,0.40463666461694525,0.2110665566763987,19,0.04842198899544852
708,2,0.4642625850268684,0.1192794118777301,21,0.026028901608548233
708,3,0.49708280238909164,0.08281664600317205,21,0.018072073767233236
708,4,0.49660578925684506,0.10824140246495928,21,0.02362021048208836
708,5,0.5063705708370951,0.1424024738136484,21,0.031074767400000508
709,1,0.3942581460016706,0.18818014939354355,19,0.04317148707299174
709,2,0.45818426286306535,0.1295024110117779,21,0.02825974291146452
709,3,0.4625780703927342,0.0733341047423872,21,0.01600281361922902
709,4,0.5001109243643123,0.09518640285130311,21,0.020771376009364614
709,5,0.5000232846652312,0.08390678952057812,21,0.018309962585656033
710,1,0.39114039890471775,0.2458762804811007,18,0.05795359508703729
710,2,0.45704600172984344,0.13655741752267467,21,0.029799271547873603
710,3,0.4818141037767963,0.08849580343764905,21,0.01931136752090286
710,4,0.5247958065940044,0.08494428146907508,21,0.018536361889793868
710,5,0.5372458520514573,0.1300633501476735,20,0.029083049231155525
711,1,0.4016496650709753,0.2521630994717278,19,0.0578501825203819
711,2,0.43051743720938224,0.1395733531303494,21,0.030457402653267993
711,3,0.4794456680319567,0.08329285906176251,21,0.018175991976181676
711,4,0.5235867305640237,0.09901571707620126,21,0.021607000880572564
711,5,0.5254938816250451,0.10755725606774287,21,0.02347091749867524
712,1,0.4153739603483732,0.24401988127380067,19,0.055982000141436325
712,2,0.45381744563167803,0.13062547382916564,21,0.028504815310077366
712,3,0.48787746740200194,0.081362374062716,21,0.017754725612557514
712,4,0.46746815553956317,0.08546127800243389,21,0.01864917978256275
712,5,0.5285261619265076,0.09559551197612416,21,0.02086065093945936
713,1,0.3898096650023765,0.19765542860893057,19,0.04534526520781823
713,2,0.46999997633408613,0.12002775168814382,21,0.02619220274315632
713,3,0.4741495769646492,0.10805048395910828,21,0.023578548648534547
713,4,0.5289607827588103,0.0951749991882179,21,0.020768887526065198
713,5,0.5233256069091399,0.08043551262740142,21,0.017552467865602064
714,1,0.39657126223870415,0.22794254457570542,19,0.05229360614415869
714,2,0.4581395039177635,0.09710442958003902,21,0.021189923755525607
714,3,0.48075744725011355,0.08153143721131899,21,0.017791618216162312
714,4,0.4954533112467446,0.08224542864791903,21,0.01794742392110374
714,5,0.5389120282459031,0.0913205795941778,21,0.0199277842141695
715,1,0.3844997408762771,0.2507949882460343,19,0.05753631627952287
715,2,0.4623632034496345,0.16011210287443858,21,0.03493932529050816
715,3,0.4824744675604566,0.05294117918279528,21,0.011552712427875225
715,4,0.5280547367772594,0.09491420854258988,21,0.02071197834158297
715,5,0.552104589450852,0.12497838280421134,21,0.027272519020641227
716,1,0.38901697324637696,0.2273037340533384,19,0.05214705295936562
716,2,0.4529049900148551,0.13729283118658522,21,0.029959751966062886
716,3,0.5014307628783448,0.08536069274489698,21,0.018627230279874202
716,4,0.4974172943025868,0.08069572176840609,21,0.017609250155372222
716,5,0.5058453000371027,0.0929641510876293,21,0.020286440917922505
717,1,0.4036532530966159,0.22001397506824372,19,0.050474667552060606
717,2,0.45127770484472113,0.1004439235936106,21,0.021918661093622924
717,3,0.4750542059956392,0.07811461034550114,21,0.017046005466201886
717,4,0.4954461544982182,0.0833773266770928,21,0.018194424320992317
717,5,0.5749000637964082,0.15215220898660328,21,0.03320233403980237
718,1,0.4136067940612873,0.22602991323648455,18,0.05327576146684174
718,2,0.4443569681451221,0.11367658574305618,21,0.02480626471008061
718,3,0.48651290796755153,0.08742888436035606,21,0.01907854669080345
718,4,0.4850757228368807,0.0947766005429286,21,0.02068194981421729
718,5,0.5061989500016757,0.07230169211523829,20,0.016167149845793337
719,1,0.3920250194689457,0.23578303508908427,19,0.05409233802919068
719,2,0.4716332330900573,0.1358664273030948,21,0.029648485119983182
719,3,0.48332610730384057,0.0631527893959657,21,0.013781068464505589
719,4,0.4823707288276949,0.08477840862631969,21,0.01850016546800034
719,5,0.5218762515900144,0.09294314123489779,21,0.020281856192185265
720,1,0.39384367399954867,0.2274231103640979,19,0.052174439763305276
720,2,0.4702138247624731,0.1268118817444753,21,0.027672621291135558
720,3,0.4934999149831653,0.06390241641812755,21,0.013944650491745635
720,4,0.4960317054438441,0.09287852086371583,21,0.02026775487111967
720,5,0.5106295250216171,0.08684116030478968,21,0.018950294787356815
721,1,0.41203320040970914,0.22730058916078522,19,0.052146331471532595
721,2,0.4649586401517225,0.12811785900007192,21,0.027957608892548044
721,3,0.46239719700042975,0.05498063140223531,21,0.011997757388438541
721,4,0.4831671078163058,0.12157270312155219,21,0.026529338785471764
721,5,0.5408110525989497,0.10872112622383909,21,0.023724894788647193
722,1,0.424055945295255,0.2252681475313916,19,0.05168005738357617
722,2,0.446805230122452,0.10613363431129105,21,0.023160257762488267
722,3,0.4841387457120824,0.09053134688455683,21,0.019755559517370774
722,4,0.513157814043038,0.09244842583056259,21,0.02017390044038399
722,5,0.5203770430220119,0.0857320719513551,21,0.01870827186678501
723,1,0.4125341047953257,0.2189332434898306,19,0.05022673072388187
723,2,0.4350647804998513,0.10048604976146332,21,0.021927853777095472
723,3,0.5085480469007381,0.09447309289068177,21,0.020615719014673507
723,4,0.5049679313478559,0.07035576022266608,21,0.015352885561739547
723,5,0.5143828847118915,0.1307031636664107,21,0.028521768622453755
724,1,0.4298552313486452,0.22145422584184032,19,0.050805083740242916
724,2,0.4677216090422996,0.11892493306695585,21,0.025951547990327714
724,3,0.4808154640468553,0.08291785251598699,21,0.018094158838937856
724,4,0.49551526330616535,0.09028779854114882,21,0.019702412911701807
724,5,0.5037159262745713,0.04541385780923182,20,0.010154847318195203
725,1,0.4588961973195059,0.19016422474169783,18,0.04482213761797906
725,2,0.4344438811767777,0.10972610485755517,21,0.023944199105828966
725,3,0.4668823147639179,0.07249463166390381,21,0.01581962557513246
725,4,0.4826214808412503,0.09755924082320971,21,0.021289171705465924
725,5,0.48260347069140164,0.14103014773094372,21,0.030775301297516867
726,1,0.42292957677829657,0.22998833205458583,19,0.052762941979969245
726,2,0.4592539912442722,0.14475647154676852,21,0.031588451818942286
726,3,0.47789929506936024,0.07845665431568095,21,0.017120645579742466
726,4,0.5081657431938092,0.09984706776167145,21,0.021788416473202114
726,5,0.534980492045243,0.0968886103165549,21,0.021142828131175816
727,1,0.39340995110015337,0.25697661331656985,19,0.05895447833159244
727,2,0.44213255984195726,0.13453550884771873,21,0.029358054902574867
727,3,0.4824652716827643,0.06716360399025313,21,0.014656299963398718
727,4,0.49587981084850175,0.08835229192494805,21,0.01928005074137667
727,5,0.5310730449402179,0.08535685910892722,21,0.018626393711920947
728,1,0.4048511326439428,0.24524180792847522,19,0.05626232934165449
728,2,0.4377571871570667,0.13277256040357233,21,0.028973348012498415
728,3,0.47231136930353057,0.0861899700780413,21,0.018808193429933485
728,4,0.49072842488419566,0.08947190381399761,21,0.0195243700856882
728,5,0.4932452723493285,0.0908563696382807,21,0.019826485296967088
729,1,0.3713219764681274,0.215300255625722,19,0.04939326614689455
729,2,0.449335595866176,0.1461908245671986,21,0.03190145330891416
729,3,0.48966782840153816,0.08531385710811702,21,0.018617009906028218
729,4,0.5153152077694788,0.09701390928298695,21,0.021170170607279368
729,5,0.5201311749626264,0.10614658571016186,21,0.02316308398942546
730,1,0.4311920586299899,0.26187942081899945,20,0.05855801868595564
730,2,0.45351511461545285,0.11792178165771645,21,0.02573264240621623
730,3,0.4895839723397952,0.10068038262933912,21,0.02197026068552684
730,4,0.5158619957077507,0.09502181027834698,21,0.020735458965345614
730,5,0.53658329848065,0.06890865777693048,21,0.015037101919075778
731,1,0.41146371342546717,0.24010908480373894,19,0.055084801899238714
731,2,0.45546217963238533,0.12529048758343575,21,0.02734062586709615
731,3,0.47473310690788684,0.06751591554689106,21,0.014733180647994004
731,4,0.496165434959996,0.08378128797977866,21,0.018282575904201407
731,5,0.49739636306988605,0.1333172997172507,21,0.029092219876257912
732,1,0.42037417871754357,0.19231235307281425,18,0.04532845632124285
732,2,0.4565965695434359,0.1356666353644657,21,0.029604886944649376
732,3,0.5053472402450978,0.10267341324429054,21,0.02240517562149728
732,4,0.4817170622307604,0.09489543168128563,21,0.0207078808945239
732,5,0.5191271362483695,0.09134854920354311,21,0.019933887683315922
733,1,0.43458596718636655,0.2064991901219948,18,0.048672325881597554
733,2,0.44447876971563216,0.14472920084407953,21,0.03158250086373624
733,3,0.49229885084774144,0.07239692858443343,21,0.015798305015260874
733,4,0.48559362686862917,0.08645362514460395,21,0.018865727682308816
733,5,0.556823880960001,0.0717267663455643,21,0.015652063625379024
734,1,0.3954765994832701,0.23701389049853083,19,0.05437471562623741
734,2,0.4605580704343756,0.1328517576461159,21,0.028990630267678782
734,3,0.4617704521673341,0.09216346493930379,21,0.020111716875893727
734,4,0.4804691079598224,0.1086519109442277,21,0.023709790776358302
734,5,0.5284298290490492,0.08464772300196016,21,0.01847164752676843
735,1,0.4367660237627511,0.20491167211989186,19,0.04700996163802892
735,2,0.4534704878845253,0.15495616317669197,21,0.033814207007481896
735,3,0.48740328437967634,0.07486837531063746,21,0.01633761890568377
735,4,0.49479035737089383,0.06538783502848235,21,0.01426879540701454
735,5,0.5147759900416504,0.09533720348385406,21,0.02080428340524614
736,1,0.4230430164324965,0.20931079836567235,19,0.048019190414093894
736,2,0.43570040413279704,0.12210348896753317,21,0.02664516575294886
736,3,0.4887752628948652,0.0845765989181493,21,0.018456126979254257
736,4,0.5119965814764544,0.08396345562807386,21,0.01832232814408164
736,5,0.5376048323732967,0.08577171313807724,21,0.018716922282917967
737,1,0.41957646380048425,0.21462530516213585,19,0.04923842189096466
737,2,0.44093833393659587,0.13387551073374054,21,0.029214031506582815
737,3,0.4938935989265404,0.07568797626788573,21,0.016516470497409886
737,4,0.4794514427575888,0.08510129526026584,21,0.018570625108045472
737,5,0.5003554892106136,0.15439162663246847,21,0.033691015033840324
738,1,0.39148463705093184,0.2386821745627078,19,0.05475744623912513
738,2,0.4544348097875444,0.12670947680309766,21,0.02765027470087839
738,3,0.46924507834936596,0.07528173291628491,21,0.016427820930301155
738,4,0.48966348695817896,0.09391467729098633,21,0.0204938627406331
738,5,0.5414462005256045,0.09908455746010732,20,0.022155980600128387
739,1,0.39334777189873527,0.21089457654008636,19,0.04838253404626527
739,2,0.47093862294451694,0.13057816201112843,21,0.028494491024962054
739,3,0.49143952343019714,0.0813429857949634,21,0.01775049474567321
739,4,0.5035461317336282,0.08113252521662638,21,0.01770456848229066
739,5,0.52195259076098,0.1032479480943624,21,0.022530549404347015
740,1,0.42537357435069134,0.23288431486936675,18,0.05489135942537079
740,2,0.4382801780307811,0.1110608481384032,21,0.02423546396858229
740,3,0.5042659746668,0.10007323900048114,21,0.021837771083767225
740,4,0.5135636178661984,0.08166224502065296,21,0.017820162820341563
740,5,0.49327635359461874,0.0899637325264363,21,0.019631695909674056
741,1,0.3933371172209821,0.240159083400273,19,0.055096272363955076
741,2,0.4323993395134687,0.12276756871719563,21,0.026790079834868648
741,3,0.4932307836891913,0.06791362065610553,21,0.01481996701786286
741,4,0.4969905614432853,0.08671526392722131,21,0.01892282194545549
741,5,0.5157042488603188,0.06815506149626985,21,0.014872653728620325
742,1,0.42438217261669836,0.20183495052977465,19,0.04630411329651678
742,2,0.4532168442149398,0.11884847628094482,21,0.02593486375179016
742,3,0.4868345079559512,0.08226840254106123,21,0.017952437235595736
742,4,0.4763210312228001,0.0781792643802533,21,0.017060114133260744
742,5,0.5296835644922668,0.1523143040666567,21,0.033237706086189256
743,1,0.3827120731027374,0.22628340078419587,19,0.051912972453632744
743,2,0.45664867104102247,0.10695981838768122,21,0.0233405459085847
743,3,0.48800263888628204,0.08653520936884643,21,0.01888353081959955
743,4,0.49703780921590573,0.10456911884260699,21,0.022818852497670454
743,5,0.5368474478403383,0.08372258328549725,21,0.018269765489668372
744,1,0.4073882396821902,0.212827760903355,19,0.048826036955671635
744,2,0.4521609831396297,0.12509414388327833,21,0.027297780159086668
744,3,0.48357331523952113,0.07454097850357153,21,0.016266175065175838
744,4,0.4953466597140673,0.10686943871259563,21,0.02332082344656731
744,5,0.49923175232336,0.13780075869507083,21,0.03007059083535744
745,1,0.41756835490259114,0.21332255536447023,19,0.04893955059008347
745,2,0.4717794211405302,0.12300998920990146,21,0.026842980323336884
745,3,0.4874932786774084,0.0805138322494181,21,0.017569558608282625
745,4,0.49052153128184406,0.10592030806861223,21,0.023113706159878924
745,5,0.5484375984635032,0.06956852659303134,21,0.01518109709995783
746,1,0.4047363810627194,0.24902064589012296,19,0.057129254225803845
746,2,0.46922766878976097,0.13167677331015037,21,0.028734227664824048
746,3,0.49071192645998224,0.08500978320138973,21,0.018550655539626374
746,4,0.491724148376174,0.08887934366233,21,0.019395062859553374
746,5,0.5133734373080885,0.09403208657285406,21,0.0205194835464164
747,1,0.42164129495823266,0.2050250262207505,19,0.04703596685226464
747,2,0.4535335466573641,0.11176799890357754,21,0.0243897769166374
747,3,0.4817973923439562,0.08596558406391694,21,0.018759228387332804
747,4,0.4805766198084155,0.09674173715557306,21,0.02111077777985407
747,5,0.5020189899512717,0.1026261115122224,21,0.02239485353732086
748,1,0.44018477726056315,0.20656752003027795,19,0.04738983920156818
748,2,0.46836161092961376,0.10629309964890699,21,0.023195055952028587
748,3,0.4844450397597633,0.08286291612886684,21,0.018082170736443307
748,4,0.4868585010405426,0.07519631664465859,21,0.016409181571715035
748,5,0.4960079479455657,0.0956503393213762,21,0.0208726152470675
749,1,0.3801515492869896,0.23722115832144205,20,0.05304426357079843
749,2,0.44239941389937404,0.15273519315632578,21,0.03332955161536019
749,3,0.46171032479449714,0.083454173080298,21,0.01821119358097198
749,4,0.4755860277923351,0.09347733742186269,21,0.020398427357076858
749,5,0.5088684408594909,0.15200631545574753,21,0.03317049746129995
750,1,0.3681378742523591,0.23108105234070034,19,0.05301362920632346
750,2,0.47259215424085965,0.12040747122746549,21,0.026275064339908477
750,3,0.4850368679257574,0.06354330179478689,21,0.013866285256287343
750,4,0.5119607898655824,0.10437880773605468,21,0.022777323209510134
750,5,0.49474032040902877,0.1382917549738599,21,0.030177735007428513
751,1,0.39203385987341904,0.21535669887254996,19,0.049406215115787626
751,2,0.44937524078326846,0.15131517805992284,21,0.033019678916919884
751,3,0.49286570972107996,0.07739083913750332,21,0.016888065640179042
751,4,0.5039975291535377,0.09347536970349254,21,0.020397997965725546
751,5,0.5150310508785791,0.06578722925604931,21,0.014355950372726635
752,1,0.46809571904759856,0.20247480774050358,18,0.04772376985758418
752,2,0.4264424100457319,0.15691081587971142,21,0.03424074719647888
752,3,0.4704015172001916,0.08083699772926145,21,0.01764007909749114
752,4,0.4941846958092121,0.0915654636923674,21,0.019981222305428776
752,5,0.5091930332313092,0.0950942666608994,21,0.020751270244280338
753,1,0.4149654594458296,0.19925672934961708,19,0.045712628792390304
753,2,0.46496979496143337,0.13078146521424802,21,0.028538855421025033
753,3,0.5098502545759065,0.08317653028136811,21,0.01815060695515028
753,4,0.4980634847966448,0.09143779087288319,21,0.01995336181212045
753,5,0.5220457053746093,0.06792022906043467,21,0.014821409089913393
754,1,0.3977079857000584,0.22109516693485712,19,0.0507227099775946
754,2,0.44585349575557764,0.13334927050248555,21,0.02909919647356105
754,3,0.47484304243932635,0.08764672139886938,21,0.019126082629763085
754,4,0.4958771720439906,0.05513555550330873,21,0.01203156459892149
754,5,0.48986781548049474,0.13592493667739175,21,0.02966125291220129
755,1,0.37733690240305373,0.22324076862216138,19,0.05121494476328143
755,2,0.4379701448179307,0.13414171599915414,21,0.029272122257971083
755,3,0.4841177125020707,0.06954796598295904,21,0.015176610407005887
755,4,0.518986264380355,0.12830937440779874,21,0.027999400980769876
755,5,0.47268132485542486,0.14112412144752842,21,0.030795808043687617
756,1,0.4077626323364191,0.20467959990733983,18,0.04824344435500982
756,2,0.4826828743017043,0.11417607216076571,21,0.024915261582354718
756,3,0.4822113391757987,0.0804133510998202,21,0.017547631823808883
756,4,0.5011999068320004,0.07942315420511518,21,0.017331553146528123
756,5,0.48427249318245347,0.132462978828625,21,0.028905791774357478
757,1,0.40104703027590416,0.20900071973814544,19,0.047948053498202234
757,2,0.4439665854277055,0.1406257241394018,21,0.03068704883460893
757,3,0.49685113693565314,0.07907237449028119,21,0.017255006737219466
757,4,0.4991570778042546,0.09049577202039248,21,0.019747796445567397
757,5,0.5635332899804565,0.13340131366244226,21,0.029110553222128018
758,1,0.42226283883186994,0.22564574134744927,18,0.05318521128421571
758,2,0.4416490354515822,0.15371948648122646,21,0.033544342028093393
758,3,0.48727356821472045,0.07071693066965135,21,0.015431699414696262
758,4,0.5094215456344321,0.07244015176869639,21,0.01580773708734002
758,5,0.50212579995221,0.09808490134266264,20,0.021932450696855402
759,1,0.4192045385597711,0.20274977347127984,19,0.04651398807300382
759,2,0.43631646342534075,0.1522792855136465,21,0.03323006441143226
759,3,0.49097833931851503,0.09551378934785916,21,0.02084281759993483
759,4,0.5115502268435823,0.08449291037866206,21,0.01843786464273042
759,5,0.5087550427359842,0.07197310409067081,21,0.015705818928401657
760,1,0.41434641597111205,0.24022794964579494,19,0.0551120713642104
760,2,0.461972762973593,0.13269652793013206,21,0.028956756366554856
760,3,0.472829593411337,0.07908992343190911,21,0.017258836230237384
760,4,0.49715765951043106,0.10297740018776112,21,0.022471511010960718
760,5,0.5253195424182698,0.1291472279750323,21,0.028182235618538286
761,1,0.44777289630322265,0.237607669338655,19,0.05451093783460131
761,2,0.4602175417817517,0.1261966510557073,21,0.027538366948224167
761,3,0.4879882807047141,0.08126427556457226,21,0.01773331876525727
761,4,0.5058996518166795,0.09200137859135314,21,0.02007634673500788
761,5,0.5084849216644245,0.0906947700513253,21,0.019791221376038674
762,1,0.4077258553711094,0.22312837361328536,19,0.051189159579836746
762,2,0.4648925206259584,0.13101705865167018,21,0.02859026612389274
762,3,0.462716509125434,0.09090155518111012,21,0.019836345590792493
762,4,0.4999582525750454,0.08616565959719287,21,0.01880288844809212
762,5,0.4986016150663427,0.13615655674886346,21,0.029711796555534156
763,1,0.4278793815829968,0.20475117377447258,18,0.04826031447727826
763,2,0.4414515871711158,0.1324927700149338,21,0.028912292744181403
763,3,0.4957705499735146,0.10694866214594405,21,0.02333811141704985
763,4,0.49897884429356526,0.0985784769158456,21,0.021511587255253307
763,5,0.5041037964348063,0.08462266384030839,21,0.0184661791693817
764,1,0.4021952348557415,0.2391459609449627,19,0.05486384613236932
764,2,0.4625708419598146,0.1297728181542594,21,0.02831875058760158
764,3,0.47970283169986305,0.10067920087099398,21,0.021970002804713996
764,4,0.5261494272475351,0.09115011491167808,21,0.019890585770794663
764,5,0.5058388607006502,0.08619078829220225,20,0.019272846165565724
765,1,0.46362956027133756,0.22406238659580882,19,0.051403436853666995
765,2,0.4555089373526665,0.10428551610716304,21,0.02275696530707672
765,3,0.470077152418094,0.09053906053580696,21,0.019757242774072592
765,4,0.5075770494086558,0.08110578063928199,21,0.017698732337047315
765,5,0.5163794680850767,0.07852910242127105,21,0.01713645505249593
766,1,0.3905427651031459,0.25503281239251624,19,0.058508539816102406
766,2,0.46597288611466114,0.12301309615919273,21,0.026843658315256296
766,3,0.48271483264281595,0.08608813338767886,21,0.018785970842213978
766,4,0.513981142192516,0.07810832250735397,21,0.017044633347427264
766,5,0.5038118140545609,0.1003269277267246,21,0.021893130502384728
767,1,0.4310504501279453,0.21919469109228032,19,0.05028671091746657
767,2,0.44742207382274835,0.11819741035639102,21,0.025792789519329486
767,3,0.4701992190415989,0.10015473871092741,21,0.021855555778635655
767,4,0.48187959843688266,0.09467256896473435,21,0.02065924826270582
767,5,0.5241697876894532,0.06310874330015642,21,0.013771456818404955
768,1,0.3993620681521374,0.21165359184375473,19,0.048556664099175334
768,2,0.45214838348762065,0.1362678299853396,21,0.02973607836643771
768,3,0.46934642703893964,0.05530326230418428,21,0.01206816122318678
768,4,0.5065629926017269,0.06968742061534129,21,0.01520704190266798
768,5,0.510026676392055,0.08724887110970693,21,0.019039264579032274
769,1,0.3890113033178355,0.22639013036711447,19,0.051937457899223716
769,2,0.4460332586956797,0.12154546199773165,21,0.02652339428490399
769,3,0.4922114065005583,0.07804345065050837,21,0.017030477147690723
769,4,0.48453928512197725,0.09230907722570719,21,0.02014349208182512
769,5,0.5134338010901219,0.07960147575805701,21,0.017370466099594695
770,1,0.39792542564977057,0.23103322361566112,19,0.053002656544268494
770,2,0.45431506241832864,0.13789884924762422,21,0.030091995948787722
770,3,0.48119315710530397,0.06906037318590247,21,0.015070208935537937
770,4,0.4863407975436449,0.09270654664412238,21,0.020230227019745008
770,5,0.45795808491208817,0.13039440912939496,21,0.028454392858785392
771,1,0.40262750663959695,0.21942752748753083,19,0.05034012724995474
771,2,0.45659385728639057,0.11153822715851618,21,0.024339636611194267
771,3,0.4926980949814218,0.09576012654739151,21,0.02089657278390342
771,4,0.507989701734815,0.08823989803742407,21,0.019255524384365768
771,5,0.542618548469981,0.13579957094149858,21,0.029633895865806798
772,1,0.3930477513070998,0.23747236168843994,19,0.05447989613072892
772,2,0.4844979274635782,0.13454535822794444,21,0.029360204213547857
772,3,0.47091992619352013,0.06745002853799986,21,0.014718802923919808
772,4,0.4996544486843937,0.07899523310295843,21,0.017238173106428015
772,5,0.5024455507768616,0.07589019866784039,20,0.016969564304725508
773,1,0.40307869303348526,0.2215927701616627,19,0.05083686798704857
773,2,0.46154238584570323,0.12365433989148002,21,0.026983589169643083
773,3,0.44823387986309726,0.08148756379802506,21,0.01778204425247586
773,4,0.5341528103980373,0.10254258546698847,21,0.022376626659950157
773,5,0.5258272222657951,0.05237375738243469,21,0.011428890839726629
774,1,0.42723542769986905,0.2133035909161434,19,0.04893519984725313
774,2,0.44998963660476443,0.14195124902445036,21,0.03097630207847953
774,3,0.49118864635485837,0.0694314577035665,21,0.015151186216081823
774,4,0.47142601092776626,0.09039350985718371,21,0.01972548101206101
774,5,0.506884224891527,0.10955686319589719,21,0.023907267547481927
775,1,0.40001629833965324,0.24662217561843136,20,0.055146394944170375
775,2,0.4516706049995777,0.11361583491782966,21,0.024793007793169584
775,3,0.47158952591858716,0.10638883636991751,21,0.023215947417305614
775,4,0.5304934961869184,0.0734008502950328,21,0.016017378692909975
775,5,0.4643069195333964,0.14653669905001673,21,0.031976929308841204
776,1,0.38158339208689873,0.2202131778276066,19,0.05052036779928888
776,2,0.4645081787463282,0.1415388550009159,21,0.03088631032471791
776,3,0.47423997259313244,0.09414820391920414,21,0.02054482242875672
776,4,0.5071399122545509,0.10905249485854898,21,0.023797205353003965
776,5,0.49737500286788183,0.10468851208378828,21,0.022844906238869474
777,1,0.43107800370541216,0.2440941446912133,19,0.055999037337841784
777,2,0.45871750449992943,0.15162043679716225,21,0.033086291834536374
777,3,0.4700756600279073,0.07315526979065286,21,0.015963788633361096
777,4,0.5086285616838745,0.08301814153781506,21,0.018116043697695008
777,5,0.49416274269107674,0.1101677686750179,21,0.02404057805226926
778,1,0.38207648481371953,0.22045824207811315,19,0.05057658939416428
778,2,0.4504837380566883,0.13254325131316388,21,0.028923308666577552
778,3,0.48577967190727955,0.08328290063091205,21,0.018173818868411427
778,4,0.5292965573495485,0.08907798121055686,21,0.01943840912624909
778,5,0.5559547163751977,0.16522686228282576,21,0.0360554572976711
779,1,0.40310431465200747,0.23364651477903417,20,0.05224494897518296
779,2,0.4491635136601526,0.13496283591949867,21,0.029451305314619414
779,3,0.4871072188199609,0.07524369714646466,21,0.01641952084485748
779,4,0.495356211339322,0.09477120790931275,21,0.020680773045086823
779,5,0.4778003695851937,0.11052801693618139,21,0.024119190667781537
780,1,0.38148682933353745,0.26610768627614484,19,0.06104929013563898
780,2,0.47366375367725616,0.12968304810126488,21,0.02829916115603074
780,3,0.48541438342389703,0.09047925534638408,21,0.01974419221181157
780,4,0.4887173418760367,0.08910470620479953,21,0.019444240998109295
780,5,0.4930982292990829,0.11256955378598128,21,0.024564690531983905
781,1,0.3529113207046029,0.22839285882515709,20,0.0510701957908564
781,2,0.487402435079946,0.13693099486476618,21,0.029880792807304782
781,3,0.4610131506925259,0.068001613919787,21,0.014839168722218412
781,4,0.5043195754934595,0.10097005524806321,21,0.022033472433243946
781,5,0.5265736588082098,0.1285901969651126,21,0.028060681486757583
782,1,0.4381615883198786,0.22551387294985029,19,0.051736430660782526
782,2,0.4517195641958832,0.12429242536707615,21,0.027122830835917898
782,3,0.4605576547438184,0.05584793303378569,21,0.0121870181206737
782,4,0.49808812838046573,0.08455607959199778,21,0.018451649295192406
782,5,0.5214018343837535,0.12985663209101048,21,0.02833704028805177
783,1,0.40404467048128234,0.23823962201954133,19,0.05465591772265831
783,2,0.46231677750703987,0.10545318825343489,21,0.023011772259323496
783,3,0.46711320613918966,0.06989308506297434,21,0.015251921564527014
783,4,0.5148607067288784,0.07887243160527016,21,0.017211375622684662
783,5,0.4825626144789152,0.12722159324958915,21,0.027762027671386916
784,1,0.39296126202854986,0.24726260294366892,19,0.056725931513067124
784,2,0.4404572186015409,0.16398874768533092,21,0.035785278542335396
784,3,0.45623152446963633,0.05810948679280363,21,0.012680529610621872
784,4,0.4931267079824016,0.08766031493780113,21,0.019129048983149613
784,5,0.5123502453896865,0.1179591510508213,21,0.02574079707633897
785,1,0.400619885744832,0.19909561052862085,19,0.04567566559983109
785,2,0.4498930286236388,0.14651506352762908,21,0.031972208050791616
785,3,0.4871241997150729,0.05917285873624078,21,0.012912576392654874
785,4,0.512002027577626,0.08536061071786302,21,0.018627212380107908
785,5,0.4566125697025876,0.12946872551842867,21,0.028252392134174294
786,1,0.410259228887333,0.22448493585878465,19,0.051500376302929064
786,2,0.4664141960984758,0.12398942474805998,21,0.02705671068009599
786,3,0.44841141989919286,0.05938012095433621,21,0.012957804716613291
786,4,0.4852302130172285,0.08866692888997785,21,0.019348710156075727
786,5,0.5152088881648718,0.09526890082874101,21,0.02078937854394985
787,1,0.39729640268767863,0.22592615013670764,19,0.05183101353416349
787,2,0.46296213140418924,0.14183120672720204,21,0.03095010670163492
787,3,0.479641737833959,0.07984464081818299,21,0.01742352906599449
787,4,0.5004415438517485,0.07633123929115686,21,0.016656841997214938
787,5,0.47372529117332945,0.14282173004742707,21,0.031166256610803977
788,1,0.3759550145978187,0.23288944971989492,19,0.053428504018200984
788,2,0.43339247106393114,0.11936167837427024,21,0.02604685362986033
788,3,0.48579841328588924,0.06825346182768154,21,0.014894126441339505
788,4,0.5020926734757027,0.08859882092944937,21,0.01933384778062093
788,5,0.5130524633730907,0.11508955616967785,20,0.025734807109568
789,1,0.43471614924295726,0.1993070759668881,19,0.04572417909853943
789,2,0.46131318977385094,0.12718727204617566,21,0.027754538170787664
789,3,0.4621209690167168,0.08542810967748334,21,0.018641941860669378
789,4,0.5109408351092914,0.06628643588027215,21,0.014464886189056376
789,5,0.4792251990607004,0.13062010572022614,21,0.02850364389267003
790,1,0.4293991373095458,0.20308146340104402,19,0.04659008296165814
790,2,0.45787184244798784,0.13996106838131409,21,0.03054200905734582
790,3,0.4384725079080133,0.07854016221509624,21,0.01713886849737091
790,4,0.5047863051575054,0.07677929858107883,21,0.016754616550162346
790,5,0.4632627080660852,0.13383102530002774,21,0.029204323989091775
791,1,0.36195712903257027,0.25682842232895153,19,0.05892048098741498
791,2,0.4598330415784243,0.14708950735471849,21,0.032097561970798154
791,3,0.5049576635954375,0.06995238669668255,21,0.015264862241922366
791,4,0.5302926178826098,0.11665093242915205,21,0.025455320368750867
791,5,0.5001148586811287,0.10233050397054048,21,0.022330346683237186
792,1,0.38753381397047465,0.24111053116444311,19,0.05531454945101166
792,2,0.4406135476944288,0.12237893466424318,21,0.0267052729317595
792,3,0.4888864028378673,0.07868756880424527,21,0.017171035252261893
792,4,0.5075560848269333,0.07404532996416859,21,0.016158015686608778
792,5,0.49642051829877604,0.14555583256253846,21,0.03176288669334051
793,1,0.41294506393133973,0.21439869633508427,19,0.04918643426060507
793,2,0.477771756644799,0.12172501626770575,21,0.0265625762388806
793,3,0.48780763462993515,0.07355975135229688,21,0.016052053746382414
793,4,0.4962172910947577,0.09257812953631028,21,0.020202204109408043
793,5,0.5140499113530823,0.08456286544223114,20,0.018908831550099665
794,1,0.4037792480540638,0.21885134906452797,19,0.05020794285420116
794,2,0.4695299341235174,0.11887076235279737,21,0.025939726971371473
794,3,0.4825197403537339,0.08662208725940536,21,0.018902489129585472
794,4,0.4969259887827694,0.09010675865982329,21,0.019662906770750374
794,5,0.4956601084570656,0.151633942050669,21,0.033089238922463717
795,1,0.39761366132943526,0.22984697868339457,19,0.052730513292582326
795,2,0.45846195360972897,0.13847222971362919,21,0.030217117824381856
795,3,0.46159178584873845,0.07599097554367801,21,0.01658259036011631
795,4,0.4946835873959719,0.07706573764797445,21,0.016817122679021475
795,5,0.4675068623067742,0.09610055739777566,21,0.020970860885845495
796,1,0.38920133720529915,0.23065944091029023,19,0.0529169049106077
796,2,0.42901410128542944,0.14584588035139243,21,0.03182618030989183
796,3,0.49397156922227614,0.08600117175259561,21,0.018766994257674637
796,4,0.5048276661860234,0.09102622832564612,21,0.019863551501362226
796,5,0.4844402844910471,0.1403983607571991,21,0.030637434077027736
797,1,0.40817360391389773,0.2055807353100195,18,0.04845584400634384
797,2,0.4390384401405204,0.1424492003164131,21,0.031084963958851925
797,3,0.48585554495904243,0.0730156967038488,21,0.01593333128882499
797,4,0.5071662194096765,0.10970080697968893,21,0.023938678656293545
797,5,0.5203479069956494,0.09406981445389712,20,0.02103464997497062
798,1,0.42790128401246924,0.20067022579633612,18,0.04729842581427498
798,2,0.4728021551564138,0.13699153294708458,21,0.029894003299907237
798,3,0.4724500023086969,0.08035622251765974,21,0.017535165345137653
798,4,0.46271197283899035,0.08238434807666888,21,0.01797773862575832
798,5,0.5525045202111866,0.11409794415005135,21,0.024898212652688295
799,1,0.41076526582026707,0.2275408757895481,19,0.052201457004809514
799,2,0.4603211846038918,0.15135326653598366,21,0.03302799050380818
799,3,0.4584528177844001,0.05762745470605043,21,0.012575341585624535
799,4,0.5061688565732523,0.09128641089538474,21,0.019920327992806765
799,5,0.47808582357212726,0.07495092423639153,21,0.01635563255810307
800,1,0.39712542198555595,0.2163773441223225,19,0.0496403671947857
800,2,0.4645943715034671,0.11478032914890922,21,0.02504712126746775
800,3,0.4935635052737402,0.06810126953230725,21,0.014860915359732755
800,4,0.5077499500082021,0.08966723934191166,21,0.019566995792477736
800,5,0.534539441120774,0.09684537364493594,20,0.021655283877644333
801,1,0.41994599087858303,0.21358799957787217,19,0.049000447669102776
801,2,0.4475113599306265,0.15132085625491432,21,0.033020918000651274
801,3,0.47474232462773425,0.11134847011868203,21,0.024298228230304232
801,4,0.523935827869257,0.06337066944272461,21,0.013828613788633837
801,5,0.46323949504106066,0.1080071942689983,21,0.023569102063689777
802,1,0.4038693769066033,0.21228969501074268,19,0.048702596174047263
802,2,0.46874828448535477,0.14915355096013175,21,0.032547973211726526
802,3,0.4812642448823272,0.07895680514864108,21,0.017229787439310796
802,4,0.48113688536502197,0.08914089930171694,21,0.01945213897935972
802,5,0.5055888688860455,0.0851479899703824,20,0.019039669372124535
803,1,0.37875174457339034,0.2317029060210443,19,0.05315629222475968
803,2,0.45056142615092604,0.12381000153340106,21,0.027017557324733762
803,3,0.46801721681243513,0.08574679230735405,21,0.01871148411181462
803,4,0.5025755742566357,0.07617398721835751,21,0.016622526781653428
803,5,0.5706677973725736,0.12665557777368064,21,0.027638512968393238
804,1,0.4097928779927279,0.23501860843397554,19,0.05391696652711869
804,2,0.43768951700543196,0.12768434782408303,21,0.027863008998330024
804,3,0.48690041987127436,0.07506346580221193,21,0.016380191141160252
804,4,0.5153781949611667,0.09143527945880539,21,0.019952813776638885
804,5,0.49820041065992904,0.07736493177648955,21,0.016882412190517036
805,1,0.3846983270980291,0.22300732107998555,19,0.05116138822407288
805,2,0.45872687735912865,0.12749666119223077,21,0.027822052417501724
805,3,0.4872167716496816,0.07763360955655176,21,0.0169410424888355
805,4,0.4944861227998009,0.10392946011025984,21,0.02267926751862663
805,5,0.5243849553350832,0.06835750737589369,21,0.014916831041358809
806,1,0.40318061410923384,0.21711655016112447,19,0.049809952690659
806,2,0.4550054607193402,0.1532072255478806,21,0.03343255752796834
806,3,0.49765140187562684,0.07568384460030476,21,0.01651556889362721
806,4,0.4874230088124456,0.10041724019989602,21,0.021912838299742193
806,5,0.5245578643794824,0.07564966300209723,21,0.016508109857381468
807,1,0.3934033720030968,0.22694782749519027,19,0.052065402395138724
807,2,0.4516010839320154,0.14189639608490454,21,0.0309643321857386
807,3,0.46474804994499846,0.0867357129369664,21,0.01892728428521948
807,4,0.5270486898769245,0.09641987450251346,21,0.021040541590757644
807,5,0.5085646189455166,0.13594488439522215,21,0.02966560586110126
808,1,0.38715244217417344,0.21748721691737283,19,0.049894989476565135
808,2,0.4480474909089341,0.15334753376553248,21,0.033463175291207105
808,3,0.4838730587804802,0.07918671767773026,21,0.017279958466347462
808,4,0.5188463821409781,0.06547068106440827,21,0.01428687389418871
808,5,0.557103708282949,0.12389294682632772,21,0.027035657471561225
809,1,0.4179901341493201,0.19984754008315542,18,0.047104516932083194
809,2,0.4493061747181593,0.15174980994087683,21,0.03311452336901097
809,3,0.454776721223593,0.07723287037330645,21,0.016853594029732816
809,4,0.5362076331735628,0.08094532480300919,21,0.01766371800297981
809,5,0.48605288261272167,0.09050878177914129,21,0.019750635407674043
810,1,0.42289844277795635,0.22411271177690228,19,0.05141498224201972
810,2,0.46174387742622225,0.12733752801351417,21,0.02778732671097564
810,3,0.47076437027790297,0.09269630881492952,21,0.020227992942257942
810,4,0.4842178182786544,0.06644359560121485,21,0.01449918125179057
810,5,0.4812510445559468,0.08689128602662881,21,0.018961233116623104
811,1,0.41234444851408325,0.2128079207562322,19,0.04882148531375936
811,2,0.46405115443516914,0.10958719560329877,21,0.023913886621430878
811,3,0.4805201483959728,0.09029169542233177,21,0.01970326328089205
811,4,0.5004033914553709,0.0831725673688334,21,0.01814974217673777
811,5,0.5072657655441726,0.13503333326319944,21,0.029466689096229036
812,1,0.39852525367990477,0.23401896421129584,19,0.05368763241416316
812,2,0.4393461607925983,0.12273002826206521,21,0.02678188783595159
812,3,0.4869474112196759,0.07683405194945156,21,0.016766564714691956
812,4,0.5137728903977469,0.07428367322829629,21,0.016210026450858686
812,5,0.4943888601922307,0.08526235008116864,21,0.018605770151275215
813,1,0.4201672837636305,0.1975061778138873,18,0.04655265255281192
813,2,0.4513523325817844,0.13525402370463668,21,0.02951484769875472
813,3,0.4672294439914518,0.0729846105964646,21,0.015926547744055962
813,4,0.5082035477450911,0.07826645552524578,21,0.017079140800968264
813,5,0.5097293094410575,0.15012991073036508,21,0.03276103238089814
814,1,0.4080063000170911,0.22752616010972515,19,0.052198080996323525
814,2,0.459993433736397,0.13174152510690065,21,0.028748357665299883
814,3,0.48243241061166797,0.0728386291520756,21,0.01589469198124779
814,4,0.5075233192780209,0.08739652729740166,21,0.019071485800791307
814,5,0.4729902247240387,0.13509474553267609,21,0.029480090352108832
815,1,0.39691722159172105,0.2293838969251749,19,0.052624275051178296
815,2,0.458434049882094,0.11439798693913897,21,0.02496368735710352
815,3,0.47585462181673827,0.07533874101394004,21,0.016440261117097826
815,4,0.4980601813404558,0.0900566447510153,21,0.019651971019298817
815,5,0.4743747993111698,0.07996385712602662,21,0.017449544197173854
816,1,0.4039296444147035,0.215692834168036,19,0.04948332984128136
816,2,0.4678537263811792,0.1345997008930615,21,0.029372062755279503
816,3,0.48385333662973357,0.09306637527057003,21,0.020308748063454927
816,4,0.5043139536242074,0.0835540780363179,21,0.01823299462969876
816,5,0.45854860149020477,0.0806963798288051,21,0.017609393755924144
817,1,0.44025152321907796,0.21034925286933343,19,0.04825742821614249
817,2,0.46192669753556437,0.139591990387955,21,0.03046146963630247
817,3,0.4642824763858799,0.08054646394586182,21,0.017576679428235393
817,4,0.48801696096617564,0.09455859104249768,21,0.020634376240981852
817,5,0.45544127388815686,0.1413337546952101,21,0.03084155376872003
818,1,0.4084531345781822,0.2204818484194006,19,0.05058200506027474
818,2,0.4712356390711749,0.13497133960852994,21,0.02945316097169904
818,3,0.49665613531787606,0.0846932827322472,21,0.01848158947499139
818,4,0.49858850210233513,0.052388389559753314,21,0.011432083842590658
818,5,0.5328646906083647,0.12820460622407998,21,0.02797653868875491
819,1,0.405195540958,0.21757907633609797,19,0.04991606347252489
819,2,0.466202388102931,0.10295391315410125,21,0.02246638572002756
819,3,0.46611284174738155,0.08776545203097404,21,0.019151991777807346
819,4,0.5130326935972557,0.07323653381387685,21,0.015981521897061122
819,5,0.47737702511173663,0.12663921831363434,21,0.027634943041536537
820,1,0.39402780279356153,0.22361185722148721,19,0.05130007832662676
820,2,0.44915440532661144,0.11610138478344005,21,0.02533539924091944
820,3,0.4817771268242633,0.07790678144603569,21,0.017000653482230465
820,4,0.5072106189445498,0.08200355101321367,21,0.017894641893963063
820,5,0.5172108497522926,0.0652527868139115,20,0.014590966703720802
821,1,0.3848197731792548,0.24473538876188214,19,0.05614614881690442
821,2,0.48792037853924386,0.12126272468595994,21,0.026461695945238173
821,3,0.4936922101455682,0.07449772329422748,21,0.016256736004651065
821,4,0.5099650241373906,0.09556978438227534,21,0.02085503671820882
821,5,0.5084930681163408,0.06446754851245594,21,0.014067972425074625
822,1,0.4068386412266129,0.23318755049632375,19,0.05349689302659279
822,2,0.48554949510427675,0.13112122703366488,21,0.02861299752844092
822,3,0.48151815901880335,0.0915121059981696,21,0.019969578701973075
822,4,0.49932709239535084,0.08748408095126001,21,0.01909059157441873
822,5,0.48769379912117955,0.13649944154394683,21,0.02978662015211125
823,1,0.39845190471736003,0.21049120717770237,19,0.04828999476797304
823,2,0.453152442109064,0.14315181410891994,21,0.03123828685830348
823,3,0.5090979519787032,0.08241572835228725,21,0.017984586363298784
823,4,0.5030125058704734,0.06666528971082912,21,0.014547558872668342
823,5,0.5047869921415472,0.07257119901164451,21,0.0158363339402174
824,1,0.4387363440696362,0.20655484347093897,19,0.04738693099940447
824,2,0.4750808699550255,0.11066568198860546,21,0.024149231645080746
824,3,0.4674606492219088,0.09048265518760176,21,0.019744934117989228
824,4,0.5054327442236982,0.08384273441196488,21,0.018295984614995615
824,5,0.5124282440508322,0.07769776277293872,21,0.016955041868367316
825,1,0.4213074957295964,0.21755538032325247,19,0.04991062723434814
825,2,0.464653266414578,0.11332310839568266,21,0.024729129629090546
825,3,0.4837307497056007,0.09377270425275898,21,0.020462881683760734
825,4,0.49450255180554686,0.06471614558631107,21,0.014122220754050133
825,5,0.4767784949250465,0.13912202979430166,21,0.03035891582706138
826,1,0.3984172790531425,0.23812422622559976,19,0.05462944411190563
826,2,0.45094700567819546,0.13881379789488507,21,0.030291654112267263
826,3,0.47940300465676067,0.06762533083311323,21,0.014757057020912975
826,4,0.49598535258220205,0.081568718448582,21,0.017799753649103234
826,5,0.4881291399412717,0.14175507771489623,21,0.030933493989183797
827,1,0.4182612603792945,0.22782652791305538,19,0.05226699009635562
827,2,0.4675648123668135,0.1152819886028253,21,0.025156592335118258
827,3,0.49211955839811594,0.07410411606067925,21,0.016170843864564546
827,4,0.5155472462371679,0.11016832145624474,21,0.024040698679022338
827,5,0.4784602584913243,0.09984850456867174,21,0.021788730010194393
828,1,0.39694581607456386,0.18546800939627203,19,0.04254927948515799
828,2,0.4642945351971606,0.14362073799048214,21,0.031340614438419255
828,3,0.4817117066944391,0.08566812540962528,21,0.01869431758736084
828,4,0.5291999801730158,0.08801857288505126,21,0.01920722727655881
828,5,0.5001974354260535,0.14365397790066853,21,0.031347867981491764
829,1,0.39749728326562395,0.23169764645803942,19,0.05315508559825308
829,2,0.44956042043266253,0.1527506799098193,21,0.033332931102034155
829,3,0.4798671592545898,0.06218245248283775,21,0.0135693235905047
829,4,0.5195422425566599,0.05558910603166834,21,0.012130537438335545
829,5,0.5275582291975469,0.09169240752823292,21,0.020008923721469812
830,1,0.4265024741840425,0.21877021608498057,19,0.05018932967215719
830,2,0.46268597741279116,0.1455445975962949,21,0.03176043502270996
830,3,0.501531031476686,0.09390505194906949,21,0.02049176231882721
830,4,0.49795314707974375,0.07880560846583931,21,0.017196793618179114
830,5,0.49640652109152744,0.08525253406322075,21,0.01860362812054811
831,1,0.4209322215388658,0.2132623637845378,18,0.05026642120130636
831,2,0.4506842806246957,0.16107691974076643,21,0.035149865591542324
831,3,0.4685874107515448,0.08121761507279095,21,0.017723136611183375
831,4,0.4871485106208996,0.09271066765225149,21,0.020231126297444585
831,5,0.5079052237125915,0.08430707124755016,21,0.01839731121961589
832,1,0.3986922843122577,0.2480578685943737,19,0.05690837796594561
832,2,0.4746258730266484,0.12714954835576617,21,0.02774630618665459
832,3,0.48689806114429207,0.05577573125201223,21,0.012171262400183815
832,4,0.5078455339284608,0.09117001220116606,21,0.019894927715328144
832,5,0.5170333799825106,0.08260273599887767,21,0.018025394777395745
833,1,0.4096818011405679,0.24000640667488754,19,0.05506124592095581
833,2,0.44956266601136885,0.11888164167901435,21,0.02594210103498573
833,3,0.49263893912201273,0.07544269089557595,21,0.016462944840958695
833,4,0.5093044915424682,0.07905541110239171,21,0.01725130502250297
833,5,0.51689874283526,0.10800694331838324,21,0.023569047301776006
834,1,0.42505158249524627,0.20056803238433166,19,0.04601346234042604
834,2,0.45787858145691523,0.14132239859213,21,0.03083907566386459
834,3,0.485612535712465,0.083509825398605,21,0.018223337912459676
834,4,0.5167115488256476,0.08801316166845378,21,0.0192060464522893
834,5,0.5111504742461531,0.09287631100725524,21,0.020267272640905117
835,1,0.40104379813470253,0.22594513351585405,19,0.051835368620021714
835,2,0.4506542634280447,0.13119323843749162,21,0.028628711705056924
835,3,0.48756362533418307,0.05965557761986387,21,0.013017914289016178
835,4,0.5256280014412601,0.06962609262445818,21,0.015193659037885054
835,5,0.5120295883472007,0.07749515017705574,21,0.016910828175158498
836,1,0.4160485147519138,0.23157010980212017,19,0.05312582668273996
836,2,0.4457356842969113,0.12010600694311013,21,0.026209279439794946
836,3,0.47987892535024246,0.07107472301535292,21,0.015509776105517846
836,4,0.4730088215368737,0.0777435646554192,21,0.016965036658531045
836,5,0.5020578210782647,0.09021431907665808,21,0.019686378377984967
837,1,0.3892351160687213,0.24246209548257008,19,0.05562461957092803
837,2,0.43962723726681024,0.11490152247487544,21,0.02507356781937078
837,3,0.48885608062416624,0.08579708539963735,21,0.01872245896430613
837,4,0.4943279503306591,0.07624673927264194,21,0.01663840258144971
837,5,0.5387886745018481,0.132094024832468,21,0.028825279411721954
838,1,0.4290154311699957,0.22271064987329792,19,0.05109332718147237
838,2,0.4459700020077251,0.12738565876230565,21,0.027797829701432394
838,3,0.4951517954222295,0.08676507769839384,21,0.018933692201505457
838,4,0.4915289355862951,0.06859607996210347,21,0.014968891847789653
838,5,0.4955748689310538,0.1271742673747646,21,0.027751700318829127
839,1,0.37033938363616653,0.2440681041635557,19,0.05599306323107884
839,2,0.47258662880528474,0.14596371102627667,21,0.03185189307117015
839,3,0.46709393621840745,0.07653910975497974,21,0.016702203051272742
839,4,0.4972251586665415,0.06212758415685213,21,0.013557350340167338
839,5,0.5125879964643858,0.09329023535195083,21,0.020357598338121903
840,1,0.4862339558867151,0.22409916458775342,19,0.05141187430367925
840,2,0.4436124163485305,0.15198509449014944,21,0.03316586666695836
840,3,0.46054797410958564,0.05943702054737566,21,0.012970221225761646
840,4,0.49914907811929604,0.07840615912153134,21,0.01710962662500808
840,5,0.5070868534469627,0.07886642526483033,21,0.01721006493174584
841,1,0.3566575611717874,0.2234332865864956,19,0.05125911141335243
841,2,0.47091117060224574,0.14147453692738693,21,0.030872274970408373
841,3,0.48407431684153884,0.07891420472562558,21,0.017220491264877194
841,4,0.5000000067523347,0.07906900957710285,21,0.01725427245296486
841,5,0.5090848117046123,0.08051534097765699,21,0.017569887839775852
842,1,0.37198199680887944,0.2207093595713423,19,0.050634199698161186
842,2,0.4718851463831807,0.10376437913703829,21,0.02264324389693212
842,3,0.4764188490527645,0.05422758520305691,21,0.011833429235603599
842,4,0.506692357782168,0.09939758385492599,21,0.02169033104337709
842,5,0.49914708566371757,0.06682336807479607,21,0.014582054399745166
843,1,0.46854775441464414,0.18355190565920398,19,0.0421096951401464
843,2,0.4733833536782227,0.1418381752621979,21,0.030951627360639757
843,3,0.4779332252353541,0.081403908496443,21,0.017763789169057565
843,4,0.4960921242050896,0.07655488366294398,21,0.016705645200189478
843,5,0.4736506932569116,0.0888307411953927,21,0.019384456931758054
844,1,0.3766557193277468,0.23626074710321812,19,0.05420193268149198
844,2,0.46682304457859025,0.12380932187208145,21,0.02701740901047452
844,3,0.4912797765330646,0.08048035699405627,21,0.017562253708682453
844,4,0.5035470616708572,0.07561725938404605,21,0.016501038808214328
844,5,0.5467742054016759,0.13416707804617714,21,0.029277656710364506
845,1,0.4263989016832137,0.26044439178909734,19,0.05975004127476787
845,2,0.4503579565594219,0.13303832658991926,21,0.02903134294897911
845,3,0.4777771733035633,0.05132487844071584,21,0.011200006689951782
845,4,0.49286272956954147,0.0685267305858426,21,0.014953758573212824
845,5,0.4913691973805518,0.1510098000868278,21,0.03295303997990654
846,1,0.368407849327723,0.24962842038796254,19,0.05726868725825352
846,2,0.4480245295276256,0.1432512317480173,21,0.03125998156575954
846,3,0.4683764169079615,0.0710659629306605,21,0.015507864498317979
846,4,0.4873432294402767,0.09879467362931067,21,0.021558765245941608
846,5,0.4750390498280854,0.08391251187519794,21,0.01831121130580835
847,1,0.3971044547231222,0.21103434822822695,19,0.04841459987067437
847,2,0.4747849718723849,0.15359960415228707,21,0.03351818155919566
847,3,0.4599925384210282,0.07641154112925246,21,0.01667436529490623
847,4,0.48280127423691865,0.07436259258178454,21,0.01622724806567568
847,5,0.5207912068282988,0.0792813655178839,21,0.01730061231834118
848,1,0.3852029785814279,0.2450430529923929,18,0.057757201484525185
848,2,0.45231717597126947,0.13636148809619494,21,0.029756516241792052
848,3,0.4979192777089106,0.05770045188082842,21,0.012591270875097775
848,4,0.4969590984284606,0.10449299520541123,21,0.022802240958164507
848,5,0.4896388290362173,0.10340286443621374,21,0.022564354921628893
849,1,0.40351770851805757,0.1955719904011175,18,0.046096760207593526
849,2,0.4829147542517671,0.13730001491231786,21,0.029961319583536296
849,3,0.4935537104522962,0.09013424174907726,21,0.019668904072504545
849,4,0.4840486326006707,0.0688459270683455,21,0.015023412956195355
849,5,0.4890685379793292,0.07850036381876002,21,0.017130183775287643
850,1,0.4418551750566123,0.2513576554119553,20,0.05620528041661
850,2,0.4566188008553872,0.1427830772165802,21,0.031157821871604926
850,3,0.4907202634710151,0.05333109576585393,21,0.011637799201998311
850,4,0.4954988880869695,0.08561063137118301,21,0.01868177135959082
850,5,0.48000524946595113,0.1342676329193268,21,0.029299599582636175
851,1,0.38853094625199097,0.2252997823650998,19,0.051687314912167215
851,2,0.4512894383965226,0.11983289476821277,21,0.02614968147719108
851,3,0.4660309117174271,0.06195776060261807,21,0.013520291802450003
851,4,0.5025506407202363,0.0680055090977369,21,0.014840018719732732
851,5,0.47325311174367146,0.09991059247383545,21,0.02180227870186839
852,1,0.3987165007876471,0.23411977815714963,19,0.053710760719535594
852,2,0.4470942467266414,0.13747088701231436,21,0.029998606932697725
852,3,0.4799769079047061,0.09245436271666486,21,0.0201751959751438
852,4,0.48815404729904394,0.08323765963002294,21,0.018163946472645243
852,5,0.49402617883825795,0.0963516181990613,21,0.021025646844223006
853,1,0.37846936750536336,0.1860412599547319,18,0.043850345498160075
853,2,0.452182322303067,0.1348938918859062,21,0.029436260493064505
853,3,0.49006891774857597,0.09085072640857844,21,0.019825253843287344
853,4,0.5304197352548025,0.10415155175151743,21,0.02272773188802091
853,5,0.4897189167641506,0.05971144435103222,21,0.013030105409226117
854,1,0.3795023330414954,0.22140617324139042,20,0.04950792540058439
854,2,0.4711422980378304,0.1195849276943945,21,0.026095570625494464
854,3,0.4984710246625325,0.0887620556904265,21,0.019369468525774532
854,4,0.5159286518299352,0.06653312150900116,21,0.01451871740650916
854,5,0.5084807951932812,0.09328881225052886,21,0.020357287791932008
855,1,0.39640308438781646,0.19652142087458954,19,0.045085105991229495
855,2,0.45701183755220387,0.13616155726322904,21,0.029712887757229106
855,3,0.47752094702394243,0.06642159051027129,21,0.014494379347270414
855,4,0.5028646653959717,0.0935494008368563,21,0.020414152883459963
855,5,0.4974518499411376,0.08602961663996465,21,0.01877320144098431
856,1,0.398317602391906,0.24040950310563577,19,0.05515372258443652
856,2,0.4497247350305017,0.12716552781583088,21,0.02774979319071702
856,3,0.4895217029669448,0.07845946633705934,21,0.017121259213114956
856,4,0.5089501936413582,0.0812169744054283,21,0.017722996806103154
856,5,0.48423341952749144,0.09522990853845488,21,0.02078086972862814
857,1,0.39879844093020217,0.2165745857389954,19,0.049685617525024525
857,2,0.4579278373277291,0.12054406379592529,21,0.02630487128201969
857,3,0.48676678316358085,0.0757962298644803,21,0.01654009336886921
857,4,0.5344860864868242,0.07177188345926182,21,0.015661908986743633
857,5,0.5067171027278748,0.08302782630571094,21,0.01811815708731267
858,1,0.4031992343021052,0.22623526022937496,19,0.05190192825291957
858,2,0.4570100785220466,0.09912350180733512,21,0.021630521437200248
858,3,0.48021287641707094,0.06371392357113055,21,0.013903517980349375
858,4,0.5240037769242937,0.08490873494249833,21,0.018528605001759072
858,5,0.4987339028215609,0.07360418879300656,21,0.01606175079094157
859,1,0.39399129071173045,0.21786011194489124,19,0.04998053746295996
859,2,0.43645184768831247,0.13210924749399516,21,0.02882860126880419
859,3,0.5000083582462427,0.09017907266038874,21,0.019678686979388293
859,4,0.4781220815194348,0.0910412637552744,21,0.0198668325010945
859,5,0.5137172208541453,0.07361146326026338,21,0.01606333820983894
860,1,0.37097716765473226,0.21641502037983734,19,0.04964901072105296
860,2,0.4542870779862156,0.13003993209071235,21,0.02837703962726697
860,3,0.5041382019817758,0.06566701363266914,21,0.014329717173019209
860,4,0.4836953176495618,0.10039273961178581,21,0.02190749183309524
860,5,0.546862159664254,0.13018801211347958,21,0.028409353337421336
861,1,0.3792601389883627,0.22585329172524135,19,0.051814298668228315
861,2,0.4646839403109432,0.1304739921132763,21,0.028471759289626662
861,3,0.497428750373833,0.06671137236470875,21,0.014557614932174431
861,4,0.4851037404025445,0.0740734192214698,21,0.016164145265075345
861,5,0.501998207381063,0.08344982666984921,21,0.018210245116453746
862,1,0.3725642517241056,0.21829364750136918,19,0.05007999734080833
862,2,0.4713277895120446,0.1482525112665329,21,0.0323513502307705
862,3,0.4843726854795688,0.0750749324951429,21,0.01638269337869963
862,4,0.5119695265460995,0.07840281334347671,21,0.0171088965163798
862,5,0.5193226398783988,0.10594953142823019,21,0.023120083219760362
863,1,0.398775356830315,0.23035189623649932,19,0.05284634932357198
863,2,0.4632452139494531,0.14376895436212542,21,0.031372957902337684
863,3,0.4863722133564982,0.06131521457125965,21,0.01338007676310746
863,4,0.4951417063348913,0.07766869421716664,21,0.01694869858945453
863,5,0.4989110510186744,0.08280629248411606,21,0.01806981444414832
864,1,0.42103107767836806,0.1730630982964767,19,0.03970339770159936
864,2,0.4714703558352761,0.13453497545255233,21,0.029357938506206997
864,3,0.47187087113243437,0.09430613576734939,21,0.020579285983460045
864,4,0.4843059748859217,0.08517654201856359,21,0.018587045296888302
864,5,0.5008194352824072,0.08804657686805031,21,0.01921333824664707
865,1,0.42246776336264225,0.16768807162851632,18,0.03952445752420647
865,2,0.4611372894501776,0.1260961250846089,21,0.027516430382897153
865,3,0.44755800879638474,0.07851210676403182,21,0.01713274629603001
865,4,0.4909442352130596,0.06551012907786928,21,0.014295482156460171
865,5,0.5327362418541237,0.12388410870159788,21,0.027033728834629036
866,1,0.366916879196823,0.20485310560088418,19,0.046996525557090524
866,2,0.43964576051164206,0.1545710560317595,21,0.03373016973879992
866,3,0.4853834203762296,0.08297506764653018,21,0.018106644204014564
866,4,0.5250253525539499,0.0755521940842934,21,0.016486840395774728
866,5,0.507569021176288,0.08276594809123504,21,0.01806101057585097
867,1,0.4094856672633795,0.22549140717948832,18,0.05314883437197105
867,2,0.47163176196648604,0.13376301438496352,21,0.02918948279069344
867,3,0.46822954919110404,0.08499475738700805,21,0.018547376638112928
867,4,0.5019547179949493,0.07527056278782232,21,0.016425383408434385
867,5,0.5109779535954961,0.08926387160248543,21,0.019478973735390884
868,1,0.38839754461049053,0.22155317994830492,19,0.050827785369197
868,2,0.45403105170040964,0.12990890025309765,21,0.028348446136108946
868,3,0.4652998831207664,0.07201932478130604,21,0.01571590510999733
868,4,0.5096460376897286,0.08738300122730744,21,0.019068534170312162
868,5,0.48843581993557744,0.07766723379964166,21,0.01694837990022336
869,1,0.37697230511638624,0.23862519777562446,19,0.054744374867702825
869,2,0.4730104934455639,0.14789761942154292,21,0.03227390648109483
869,3,0.48937951644486155,0.07921997168635321,21,0.01728721508595105
869,4,0.4950064940588057,0.06484149959630328,21,0.014149575241643255
869,5,0.5189328569619674,0.09200790072302344,21,0.020077769980820812
870,1,0.4429646156048145,0.18584411661849934,19,0.04263556439955928
870,2,0.45961238945035887,0.11542078887954098,21,0.025186881038667324
870,3,0.4902607154152194,0.0785061854431658,21,0.017131454157883218
870,4,0.49105969820435835,0.11459243410989839,21,0.025006119208468996
870,5,0.4940298731255722,0.08798763055105299,21,0.019200475105714734
871,1,0.391403347793022,0.204766175290153,19,0.04697658237605854
871,2,0.463007869800096,0.12239336391157966,21,0.026708421651670963
871,3,0.4987941124895821,0.07270443935242982,21,0.015865409366277894
871,4,0.5088730294189715,0.0722822569424295,21,0.01577328161147288
871,5,0.4991771207930573,0.07365441115153268,21,0.01607271020806181
872,1,0.35851746711982907,0.2110175869062755,20,0.04718496687704016
872,2,0.4547636730778463,0.13300356905069327,21,0.02902375823209942
872,3,0.4719274817433244,0.07513773178197727,21,0.016396397306580955
872,4,0.4901483373654895,0.08922003849821405,21,0.01946940856785429
872,5,0.5172664919896712,0.0800398877009854,21,0.017466135428834788
873,1,0.42077711544959445,0.18186046811579806,18,0.042864923411480245
873,2,0.47013337351969864,0.12949321511321288,21,0.028257736201880837
873,3,0.4909501607383097,0.07434555346129934,21,0.016223529824751923
873,4,0.4714293703862061,0.07874839843911385,21,0.017184309366846742
873,5,0.4850717580436205,0.09565634548907033,21,0.020873925900310116
874,1,0.4270654858930056,0.1732359292177785,19,0.03974304783424534
874,2,0.45421485238309584,0.1423647987739013,21,0.031066546032312337
874,3,0.4819470809493935,0.06707141193004149,21,0.014636182006522823
874,4,0.4880486009459252,0.07691774509587984,21,0.01678482805653275
874,5,0.5259312488213433,0.12990185249313152,21,0.02834690818879825
875,1,0.39411945681240307,0.2416932892846494,19,0.055448243332827815
875,2,0.45757656682208697,0.1508823004914878,21,0.0329252172872055
875,3,0.47624507301086005,0.08238957798741012,21,0.017978879885846396
875,4,0.5100568196624163,0.07259255836396611,21,0.015840994933017827
875,5,0.4996887649039099,0.09242188190109353,21,0.02016810808009668
876,1,0.3581375820675928,0.23981633786204445,20,0.0536245633574588
876,2,0.47181856427702507,0.1339501860510125,21,0.029230326996770604
876,3,0.46158726114132065,0.08531008022078085,21,0.01861618572164206
876,4,0.4955954595332773,0.06797399149510355,21,0.014833141014980787
876,5,0.5193162353548929,0.09550497988158975,21,0.020840895216791413
877,1,0.4225063486089051,0.2217550922353063,19,0.0508741072246969
877,2,0.4530257720453535,0.13228055802518884,21,0.02886598429149648
877,3,0.4861552317204036,0.09316413783269044,21,0.02033008160350491
877,4,0.4872092113544778,0.109920471590124,21,0.0239866134041422
877,5,0.4887544284253059,0.0781403021512497,21,0.017051611877848687
878,1,0.41890029529163497,0.18287127229746655,19,0.04195354713796662
878,2,0.46394088977342696,0.1330791067876276,21,0.02904024191768643
878,3,0.49725895703120365,0.07337765368690255,21,0.016012316778023162
878,4,0.5058973160637829,0.07988061583692739,21,0.017431379458686096
878,5,0.528301088945093,0.1310980603530614,21,0.02860794214427586
879,1,0.3470399718039148,0.23178545983936405,19,0.05317523136957332
879,2,0.45705073269986823,0.13377900348777702,21,0.02919297189897617
879,3,0.47951706027457197,0.08273662634788638,21,0.018054612046879387
879,4,0.5040369263554576,0.08638596474598155,21,0.01885096297286891
879,5,0.498579220390622,0.09574447847663031,21,0.02089315809491565
880,1,0.3955381695233322,0.225522786192502,18,0.05315623047626735
880,2,0.46889473996246,0.1447138291706077,21,0.03157914648958183
880,3,0.4672031894546495,0.05988081712160148,21,0.013067065577883166
880,4,0.490678938595208,0.08636473926591672,21,0.018846331193389916
880,5,0.5249436982093452,0.1438640080349035,21,0.0313937003142705
881,1,0.3755656620029731,0.20030082756008277,19,0.04595216134957723
881,2,0.4316277916095623,0.13135927807615566,21,0.028664944524701738
881,3,0.47290814225997835,0.08034054732023416,21,0.01753174473662641
881,4,0.5260927456297876,0.07917996117938285,21,0.017278484077532706
881,5,0.513645864415539,0.10200249930604752,21,0.022258770197363966
882,1,0.3798358124461904,0.22170314536311736,19,0.0508621897948914
882,2,0.4332258379275819,0.11366111141001266,21,0.024802887933771046
882,3,0.4800505562079826,0.07839439695362305,21,0.01710705990954253
882,4,0.49337857440660493,0.07946325542173581,21,0.01734030394941497
882,5,0.4986570077249727,0.06524841980864825,20,0.014589990211658129
883,1,0.35632792990064854,0.2407058223942855,19,0.055221702891502106
883,2,0.41954406671893113,0.15024135016125756,21,0.032785350458396596
883,3,0.4788333381448803,0.08348429495166516,21,0.018217766712191684
883,4,0.48576489516165466,0.09722686961344283,21,0.02121664236129541
883,5,0.5314577994870998,0.08795828889548347,21,0.01919407223154032
884,1,0.39434115658399055,0.22682849355165643,19,0.052038025310907246
884,2,0.44025445296547927,0.1245999834886725,21,0.0271899455203376
884,3,0.49042266069813173,0.07194938087325274,21,0.01570064209794708
884,4,0.46483966235767854,0.07854219607725411,21,0.01713931232248003
884,5,0.5312903426352727,0.11284225194184398,21,0.02462419814822751
885,1,0.36195042082838697,0.21758647840013637,19,0.049917761622478414
885,2,0.4321021453895901,0.1567975549125154,21,0.034216031627171274
885,3,0.4756255072369394,0.09246350034134655,21,0.020177189968323607
885,4,0.5168887796605597,0.08941079269388018,21,0.019511034545986215
885,5,0.5433178366529627,0.12723323508779502,21,0.02776456812875867
886,1,0.3798989828840957,0.20941600020183673,19,0.04804332537054208
886,2,0.48110987917230374,0.14091983372051445,21,0.03075122880689752
886,3,0.49766403040677887,0.08023622457822532,21,0.01750897964796161
886,4,0.5039594861186675,0.08855389392782902,21,0.019324043905112706
886,5,0.4939061995030896,0.10060748284427412,21,0.0219543526482313
887,1,0.38715602247552616,0.18817868648521988,19,0.043171151458805075
887,2,0.4454102992615456,0.12051687106918749,21,0.026298937342561203
887,3,0.4611828072040683,0.07414804514826934,21,0.016180429977378445
887,4,0.48494828087977127,0.06759256871666604,21,0.014749907740982202
887,5,0.5365218414060094,0.13679842323444621,21,0.029851863305831214
888,1,0.38295495723105216,0.23543875090816677,19,0.05401335382116546
888,2,0.4454373798123851,0.15149081272422218,21,0.03305800554281559
888,3,0.4662524436864479,0.08870585984471778,21,0.01935720558688395
888,4,0.5183972509849232,0.0862966494515203,21,0.01883147277774577
888,5,0.49400114768302333,0.07887966339150777,21,0.01721295372782007
889,1,0.39619652716027653,0.187639867678471,19,0.04304753794683152
889,2,0.4597512176813909,0.1069739545923089,21,0.0233436306813345
889,3,0.4880805930350537,0.059805104874140966,21,0.013050543810977307
889,4,0.5074206501429802,0.07459209106491604,21,0.016277328740476996
889,5,0.49970563835099824,0.07621231918968145,21,0.016630891503564324
890,1,0.3864962704293003,0.21637336316587552,19,0.049639453900740906
890,2,0.44074141932353766,0.12567694324023418,21,0.027424957405192466
890,3,0.4706737330681894,0.0762822020116295,21,0.016646141185533564
890,4,0.4993949662811806,0.08222576287137864,21,0.017943132496837242
890,5,0.5399678201811199,0.08827759581327524,21,0.0192637507134786
891,1,0.3594184853162369,0.24421964721069483,19,0.056027829590451245
891,2,0.4605194744296651,0.1253497062864983,21,0.02735354844754097
891,3,0.4768307660410683,0.08576845269313753,21,0.01871621079550199
891,4,0.4775026815241626,0.07719614585694473,21,0.016845580083252425
891,5,0.49802066304999865,0.10883175552589965,21,0.023749036081541126
892,1,0.38500876622959573,0.2273665073234043,19,0.05216145413518525
892,2,0.45035182105303645,0.1505336090479461,21,0.0328491265760525
892,3,0.4623345984606812,0.09425796915521668,21,0.02056877516698063
892,4,0.5042356910121645,0.09510664514395176,21,0.020753971450736344
892,5,0.5221670104722852,0.05951926736282961,21,0.012988168952308636
893,1,0.3962864821024183,0.23120325943357498,19,0.05304166543621948
893,2,0.4427717630805109,0.15603651124897594,21,0.034049958284536226
893,3,0.47851792296337775,0.07062362668397705,21,0.015411338815791807
893,4,0.5227201871902041,0.05601918479689703,21,0.01222438831911905
893,5,0.522860118065138,0.10099023778694746,21,0.02203787662429887
894,1,0.3677288938224347,0.23971479843944762,19,0.054994346403619665
894,2,0.4336196080012701,0.15796042298132956,21,0.034469790243770705
894,3,0.47708538694967534,0.08222271475883754,21,0.01794246734414932
894,4,0.5087052020021544,0.07819495595836465,21,0.017063538316330677
894,5,0.5050359567431248,0.08937838364023072,21,0.019503962310674285
895,1,0.3857034014437242,0.22469136822586408,19,0.051547735135917226
895,2,0.4563454262558687,0.14713841933402902,21,0.03210823543973056
895,3,0.4566194362264773,0.07185015088690322,21,0.01567898833967774
895,4,0.5136890998623178,0.0901800892235139,21,0.019678908811648757
895,5,0.49323969410330204,0.08133594310537656,21,0.017748957904809983
896,1,0.4215857465712321,0.18754103398590205,18,0.044203845627389375
896,2,0.46393378346299274,0.10984937672761184,21,0.023971099233238178
896,3,0.4809749174603486,0.06876851952219168,21,0.015006521244785324
896,4,0.5127603828007474,0.10426763013783721,21,0.022753062268585613
896,5,0.48261937404783445,0.07837390893765957,21,0.017102589057923858
897,1,0.42442506353317594,0.15362781903835843,18,0.036210424206974345
897,2,0.45476308222961576,0.15006513789256168,21,0.032746897788888084
897,3,0.4943300052005427,0.06466775281196378,21,0.014111660584929402
897,4,0.5067081993815117,0.07574419150197731,21,0.016528737667192473
897,5,0.47323495484881756,0.1293748616085438,21,0.02823190934978992
898,1,0.3706318422580381,0.2139046802360814,19,0.04907309919470846
898,2,0.44860205217265,0.13662597343127103,21,0.029814231673610716
898,3,0.5052608016173301,0.0523015586706094,21,0.011413135789154358
898,4,0.5040664247941972,0.11091218870361438,21,0.024203023820359
898,5,0.4745974320970099,0.14429840525280846,21,0.031488493558686104
899,1,0.40890779908556446,0.17625434923941002,19,0.04043552087863753
899,2,0.46474992200709275,0.11268542749212183,21,0.024589976247671723
899,3,0.4798534375181988,0.09931437832538564,21,0.021672174108264827
899,4,0.48516118623303306,0.09405459965981904,21,0.0205243963047566
899,5,0.49786259628072316,0.08531103477651877,21,0.018616394022781303
900,1,0.39065738387995846,0.20865507238084333,19,0.04786875655606635
900,2,0.45777823704786014,0.113797764426155,21,0.024832708066648012
900,3,0.492487832189077,0.08005444990846318,21,0.01746931316302777
900,4,0.49850883582944133,0.062080650567181976,21,0.013547108591248315
900,5,0.5070202640902786,0.07401405321740159,21,0.01615119054091584
901,1,0.39308979228228236,0.21378037886635892,19,0.04904458250475246
901,2,0.45310093499721227,0.13792407123451553,21,0.030097499837554706
901,3,0.4737373232129499,0.08113825356809946,21,0.017705818511063648
901,4,0.5127199739389542,0.08607221761783655,21,0.018782497736497508
901,5,0.4947437501346633,0.07452215809593683,21,0.016262068115528414
902,1,0.42235477286794104,0.19494065620174988,19,0.044722453703733324
902,2,0.4496859995223489,0.11177751953029778,21,0.024391854487714016
902,3,0.49934285056828936,0.05119903044053906,21,0.011172544404862787
902,4,0.47035082260691846,0.06588224085146456,21,0.014376683602626106
902,5,0.462180829773711,0.14145098743748766,21,0.03086713605040642
903,1,0.3873201930269763,0.2246189552031982,19,0.051531122449180546
903,2,0.4352926698908434,0.14078558676659145,21,0.030721933719841835
903,3,0.4767873536602269,0.10113814333611343,21,0.022070152261192064
903,4,0.5385581497666309,0.13895061073562123,21,0.0303215091217299
903,5,0.4762787106312138,0.14110299260973325,21,0.030791197353280814
904,1,0.4025438747150159,0.22082823816679975,19,0.05066147231837956
904,2,0.44097036948040647,0.17483724567097397,21,0.03815261488499183
904,3,0.45997679379841055,0.11598302773703348,21,0.025309571615958034
904,4,0.5036017175298837,0.06929876158085829,21,0.01512222954814194
904,5,0.5117475891113196,0.11148700676773945,21,0.02432845940558191
905,1,0.3912450259276247,0.23600418039796592,19,0.054143072242519796
905,2,0.4291447654838887,0.1285566916119894,21,0.028053370019287427
905,3,0.4794125108918884,0.07613597208129967,21,0.016614231198647633
905,4,0.5247778594174484,0.08944951854757713,21,0.01951948522007755
905,5,0.45916897183985644,0.12905881457358184,21,0.028162942232605178
906,1,0.3995867553681382,0.21861168125137923,19,0.050152959286962485
906,2,0.43738359077795963,0.11214297683266872,21,0.02447160380920874
906,3,0.48531216518740455,0.10209599646706058,21,0.022279172950583293
906,4,0.49582437668025525,0.08387789203451168,21,0.018303656637213492
906,5,0.46847827751214055,0.08724672401860212,21,0.019038796045341238
907,1,0.38568637182762816,0.217816543114131,19,0.04997054208767722
907,2,0.42373152201361025,0.150074353921452,21,0.032748908891268885
907,3,0.47786987856380947,0.06891336038083279,21,0.015038128111377957
907,4,0.5204012067093152,0.06770127432212639,21,0.014773629248862587
907,5,0.47340248875207724,0.1131712317897278,21,0.024695987436562872
908,1,0.3755833913866726,0.22103217824294807,19,0.05070825938061474
908,2,0.444292293366657,0.1382945118531089,21,0.030178336607801864
908,3,0.48323353223219395,0.05573728088494657,21,0.012162871842203948
908,4,0.5190329034414682,0.09159106452824688,21,0.019986808865822672
908,5,0.47086674611636054,0.08982808169448013,21,0.019602094471315824
909,1,0.40705226749238155,0.2208877794973456,19,0.05067513203642236
909,2,0.44754595945131853,0.14437836672915907,21,0.03150594258335549
909,3,0.47701940302026,0.06004430473048084,21,0.013102741498972547
909,4,0.5046399936321618,0.08066706309060473,21,0.017602996319165457
909,5,0.45216534089001503,0.13147179050955354,21,0.02868949675054314
910,1,0.4016024478192353,0.2255774726266753,19,0.05175102142731527
910,2,0.4313394164634486,0.1436499060196761,21,0.0313469794242123
910,3,0.4748672701055807,0.07892979597988709,21,0.017223893555488274
910,4,0.5115033690618559,0.08334780185964002,21,0.01818798147761817
910,5,0.49923777014703097,0.11779929202858011,21,0.025705912977770307
911,1,0.39518950060650593,0.21067560010189149,19,0.04833229740599643
911,2,0.459427695451339,0.11174372626225008,21,0.024384480192056468
911,3,0.4882845383892293,0.08601521383186976,21,0.01877005849058837
911,4,0.49383084350580425,0.08808759149948753,21,0.019222288372988106
911,5,0.488602397873902,0.09572154975786137,21,0.020888154638280077
912,1,0.3932444560126486,0.2539562095991278,18,0.05985805264399183
912,2,0.41867093354362434,0.11708737684764267,21,0.025550560348959164
912,3,0.48399743863742717,0.0841242607557843,21,0.01835741869978974
912,4,0.5349580247946717,0.10352084768157016,21,0.022590100976513764
912,5,0.528161782672224,0.09749663733785688,21,0.02127551050497081
913,1,0.41346933578751044,0.2127257144270863,19,0.04880262588842955
913,2,0.416268100050763,0.14768320361166196,21,0.03222711711542937
913,3,0.46610203705634695,0.06232469958083596,21,0.013600364452122062
913,4,0.5071410773502446,0.0938846257649816,21,0.02048730496002998
913,5,0.499994944585123,0.07938845739435399,21,0.017323981681685897
914,1,0.397911258929947,0.23448525021789907,19,0.05379460576056161
914,2,0.42947441928536567,0.13876947581113622,21,0.030281982240660723
914,3,0.4902863494271689,0.07481555040426835,21,0.016326091566063988
914,4,0.5233533602959665,0.09274253124028006,21,0.02023807950239953
914,5,0.5076561299825989,0.11125124218919666,21,0.02427701135665992
915,1,0.38904389571500014,0.2385383562617461,19,0.05472445205806599
915,2,0.4296995544528247,0.1319128129611743,21,0.028785735739482527
915,3,0.46948557791595685,0.07057154783023697,21,0.015399974278202739
915,4,0.5088100988848385,0.078897012694789,21,0.017216739656179165
915,5,0.47311418434323194,0.08566281776237834,21,0.018693159363776496
916,1,0.3925536080425547,0.21361673885805718,19,0.04900704091215733
916,2,0.4331917796238155,0.14222946099644498,21,0.031037012908046592
916,3,0.46138888464814604,0.07330360854154665,21,0.01599615880262138
916,4,0.504753285313217,0.09787376184572848,21,0.021357805819434836
916,5,0.5199131257269971,0.07738793576169001,21,0.0168874320716345
917,1,0.4149602709035726,0.19714712689404754,18,0.046468023439408604
917,2,0.4367761421335282,0.13606801262855875,21,0.02969247464440846
917,3,0.48170078754477225,0.055705788350085536,21,0.01215599960768839
917,4,0.510923967325018,0.08557178242874469,21,0.01867329382533403
917,5,0.491607439206795,0.1077628090270061,21,0.02351577283177743
918,1,0.4272444049108247,0.22419400373532783,19,0.05143363189631969
918,2,0.44950361883799433,0.14453049316724154,21,0.03153913929372296
918,3,0.4667820335790191,0.09201984760483245,21,0.020080377004164075
918,4,0.472952274187143,0.09136169658594308,21,0.01993675667736537
918,5,0.5208747650386781,0.09478721134402396,21,0.020684265280846034
919,1,0.4096384983689151,0.19400317661558011,18,0.04572698725220272
919,2,0.43983570547329826,0.15346298405015668,21,0.03348836860874494
919,3,0.4889181302166158,0.06050744902822139,21,0.013203807870500319
919,4,0.4956473006056063,0.08476357973699511,21,0.018496929539057388
919,5,0.5138078555367731,0.09171145478094159,21,0.02001308017277069
920,1,0.4030087508495136,0.24256903115966097,19,0.05564915229776478
920,2,0.44600980657079115,0.10780910077207255,21,0.02352587451872117
920,3,0.4946100848055996,0.09163876952510108,21,0.01999721894958991
920,4,0.5097924828539951,0.07225419540131099,21,0.015767158081173228
920,5,0.5208474344446776,0.07623884564059144,21,0.01663668004971735
921,1,0.4490853119721342,0.2159182386948922,19,0.04953504118622782
921,2,0.4513262465366945,0.1105077744108861,21,0.024114773386618552
921,3,0.47301217869099255,0.07443713813464578,21,0.016243515238947535
921,4,0.4990784334872912,0.07462193382047157,21,0.016283840963633153
921,5,0.48178042080764266,0.1329996642864552,21,0.02902290614268552
922,1,0.42909697088229476,0.21919962482922284,19,0.05028784279434796
922,2,0.4373032350151244,0.11975435519190235,21,0.02613254273654859
922,3,0.4867449603240398,0.08634712196316231,21,0.018842486782751203
922,4,0.48204699714919885,0.08237495080732948,21,0.017975687973469098
922,5,0.48171325491738737,0.079504870293828,21,0.01734938505900537
923,1,0.3626829830818292,0.23090650330713614,19,0.05297358491169193
923,2,0.45323464761203086,0.13618032355781287,21,0.029716982898440738
923,3,0.48318775002242426,0.0756913158649094,21,0.01651719925722663
923,4,0.48598620910446017,0.07595186987862436,21,0.016574056804392025
923,5,0.5096873084791461,0.14264271498111514,21,0.03112719232071293
924,1,0.4384968085252523,0.21780978970520834,19,0.0499689927494131
924,2,0.45777440290998395,0.13451838562655988,21,0.02935431830937954
924,3,0.4947182927440753,0.06983060887365188,21,0.015238288142303082
924,4,0.4988122009571856,0.0802580527677619,21,0.017513742949429954
924,5,0.5000485200962772,0.11134827573381911,21,0.024298185812049553
925,1,0.3924138483405524,0.24069931238360237,19,0.05522020939262373
925,2,0.4369190068785179,0.14180806259648385,21,0.03094505623825825
925,3,0.4876182098561542,0.06991073512485069,21,0.015255773123792204
925,4,0.5104991136668086,0.11696522337924005,21,0.025523904276799337
925,5,0.4504128988028772,0.12384971320303166,21,0.0270262231214983
926,1,0.38922701945442517,0.22413844024441007,19,0.05142088475727439
926,2,0.43522227407849245,0.13166375049017512,21,0.028731385852524122
926,3,0.5017874924800803,0.08131825829815999,21,0.017745098763489953
926,4,0.4873892455971167,0.07196789709518828,21,0.01570468266883299
926,5,0.5374845191130884,0.10820488215738239,21,0.023612241097618163
927,1,0.417935399858395,0.21235588362617447,18,0.05005276177897644
927,2,0.4540879360895165,0.15100611659332772,21,0.032952236175726256
927,3,0.4617926239787544,0.09102390639211878,21,0.019863044813926624
927,4,0.4948608161491253,0.08270887542283893,21,0.018048556298563435
927,5,0.48097286361400565,0.10534686016534767,21,0.022988569568268277
928,1,0.4007324002310651,0.22979063787982146,19,0.05271758782578374
928,2,0.45424854268689385,0.13105315251758834,21,0.028598142451163863
928,3,0.4916318325909475,0.10163923016632002,21,0.02217949837210479
928,4,0.48334459485216497,0.0838719866882995,21,0.018302367985021953
928,5,0.5063481939885544,0.08955929899358478,21,0.01954344127739451
929,1,0.3853930198304631,0.2159482603470777,19,0.04954192862559596
929,2,0.46942710120311965,0.13065984128140493,21,0.02851231490299781
929,3,0.49656052377131177,0.08555950462037769,21,0.018670614587895464
929,4,0.5224480813699033,0.07934454121776902,21,0.017314398386284294
929,5,0.4687779739738217,0.07666815662764877,21,0.016730363387568132
930,1,0.40468810791212945,0.20598298534618384,19,0.04725573774804393
930,2,0.44146773403097583,0.16439440550018966,21,0.03587380033485161
930,3,0.469316700392599,0.06640936615110125,21,0.014491711773402843
930,4,0.5156978195570723,0.0731708571281368,21,0.01596719006926124
930,5,0.5228218501437261,0.13105293938132823,21,0.028598095941018847
931,1,0.3733495072278977,0.19836094329688406,19,0.04550712137771154
931,2,0.44949123333384133,0.1371465627215959,21,0.029927833570224858
931,3,0.49498038024096047,0.08800115634774795,21,0.019203426676533266
931,4,0.48594699771610034,0.09444757217287521,21,0.020610149937476452
931,5,0.4851916910723926,0.0985806706640929,21,0.02151206597036754
932,1,0.38779472776791685,0.21674429688122024,19,0.04972455193126405
932,2,0.43962055320800014,0.13762477616844923,21,0.030032188299679675
932,3,0.4731498442349479,0.07360332766932268,21,0.016061562878348038
932,4,0.5312760785069508,0.08540508777715147,21,0.018636918070149736
932,5,0.46219922835101557,0.1025773907456098,21,0.02238422179441998
933,1,0.4104457440407064,0.21184816966542352,19,0.04860130331292842
933,2,0.45452264223878547,0.136213619050313,21,0.029724248570568487
933,3,0.47569681354256377,0.08390020282273947,21,0.01830852525035006
933,4,0.5191314462462694,0.0842135073949469,21,0.018376893913098456
933,5,0.5092191495556406,0.0682886245741245,21,0.014901799581683193
934,1,0.3658704513223813,0.2007826890287632,19,0.0460627079520385
934,2,0.4444965167807456,0.1547035801053095,21,0.03375908886253548
934,3,0.4770819842176857,0.0971953874181286,21,0.02120977238305394
934,4,0.5092873601994812,0.08499218964703587,21,0.01854681631131352
934,5,0.49116486097318407,0.07627483339138678,21,0.01664453322077025
935,1,0.3838669881378067,0.23284789042956128,19,0.05341896966310995
935,2,0.42169546346407477,0.13652151093662201,21,0.029791436088419616
935,3,0.4665302220861808,0.0813246211174476,21,0.01774648724449085
935,4,0.4968011287255176,0.09130479788023416,21,0.019924340361848408
935,5,0.47166653640410283,0.13396983936419893,21,0.029234615701310293
936,1,0.38223097457296096,0.21610498551085255,18,0.050936433567648154
936,2,0.4510116077922802,0.1484251195017944,21,0.03238901643570662
936,3,0.4784482187143677,0.09797127953640593,21,0.021379085924155158
936,4,0.5216723046599341,0.07868729454666405,21,0.017170975404351137
936,5,0.48548810004067927,0.08260804119737786,21,0.018026552466619737
937,1,0.3809609717109989,0.21386708045380698,19,0.0490644732130646
937,2,0.46013786584078026,0.17098856407171364,21,0.03731276370621116
937,3,0.5026102506847739,0.08570039598653115,21,0.018701359604569937
937,4,0.5311832093617903,0.11299954843304479,21,0.02465852305667887
937,5,0.49578213756020256,0.1468536556108329,21,0.03204609490083896
938,1,0.3849054813639597,0.20512808058016185,19,0.04705960914375756
938,2,0.43617950789584575,0.13712237450576906,21,0.029922555268798553
938,3,0.47446996044136147,0.09253074559421018,21,0.020191864085531894
938,4,0.5298348984315914,0.10125806791720614,21,0.022096321950265552
938,5,0.49734371100731556,0.10693836854194623,21,0.023335865168502525
939,1,0.39428882800443477,0.2109626330086834,19,0.048398147270953096
939,2,0.4483683510884464,0.13245399194242644,21,0.028903830675011434
939,3,0.4908164087162121,0.09376514558914875,21,0.020461232248134707
939,4,0.5182371240506001,0.0729319712790648,21,0.015915060903269513
939,5,0.48154616148509916,0.07668954024242526,21,0.016735029674870276
940,1,0.39588648020624456,0.21469243310083314,19,0.049253822096284115
940,2,0.4388083480163966,0.1580953237777294,21,0.03449922801095223
940,3,0.4720823735184585,0.08696092424342272,21,0.01897642942137167
940,4,0.502683837830764,0.06675490907041379,21,0.014567115420241208
940,5,0.48049691402571615,0.07904467291632103,21,0.017248961758193664
941,1,0.39675752770424455,0.21553820100420892,19,0.04944785456052124
941,2,0.43948080746391166,0.11285315958349974,21,0.02462657839077708
941,3,0.49077441554893947,0.08058723149060806,21,0.01758557563584002
941,4,0.5068378792835875,0.09127910253743773,21,0.01991873317835448
941,5,0.49975663347970467,0.09095224177213966,21,0.019847406311750214
942,1,0.41980026442172197,0.21138361363387753,18,0.049823595544077316
942,2,0.4611961578091139,0.12516248866393498,21,0.027312694212930207
942,3,0.48313097577965924,0.07833898369612301,21,0.01709496774539977
942,4,0.5199729761246091,0.08017563490949195,21,0.017495757898280513
942,5,0.5092230680098884,0.1359250556361346,21,0.02966127887112718
943,1,0.38360915613410324,0.21227517264822773,19,0.04869926451559336
943,2,0.4240354365989556,0.15571960386597614,21,0.0339808034240178
943,3,0.5042334933076995,0.09205237714485563,21,0.02008747553175828
943,4,0.5352790958923194,0.085291999238313,21,0.018612240127794534
943,5,0.4950218873080426,0.047586968996626275,21,0.010384327977169365
944,1,0.3813877690271597,0.19681349215777894,19,0.0451521117390049
944,2,0.45616318603779743,0.12939337362216988,21,0.02823594900234742
944,3,0.48454356237496976,0.09919870869597354,21,0.02164693292577014
944,4,0.5186674043160946,0.0658791477135707,21,0.0143760086246007
944,5,0.5464223513653331,0.13155403685239997,21,0.028707444373958713
945,1,0.39677103465207764,0.22742040889741144,19,0.052173820004342876
945,2,0.46093838522526165,0.11694627525699902,21,0.025519769457539965
945,3,0.48590251950212426,0.07414589740135473,21,0.01617996130057798
945,4,0.4708693708382247,0.08839446071846485,21,0.019289252726531703
945,5,0.5295575296676178,0.08270658409239193,21,0.018048056289267457
946,1,0.3892626688228762,0.23372052508005023,19,0.05361916578185275
946,2,0.42689468442490197,0.1418831249513769,21,0.030961436186979156
946,3,0.5022372064713901,0.08312906237587722,21,0.01814024860896014
946,4,0.5031982776672697,0.07651891271605839,21,0.016697795696050313
946,5,0.48732225733245776,0.1254948228770045,21,0.027385215483759474
947,1,0.38567906448067907,0.2123056315129597,19,0.04870625225839871
947,2,0.45549729600608235,0.1310088456355422,21,0.028588473896840817
947,3,0.49647589258314084,0.08620835146834731,21,0.018812204578145666
947,4,0.506677758382121,0.08840483625568402,21,0.019291516854373737
947,5,0.5071857618796063,0.08487640859772681,20,0.018978941931056474
948,1,0.41477520098624426,0.1929653846874011,18,0.0454823773489107
948,2,0.4402171915328465,0.13178302741124528,21,0.0287574142105939
948,3,0.4716081374105257,0.07345559628167836,21,0.01602932524661466
948,4,0.5155759068466322,0.06779806222877341,21,0.014794750101651457
948,5,0.51391639682319,0.05888318572909821,21,0.012849364560177906
949,1,0.3975298170529291,0.21587970982783738,18,0.05088333557994933
949,2,0.4129819442723954,0.16463032054449647,21,0.03592528121809518
949,3,0.5031598283055849,0.08627711057403414,21,0.01882720904512316
949,4,0.5125239553861312,0.08942233418342004,21,0.019513553105483784
949,5,0.5163944244087468,0.09804469768205346,21,0.021395107077003397
950,1,0.38575838383883226,0.23922760474167806,19,0.05488257650390875
950,2,0.44350101183450025,0.1391573670899416,21,0.03036662705716258
950,3,0.5013157182641997,0.09504734826050801,21,0.02074103180993368
950,4,0.5062051762385661,0.10564104615573087,21,0.023052766214426687
950,5,0.4964663559923879,0.08953577091781523,21,0.019538307030338764
951,1,0.3979302196546559,0.2318650700837077,19,0.05319349521220303
951,2,0.4563915797090909,0.14176199363350422,21,0.030935003166351477
951,3,0.48579006650543605,0.07121272228467165,21,0.015539890014922689
951,4,0.47503348526541267,0.08091443056514258,21,0.017656976327572113
951,5,0.49512104677467095,0.10555650552531098,21,0.023034317936417237
952,1,0.4090628918429582,0.20272190237756166,19,0.046507594005584685
952,2,0.4501098309570981,0.14801469541674322,21,0.03229945455776472
952,3,0.46772531566301606,0.07572189337607858,21,0.016523871817202634
952,4,0.5075610858827458,0.08284556901700252,21,0.018078385286290587
952,5,0.506083076810115,0.08013778834346921,21,0.017487499100490356
953,1,0.4161253428866303,0.21470782684687942,19,0.04925735366383034
953,2,0.42319715877302577,0.1431293153510977,21,0.031233377226838582
953,3,0.4702728359949638,0.09592090671905171,21,0.02093165789375489
953,4,0.5026057616171394,0.05977860420826919,21,0.01304476089158092
953,5,0.5296147996717819,0.05476744830231116,20,0.01224637373581732
954,1,0.37247851450992303,0.20034474398208388,19,0.045962236467759585
954,2,0.45390506964785216,0.12048997327715694,21,0.02629306776313229
954,3,0.4343392141840529,0.08100731219797959,21,0.01767724476153148
954,4,0.5091699041860336,0.07210399898823641,21,0.01573438253679108
954,5,0.5363295281225369,0.12979217809473478,21,0.02832297527296721
955,1,0.39785077668179203,0.21078657129093167,19,0.048357755942768574
955,2,0.4555778812772271,0.14838579671523308,21,0.03238043550018501
955,3,0.4784984662236051,0.07642551285755622,21,0.016677414175979628
955,4,0.510410585448858,0.068976750292759,21,0.01505196092422074
955,5,0.4942377849483372,0.08639993555363279,21,0.018854011653039456
956,1,0.3619804317795093,0.23176576721846429,19,0.053170713572497766
956,2,0.4275972823676284,0.12088014630789463,21,0.02637821049872685
956,3,0.47616779685500094,0.08082551305879435,21,0.017637572936931755
956,4,0.5202708807574815,0.06626833471508066,21,0.014460936190977476
956,5,0.514959992455388,0.07886499352188701,21,0.01720975249982139
957,1,0.39221751289185386,0.17683340213467616,19,0.04056836472355489
957,2,0.42833022519162245,0.1311513793395238,21,0.028619577301011206
957,3,0.48872566447610943,0.0698575985386351,21,0.015244177770053897
957,4,0.4981821389277568,0.09107328852282315,21,0.019873820878304287
957,5,0.5376333401119036,0.14014696683749572,21,0.030582575426251906
958,1,0.41359687912022036,0.26049354086999144,20,0.05824812650849205
958,2,0.45074267280030916,0.12803441730691928,21,0.027939400422310554
958,3,0.5043380205674446,0.07637488422142162,21,0.01666636610181681
958,4,0.5182222232032242,0.10333627419767852,21,0.022549823740265422
958,5,0.5208529849852417,0.12256904426889435,21,0.02674675824860008
959,1,0.3769893062465847,0.21157009545673386,19,0.0485375087142714
959,2,0.4617600328728206,0.12093078275081844,21,0.02638926027647074
959,3,0.49725598228787776,0.09199343936529526,21,0.020074614253847423
959,4,0.48230119966159213,0.10017637042722315,21,0.021860276206127894
959,5,0.5402947435015156,0.1377622227497977,21,0.03006218160268169
960,1,0.40494635703040055,0.1717962294201538,19,0.039412758048619975
960,2,0.45917418817017747,0.12596188601724972,21,0.027487137016830785
960,3,0.45505944314892294,0.09169005336947258,21,0.020008410001911853
960,4,0.4965195593252097,0.06833864277545328,21,0.014912714448050557
960,5,0.48754355405393146,0.09246763013229528,21,0.020178091162591553
961,1,0.41658796527495406,0.2246320679297422,19,0.05153413071496368
961,2,0.43473600376761634,0.13143723056819748,21,0.028681955153053742
961,3,0.46338155929000824,0.07252419632260387,21,0.015826077112579533
961,4,0.5282733825562618,0.07860892730495056,21,0.017153874270200806
961,5,0.5086589073642929,0.12490770310488944,21,0.027257095445772688
962,1,0.3701741558038334,0.2327773256247114,19,0.05340278098661989
962,2,0.445849464283112,0.11955306805520206,21,0.026088618282246213
962,3,0.5044055124552826,0.0793901632814627,21,0.01732435393677174
962,4,0.5001598720402541,0.0751691953475005,21,0.016403263219468733
962,5,0.4694547180978295,0.09138168741466905,21,0.01994111903383402
963,1,0.39003715661260285,0.22479670760619203,19,0.051571901647160634
963,2,0.43135298203426037,0.145492215096443,21,0.031749004224106994
963,3,0.4519734147140645,0.09010960441839308,21,0.019663527766181597
963,4,0.4913147203468851,0.08540834697063295,21,0.018637629284475134
963,5,0.5298551955608077,0.0916652327948855,21,0.020002993708491016
964,1,0.4277594471979816,0.23951993974090008,19,0.05494964275229132
964,2,0.43094915320572946,0.14279511583767082,21,0.03116044891410067
964,3,0.4836457876652039,0.07890773064879114,21,0.017219078505489156
964,4,0.5006516059528422,0.07213371839100255,21,0.01574086784216178
964,5,0.4955222489844308,0.09264581168994238,21,0.020216973566180265
965,1,0.4043650762286059,0.20859249332439095,19,0.0478543999359054
965,2,0.4159794010367347,0.12969570121700913,21,0.028301922292253364
965,3,0.4906730678865044,0.0769493776044031,21,0.016791730835805565
965,4,0.5214549233215193,0.08937757908845313,21,0.019503786743082795
965,5,0.4789911120075001,0.08255912039558456,21,0.018015877072463753
966,1,0.4258501337956931,0.2118888852155575,19,0.04861064410074234
966,2,0.4303350464172739,0.12003102865779214,21,0.026192917836559342
966,3,0.47236487402359595,0.09278351771688621,21,0.02024702348485273
966,4,0.5016734868561231,0.07550298118832452,21,0.016476101261444
966,5,0.4767683455373741,0.08466617574117848,21,0.018475674244589728
967,1,0.38959902266707064,0.2042476526585757,19,0.04685762512600673
967,2,0.43605061425970876,0.1407381442816766,21,0.030711580920876166
967,3,0.46680751626563594,0.093055148990943,21,0.020306298288399516
967,4,0.5022652421914994,0.07477338160289936,21,0.016316889579195464
967,5,0.4797401280190999,0.13306164286407207,21,0.0290364309771329
968,1,0.3839394371960189,0.21609365748306458,19,0.04957528501625107
968,2,0.4441823073790561,0.11130633819422298,21,0.024289034290637196
968,3,0.4893608677668793,0.08250719647138134,21,0.018004546343271352
968,4,0.526286598847933,0.08058832462663224,21,0.017585814177676955
968,5,0.46668508493698124,0.0711570968445082,21,0.015527751548726772
969,1,0.346975454277727,0.2117607372170895,19,0.04858124493362976
969,2,0.4274152574524203,0.12843677474949408,21,0.028027202014549977
969,3,0.49120910152442676,0.07720572586277076,21,0.016847670611912228
969,4,0.5101121806002685,0.07505484566520025,21,0.01637831007304802
969,5,0.5104056701255174,0.10281804292471582,21,0.02243673640522519
970,1,0.39219349314225793,0.21045166972691934,19,0.04828092425468628
970,2,0.4391501488632394,0.131370042368623,21,0.028667293485893846
970,3,0.48340114616270774,0.1087050442803425,21,0.02372138542086647
970,4,0.5168767342939499,0.07690014623665851,21,0.01678098767060291
970,5,0.48832688226370957,0.13467983600844535,21,0.029389549671092384
971,1,0.39773234676297986,0.19200101773188497,19,0.04404805438685513
971,2,0.42860626743290275,0.14912189027204314,21,0.032541064283168414
971,3,0.4841857911373166,0.07105834490205587,21,0.015506202108188117
971,4,0.48104798906506313,0.08874892204687905,21,0.019366602529788498
971,5,0.5177175394021718,0.08932265608538076,21,0.019491801561226915
972,1,0.39997779425216917,0.19171571776397794,19,0.04398260208534449
972,2,0.4498158191459642,0.1209878485988218,21,0.026401713065426564
972,3,0.48005028299824354,0.08812266226729694,21,0.019229941441948433
972,4,0.521008216808382,0.0982196077094067,21,0.021433275574153542
972,5,0.5205774388693036,0.08014189759540691,20,0.017920273086915676
973,1,0.41154238530552467,0.20982545631807106,19,0.04813726104593577
973,2,0.4327069157765554,0.13618277825323954,21,0.02971751855689792
973,3,0.48807601957881974,0.07750678079115561,21,0.016913366183229517
973,4,0.49859476658278884,0.12486001773508025,21,0.027246689644977805
973,5,0.5012425729541138,0.06723507350868264,21,0.014671895890926588
974,1,0.37694196657857665,0.21065627533094555,19,0.048327863999487984
974,2,0.42241529090479346,0.14485612176238502,21,0.031610197278755685
974,3,0.4882559369269844,0.08491551597073159,21,0.018530084743433765
974,4,0.4958577420777831,0.09961369642520232,21,0.021737490672516267
974,5,0.5209328017648834,0.09779396413329054,21,0.02134039253098097
975,1,0.3925718689965011,0.2304738053597542,19,0.05287431719454902
975,2,0.4740000590748381,0.15826841068646283,21,0.03453699867100351
975,3,0.48809976498905255,0.0736591125533524,21,0.016073736138048064
975,4,0.49235015075130534,0.06480394322884435,21,0.014141379770371438
975,5,0.4836844361512865,0.0903940612099978,21,0.019725601327108877
976,1,0.403129974053991,0.20078374458447482,19,0.046062950113126715
976,2,0.430998908627949,0.15323491747723672,21,0.03343860040236899
976,3,0.464869197966888,0.0913517442984804,21,0.01993458491019224
976,4,0.4952102209506031,0.06128860505642057,21,0.013374270090919073
976,5,0.496441569807735,0.07974839373072024,21,0.017402526229627013
977,1,0.4130178588638564,0.20230287451263204,19,0.04641146242043964
977,2,0.44640832034311506,0.12968936520370533,21,0.0283005396607977
977,3,0.478160774911466,0.07456702688987192,21,0.016271859289078365
977,4,0.48513767667633506,0.07585951756457004,21,0.016553903877260683
977,5,0.4926058941612011,0.14153523347797733,21,0.030885520043622813
978,1,0.39192078878551007,0.22430068940780884,19,0.0514581072681654
978,2,0.46260696903086507,0.1588196602793319,21,0.034657291194152846
978,3,0.4706956430232787,0.10053922969627281,21,0.021939458590272486
978,4,0.5197635374817005,0.07900909607718509,21,0.017241198255416153
978,5,0.5528779400487925,0.14080471990546808,21,0.030726108913041086
979,1,0.40088950535197715,0.21726644088037828,19,0.049844339980017
979,2,0.4417749370710046,0.1604555666265654,21,0.03501427522586981
979,3,0.49469220095521527,0.0836567519242434,21,0.018255399908904194
979,4,0.5076381633168265,0.07348044085014212,21,0.016034746775928643
979,5,0.5331608756738102,0.1260636830288768,21,0.027509350945940373
980,1,0.4159626719019149,0.22578042443802632,19,0.05179758176605672
980,2,0.4475191389501207,0.11823418109130361,21,0.025800813551524537
980,3,0.48276220538523035,0.08428595661418717,21,0.018392703628870313
980,4,0.5255518792471483,0.07699415465743403,21,0.016801501989848963
980,5,0.5028979259727995,0.062013496987632415,21,0.013532454478797215
981,1,0.4017238325509111,0.21244171191335876,19,0.04873747124332166
981,2,0.46463821177367803,0.15315471019125224,21,0.033421097737639904
981,3,0.5059126717499007,0.073174996943599,21,0.015968093451057364
981,4,0.5101493193277675,0.07829772737493136,21,0.017085964878030428
981,5,0.5242106185120546,0.13172720581769293,21,0.028745232940219294
982,1,0.41428231459605613,0.21338141094303392,19,0.048953052985832045
982,2,0.4672120729212606,0.10857513306775761,21,0.023693036470138196
982,3,0.4813548010845801,0.10284615494856954,21,0.022442870951760813
982,4,0.4985895625307635,0.07836686707536018,21,0.017101052397589554
982,5,0.5094648119006345,0.11564436658184676,21,0.025235669693168303
983,1,0.4015514959439557,0.2290189056522953,19,0.05254054031045426
983,2,0.4365902228128254,0.13137220173516254,21,0.028667764698304347
983,3,0.4772071438781512,0.09037927258674788,21,0.019722374184943787
983,4,0.520481238967601,0.08972227797220356,21,0.019579006206261514
983,5,0.4851800058144447,0.14220597287656014,21,0.031031887380079712
984,1,0.378496219674097,0.21915489634722596,19,0.05027758137682573
984,2,0.44119105470687214,0.1412872514496981,21,0.030831405928595273
984,3,0.4872170737141144,0.0655201975001443,21,0.014297679266327032
984,4,0.5176662283759038,0.09604090213292973,21,0.020957843039809347
984,5,0.5059185359748045,0.1380731813055497,21,0.030130038322668723
985,1,0.3971672904734142,0.22863342784440344,19,0.05245210563626594
985,2,0.44556695165467536,0.1170965629165217,21,0.02555256491352951
985,3,0.47613147587365146,0.08772115696666799,21,0.019142325802326613
985,4,0.5512727055610276,0.0651355570781918,21,0.014213743844949075
985,5,0.510801104782709,0.13978357257385787,21,0.030503276296716994
986,1,0.36774539899547065,0.24625367856064173,20,0.05506399649709774
986,2,0.447163665971216,0.11137220199277593,21,0.024303406949800353
986,3,0.5003825145218149,0.08716077157020574,21,0.01902003968339156
986,4,0.503605045802289,0.06840433362902232,21,0.014927049367524195
986,5,0.5064247386188293,0.050609467255428794,21,0.011043891170447212
987,1,0.4196017308901664,0.2378833084333395,19,0.05457417377979177
987,2,0.4652314093223936,0.15378859801175057,21,0.033559423400475345
987,3,0.48118661000892066,0.08605763478271715,21,0.018779315500984092
987,4,0.49740851653926965,0.08320447996567318,21,0.018156706076292096
987,5,0.5082724887387281,0.08477029833474449,21,0.0184983956572836
988,1,0.4247646871411852,0.19319790805676326,19,0.044322639859099656
988,2,0.44566749205273937,0.14172750633664885,21,0.030927477421191753
988,3,0.4585289142373619,0.07238099186303013,21,0.015794827337538966
988,4,0.5055885855899769,0.09757329999935394,21,0.021292239669222574
988,5,0.4885041937893654,0.08948951512299365,21,0.019528213188381608
989,1,0.3603540726914814,0.22313131284884033,19,0.051189833886718605
989,2,0.41742787602078046,0.15355499455516017,21,0.03350844694702635
989,3,0.5000090864607467,0.0889754270212798,21,0.019416029967430186
989,4,0.535611135625087,0.08381900157782801,21,0.018290805686000947
989,5,0.5247488647392142,0.08046925506847105,21,0.017559831069903692
990,1,0.3850850679560683,0.2292363566711067,19,0.052590426995515784
990,2,0.45204931316900926,0.11104185299184316,21,0.024231318887775233
990,3,0.4995605452972659,0.06712173804614244,21,0.014647164065402144
990,4,0.5282891398894933,0.08030251618035117,21,0.017523445661517874
990,5,0.5010544716211847,0.08023402213161453,21,0.017508499034708844
991,1,0.4019824144798852,0.2136993418882224,19,0.04902599134694262
991,2,0.4262305729099202,0.11237569896289575,21,0.024522387941478107
991,3,0.4740637679804282,0.09039214793048858,21,0.019725183815290943
991,4,0.5050627670142227,0.09545477476949026,21,0.02082993956315
991,5,0.5359725934195254,0.0901125148128871,21,0.019664162866327835
992,1,0.39456714435397666,0.21000160483144575,19,0.04817767228640183
992,2,0.43556127299982217,0.15235034924142984,21,0.033245571788181445
992,3,0.4836929795698141,0.091466394879461,21,0.019959603718088158
992,4,0.5001428846919204,0.08094537759815107,21,0.01766372952382429
992,5,0.5406293653703125,0.08542202992090211,21,0.018640615149015074
993,1,0.4085405680124928,0.2275280425937868,19,0.05219851286778603
993,2,0.4438994541911017,0.0990696341949477,21,0.021618766560473016
993,3,0.4817961885121499,0.08299784767643865,21,0.018111615214080706
993,4,0.49828768677279683,0.09392396253006306,21,0.020495888945914763
993,5,0.5035269035557631,0.09686825387691433,21,0.021138385991864735
994,1,0.3716158243776708,0.23227547753036887,19,0.05328764913776475
994,2,0.4521787142817872,0.12866756836397858,21,0.028077565310182725
994,3,0.5048019698147408,0.09522780780387324,21,0.02078041131075979
994,4,0.5005673104141667,0.07779184350400972,21,0.016975571967013492
994,5,0.5064492262404441,0.061802072502174996,20,0.01381936352652338
995,1,0.37725283975123197,0.21319098167531644,19,0.0489093655156282
995,2,0.4862121920130266,0.13595860719782124,21,0.02966860042213256
995,3,0.48155335550660333,0.07205270783879902,21,0.015723189890373072
995,4,0.49396617476526294,0.069428953729554,21,0.015150639804155609
995,5,0.4980839834462987,0.09853222568703256,21,0.0215014944096809
996,1,0.4147232186076612,0.2092553105769093,19,0.04800646064231397
996,2,0.43635718580410376,0.12987747842757688,21,0.02834158933163644
996,3,0.46477443267742735,0.07557409621623176,21,0.01649161983279799
996,4,0.4900450732189966,0.07215796108878379,21,0.015746158032525232
996,5,0.5226239277191078,0.06986505058820273,21,0.015245803940588479
997,1,0.40312496192892927,0.23415174721569257,19,0.05371809492456237
997,2,0.4425333770888911,0.13235442932195662,21,0.028882104330026144
997,3,0.4649571083953736,0.08765924559090434,21,0.019128815632525862
997,4,0.5103022795926978,0.12774107992764364,21,0.02787538895827767
997,5,0.516320802289674,0.07264676522629823,21,0.015852823840152255
998,1,0.41811050860661,0.23973537667147796,19,0.054999067373822666
998,2,0.40957975357376697,0.15042625656661127,21,0.032825700344064006
998,3,0.4805540800537231,0.07682817965853003,21,0.01676528327575621
998,4,0.4965889348937066,0.08801956230101392,21,0.01920744318482275
998,5,0.5057263533879243,0.06843594991825347,21,0.014933948607457307
999,1,0.3927744167427138,0.23288643546193602,20,0.05207499007305066
999,2,0.4494248526165188,0.13249395477372466,21,0.02891255127974519
999,3,0.4566277530004354,0.08661665414921411,21,0.018901303527742122
999,4,0.5355306021215254,0.0742653262254153,21,0.016206022806597845
999,5,0.5422736194572823,0.11890538671890916,21,0.025947282627495145
1000,1,0.4062377369992862,0.21807742815236486,19,0.050030393220179485
1000,2,0.42428856477427895,0.13646958493652897,21,0.02978010490623092
1000,3,0.4884436760939194,0.08179423137623533,21,0.017848964604396687
1000,4,0.5013213050847899,0.09105410376131419,21,0.01986963442012312
1000,5,0.4873433853204542,0.1350517336073445,21,0.029470704380507983
1001,1,0.42377354848919246,0.22464217981744505,19,0.05153645054110185
1001,2,0.4605179557802896,0.12121425853291665,21,0.02645111976357321
1001,3,0.4786672249185657,0.07999144135543179,21,0.017455563569518436
1001,4,0.5153135962281346,0.0932109108912204,21,0.0203402883216572
1001,5,0.4710383102488079,0.07563985515883352,21,0.016505969610516695
1002,1,0.4125192979552029,0.2251947904238062,19,0.05166322810890485
1002,2,0.4415305813400651,0.1301690046495258,21,0.028405205568738604
1002,3,0.5047552996861279,0.07751710952487477,21,0.016915620097710523
1002,4,0.4872360452823211,0.07435502838113657,21,0.016225597421768958
1002,5,0.5152266298672472,0.07843494199974956,21,0.01711590756396778
1003,1,0.3483016816581861,0.22266396718534195,20,0.04978917667662071
1003,2,0.4402964999398777,0.14425336437968145,21,0.03147866483437794
1003,3,0.4938761608502169,0.07888567677598177,21,0.017214265955893163
1003,4,0.5071551879231473,0.07200443554201615,21,0.01571265601161227
1003,5,0.5198494042010154,0.07457508084667655,21,0.016273616806540322
1004,1,0.4011872234399221,0.2270055636622924,19,0.05207864798028534
1004,2,0.4505895401685934,0.11241528668372922,21,0.02453102669039764
1004,3,0.48667309445303486,0.0928415188234637,21,0.020259680363961422
1004,4,0.5126259748099756,0.1001797502537337,21,0.02186101374473839
1004,5,0.5104706390150436,0.08184203388547372,20,0.018300435118476045
1005,1,0.40660433333770124,0.23063209009439403,19,0.05291063020310692
1005,2,0.43495496044066184,0.12259406807793166,21,0.02675221889141387
1005,3,0.4640175636476768,0.05932526758272379,21,0.012945834729587697
1005,4,0.4947357478116381,0.08083658554349588,21,0.01763998915118299
1005,5,0.520538548571858,0.13678234670381612,21,0.0298483551192348
1006,1,0.4101448632983415,0.22915714563602582,19,0.05257225473777206
1006,2,0.448095322230586,0.11579486679584573,21,0.025268511532347222
1006,3,0.4871693017084722,0.10544025901729415,21,0.0230089508686905
1006,4,0.5219185517472565,0.0955701534689851,21,0.02085511725953194
1006,5,0.5148640603002386,0.08764835978171731,21,0.019126440154211558
1007,1,0.3716622522347751,0.21248218144856823,19,0.04874675559144114
1007,2,0.45009608827202274,0.11330554895018174,21,0.024725297843939623
1007,3,0.49446041194752127,0.06534919346439552,21,0.014260363126424093
1007,4,0.5108570254013975,0.07622930486313356,21,0.01663459808138928
1007,5,0.5053482120065806,0.11133172621244951,21,0.024294574410411864
1008,1,0.3909925330048436,0.21635008182575077,19,0.0496341127950107
1008,2,0.42487508493472975,0.1387203508315975,21,0.0302712622912679
1008,3,0.47957406363738947,0.08599413945985841,21,0.018765459685590007
1008,4,0.5196334558973109,0.0810599038723306,21,0.017688721205752333
1008,5,0.49422145800820405,0.0829895509924865,21,0.018109804729212715
1009,1,0.4184324479568959,0.19006902817463373,19,0.04360482558474807
1009,2,0.4568502763367571,0.12373326436230996,21,0.027000811901155584
1009,3,0.4833714175395766,0.10106922464242256,21,0.022055112969257024
1009,4,0.4756570724508443,0.08653809895768036,21,0.01888416137957854
1009,5,0.5012343191468766,0.0696760110106022,21,0.015204552122793388
1010,1,0.3740572271316784,0.2223796936421777,19,0.051017400614830885
1010,2,0.4481252182243035,0.13357493567248663,21,0.02914844065085843
1010,3,0.4911989086036297,0.09819219676105335,21,0.021427294014834508
1010,4,0.5073567736956652,0.0851640216161079,21,0.018584313121079516
1010,5,0.537292577288527,0.13221138980012803,21,0.02885089054735234
1011,1,0.39774156810660627,0.23768567262768892,19,0.05452883301639934
1011,2,0.4332717030183216,0.1311893794963353,21,0.028627869615059247
1011,3,0.49361623581333364,0.0960385637933948,21,0.02095733277228938
1011,4,0.49990933073018484,0.0876315569148082,21,0.019122773468044738
1011,5,0.5061670681643975,0.074413923041136,21,0.0162384492902202
1012,1,0.41673741107827283,0.21688305099979935,19,0.04975638430920544
1012,2,0.4413465795172777,0.15664578332836948,21,0.03418291235228118
1012,3,0.46472963238627363,0.08638767259402655,21,0.018851335655866133
1012,4,0.5051390459857339,0.07400097723394385,21,0.016148337127392928
1012,5,0.46675582040638863,0.13738946559745366,21,0.029980839323326795
1013,1,0.4130387365184228,0.21679912261802353,19,0.04973712981790777
1013,2,0.44895451719757146,0.12070739497017195,21,0.026340513066273562
1013,3,0.491229346353925,0.07634010094347277,21,0.01665877576828732
1013,4,0.4957580356553887,0.08131013366575271,21,0.017743325823347093
1013,5,0.5276682699190517,0.12799977757202133,21,0.02793184141244279
1014,1,0.40170125226069836,0.2076407970614139,19,0.047636065839312645
1014,2,0.4436006772683904,0.1315301384741401,21,0.028702229320274785
1014,3,0.49460611249964054,0.10860352485372851,21,0.0236992320657728
1014,4,0.5173239803675247,0.12782139023229636,21,0.027892914103523195
1014,5,0.4716574598876771,0.09493279097361694,21,0.02071603336047715
1015,1,0.42070096625064096,0.16925994644157538,18,0.039894951970703266
1015,2,0.4329093997303002,0.1420819343796798,21,0.031004819960982442
1015,3,0.4711966479922495,0.09071715963591274,21,0.019796107183950605
1015,4,0.4835638829212211,0.07931508557929656,21,0.01730797063900128
1015,5,0.5049741782484309,0.097272378202357,20,0.021750764999353904
1016,1,0.37390749590972633,0.24987852736070967,19,0.05732606573295245
1016,2,0.4352480759466144,0.13620734708294654,21,0.029722879915082146
1016,3,0.4505297222615419,0.08880523357181233,21,0.01937889071195541
1016,4,0.511658149870543,0.1171743519367723,21,0.025569539869412117
1016,5,0.5203558534627166,0.07195298523798731,21,0.015701428634815096
1017,1,0.40726907706571475,0.23534836037605342,19,0.05399261681090573
1017,2,0.4165864355422554,0.11000641586586604,21,0.024005367982672488
1017,3,0.4464777391252941,0.07867370160050925,21,0.017168009180319146
1017,4,0.5316363780550618,0.13172687990750773,21,0.028745161820786274
1017,5,0.5321907828860206,0.07096878520517994,20,0.01586910279993637
1018,1,0.406742359004806,0.1997527855348716,19,0.0458264318861715
1018,2,0.43738807084942544,0.14407555495231758,21,0.031439863636274525
1018,3,0.46486773984813773,0.07208424232316922,21,0.01573007127902202
1018,4,0.508502971740274,0.08090429758656026,21,0.01765476513036407
1018,5,0.5175831613380554,0.09753875331431222,21,0.021284700964498124
1019,1,0.382890215405243,0.21364968155370304,19,0.0490145984848546
1019,2,0.4346040653521346,0.11419521415312761,21,0.024919438707542846
1019,3,0.46953372825124456,0.05924563309581752,21,0.012928457059864985
1019,4,0.4941444705090409,0.09711563180385095,21,0.021192368281171797
1019,5,0.516207138341556,0.14626708614244266,21,0.031918094948969994
1020,1,0.4001722620894485,0.219155666245869,19,0.05027775800368793
1020,2,0.4587022376308906,0.1179999651251656,21,0.025749703437534317
1020,3,0.47427601800440977,0.0671731406748931,21,0.014658381038600699
1020,4,0.4954300560346275,0.06343382854696214,21,0.013842396235109744
1020,5,0.4824497550151134,0.12523361933936838,21,0.027328216198854345
1021,1,0.374580256068691,0.2060502429251958,19,0.04727116769489132
1021,2,0.45111784384182707,0.13616330054829562,21,0.029713268173218416
1021,3,0.45783133616541344,0.10354649756779988,21,0.022595698240571605
1021,4,0.5431688590032051,0.09900063668970428,21,0.02160371007044725
1021,5,0.4752241216949389,0.0911595473844037,21,0.019892644105092554
1022,1,0.38226835086769495,0.22581336772594196,19,0.051805139474629995
1022,2,0.4333296591562553,0.08936741837051695,21,0.01950156949265148
1022,3,0.45688621752569214,0.0872088131297177,21,0.01903052321115191
1022,4,0.5408403076151739,0.07135922097213344,21,0.015571858649422942
1022,5,0.5271822787192499,0.12906493591722712,20,0.0288597970222574
1023,1,0.4353021199591827,0.17924527950878005,18,0.0422485175454455
1023,2,0.4375118085310919,0.11157613543563048,21,0.024347908875448635
1023,3,0.48430437651345504,0.08596887983814183,21,0.018759947584230854
1023,4,0.518513796919023,0.09177837092745389,21,0.02002768247308533
1023,5,0.49768218106798245,0.06504287556928025,20,0.014544029122497096
1024,1,0.45229555162011353,0.26135253094272637,19,0.059958382685154264
1024,2,0.4402464386625267,0.1332541518454135,21,0.029078439880892707
1024,3,0.45813980110695773,0.06664313267297545,21,0.014542723810614035
1024,4,0.5344831489393217,0.08036236120030422,21,0.01753650491551316
1024,5,0.492809013505239,0.05222644671615603,20,0.011678188508059555
1025,1,0.4061680710027724,0.2391329336171757,19,0.05486085745840469
1025,2,0.41327398194116227,0.12613851656823266,21,0.027525680963017503
1025,3,0.46400646553928515,0.07878808742012705,21,0.017192970212549057
1025,4,0.4911000923292854,0.06701722872127194,21,0.014624358261018917
1025,5,0.4734655215426017,0.12906950752849802,21,0.028165275626667374
1026,1,0.4065318464675102,0.22098638494612843,19,0.050697753677818515
1026,2,0.45984472822357025,0.09944450241697722,21,0.021700569513000815
1026,3,0.4747954265882979,0.06476218780256711,21,0.014132267989343314
1026,4,0.5191052704690343,0.07319397385915477,21,0.01597223455353313
1026,5,0.5430980240657644,0.11295143559557513,20,0.025256708814789544
1027,1,0.4278563726443965,0.16503617359942815,19,0.03786189488150224
1027,2,0.42409005019646306,0.11558223004243896,21,0.025222110388632167
1027,3,0.4779256519447285,0.08786263417742869,21,0.019173198660775288
1027,4,0.5139197640686478,0.07414144500971863,21,0.016178989709068645
1027,5,0.5063789372205882,0.10163950642705322,21,0.02217955865713914
1028,1,0.43364568901975675,0.18458603625034845,18,0.04350734598165576
1028,2,0.44656230571376565,0.1425484675875594,21,0.031106625853330957
1028,3,0.4831577609036075,0.07180751724111718,21,0.01566968491544124
1028,4,0.4897474713170206,0.08147760817995317,21,0.017779871758504217
1028,5,0.5407629361739148,0.12597498257315462,21,0.02748999491962971
1029,1,0.4432373261193144,0.17691068503031504,19,0.04058609463577353
1029,2,0.47200838108606324,0.11648454661608584,21,0.025419012007658358
1029,3,0.4854521735244177,0.1042981352775348,21,0.022759719035811775
1029,4,0.5067048254338626,0.0817410951678015,21,0.017837369333097115
1029,5,0.4910220777064599,0.15809353018017647,21,0.0344988366158783
1030,1,0.3619649111145284,0.221021698325196,19,0.05070585512259275
1030,2,0.4428603225122136,0.14204161731542583,21,0.03099602205628043
1030,3,0.4764708155448459,0.08319246983964088,21,0.01815408525192786
1030,4,0.4909184237504641,0.08739866371622915,21,0.019071952005600502
1030,5,0.4999112856534372,0.06935129639843332,21,0.015133693585197098
1031,1,0.36771453455099457,0.21024651195054128,19,0.04823385783285926
1031,2,0.4538081449271371,0.11269938717051421,21,0.02459302249923888
1031,3,0.5025521747140468,0.08738883676920882,21,0.019069807589954267
1031,4,0.5324411315191716,0.07423820323611098,21,0.016200104085094962
1031,5,0.49583001640201385,0.13762541463440378,21,0.030032327624373266
1032,1,0.40077990429304067,0.22016364482936648,19,0.05050900415014682
1032,2,0.4436407342416951,0.12044070889960734,21,0.026282317394599627
1032,3,0.4660913524333842,0.0928149482748616,21,0.02025388219490306
1032,4,0.5027234684274854,0.07912824994237547,21,0.017267199760491462
1032,5,0.5149612842980139,0.07128173800662412,20,0.015939081173714186
1033,1,0.36884727873055917,0.24731523707885394,19,0.05673800661181724
1033,2,0.43974621527939767,0.127209365787098,21,0.027759359420319155
1033,3,0.49031022615399145,0.09751494933142163,21,0.021279506509572523
1033,4,0.5084884896317504,0.074804042810162,21,0.016323580403156405
1033,5,0.5509534282486596,0.1285582856540784,21,0.028053717867789034
1034,1,0.4326016130556469,0.19139228711879197,18,0.045111594696166844
1034,2,0.4456875888723413,0.11940267056361493,21,0.026055798858935282
1034,3,0.4729608687542201,0.07035931786477026,21,0.015353661902893735
1034,4,0.4986829401996263,0.11747693178428403,21,0.02563556820536406
1034,5,0.46355160641668325,0.12180177828072536,21,0.02657932708341201
1035,1,0.3895455243185264,0.20683563897710194,19,0.047451349906518406
1035,2,0.425562296698357,0.1383502482690932,21,0.030190499290907277
1035,3,0.4741235247754808,0.08193575652825756,21,0.017879847924486304
1035,4,0.5245651521758372,0.0922051805854012,21,0.020120819976174934
1035,5,0.5301596657585832,0.14731988360561138,21,0.03214783419022848
1036,1,0.39013238417699536,0.21996004701154698,19,0.050462295607357315
1036,2,0.4680734912338848,0.12849044875998036,21,0.0280389146438788
1036,3,0.46659927329062045,0.07338864504762427,21,0.01601471528957068
1036,4,0.5116752638189963,0.06946653055523119,21,0.015158839739776652
1036,5,0.47177183768053377,0.13509269221107043,21,0.02947964228060007
1037,1,0.3839409954220421,0.21861403245486463,19,0.050153498690035575
1037,2,0.4511274953599847,0.16304794991524454,21,0.03557997963780842
1037,3,0.4697274363993385,0.0889693896078793,21,0.01941471249581545
1037,4,0.5159507208565769,0.0996888307274219,21,0.02175388632143098
1037,5,0.5291980423504401,0.11407066968146753,20,0.025506977164668567
1038,1,0.4179752547713523,0.22250437997752853,19,0.05104600562195903
1038,2,0.45742244510077174,0.13802522420711705,21,0.030119573225826906
1038,3,0.4657360874646681,0.06138238343543819,21,0.013394734210938048
1038,4,0.4766221278536432,0.06450839697533482,21,0.014076886290463438
1038,5,0.5161384754038927,0.0819350315913888,20,0.018321230037693814
1039,1,0.40658990550277013,0.1958794313931276,18,0.04616922474434855
1039,2,0.43806811737303325,0.11609263224934349,21,0.02533348928139467
1039,3,0.4781713832748506,0.10402440858789312,21,0.022699986975096887
1039,4,0.4977731167959579,0.09580554122399056,21,0.020906483078816616
1039,5,0.5133708503156013,0.07691142373777736,21,0.0167834486231042
1040,1,0.4257089925440492,0.21737256702747174,19,0.0498686869879353
1040,2,0.41557368686686985,0.137883578691796,21,0.030088663640312156
1040,3,0.4818436585794583,0.07337165554233166,21,0.016011007875569572
1040,4,0.5059300645676004,0.07855599667269099,21,0.017142323859300267
1040,5,0.5110429386034325,0.07484125435142913,20,0.016735013225114746
1041,1,0.3843300715111043,0.24563922441611874,20,0.054926600373476756
1041,2,0.45238341095650697,0.12084145356571696,21,0.026369767050161395
1041,3,0.4839915076782601,0.09054280718110858,21,0.019758060359105774
1041,4,0.5218992360085617,0.07623033793812325,21,0.016634823516833985
1041,5,0.5142757759632456,0.15369066258270003,21,0.03353805213776858
1042,1,0.4033829651207957,0.2216220100738472,19,0.05084357608296068
1042,2,0.4560792906941725,0.12376987361054508,21,0.027008800694068576
1042,3,0.4959470327457843,0.07932657022216943,21,0.01731047679353911
1042,4,0.5307607130423253,0.10240748690238512,21,0.022347145736208503
1042,5,0.5074844465760573,0.07207426094119755,21,0.01572789316290652
1043,1,0.4081789979175284,0.19202840102247554,19,0.044054336544561756
1043,2,0.4644030072178539,0.13586387026552016,21,0.02964792712863839
1043,3,0.4904072123135544,0.060132386892707126,21,0.013121962602580991
1043,4,0.4948422708912552,0.06897704115941815,21,0.015052024396529438
1043,5,0.49721808805731654,0.16651878126430888,21,0.036337377132166185
1044,1,0.4132828078142262,0.2109602450573403,19,0.048397599437343265
1044,2,0.4401506462622154,0.11624957384479664,21,0.025367736745244725
1044,3,0.4654592388800653,0.07820206557911076,21,0.01706508976277027
1044,4,0.5003966418887308,0.07988572981347082,21,0.01743249541985812
1044,5,0.5015108591425494,0.13230859092180125,21,0.028872101571052446
1045,1,0.3788274234065844,0.2322423357006922,19,0.05328004588058766
1045,2,0.4569197793347043,0.14006933457075313,21,0.0305656346767891
1045,3,0.48962419008311986,0.08159075815188442,21,0.017804563106659316
1045,4,0.4922601979257948,0.07942254403503114,21,0.0173314199964997
1045,5,0.5249659285187649,0.1399702025355709,21,0.030544002293216837
1046,1,0.4201553880367605,0.22402891700162933,19,0.05139575840215596
1046,2,0.4383300493291558,0.12839557114481215,21,0.028018210650866168
1046,3,0.47424745588102546,0.0847553359696816,21,0.018495130601546637
1046,4,0.5153177926824422,0.06089293588499471,21,0.013287927999099098
1046,5,0.5051067527633066,0.07136365169516863,21,0.0155728255124559
1047,1,0.3976198590653799,0.20841401080048308,19,0.047813453236700006
1047,2,0.46028002929950257,0.13419022612927184,21,0.02928270803622044
1047,3,0.47831600754197556,0.08287481503987949,21,0.018084767291700596
1047,4,0.5134582086145962,0.085516400095584,21,0.01866120840943536
1047,5,0.48262786019327336,0.1367403008821579,21,0.029839179968739308
1048,1,0.4150212402657977,0.21506413128532711,19,0.04933909550805816
1048,2,0.4729332282182997,0.13299361495166992,21,0.029021586069611343
1048,3,0.46033011805725554,0.09860552610495248,21,0.0215174898722328
1048,4,0.5172864865264172,0.061340600469392804,21,0.013385616420239822
1048,5,0.5097691818995501,0.06373242627161577,20,0.014251003751432633
1049,1,0.43069034730100075,0.23101730575945628,19,0.05299900473760561
1049,2,0.42224870165600853,0.11263797948426711,21,0.024579622243501763
1049,3,0.4856521862961158,0.08052656217010729,21,0.01757233650471829
1049,4,0.5075547626296006,0.07957571260379342,21,0.017364844118425468
1049,5,0.4746014743582448,0.1488375308858737,21,0.03247901197784971
1050,1,0.39049392695517343,0.18954250191050953,19,0.043484032175461894
1050,2,0.4395097321642667,0.156136500447665,21,0.034071777716520535
1050,3,0.48593130812882607,0.08936188231344025,21,0.019500361425955973
1050,4,0.5311748435784023,0.08344895017797133,21,0.018210053850245343
1050,5,0.5357775055445753,0.12856877181571985,21,0.028056006135859107
1051,1,0.37614274162938777,0.2350852395633773,19,0.053932252756569016
1051,2,0.4559066914607876,0.14543919701545752,21,0.03173743473032998
1051,3,0.4759242374957801,0.10310977882310107,21,0.02250039839747692
1051,4,0.5121138798122422,0.08517396207310719,21,0.018586482306633883
1051,5,0.5166466227055898,0.0890404555028874,21,0.01943022034549185
1052,1,0.39771396618254123,0.26232352175426304,21,0.05724368547649074
1052,2,0.429225156560114,0.1195283542069743,21,0.02608322527842634
1052,3,0.4592371341722512,0.11700775290256496,21,0.02553318497965204
1052,4,0.48901299038644536,0.0707269697990155,21,0.015433890132325911
1052,5,0.5419454039676013,0.08172859718487915,21,0.017834642049631595
1053,1,0.3969419967721999,0.23703171862440703,19,0.05437880567881884
1053,2,0.4464302020556077,0.1349006399893621,21,0.029437733049963746
1053,3,0.46906866200180547,0.08823818638068093,21,0.01925515087024247
1053,4,0.5086275366231954,0.0937717227769041,21,0.020462667508170367
1053,5,0.5425603694351471,0.06294135510731075,21,0.013734929720111757
1054,1,0.40931896978125737,0.1950303619160346,19,0.044743033606008335
1054,2,0.4524749508940031,0.12484045274673218,21,0.027242420214498
1054,3,0.4858470429644651,0.07069896717905756,21,0.015427779459677611
1054,4,0.4987054941364857,0.07637250088157503,21,0.016665846014423773
1054,5,0.4891056445962472,0.0786885028130039,21,0.017171239069682664
1055,1,0.3851896924102179,0.23316317055125277,19,0.05349129988360261
1055,2,0.45558141677982467,0.1491228627746416,21,0.032541276500633695
1055,3,0.4542239957823391,0.08500922039338034,21,0.018550532724849956
1055,4,0.5044493172333254,0.10040111417531795,21,0.021909319312680874
1055,5,0.5270117616308579,0.08201180292459702,21,0.01789644260865555
1056,1,0.4070573304009241,0.22300571206935524,19,0.05116101909171832
1056,2,0.4420180517566665,0.11547199881168496,21,0.025198055962018913
1056,3,0.4763214727958767,0.08181867045643225,21,0.017854297648916564
1056,4,0.5134149961300032,0.07262036429494302,21,0.015847062684611658
1056,5,0.4854587221863272,0.10612224146030774,21,0.023157771638582916
1057,1,0.39267745719868563,0.21487407323549523,19,0.04929549320107797
1057,2,0.4549086271343216,0.12374425794354041,21,0.02700321089725783
1057,3,0.46991588507090043,0.07117122065925184,21,0.015530833617782212
1057,4,0.4961312657269942,0.08037624618275936,21,0.017539534867090485
1057,5,0.576437562002822,0.11239514862802884,21,0.024526632206369248
1058,1,0.41148713263887304,0.2050788748729973,19,0.04704832058033778
1058,2,0.4481816994213686,0.1021855401599565,21,0.02229871298633098
1058,3,0.44531422496758044,0.07998407763970279,21,0.017453956675007758
1058,4,0.533735093480406,0.07074461895670944,21,0.015437741494282328
1058,5,0.5264614288739238,0.06377542210152831,21,0.013916938059905388
1059,1,0.43421549893939604,0.25051137989783945,19,0.05747125206218993
1059,2,0.44262516903704624,0.13619100420347044,21,0.02971931360640249
1059,3,0.46251582786822737,0.09876799672458059,21,0.021552943868073382
1059,4,0.46524172545673587,0.10962178637730514,21,0.023921434947156178
1059,5,0.5479325186036333,0.12844462471644044,21,0.028028915017775435
1060,1,0.4228972288892015,0.20498204500299563,19,0.04702610628465076
1060,2,0.44429581404813506,0.10229130465966685,21,0.022321792692319636
1060,3,0.44929151186522664,0.08823646487603598,21,0.019254775207130818
1060,4,0.5127743975307519,0.07738961177777029,21,0.01688779780832754
1060,5,0.49525371192308654,0.07018878252490708,21,0.015316448040818114
1061,1,0.45182215255583025,0.22745755241936966,18,0.05361225924927696
1061,2,0.43880862975636575,0.14203503943041743,21,0.03099458664409168
1061,3,0.4674439895388263,0.05940882884620332,21,0.012964069292209654
1061,4,0.5114909710391917,0.07925319910088847,21,0.01729446590224893
1061,5,0.4838946298615422,0.13519037997106115,21,0.029500959497487125
1062,1,0.3866977319912206,0.2262330722117647,19,0.051901426287253784
1062,2,0.4423405188546608,0.130938236576963,21,0.028573065737046113
1062,3,0.47620737317444534,0.09001660373708205,21,0.019643233353715393
1062,4,0.5302175244935731,0.07655684445379447,21,0.016706073079832066
1062,5,0.5336308171101007,0.05892395869990148,20,0.013175797715636983
1063,1,0.41170082722397583,0.22335034002417758,19,0.0512400821668862
1063,2,0.4517731206650233,0.13339320413351308,21,0.029108783577834283
1063,3,0.4930078909988171,0.09612950454332553,21,0.020977177670875743
1063,4,0.5029515883015914,0.09670386109896424,21,0.021102512546690433
1063,5,0.46293806310686164,0.136406947338371,21,0.029766436261711438
1064,1,0.3848154478862353,0.20992919722179093,19,0.04816106084149506
1064,2,0.43963564755367585,0.11572823201863669,21,0.02525397063184832
1064,3,0.4877623879178128,0.09064845874067451,21,0.019781115419534395
1064,4,0.5166289138560377,0.07833780322868776,21,0.017094710146286555
1064,5,0.45700717262739987,0.12735962640724355,21,0.027792148975832872
1065,1,0.4427272429272257,0.2291752164603744,19,0.05257640046920163
1065,2,0.4382610273346301,0.12419358455055654,21,0.02710126200146779
1065,3,0.4691795351676753,0.0989339336851221,21,0.021589154281514925
1065,4,0.5107614261443916,0.07393604769511097,21,0.016134168340414826
1065,5,0.4857578231484821,0.13614514156888247,21,0.02970930555904204
1066,1,0.4053553934209078,0.22122352376032703,19,0.05075215705290708
1066,2,0.4175273503005437,0.13044705493725275,21,0.02846588111590589
1066,3,0.46087553428449834,0.09704302203059663,21,0.021176523529641725
1066,4,0.5133812934536799,0.0801023794889615,21,0.01747977225496401
1066,5,0.5207903935430629,0.08294819296766538,20,0.01854777980864698
1067,1,0.39637902724177454,0.20381257295395416,19,0.0467578109962788
1067,2,0.4521051074454134,0.1189683155117187,21,0.025961014815897143
1067,3,0.47636586473008496,0.08474124616917864,21,0.018492055955007036
1067,4,0.5227556150676717,0.09248180385770742,21,0.020181184123047775
1067,5,0.49105132617514535,0.13493515645468712,21,0.029445265160205375
1068,1,0.43242496535593394,0.19672562046863468,18,0.04636867342216756
1068,2,0.4300507049556866,0.1619076008577605,21,0.035331135072351645
1068,3,0.45273495243274264,0.08677388947426785,21,0.018935615088645916
1068,4,0.5054833128041564,0.0938127716874329,21,0.020471625114822447
1068,5,0.5224710736203796,0.08341049967519139,21,0.018201663262650193
1069,1,0.39955872070100085,0.23176650251044878,18,0.05462788852567578
1069,2,0.4494771113202675,0.12744617684677706,21,0.027811035830146873
1069,3,0.4829855738458901,0.07498963014695195,21,0.016364078880245228
1069,4,0.5121875260916819,0.1040952521902937,21,0.022715446316549457
1069,5,0.5330608181336435,0.13749263157650352,21,0.030003351985619185
1070,1,0.4090530016509071,0.20592762118098754,19,0.04724303633745529
1070,2,0.44371513294641424,0.13275659006019125,21,0.028969862997859454
1070,3,0.47062386228751574,0.0821512278645328,21,0.017926867624894618
1070,4,0.5056139133618303,0.08034545017080506,21,0.017532814626334135
1070,5,0.5385034014741679,0.07406241989411903,20,0.01656086054613829
1071,1,0.43597413861622086,0.2097229907724061,18,0.049432182981964036
1071,2,0.45300354709113044,0.13564532578719074,21,0.029600236813654618
1071,3,0.45063652460144127,0.09066456580241271,21,0.019784630268564807
1071,4,0.4962125943998464,0.08947594555845224,21,0.019525252066635964
1071,5,0.5424814362940271,0.12833227616234497,21,0.028004398553329656
1072,1,0.4079903475853476,0.20611488631871785,19,0.047285997906456066
1072,2,0.44590673422276067,0.14133488120123266,21,0.030841799592487614
1072,3,0.4780404039473068,0.06390946735726888,21,0.013946189132809239
1072,4,0.5291980300038975,0.08081065707597433,21,0.01763433109570339
1072,5,0.5087729258283015,0.07280073964709705,20,0.016278740266317305
1073,1,0.3796257586300382,0.218920866718303,19,0.050223891297758914
1073,2,0.4508879220191594,0.12466745273070608,21,0.027204668515989988
1073,3,0.4619139311900378,0.09866859810858039,21,0.021531253311797442
1073,4,0.5262988289443599,0.0545968283554998,21,0.011914004697313773
1073,5,0.491740733491267,0.0792998234568913,20,0.01773197958533413
1074,1,0.42917973074020727,0.2255795115933109,19,0.05175148919834231
1074,2,0.44615356138880236,0.10526301437416012,21,0.022970272916610163
1074,3,0.43977339287530565,0.07513614109223703,21,0.016396050189621817
1074,4,0.4907902930615728,0.07749883449877831,21,0.016911632160071747
1074,5,0.49285656615528867,0.1328612104907078,21,0.02899269304748235
1075,1,0.4078465864715555,0.23365522571797276,19,0.05360418508078047
1075,2,0.42462654743633055,0.12846163897946827,21,0.02803262783435729
1075,3,0.47343093389896684,0.07452738851585838,21,0.016263209486728745
1075,4,0.49858300597967764,0.08061092119312567,21,0.01759074515274373
1075,5,0.4962112000820193,0.1337519997536265,21,0.02918707920108135
1076,1,0.4134639225054812,0.21902753371859082,19,0.05024836238590972
1076,2,0.4317518132811135,0.13912762236597204,21,0.030360136226252287
1076,3,0.47088059651044484,0.08976633943413748,21,0.019588621205525448
1076,4,0.49220770194693647,0.10016087379933078,21,0.02185689456468345
1076,5,0.47406938182068686,0.13372326717438415,21,0.029180809238258044
1077,1,0.37568925762931155,0.2256945766092683,19,0.05177788692342101
1077,2,0.43902687926420536,0.1169566733420644,21,0.025522038505725427
1077,3,0.47413884386521243,0.0739560133443496,21,0.01613852520226887
1077,4,0.508759358716921,0.10135997093629935,21,0.02211855901210075
1077,5,0.5193764840355264,0.07716135157431558,20,0.017253802735593005
1078,1,0.41512002854775515,0.21703816302545675,19,0.04979196944840378
1078,2,0.43070685796014835,0.13491997850117987,21,0.029441953059212923
1078,3,0.47133893419687556,0.11588309823160009,21,0.025287765210110034
1078,4,0.5429428674773602,0.09821566729111786,21,0.021432415704387905
1078,5,0.5340910461290863,0.1260130103664103,21,0.027498293264444293
1079,1,0.3883379770462353,0.22321871220781989,19,0.05120988467479872
1079,2,0.4284012671754236,0.1618743260382896,21,0.03532387391144873
1079,3,0.4820738833698998,0.10110154750619375,21,0.02206216639639556
1079,4,0.5176158590040199,0.07987954261315637,21,0.017431145262059033
1079,5,0.5013777526833605,0.14055621336935456,21,0.03067188034102054
1080,1,0.37956588757859233,0.22694576849047443,19,0.0520649300270608
1080,2,0.4313690622941359,0.13371203600990214,21,0.02917835839723989
1080,3,0.4816985082336101,0.08118348258249249,21,0.017715688291161946
1080,4,0.5043197469736354,0.06948973060693446,21,0.015163902406112704
1080,5,0.4841101872868136,0.07977427482123867,21,0.01740817394659695
1081,1,0.3811186839828289,0.2249631413071775,19,0.051610084156813014
1081,2,0.4208544101996869,0.14148347169757697,21,0.030874224697108987
1081,3,0.4846119749378036,0.09417509078771882,21,0.020550689624479045
1081,4,0.515816336670213,0.10600137090940387,21,0.02313139552197301
1081,5,0.4926595443004908,0.09934043021608667,20,0.02221319548772439
1082,1,0.38149598013415387,0.23512086439970695,19,0.0539404256545396
1082,2,0.4498621767642871,0.11357845694822905,21,0.024784851251502035
1082,3,0.4704462971568046,0.10892811295997204,21,0.02377006299751296
1082,4,0.5062735785513574,0.09086473184662026,21,0.019828310080428662
1082,5,0.5161730145631764,0.06434067078776139,20,0.01438701135993694
1083,1,0.40510724386790337,0.22498350381317297,19,0.051614755636069404
1083,2,0.45867144204945104,0.11298495419206118,21,0.024655338332201834
1083,3,0.47046460583148014,0.08502561633322671,21,0.018554110612251668
1083,4,0.4915869111960962,0.08109919740887635,21,0.017697295758397256
1083,5,0.5232488599700573,0.08388732343310949,20,0.018757775764694385
1084,1,0.3910148681987798,0.21586289279627222,19,0.049522343966279185
1084,2,0.4285304451733681,0.15107463018541875,21,0.03296718706724485
1084,3,0.47051141411567426,0.09559182447685091,21,0.020859846261147702
1084,4,0.5067206588108634,0.09435685972361,21,0.02059035485817966
1084,5,0.4998547823796702,0.14080067333312227,21,0.030725225878561097
1085,1,0.4081757073481812,0.2035252169791115,19,0.046691887014428175
1085,2,0.45567736249011165,0.14105432243079769,21,0.030780576649516087
1085,3,0.48096302931899193,0.08958460130562079,21,0.019548962694545098
1085,4,0.49480329729219075,0.08199591528244178,21,0.01789297564090361
1085,5,0.47092977078789905,0.1347036823963538,21,0.029394753379551514
1086,1,0.40039687610394126,0.2161764856327345,19,0.049594287096992734
1086,2,0.4455151131529777,0.13599735156475895,21,0.029677055136144236
1086,3,0.4765853105938958,0.0971245030352595,21,0.021194304142573568
1086,4,0.4989536374822223,0.08711645027575085,21,0.01901036798402309
1086,5,0.5335192257389603,0.1271005163201468,21,0.02773560651928775
1087,1,0.43504072115703774,0.1962239851823025,18,0.04625043685128491
1087,2,0.44831850456194905,0.1498662248634546,21,0.03270349140733589
1087,3,0.458320799066471,0.09513392391931615,21,0.02075992416754458
1087,4,0.5060223656095106,0.08583984545223239,21,0.018731789972769797
1087,5,0.5331711512755196,0.09121648429118376,21,0.01990506875676666
1088,1,0.39741429995256733,0.24752458105379296,19,0.05678603341345925
1088,2,0.4455494385873123,0.12080305456530233,21,0.02636138770130374
1088,3,0.4813949656785993,0.08442251455870059,21,0.018422503015416994
1088,4,0.5108825988511968,0.07723781732881697,21,0.016854673543927414
1088,5,0.504330626829185,0.09522725710128778,20,0.021293462018932903
1089,1,0.44317301689251365,0.19654506065965688,18,0.046326115067054904
1089,2,0.4403523150694449,0.1041959642316782,21,0.022737423485741745
1089,3,0.48533194668118573,0.06657084468785429,21,0.014526949279011485
1089,4,0.5469330473245071,0.10165282264043171,21,0.02218246449312853
1089,5,0.49841107372644833,0.08722410147695268,21,0.01903385940203072
1090,1,0.4860916178537102,0.1817801163764141,18,0.04284598432488074
1090,2,0.46339923380555753,0.12820150415986728,21,0.02797586176284704
1090,3,0.4742293632302316,0.09013844752210058,21,0.019669821847420506
1090,4,0.502596772204731,0.08515090758886691,21,0.018581451405722493
1090,5,0.5318029231312299,0.12604998944775123,21,0.027506362761557376
1091,1,0.41078365651098075,0.2210016035691977,19,0.05070124506939845
1091,2,0.4269319792915076,0.12561501299995512,21,0.027411443118816964
1091,3,0.48666779858050274,0.09105814572149157,21,0.019870516448145446
1091,4,0.5295725012803034,0.06734600448172055,21,0.014696103013824747
1091,5,0.4681136123525698,0.12684540868168181,21,0.027679937468638838
1092,1,0.408926703003339,0.21495267461959666,18,0.05066483128590077
1092,2,0.47094486631742877,0.1221476206086386,21,0.02665479606656354
1092,3,0.4578706913542132,0.07956603434841635,21,0.017362732149955918
1092,4,0.4954049632994442,0.08367777877611078,21,0.018259988344156996
1092,5,0.5519706175264487,0.12286806448382064,21,0.026812009809039205
1093,1,0.43493677791386287,0.19014489179583013,18,0.04481758079893794
1093,2,0.437257793892207,0.1451616762305088,21,0.03167687473014184
1093,3,0.4788567538976758,0.08254260444387473,21,0.018012272996326396
1093,4,0.4795436920157587,0.07880782072849057,21,0.01719727637346752
1093,5,0.503493357914923,0.07574002402143427,20,0.0169359842329394
1094,1,0.4266197567093495,0.21450387547664088,19,0.04921056401055316
1094,2,0.4339414581386351,0.1395473972256756,21,0.030451738610510908
1094,3,0.4724027659920251,0.09069499113121902,21,0.019791269619626656
1094,4,0.5019371316039855,0.06503069369115706,21,0.014190860777867355
1094,5,0.5184921374329939,0.09507406881432184,21,0.020746862712812873
1095,1,0.4162398996993608,0.19602377210361982,18,0.046203246176078655
1095,2,0.4670013284319839,0.15196774036946745,21,0.03316207968735624
1095,3,0.4882885734903633,0.07932786602548679,21,0.017310759561005185
1095,4,0.5104458156228333,0.09638817175825995,21,0.02103362348479195
1095,5,0.4810926915680732,0.1401574649976492,21,0.030584866312611956
1096,1,0.4352406157627628,0.18763027817084274,18,0.04422488068350705
1096,2,0.4554395781090486,0.14266696934819734,21,0.031132485057526617
1096,3,0.4849893048764246,0.09948333994284655,21,0.021709044555958006
1096,4,0.5250966702855356,0.07354516636140887,21,0.016048871040441722
1096,5,0.5249662724165185,0.055531358301389895,21,0.012117935850468265
1097,1,0.4138916538382223,0.23123923900120597,19,0.05304991971513189
1097,2,0.43789837635076434,0.12649241261015096,21,0.027602907410647783
1097,3,0.4895688187849063,0.08839448108980945,21,0.019289257171923542
1097,4,0.5182849104264333,0.08353009023320924,21,0.018227760061912995
1097,5,0.49098280031268116,0.09160684326772632,21,0.01999025206906246
1098,1,0.4161389469794394,0.22324651374951246,19,0.05121626278588885
1098,2,0.43211450481355296,0.12655475005705316,21,0.02761651055679348
1098,3,0.49581863337588594,0.08963517540228476,21,0.0195599988672197
1098,4,0.5061179383132511,0.0867351576264587,21,0.01892716310653206
1098,5,0.5278005870187115,0.0648864768655147,21,0.014159390086439147
1099,1,0.414846343142188,0.24174802577505036,20,0.05405650190593839
1099,2,0.47142775955978805,0.11660447342627715,21,0.02544518218316104
1099,3,0.47717575910969334,0.11221510186216499,21,0.024487342780978624
1099,4,0.4851236372876808,0.06483866264488601,21,0.014148956168090275
1099,5,0.5165988208763409,0.13271085829125978,21,0.028959883507726467
1100,1,0.43182824711109946,0.20553169529172025,19,0.04715220470901068
1100,2,0.449849335064535,0.13480214904366555,21,0.029416240563586497
1100,3,0.44997272502615276,0.10422428748954932,21,0.02274360412731899
1100,4,0.5068027160226412,0.11342898007815386,21,0.024752232724275146
1100,5,0.5361474850244417,0.12923360681598148,21,0.028201085026971245
1101,1,0.40912787921784544,0.2243785985268462,19,0.05147598084588456
1101,2,0.4582984150016718,0.1461910476679887,21,0.031901501993497894
1101,3,0.4487673523050229,0.08872959077530146,21,0.019362384100489256
1101,4,0.5191543429218862,0.0875593602413699,21,0.019107018862284973
1101,5,0.5787410679004527,0.13460759178914397,21,0.02937378468997469
1102,1,0.4385119872373092,0.19663486991703608,18,0.046347283312023625
1102,2,0.46349874367542027,0.14339486086362133,21,0.03129132400834312
1102,3,0.4602668253135369,0.09761692105408841,21,0.021301758563756597
1102,4,0.49292229724685044,0.07658717000780493,21,0.016712690658248465
1102,5,0.5304562267033788,0.15036965331220883,21,0.032813348501307814
1103,1,0.3953292031354784,0.21861185747256348,18,0.05152730895554556
1103,2,0.4511162439906361,0.1361223568362265,21,0.029704333522752265
1103,3,0.4904012206126488,0.07503017164826266,21,0.01637292576112825
1103,4,0.5118584238114419,0.11326665083630102,21,0.024716809579594413
1103,5,0.4954757678205929,0.05091001092398978,20,0.011383824516129803
1104,1,0.4544256869083897,0.2291401799879871,19,0.05256836255117667
1104,2,0.45270529940216003,0.13615708334427803,21,0.02971191146807453
1104,3,0.5091857578613739,0.10715663392832178,21,0.023383494580628942
1104,4,0.5012422254636968,0.07409708101296132,21,0.016169308691293828
1104,5,0.4791109449888026,0.13299397288777165,21,0.029021664177672303
1105,1,0.41152411485807494,0.21484253244920995,19,0.049288257248445475
1105,2,0.43151357668280066,0.13096987195208898,21,0.02857996914186293
1105,3,0.473141916237145,0.08099012421178407,21,0.017673494035446487
1105,4,0.4979300173951116,0.1069740273852415,21,0.023343646566054675
1105,5,0.5042463313932044,0.08083444699858539,20,0.018075131841244076
1106,1,0.4125214917911507,0.23423611007930215,19,0.053737449092828786
1106,2,0.43636220790268865,0.14304707027766658,21,0.031215429880432136
1106,3,0.477482493777646,0.10400675814015521,21,0.0226961353316298
1106,4,0.5024335161828866,0.09540190379516494,21,0.02081840217067801
1106,5,0.5132005180883438,0.077014661429333,21,0.016805976934348304
1107,1,0.4272263368081057,0.19548252392767693,18,0.04607567275757397
1107,2,0.44195989573403466,0.15110792045634094,21,0.03297445159993088
1107,3,0.49670423796609253,0.08024620086655143,21,0.01751115665255252
1107,4,0.5257109416201136,0.07403010566822824,21,0.016154693472868346
1107,5,0.522508896875325,0.06861902552026822,20,0.01534368056131126
1108,1,0.3996488372244505,0.20771756429108656,19,0.047653677449645215
1108,2,0.4463579001177313,0.13051581505206822,21,0.028480885803093305
1108,3,0.48490735495136356,0.07601013948370657,21,0.01658677227467795
1108,4,0.47868484392533245,0.07382087174035544,21,0.016109034886562155
1108,5,0.48728101954991665,0.12436377707238966,21,0.027138401054516155
1109,1,0.40752437572061323,0.24391883279834928,19,0.05595881803128414
1109,2,0.42868528371519865,0.12648299390339843,21,0.027600852080331494
1109,3,0.46770689791680825,0.08011877956522542,21,0.01748335104500603
1109,4,0.5144104854911377,0.05755032171941932,21,0.012558509788014293
1109,5,0.5437092730299843,0.13379996543707431,21,0.029197546171327058
1110,1,0.42057166014204733,0.20061942552830747,19,0.04602525273626717
1110,2,0.4527313482714388,0.12857298743243883,21,0.028056926058845567
1110,3,0.47584090429979803,0.08660133014054537,21,0.018897959554900468
1110,4,0.5329037403767648,0.08156136440599707,21,0.017798148865445645
1110,5,0.5273931918190617,0.14157636159088802,21,0.03089449493365157
1111,1,0.38578347413070113,0.2281679524916219,19,0.0523453182666089
1111,2,0.44245983088577373,0.12486819965859623,21,0.027248475087065537
1111,3,0.4956474795180895,0.11185868825728935,21,0.024409566956071257
1111,4,0.5089767339779255,0.061075763983454004,21,0.013327824361020743
1111,5,0.49899901416841724,0.14129029751101166,21,0.030832070633668652
1112,1,0.4394845438624212,0.22035780223129928,18,0.051938832081705286
1112,2,0.45963459864506906,0.11752561297663829,21,0.025646191312453777
1112,3,0.4545737808469595,0.10128832656637503,21,0.022102924928848577
1112,4,0.48743882580181636,0.08519672638251956,21,0.01859144988620653
1112,5,0.5070459390577018,0.06752075153651153,20,0.015098099032751316
1113,1,0.40631145924789364,0.23698946965146117,19,0.05436911309968519
1113,2,0.43885784763268376,0.1463924667467528,21,0.03194545523991907
1113,3,0.4842356996705296,0.08303684147990463,21,0.01812012435960533
1113,4,0.5286452822381102,0.08652147952934128,21,0.018880534722989457
1113,5,0.5268994868786288,0.1299369632372468,21,0.028354569981303698
1114,1,0.4034499862590552,0.19858618543739565,19,0.045558795468675584
1114,2,0.44342163879964436,0.13234114838252858,21,0.028879206191443803
1114,3,0.5050108248806543,0.07620545825627852,21,0.016629394325152085
1114,4,0.5256030136420523,0.0821280561384781,21,0.017921811139721834
1114,5,0.503633288898075,0.07703431911938353,21,0.016810266593998046
1115,1,0.45075888816573656,0.22366914737968374,18,0.052719323618129234
1115,2,0.4749258362835958,0.13522104147880196,21,0.02950765038701778
1115,3,0.4756731381972595,0.06855115102152366,21,0.014959087549165789
1115,4,0.4887974834380675,0.09732082629176547,21,0.02123714538941256
1115,5,0.48622570954829714,0.05575572948257257,21,0.012166897656255705
1116,1,0.4007412466650147,0.210386521356761,19,0.04826597819353594
1116,2,0.4485637402076249,0.1671629778349448,21,0.03647795234870761
1116,3,0.48178883795556954,0.08500827394413793,21,0.018550326192693062
1116,4,0.5176336213834546,0.09380709779137772,21,0.020470386969195866
1116,5,0.502659346995482,0.14405302122634148,21,0.03143494637413287
1117,1,0.40271637353917533,0.23275294405851013,19,0.05339718747171691
1117,2,0.46258473600617506,0.11592452071912193,21,0.025296804337945376
1117,3,0.49733348942062916,0.09916043636457672,21,0.02163858121835831
1117,4,0.5043086423541522,0.06765328875011213,21,0.014763157938575867
1117,5,0.5022912775953499,0.08802637693950592,21,0.019208930260857196
1118,1,0.4160043939740471,0.23149110534728753,19,0.05310770181775549
1118,2,0.45461458712021935,0.12214913429185076,21,0.026655126379320583
1118,3,0.4798932062518149,0.08722281641482706,21,0.019033578978484844
1118,4,0.5054200724327375,0.08672296063084123,21,0.0189245015038812
1118,5,0.5427537588686858,0.06917092850049623,21,0.015094334083042966
1119,1,0.4280561904468059,0.2291986584679442,19,0.05258177843457166
1119,2,0.4470919978388291,0.14731565938565025,21,0.03214691238986067
1119,3,0.4795239129034402,0.09509530600112742,21,0.02075149704691213
1119,4,0.5121794055683738,0.08323979589831373,21,0.018164412644604635
1119,5,0.49239399364372893,0.07324276063328934,20,0.01637757916357805
1120,1,0.4425813116003405,0.21673085340826906,19,0.049721467787051186
1120,2,0.4364879866217911,0.16866471311557657,21,0.036805657853340036
1120,3,0.48163604114914205,0.07545971227112104,21,0.01646665920961906
1120,4,0.48780193709284786,0.09512548075304927,21,0.020758081717614913
1120,5,0.5348225742907096,0.08217866992274696,20,0.018375709224777957
1121,1,0.4308900263487762,0.23006245368630704,18,0.05422624036600125
1121,2,0.43894252658461447,0.13027902890572549,21,0.028429214829801285
1121,3,0.46562542656658384,0.10723091930590865,21,0.02339970497900133
1121,4,0.5321382809899039,0.09734199198229446,21,0.021241764121745183
1121,5,0.47163569698112323,0.14373867492816617,20,0.03214094481351242
1122,1,0.38749025196101633,0.237039731767001,19,0.05438064401980764
1122,2,0.4506143580392367,0.14375489327271543,21,0.03136988952107222
1122,3,0.4763470407825758,0.08307657685083054,21,0.018128795328416526
1122,4,0.5213284539903891,0.10699782931130072,21,0.02334884057214287
1122,5,0.49806300389197145,0.06746933191769212,20,0.015086601256445583
1123,1,0.40999105790006274,0.22116703495604587,19,0.050739197632417445
1123,2,0.47360613204009977,0.15667113132229699,21,0.034188443738037755
1123,3,0.48148967513373075,0.09602703101730763,21,0.020954816114223073
1123,4,0.507485758824358,0.0787685435808124,21,0.0171887053971667
1123,5,0.48486218633814343,0.0734074181469347,20,0.016414397702929764
1124,1,0.405526279971335,0.21899036558098148,19,0.05023983543034347
1124,2,0.4610528016224548,0.1493423385249621,21,0.03258917003582659
1124,3,0.4868329014140778,0.07694217962280041,21,0.01679016010744627
1124,4,0.5139815693540335,0.08731118815471242,21,0.019052863273119114
1124,5,0.49040162887818994,0.08796421161565435,21,0.019195364675040467
1125,1,0.41785344188968876,0.20894168969358598,19,0.04793451107720922
1125,2,0.46102312130040995,0.12589994316081343,21,0.027473619977384067
1125,3,0.4808507786158876,0.08027574282413429,21,0.01751760323620969
1125,4,0.49856321776897017,0.07123311338659666,21,0.01554433971816435
1125,5,0.5187444464925508,0.0670728057218051,20,0.014997935303559305
1126,1,0.46706311806405443,0.2514438332221052,20,0.056224550360774714
1126,2,0.4660997127015217,0.16171084736486785,21,0.03528819994023605
1126,3,0.4990017931879952,0.08933830878846015,21,0.01949521726106939
1126,4,0.5122772907215014,0.08359326134704664,21,0.01824154512909845
1126,5,0.5286661845877252,0.09611809466907155,21,0.020974687832188182
1127,1,0.42955167903478764,0.2118515740233233,18,0.049933894865645256
1127,2,0.4567391474641897,0.13345913599970358,21,0.029123171090573694
1127,3,0.4928001045631936,0.09121046492603878,21,0.019903755223604165
1127,4,0.5269981425193073,0.0943868313452934,21,0.02059689520223036
1127,5,0.5080367232845409,0.16286629049775217,21,0.035540338302981735
1128,1,0.37993945015345976,0.20349067366656046,19,0.04668396223502896
1128,2,0.483823508973285,0.1342911968269159,21,0.029304741648835984
1128,3,0.485213058258348,0.09801607773684406,21,0.021388861692941137
1128,4,0.5174696927543687,0.08301318570191016,21,0.018114962245639483
1128,5,0.48098095703483185,0.12995572576557576,21,0.02835866430065114
1129,1,0.40762050553586593,0.2234882407746066,19,0.05127171876874718
1129,2,0.45104499827208633,0.1558768311281556,21,0.03401511322545818
1129,3,0.4878124816113396,0.07383456835532926,21,0.016112023732985117
1129,4,0.4920076194865987,0.08094914088019335,21,0.017664550739291917
1129,5,0.46249885280202563,0.14252684425202208,21,0.031101907254670137
1130,1,0.42161744117512506,0.21907819668997397,19,0.05025998526866965
1130,2,0.456846906394948,0.11187893032335997,21,0.024413984137023205
1130,3,0.478070075083042,0.07278161821195077,21,0.015882251174173377
1130,4,0.49169859586551484,0.10328716259673666,21,0.02253910671032178
1130,5,0.5314461203403937,0.07408299901584878,20,0.016565462177648788
1131,1,0.4366376158984671,0.175490245723036,18,0.0413634475942841
1131,2,0.4762135838683959,0.12657255137173548,21,0.02762039512212688
1131,3,0.5006356761925964,0.08299498918629597,21,0.01811099144039251
1131,4,0.47587659505313873,0.08433921261513286,21,0.018404325041039088
1131,5,0.5322067552383091,0.13095686751426938,21,0.028577131340878234
1132,1,0.4291152351774784,0.21762242718134767,18,0.0512940979994022
1132,2,0.4533426704331192,0.10497049691128162,21,0.02290644037300363
1132,3,0.47421636112858256,0.093914177305461,21,0.020493753634846616
1132,4,0.5062429157291439,0.08385354393663216,21,0.01829834344666296
1132,5,0.5321374252540163,0.09618782989656868,20,0.021508252625691414
1133,1,0.38637015876059266,0.2293679171504384,20,0.05128822546059201
1133,2,0.4498727763548404,0.11100589906140151,21,0.024223473096928565
1133,3,0.49310178908750824,0.09017089721482378,21,0.019676902950905368
1133,4,0.5089530594748647,0.09028814456283123,21,0.01970248841982332
1133,5,0.5289894836376602,0.13044580103686085,21,0.028465607492407802
1134,1,0.4112208063402347,0.22931606960147394,19,0.05260871439593496
1134,2,0.47568475735367294,0.13276716796553,21,0.02897217128604559
1134,3,0.4768878354338105,0.09012928946445614,21,0.019667823395402677
1134,4,0.5070114455193073,0.10121152153106289,21,0.022086164696083262
1134,5,0.48087871342350624,0.1403137766892701,21,0.030618976320176686
1135,1,0.42806359998215127,0.20832023540991718,18,0.04910155037224346
1135,2,0.47154502251884595,0.13464231575885888,21,0.029381362081386496
1135,3,0.48564233988993133,0.07802322808437495,21,0.017026064221973933
1135,4,0.5152560260221103,0.08054081390825853,21,0.017575446488949847
1135,5,0.5356445259313976,0.11652737032963228,20,0.026056312129634985
1136,1,0.40100732108447756,0.2399368668656756,19,0.05504529239459224
1136,2,0.4818011834251296,0.13493117999044893,21,0.029444397424568718
1136,3,0.4648578086213844,0.08184091481936649,21,0.01785915176686572
1136,4,0.53590154266578,0.12172624387550257,21,0.026562844124864062
1136,5,0.48419764591818615,0.13902473533467719,21,0.030337684435350478
1137,1,0.43780651719605135,0.2619322373942278,20,0.05856982883121056
1137,2,0.45343092314071864,0.13005093846196156,21,0.02837944141438013
1137,3,0.48371033274313807,0.08625648492779638,21,0.0188227081601164
1137,4,0.5053166714595406,0.0759329241851807,21,0.016569922515139696
1137,5,0.4941221848787582,0.07653794933593688,21,0.01670194982707742
1138,1,0.40418379781799546,0.20731602425706103,19,0.047561557848060834
1138,2,0.46581549823558954,0.12877458317928483,21,0.02810091785740285
1138,3,0.48375103425820937,0.09675302298186968,21,0.021113240549058086
1138,4,0.4989435968394599,0.09827697785914265,21,0.021445794767191443
1138,5,0.5474969917070097,0.13068046818923432,21,0.02851681606330643
1139,1,0.4607664105769687,0.19717407729781466,18,0.046474375710495085
1139,2,0.4602779621985321,0.13356989045035755,21,0.029147339693129652
1139,3,0.5095841082798354,0.06436020623207127,21,0.014044548419115961
1139,4,0.498399292065091,0.069227861610515,21,0.015106757906195834
1139,5,0.5476603181428821,0.07604138973498628,20,0.017003371655098402
1140,1,0.38843010142737155,0.2408592110044622,19,0.055256892652073175
1140,2,0.452859847329191,0.14796126760198341,21,0.03228779565274791
1140,3,0.4889197914729276,0.09233128311544218,21,0.0201483378042339
1140,4,0.5140243293542935,0.07208153838796238,21,0.015729481231985847
1140,5,0.5545454873046326,0.16699929072631828,21,0.03644223289320431
1141,1,0.38461240880633996,0.23074908142203254,19,0.0529374698543936
1141,2,0.4422785087267236,0.12868115693501925,21,0.02808053057948654
1141,3,0.44813254478672604,0.1195581127514313,21,0.02608971912521424
1141,4,0.5158039708457468,0.09180439014397215,21,0.020033360331619537
1141,5,0.5014749049465402,0.06665978296532529,20,0.014905580607584986
1142,1,0.4173097300665365,0.22957002316462374,19,0.05266697533899402
1142,2,0.4719682474984761,0.13985374790357957,21,0.030518589809115478
1142,3,0.47388551693555425,0.0899173003190053,21,0.01962156357132946
1142,4,0.524108802039437,0.08239002115104588,21,0.01797897659208002
1142,5,0.498667962589937,0.07911932872219454,20,0.017691619735697856
1143,1,0.4588014611507865,0.1822038256310135,18,0.04294585355394031
1143,2,0.4484810233110002,0.15232361267205813,21,0.033239737390421
1143,3,0.5064974734685396,0.10043116450767081,21,0.021915876832807803
1143,4,0.4995096844541108,0.07932915925560724,21,0.01731104176695366
1143,5,0.5115319621718398,0.07314640779237966,21,0.015961854786794644
1144,1,0.42707195471328224,0.23251597777162303,19,0.05334282367710812
1144,2,0.4538022899294764,0.14467571195597176,21,0.0315708286314223
1144,3,0.4478155753608224,0.09872671552980074,21,0.021543935572842104
1144,4,0.5146046196006642,0.06799351183628831,21,0.014837400702650811
1144,5,0.5098739187115776,0.08031674430213497,21,0.017526550492235556
1145,1,0.44197049245002784,0.18034813611952363,18,0.0425084633414899
1145,2,0.46176730391236137,0.10953872079113106,21,0.023903308550190055
1145,3,0.47543952839176873,0.11559865127511794,21,0.025225693795382448
1145,4,0.5022297929384769,0.09998530702709618,21,0.021818582754050873
1145,5,0.514574584437122,0.15448146010181357,21,0.03371061830399339
1146,1,0.42294507910916307,0.2138145724397548,19,0.04905242704848673
1146,2,0.46935004718094475,0.11120542386144819,21,0.02426701297784451
1146,3,0.4752698079665131,0.07898375079527023,21,0.017235667461469255
1146,4,0.5261877105558339,0.10147465222418506,21,0.022143584520792715
1146,5,0.4977757588169024,0.08096051670496858,20,0.0181033218845817
1147,1,0.4390724967665789,0.2094782015942315,19,0.048057595348626095
1147,2,0.4660871127346114,0.11952966159590489,21,0.02608351057408049
1147,3,0.4957195154483659,0.09319016235098139,21,0.020335760618980767
1147,4,0.538777154133047,0.10329750751736864,21,0.02254136415707675
1147,5,0.5102446715294195,0.07601263472513149,21,0.016587316780997327
1148,1,0.40206879337396007,0.20177112603667122,19,0.04628947095359254
1148,2,0.44151928192181333,0.13543534010981204,21,0.02955441418215726
1148,3,0.4995308250125175,0.08492027657297836,21,0.018531123592012307
1148,4,0.5181334541966842,0.08135855586674406,21,0.01775389241388801
1148,5,0.48136329757938023,0.146296147124796,21,0.031924436575227325
1149,1,0.4196942777042667,0.19467601321368286,19,0.04466174043841223
1149,2,0.48199652666582876,0.1399757914325128,21,0.03054522189051624
1149,3,0.49995939591710015,0.10531031877055255,21,0.022980595582189806
1149,4,0.49032292227059754,0.10481781214470641,21,0.022873121825370414
1149,5,0.4846426426867797,0.1389438882966413,21,0.03032004216527846
1150,1,0.4039096316855635,0.23158317351017857,20,0.051783571841388785
1150,2,0.47661605266166684,0.10488828734642106,21,0.02288850077520254
1150,3,0.4854714027127412,0.09974206201107873,21,0.021765502339845123
1150,4,0.5306521712512549,0.07803288636219645,21,0.017028171830983454
1150,5,0.4817522041960818,0.08918857219634825,21,0.019462542057847605
1151,1,0.38732365771661736,0.2296393251639499,19,0.05268287430802812
1151,2,0.4664098830055662,0.10732717103131491,21,0.023420708827451057
1151,3,0.4941300452744386,0.09130713015216836,21,0.019924849305309345
1151,4,0.49037597670203953,0.09720457659866395,21,0.021211777626643363
1151,5,0.4924915342931695,0.13868017418928041,21,0.030262495029144697
1152,1,0.4109492617731756,0.2196536167112457,19,0.050391995675133514
1152,2,0.4496991824523857,0.12298732270674259,21,0.02683803408683853
1152,3,0.4714529899161277,0.08792630172109593,21,0.01918709205783086
1152,4,0.523823549317235,0.08585244257709855,21,0.01873453889078113
1152,5,0.49290992672341893,0.1677954614302832,21,0.03661597158449124
1153,1,0.43627876433440227,0.2561760308402264,20,0.057282701916482874
1153,2,0.4533416695011353,0.13285887943056585,21,0.028992184368456166
1153,3,0.48338745064841615,0.08576672649555896,21,0.018715834108308266
1153,4,0.5196446169845371,0.09565317196621977,21,0.020873233380849048
1153,5,0.5130523269694057,0.10060893026531452,20,0.02249684072167792
1154,1,0.38892306149144784,0.20109848344099998,19,0.04613515615887402
1154,2,0.48575689363410424,0.1149591517107844,21,0.025086143549646747
1154,3,0.4983718679118742,0.09403619184760849,21,0.020520379390812152
1154,4,0.5114409859854847,0.08514768716310184,21,0.018580748651206375
1154,5,0.5088866625980233,0.0925184051692389,21,0.020189171184030043
1155,1,0.4134666943017134,0.2273575749264005,19,0.0521594049027714
1155,2,0.4475551769835823,0.12702834421984177,21,0.02771985727582529
1155,3,0.48565000477418285,0.0863411162431274,21,0.018841176227195836
1155,4,0.5083199823288547,0.07916980534038244,21,0.01727626789177246
1155,5,0.47693416916927467,0.11221088168312258,20,0.02509111592586481
1156,1,0.4217362281853331,0.1836510368146033,19,0.04213243738691177
1156,2,0.46594096757149267,0.11019278107815446,21,0.024046036206111447
1156,3,0.46133288712845466,0.11115438066880909,21,0.024255874440035897
1156,4,0.48480009388826745,0.07934266797432699,21,0.017313989611052474
1156,5,0.4894440668559215,0.058943115371716155,21,0.012862442280352592
1157,1,0.40252664767367957,0.18749168816667677,18,0.04419221470625691
1157,2,0.4542037965878641,0.13220427842887883,21,0.028849338718921657
1157,3,0.4658940141773387,0.07115176719082518,21,0.015526588522944374
1157,4,0.5146387883330974,0.10147771573102639,21,0.022144253032792355
1157,5,0.5246952120307101,0.07395531094199896,21,0.016138371925509817
1158,1,0.44314036993863143,0.18737580768972087,19,0.04298695843072656
1158,2,0.43742506207488463,0.13313890951938742,21,0.029053291943641407
1158,3,0.4685932840684363,0.091095694828067,21,0.019878710334962583
1158,4,0.5104728074454246,0.07266588047528043,21,0.015856995129456486
1158,5,0.5047377433874376,0.10316028472512549,21,0.022511419688861157
1159,1,0.4003553955367548,0.24310458490664932,19,0.05577201675365724
1159,2,0.44178017260578323,0.1389015257112452,21,0.03031079789126838
1159,3,0.45411460252497576,0.08212157603202858,21,0.017920397064563914
1159,4,0.5214829579821073,0.08229600483785042,21,0.01795846055056674
1159,5,0.5067160971991657,0.09243272358837995,20,0.020668585328906586
1160,1,0.4124568618641099,0.20531434044756222,19,0.047102340087927845
1160,2,0.4683317267991637,0.14157787881651301,21,0.030894826019426468
1160,3,0.48333323643178483,0.09641333902618877,21,0.021039115432902385
1160,4,0.5186411051529094,0.08215299273962147,21,0.017927252752212998
1160,5,0.5519229292246509,0.12735564470207272,21,0.02779128009653095
1161,1,0.4059777163893894,0.2010535603350257,19,0.04612485009154918
1161,2,0.4660372289883761,0.14081645737591467,21,0.03072867023907865
1161,3,0.46892142133627024,0.11251007141283742,21,0.024551710414010223
1161,4,0.5175660311207743,0.07961577991744309,21,0.017373587523077525
1161,5,0.5102589733542072,0.07736149705762163,21,0.016881662673412127
1162,1,0.40829246624599824,0.22488352387177168,19,0.05159181866444049
1162,2,0.4281436049670993,0.12980266067718882,21,0.028325262759994554
1162,3,0.4738028681775872,0.09402581856788815,21,0.020518115755596752
1162,4,0.4877090025827009,0.06566321919148362,21,0.014328889158069081
1162,5,0.5618098990989997,0.12740110669390942,21,0.02780120071647548
1163,1,0.4080405953365727,0.22689744214232765,19,0.052053843202435425
1163,2,0.4919476662570663,0.14295693636039372,21,0.031195761047166145
1163,3,0.46911799424965767,0.0883449558352688,21,0.019278449875364284
1163,4,0.49567984632095113,0.10724887700884865,21,0.023403623671050384
1163,5,0.4910317903997889,0.08673441801997098,20,0.01939440546815378
1164,1,0.4101341199864202,0.2168195911728825,19,0.049741825626442006
1164,2,0.4458915681535125,0.12736402998116358,21,0.027793109914443198
1164,3,0.5168050787535396,0.10005835231175747,21,0.021834522541961346
1164,4,0.5198043371043707,0.07817252782659338,21,0.017058644096733615
1164,5,0.48534793621232586,0.13818650768720256,21,0.030154768166581088
1165,1,0.4479302313629515,0.18686631200734416,19,0.04287007210485022
1165,2,0.4788451672843622,0.1441941418126792,21,0.03146574141075235
1165,3,0.444260024700518,0.05885471354405255,21,0.012843151420026833
1165,4,0.522116221615237,0.06647069296774998,21,0.014505094381946816
1165,5,0.4884421958212049,0.1353437103887932,21,0.029534418937753618
1166,1,0.4065164169154616,0.21366998009295646,19,0.04901925528913392
1166,2,0.46982913337508175,0.10851136815525078,21,0.023679121825459875
1166,3,0.49840831016439774,0.08596265351621998,21,0.01875858888939714
1166,4,0.5199344774282595,0.08968157500893104,21,0.01957012409148983
1166,5,0.5111454594300189,0.14497051738325525,21,0.031635160449794225
1167,1,0.3980460579922342,0.2145925572720438,19,0.04923090900972648
1167,2,0.4526704926775761,0.1264177863093892,21,0.027586622616739435
1167,3,0.5064385436973785,0.08969788765801189,21,0.019573683803356414
1167,4,0.5077181301041686,0.09962468761627213,21,0.021739889147042703
1167,5,0.5305077041086048,0.10598688184232853,20,0.023699387252268472
1168,1,0.40459212014166884,0.20395891026081073,18,0.04807357617627926
1168,2,0.4812818377725054,0.13390880034554803,21,0.029221295895438218
1168,3,0.48253882678065874,0.11211701702468602,21,0.024465938914679825
1168,4,0.507500288773681,0.06894595756392416,21,0.015045241399899791
1168,5,0.5032202921708738,0.06476458929682664,21,0.014132792038354044
1169,1,0.39207408793698345,0.22655312563498148,20,0.05065881894348688
1169,2,0.46734964691250347,0.13557977473984284,21,0.0295859324023996
1169,3,0.5072891131830859,0.10380573139871503,21,0.022652267700231706
1169,4,0.4926476258127811,0.09886068738280337,21,0.021573170627955343
1169,5,0.4839302761571463,0.13159882578537904,21,0.02871721812041933
1170,1,0.40972804904854004,0.2152770828547623,19,0.049387949948639015
1170,2,0.4652772105641831,0.11876349249273067,21,0.02591631876882181
1170,3,0.4583621612812059,0.09951033597105474,21,0.021714935572278347
1170,4,0.5191103206333676,0.056992265824608854,21,0.012436732008014996
1170,5,0.51430322855895,0.07043614208312078,20,0.01575000017706917
1171,1,0.38260365180640177,0.2111440803665459,19,0.048439774149715994
1171,2,0.48488637822284064,0.1396254413512505,21,0.030468769234939172
1171,3,0.48105331429792464,0.08252471160204584,21,0.018008368458132168
1171,4,0.4738986615586023,0.13131165321895275,21,0.028654551928840127
1171,5,0.5162396131482061,0.07693314106067124,20,0.017202773313424118
1172,1,0.3967638041593525,0.2163322565980312,19,0.049630023407312006
1172,2,0.46594602483286574,0.11146705944818491,21,0.024324106543592853
1172,3,0.4878830293029377,0.08446181976313778,21,0.018431080114204572
1172,4,0.4979935928668745,0.07030334522249637,21,0.015341447670985794
1172,5,0.5010486827146066,0.04970869355263799,21,0.01084732623344414
1173,1,0.4594182146683867,0.19264728769023703,18,0.045407401167654106
1173,2,0.47231951964628166,0.14612082903502907,21,0.03188617903155818
1173,3,0.46773764886514285,0.08743567541238798,21,0.019080028619850337
1173,4,0.5190048966869407,0.07021836484217887,21,0.015322903431681457
1173,5,0.5362628545904796,0.14026783351223718,21,0.030608950697013828
1174,1,0.40106953701888076,0.2091709777634751,19,0.04798711336803059
1174,2,0.4605765111554415,0.1182719863477199,21,0.025809063334819533
1174,3,0.5115520237406511,0.08729717089850049,21,0.019049804457041648
1174,4,0.5100500154360711,0.10160726345290726,21,0.022172522663346076
1174,5,0.5102039225149955,0.1468093363009516,21,0.03203642363453995
1175,1,0.44303499195869284,0.1852106796889499,18,0.04365457585207535
1175,2,0.47552743967566563,0.11795010447347137,21,0.025738822951315812
1175,3,0.5023742103636374,0.07926070845890958,21,0.017296104578513324
1175,4,0.49679574814367716,0.09072751941049302,21,0.019798367872102835
1175,5,0.5367143548640354,0.08548814601762841,21,0.018655042864153325
1176,1,0.4338314581662836,0.20954837335166018,19,0.048073693853853586
1176,2,0.47385596878792946,0.12701946713381268,21,0.027717920136840577
1176,3,0.4806691966252937,0.07633940186631046,21,0.01665862321714385
1176,4,0.4922449538897292,0.09425141339329682,21,0.02056734458244559
1176,5,0.506152433092253,0.07286515794014763,21,0.015900481037411384
1177,1,0.38740871987839887,0.23205562545627537,19,0.05323721161284362
1177,2,0.44858896272833004,0.12184988922452968,21,0.026589825752066247
1177,3,0.4847152132155263,0.09226064641184865,21,0.020132923611802495
1177,4,0.49659448395389766,0.08695617756775983,21,0.01897539361182288
1177,5,0.5359307454570649,0.08892580094724427,21,0.019405200670253458
1178,1,0.4069600464885989,0.19890895770924774,19,0.0456328445062956
1178,2,0.4569113653979449,0.1147172270228824,21,0.02503335125465677
1178,3,0.4837354577222309,0.07650536203351949,21,0.016694838694695416
1178,4,0.5024110842631915,0.11566335181425015,21,0.02523981261052901
1178,5,0.5035446911451865,0.08730784424055194,20,0.019522627469083762
1179,1,0.4258102577568095,0.2046578395671953,19,0.046951728456671796
1179,2,0.4593370032237421,0.11048868604613438,21,0.024110607963934376
1179,3,0.4706448481833789,0.09054659149355239,21,0.019758886163783258
1179,4,0.505470363407189,0.08964129941289385,21,0.019561335235894598
1179,5,0.5135210091352063,0.09394729439850195,21,0.020500980377020764
1180,1,0.434252039629412,0.18883504374927945,19,0.04332173014222058
1180,2,0.46279690450530403,0.12255175822484003,21,0.02674298612453602
1180,3,0.4971679239630868,0.08644182529617604,21,0.018863152744279774
1180,4,0.512080406885532,0.0679446809646039,21,0.014826744932853457
1180,5,0.5254051567177915,0.1018454148620198,21,0.022224491561399343
1181,1,0.4228626066367229,0.21793206570579035,19,0.049997044787821375
1181,2,0.45964007662281275,0.1329600719880542,21,0.029014266394858858
1181,3,0.49534794184078246,0.09053207023487325,21,0.019755717365350724
1181,4,0.5036413651118884,0.07672935646316091,21,0.01674371828655638
1181,5,0.5230988326453032,0.08833371565193904,21,0.019275997066272196
1182,1,0.38347445202526775,0.2510935421296174,19,0.05760480923782498
1182,2,0.4531146050719641,0.13364113084449494,21,0.029162885621637893
1182,3,0.4801672621806682,0.08560426871869595,21,0.01868038291498879
1182,4,0.5218492486368541,0.07119830288211554,21,0.01553674344331843
1182,5,0.4934958476853424,0.0805224417136156,21,0.017571437347395864
1183,1,0.4300284658349084,0.2011857064133527,18,0.04741992576089586
1183,2,0.47705832197239306,0.1245463089906362,21,0.027178232784616643
1183,3,0.4787268001220557,0.08750711962469458,21,0.01909561902512946
1183,4,0.4917917057928241,0.06723967896631149,21,0.014672900884173926
1183,5,0.5366026335303017,0.07818348104079888,21,0.01706103428402884
1184,1,0.4183570746258301,0.23846004211578606,19,0.05470648556079812
1184,2,0.4604220051464784,0.140816805195069,21,0.030728746139440693
1184,3,0.47199096896893794,0.12705174562591634,21,0.027724963881287437
1184,4,0.5339095373109579,0.09363489343588252,21,0.020432808898050256
1184,5,0.5423646319187042,0.14301865294396116,21,0.031209228709824805
1185,1,0.3916952448731253,0.21702763659520088,19,0.049789554519681596
1185,2,0.4623388237415621,0.15498434627098226,21,0.03382035706285824
1185,3,0.48120428198475484,0.09728368743687707,21,0.02122904102685303
1185,4,0.5069519881011372,0.0886042145311512,21,0.019335024761005078
1185,5,0.5250393078009798,0.08515913589559965,21,0.018583246969457925
1186,1,0.3999942165050574,0.22127568191187935,19,0.05076412295352278
1186,2,0.4377937671737088,0.1432882184961346,21,0.031268052735900394
1186,3,0.47527278670494283,0.08181359978023321,21,0.01785319113665434
1186,4,0.4817906387075873,0.08034965465528963,21,0.01753373212006789
1186,5,0.5300590475683228,0.13640304523392655,21,0.02976558475271209
1187,1,0.42480427030103235,0.25992894323752935,20,0.058121878639879984
1187,2,0.4625727258754828,0.10744316869749017,21,0.023446021593436124
1187,3,0.48851379058726796,0.10767618588844084,21,0.023496870113234095
1187,4,0.4922974697581822,0.08676929898275436,21,0.018934613361272695
1187,5,0.5093008641955802,0.1593807708486745,21,0.03477973555878391
1188,1,0.3835237395987657,0.22542974514888664,19,0.05171713041958553
1188,2,0.45176983069573895,0.16135386256453468,21,0.03521029947026103
1188,3,0.4788978501951313,0.08802016231976287,21,0.019207574119648248
1188,4,0.5107032310282015,0.1345789423610883,21,0.029367532872227913
1188,5,0.5507759218502528,0.12511994932799128,21,0.02730341136878853
1189,1,0.41985309061086434,0.2240847938384664,19,0.05140857742768531
1189,2,0.4602753729774724,0.10178905601794976,21,0.02221219305335024
1189,3,0.470018016057334,0.07100583212110738,21,0.015494742879919112
1189,4,0.5034108962698457,0.09043212602895451,21,0.019733907751593824
1189,5,0.5293524535271233,0.08935406387541275,21,0.019498655302904674
1190,1,0.43434923923551766,0.21741625949471677,18,0.05124550380964278
1190,2,0.4406604729987938,0.1426297735779589,21,0.031124368275019482
1190,3,0.4649956890641497,0.08693863275566736,21,0.018971565019943473
1190,4,0.5029195003116494,0.06311993671423921,21,0.013773899421610638
1190,5,0.5344277263480012,0.058440932494349195,20,0.013067789772584115
1191,1,0.4338893782975066,0.185180346671998,19,0.04248328513016146
1191,2,0.47628995703379295,0.1194167860760253,21,0.02605887911627307
1191,3,0.49294232949127204,0.08585549279040006,21,0.018735204501892557
1191,4,0.4980304428238891,0.06864131892960909,21,0.014978763799835183
1191,5,0.48790242616471025,0.13738127471494052,21,0.029979051926225606
1192,1,0.39972477938570344,0.2047812343355664,19,0.04698003715801344
1192,2,0.44430306053903984,0.08490310540527246,21,0.018527376536022638
1192,3,0.4701192858829865,0.0717537114904628,21,0.015657943538050875
1192,4,0.519551036196791,0.09165646451070222,21,0.02000108031201555
1192,5,0.48546267123826814,0.1274558121829727,21,0.027813138432883196
1193,1,0.4060929992998692,0.228908725303975,19,0.05251526320498625
1193,2,0.49093498076617076,0.12408479698372765,21,0.02707752260815048
1193,3,0.51412974677071,0.07197320581341381,21,0.015705841126124023
1193,4,0.499115836903478,0.10518595537599501,21,0.02295345726460687
1193,5,0.4677601900195245,0.13080881195214983,21,0.0285448229684748
1194,1,0.38780292632836405,0.20597632537664678,19,0.04725420984624503
1194,2,0.4750834743115625,0.11468539142707987,21,0.02502640415810634
1194,3,0.4948231906451753,0.10366538881572755,21,0.022621642437861907
1194,4,0.538322031424965,0.12513874598787222,21,0.027307513136251235
1194,5,0.5117569769107803,0.09914311274071709,20,0.022169073958916888
1195,1,0.3743135099772126,0.24711546737412868,18,0.05824567423877648
1195,2,0.4200953193249893,0.13318078690987303,21,0.029062430339441767
1195,3,0.5150848092322377,0.10596504048187268,21,0.02312346757272578
1195,4,0.5064295013295838,0.10312743691420136,21,0.022504251708862423
1195,5,0.5192153595232181,0.08577123023987138,20,0.019179030133013798
1196,1,0.3935541097416296,0.23144187944497138,19,0.05309640862125019
1196,2,0.4301387601121408,0.13282770213772907,21,0.028985380925390054
1196,3,0.48380478921082926,0.08864791039871124,21,0.01934455998103606
1196,4,0.5055716532274438,0.07796680201435077,21,0.01701375104401895
1196,5,0.5140803560389026,0.1438877267692804,21,0.031398876166445294
1197,1,0.4437992557086048,0.20699453746423355,19,0.047487803719554626
1197,2,0.44544008647975886,0.13124744669171806,21,0.028640540915927593
1197,3,0.4704861069462159,0.1123270380515824,21,0.024511769260074347
1197,4,0.5225746469325602,0.08902550955932297,21,0.01942695887321963
1197,5,0.4954505313032104,0.0694274492575167,21,0.015150311501441712
1198,1,0.4286400308115613,0.2628664288314233,20,0.05877872038696731
1198,2,0.47359742518717285,0.1096569027341066,21,0.023929097964450165
1198,3,0.4622020663354687,0.08930258899558752,21,0.019487422563229058
1198,4,0.48932974678166047,0.08905420880090915,21,0.01943322156116994
1198,5,0.5191333306341684,0.09491026843017486,21,0.02071111853856447
1199,1,0.42358598792703894,0.18733788529790305,19,0.04297825843737755
1199,2,0.45755051432960864,0.13114918351863986,21,0.028619098133610573
1199,3,0.4662985613842746,0.078776675748921,21,0.017190479981734407
1199,4,0.49661277549199817,0.08933502768772947,21,0.01949450126619029
1199,5,0.5167880703143587,0.13350981950855417,21,0.02913423113894483
1200,1,0.39256441179178797,0.19955395664541803,18,0.047035318652193805
1200,2,0.4645044222605216,0.14902635280763227,21,0.032520216299246174
1200,3,0.48144539110478607,0.08368885621925942,21,0.0182624056404301
1200,4,0.5048359709099328,0.08130585048156223,21,0.017742391155929557
1200,5,0.5429034771842127,0.08688703975878306,20,0.019428532726436586
1201,1,0.394365218030329,0.2171260939694994,19,0.049812142190461255
1201,2,0.4603977149807097,0.14360662840014707,21,0.03133753547338424
1201,3,0.48739539957854233,0.10298312560556001,21,0.022472760399553513
1201,4,0.5331856434423144,0.0627162549956858,21,0.013685808848661073
1201,5,0.4834809580728696,0.1346905435913474,21,0.0293918862572428
1202,1,0.38080788909647023,0.2112688640152809,19,0.048468401482065576
1202,2,0.46425566674056057,0.14866584400605495,21,0.03244154682915447
1202,3,0.47780008958143244,0.10695111554003144,21,0.02333864679153152
1202,4,0.5222320237092946,0.06428386100003387,21,0.014027888523651184
1202,5,0.5522412740922066,0.13474134579667846,21,0.029402972207309475
1203,1,0.3992537192355748,0.22543683927104202,19,0.05171875792282598
1203,2,0.46186603928601583,0.1155848037727782,21,0.02522267202263683
1203,3,0.4959181820279491,0.07348632499672618,21,0.016036030801982057
1203,4,0.506410426931666,0.05891848910159695,21,0.012857068387642797
1203,5,0.5157988406503478,0.0699065361953103,21,0.015254856842246652
1204,1,0.4234903977267354,0.23171027926310633,19,0.05315798376249834
1204,2,0.4499349789503074,0.11471936438981194,21,0.025033817666358794
1204,3,0.46107393945462694,0.06935101833594905,21,0.015133632906988425
1204,4,0.4841803205103959,0.08579278973723564,21,0.018721521573919663
1204,5,0.5231274112623057,0.13951088353509558,21,0.030443770669987807
1205,1,0.4114700752601588,0.2045543625297277,19,0.046927989196182414
1205,2,0.4500438964979172,0.12144825590178764,21,0.02650218217572901
1205,3,0.4579639239287733,0.08043106479549918,21,0.01755149726910823
1205,4,0.5165313421045336,0.07415468466540993,21,0.016181878838801053
1205,5,0.5530334954441065,0.11490045824102034,21,0.025073335584504204
1206,1,0.4107409726453895,0.2277609879640948,19,0.05225195420086699
1206,2,0.45870817959207744,0.12219917563991423,21,0.026666046296719557
1206,3,0.48526099933320566,0.08590958284696343,21,0.01874700791991856
1206,4,0.49901041525016154,0.11108024870355279,21,0.024239697518978618
1206,5,0.5192471996503615,0.08517685067494801,21,0.01858711265123332
1207,1,0.4096916111767814,0.19223426181872108,19,0.0441015642502076
1207,2,0.4256805512116134,0.14727862185601334,21,0.03213883013828375
1207,3,0.49162822390193467,0.06771383951429655,21,0.014776371198588368
1207,4,0.5366950830054474,0.07781854050269782,21,0.01698139772974284
1207,5,0.5120402280499903,0.10074256838912986,21,0.021983830730831096
1208,1,0.36202878813627537,0.22846103810658566,19,0.05241255671805272
1208,2,0.4358396656989897,0.13700242255892683,21,0.029896379608028944
1208,3,0.5117132059088867,0.08830898424243844,21,0.01927060023026841
1208,4,0.4833579874829506,0.07134759096754646,21,0.015569320774358537
1208,5,0.5276980448997437,0.09202844226487497,21,0.020082252512745848
1209,1,0.3836683937244335,0.22609099718914044,19,0.051868832041673765
1209,2,0.475007655499651,0.12129807482504641,21,0.02646940997800917
1209,3,0.4917483439197416,0.06518946234380033,21,0.014225506938282778
1209,4,0.5071022542856053,0.08226028687964082,21,0.017950666253082705
1209,5,0.4922802043924517,0.14785200621122813,21,0.032263952862573046
1210,1,0.41943350236525,0.20385183425924386,19,0.04676681815744455
1210,2,0.46359732795341413,0.13851801791308557,21,0.030227109628664935
1210,3,0.47963626853567864,0.06306222006272935,21,0.01376130461568667
1210,4,0.48263821206954316,0.09861635634865282,21,0.02151985322516383
1210,5,0.502272411490483,0.08906354074547111,21,0.01943525795842405
1211,1,0.4230421386663683,0.1927560882011448,19,0.044221279432684356
1211,2,0.4347181326084593,0.1395752660839115,21,0.030457820093958428
1211,3,0.5069024967893929,0.06993292459398501,21,0.015260615262932153
1211,4,0.5006769968721964,0.09791941101172288,21,0.021367767284129167
1211,5,0.5116266084333881,0.08255954920924162,21,0.0180159706472753
1212,1,0.3875939413147416,0.2098814920230035,19,0.048150116518305794
1212,2,0.45832546253929524,0.13634757950130427,21,0.029753481137558862
1212,3,0.49263270753417504,0.08087676421283072,21,0.01764875685563773
1212,4,0.4784041341652344,0.07465511880216345,21,0.016291082520325476
1212,5,0.5272605584721463,0.12285238567741968,21,0.026808588412984974
1213,1,0.39479893718023734,0.20680580315914887,19,0.04744450510044707
1213,2,0.4534995378324139,0.1291609553146335,21,0.02818523116962461
1213,3,0.47279061804833056,0.08163618179309037,21,0.017814475357810115
1213,4,0.4856429033832935,0.09388219000952788,21,0.020486773434613737
1213,5,0.49340940811317774,0.1399338066825957,21,0.030536060066967245
1214,1,0.390410540307935,0.2409407390592603,19,0.055275596470595725
1214,2,0.4651782546254501,0.1336147278386917,21,0.02915712401341562
1214,3,0.47741788217205683,0.08085073451029856,21,0.017643076708867694
1214,4,0.4924777980755766,0.08499699004135977,21,0.018547863843235184
1214,5,0.5534057935098918,0.13590315423131888,21,0.02965649959277509
1215,1,0.44392720691080995,0.21021743945072704,19,0.04822718814397892
1215,2,0.4400844432262418,0.0901131984343506,21,0.01966431204476132
1215,3,0.5013901713624267,0.07164093648107446,21,0.01563333401343081
1215,4,0.4959603557468731,0.07669674811428591,21,0.016736602561460798
1215,5,0.44241500704997594,0.12579895289770124,21,0.027451582095233344
1216,1,0.4149530846110057,0.2110821282852938,19,0.048425561367530734
1216,2,0.4323956973933889,0.14308352245003472,21,0.03122338439658083
1216,3,0.46254598408163944,0.0750580096245066,21,0.01637900050557264
1216,4,0.5213587336665281,0.09962962855317099,21,0.02174096734786856
1216,5,0.48231038388709374,0.09130337999778855,21,0.019924030954532525
1217,1,0.41448773371008074,0.22483728645510462,19,0.05158121107356354
1217,2,0.42439270837289556,0.12439487739801688,21,0.02714518770196018
1217,3,0.48468537481078433,0.07164552861900021,21,0.01563433610008064
1217,4,0.5070874650155819,0.08223011608651011,21,0.017944082446258974
1217,5,0.512903519285928,0.08247020999509268,21,0.017996475232448378
1218,1,0.37086059930438064,0.2269806328125747,19,0.05207292845110133
1218,2,0.4459339010065764,0.13708087995527535,21,0.029913500415533527
1218,3,0.517602099536574,0.09357486460081503,21,0.020419709532308504
1218,4,0.5117153252815742,0.10036199929092757,21,0.02190078374513238
1218,5,0.5003715523894307,0.14378361683188728,21,0.03137615751555477
1219,1,0.3745061945173152,0.2363119058521408,19,0.054213669303419976
1219,2,0.450984781401766,0.15576622344811716,21,0.033990976650876296
1219,3,0.47916839561720564,0.10204861356662753,21,0.02226883315401753
1219,4,0.4958454401581993,0.09537455426167661,21,0.020812434013181245
1219,5,0.5098806599632537,0.14310725760038673,21,0.031228563831015077
1220,1,0.3842632485217479,0.23583359258220776,19,0.05410393671357826
1220,2,0.45818189118302366,0.13794189558874398,21,0.030101389430529257
1220,3,0.4753829552639167,0.10425630570296071,21,0.02275059107429875
1220,4,0.49642304457343656,0.08352758359654563,21,0.018227213068948672
1220,5,0.4991243481484795,0.12548057000593318,21,0.027382105252304487
1221,1,0.36551649674922165,0.2539890272527739,19,0.05826907908226523
1221,2,0.43753655905402555,0.13436540342782063,21,0.029320934856726998
1221,3,0.4741157154331822,0.08196404662293288,21,0.01788602132926093
1221,4,0.4946510702370302,0.07306949373120199,21,0.015945070762634968
1221,5,0.5004171897190112,0.07687003291105382,21,0.016774416404221466
1222,1,0.4255977977408135,0.19723004411439138,18,0.04648756721566936
1222,2,0.4365640293885635,0.1498085258433111,21,0.032690900448891495
1222,3,0.4913642540971929,0.0910954691002629,21,0.019878661077117405
1222,4,0.48953595025194996,0.08394375403206297,21,0.01831802890336586
1222,5,0.4861883599539851,0.12803930539912828,21,0.02794046709147968
1223,1,0.4093779373514449,0.24637527258846784,19,0.05652236396844304
1223,2,0.4531160332908327,0.13860625648077163,21,0.030246364862742833
1223,3,0.47995993373787954,0.08703480659720181,21,0.01899255187273901
1223,4,0.5178614173538152,0.1331655399275127,21,0.02905910317511863
1223,5,0.466306940185151,0.12642663656832046,21,0.027588553901571455
1224,1,0.3920081739487427,0.21836919517090092,19,0.05009732916485616
1224,2,0.45612363231417047,0.1405229029398486,21,0.030664611409370893
1224,3,0.49676882099735503,0.08895784927023088,21,0.019412194187681198
1224,4,0.5029693660342355,0.08443311643279085,21,0.018424816534013518
1224,5,0.5029056432249502,0.07582396438810117,21,0.016546145538100458
1225,1,0.42670938457844726,0.1974124553688866,19,0.04528952332364264
1225,2,0.4540268779323152,0.15365621561979373,21,0.03353053519419813
1225,3,0.4944216379226762,0.0906249249646216,21,0.019775979928574845
1225,4,0.48232724695358076,0.08079948547398355,21,0.017631893252286403
1225,5,0.4684095571683685,0.08714656418277915,21,0.019016939377281567
1226,1,0.40052596132320584,0.2148608318215469,19,0.049292455412379525
1226,2,0.42798075603563557,0.1337168959634825,21,0.029179418926056837
1226,3,0.446414541910072,0.08349590743200372,21,0.018220300763151568
1226,4,0.5279193850755087,0.09728060794850772,21,0.021228369027398067
1226,5,0.5107080110219135,0.09305500437051681,21,0.02030626672963523
1227,1,0.39506404526949224,0.21172727492175047,19,0.04857356815658757
1227,2,0.47063105307878383,0.12062780261965705,21,0.02632314459146528
1227,3,0.46707586410724505,0.06564258781832638,21,0.014324387023346038
1227,4,0.47969457980752883,0.07517663152758182,21,0.016404885926997494
1227,5,0.532985707205152,0.14589274716215506,21,0.031836407486458544
1228,1,0.39264660393556655,0.23390804869949536,19,0.053662186650625825
1228,2,0.451957455390382,0.13763950168780575,21,0.030035401671446284
1228,3,0.486711411565642,0.07231354056432097,21,0.01578010825744098
1228,4,0.49255663435510233,0.08388313869270497,21,0.01830480155189522
1228,5,0.5595108003022522,0.13264480958964323,21,0.028945470499406874
1229,1,0.38449926684159363,0.2191581015654712,19,0.05027831670432168
1229,2,0.4320402520152036,0.13490680613730247,21,0.029439078613758173
1229,3,0.47787364469517746,0.08650439500925892,21,0.01887680657506139
1229,4,0.5017523157514181,0.07282125249181745,21,0.015890900083106906
1229,5,0.5297120514166304,0.12099266792088477,21,0.026402764727719512
1230,1,0.3662375118287128,0.21316830183734042,19,0.04890416240395487
1230,2,0.46306606222489033,0.1572486721631207,21,0.03431447348184742
1230,3,0.45873760224956833,0.09282173064240933,21,0.02025536222884013
1230,4,0.5108770031356944,0.08107636876463234,21,0.01769231413981338
1230,5,0.5136648355660051,0.10171539989624442,21,0.022196119969868738
1231,1,0.41240619692039443,0.19724668519167662,19,0.045251493036784156
1231,2,0.4375983341172688,0.1397953884293776,21,0.030505854727779842
1231,3,0.494403074453125,0.06981584825055116,21,0.015235067110271476
1231,4,0.502987328620185,0.0831290787133646,21,0.018140252174092167
1231,5,0.5102884333837215,0.10178049735218377,21,0.022210325399363552
1232,1,0.40132712261035414,0.1980588187333771,19,0.04543780924925427
1232,2,0.45604502941754327,0.13823973113374882,21,0.030166382474797502
1232,3,0.46256501973762604,0.08503954028972212,21,0.018557149068661835
1232,4,0.46256959595959607,0.07594541864402621,21,0.0165726490295886
1232,5,0.5565552632799555,0.12345357090323877,21,0.02693977778460426
1233,1,0.4282907868693947,0.2529907079339383,20,0.05657044206160814
1233,2,0.4417360106979294,0.10700179031965745,21,0.023349704935029685
1233,3,0.48392844040380883,0.08659774720937302,21,0.01889717769521918
1233,4,0.49364318401228474,0.07444004824500794,21,0.01624415027709112
1233,5,0.5106521034253739,0.08186673742554451,21,0.017864786721506282
1234,1,0.39637400609732176,0.21748727912233723,18,0.05126224329640537
1234,2,0.4202632795959628,0.14338850794767805,21,0.03128993768842913
1234,3,0.4901315339344372,0.09120547892026401,21,0.01990266718794329
1234,4,0.4759623605678878,0.10106653355680646,21,0.022054525726231435
1234,5,0.5069254136098953,0.15232764439172136,21,0.033240617183779936
1235,1,0.4145151014444376,0.2069521911027393,19,0.047478088797955675
1235,2,0.4535787053043687,0.13331203186167928,21,0.02909107033592905
1235,3,0.5101727624078572,0.09419738508212265,21,0.020555554638368147
1235,4,0.5075082636759747,0.0826745804106738,21,0.018041072513363142
1235,5,0.5192998982208318,0.09165921796782074,20,0.020495624214051728
1236,1,0.4001765636084927,0.2077366224129892,20,0.04645132091316503
1236,2,0.424611749978864,0.10373404062211136,21,0.022636623490211873
1236,3,0.48046678080182126,0.07218406837714342,21,0.015751855109910853
1236,4,0.49120234953816294,0.08411059218689136,21,0.01835443597352338
1236,5,0.49836872955729594,0.1388990033718504,21,0.030310247471687188
1237,1,0.39773061642437113,0.2218632559494607,20,0.04961013220124288
1237,2,0.44187684526524657,0.11776176921422071,21,0.025697724828385084
1237,3,0.48660649841645726,0.0811410702545012,21,0.01770643316242769
1237,4,0.5149335478139064,0.09025732994554331,21,0.01969576411905032
1237,5,0.4701517029549085,0.12954125241331246,21,0.028268218800161202
1238,1,0.3914643736180338,0.19064272811768906,19,0.043736441378205614
1238,2,0.46876167018394405,0.10481278219835664,21,0.02287202420108997
1238,3,0.5059363890462849,0.08670740264942818,21,0.018921106474000915
1238,4,0.48908392127795447,0.10986211421089326,21,0.023973878779966765
1238,5,0.4749211613248083,0.13358851939015412,21,0.02915140486106939
1239,1,0.4253432731871138,0.1903479796144011,18,0.044865449056833914
1239,2,0.4389994737293166,0.12344575755696767,21,0.0269380727726653
1239,3,0.4943100559323324,0.08454366255886141,21,0.018448939676418398
1239,4,0.48414637363465485,0.0709415994628469,21,0.01548072616474926
1239,5,0.5181005386449842,0.11021685367354356,21,0.024051289277089764
1240,1,0.391359361627396,0.21783721174064283,19,0.04997528379579652
1240,2,0.45357910045162353,0.14416876245263935,21,0.031460203180348915
1240,3,0.4799435059987126,0.0959823549176191,21,0.02094506699000507
1240,4,0.48379890347494614,0.09709047431307732,21,0.021186878466611547
1240,5,0.48734654752644646,0.13854402402503221,21,0.030232784627547173
1241,1,0.4425410812337384,0.18906947874491778,18,0.044564103511979064
1241,2,0.4478580812143579,0.14949284486919528,21,0.032622013212732295
1241,3,0.4585832250118702,0.09363538161399469,21,0.020432915427247955
1241,4,0.5004148131427633,0.09299803620016703,21,0.020293835255690895
1241,5,0.4833393753110327,0.1444256765289911,21,0.03151626642806232
1242,1,0.398799766977898,0.2084191559811004,19,0.047814633622087224
1242,2,0.4616194876436803,0.12164576045833339,21,0.026545281203370418
1242,3,0.4837338098485367,0.09823648840416493,21,0.021436959243749405
1242,4,0.5169884526597279,0.06368723783325553,21,0.013897694674930896
1242,5,0.49656908132969285,0.1300659120626206,21,0.02838270892192518
1243,1,0.4110269000823193,0.21682215127108537,19,0.04974241295325
1243,2,0.45539085248762656,0.1092946051166119,21,0.02385003814272295
1243,3,0.46808159844452857,0.09250498078370208,21,0.020186241742940484
1243,4,0.4763020245104203,0.07828687002097508,21,0.01708359560915654
1243,5,0.4974930035415913,0.09110113992936593,21,0.019879898553480158
1244,1,0.39087675343911155,0.23216123214364026,19,0.05326143944852708
1244,2,0.4496960107633744,0.13219784061149045,21,0.028847933871993442
1244,3,0.4894527053722984,0.07151377254886791,21,0.015605584568430584
1244,4,0.507906039085897,0.07953429953558884,21,0.017355807046053665
1244,5,0.5098273227939097,0.08496211346375492,21,0.018540253150051603
1245,1,0.39189185362774676,0.2203544259519493,19,0.050552772341392806
1245,2,0.4442533310090142,0.12389899606441707,21,0.027036977523534615
1245,3,0.4846943940527923,0.07215074994741914,21,0.015744584432470444
1245,4,0.5014037021764723,0.0949217178261043,21,0.02071361700158867
1245,5,0.5247067304593143,0.08095588334205009,21,0.017666022065093292
1246,1,0.4156922761726245,0.16436421558652056,18,0.038741017141878775
1246,2,0.43157448969676726,0.1429886839218118,21,0.031202688933038937
1246,3,0.4972693306204517,0.09247222044876435,21,0.02017909285176695
1246,4,0.5263369124252039,0.07342843095002463,21,0.01602339728525362
1246,5,0.48099780337267867,0.14765876337791112,21,0.03222178381918338
1247,1,0.40929555709915794,0.19016484692198665,19,0.0436268079129906
1247,2,0.46050600679484366,0.14744320476897693,21,0.032174745074319555
1247,3,0.469738544891133,0.07834326272134301,21,0.017095901505255542
1247,4,0.5341829539275809,0.05419756438879863,21,0.01182687815685299
1247,5,0.49099392614153875,0.13347282572100824,21,0.029126158432674718
1248,1,0.3959055663063781,0.2107016915737845,19,0.04833828320016852
1248,2,0.46932051130784497,0.13832679674644666,21,0.030185381749112526
1248,3,0.4839167695437669,0.061276907321218634,21,0.013371717435822767
1248,4,0.4873345771565867,0.06940652720462913,21,0.015145745935201179
1248,5,0.49557812543308843,0.09180700413339314,21,0.020033930750876085
1249,1,0.4425050123249997,0.18976539959341954,18,0.04472813362902729
1249,2,0.43639622228747316,0.11624551125246117,21,0.02536685021491639
1249,3,0.46667456212597536,0.095352312544962,21,0.020807580472684557
1249,4,0.5128178483074689,0.07688842182283503,21,0.016778429193754097
1249,5,0.5278682538048345,0.08084157559032457,21,0.017641078068674126
1250,1,0.39008347864087733,0.19759007734957895,19,0.045330272600694714
1250,2,0.45601817840504405,0.11063097281118156,21,0.024141657481611477
1250,3,0.47778897171248985,0.05379692273403773,21,0.01173945098021041
1250,4,0.498959868570672,0.0698035594793278,21,0.01523238548054152
1250,5,0.5469450237053024,0.1399563059115918,21,0.030540969801250713
1251,1,0.4172842175703104,0.22344702561548188,19,0.05126226336276998
1251,2,0.4502212023630279,0.15316216369747768,21,0.03342272422604328
1251,3,0.46463940441424384,0.07514077014062694,21,0.016397060330795264
1251,4,0.5063540314992748,0.10253024124669936,21,0.02237393293024206
1251,5,0.5020652707073119,0.0764018105851009,21,0.016672241916090628
1252,1,0.3985733402931295,0.22290023983956153,19,0.051136822102717236
1252,2,0.44877446604433113,0.12822033067331162,21,0.027979970044891365
1252,3,0.4705505941148675,0.08616492436496305,21,0.01880272800726609
1252,4,0.4927071949047107,0.06866648237491361,21,0.014984254913780606
1252,5,0.4881578664308076,0.14410691089692718,21,0.03144670606435359
1253,1,0.410252981496976,0.2228033401283006,19,0.051114591784346464
1253,2,0.4371549724729475,0.12033894998572187,21,0.026260111779098833
1253,3,0.4700297349148507,0.08360999115365716,21,0.018245195872201053
1253,4,0.49945623191761357,0.05612053754124356,21,0.012246505301159978
1253,5,0.5286748861912232,0.1320652880742033,21,0.02881900853696121
1254,1,0.4078035666154699,0.19583248068796152,19,0.044927052272721306
1254,2,0.46240155887858836,0.11918828755710575,21,0.0260090166515524
1254,3,0.49521981035284446,0.0899306433793652,21,0.01962447526581049
1254,4,0.4771666870154623,0.08314138261293526,21,0.018142937105098154
1254,5,0.521098856334816,0.14225530844384585,21,0.031042653283486394
1255,1,0.4181435595090039,0.18669606621303286,19,0.042831015041009925
1255,2,0.440671503115698,0.14392116468781832,21,0.03140617291848252
1255,3,0.4757801613390513,0.0731224847262464,21,0.015956634345775066
1255,4,0.4954483131437446,0.08437058640322218,21,0.01841117136288465
1255,5,0.547375769211186,0.13925663393285145,21,0.030388288858192752
1256,1,0.38989909434290076,0.20986088900171668,19,0.04814538986105733
1256,2,0.4598031716328663,0.12703488921550124,21,0.027721285510969702
1256,3,0.481863708234761,0.08811982327239758,21,0.019229321922471104
1256,4,0.48356507913487934,0.0700084636918666,21,0.015277099245502204
1256,5,0.5109565887608718,0.1511073769011486,21,0.03297433298646357
1257,1,0.39535926266323435,0.20849298093899216,18,0.04914226688391966
1257,2,0.4483384502358181,0.11757233521256849,21,0.025656386940205573
1257,3,0.4954453596316508,0.09575828887450626,21,0.020896171770803457
1257,4,0.532223699911628,0.08997437616340961,21,0.01963401854167881
1257,5,0.5397360657608111,0.14582613650335882,21,0.0318218718490288
1258,1,0.42789822113634335,0.2248597623615098,19,0.05158636740012589
1258,2,0.46856342310992316,0.13785075800582355,21,0.030081501579463155
1258,3,0.4918112008464072,0.09117980229339259,21,0.019897064088599033
1258,4,0.49690383783053305,0.09337230870401923,21,0.020375508211854867
1258,5,0.47298316761500214,0.1581937155683679,21,0.03452069885992191
1259,1,0.3988100835165115,0.19664092697408522,19,0.0451125225707473
1259,2,0.4387635882771491,0.13865092761838546,21,0.030256112904147363
1259,3,0.47457591171921476,0.1006255301580631,21,0.021958290894970756
1259,4,0.47624998829766385,0.07652776688478331,21,0.01669972783406926
1259,5,0.5126950662901674,0.07716146992291319,21,0.0168380131740861
1260,1,0.4221031815074956,0.1938123745315146,19,0.04446360813634359
1260,2,0.45585660829837416,0.12066721567287973,21,0.02633174522478729
1260,3,0.4895992134018397,0.08996426785543983,21,0.019631812728039787
1260,4,0.49100615858925895,0.07446813131028762,21,0.016250278504347813
1260,5,0.49928483415804703,0.14622934216726324,21,0.03190985853833722
1261,1,0.4036352123807994,0.18982739663699802,19,0.0435493915082151
1261,2,0.47359092350400234,0.09302376178016293,21,0.020299449037482698
1261,3,0.47521458755668294,0.0734739990142521,21,0.016033341052091477
1261,4,0.4821741207897454,0.09381898805259596,21,0.020472981636913266
1261,5,0.48539490837047855,0.15145063982102644,21,0.03304923909663557
1262,1,0.43014243418330816,0.21713607411446553,19,0.049814431792742794
1262,2,0.4507369101920314,0.1309247041833802,21,0.028570112726668633
1262,3,0.48689746439420906,0.07069562526531162,21,0.01542705019431062
1262,4,0.5156000513012997,0.08069965691244381,21,0.017610108874201908
1262,5,0.47603405710300334,0.14879838022266045,21,0.03247046860272198
1263,1,0.3829855318183135,0.2136241141812172,19,0.04900873292733262
1263,2,0.4442066579378079,0.1222885843432651,21,0.02668555687533352
1263,3,0.5059491689913344,0.1094516033231046,21,0.02388429796011462
1263,4,0.49501622820821833,0.09811468114090248,21,0.02141037871974485
1263,5,0.5099621195449799,0.10623987799535596,20,0.02375595891189
1264,1,0.43766851265512907,0.19167464961737188,18,0.04517814817533305
1264,2,0.43621130347652487,0.13717015680787065,21,0.029932982221953782
1264,3,0.5089211464512111,0.09866461184252978,21,0.021530383437229957
1264,4,0.500593450663134,0.09263482980486583,21,0.02021457712238805
1264,5,0.4726963689143058,0.08363899665997783,21,0.018251525392595575
1265,1,0.420252538938572,0.21286170611353306,19,0.048833824520976024
1265,2,0.4454797738880864,0.1484671566343112,21,0.03239818969007601
1265,3,0.4636663613689928,0.08058996226322117,21,0.017586171539278366
1265,4,0.4985318460005168,0.07062363098233143,21,0.015411339753769631
1265,5,0.5346538551837794,0.1356763733161181,21,0.029607011939914184
1266,1,0.43169222191983414,0.20791809887604285,19,0.04769968323861939
1266,2,0.4277605268221514,0.1358821316226442,21,0.029651912083462843
1266,3,0.4820770956343824,0.08028008273824268,21,0.017518550283110227
1266,4,0.4970606908519504,0.05498292655260742,21,0.011998258231310517
1266,5,0.4956502852501278,0.10920338380841117,21,0.023830132021302818
1267,1,0.4132974783549868,0.1895398450527974,19,0.04348342265050008
1267,2,0.45273000733286284,0.1262045149835105,21,0.027540082997958355
1267,3,0.4783116679298732,0.08940753569574326,21,0.019510323810724275
1267,4,0.506560334298931,0.08070781394719755,21,0.017611888885116448
1267,5,0.496015660851812,0.06253036384704141,21,0.01364524407439035
1268,1,0.3772986063203903,0.2343731582956604,20,0.05240743140504154
1268,2,0.46658740869572296,0.12162700698770144,21,0.026541188860574515
1268,3,0.46004725155902626,0.06744060444439674,21,0.014716746418096349
1268,4,0.483876738856042,0.08619724456695209,21,0.01880978085355614
1268,5,0.5074656035001341,0.09035304683003646,21,0.019716651255644375
1269,1,0.3760164934881074,0.22515132470998675,19,0.051653256390270755
1269,2,0.4556569901615578,0.14075130173711473,21,0.030714452113042745
1269,3,0.48158109313719855,0.10806393151750754,21,0.02358148314635726
1269,4,0.5013620214173867,0.09361753795822404,21,0.020429021622331584
1269,5,0.5090127648665594,0.13169036733972694,21,0.028737194125278052
1270,1,0.3957038142781504,0.21115033049156856,19,0.04844120802673485
1270,2,0.4615071772801416,0.13467613436466178,21,0.029388741906195528
1270,3,0.4759692146323408,0.09188534498285592,21,0.020051026125765148
1270,4,0.48911003607330544,0.07997484313097293,21,0.01745194153999536
1270,5,0.499782865127552,0.10166393563077934,21,0.022184889546436402
1271,1,0.41828593120942537,0.23036745340373155,19,0.05284991838250951
1271,2,0.43734050961760845,0.1421256531589815,21,0.031014360180765352
1271,3,0.4532798483945631,0.07209749480291455,21,0.01573296320719244
1271,4,0.5087938974525344,0.0797913483802865,21,0.017411899702631187
1271,5,0.5226544119861837,0.09355056678327772,21,0.020414407313828174
1272,1,0.4249678469024128,0.1721009957017727,19,0.039482676228776575
1272,2,0.453831937800416,0.15439148603515912,21,0.03369098435299211
1272,3,0.4779764928738267,0.09252369432294853,21,0.020190325371993695
1272,4,0.5216980732775243,0.08238077504494534,21,0.017976958926313864
1272,5,0.5099973261988294,0.09497204215153644,21,0.020724598669712022
1273,1,0.4018462088299852,0.21240683088239687,19,0.04872946898600537
1273,2,0.47802560908632263,0.15809592621055318,21,0.034499359472572044
1273,3,0.465675895914153,0.09139360141523399,21,0.01994371888190157
1273,4,0.529417665116533,0.08960363415287653,21,0.01955311600231843
1273,5,0.5078375422406914,0.07632817066914653,21,0.016656172368993912
1274,1,0.4206029430648159,0.19999814937615942,19,0.04588272221188584
1274,2,0.4637242529488037,0.14072260955390184,21,0.030708190965355767
1274,3,0.4634327763506235,0.09999375602727399,21,0.02182042647704428
1274,4,0.474339757965411,0.08390734759803165,21,0.01831008436814053
1274,5,0.5239853672229493,0.09984284872474736,21,0.02178749580386571
1275,1,0.3984082650678001,0.20643741321741282,19,0.047359990651613164
1275,2,0.4447528603994063,0.1507798746520663,21,0.032902866136621294
1275,3,0.49611111617437526,0.07106467756426758,21,0.015507584008375534
1275,4,0.4875563102722137,0.07536768283893658,21,0.01644657674108815
1275,5,0.5042594129841517,0.13694220010798475,21,0.02988323799183952
1276,1,0.4273649163440634,0.20128641866794972,19,0.04617827145688482
1276,2,0.48673667444878355,0.1049494984271104,21,0.022901858128089633
1276,3,0.4594282067542201,0.05949704994604614,21,0.012983320714491653
1276,4,0.4841998271775303,0.07113148521171292,21,0.015522162632252685
1276,5,0.49182295846868823,0.09434605521044472,21,0.020587997120111702
1277,1,0.4220502348757565,0.2118669037385817,19,0.04860560120407038
1277,2,0.4495235532259465,0.15588330722561325,21,0.03401652642578235
1277,3,0.47331697734964967,0.07265935389275463,21,0.015855570912387255
1277,4,0.4861689070902989,0.07787170737125175,21,0.016992999691629134
1277,5,0.5063602277645426,0.06686718717975121,21,0.014591616512380506
1278,1,0.3878415004815409,0.22957795586948063,19,0.05266879522630034
1278,2,0.48497835427701796,0.13080112440321573,21,0.028543145407765317
1278,3,0.45157681484573553,0.07813060104907907,21,0.01704949492380005
1278,4,0.4969203327054913,0.07480134383356433,21,0.01632299143817747
1278,5,0.5463657692918501,0.1486610279428519,21,0.03244049587800305
1279,1,0.41390563728481666,0.21608045671872836,19,0.04957225655321322
1279,2,0.4635059981508166,0.13937195802714647,21,0.030413454638743186
1279,3,0.4732966507648626,0.08137098547468492,21,0.017756604776709324
1279,4,0.4873799781322906,0.07984688579486372,21,0.01742401896006939
1279,5,0.5240370907064471,0.10177957809292247,21,0.02221012480054697
1280,1,0.39891666721838953,0.21534141885201766,19,0.04940270963866365
1280,2,0.4435246492977482,0.14534885040155707,21,0.03171771948285466
1280,3,0.47729342901643873,0.05721791080559754,21,0.012485971779708687
1280,4,0.49661529779506397,0.07950772223561775,21,0.017350007403725807
1280,5,0.5297858721971156,0.08479119114900677,21,0.01850295484313301
1281,1,0.3945798366607695,0.23417119895346036,19,0.05372255745925743
1281,2,0.43685428905598095,0.12693229339521733,21,0.02769889726752032
1281,3,0.48020838441059344,0.07787608189806813,21,0.016993954291641786
1281,4,0.531839317960005,0.09004802121793419,21,0.019650089210103475
1281,5,0.5249226054562084,0.13320008807538034,21,0.029066642199057864
1282,1,0.41680290156503363,0.22174825548846133,19,0.05087253876740218
1282,2,0.452372240274798,0.14367831252861135,21,0.03135317823266112
1282,3,0.47096841150125934,0.06654916966340071,21,0.014522219400904412
1282,4,0.48283588618424456,0.10852411899394401,21,0.02368190428657825
1282,5,0.5253395000798915,0.07649786216364543,21,0.016693202088914453
1283,1,0.38860000674265044,0.2007316880056195,19,0.04605100751488583
1283,2,0.4587571197434733,0.12593072583230314,21,0.027480337307012378
1283,3,0.5035227132414423,0.0764145554814624,21,0.016675023080485914
1283,4,0.5205380655187477,0.09450313260976669,21,0.0206222742187955
1283,5,0.5226584075875437,0.12729305971703533,21,0.02777762293313564
1284,1,0.38800905336659847,0.19491693832536852,19,0.044717012449717444
1284,2,0.4671766161800874,0.16127871799645951,21,0.03519390158115297
1284,3,0.4516477538196466,0.07985289694377687,21,0.017425330700303113
1284,4,0.49844171717267555,0.09560951213964068,21,0.020863706025604892
1284,5,0.5219731747397885,0.1387370246015898,21,0.030274900806177896
1285,1,0.4172544863187437,0.20563165325358748,18,0.0484678454807375
1285,2,0.449210782336662,0.13979759222593133,21,0.030506335635614307
1285,3,0.4885478879080603,0.05807015146617394,21,0.012671945938632998
1285,4,0.49607977360707334,0.08630252623541212,21,0.018832755197128015
1285,5,0.5553162570758774,0.12831448852489472,21,0.02800051697261298
1286,1,0.40719218773327,0.22361659160710312,19,0.05130116446917726
1286,2,0.4415207713903573,0.13459251949575746,21,0.029370495645910866
1286,3,0.5021706670406606,0.0903918984099517,21,0.019725129365445813
1286,4,0.48275202469914785,0.09572382315882455,21,0.02088865073504192
1286,5,0.49514361235524396,0.13137336819926926,21,0.028668019241640752
1287,1,0.4101186537034414,0.18712520673298988,19,0.04292946662832946
1287,2,0.4511909217552539,0.1424789073655461,21,0.031091446568438867
1287,3,0.48998985037786447,0.0924684079184732,21,0.020178260889450354
1287,4,0.4819885360031647,0.08396992467780605,21,0.018323739806466028
1287,5,0.528331372788162,0.1239376857281136,21,0.027045420300320415
1288,1,0.38954691933728425,0.2395392752584095,19,0.05495407862423051
1288,2,0.46720232898504654,0.13136165594354351,21,0.028665463417906375
1288,3,0.48025722030900997,0.08139153003037336,21,0.01776108796630749
1288,4,0.534046427247145,0.07890959171478504,21,0.017219484623383935
1288,5,0.5340037421141067,0.1397181244544531,21,0.030488994346180572
1289,1,0.4284943389435259,0.183119782412314,19,0.042010559268338604
1289,2,0.46147242506432995,0.11251152579313806,21,0.024552027785811028
1289,3,0.47348397658432356,0.11317239692476105,21,0.02469624168987167
1289,4,0.5232147522769514,0.07711817889111408,21,0.01682856629646076
1289,5,0.5404701272128174,0.1410408632595034,21,0.030777639617551925
1290,1,0.44658390779375406,0.2008181322288373,18,0.04733328769474254
1290,2,0.4384919384413014,0.1273369123467238,21,0.02778719236146756
1290,3,0.4774224337236884,0.07107760764037023,21,0.015510405582303245
1290,4,0.4991950165896663,0.09477157675343945,21,0.020680853533473976
1290,5,0.516943349584057,0.09222730806857321,21,0.020125648588868963
1291,1,0.4157696691279835,0.21250242030050598,19,0.048751398702511134
1291,2,0.45525064998574893,0.10337865197672898,21,0.022559071329802702
1291,3,0.5185332960827834,0.06047878927857731,21,0.013197553800398297
1291,4,0.49285633118283795,0.06734110279555715,21,0.01469503337821157
1291,5,0.4511513058644792,0.12828569460053063,21,0.027994233623186635
1292,1,0.43194711497360916,0.21284218965713658,19,0.04882934713880928
1292,2,0.4501261951894885,0.1270773753319735,21,0.0277305567416706
1292,3,0.4880990395388776,0.09043812066278317,21,0.019735215887940652
1292,4,0.5005300386062178,0.08720282358291556,21,0.019029216184885275
1292,5,0.46148092487594217,0.10507255123562165,21,0.02292871045235057
1293,1,0.38609587527663536,0.23781475500512508,20,0.0531769958243918
1293,2,0.47285645681957283,0.1211077278321482,21,0.026427872858806156
1293,3,0.4844622848453003,0.08359344096606933,21,0.018241584325182626
1293,4,0.4898605828939874,0.06744646428786338,21,0.014718025140774752
1293,5,0.4823891422589908,0.12179869529793312,21,0.026578654321411453
1294,1,0.3975892486625505,0.25433995230685963,20,0.05687214227521926
1294,2,0.4312630854847508,0.1471321965202603,21,0.03210687751043862
1294,3,0.47509337552082204,0.08480159233559215,21,0.01850522456812562
1294,4,0.504291541137431,0.08354998129732126,21,0.018232100647958067
1294,5,0.5264228693122766,0.10225055375716821,21,0.022312900116351172
1295,1,0.41883448142722995,0.23730990486033054,19,0.05444262597828592
1295,2,0.47833629434589336,0.1278012964454706,21,0.02788852927975523
1295,3,0.45036870103713883,0.0689224625843282,21,0.015040114375021224
1295,4,0.5183440765262447,0.09732379286581766,21,0.021237792748943458
1295,5,0.504923895735794,0.07162159593480294,21,0.015629113560227427
1296,1,0.41992286785161215,0.2200217973324612,20,0.04919836953670651
1296,2,0.4499891666034624,0.12841944020115278,21,0.028023419305982747
1296,3,0.49211996808118724,0.0661232280258378,21,0.014429271315391769
1296,4,0.5026450513334918,0.08561852114195354,21,0.01868349304872281
1296,5,0.5098809375299902,0.09975028241607803,21,0.021767296179280957
1297,1,0.4012142858295114,0.19525450029438238,19,0.04479445447656555
1297,2,0.4593132153917034,0.1299069337936301,21,0.028348017019472704
1297,3,0.46404101544016063,0.10945111764820362,21,0.023884191977162385
1297,4,0.5030940427160624,0.0699777058763849,21,0.015270387339899518
1297,5,0.5068396649010577,0.08363478558400558,21,0.018250606460481288
1298,1,0.388919013921679,0.22476091317202387,19,0.051563689840777464
1298,2,0.43477446741363646,0.11987809335054417,21,0.026159544616469098
1298,3,0.5008888672653221,0.09581687064772453,21,0.02090895536176143
1298,4,0.5118215832779502,0.06742854577814668,21,0.0147141150013882
1298,5,0.5164559240748456,0.11024929899131532,21,0.02405836942588195
1299,1,0.4056309567477867,0.20793988925881185,19,0.04770468229527366
1299,2,0.44961904235790323,0.1393438536952136,21,0.030407321770722303
1299,3,0.4823905829701844,0.07889340369772053,21,0.017215952108453017
1299,4,0.4971130794677932,0.06729323908249331,21,0.014684588659727918
1299,5,0.5367142675844467,0.07491305451484104,20,0.01675106822973321
1300,1,0.4234121369583243,0.2076390604704998,19,0.04763566743803366
1300,2,0.46407576849663956,0.1254577608001555,21,0.02737712787554172
1300,3,0.48781974869678896,0.0703007409571125,21,0.01534087937368811
1300,4,0.49645545880969794,0.08019306856782141,21,0.017499562234420264
1300,5,0.5303474728461635,0.13585043604714245,21,0.029644995541847033
1301,1,0.4011814226323966,0.24471219002655314,19,0.05614082666201405
1301,2,0.4561351852109553,0.12128068868325637,21,0.0264656160108284
1301,3,0.5067371988707048,0.0892861073983532,21,0.019483825983852867
1301,4,0.5095912858890076,0.08114972545381131,21,0.017708321881760716
1301,5,0.48666279749583746,0.0737528202479427,21,0.016094184833460437
1302,1,0.4188801716373021,0.2151921895165345,19,0.049368474081148764
1302,2,0.4379126218730637,0.1386995738882139,21,0.03026672839051718
1302,3,0.49990402002670153,0.07534724904010409,21,0.01644211772061742
1302,4,0.49375475673099056,0.06638357212792366,21,0.014486083056084328
1302,5,0.5156590758580631,0.1754280532922723,21,0.0382815396776469
1303,1,0.40501554116666033,0.21695080767316924,20,0.048511675373068934
1303,2,0.4616796322709239,0.12217125838245135,21,0.026659954251694835
1303,3,0.5010034928111023,0.10103986635178737,21,0.022048706465013678
1303,4,0.4858477787482459,0.07561600428466883,21,0.016500764923076193
1303,5,0.5145481702990501,0.13900015337163502,21,0.030332320211237558
1304,1,0.3883788265209406,0.2345932751335591,20,0.05245665102629492
1304,2,0.4606704510882506,0.12579916514530384,21,0.027451628411457395
1304,3,0.4750210929513648,0.09864667126207718,21,0.021526468481613985
1304,4,0.4879247857029247,0.11965673365324059,21,0.02611123997034023
1304,5,0.47187178894655674,0.07838323728654994,21,0.017104624670538103
1305,1,0.4137174465853069,0.22332697073951685,19,0.05123472088529573
1305,2,0.45144846927543336,0.15557011638950946,21,0.03394818258228654
1305,3,0.4923996672544911,0.1058563702672579,21,0.02309975378776105
1305,4,0.48475623078865143,0.09699257818828921,21,0.021165515780798005
1305,5,0.5336213591334107,0.11037648177184903,21,0.024086122983924367
1306,1,0.39636208596563877,0.2204180835178686,19,0.05056737638859459
1306,2,0.44730348198981046,0.15021264482728428,21,0.03277908644097843
1306,3,0.47717437432402515,0.08267465113108956,21,0.018041087945823066
1306,4,0.510393346749205,0.09194504094671004,21,0.020064052853052995
1306,5,0.5317712795234484,0.13102598523214476,21,0.028592214063450926
1307,1,0.38606464715748257,0.208663800181093,19,0.04787075885076571
1307,2,0.44181459794074723,0.11897906237396069,21,0.025963359973502246
1307,3,0.5080573609642061,0.0724436843686997,21,0.01580850796385979
1307,4,0.5037117025625716,0.0735850103948616,21,0.016057565721360266
1307,5,0.5229411948484243,0.14000098875084255,21,0.030550720396161763
1308,1,0.3880213518535437,0.20815776125675606,20,0.04654549042142786
1308,2,0.4731116497453861,0.12839358370489518,21,0.028017776955920518
1308,3,0.45723012307935307,0.0883307823171785,21,0.019275356960149394
1308,4,0.49647949133839087,0.08005875968789511,21,0.017470253634002786
1308,5,0.5124684487512235,0.07613188702299518,21,0.016613339765842935
1309,1,0.42416802747209204,0.20803593856150565,19,0.04772671751653891
1309,2,0.44858465648219337,0.15445323647327558,21,0.03370445940331903
1309,3,0.5091321836681091,0.08727867421442151,21,0.019045768149665573
1309,4,0.49747047744318823,0.07120102463684831,21,0.015537337378893954
1309,5,0.5074106142485143,0.09686150490921573,20,0.021658890937993596
1310,1,0.3908093384395947,0.22627735459688136,19,0.05191158536313287
1310,2,0.4571245505781886,0.13161852972081942,21,0.028721517871640474
1310,3,0.47007903275478935,0.08140835996250094,21,0.017764760558589186
1310,4,0.4941106447679474,0.07795330192185797,21,0.017010805082317178
1310,5,0.5102226770940784,0.1037759320228613,21,0.022645764943302553
1311,1,0.37830251790183755,0.21085587109478895,19,0.048373654408127575
1311,2,0.4563520849983365,0.1504618418881635,21,0.03283346569785651
1311,3,0.489228349346048,0.09832033683206219,21,0.021455256470784747
1311,4,0.5210876542605636,0.09111370569937176,21,0.019882640629300022
1311,5,0.488860817926084,0.09550865850742823,21,0.020841697958760855
1312,1,0.4098840541653748,0.2349110030800894,19,0.0538922801658885
1312,2,0.46776831917656314,0.1209462915747013,21,0.026392644579298498
1312,3,0.48829277228365164,0.10139834505462031,21,0.022126932931240417
1312,4,0.5155875216265525,0.07035923424653515,21,0.015353643655898884
1312,5,0.5541373260367616,0.13934126361398,21,0.030406756568659966
1313,1,0.42748231499872796,0.21102253658096984,19,0.04841189009295066
1313,2,0.4497871709277703,0.13784446227141778,21,0.030080127737583638
1313,3,0.4817613808642406,0.08854979862415875,21,0.019323150236585904
1313,4,0.5019491492684969,0.09206409530549894,21,0.02009003264405131
1313,5,0.5320792950889855,0.12567198397802437,21,0.027423875205455917
1314,1,0.39573609290449085,0.22973537153221849,19,0.05270490885609006
1314,2,0.44737337784581477,0.11625759502276586,21,0.025369487109778377
1314,3,0.4749717948335136,0.08649430666490386,21,0.018874605117840254
1314,4,0.49881402898440763,0.1145096371091175,21,0.024988051421640723
1314,5,0.5076427536521314,0.0743101291941286,21,0.01621579961590677
1315,1,0.4163994401642974,0.18874609255096225,19,0.04330132333777997
1315,2,0.4706022101231598,0.13081508280490764,21,0.028546191380733592
1315,3,0.49084868905400275,0.08657785873035753,21,0.018892837673288414
1315,4,0.4981569071783949,0.10323608438622625,21,0.022527960530987167
1315,5,0.5329547125338995,0.08777507363590129,21,0.019154091384135256
1316,1,0.44161046541955135,0.21663652045928725,18,0.05106171755647342
1316,2,0.44323774786351366,0.15078460203899838,21,0.03290389773702394
1316,3,0.4726075290896845,0.07280941981186291,21,0.01588831798065139
1316,4,0.5263033872553295,0.08779526213919522,21,0.01915849687673108
1316,5,0.5206923079996036,0.1353676564600368,21,0.029539644398899834
1317,1,0.38874831445022806,0.23799847429327256,20,0.05321807670609936
1317,2,0.45585305545742977,0.12987331257149343,21,0.028340680267310882
1317,3,0.4998018038341571,0.09688181769942045,21,0.021141345860595556
1317,4,0.47824632253543115,0.0783867265370838,21,0.017105386087428103
1317,5,0.5073133340157827,0.09351377597623288,21,0.02040637890153477
1318,1,0.42010712759678337,0.2058254807580087,19,0.04721960371735975
1318,2,0.46271723076413207,0.1381986724308,21,0.03015742273126418
1318,3,0.4692418599690005,0.07167679627948059,21,0.015641159262983283
1318,4,0.48921253937035786,0.07006699453891119,21,0.015289871723458
1318,5,0.5303196952258237,0.11186665498396078,21,0.024411305438357584
1319,1,0.4037652736996737,0.2024521692485566,19,0.046445712981844786
1319,2,0.4673236589534582,0.13487944211514333,21,0.029433107294574237
1319,3,0.4886202285294759,0.10587721592190968,21,0.023104302682539754
1319,4,0.5146580937520725,0.10505340799882108,21,0.022924533055603664
1319,5,0.5290514755753878,0.13083163274832332,21,0.028549802874469288
1320,1,0.4116672509301506,0.20064228874583978,19,0.046030497918095985
1320,2,0.46037698424122003,0.15554555706617224,21,0.03394282329856226
1320,3,0.46666460140096566,0.07100353977458267,21,0.015494242648896801
1320,4,0.49218728084328245,0.0870592188088639,21,0.01899787905406391
1320,5,0.49418879466175675,0.07457127638125383,21,0.016272786604122298
1321,1,0.38519493356690887,0.2238136066449827,19,0.05134636281867594
1321,2,0.45899812270198287,0.16131094926064532,21,0.035200935019623236
1321,3,0.47625125551451153,0.07242882439651996,21,0.01580526525208176
1321,4,0.504784774458292,0.08034447408289488,21,0.017532601626489692
1321,5,0.5241418577285405,0.13793131446653933,21,0.03009908044036543
1322,1,0.38521275198939403,0.24043426441948632,19,0.05515940321942515
1322,2,0.47917539275668825,0.141312144956051,21,0.03083683813703218
1322,3,0.4829694995880428,0.05729694335489123,21,0.012503218095875528
1322,4,0.4663296034131504,0.08916410230563937,21,0.019457202289922808
1322,5,0.4687974157617394,0.08030933335524137,21,0.017524933291039786
1323,1,0.3953191852429258,0.22544056456412212,19,0.05171961256367183
1323,2,0.4629283438130365,0.1416001762263682,21,0.030899691713162793
1323,3,0.5044097153669733,0.0813169083558166,21,0.01774480418191984
1323,4,0.5018588581517409,0.09402809133753828,21,0.020518611714594796
1323,5,0.5145786501290671,0.04098438515893155,21,0.00894352606200136
1324,1,0.42071602731682045,0.20799750776232825,19,0.0477179008865424
1324,2,0.4466504445931466,0.14173190083121343,21,0.03092843637852429
1324,3,0.48881425248681676,0.07809464820754279,21,0.017041649370572013
1324,4,0.5202564054941232,0.07525696209229073,21,0.01642241549334974
1324,5,0.5023819665599287,0.06811535492322816,21,0.014863989044022667
1325,1,0.36307965760939687,0.21904729827186722,20,0.04898046492235673
1325,2,0.46147725794820244,0.12953707855497718,21,0.028267307989601132
1325,3,0.49940482299596395,0.09118300125023016,21,0.019897762158211083
1325,4,0.4794439708627762,0.11492709768731103,21,0.025079148788270812
1325,5,0.5119001055637086,0.10535411438774839,21,0.022990152569375866
1326,1,0.39775966320294764,0.18577618958271547,19,0.042619980868795274
1326,2,0.46065520023887413,0.15476219038511232,21,0.0337718786741402
1326,3,0.49740443290351505,0.08831632289496488,21,0.01927220165553991
1326,4,0.5099643554627585,0.09199120528463715,21,0.020074126737479592
1326,5,0.5117054690331544,0.09362679986719,21,0.020431042736565694
1327,1,0.3902202993224673,0.23660101284394958,19,0.0542799949961129
1327,2,0.43990342123016873,0.1332544482382586,21,0.029078504559114045
1327,3,0.4799371574844817,0.09334671980805007,21,0.020369924256963007
1327,4,0.5172037393609189,0.07911084138523805,21,0.01726340090188088
1327,5,0.5250271727602163,0.11637860653976928,21,0.02539589398771312
1328,1,0.3853284308868396,0.2088248456588668,19,0.04790770521723572
1328,2,0.4656684786939989,0.13948061490447966,21,0.030437165513274467
1328,3,0.49967177723107087,0.08666930897980553,21,0.01891279375378451
1328,4,0.4835127756456002,0.08009295526998454,21,0.017477715721781736
1328,5,0.5389622340554562,0.13218435181847207,21,0.028844990376039138
1329,1,0.3854967366394436,0.22466395183228313,19,0.05154144538386377
1329,2,0.4657769717310647,0.12091738011343352,21,0.026386335581217005
1329,3,0.4932459362021052,0.10549322269819388,21,0.023020508491395572
1329,4,0.4992196846576751,0.06708111065460647,21,0.014638298441735373
1329,5,0.5160260085448537,0.10424493222012302,21,0.02274810917686927
1330,1,0.3858455832021977,0.23151134453413488,19,0.05311234500565902
1330,2,0.4500034765062652,0.13545946680290175,21,0.02955967905822167
1330,3,0.5110016709303188,0.09793566581613518,21,0.021371314373254218
1330,4,0.5104231247858232,0.06741942065565315,21,0.014712123736409517
1330,5,0.5122571650757392,0.14723132396329852,21,0.03212850889192291
1331,1,0.40674624615342314,0.2365549757860068,19,0.05426943337067971
1331,2,0.44161272986353317,0.1320613834404616,21,0.02881815647602395
1331,3,0.4832118216165315,0.08916253733286694,21,0.019456860784866133
1331,4,0.5056895967418752,0.09716060934739731,21,0.021202183185832484
1331,5,0.48163025865828385,0.1274433079830807,21,0.02781040979276368
1332,1,0.39785881833268627,0.2562640204368983,19,0.05879099831315165
1332,2,0.46063295941585924,0.1322639978555356,21,0.0288623705662128
1332,3,0.48828182119429514,0.08722973227581281,21,0.019035088143078322
1332,4,0.5079001264864497,0.11081654575211106,21,0.024182152817266
1332,5,0.4889177249304515,0.07319247469082965,20,0.0163663348850128
1333,1,0.4080784320816319,0.21823537068306847,19,0.05006662772177023
1333,2,0.4635859542419761,0.12607428653198144,21,0.02751166482001698
1333,3,0.4767285418099232,0.08373372140379995,21,0.018272196026345583
1333,4,0.49617789770887943,0.10147081720759246,21,0.02214274765156286
1333,5,0.47271284311848255,0.13634773538972808,21,0.029753515155201818
1334,1,0.4218356033545718,0.21583265985559041,19,0.0495154080540056
1334,2,0.47000198976171914,0.12568893364080422,21,0.027427573925107945
1334,3,0.49740187926665896,0.085274043513283,21,0.018608321867360826
1334,4,0.5081365297692799,0.06447259261235826,21,0.014069073137913448
1334,5,0.5250859397793546,0.0884006617392816,21,0.019290605900211644
1335,1,0.3961485984026797,0.23163872068706937,19,0.05314156709926209
1335,2,0.44319430577300795,0.13519986497265626,21,0.029503029294524096
1335,3,0.48804027919030174,0.09121073690922668,21,0.019903814575201607
1335,4,0.5044876990516166,0.0985110555781943,21,0.02149687471319415
1335,5,0.4848534476009571,0.07820207451608797,21,0.017065091712978583
1336,1,0.3873269228715478,0.22849937344287416,20,0.051094013183437675
1336,2,0.45608941918757007,0.12925576833567967,21,0.02820592106704421
1336,3,0.4913107679772371,0.060607151798670024,21,0.013225564798718304
1336,4,0.5158232043153262,0.08195164192984616,21,0.01788331440330652
1336,5,0.5207863095663401,0.0806979951563589,21,0.017609746249294973
1337,1,0.374984071586023,0.22787743901374224,19,0.05227866990388186
1337,2,0.45224986023527947,0.1738622865073034,21,0.037939861353229395
1337,3,0.46694515484285826,0.08016431134288651,21,0.01749328689346593
1337,4,0.5157402875053259,0.09835677706050891,21,0.02146320838055611
1337,5,0.5278424494615437,0.09993781761404665,21,0.021808219714526657
1338,1,0.41051348248716657,0.1961380918860323,19,0.04499716429000577
1338,2,0.4497288189027002,0.16977887840458863,21,0.03704878865208242
1338,3,0.45987386333802827,0.08562109219620152,21,0.018684054098756488
1338,4,0.5200511870737429,0.09240131245160255,21,0.02016361945822544
1338,5,0.5248176927892165,0.08388917323985166,21,0.0183061183980421
1339,1,0.37967652964001986,0.2008063159297549,19,0.04606812833486859
1339,2,0.45027453379458154,0.14185434264998517,21,0.030955155373893317
1339,3,0.4947955951996206,0.0766531234789644,21,0.016727082885578625
1339,4,0.5182026044396816,0.0846529807548341,21,0.018472794862507965
1339,5,0.5249914256836705,0.10256339915007617,21,0.0223811685779616
1340,1,0.4262912308715719,0.21482075378997978,19,0.04928326088135547
1340,2,0.45646492212804163,0.12113599563911899,21,0.02643404140000492
1340,3,0.4777808265089657,0.08081938239697674,21,0.017636235116844166
1340,4,0.5248072575442345,0.07804923870061377,21,0.017031740203773304
1340,5,0.4956695189467901,0.14235028118473833,21,0.03106337803463388
1341,1,0.41613535677450136,0.20768450988160916,19,0.0476460942480373
1341,2,0.42913705908759864,0.135883625364809,21,0.029652238044726602
1341,3,0.4746730889955688,0.09772261171750983,21,0.021324822157346063
1341,4,0.5250748203507669,0.07938482608895435,21,0.017323189265882784
1341,5,0.5518440486754604,0.11532716878549203,21,0.025166451459260268
1342,1,0.402775345235097,0.2176295945802215,19,0.04992765315257434
1342,2,0.45612125786945823,0.13504981727065427,21,0.029470286201558463
1342,3,0.45228975425023304,0.08991189267756812,21,0.019620383527223888
1342,4,0.5140575259006193,0.0736396347099605,21,0.016069485724156736
1342,5,0.5392120997695224,0.12725497683162668,21,0.027769312566227666
1343,1,0.4338989474284752,0.192214916167783,18,0.04530549022248104
1343,2,0.4521111087489227,0.12347068399442203,21,0.02694351216725769
1343,3,0.4795161351231624,0.09192997403821827,21,0.020060764984069546
1343,4,0.5205287818577832,0.08092963133565247,21,0.01766029340764274
1343,5,0.5483833009052326,0.13348539103193358,21,0.029128900408315003
1344,1,0.4181570880401209,0.21884781059096345,19,0.05020713107269158
1344,2,0.46722238736890515,0.13931279335744468,21,0.03040054384934435
1344,3,0.47946024568244217,0.08794594046831092,21,0.019191377583814992
1344,4,0.4931481329873375,0.09448978577848717,21,0.02061936170143235
1344,5,0.4942219808867779,0.13606731135684805,21,0.029692321614375267
1345,1,0.35704708960159914,0.22088006493395138,20,0.04939028400668828
1345,2,0.45543720138003224,0.1495582118160954,21,0.032636277449976006
1345,3,0.5168600435365319,0.087751420784304,21,0.01914892990876163
1345,4,0.5314016352030426,0.0960724449755179,21,0.02096472625237098
1345,5,0.4758435879388055,0.1382326602452239,21,0.0301648394804215
1346,1,0.4154832236448602,0.22028904965405038,19,0.050537773990032585
1346,2,0.43997054495407106,0.12086345889805923,21,0.02637456900735907
1346,3,0.4717006732852356,0.06561026784386184,21,0.014317334226705905
1346,4,0.5277193986868544,0.07275455100927979,21,0.015876344626311927
1346,5,0.5184890834886632,0.13929517527183433,21,0.030396699267872463
1347,1,0.37305632117090193,0.21217493022498968,19,0.04867626732650124
1347,2,0.4758562321029566,0.11530217255495503,21,0.02516099683456863
1347,3,0.5209430040803039,0.09630748685645395,21,0.021016016595745948
1347,4,0.4918729912678364,0.1018325811748157,21,0.022221691021253716
1347,5,0.48124154917561884,0.1362958085197512,21,0.029742183783188905
1348,1,0.40705950887411285,0.2420185684673586,19,0.05552286749524187
1348,2,0.4469557525803661,0.14490697892993898,21,0.031621295222562684
1348,3,0.49280647752061285,0.09026290549834601,21,0.019696980804419822
1348,4,0.5189952335096888,0.0665874687736241,21,0.014530576951935275
1348,5,0.5155867736554488,0.09858678600157865,21,0.02151340044641176
1349,1,0.4372056500278465,0.22257522606446645,18,0.05246148389143768
1349,2,0.4677097799698002,0.12096051258030009,21,0.026395747857137303
1349,3,0.4780598525947549,0.07234091838745295,21,0.015786082588244092
1349,4,0.5005700729210423,0.09201790237229367,21,0.020079952519623443
1349,5,0.5054891597264392,0.08865599084856428,21,0.019346323279755145
1350,1,0.38511016654602354,0.2573887329354324,20,0.05755387034861658
1350,2,0.46240655069558767,0.1629994562136272,21,0.035569397444551745
1350,3,0.4897501540961847,0.09116979305208604,21,0.019894879893078254
1350,4,0.5030238350206023,0.08736280999432539,21,0.019064128082049554
1350,5,0.4951679777036826,0.09661923073296164,21,0.021084044686771445
1351,1,0.3762117623014696,0.22627943562647018,19,0.05191206278406319
1351,2,0.47021523803568516,0.15951711431633073,21,0.034809488142643306
1351,3,0.47274578056628325,0.08641410274695996,21,0.018857103188077876
1351,4,0.49095294460703326,0.07637750641564246,21,0.016666938311507472
1351,5,0.49500360409675603,0.07917298653463989,21,0.01727696208527175
1352,1,0.41415212872616736,0.22546075942120694,19,0.05172424558163036
1352,2,0.45581194929558,0.12979925936093006,21,0.028324520531936546
1352,3,0.48577860585871496,0.09293488327165039,21,0.02028005415686777
1352,4,0.5175555259340759,0.08124522683947039,21,0.01772916199265385
1352,5,0.5145583333612008,0.10230283650220551,21,0.02232430914666896
1353,1,0.4108725185535722,0.2043008758455728,19,0.0468698353625106
1353,2,0.42082490124733996,0.12143171255074152,21,0.02649857212056629
1353,3,0.4799427460764992,0.07159459040553365,21,0.015623220470605576
1353,4,0.4775686672251928,0.07186146164895041,21,0.015681456550308635
1353,5,0.4894362185406373,0.1444475840117167,21,0.031521047032723085
1354,1,0.4093846249504152,0.23723217501568164,18,0.05591615988974079
1354,2,0.43520846238343514,0.16379095044973108,21,0.035742115646888284
1354,3,0.490028230087255,0.08824484094814264,21,0.019256603015914395
1354,4,0.5055263223365551,0.0709380780536583,21,0.015479957730265469
1354,5,0.4750394512579099,0.13098823254093503,21,0.028583975750824407
1355,1,0.3819104578743514,0.22578092748179254,19,0.05179769717221152
1355,2,0.45728393853824684,0.1556771150145078,21,0.03397153159649182
1355,3,0.4600894544158442,0.07594406218888876,21,0.016572353026810305
1355,4,0.5041904241698036,0.0958935863799968,21,0.020925696107005797
1355,5,0.5252558700664528,0.1314586787672815,21,0.02868663553380722
1356,1,0.41754496554621495,0.20026692966354145,19,0.04594438463876553
1356,2,0.46700082125775777,0.10884400236108274,21,0.02375170856007685
1356,3,0.48580954545305827,0.06198822933222909,21,0.013526940624343892
1356,4,0.5218289580707914,0.0746730649342161,21,0.016294998687399902
1356,5,0.5194273281711872,0.0713145518947586,21,0.015562111057599417
1357,1,0.4019570419420376,0.24000750643247554,19,0.05506149822264994
1357,2,0.4633599974521461,0.1375875007052925,21,0.030024054126752044
1357,3,0.47716727223270766,0.07256551791264301,21,0.015835094222779074
1357,4,0.4777767936413202,0.08012811780110474,21,0.017485388815138142
1357,5,0.5042033652215675,0.07265665116231912,20,0.016246521101643464
1358,1,0.35324435541902777,0.22225864084360786,20,0.049698542951301834
1358,2,0.44343329728535286,0.1281020767837804,21,0.027954164930605662
1358,3,0.47722837638434723,0.06254347992311116,21,0.013648106236838464
1358,4,0.535575062253271,0.11392758287649835,21,0.024861036774995644
1358,5,0.5244734398521361,0.07065507268891999,20,0.015798954548761394
1359,1,0.3973261387847384,0.2157335198564619,19,0.04949266377834961
1359,2,0.4470921606405227,0.1630819346947755,21,0.035587395724697796
1359,3,0.5108019005687785,0.09693535523705299,21,0.02115302870910616
1359,4,0.5202008183676985,0.08547651325815314,21,0.01865250438792301
1359,5,0.5096593120635754,0.13437327223697879,21,0.02932265197166016
1360,1,0.4060167418215016,0.23062650469848545,19,0.05290934882540559
1360,2,0.43492410101228834,0.13592637307217098,21,0.02966156635923956
1360,3,0.49293652655578446,0.07800109758000771,21,0.017021234950001057
1360,4,0.5244321354656742,0.10113644238923535,21,0.022069781084152928
1360,5,0.532905893379196,0.14453460256037126,21,0.03154003603682188
1361,1,0.40576602866326067,0.23383316969710735,19,0.053645008229341484
1361,2,0.46091199008144845,0.13754041165845896,21,0.030013778454298805
1361,3,0.5019713821641397,0.073898309377846,21,0.016125933164440207
1361,4,0.5087611856006222,0.09440827411660495,21,0.02060157439854678
1361,5,0.525099442695154,0.13467091325857805,21,0.02938760256744124
1362,1,0.35817072844680403,0.23323533175261602,20,0.05215300565535645
1362,2,0.4450362206869456,0.16875354928924052,21,0.03682504349573362
1362,3,0.4620722317753604,0.08299529183320566,21,0.018111057483362628
1362,4,0.504367518779871,0.08491804215418952,21,0.018530636001858305
1362,5,0.5239253288470166,0.0661583767996265,21,0.01443694140665232
1363,1,0.41354282834341377,0.22277327315671158,19,0.0511076939479941
1363,2,0.4478909109346758,0.13971841075681474,21,0.030489056822477895
1363,3,0.43699887436651136,0.0865840038156999,21,0.018894178640847147
1363,4,0.5037755940908595,0.06955718697999186,21,0.015178622593524262
1363,5,0.5211895046029811,0.09471356150136649,21,0.020668193567565107
1364,1,0.36530254199089485,0.23497803426762126,19,0.053907658174968336
1364,2,0.4549468955796088,0.10657266506910629,21,0.023256062128207414
1364,3,0.4733313170917127,0.07290082398650274,21,0.015908264006800055
1364,4,0.4857818599860086,0.0775260622191905,21,0.016917573735776032
1364,5,0.485833321950117,0.07887338009481312,21,0.017211582600071638
1365,1,0.4244490780061147,0.22004383056210924,19,0.05048151687209584
1365,2,0.4549107770688129,0.13216276912492833,21,0.028840280646188415
1365,3,0.49539863253890626,0.08938930268158723,21,0.019506345040842504
1365,4,0.5124242543643871,0.1043739111839301,21,0.022776254694236074
1365,5,0.5130450111364251,0.15034812703448136,21,0.03280865108239749
1366,1,0.38483953626045775,0.24236791265780813,19,0.055603012549067264
1366,2,0.4731931643038289,0.14942223185173678,21,0.0326066041890393
1366,3,0.44562478859708415,0.07739214703988335,21,0.01688835104787705
1366,4,0.4993163534652041,0.08437148172157473,21,0.01841136673736663
1366,5,0.5216576125862611,0.06264007399211258,21,0.013669184790785265
1367,1,0.40899637019221236,0.20596539150761006,19,0.04725170144465593
1367,2,0.444268603291109,0.1321436526453986,21,0.028836109088356696
1367,3,0.4820144234099444,0.06838836270908694,21,0.014923564227070769
1367,4,0.5076717910185801,0.07858015665795193,21,0.01714759600031204
1367,5,0.5097052769540144,0.10808820232674375,21,0.023586779471143106
1368,1,0.3913541740502553,0.22052806345534287,19,0.050592607516661295
1368,2,0.46738820975937867,0.14772628247787825,21,0.03223651769472884
1368,3,0.48040501896577,0.08165243033526905,21,0.017818021080403756
1368,4,0.49978073388363803,0.0865601373798996,21,0.018888970557579352
1368,5,0.48056803731194514,0.0866036940343471,21,0.018898475398818625
1369,1,0.3977278083351505,0.22246492674993001,19,0.05103695443079596
1369,2,0.4316634667717413,0.11767534671886805,21,0.025678865893780295
1369,3,0.46884099982543115,0.09382367358868184,21,0.02047400410471255
1369,4,0.48747420718076706,0.0782274502548947,21,0.01707062915316417
1369,5,0.48919715825024135,0.1273892650041095,21,0.02779861664791051
1370,1,0.39464228754528397,0.23991435615505977,19,0.05504012808339636
1370,2,0.45630032183898855,0.12285825814924714,21,0.02680986989139763
1370,3,0.4752440819328369,0.09197918508650545,21,0.020071503715203075
1370,4,0.5378225092924067,0.09163078765997575,21,0.019995477163822113
1370,5,0.5145685550934138,0.10228437536311774,21,0.02232028059584587
1371,1,0.38553747884839107,0.2158500678548912,19,0.049519401722940413
1371,2,0.46440882730514543,0.1379478434355596,21,0.030102687357112808
1371,3,0.4797107029739305,0.06243507650330528,21,0.013624450671274059
1371,4,0.5009539348480753,0.08173477360417146,21,0.017835989854818775
1371,5,0.5065473007700921,0.12020122639988594,21,0.02623005802876198
1372,1,0.38410051587988636,0.2145100690000897,19,0.04921198490228042
1372,2,0.4488439209537775,0.1426903663442948,21,0.031137590700652865
1372,3,0.49523148676531425,0.11463370823001569,21,0.02501512595988234
1372,4,0.5130827090336361,0.06794759421060372,21,0.014827380655249273
1372,5,0.5130904219917737,0.0986241128731563,21,0.021521545837576546
1373,1,0.3519162503662509,0.23073639623508624,19,0.05293455967292103
1373,2,0.4431293916231861,0.14183554226350617,21,0.03095105279322025
1373,3,0.4855046307188962,0.0613539352589598,21,0.013388526309885873
1373,4,0.5156388528034415,0.08535903273495246,21,0.018626868036006338
1373,5,0.48244851600368205,0.12916295353109367,21,0.028185667216204784
1374,1,0.3817893574595659,0.23285790614535248,19,0.05342126742589843
1374,2,0.48946992577041004,0.13344494362233397,21,0.029120074059926667
1374,3,0.4933260424444691,0.08855597067105245,21,0.019324497087637484
1374,4,0.4928021220635704,0.07145893234360669,21,0.015593617454538371
1374,5,0.5117325682074437,0.1608249320377761,21,0.03509487736663036
1375,1,0.36796864340063107,0.21018867747008402,19,0.048220589693082135
1375,2,0.4612603886367428,0.13595616533368762,21,0.029668067563693078
1375,3,0.4914770556976545,0.07300978572606127,21,0.015932041407722964
1375,4,0.5140255222866849,0.10065423484508418,21,0.02196455477121238
1375,5,0.5078516275046935,0.1330011402901358,21,0.029023228233094677
1376,1,0.39312136253102486,0.25153502595428084,19,0.057706092573452133
1376,2,0.44585664190923274,0.16894529236960004,21,0.036866885266197025
1376,3,0.45546736555089623,0.08629533456292447,21,0.018831185845530493
1376,4,0.5313654658522184,0.07641445201695539,21,0.016675000502679477
1376,5,0.46076169270393375,0.1426792060341825,21,0.03113515532132578
1377,1,0.402445181917556,0.22961028450654128,19,0.05267621192429664
1377,2,0.4517051424223875,0.11731196901269823,21,0.025599570377381125
1377,3,0.4747347319430809,0.08688336170137591,21,0.018959503887084873
1377,4,0.5332717587937614,0.06704021927158849,21,0.014629375210404357
1377,5,0.5076280174004583,0.12701374064591484,21,0.02771667051473305
1378,1,0.41471438065168736,0.2575644470781724,21,0.05620517024119869
1378,2,0.45927306691720193,0.10887086719924964,21,0.023757570948383162
1378,3,0.4799327406656206,0.06750918593061145,21,0.014731712125327371
1378,4,0.49628027044335044,0.08489424506352743,21,0.01852544305094027
1378,5,0.5290971614521124,0.0991969104565085,21,0.021646540517747937
1379,1,0.3613285462362878,0.24277514547726814,19,0.05569643816519986
1379,2,0.4594166644766279,0.11612092846024571,21,0.025339664020839425
1379,3,0.47663063451839216,0.0682284670562666,21,0.014888672135054409
1379,4,0.5025107158736167,0.08003535945537281,21,0.01746514728463074
1379,5,0.5136216021880227,0.15131950826972154,21,0.03302062384616644
1380,1,0.3882589648641731,0.2241405264688665,19,0.05142136336998908
1380,2,0.4577791095754447,0.14540584395859496,21,0.03173015649662851
1380,3,0.48163913858044627,0.08928131536685299,21,0.019482780276848948
1380,4,0.47225787473413205,0.08174303890913959,21,0.017837793492231076
1380,5,0.5060964854973155,0.0814213366443227,21,0.017767592302718595
1381,1,0.4213144959061164,0.23649914586520623,19,0.05425662510842732
1381,2,0.4566918878705821,0.10808165580975945,21,0.023585350904018396
1381,3,0.48284358101291214,0.07238429331794614,21,0.01579554777406545
1381,4,0.5348684820188867,0.09114159443320492,21,0.019888726449958448
1381,5,0.5002345913673212,0.083208987409451,21,0.01815768968116365
1382,1,0.41980728676764706,0.20749541894501808,19,0.04760271381205098
1382,2,0.45136912757944775,0.12887909116612212,21,0.028123723369803292
1382,3,0.47642803030223585,0.05722651744082775,21,0.012487849901490653
1382,4,0.47941499125188425,0.11203912688368187,21,0.024448941892439714
1382,5,0.5269191657187703,0.07188890053850386,21,0.01568744420689741
1383,1,0.3872617583319875,0.2031610710334639,19,0.04660834620507144
1383,2,0.44960089991248653,0.1453190041497043,21,0.031711206496743895
1383,3,0.5057557841371566,0.09480952638551847,21,0.020689134822121494
1383,4,0.4824289778202856,0.09039661474140286,21,0.01972615855334474
1383,5,0.5313434385381081,0.07844422796909516,21,0.017117933928607172
1384,1,0.4236096520236672,0.23008461628609794,19,0.05278503109760176
1384,2,0.4489399297956967,0.16102950638013958,21,0.035139519148017336
1384,3,0.508568186939312,0.08538017906661181,21,0.018631482543887273
1384,4,0.5094392476697186,0.10181387868879375,21,0.02221760980421184
1384,5,0.5521449058730727,0.13277947200207652,21,0.028974856246942158
1385,1,0.4228829403530611,0.22121112833455353,19,0.050749313347206615
1385,2,0.44256468393122195,0.1316139418642933,21,0.028720516719268636
1385,3,0.4934494070572485,0.08098950543278736,21,0.017673359006799304
1385,4,0.5152247324104444,0.06848560030642047,21,0.014944783210412508
1385,5,0.47906874742434236,0.13671168680528425,21,0.029832935865252888
1386,1,0.4168898943011758,0.19322360008209088,19,0.04432853401394481
1386,2,0.4679156674787355,0.13738158727628086,21,0.029979120132701865
1386,3,0.47460756361375367,0.07800674371157452,21,0.01702246703691956
1386,4,0.5122696124864109,0.09385048957967822,21,0.02047985583369237
1386,5,0.5297453709634896,0.07619753002674895,21,0.016627664243630838
1387,1,0.42799237154914427,0.20395956456311948,18,0.04807373039681242
1387,2,0.4285721958611605,0.1714666244291943,21,0.037417085028826055
1387,3,0.47355209285646194,0.06521213614280263,21,0.014230454766864697
1387,4,0.5094242396662052,0.08377532998162408,21,0.018281275762414086
1387,5,0.5072876269863021,0.06412349215486797,21,0.013992893172599498
1388,1,0.40470555549289694,0.23829318753620382,19,0.054668206494973594
1388,2,0.44273183099746155,0.13905056761346785,21,0.030343321500728163
1388,3,0.47997222736709616,0.08185146133475914,21,0.017861453205204044
1388,4,0.5120435247479524,0.09756342252448395,21,0.021290084227495586
1388,5,0.4759442225092504,0.1336384755951691,21,0.029162306198731957
1389,1,0.40200166466922826,0.23266015645174687,20,0.05202439254818422
1389,2,0.4199238123461886,0.12818845753713823,21,0.027973014756360402
1389,3,0.48643818514305454,0.10776267077973924,21,0.023515742663750522
1389,4,0.4991423408646175,0.0884670097017728,21,0.01930508421260793
1389,5,0.5187499609464262,0.1373902168335312,21,0.029981003256478705
1390,1,0.4148935718828036,0.2144899788185967,19,0.0492073758985496
1390,2,0.4517283985870243,0.16088037994268115,21,0.03510697709145674
1390,3,0.49897279777076875,0.05921839127240679,21,0.012922512406634114
1390,4,0.48232252263513625,0.10846172773424388,21,0.023668289397517323
1390,5,0.5239448306333273,0.08645164753172695,21,0.018865296131799093
1391,1,0.42846439737415176,0.20307062191314745,19,0.0465875957537561
1391,2,0.4555687266465204,0.12161862767107394,21,0.02653936034377844
1391,3,0.48313793478572736,0.07674733940456975,21,0.016747642486090855
1391,4,0.518815110023735,0.07264625725031665,21,0.015852712990705266
1391,5,0.4947413751982297,0.13758280775949863,21,0.030023030042021913
1392,1,0.40199944576229335,0.2373310442297733,19,0.05444747568224019
1392,2,0.4452991594580174,0.16193419403262013,21,0.03533693817886419
1392,3,0.4679791201084131,0.0798717283068829,21,0.01742944004063038
1392,4,0.5259856253131602,0.06622425444446219,21,0.01445131708732208
1392,5,0.47320384719967185,0.10569577190979391,21,0.023064708353019898
1393,1,0.43665961390301805,0.2025435570395691,19,0.04646667877898673
1393,2,0.4457187041322304,0.14401787203332503,21,0.03142727619138932
1393,3,0.502253237231035,0.08501546037935051,21,0.01855189440142347
1393,4,0.4911862203587092,0.08823382045039255,21,0.019254198146146023
1393,5,0.5155364043259121,0.13875094255072776,21,0.030277937951675195
1394,1,0.416824051860823,0.20597908450850477,19,0.04725484283450508
1394,2,0.4353217631798176,0.12336973217996387,21,0.026921482675291136
1394,3,0.49362203520680703,0.06202504450706483,21,0.013534974354125215
1394,4,0.5149269181252374,0.08998420614946623,21,0.019636163620497134
1394,5,0.5287988370025789,0.08464445417780807,21,0.01847093421085841
1395,1,0.3688538198708579,0.24564921175476587,20,0.05492883361028968
1395,2,0.4613015795432095,0.12823418134887868,21,0.02798299251009195
1395,3,0.4876722685136834,0.07528002573371868,21,0.016427448392523306
1395,4,0.5055604374020399,0.08167037221868396,21,0.01782193632034942
1395,5,0.49494751757992866,0.07758628022182512,21,0.016930714381265182
1396,1,0.4466803415736008,0.2515642945837567,20,0.0562514863401062
1396,2,0.45269159880044907,0.13869504593807935,21,0.03026574031079172
1396,3,0.47839883352614987,0.08852679232557954,21,0.01931812985064781
1396,4,0.5056726114730778,0.09699779565894542,21,0.02116665432623697
1396,5,0.5260152290453274,0.1243726249945337,21,0.0271403318294194
1397,1,0.41640514366624204,0.2142352228397601,19,0.04914893086870689
1397,2,0.45463503637657576,0.12485471619057598,21,0.02724553275312109
1397,3,0.48907100636030154,0.05360695845207514,21,0.011697997375380336
1397,4,0.5146939378315567,0.0684545731192554,21,0.01493801252308939
1397,5,0.5239306481832915,0.08582305173639482,21,0.0187281252835305
1398,1,0.428183624494398,0.24727809414546445,20,0.05529306278558513
1398,2,0.43718102645838786,0.12004716050204514,21,0.02619643809357785
1398,3,0.49058022626629755,0.06525832392721362,21,0.014240533767733538
1398,4,0.5261150352208445,0.09372722854824009,21,0.020452958071463627
1398,5,0.48340663406801304,0.07996989317112117,21,0.017450861370199758
1399,1,0.4122995468373517,0.2181410173543567,19,0.05004498158362069
1399,2,0.4403013712837601,0.15880076954310318,21,0.03465316889754801
1399,3,0.5043501649037894,0.0737091067171658,21,0.016084645758999535
1399,4,0.5027442751266583,0.06683201677047645,21,0.014583941699869834
1399,5,0.5238920145039329,0.08655600122704614,21,0.01888806797502998
1400,1,0.40308691188776785,0.21436069143936826,19,0.049177715339563714
1400,2,0.4058348658465033,0.1445935374474888,21,0.031552896683549964
1400,3,0.46541026664014573,0.09012800084751314,21,0.01966754219613205
1400,4,0.5175941682067969,0.08953263658118663,21,0.01953762306201238
1400,5,0.4840553830913222,0.1304835980280185,21,0.028473855472075496
1401,1,0.4021168941043741,0.23133683422786774,19,0.05307230959567877
1401,2,0.45748163439274314,0.11268055302806777,21,0.024588912552409813
1401,3,0.49123884515215255,0.09373552050460844,21,0.02045476752468826
1401,4,0.49596516841646154,0.0715891181372494,21,0.015622026323765782
1401,5,0.5180083216051143,0.0916506001336095,21,0.019999800600018828
1402,1,0.39365194394816694,0.1818638372212294,19,0.041722425680624724
1402,2,0.458873579607591,0.13721698789116132,21,0.02994320160214694
1402,3,0.5254991747257817,0.08420687505668882,21,0.018375446618236445
1402,4,0.5130227685240671,0.08911373705591348,21,0.019446211691386415
1402,5,0.5020228390343078,0.14848552628152742,21,0.03240219827573591
1403,1,0.3776678704474357,0.22644183054667572,20,0.050633932605185526
1403,2,0.43740037730332065,0.13854131745414133,21,0.03023219400535759
1403,3,0.5112823391791882,0.09875877888275092,21,0.021550932370076784
1403,4,0.5326524808939642,0.07863561648205329,21,0.0171596983261203
1403,5,0.497589547606498,0.10166639499741696,21,0.02218542622423538
1404,1,0.4247159519822623,0.2165594841442335,19,0.04968215298157961
1404,2,0.45361175692403205,0.13821409077337005,21,0.030160787289450753
1404,3,0.4737932400799596,0.07933800118208406,21,0.017312971233495053
1404,4,0.5092702369472913,0.07889499327756279,21,0.017216298983212554
1404,5,0.4983947199347499,0.10184006789593682,21,0.022223324757741553
1405,1,0.3895155148743499,0.22817358650433583,19,0.05234661079777031
1405,2,0.4495611333693959,0.145414111447195,21,0.03173196061054836
1405,3,0.498248818959148,0.10661116332263984,21,0.02326446313587128
1405,4,0.5104436576932299,0.08689712883176082,21,0.018962508121232072
1405,5,0.5268938967524719,0.11446021821731117,21,0.024977267335332946
1406,1,0.3649313046126096,0.24567810067420726,19,0.056362421762099005
1406,2,0.42240656508353575,0.13842168435913746,21,0.030206087923763444
1406,3,0.4857933873901783,0.07888412227665485,21,0.017213926736329672
1406,4,0.48896458871737963,0.10216106586717494,21,0.02229337225779517
1406,5,0.5183317637853837,0.11463793952587836,21,0.02501604930433846
1407,1,0.3876782060745061,0.20863836694172266,19,0.04786492406549085
1407,2,0.4326698963417149,0.1260830686471231,21,0.027513581234655003
1407,3,0.48295177117229543,0.1214479080431994,21,0.026502106266761784
1407,4,0.5480506111214896,0.0661523556876092,21,0.014435627492291032
1407,5,0.5396482360204032,0.1106135736380657,21,0.024137860670762283
1408,1,0.3859244085397718,0.20663254893761418,19,0.04740475785606752
1408,2,0.4269963897666311,0.12643626189251383,21,0.027590654319509772
1408,3,0.4886420973483737,0.08693130658619712,21,0.018969966318698166
1408,4,0.507279019507415,0.08466147147837103,21,0.018474647690284767
1408,5,0.5333374842646394,0.11797439060952528,21,0.02574412262068748
1409,1,0.38674686413414233,0.2312525956861916,19,0.05305298394881995
1409,2,0.4307129172661527,0.13701043455328113,21,0.02989812796853352
1409,3,0.4879387141446015,0.0764026546466841,21,0.016672426105428545
1409,4,0.5235454292889751,0.08531018451265739,21,0.018616208479995327
1409,5,0.5108551100570006,0.07065522345624975,21,0.015418233796775423
1410,1,0.37935587723628983,0.2347925883727567,20,0.05250121882146107
1410,2,0.4416609970808092,0.14894817433266413,21,0.03250315635737676
1410,3,0.4698906900480485,0.09027797983683143,21,0.019700270294760815
1410,4,0.5007996714546874,0.07889520103144453,21,0.017216344318826314
1410,5,0.49886161027293985,0.08417405034543424,21,0.018368283678998867
1411,1,0.4172049988360164,0.22808303901830188,19,0.052325837779811694
1411,2,0.4334508679257179,0.13139931235288363,21,0.02867368072010644
1411,3,0.456106495181088,0.06832014510573504,21,0.014908677925590363
1411,4,0.4807185823212327,0.09839591179128808,21,0.02147174827894169
1411,5,0.5332849332094962,0.1056988618104083,21,0.023065382624613006
1412,1,0.3945259643782218,0.229250842637434,19,0.05259375030411159
1412,2,0.4299297846445067,0.13597051385330441,21,0.029671198667371865
1412,3,0.4787090880101727,0.08130175886652764,21,0.01774149829232905
1412,4,0.5277883482227511,0.12791868762140338,21,0.0279141461344996
1412,5,0.5037508707566005,0.060891484932581445,20,0.013615749956015631
1413,1,0.39747248483086384,0.22427389768800585,19,0.05145196082610514
1413,2,0.42351234435726715,0.1297630240355433,21,0.028316613335678628
1413,3,0.49871892624613584,0.07956592425373749,21,0.01736270812532737
1413,4,0.509222252169913,0.07220938007631647,21,0.015757378575502683
1413,5,0.4768400987956872,0.12079367987895256,21,0.026359341977026874
1414,1,0.39143951495253965,0.2103237962862006,19,0.04825158807544124
1414,2,0.4532929870624137,0.1448279154853807,21,0.03160404216449639
1414,3,0.46487577982193734,0.0835138574509289,21,0.018224217778411118
1414,4,0.521205545031752,0.07587528523898056,21,0.016557344665904472
1414,5,0.5148292731632077,0.08058728546094622,21,0.017585587413133347
1415,1,0.38893359050326637,0.2131657499371285,19,0.04890357695789498
1415,2,0.44652442394511155,0.10464028511311707,21,0.022834382251077128
1415,3,0.4803742941855232,0.08971475550841668,21,0.019577364670084564
1415,4,0.5123947058319075,0.08427294259708071,21,0.018389863737513844
1415,5,0.47555710510802146,0.1297448570616076,21,0.02831264897695441
1416,1,0.38603740267181946,0.22588745711758781,19,0.05182213674678646
1416,2,0.4586114536387352,0.12128184334095432,21,0.026465867977795196
1416,3,0.47537619317796626,0.09058191211974186,21,0.019766593756312137
1416,4,0.5004495454377377,0.07920315746177052,21,0.01728354592133666
1416,5,0.500494564057427,0.07579420886884417,20,0.0169481003331553
1417,1,0.44860639836454097,0.1946594812019696,18,0.04588167972672266
1417,2,0.44695599616972137,0.15357059556543184,21,0.033511851366573385
1417,3,0.5017207051641626,0.06727595200029773,21,0.014680816309122864
1417,4,0.516735840900737,0.12022868615927082,21,0.026236050239521337
1417,5,0.533332889353179,0.0652597032370309,21,0.014240834757811845
1418,1,0.382479406588578,0.22167474598281486,19,0.05085567453021783
1418,2,0.45313936414402467,0.1549922981419935,21,0.03382209230337375
1418,3,0.48503347793168833,0.09704849210857767,21,0.021177717198518176
1418,4,0.5296244574665491,0.09095663881054418,21,0.019848365824194136
1418,5,0.5094284807032776,0.05968799473913115,20,0.013346641367734708
1419,1,0.4328241585086664,0.20622243426454379,19,0.04731067109737399
1419,2,0.4563046737419671,0.13053481731116245,21,0.028485032435982566
1419,3,0.4785722328901207,0.06063428554233052,21,0.0132314858670141
1419,4,0.4920477965692691,0.10074474298441324,21,0.021984305266425953
1419,5,0.5137528070782205,0.0926381484491159,21,0.020215301309934743
1420,1,0.3922519274030877,0.21577839745545074,19,0.04950295940565599
1420,2,0.4417209341118619,0.1347078117627809,21,0.029395654481181248
1420,3,0.46867542192665157,0.07234847069345952,21,0.01578773063652726
1420,4,0.501146582022606,0.0946404088520817,21,0.02065223035077301
1420,5,0.5042235210323115,0.1506731889931491,21,0.03287958541721395
1421,1,0.4031801377312392,0.2384969593007615,19,0.0547149549438817
1421,2,0.4508576342621596,0.1459242368363788,21,0.03184327909673187
1421,3,0.5048039451095495,0.07893295264578801,21,0.017224582396461352
1421,4,0.48763035785997644,0.10054572931435153,21,0.021940876923216966
1421,5,0.536268082963736,0.08919498154361491,21,0.019463940692085926
1422,1,0.419723629469628,0.21202939808177135,19,0.04864287996306305
1422,2,0.4408869908332099,0.12951585353755696,21,0.02826267631107947
1422,3,0.49228754350182735,0.08363831358304176,21,0.018251376332987717
1422,4,0.49818577773003364,0.09400411586649791,21,0.020513379837886953
1422,5,0.5098903533983754,0.06519205844876545,21,0.0142260734548311
1423,1,0.42261027295166026,0.23039183620405018,19,0.05285551218053843
1423,2,0.4606496307121496,0.13970020548369932,21,0.03048508410618748
1423,3,0.49250543457491525,0.0777006647858965,21,0.0169556751395124
1423,4,0.5091866469449018,0.06496275120327237,21,0.014176034511503772
1423,5,0.5230551294394248,0.09359702804363482,21,0.020424545992041004
1424,1,0.3619052879140458,0.21750322712606157,19,0.04989866247034089
1424,2,0.46703022365549646,0.1224084452191158,21,0.0267117126627835
1424,3,0.4802868549074669,0.0720591549034146,21,0.0157245967552117
1424,4,0.5355763209616548,0.0843332816687541,21,0.01840303080243321
1424,5,0.494864435693608,0.1323732359463698,21,0.028886208271928046
1425,1,0.42701661772659494,0.24989026497464736,20,0.055877161939874624
1425,2,0.45124342176366466,0.14396653100086196,21,0.03141607265960269
1425,3,0.48191324497693355,0.0638514064690208,21,0.013933519208270514
1425,4,0.5344898187020978,0.08453468845220741,21,0.01844698136579761
1425,5,0.45625753639432276,0.12645563307207183,21,0.0275948814574443
1426,1,0.39457933430557324,0.2108481351406402,19,0.048371879658529356
1426,2,0.46097315202839134,0.12048690531417393,21,0.026292398278722814
1426,3,0.481898570930127,0.08146449428253044,21,0.01777701007147586
1426,4,0.5103366566848312,0.08453347236151393,21,0.018446715993052143
1426,5,0.47536465791333815,0.061331590821131404,21,0.013383650353804451
1427,1,0.4290356033301956,0.20530200622476938,19,0.0470995104231541
1427,2,0.4464723544546741,0.14473988227484286,21,0.03158483174302212
1427,3,0.4740652711151835,0.08919009090745678,21,0.019462873467781586
1427,4,0.4877152789356405,0.07980037443525695,21,0.017413869349303994
1427,5,0.48758223336064177,0.07227519227619625,21,0.015771739974912238
1428,1,0.42055068125869377,0.20284528445076744,19,0.04653589979445566
1428,2,0.43552252700110133,0.12322009265164337,21,0.026888828653125123
1428,3,0.4856282416172586,0.05603404997168319,21,0.012227632166198875
1428,4,0.5012479145326467,0.09559611600836632,21,0.020860782750100875
1428,5,0.5112476301258088,0.1396482213314232,21,0.030473740234152082
1429,1,0.38715000907726077,0.22672664039147214,19,0.05201465859341653
1429,2,0.4736719715690117,0.13260169154389836,21,0.028936061370433332
1429,3,0.46839372622271375,0.07742704503755057,21,0.01689596641530145
1429,4,0.498917990650853,0.09158288218511884,21,0.019985023332168086
1429,5,0.5016741726658819,0.07222210720341654,21,0.015760155862327225
1430,1,0.3629672583141505,0.2643049906487015,19,0.06063572339532381
1430,2,0.4420129930079455,0.1481912022504571,21,0.032337971506629995
1430,3,0.4855051553171642,0.09363038322237857,21,0.02043182468877491
1430,4,0.5175106462650598,0.08086797207452454,21,0.017646838253765892
1430,5,0.49210958380526054,0.1283848090935474,21,0.028015862178744567
1431,1,0.4207531866218844,0.20612386244982395,19,0.047288057172161085
1431,2,0.4589880694897021,0.15451187171892444,21,0.03371725466291799
1431,3,0.4599830694038311,0.08432908690362742,21,0.018402115429637232
1431,4,0.48790592897259577,0.0775093296074106,21,0.016913922380535282
1431,5,0.5443545715091089,0.08258053737411716,21,0.018020550640334365
1432,1,0.4141066669592005,0.24097271955060354,19,0.05528293329848677
1432,2,0.4133321496718642,0.14929906579105692,21,0.03257972715112906
1432,3,0.4923330028304599,0.0933790199904093,21,0.020376972734611677
1432,4,0.5235924188184742,0.0911624093552244,21,0.019893268638326966
1432,5,0.5013905799857442,0.0854919473249793,21,0.01865587237742358
1433,1,0.3737683824507741,0.21043861929526703,19,0.04827793028033144
1433,2,0.4479288515167038,0.14217642191205995,21,0.031025438830952042
1433,3,0.5069004114584788,0.08715575666506092,21,0.019018945341371128
1433,4,0.5248285539310495,0.09134939102869462,21,0.01993407138462443
1433,5,0.4944531660566282,0.06360739730757321,20,0.01422304642515708
1434,1,0.3699196612631107,0.23748731042404672,19,0.05448332560587859
1434,2,0.44722340167403296,0.14799631993027632,21,0.03229544469787585
1434,3,0.4676453884731384,0.08093357033702722,21,0.017661152968212374
1434,4,0.523863550458073,0.08058610395409097,21,0.017585329587200094
1434,5,0.5526183950160599,0.13544376348874948,21,0.029556252314137648
1435,1,0.36962730841469166,0.19936577297124355,19,0.04573764511486964
1435,2,0.45237100301510824,0.16098262483735382,21,0.03512928875665962
1435,3,0.4948388719326302,0.08657535730729689,21,0.018892291818025535
1435,4,0.478517761016452,0.08356702662530947,21,0.018235820243470036
1435,5,0.5355860324189197,0.13533124148869274,21,0.02953169800068013
1436,1,0.4139769880372165,0.2042404402466286,19,0.04685597048522692
1436,2,0.4725643771325681,0.14129145230936233,21,0.03083232263132838
1436,3,0.4710520444827906,0.08279518260304976,21,0.018067390069341258
1436,4,0.489678083736229,0.09802112277502499,21,0.021389962610529136
1436,5,0.5311175011885935,0.12140471050613234,21,0.02649267979135962
1437,1,0.3965660610213753,0.22121175896530815,19,0.05074945802382398
1437,2,0.4389075202595367,0.13882186094037205,21,0.030293413613042306
1437,3,0.49142127415163184,0.07706156161021302,21,0.01681621139287163
1437,4,0.5145550238348808,0.07778893852160038,21,0.01697493804788095
1437,5,0.5191112915879164,0.10085918807608464,21,0.02200927923287835
1438,1,0.42936846572591864,0.23000565338240192,19,0.052766915765101785
1438,2,0.4362384765596434,0.13038805126990763,21,0.02845300546010165
1438,3,0.49702216436382246,0.08178525455145272,21,0.017847005700631607
1438,4,0.48791702125054087,0.07743358501530374,21,0.016897393555448937
1438,5,0.5261739541429562,0.07948685299092818,21,0.01734545336117883
1439,1,0.412466129697482,0.21370815333712886,19,0.049028012831959955
1439,2,0.45788348733249,0.14866665529476833,21,0.03244172386686587
1439,3,0.49754817269919344,0.07447948806346304,21,0.016252756751065682
1439,4,0.4909388083277472,0.09154987436923137,21,0.019977820436223825
1439,5,0.5091162001509163,0.07947911454643705,21,0.017343764694148268
1440,1,0.41234141728457635,0.19748253799216697,19,0.045305601380094075
1440,2,0.43740636420263873,0.14363030750573694,21,0.031342702677848736
1440,3,0.50017503849213,0.06649582880460209,21,0.014510579471233999
1440,4,0.5129576718854368,0.11395168897291687,21,0.024866297156497918
1440,5,0.49510539788932467,0.0979861885896545,21,0.021382339346300475
1441,1,0.3767394344328076,0.2049581671936658,19,0.04702062833950013
1441,2,0.45056521803994376,0.14167366345932098,21,0.03091572794209703
1441,3,0.46940710573628375,0.08158434151227535,21,0.01780316288110142
1441,4,0.4880798185711844,0.0668855177108243,21,0.01459561656219818
1441,5,0.5110942452399603,0.07536331637690404,21,0.01644562390095561
1442,1,0.39385496654667845,0.22237436905675065,19,0.05101617907115759
1442,2,0.45125466957632554,0.10734463284824959,21,0.023424519308302232
1442,3,0.48267258511098854,0.09728258853769613,21,0.021228801227392183
1442,4,0.49783873105027787,0.06231464393473802,21,0.01359817013024561
1442,5,0.494720544222099,0.07639229397103295,21,0.01667016522064653
1443,1,0.3865754170705936,0.2147166924068761,19,0.049259387562783155
1443,2,0.4592424072125835,0.11002859179287672,21,0.024010207166678784
1443,3,0.49937455437323247,0.06662367918728317,21,0.014538478712008529
1443,4,0.5024393683853654,0.09421374846532746,21,0.020559125421328223
1443,5,0.4978696101500496,0.06337684118392327,21,0.01382996057297729
1444,1,0.3944589443158458,0.23091672353887444,18,0.05442759370123913
1444,2,0.4480074983140174,0.12616121026264787,21,0.02753063313313445
1444,3,0.46827425940535583,0.09435913773621163,21,0.02059085196128352
1444,4,0.48494472700255437,0.08051442570069087,21,0.017569688109967323
1444,5,0.5434834791349887,0.11413597154188898,21,0.024906510909906282
1445,1,0.4102214041460226,0.2239690153107128,19,0.05138201601177426
1445,2,0.4481201769212906,0.12960481901348564,21,0.028282090169540468
1445,3,0.49611789437383536,0.07082650871301523,21,0.015455611304135315
1445,4,0.5151433294499492,0.08733201380613731,21,0.019057407802835845
1445,5,0.5189989732662844,0.1249705535860245,21,0.0272708105451663
1446,1,0.3955115301557379,0.23325852773711012,19,0.0535131763223759
1446,2,0.4367622890465078,0.13174178318315444,21,0.028748413982155503
1446,3,0.5022288658225308,0.09975622093841847,21,0.021768592071097208
1446,4,0.4955907494854112,0.09979892838589369,21,0.021777911600182612
1446,5,0.49619592133950957,0.13783258216792954,21,0.03007753528646465
1447,1,0.42809026802546535,0.19370367193005358,19,0.04443867004925577
1447,2,0.4323661266995395,0.13512987199021048,21,0.029487755573563455
1447,3,0.5023649711248868,0.0812843375676968,21,0.017737696653253015
1447,4,0.5075211297182003,0.07269905620634137,21,0.015864234667495643
1447,5,0.5361817124515137,0.12320141556028236,21,0.026884752977652582
1448,1,0.4112023157345351,0.22281343773610188,19,0.051116908334450525
1448,2,0.4679247534833541,0.15146862724184315,21,0.033053164273656975
1448,3,0.4762113530986206,0.07170911426626674,21,0.01564821162587643
1448,4,0.492334423321545,0.0702910088981746,21,0.015338755664319031
1448,5,0.503968040611481,0.08340110410247828,21,0.01819961298059518
1449,1,0.3635006594260018,0.22966045561964005,19,0.0526877219670273
1449,2,0.43926289327287327,0.15611079818125342,21,0.03406616902216992
1449,3,0.5240615218096701,0.08386968020482918,21,0.0183018646690652
1449,4,0.5127400726492353,0.0883267357829848,21,0.01927447393399488
1449,5,0.5003134908294271,0.09125927540157013,20,0.02040619433752852
1450,1,0.39803986491351206,0.25651855169143506,19,0.0588493917877042
1450,2,0.4499678410565344,0.134264532874432,21,0.02929892309737959
1450,3,0.5172980330662924,0.10095426093081854,21,0.022030025830657093
1450,4,0.513435445389633,0.07826463320750883,21,0.017078743138636367
1450,5,0.5268341638775984,0.10492203414710374,21,0.02289586493084973
1451,1,0.40983859306451076,0.2164291648325033,19,0.049652255681041514
1451,2,0.41231956399838665,0.14068731968553538,21,0.030700490084734133
1451,3,0.5081372024945825,0.08107448303985781,21,0.01769190264093152
1451,4,0.5259603854099182,0.07458895511410846,21,0.016276644419907883
1451,5,0.5143700258109413,0.07734809123060332,21,0.016878737282123323
1452,1,0.41884214433596706,0.2743727371761057,20,0.0613516091498456
1452,2,0.45158284546682786,0.11476949399867714,21,0.025044756843843715
1452,3,0.4900856769850116,0.07534245901927776,21,0.01644107245237851
1452,4,0.5315805876603192,0.09070368052637648,21,0.019793165801105343
1452,5,0.4839433835154555,0.13322072272064797,21,0.029071145047813936
1453,1,0.4015163016921183,0.20658713722704472,19,0.04739433969516091
1453,2,0.4231707384680987,0.13035679765003572,21,0.028446185361110963
1453,3,0.49305160048398033,0.09419405701993978,21,0.02055482839566003
1453,4,0.5096904086623647,0.07911164526558463,21,0.017263576322954114
1453,5,0.4931182055769906,0.07475091783415296,20,0.016714813365766735
1454,1,0.41227678657548966,0.22810494903739117,19,0.052330864282920185
1454,2,0.44121188860546684,0.12816292790166903,21,0.027967443733169818
1454,3,0.47626138942418816,0.0824691150850562,21,0.017996236303490218
1454,4,0.5278742574193577,0.08573366868028179,21,0.01870862030160267
1454,5,0.48764784981953885,0.12383519493673298,21,0.02702305497605672
1455,1,0.42870835566576954,0.2380395981011936,19,0.054610029088638906
1455,2,0.44609200544006794,0.12916075598164858,21,0.02818518767160119
1455,3,0.4619135743530428,0.07933818199050068,21,0.017313010689126263
1455,4,0.4938007370605429,0.09617491516620623,21,0.02098708708119507
1455,5,0.5585006682223869,0.10139222784666387,21,0.022125598047026025
1456,1,0.3762802551309553,0.22981831647838977,19,0.0527239377317868
1456,2,0.45739478424017627,0.1571746972595179,21,0.034298330834452814
1456,3,0.4762703812687815,0.07575970109697903,21,0.016532122138292162
1456,4,0.5346317592701032,0.09967261826474015,21,0.021750348472029037
1456,5,0.5183139909321349,0.07391633740767688,21,0.01612986720307501
1457,1,0.3569740646977537,0.238986123864339,19,0.0548271769912183
1457,2,0.44370357133663935,0.15902817219683352,21,0.03470279222487911
1457,3,0.4946322330148106,0.09860221831129956,21,0.021516768052480525
1457,4,0.5195704656254907,0.10496352890111423,21,0.022904919828525758
1457,5,0.559642996368269,0.11003940689592281,21,0.02401256721564819
1458,1,0.4018855817946377,0.2299474961267722,19,0.0527535735756216
1458,2,0.45624035202587115,0.1729219473432985,21,0.037734662524753965
1458,3,0.49019742112628334,0.07398957571400389,21,0.01614584911176615
1458,4,0.5074682235940078,0.08101270891192115,21,0.01767842242106201
1458,5,0.5287799447592749,0.09426519211584504,20,0.021078337748310673
1459,1,0.43300968695303305,0.25935692184917225,20,0.05799397076898496
1459,2,0.44455515645912524,0.17219486061522077,21,0.03757599919293426
1459,3,0.48186218699414074,0.1010406724216935,21,0.022048882363887974
1459,4,0.4896984873453515,0.07460199416644459,21,0.016279489774399348
1459,5,0.5428234842726656,0.08292289227839163,20,0.01854212240253761
1460,1,0.420173273707083,0.20177608011707848,19,0.046290607497584825
1460,2,0.4614260362238789,0.14721485380047053,21,0.03212491480773875
1460,3,0.4646862099615697,0.09534123126620593,21,0.02080516233941329
1460,4,0.4939963300088072,0.07652708404952102,21,0.01669957882719894
1460,5,0.5055854019073561,0.08640636567559551,21,0.018855414820688123
1461,1,0.38251245846686355,0.21784497133805725,19,0.049977063969531894
1461,2,0.4557616744997612,0.11121276851240285,21,0.024268615712080353
1461,3,0.47923286516831276,0.0683246991209955,21,0.0149096716931926
1461,4,0.5181210010005811,0.07517275558577267,21,0.016404040127153224
1461,5,0.5095039288221842,0.09840938972263098,21,0.021474689404684087
1462,1,0.42963050631996397,0.2624415957093131,20,0.05868372481295411
1462,2,0.4657266003960562,0.13765504080294036,21,0.030038792584367095
1462,3,0.4617611060851951,0.07482600192272483,21,0.01632837227437132
1462,4,0.5100176401019757,0.08442760815796799,21,0.018423614529902835
1462,5,0.5022863644716138,0.04277027558964426,21,0.009333239303984137
1463,1,0.38861623139314133,0.21149543401888551,19,0.04852038020571559
1463,2,0.4323596476962813,0.13897592271757372,21,0.030327032649029265
1463,3,0.4773975949397584,0.07396808186492985,21,0.016141158769368162
1463,4,0.5266132625637121,0.09454031472246567,21,0.02063038802098319
1463,5,0.4910762940242229,0.1339449633529042,21,0.029229187310608074
1464,1,0.39821366298614636,0.22497726914396493,19,0.0516133253048576
1464,2,0.4063733043441228,0.11991533967747316,21,0.02616767243135058
1464,3,0.48982572466102037,0.07717663752336945,21,0.016841323015857605
1464,4,0.5242390166130717,0.09295534385618558,21,0.020284519022458033
1464,5,0.5155947557705799,0.053096792985433336,20,0.011872803850266293
1465,1,0.39905224404387984,0.21443208550477416,19,0.04919409426147281
1465,2,0.42519892921545005,0.14931061877743163,21,0.03258224821944168
1465,3,0.4754361196709121,0.07019001288323123,21,0.015316716527015845
1465,4,0.5302921905521604,0.08736175818813942,21,0.019063898559122716
1465,5,0.5023451387933553,0.14555375460098732,21,0.03176243324495483
1466,1,0.4154840454170327,0.25197776979759146,20,0.05634394220862079
1466,2,0.4628338257409378,0.13310262697008063,21,0.029045374442279295
1466,3,0.4879467967210208,0.07434653602170421,21,0.016223744237010503
1466,4,0.5033500575731376,0.07385197888228492,21,0.01611582302144528
1466,5,0.5238375808882998,0.07325834616947662,21,0.01598628174328118
1467,1,0.3839354899998499,0.2532567157522433,19,0.05810107530194915
1467,2,0.44767848434835983,0.13582338951247058,21,0.029639093504112746
1467,3,0.4762418921286138,0.08874714174029229,21,0.01936621403504116
1467,4,0.5294234472695896,0.0976596506517015,21,0.02131108292639836
1467,5,0.5222608609602525,0.08364070167271152,21,0.018251897456877147
1468,1,0.4614250636440624,0.2581636976870869,20,0.05772715773510315
1468,2,0.4219508715039643,0.15724301895875184,21,0.03431323985151698
1468,3,0.511062862203805,0.08658765339709652,21,0.018894975044799762
1468,4,0.5191365070312303,0.09982275274932305,21,0.021783110502506385
1468,5,0.5017521553484746,0.06736187539780174,20,0.015062573248135537
1469,1,0.40403313327849294,0.19225206699824482,19,0.04410564903853474
1469,2,0.46109828269531344,0.13197835508348704,21,0.028800038203135203
1469,3,0.48182658785017424,0.08994636941797794,21,0.019627906968778332
1469,4,0.5059882415936043,0.08991568813845494,21,0.01962121176469108
1469,5,0.5015238607206244,0.16025679698845977,21,0.03497090013479943
1470,1,0.385467905839011,0.21189198315611085,19,0.048611354817047876
1470,2,0.4622207908829349,0.12187624445363178,21,0.026595576934557597
1470,3,0.4633132493503,0.08857577334267745,21,0.01932881838486053
1470,4,0.49977859332045876,0.08139874679413668,21,0.017762662793270257
1470,5,0.5358216379617632,0.10824851616719439,21,0.023621762819181873
1471,1,0.39658196460271605,0.25772816489433037,19,0.05912689608834595
1471,2,0.43999550155656597,0.11458478437007395,21,0.025004449898383654
1471,3,0.48617817185052026,0.08441836337884522,21,0.018421597153706965
1471,4,0.4908077130876614,0.07193256510634047,21,0.01569697259676878
1471,5,0.5580358575563774,0.1398768194016157,21,0.030523624422741504
1472,1,0.418689282852547,0.21147150308692264,19,0.04851489007339712
1472,2,0.45433682280811943,0.14396361956242265,21,0.031415437331648914
1472,3,0.478938584422287,0.07562951830730683,21,0.016503713924584856
1472,4,0.5222075208397601,0.08897486046320384,21,0.019415906334322153
1472,5,0.5213961706033601,0.07910829889608038,21,0.017262846085260946
1473,1,0.4292030527744357,0.25225635163048366,20,0.056406235000185136
1473,2,0.43991903438171953,0.11682508981627895,21,0.025493324626338715
1473,3,0.49591693903831624,0.07654677104124497,21,0.016703874880998035
1473,4,0.5270617556279753,0.0664811786800917,21,0.014507382551971646
1473,5,0.5368651975415067,0.06646479486270518,21,0.01450380730990755
1474,1,0.4010655273621612,0.20813852843894254,19,0.04775025324855879
1474,2,0.44781388058655963,0.14747425022604102,21,0.03218151974846149
1474,3,0.5112981564474279,0.06655231153272555,21,0.014522905012999875
1474,4,0.5037186035794102,0.08558382766187143,21,0.01867592231069435
1474,5,0.5425660826813067,0.12685877928475608,21,0.02768285517343289
1475,1,0.41262332020367215,0.2357444172781936,19,0.05408347849576472
1475,2,0.4525229093371011,0.14309266955001598,21,0.03122538045744052
1475,3,0.49280431442125694,0.08168238700004371,21,0.01782455816058939
1475,4,0.5190432812070247,0.09808240265055862,21,0.02140333497568201
1475,5,0.501284783998362,0.06548198088745409,21,0.014289339717733808
1476,1,0.38315320627830185,0.2107214887600327,19,0.04834282498618023
1476,2,0.42953943631931757,0.13762391202412047,21,0.030031999727927396
1476,3,0.48129161246835295,0.08058825150174413,21,0.01758579822051815
1476,4,0.5281973812355353,0.08530000731769505,21,0.018613987633982126
1476,5,0.530361641011161,0.08578027444677369,21,0.018718790513639363
1477,1,0.42019661691911486,0.19647728811951276,19,0.04507498124283582
1477,2,0.4546542962490683,0.1356575390829601,21,0.029602901973290238
1477,3,0.49247560485396424,0.061145200996951504,21,0.013342976759610456
1477,4,0.486581787561387,0.10071648419046782,21,0.02197813869203057
1477,5,0.49804348367739787,0.0833914386935341,21,0.018197503815447113
1478,1,0.43358315644682105,0.2438562690363711,20,0.054527919430480284
1478,2,0.4495252952019066,0.12109643616712365,21,0.026425408815487248
1478,3,0.4953651941484492,0.05249873622201037,21,0.011456163458422977
1478,4,0.49517874273615153,0.09307996060881009,21,0.020311712627303816
1478,5,0.4706595423484979,0.15049649321797903,21,0.03284102723794272
1479,1,0.407162698093707,0.21333536417394555,19,0.048942489132509266
1479,2,0.4314505916424058,0.13158525664463835,21,0.02871425709115458
1479,3,0.5066076778961561,0.07153160641420285,21,0.015609476236898727
1479,4,0.48597248889769995,0.07274719231550938,21,0.015874738827682457
1479,5,0.5379091637376279,0.09024278770854416,21,0.01969259074277305
1480,1,0.4187779527404287,0.2118299519999596,19,0.0485971238938366
1480,2,0.45607390962115946,0.15287059819628238,21,0.033359099417506845
1480,3,0.4834327437248965,0.07176382199057454,21,0.015660149830054492
1480,4,0.5072885913230036,0.0900039780814136,21,0.019640478209772577
1480,5,0.504911463765931,0.08959746702785788,21,0.01955177022530804
1481,1,0.42133747723788867,0.22093758453510084,19,0.05068655809570943
1481,2,0.4194442597083496,0.13697827578949648,21,0.029891110350947835
1481,3,0.5126586119422017,0.09807466810423046,21,0.021401647159300347
1481,4,0.5052861857685584,0.07343558085136957,21,0.01602495752164051
1481,5,0.5097038606648605,0.06287640802839818,21,0.013720757105574464
1482,1,0.39006367266623787,0.23290780337674769,19,0.05343271463585707
1482,2,0.4301540715025989,0.14289385137867683,21,0.03118199477555031
1482,3,0.4891805430699619,0.07830084558237409,21,0.0170866453266799
1482,4,0.5094742629156168,0.08706592965588052,21,0.01899934348094157
1482,5,0.5128053750579913,0.08747379875854895,21,0.01908834781601832
1483,1,0.4093976205867248,0.20961570715923908,19,0.048089141288733595
1483,2,0.43026919209223,0.13779590209671327,21,0.030069531038710132
1483,3,0.4830983141411845,0.06112364021381031,21,0.01333827181100155
1483,4,0.4978465278017553,0.09094785391214563,21,0.019846448802199667
1483,5,0.5383362478646906,0.08260204648281318,21,0.018025244312654867
1484,1,0.43878061097015736,0.18310480622939873,19,0.042007123496344514
1484,2,0.4416156207297151,0.13382865654253343,21,0.029203807083828883
1484,3,0.4946324123079293,0.0880711614398709,21,0.019218703040042112
1484,4,0.5103902515134094,0.12401817866112319,21,0.027062985298340673
1484,5,0.5349448873362941,0.1367778476967603,21,0.029847373355406923
1485,1,0.39344546685271287,0.22649351668959133,19,0.05196117634826692
1485,2,0.45614852060953837,0.13817718107394045,21,0.030152732932711982
1485,3,0.49204715611040795,0.07366086076913993,21,0.016074117630008895
1485,4,0.5163291131511086,0.07373641317926762,21,0.016090604517549203
1485,5,0.5052297902101347,0.06781679648144016,20,0.015164296694876876
1486,1,0.4049209118050472,0.20182408523826412,19,0.04630162062769117
1486,2,0.4249750739771986,0.1306387245390179,21,0.028507706852025454
1486,3,0.4706231101620378,0.0972253543374747,21,0.02121631170097052
1486,4,0.5188594644177359,0.07925525952449003,21,0.017294915523540257
1486,5,0.5546346813498084,0.12707311948940617,21,0.02772962804068438
1487,1,0.3987544867199744,0.25845681066714743,19,0.05929405889304846
1487,2,0.4542681016897654,0.1490052586604425,21,0.0325156131789501
1487,3,0.47714903908457745,0.0883829699710272,21,0.019286745239868622
1487,4,0.5428779791215106,0.05769899099077468,21,0.012590952082752384
1487,5,0.507231961137196,0.09575889856870366,21,0.020896304816984904
1488,1,0.3944719406155588,0.22206544250782892,19,0.05094530646022461
1488,2,0.4508133621378561,0.14583561054583272,21,0.031823939254589456
1488,3,0.4878974601118743,0.08564187391420988,21,0.01868858904141575
1488,4,0.5293480626093092,0.05983931597798114,21,0.013058009285879954
1488,5,0.5300372234389498,0.09113662194477698,20,0.02037876819082204
1489,1,0.3862051514043307,0.23122942774488858,19,0.05304766885856364
1489,2,0.43546405706469865,0.11547857229240656,21,0.025199490413113486
1489,3,0.48425141815782974,0.07274225744010328,21,0.015873661949582757
1489,4,0.5162015092652913,0.0674046197894619,21,0.014708893922615597
1489,5,0.5101864736786882,0.05178524451674723,20,0.011579532697089504
1490,1,0.40990767753995966,0.18281191908139374,19,0.041939930576343695
1490,2,0.4471435098394236,0.14730400248879094,21,0.03214436864642133
1490,3,0.4927300570312771,0.09360239673270894,21,0.02042571753604409
1490,4,0.5097621447708387,0.08123510202830987,21,0.017726952577723366
1490,5,0.5673038306389181,0.1311603972111211,21,0.02862154516192559
1491,1,0.44115807610081875,0.22283736719720404,18,0.05252327114896657
1491,2,0.4110685320396476,0.11926342884956222,21,0.026025413825861855
1491,3,0.47038498349234265,0.06966701206170883,21,0.015202588391151536
1491,4,0.5124946450278647,0.10440426813798363,21,0.02278287912470363
1491,5,0.5457177815461427,0.12423510523011622,21,0.027110322556562465
1492,1,0.4098474040773162,0.23019196026722566,19,0.052809657495808765
1492,2,0.4316597046557433,0.12164130017891499,21,0.026544307890605873
1492,3,0.4907358319575386,0.07686754114706022,21,0.016773872656739817
1492,4,0.5388692234079149,0.08192158573916149,21,0.01787675560478678
1492,5,0.5125763452894917,0.09801110187219801,21,0.021387775870255973
1493,1,0.39070989871550316,0.22425300576228746,19,0.051447167889634486
1493,2,0.4377114972618028,0.14189400407778383,21,0.030963810206991287
1493,3,0.5007452899179514,0.08460468995087185,21,0.01846225694514952
1493,4,0.5298290003420144,0.06356745550558335,21,0.013871556028098718
1493,5,0.5207422031977526,0.052021232145890654,21,0.011351963526353046
1494,1,0.4165491182696436,0.20837280817534962,18,0.04911394189189113
1494,2,0.42944336286734214,0.1417740643733145,21,0.030937637217726462
1494,3,0.4894268262764479,0.0978685709162536,21,0.021356673065756466
1494,4,0.5109672575918248,0.11016816043551346,21,0.024040663541418077
1494,5,0.5564541673439998,0.13214560446198872,21,0.02883653500965512
1495,1,0.4058867003350598,0.2167186837619426,19,0.04971867587870825
1495,2,0.4420579930697822,0.14298437109733309,21,0.031201747797580233
1495,3,0.4864029086792007,0.07754783838454235,21,0.01692232568463654
1495,4,0.5147138967218416,0.08302061154067737,21,0.0181165826965085
1495,5,0.4974605519395898,0.11340730711262632,21,0.02474750329546257
1496,1,0.3956197738296044,0.21931869217809072,19,0.05031515871756851
1496,2,0.4384300417314277,0.13433247449870522,21,0.029313749175287705
1496,3,0.49958232446102385,0.07132808632755135,21,0.015565064512968988
1496,4,0.5069118070999095,0.06727936142377186,21,0.01468156030632031
1496,5,0.5195756056408736,0.0967409025675691,21,0.02111059565782063
1497,1,0.45870012928116655,0.22714285511088017,18,0.05353808438232561
1497,2,0.42320413977192206,0.14785426788556574,21,0.0322644464003754
1497,3,0.45717820467192005,0.08323680238407939,21,0.018163759406244026
1497,4,0.5245707700544979,0.08881468832173822,21,0.019380953907536948
1497,5,0.49582374264357965,0.1392616101222187,21,0.030389374751737884
1498,1,0.42123966741335583,0.22646127316882875,19,0.0519537791772886
1498,2,0.4650766344673388,0.13017124394157287,21,0.028405694222324737
1498,3,0.4795052128683556,0.08050487236559285,21,0.01756760340133752
1498,4,0.49774941124501604,0.0925062411368053,21,0.020186516774535625
1498,5,0.5445027049663672,0.07881023653553375,21,0.0171978035457837
1499,1,0.39515626821099287,0.25094325496861675,19,0.0575703309984927
1499,2,0.4348959144987819,0.133764527298723,21,0.029189812935542146
1499,3,0.4834867198122198,0.0790235555045147,21,0.017244353561142043
1499,4,0.5304843588079122,0.0838213418021653,21,0.018291316364818507
1499,5,0.5157718459313413,0.08397197295788962,21,0.018324186777824478
1500,1,0.4068795333794172,0.2167866828305611,19,0.049734275934937885
1500,2,0.43214263958920374,0.16668535899699857,21,0.03637372737355402
1500,3,0.48120485431401794,0.06427591705788188,21,0.01402615501335462
1500,4,0.5254719500254398,0.05498249480764936,21,0.011998164016836649
1500,5,0.5438597652730243,0.12803657476097985,21,0.027939871217383935
1501,1,0.43126825459903584,0.21867965122651375,19,0.050168552668689144
1501,2,0.4423481442536103,0.13473496184854047,21,0.029401579115615428
1501,3,0.4654048998865082,0.0835297442200418,21,0.0182276845556496
1501,4,0.5323435783797785,0.0803241204952118,21,0.017528160109526757
1501,5,0.537803584576189,0.15306665684695314,21,0.03340188292261873
1502,1,0.3607449452412586,0.23085524278939135,19,0.052961824942394924
1502,2,0.4318575503719839,0.13083282248599545,21,0.028550062496514032
1502,3,0.5011236642779057,0.10088770242770156,21,0.022015501574529642
1502,4,0.5162751073162883,0.10620253824825475,21,0.02317529383424144
1502,5,0.5138631823067451,0.12115724342619419,21,0.026438678047272655
1503,1,0.4217182530989653,0.20875129597975242,19,0.04789083176362575
1503,2,0.43707162864011356,0.14414064583066327,21,0.03145406763042073
1503,3,0.4697220644776994,0.0873813686821676,21,0.019068177919756034
1503,4,0.5043807836610275,0.07871944852931936,21,0.017177991978608864
1503,5,0.5403790683210717,0.12751629781988555,21,0.0278263374809599
1504,1,0.3616472298089325,0.22411371345927006,19,0.051415212043715235
1504,2,0.42485955702086514,0.14182005507303194,21,0.03094767321118928
1504,3,0.5140134680360893,0.09435655943719692,21,0.02059028933031213
1504,4,0.5260651881945112,0.10055894298050473,21,0.021943760381567198
1504,5,0.5499312672695251,0.09897191083285874,21,0.021597441574571195
1505,1,0.44313366794572745,0.24724985311832048,20,0.05528674789994029
1505,2,0.4405323237464077,0.1211135124587166,21,0.026429135167811715
1505,3,0.46861940150247156,0.07249872187109434,21,0.015820518131516206
1505,4,0.501838757668817,0.09123324040611588,21,0.019908725240815703
1505,5,0.5278872680458222,0.1542587671071757,21,0.03366202270853318
1506,1,0.408962438581522,0.20685617532307018,19,0.04745606126739973
1506,2,0.46050417684629597,0.12328764995760762,21,0.02690357086590267
1506,3,0.494777909867173,0.08639316731455993,21,0.018852534702188364
1506,4,0.5138546585536029,0.09028923148870807,21,0.019702725606495004
1506,5,0.5255108539515028,0.09699615758573324,21,0.021166296869356557
1507,1,0.45845296720802237,0.20067531857164003,19,0.04603807547982157
1507,2,0.43400158788741877,0.13520529884360824,21,0.02950421506237905
1507,3,0.4860027047071379,0.07207134941810138,21,0.0157272578164791
1507,4,0.518719601269147,0.07418194087032146,21,0.016187826630332684
1507,5,0.49758821547355386,0.13925925172910794,21,0.03038886010816891
1508,1,0.4257544815403531,0.20211599557732543,18,0.047639197019665694
1508,2,0.4512756573930393,0.1299783395310262,21,0.028363599028838025
1508,3,0.5008711020306539,0.08294327177890463,21,0.018099705776863095
1508,4,0.5179147968116138,0.07034467709586308,21,0.015350467025191376
1508,5,0.5241973634711444,0.0812041914368832,20,0.018157809211077715
1509,1,0.381425650334517,0.22703721455828874,19,0.052085909193817996
1509,2,0.441305984157206,0.12588708588648162,21,0.027470814290105193
1509,3,0.48265774473737694,0.07015712232279105,21,0.015309539218307909
1509,4,0.5029174591785222,0.06909701453841097,21,0.015078204734177736
1509,5,0.5107260323895628,0.09030928090890167,21,0.019707100748670107
1510,1,0.3867516507623419,0.21596107372067244,19,0.04954486821510255
1510,2,0.43348013550157194,0.1205529008188617,21,0.02630679967852084
1510,3,0.502240472887296,0.0819806934582573,21,0.01788965396654453
1510,4,0.4692055764549079,0.07385514042162071,21,0.01611651292588903
1510,5,0.5529603749819275,0.13299847626443093,21,0.029022646895025827
1511,1,0.3942695843612283,0.20448536416882293,19,0.04691215988657958
1511,2,0.44935704110338837,0.14443826257834294,21,0.03151901292919829
1511,3,0.5085770462872032,0.08230659756886767,21,0.017960772073981165
1511,4,0.47798966895469147,0.13117696637531712,21,0.028625160849979413
1511,5,0.5484626741204767,0.09350643279447086,21,0.020404776487903044
1512,1,0.4195307552399769,0.2249670054150333,19,0.0516109706439525
1512,2,0.43862563965817386,0.13644912437156606,21,0.029775640044911678
1512,3,0.48642932134125255,0.07001225718774422,21,0.015277927054169237
1512,4,0.5228370115925232,0.07881489158359649,21,0.0171988193605509
1512,5,0.5073190029855164,0.08229951444448523,21,0.017959226409522147
1513,1,0.3659023071790346,0.25800687464744165,19,0.05919083649089286
1513,2,0.478461098740505,0.14413448638617293,21,0.03145272352943902
1513,3,0.48688977510468934,0.08136773955838937,21,0.01775589645970343
1513,4,0.5055464163401593,0.08969572297752001,21,0.019573211431346445
1513,5,0.5442386497452711,0.13145966165126954,21,0.028686850016677437
1514,1,0.4096490356981094,0.21768772344906537,19,0.04994098882967923
1514,2,0.4289414751368212,0.11508949359955323,21,0.025114586481623256
1514,3,0.47489262405873883,0.08221222873744696,21,0.017940179106684502
1514,4,0.5098796530319832,0.07044087683517299,21,0.015371459529344838
1514,5,0.5335552369270298,0.0856583296849226,21,0.018692179984982887
1515,1,0.38837864144975465,0.22545514813382686,19,0.0517229582640181
1515,2,0.475260802162998,0.12870408300418937,21,0.02808553345793225
1515,3,0.48090783935573134,0.07861224912305982,21,0.017154599150340358
1515,4,0.5323164531141844,0.08365359085088708,21,0.018254710106145496
1515,5,0.5537350588651705,0.1119959970103283,21,0.024439530182470352
1516,1,0.37974646686757524,0.22143447590303372,19,0.0508005527935377
1516,2,0.4462746902896111,0.14302399065273153,21,0.03121039349337137
1516,3,0.5023695753289825,0.0779167884029281,21,0.017002837179251207
1516,4,0.5063320733430229,0.06697588995416554,21,0.014615337402476
1516,5,0.5647482650953373,0.10143845393134318,21,0.022135685405698616
1517,1,0.4173567872672967,0.244613989549517,19,0.05611829792750836
1517,2,0.4402237756899949,0.11628007322418048,21,0.025374392255467372
1517,3,0.4832886387751866,0.07761911456131576,21,0.016937879421556123
1517,4,0.5111093892226324,0.07743981783627886,21,0.016898753668492347
1517,5,0.5111498885169334,0.07629518693111684,21,0.016648974727268975
1518,1,0.36993637623516895,0.23701531317233998,19,0.05437504200999339
1518,2,0.4406746373085624,0.13650402620864616,21,0.029787620607969377
1518,3,0.5109313124242016,0.08263160868469072,21,0.018031695313979315
1518,4,0.534992356863132,0.0979125743252699,21,0.021366275396835194
1518,5,0.5325067802406465,0.1331601625457221,21,0.02905792973420929
1519,1,0.40832664344204345,0.21078682226229176,19,0.04835781351954733
1519,2,0.43000029060522205,0.15378169223466312,21,0.03355791643636888
1519,3,0.508850791120559,0.07615042786752155,21,0.016617385709818674
1519,4,0.5217736239358817,0.08608117048893758,21,0.01878445141314073
1519,5,0.521901786048892,0.08987749385800456,21,0.01961287708939212
1520,1,0.3905477582247717,0.23810234540078734,19,0.0546244243064236
1520,2,0.440355111140023,0.12711375702095817,21,0.027738495877084057
1520,3,0.5016746169597942,0.06973612689078175,21,0.01521767048333585
1520,4,0.5057050817451435,0.07602374084384353,21,0.016589740334791377
1520,5,0.5556103889552164,0.11973222105352532,21,0.026127712671569766
1521,1,0.3985013050647476,0.23200241167516628,19,0.053225003534198456
1521,2,0.4496215331575395,0.1181374463247545,21,0.02577970429485572
1521,3,0.48217299630611504,0.05758485881719326,21,0.012566046400625397
1521,4,0.5180840936019766,0.05925442611772023,21,0.012930375854553394
1521,5,0.5224898458354433,0.09048206658144113,21,0.019744805673594677
1522,1,0.39085887246884515,0.2115524643954837,19,0.04853346387141578
1522,2,0.42806115231958486,0.15898523635535808,21,0.03469342285613684
1522,3,0.5175451561148334,0.08179882627605824,21,0.017849967293741886
1522,4,0.49905069535374985,0.09511111714923366,21,0.020754947322294083
1522,5,0.5000111926818848,0.09727366024155497,20,0.02175105167203355
1523,1,0.39602279182594147,0.23564215670322927,19,0.054060018310913255
1523,2,0.4318098580994543,0.14528966645727517,21,0.03170480448739762
1523,3,0.5055071178982732,0.0766084873665253,21,0.016717342487293826
1523,4,0.512369043699001,0.09715778649451928,21,0.021201567188832992
1523,5,0.5031026977003783,0.15383456809598997,21,0.033569454895272036
1524,1,0.4030809920450991,0.21753762574371746,19,0.049906554054454544
1524,2,0.43308365612768185,0.10692197232101093,21,0.02333228721976218
1524,3,0.48620357122537766,0.05494742617946906,21,0.011990511414781673
1524,4,0.4954415491013898,0.08105270375852339,21,0.017687150012107865
1524,5,0.4958660218132985,0.13292462150130094,21,0.02900653046443172
1525,1,0.4401668869971566,0.17877679194981858,19,0.041014208924192365
1525,2,0.4608904625753669,0.10498404599170548,21,0.022909397024748365
1525,3,0.4754097073568347,0.050759623835150265,21,0.011076658022479084
1525,4,0.5034467417872437,0.07746184812373341,21,0.01690356107134197
1525,5,0.5544357429968306,0.13080488303510016,21,0.02854396560848531
1526,1,0.42568380436962366,0.20270449288335046,18,0.047777907164932465
1526,2,0.45143825879245253,0.12271423537807523,21,0.026778441546126554
1526,3,0.48030368661414435,0.08494074541516489,21,0.018535590259569825
1526,4,0.4921029803345495,0.06493132116815817,21,0.014169175915551108
1526,5,0.5259917512651767,0.1092248579574408,21,0.023834818064798678
1527,1,0.40964277328243665,0.23088855026847394,19,0.05296946620215203
1527,2,0.4350733461003609,0.12732251979438175,21,0.027784051649060365
1527,3,0.46858087577897706,0.08903316717473556,21,0.019428629901899204
1527,4,0.5248354752176672,0.0751755562457649,21,0.016404651281267998
1527,5,0.4908356902567837,0.10190989910001552,21,0.022238563175768247
1528,1,0.39301732325213107,0.2070378089025666,19,0.04749773086833544
1528,2,0.45046641374239915,0.12133901180946341,21,0.026478343160381272
1528,3,0.4667021654826762,0.06864901852904638,21,0.01498044399018005
1528,4,0.5151309777493523,0.08271871774191697,21,0.018050704068667673
1528,5,0.5225843335985885,0.07991727852456082,21,0.017439379913031846
1529,1,0.4177932440648949,0.19952404245331323,19,0.04577395462424797
1529,2,0.4419985370781465,0.11526557043246505,21,0.025153009596620708
1529,3,0.47650936800982924,0.08277869340252314,21,0.01806379183079066
1529,4,0.526713373785734,0.08897439563488434,21,0.01941580490046695
1529,5,0.5298842041948201,0.12473033758054887,21,0.02721839111525049
1530,1,0.40484533093285807,0.22059640789262666,18,0.05199507197542332
1530,2,0.43251120514748864,0.14787019903262055,21,0.03226792286167474
1530,3,0.506619643640997,0.1053934401309338,21,0.022998734150085746
1530,4,0.5285444868442882,0.08488534039606929,21,0.0185234998931943
1530,5,0.48381030279196324,0.12935124100592457,21,0.028226754911720248
1531,1,0.39790320035976656,0.22802235415687483,19,0.052311915717792576
1531,2,0.41586504002035035,0.12255904500566359,21,0.026744576230473948
1531,3,0.49719561172042814,0.09063885962402654,21,0.019779020720551346
1531,4,0.5224814039502953,0.07506356361518139,21,0.016380212485700086
1531,5,0.5224272418526885,0.10904231417135578,21,0.023794983744923514
1532,1,0.4144478776023573,0.19065244414286428,18,0.04493721203440294
1532,2,0.4475728752532098,0.14893299330087556,21,0.032499843584648254
1532,3,0.4865700212106969,0.0675400727087589,21,0.014738452172890895
1532,4,0.5144200248780555,0.08169246779718112,21,0.017826757970872614
1532,5,0.5583222139678119,0.12637585700701504,21,0.027577472892836276
1533,1,0.4014832471782245,0.23161895652555606,19,0.05313703288964418
1533,2,0.44819602291391397,0.12439876284817818,21,0.027146035576696995
1533,3,0.48989451756790864,0.08897899501766704,21,0.01941680856807418
1533,4,0.5095488648254106,0.08884271427242228,21,0.01938706967136708
1533,5,0.5188653896775033,0.097495008029113,20,0.021800546541998443
1534,1,0.388624701150436,0.22196122930551154,19,0.05092139831193596
1534,2,0.44316584196117476,0.11245735886573281,21,0.024540207593192087
1534,3,0.47530433632798413,0.08165871052360578,21,0.017819391529852884
1534,4,0.49394698981130947,0.08551765582928039,21,0.018661482432993284
1534,5,0.5569916808530555,0.06490842448538003,21,0.01416417944974186
1535,1,0.3993025295553283,0.22959238997665557,19,0.05267210663759064
1535,2,0.43929229956085625,0.11623879941917231,21,0.02536538557281648
1535,3,0.46603465112594494,0.08197374965561753,21,0.017888138704582265
1535,4,0.5163214128024954,0.06829503251056271,21,0.014903197908053506
1535,5,0.5105490642136566,0.08326930450867709,21,0.018170851951301924
1536,1,0.3865853489870448,0.20378215692061294,18,0.04803191501446218
1536,2,0.4344958736512122,0.14659376549596395,21,0.03198938222827907
1536,3,0.4869998677056773,0.07185711951221355,21,0.0156805090183908
1536,4,0.5183275232902993,0.08873350276025575,21,0.01936323776559262
1536,5,0.5404413526370375,0.056049645747955956,21,0.01223103544359371
1537,1,0.4028267047124386,0.20056752774982817,19,0.046013346569331086
1537,2,0.4385787937060903,0.13225781510376486,21,0.028861021379165536
1537,3,0.49022196852660405,0.07027199771846547,21,0.015334607084792005
1537,4,0.5142076362139603,0.07782639507171135,21,0.016983111737221685
1537,5,0.5061583853127123,0.1411534908348975,21,0.030802216969436823
1538,1,0.38134250266761155,0.2348250813512715,19,0.05387256836941631
1538,2,0.45723905691754724,0.12561506619461935,21,0.027411454726844364
1538,3,0.4928020075080906,0.07924621148176623,21,0.017292941078746304
1538,4,0.5253650487932207,0.14981872672584168,21,0.032693126463955856
1538,5,0.5052257941114241,0.08152990827105158,21,0.017791284574042863
1539,1,0.37965283980705716,0.21139309564955622,19,0.04849690217361279
1539,2,0.4368796811379449,0.13482580349144715,21,0.029421402387276096
1539,3,0.49229901651601243,0.08692055227163034,21,0.01896761953486247
1539,4,0.5267911377099456,0.08541884347891238,21,0.018639919810366716
1539,5,0.5300022490184636,0.08917140441449026,21,0.01945879574071052
1540,1,0.41943602519726386,0.22685805050794505,19,0.05204480614172518
1540,2,0.4343949310357251,0.12108442019771952,21,0.02642278671599474
1540,3,0.46693732739452787,0.058552427312245595,21,0.012777187156274532
1540,4,0.5298987341750612,0.07671961246822517,21,0.016741591972539036
1540,5,0.5276340158756676,0.07017890034413814,21,0.015314291572179785
1541,1,0.4247948840293391,0.22385395849359377,19,0.05135562016763808
1541,2,0.4459204505679996,0.12885394392790037,21,0.02811823579253328
1541,3,0.4814968024268322,0.07114165338666163,21,0.015524381509937544
1541,4,0.4974236305857848,0.08385980912773768,21,0.018299710623447932
1541,5,0.545418207988948,0.06878476183079739,20,0.015380740326979584
1542,1,0.4269756986683773,0.20062546119814673,19,0.04602663741389274
1542,2,0.45719907779719066,0.1342926098357947,21,0.029305049992652397
1542,3,0.5037199148369602,0.06296069775278178,21,0.013739150631398026
1542,4,0.51264283695839,0.07655883070921098,21,0.016706506516298524
1542,5,0.5172908404527844,0.14406275293044732,21,0.031437070006071245
1543,1,0.43721894589293614,0.22107152499289312,19,0.050717286144128806
1543,2,0.4476499502466219,0.13340220905297012,21,0.029110748612359943
1543,3,0.4979096680600266,0.0958256046528951,21,0.020910861277943064
1543,4,0.5008658420138903,0.06609237100171739,21,0.01442253776068925
1543,5,0.5622567716610648,0.12845989691665305,21,0.028032247685085093
1544,1,0.4400774952696235,0.18617479907133708,18,0.043881820969795135
1544,2,0.45739534921169717,0.14766848792228138,21,0.032223905888739364
1544,3,0.5196291220734697,0.08201001241930415,21,0.017896051888368087
1544,4,0.5169371557309874,0.10307979210978792,21,0.022493854760162614
1544,5,0.5409134677175248,0.09293801092579583,21,0.020280736666956775
1545,1,0.3887723378417687,0.24226590909546014,19,0.055579611326953784
1545,2,0.43027126793814446,0.1321729645903046,21,0.028842505479132797
1545,3,0.48980834371831683,0.10629108074277309,21,0.023194615390591464
1545,4,0.5146613545518585,0.09221703964331704,21,0.020123407834773517
1545,5,0.48363892066494896,0.14811310033855535,21,0.0323209282721914
1546,1,0.3917796094445988,0.25266294249676163,19,0.05796485437479011
1546,2,0.4486650357315226,0.1386426763397032,21,0.03025431232752157
1546,3,0.46853256831818624,0.08111870430831604,21,0.01770155251283803
1546,4,0.5104761487720046,0.08446815979823995,21,0.01843246362328859
1546,5,0.5175062020679899,0.0802996522485835,21,0.017522820700369753
1547,1,0.4126350231368994,0.2161611137238652,19,0.04959076053923849
1547,2,0.43640077906590236,0.110769422224747,21,0.02417186962054414
1547,3,0.4940875033748836,0.08637709491601317,21,0.01884902741728646
1547,4,0.5270857229276041,0.07530040268265492,21,0.016431895007329618
1547,5,0.5178749713643169,0.06277025701126043,21,0.01369759305456826
1548,1,0.37296312004155147,0.23397524351626536,19,0.05367760219882741
1548,2,0.44405618757643567,0.12285310648282323,21,0.026808745705619405
1548,3,0.5084682498049622,0.09477866437396126,21,0.020682400179071043
1548,4,0.509576331176241,0.11534112677395576,21,0.025169497342054762
1548,5,0.5375673697869933,0.0904827005304104,21,0.019744944012601268
1549,1,0.3974388329254251,0.21696624089250385,19,0.04977546937949085
1549,2,0.46835373445570094,0.13218801461744062,21,0.028845789664302415
1549,3,0.4896078500994752,0.08888888798211436,21,0.019397145600880454
1549,4,0.5070379064359366,0.08242560816342197,21,0.017986742314840532
1549,5,0.47681712663022474,0.15471178851475076,21,0.03376088008432595
1550,1,0.4353478921586141,0.21677561456476108,19,0.049731736700616695
1550,2,0.4428199739825712,0.12315803545058007,21,0.02687528666163514
1550,3,0.49836240300666484,0.07997030113742891,21,0.01745095039574672
1550,4,0.4956291063291814,0.11626304933231014,21,0.025370677337699824
1550,5,0.5475695090577153,0.09439463472358833,21,0.020598598038978594
1551,1,0.3903437067952232,0.23033920520363152,19,0.05284343780095304
1551,2,0.43904449010354035,0.15903826636804078,21,0.03470499495362364
1551,3,0.5003345714094137,0.07911143866642682,21,0.017263531239321773
1551,4,0.5076657986089387,0.086382731445929,21,0.018850257408952943
1551,5,0.5501965298530459,0.12092608666137156,21,0.026388235505739283
1552,1,0.37783894344968216,0.2540538890715544,19,0.05828395940402094
1552,2,0.4604419620496928,0.15465940747440654,21,0.033749449604213666
1552,3,0.485047010745411,0.09016271055778992,21,0.019675116475879353
1552,4,0.5223085510424025,0.07587318226460729,21,0.01655688575927352
1552,5,0.4692322991944868,0.13742484209180653,21,0.029988559107288423
1553,1,0.37622613439946273,0.22994315148011452,19,0.05275257684532022
1553,2,0.46346886181977964,0.13452369076287068,21,0.029355475985032697
1553,3,0.48042549689315855,0.09939309780938764,21,0.021689352107984207
1553,4,0.4952756311421653,0.0809481464527232,21,0.017664333737427387
1553,5,0.5270993915798966,0.07076983770002829,21,0.015443244675243769
1554,1,0.40693916588336004,0.24697468207398532,20,0.055225217783882986
1554,2,0.4341185271528487,0.13870099858733834,21,0.030267039285354333
1554,3,0.48340292278708136,0.07194611363159406,21,0.01569992912736543
1554,4,0.5020704981565819,0.0819246674345464,21,0.017877428085852028
1554,5,0.5201072827087749,0.10158016425324058,21,0.02216660913316773
1555,1,0.3802394029214623,0.25582742811032116,20,0.057204751976361864
1555,2,0.446570739222417,0.14367732288609072,21,0.031352962274958186
1555,3,0.4703545786327723,0.0983938984870845,21,0.021471308939945984
1555,4,0.4994939053369641,0.06711060518547253,21,0.014644734676034466
1555,5,0.5111264651684783,0.08891987840664739,21,0.01940390826593957
1556,1,0.3939967549543466,0.20365420330853085,19,0.04672147850785119
1556,2,0.47339595411234164,0.12350268243597307,21,0.026950494799663795
1556,3,0.5078091602895002,0.08627933266860639,21,0.018827693945912622
1556,4,0.48053762202978473,0.08773868294544285,21,0.019146150284439185
1556,5,0.5300821675041901,0.1141135661437403,21,0.024901621651192377
1557,1,0.4178755257293425,0.22128132718130933,19,0.050765418067151964
1557,2,0.4297278520828351,0.13645469417539177,21,0.02977685547575155
1557,3,0.481984463452753,0.0909522956530263,21,0.01984741806952362
1557,4,0.5232500099741537,0.08199273737056263,21,0.017892282163677987
1557,5,0.4849299755879094,0.08780439166150761,21,0.019160489101828954
1558,1,0.4022131298766612,0.22505536523072717,19,0.05163124177591458
1558,2,0.4605560520445641,0.11749703729562036,21,0.02563995558762999
1558,3,0.4907832529297627,0.08855275898335067,21,0.019323796239923106
1558,4,0.4909143061310086,0.06578147685533918,21,0.01435469509597988
1558,5,0.5043528543031897,0.07931441219116554,21,0.01730782369366402
1559,1,0.412517049754761,0.2432259095308142,18,0.05732889666316815
1559,2,0.4589783300017459,0.11860596433738331,21,0.025881943307109138
1559,3,0.4939448115444717,0.09344337492279044,21,0.020391016132182166
1559,4,0.4912369293325255,0.09535035537518297,21,0.020807153383224544
1559,5,0.5250447863592421,0.1022168524075173,21,0.022305545878932242
1560,1,0.4142461912212728,0.21970192424111873,19,0.05040307818255081
1560,2,0.4369878323924619,0.1374192254969734,21,0.029987333465813632
1560,3,0.4893437262624758,0.07636156496541989,21,0.0166634596018726
1560,4,0.5077695835869347,0.08127639020272488,21,0.017735962396035906
1560,5,0.5193722219927263,0.06667108411140171,21,0.014548823314536476
1561,1,0.39980434272434345,0.2494844479774716,19,0.05723565772204363
1561,2,0.44882500252621216,0.12850244455545484,21,0.028041532341058942
1561,3,0.4923577819599617,0.07563976413666527,21,0.016505949747851176
1561,4,0.5215739219551603,0.07042122822443292,21,0.015367171850963071
1561,5,0.5025514728741479,0.1053068196658972,21,0.0229798320149542
1562,1,0.41864298428837676,0.22632671960829123,19,0.05192291047345299
1562,2,0.44579000306470007,0.11678157465121185,21,0.0254838288388245
1562,3,0.5117140775719289,0.08826475667899833,21,0.019260948984684233
1562,4,0.4973843947469186,0.0657425947574963,21,0.014346210326620657
1562,5,0.5169490582888954,0.06992502560623942,21,0.01525889156249131
1563,1,0.4400217241925632,0.21826476462303548,19,0.05007337115407911
1563,2,0.4479995172899677,0.140458031687454,21,0.030650455341536376
1563,3,0.48718117484603707,0.08242484547905585,21,0.01798657588346724
1563,4,0.5088146111958308,0.09648075030170494,21,0.02105382577922364
1563,5,0.5468870128789098,0.13263199122663258,21,0.028942673303274415
1564,1,0.4333574220349777,0.21646973966499838,19,0.049661564186015056
1564,2,0.46937630214908355,0.1128131305734473,21,0.0246178433446552
1564,3,0.4898833373456494,0.09480670227009083,21,0.020688518549611092
1564,4,0.4908038646034677,0.06372944370146992,21,0.01390690475044822
1564,5,0.5232777559599446,0.08738730246953123,21,0.019069472778315635
1565,1,0.4132207514359211,0.23380455690923582,19,0.05363844400561385
1565,2,0.45728320038588566,0.1364721275865864,21,0.02978065975796206
1565,3,0.5143590418236312,0.08219996604499115,21,0.01793750316780818
1565,4,0.497839054667959,0.08255467965578318,21,0.01801490802359321
1565,5,0.528494944970963,0.09359696165924078,21,0.020424531505778592
1566,1,0.43297041903274947,0.2219502483469567,19,0.050918879107270505
1566,2,0.4409605317086202,0.13825150671240577,21,0.030168952116728327
1566,3,0.49255521609482694,0.10475786730984123,21,0.022860040789975587
1566,4,0.49435255364493763,0.08357514189565182,21,0.01823759114064284
1566,5,0.5317076687641885,0.08692020358363539,21,0.01896754344490386
1567,1,0.3863157047415473,0.23121119498375559,19,0.05304348597628783
1567,2,0.44763528527193397,0.1270055765097514,21,0.027714888954163863
1567,3,0.49055901192701984,0.0673384428319502,21,0.014694452926565158
1567,4,0.5141371079344368,0.0833158709896299,21,0.01818101359053116
1567,5,0.5167372461112039,0.06434153034732326,21,0.01404047300694796
1568,1,0.3809065348937944,0.2356296503022224,19,0.05405714914574818
1568,2,0.4585461897298218,0.13621175119089107,21,0.029723840970226175
1568,3,0.5079949939420224,0.0836291987059309,21,0.018249387303734824
1568,4,0.4905439691267282,0.07784224639876515,21,0.016986570780368807
1568,5,0.5309914987264354,0.0961749781269341,21,0.020987100820352274
1569,1,0.4451084315195493,0.22102958610063123,19,0.050707664702382825
1569,2,0.4710710061864664,0.1383468418179137,21,0.030189755942317695
1569,3,0.4690961167276247,0.08214246272348937,21,0.0179249549143085
1569,4,0.5120365304033682,0.07861007341490155,21,0.017154124371896288
1569,5,0.5078113982236251,0.08011661091639406,21,0.01748287780703339
1570,1,0.44742027329605927,0.26566188092920073,19,0.06094701537480638
1570,2,0.44373740666270783,0.1283243057298104,21,0.028002659262357697
1570,3,0.5055260186236975,0.0832172767238687,21,0.018159498557867384
1570,4,0.4880232704396433,0.07948393880432891,21,0.017344817433527383
1570,5,0.5059548914539318,0.0940320227215654,21,0.020519469612922902
1571,1,0.4026150305653876,0.21097613258196932,19,0.048401244285465425
1571,2,0.47130287107433544,0.12066484352505902,21,0.026331227579694527
1571,3,0.48640807154073024,0.10721654296195532,21,0.02339656780355453
1571,4,0.4957276433444633,0.06920474269550043,21,0.01510171294533681
1571,5,0.517710043231685,0.08538372839247627,21,0.018632257070289173
1572,1,0.4030224370204818,0.21383192357535646,19,0.049056407671994276
1572,2,0.44459000781576963,0.14910068907545632,21,0.032536437802778755
1572,3,0.517698658093333,0.08713045928233472,21,0.01901342499988412
1572,4,0.51092527163652,0.10817564326696237,21,0.023605860648637865
1572,5,0.5204835058726435,0.09786011301080891,21,0.02135482739947451
1573,1,0.49199406948142044,0.22767435081710458,18,0.053663359121673214
1573,2,0.44763477601206864,0.11979296667979661,21,0.02614096845397575
1573,3,0.4835786874839012,0.08838576283755414,21,0.019287354693309847
1573,4,0.5237283500758789,0.06700693147426552,21,0.014622111217501937
1573,5,0.5497700823585346,0.1069203335112265,21,0.023331929602148523
1574,1,0.41615284679270015,0.20346414800997603,19,0.04667787683205724
1574,2,0.46563996877003744,0.13490997959249545,21,0.029439771118455145
1574,3,0.5049676011484447,0.08739627123226493,21,0.01907142992279741
1574,4,0.49496081795938957,0.06967374352168065,21,0.015204057316144794
1574,5,0.5070319792610429,0.14103656202491202,21,0.030776701011213985
1575,1,0.4170317741568951,0.2285787251369877,19,0.05243955597449945
1575,2,0.4600173662922201,0.12282483156717787,21,0.026802575613180675
1575,3,0.48426988020651845,0.10005190988910946,21,0.02183311669008309
1575,4,0.5083693392691838,0.09462342356139583,21,0.02064852385647449
1575,5,0.45954519600749094,0.14443785194200606,21,0.0315189233210032
1576,1,0.45917900523866517,0.2127249977943611,18,0.050139762822762036
1576,2,0.4409976028049265,0.1214624048584534,21,0.026505269731201653
1576,3,0.48128154649560917,0.09076968018617995,21,0.01980756810762395
1576,4,0.5028666499675262,0.08692422043975051,21,0.018968419994770683
1576,5,0.5056090830941725,0.15573222734545433,21,0.03398355809307697
1577,1,0.430446655721079,0.22502294541115617,19,0.05162380415921575
1577,2,0.4523555312635341,0.14992775972897168,21,0.032716919415864985
1577,3,0.4654310075290298,0.0675327851311313,21,0.014736861893076068
1577,4,0.49548655873423025,0.09525636649565818,21,0.020786643328229
1577,5,0.519414688197711,0.08899930724583,21,0.01942124105964989
1578,1,0.4084670767176988,0.22077938350250403,19,0.05065026428971715
1578,2,0.44016252722978616,0.12986866601642927,21,0.028339666305867917
1578,3,0.4847032135723735,0.08477718809625774,21,0.01849989912650525
1578,4,0.5183187442605868,0.07612377443185565,21,0.01661156945332012
1578,5,0.5545705469691881,0.13155025650079233,21,0.028706619433606546
1579,1,0.4400125485292139,0.25589894714039674,19,0.0587072447549182
1579,2,0.43497463807698233,0.13231709080064044,21,0.028873956396679994
1579,3,0.4711548327015959,0.054678564412569707,21,0.011931840967243776
1579,4,0.5221663140629493,0.05308209226394749,21,0.011583462183150916
1579,5,0.5102071840760933,0.14976532064419998,21,0.032681472301494235
1580,1,0.3843107220065192,0.2286200448702935,19,0.052449035371439134
1580,2,0.4305675769990647,0.13562753908578157,21,0.02959635543719885
1580,3,0.48154416805599326,0.07868301240672008,21,0.01717004096480687
1580,4,0.5187892048384212,0.08471808985693004,21,0.0184870028334025
1580,5,0.5520383730746212,0.09679391576651009,21,0.02112216408624819
1581,1,0.39454831806894364,0.22317066115314899,19,0.05119886100682814
1581,2,0.4331508109922974,0.1521582594989053,21,0.03320365436983176
1581,3,0.4697498457207451,0.08254852534872807,21,0.018013565043691778
1581,4,0.5257164714941023,0.060464444989507225,21,0.013194423619900487
1581,5,0.5432742101523287,0.13337858095524266,21,0.02910559253872357
1582,1,0.44228266250081794,0.19494489364817277,19,0.044723425840614166
1582,2,0.44450071815508646,0.1458578461073634,21,0.031828791451914897
1582,3,0.48509464093557664,0.0870359934086496,21,0.018992810856229256
1582,4,0.513293977200963,0.0714035861575992,21,0.015581539926595209
1582,5,0.5040135641059499,0.06835518279369956,21,0.014916323775936727
1583,1,0.4234719184111573,0.2150555294185931,18,0.05068907439451675
1583,2,0.4521653273643349,0.13425280756348149,21,0.029296364424761613
1583,3,0.4885976436958602,0.06258473778941541,21,0.013657109441379017
1583,4,0.5127540532940101,0.08124297668960619,21,0.017728670969697772
1583,5,0.48628042931060134,0.11915588540985729,21,0.026001945923340725
1584,1,0.4298210956127622,0.20612795860178093,19,0.04728899689386834
1584,2,0.43900750617226647,0.15032840937865422,21,0.03280434833714249
1584,3,0.48959937375634976,0.0936090578982937,21,0.02042717112154451
1584,4,0.4960617067312187,0.0781352136816237,21,0.01705050148274237
1584,5,0.5194123003346915,0.08413575522277454,21,0.018359926998125737
1585,1,0.40038502547628374,0.23499555659349514,19,0.05391167807221781
1585,2,0.4409989971073118,0.14111245129163133,21,0.03079326140688903
1585,3,0.48878217228736515,0.08244542604547984,21,0.01799106693125215
1585,4,0.49878980441406934,0.07340922912024546,21,0.01601920710247054
1585,5,0.5504597672426649,0.11571865918028396,21,0.025251881667259418
1586,1,0.44409638138507807,0.20228336430772864,19,0.04640698647246376
1586,2,0.4238344974587278,0.1452554183680104,21,0.031697330941613644
1586,3,0.49155291554869657,0.11456859531843284,21,0.02500091715768961
1586,4,0.4962878484677463,0.07131022983762596,21,0.015561167907410451
1586,5,0.5379358556904715,0.08647102464471072,21,0.01886952456451328
1587,1,0.43390108678600864,0.2338733244589625,19,0.05365422036350088
1587,2,0.4370820862686123,0.12497418921396806,21,0.027271603904225828
1587,3,0.4942112642503809,0.09641639352280654,21,0.021039781978710044
1587,4,0.4985324512951263,0.0885691811658897,21,0.019327379853949844
1587,5,0.49616309297313277,0.14005905981681446,21,0.03056339254166191
1588,1,0.4318128675503649,0.22068814971320702,19,0.05062933382299179
1588,2,0.4334011148213032,0.13352125504423562,21,0.029136726577414954
1588,3,0.5047468867385688,0.07436339204706727,21,0.016227422523302993
1588,4,0.49187641671816024,0.06851257747255135,21,0.014950670110690135
1588,5,0.4879352099690862,0.13052326450999346,21,0.028482511408085154
1589,1,0.4288712501549832,0.2186287753519533,19,0.05015688094259055
1589,2,0.4356165594838414,0.12707127566895254,21,0.027729225686075016
1589,3,0.4872011615069961,0.06398801052837723,21,0.013963328657900948
1589,4,0.4796721694941321,0.11174891925172685,21,0.024385613395264107
1589,5,0.5314147092262627,0.14651395676012047,21,0.031971966534320904
1590,1,0.37830035010031965,0.20663435920404233,19,0.047405173159668634
1590,2,0.44710431071341245,0.10161450864724843,21,0.022174103694369555
1590,3,0.48613539374631437,0.09712800859887684,21,0.02119506911927023
1590,4,0.5275817423472098,0.06836698601482775,21,0.01491889944994931
1590,5,0.5133363855123477,0.15303516650921475,21,0.033395011167554646
1591,1,0.4159592675612402,0.19021040883194176,18,0.04483302331244387
1591,2,0.4787621781382221,0.12442759719858179,21,0.027152327747808395
1591,3,0.48119427258111386,0.07028198419370195,21,0.015336786312349004
1591,4,0.5284288442095288,0.07449065262257464,21,0.01625519305760043
1591,5,0.49570708847137673,0.07867074361056473,21,0.017167363693994114
1592,1,0.40660687389865585,0.23340448123797608,20,0.052190828630118875
1592,2,0.45585087624141307,0.13730310083118735,21,0.029961992986241436
1592,3,0.48914613335711754,0.09271835352582232,21,0.020232803492559834
1592,4,0.5038906937068596,0.12030486631405025,21,0.026252674112175158
1592,5,0.4890658786869513,0.13911456365432262,21,0.03035728658174695
1593,1,0.3826647432171919,0.22532002539254237,19,0.051691958981163716
1593,2,0.4620745562331107,0.15423899921640127,21,0.03365770900111397
1593,3,0.4887291281554603,0.08663265143920024,21,0.018904794422612385
1593,4,0.5060009774119653,0.08472278923079046,21,0.01848802832085175
1593,5,0.5431604098116298,0.12302295567906976,21,0.0268458098388826
1594,1,0.4190125350353999,0.19034687202118408,18,0.04486518799460906
1594,2,0.4658299383335993,0.144432764056616,21,0.03151781305338762
1594,3,0.5108060064238642,0.09498764118916726,21,0.020728002658793532
1594,4,0.49410851178058013,0.09993082159430576,21,0.02180669305785875
1594,5,0.502279391734076,0.1314684594223927,21,0.02868876984773071
1595,1,0.39984227880483814,0.22969583888916734,19,0.05269583944577264
1595,2,0.43599018425923886,0.14154363267930528,21,0.030887352899616267
1595,3,0.49954620633334174,0.10630760292653603,21,0.023198220826674304
1595,4,0.5312269506980765,0.07182350358088116,21,0.01567317342077713
1595,5,0.528242269659636,0.1375124567086873,21,0.030007678184137982
1596,1,0.47206386587095633,0.16512298297395955,18,0.038919860330212545
1596,2,0.445494194138835,0.15309735599338303,21,0.03340858202558471
1596,3,0.4842267960392401,0.07876001389307594,21,0.017186844066704482
1596,4,0.4951632726475328,0.0918288651638762,21,0.02003870121882648
1596,5,0.4938461091178342,0.13618035064597633,21,0.029716988809562618
1597,1,0.4395136929661035,0.21058807385157505,19,0.048312217507047145
1597,2,0.46088323416001276,0.15297582994171058,21,0.03338206286698004
1597,3,0.47437197713172746,0.09492138375822406,21,0.02071354410200065
1597,4,0.5059710099749546,0.06857198977667682,21,0.014963634938350455
1597,5,0.5088639990234504,0.08474457188796929,21,0.018492781686345047
1598,1,0.41653011332952977,0.2231566294853981,19,0.05119564192147364
1598,2,0.43892300058144657,0.12955121768936012,21,0.028270393401675944
1598,3,0.4680588347070684,0.08274451663161467,21,0.018056333847947935
1598,4,0.508175404799393,0.06862395191542817,21,0.014974974006640922
1598,5,0.4883227868248998,0.14807177288975443,21,0.03231190988350523
1599,1,0.3736625630624203,0.21645887964263313,19,0.049659072726014275
1599,2,0.45578405303217984,0.1528174472032265,21,0.03334750091993824
1599,3,0.48785023609669986,0.0803386105502086,21,0.017531322098757563
1599,4,0.5046679990306104,0.10061725739144871,21,0.021956485629293747
1599,5,0.49076940827349846,0.09265489622314199,21,0.020218955973848866
1600,1,0.3986222164820313,0.238874782997827,20,0.053414025289365216
1600,2,0.47009054956205365,0.1283873626914559,21,0.028016419419492667
1600,3,0.4643792589099795,0.08503763223546255,21,0.018556732697086856
1600,4,0.5100590226412374,0.0884395975807011,21,0.01929910239738077
1600,5,0.5019140916308239,0.08791631649543062,21,0.019184913102952648
1601,1,0.4304971160954509,0.20999517674487564,18,0.049496337830923054
1601,2,0.46684441035207636,0.13399719158379317,21,0.02924058444496342
1601,3,0.4932987094028721,0.08550885138162323,21,0.018659561145000843
1601,4,0.4976026795920921,0.06706171144950428,21,0.014634065188125718
1601,5,0.5143345494395675,0.0763368129376193,21,0.016658058266586895
1602,1,0.41644669867482476,0.20783825763645286,19,0.04768136640204572
1602,2,0.4299729581970739,0.14495126167501954,21,0.03163095850976803
1602,3,0.4709851100074577,0.07581575360357935,21,0.016544353798024925
1602,4,0.5059064297668601,0.09865038174806284,21,0.021527278176037525
1602,5,0.502334354132673,0.13139382510775494,21,0.028672483305051247
1603,1,0.41639173035607796,0.22779008090584432,19,0.05225862857944891
1603,2,0.41246255350876626,0.1298947128994444,21,0.028345350201726703
1603,3,0.4841870899851628,0.08037485103143699,21,0.017539230420112358
1603,4,0.51905136990647,0.09076943784123588,21,0.019807515223621546
1603,5,0.5065917168571671,0.1513127069183132,21,0.033019139669611355
1604,1,0.41652382491959844,0.23144411642313134,19,0.053096921819236406
1604,2,0.4329509927203469,0.1386479255879521,21,0.030255457807399775
1604,3,0.5041537084726802,0.09204353224677894,21,0.020085545416760633
1604,4,0.49391030938745556,0.07829401440064002,21,0.01708515464061407
1604,5,0.49328284743276835,0.14197215932321572,21,0.030980865079760313
1605,1,0.4011821968912446,0.2343000987561955,19,0.05375212910209768
1605,2,0.43722676802791627,0.1497450763435898,21,0.03267705463292578
1605,3,0.49708761732951845,0.08059004175365458,21,0.01758618888551304
1605,4,0.5003156212817877,0.07535565589714083,21,0.01644395224722349
1605,5,0.5478911986219549,0.09817457832623133,21,0.021423449357158387
1606,1,0.40033778102932555,0.21956080860935856,19,0.05037070403632995
1606,2,0.44574415012036883,0.1348325970500058,21,0.02942288486329196
1606,3,0.4758771206480673,0.10221770241345404,21,0.02230573136543445
1606,4,0.5113482040598021,0.09934394861016395,21,0.021678626873422827
1606,5,0.5408098312874852,0.07556284458638524,20,0.016896365706840936
1607,1,0.4374174620583293,0.19223368965938775,18,0.045309915176887795
1607,2,0.42943499215520625,0.13897428454998595,21,0.030326675171554407
1607,3,0.47325303412921194,0.05953514981992367,21,0.012991634788587466
1607,4,0.49342539625709914,0.09619783512804696,21,0.020992088626912243
1607,5,0.494718835833157,0.13574332091540292,21,0.029621621103786484
1608,1,0.4324479029608557,0.20587438062545074,19,0.04723082211633514
1608,2,0.443712169536542,0.12512380521557595,21,0.027304252792442245
1608,3,0.4927350390288046,0.07369756800198188,21,0.016082127804916066
1608,4,0.4996090590726185,0.07305545929260868,21,0.01594200819705449
1608,5,0.49627935270610185,0.13539452714701825,21,0.02954550806352212
1609,1,0.4613019330272545,0.2005802391305568,19,0.046016262760069454
1609,2,0.43037596615191864,0.13549395424738564,21,0.029567204835596574
1609,3,0.47027353215212725,0.0975300823293293,21,0.021282808800448885
1609,4,0.49625033095696286,0.07049067056398764,21,0.015382325411793754
1609,5,0.4662766179339891,0.17205047390821815,21,0.03754449143035402
1610,1,0.39922340199061496,0.2262878007546325,19,0.05191398187607947
1610,2,0.4274187956613442,0.1488623688829367,21,0.03248443207316649
1610,3,0.49293179361141337,0.08550438809132756,21,0.01865858717520901
1610,4,0.5204430334860971,0.07524216739341996,21,0.01641918702537548
1610,5,0.49641911026060004,0.08734373275852843,21,0.01905996508790241
1611,1,0.40658561661505077,0.2621792616623802,20,0.05862506513677866
1611,2,0.4676166495642607,0.17081450634259057,21,0.037274781195782654
1611,3,0.47483873777526253,0.06258229070646752,21,0.013656575444100896
1611,4,0.5033630470860027,0.08996354271711517,21,0.01963165448988445
1611,5,0.4945077086207971,0.06047016243000335,21,0.013195671267703102
1612,1,0.4344246035900961,0.19510646324717762,19,0.044760492448741036
1612,2,0.4650095770858531,0.1439248816749896,21,0.03140698403158107
1612,3,0.4591632662815204,0.09858482936756831,21,0.02151297347386606
1612,4,0.5026656197221231,0.10412423528808616,21,0.022721770947002232
1612,5,0.5047245290619387,0.08581522005812342,21,0.018726416271221107
1613,1,0.39833244665443984,0.2357195122024995,19,0.05407776487954726
1613,2,0.4771629613319634,0.13991486333301423,21,0.030531926289187574
1613,3,0.4816695618656341,0.06290773264828535,21,0.013727592698038688
1613,4,0.5145892203853852,0.10502709771774628,21,0.022918791681576005
1613,5,0.4846081624825868,0.14201277015469338,21,0.030989727089726096
1614,1,0.40772202398947155,0.21990951921863838,19,0.050450703736666325
1614,2,0.46407087285085086,0.13251517568946133,21,0.02891718206320612
1614,3,0.48674711209592725,0.09132506954321547,21,0.019928764001375766
1614,4,0.49977844910168284,0.07830841534758573,21,0.017088297184873966
1614,5,0.4787079378208469,0.14084813864445936,21,0.03073558365866047
1615,1,0.4267508108116165,0.221398081487057,19,0.05079220334188761
1615,2,0.47234383639139094,0.15961417306432882,21,0.0348306680978604
1615,3,0.48077728229662675,0.08731767399151102,21,0.01905427859874172
1615,4,0.4661380334508693,0.08110496281882551,21,0.01769855387399271
1615,5,0.4981594045379448,0.14186473259344498,21,0.030957422645434787
1616,1,0.42944931732823816,0.19628663551729753,18,0.046265203676857776
1616,2,0.45253252398693194,0.13049400722324792,21,0.028476126944697512
1616,3,0.5003048697685011,0.09554558360197216,21,0.020849755674988993
1616,4,0.49814200756750454,0.08134253740535527,21,0.01775039689903892
1616,5,0.5234659158267372,0.11802561501178405,21,0.025755300701676986
1617,1,0.4098585368263579,0.2157307622949988,19,0.04949203115036286
1617,2,0.45691067442133565,0.1342538582260674,21,0.02929659369813446
1617,3,0.4924120352473496,0.08198245027902908,21,0.01789003733626687
1617,4,0.5077502980158567,0.09161288794640783,21,0.019991571126091495
1617,5,0.5273609944471379,0.0932620823436853,21,0.020351454848054402
1618,1,0.4217954480373381,0.22773852663336563,19,0.05224680121819405
1618,2,0.45218223049403017,0.1563187425126245,21,0.034111546195448254
1618,3,0.49240436303111196,0.08571979555203713,21,0.018705592936826144
1618,4,0.5042707831577429,0.07196392464085552,21,0.015703815808229438
1618,5,0.5278929467631363,0.13490016488095374,21,0.029437629372809238
1619,1,0.3967059066165047,0.21249039848704332,19,0.04874864070935315
1619,2,0.46036440257432676,0.17256448173314473,21,0.03765665713347429
1619,3,0.5091253755084532,0.10610877298544323,21,0.023154832576413285
1619,4,0.49679116467247236,0.07182567239308509,21,0.01567364669440059
1619,5,0.49347977785777897,0.14126920316313032,21,0.030827467469578082
1620,1,0.38900149101934345,0.22421316492802615,19,0.05143802777540441
1620,2,0.4382623823765386,0.15158932130221395,21,0.033079501876875105
1620,3,0.49492608876296773,0.07954869336568123,21,0.01735894803728884
1620,4,0.5051970691059713,0.06597185996937899,21,0.014396240097462204
1620,5,0.5431604325675335,0.1013552607825743,20,0.022663725298705466
1621,1,0.4180860143551839,0.20865543001223555,19,0.04786883860233465
1621,2,0.4567348244510431,0.1281217208378105,21,0.027958451614631792
1621,3,0.4791173125625139,0.08376049214040518,21,0.01827803788000764
1621,4,0.5064554848995468,0.07857409224240132,21,0.01714627263634507
1621,5,0.5215728699229253,0.10155585180233924,20,0.022708578814292505
1622,1,0.4293027501815403,0.21130790407728392,19,0.048477357886540354
1622,2,0.44276576965103487,0.13815989546835353,21,0.030148960904329353
1622,3,0.4830219845391348,0.07089241931261656,21,0.015469994176124506
1622,4,0.5146446534460297,0.10369560194013853,21,0.02262823548212831
1622,5,0.5113296349780816,0.10139806150386972,21,0.02212687105539385
1623,1,0.4020862436610453,0.22335584972787134,19,0.051241346179602514
1623,2,0.47297798150630593,0.13068273553552506,21,0.02851731083883043
1623,3,0.4670440110535208,0.09225276766367677,21,0.020131204327998725
1623,4,0.5117456794129297,0.07361724566506861,21,0.016064600034016028
1623,5,0.5113465603702054,0.11564312558478997,21,0.02523539888540878
1624,1,0.41633661451595055,0.24917797798857239,19,0.057165348684631016
1624,2,0.47019520651415336,0.12278803631586838,21,0.02679454623106921
1624,3,0.4888928940339121,0.0627955139878131,21,0.013703104578705326
1624,4,0.47351022639739504,0.10002581364588276,21,0.021827422022943074
1624,5,0.5582135008755953,0.12586606581968193,21,0.027466227335475546
1625,1,0.45801622265248504,0.21075889494367223,18,0.0496763479366846
1625,2,0.4619226192642382,0.13222901056139477,21,0.028854735712700322
1625,3,0.4604929661521211,0.10067691845241546,21,0.021969504740147153
1625,4,0.5036980238650012,0.09368601444871577,21,0.020443964417617456
1625,5,0.5171506091865579,0.057361060199031526,20,0.01282632298664921
1626,1,0.38965131415986964,0.22279493908240328,19,0.051112664452236646
1626,2,0.44087856328786207,0.13093362367037972,21,0.02857205911830366
1626,3,0.48386537840408167,0.08198674594548692,21,0.01789097472753846
1626,4,0.4926792384139363,0.07483951588221567,21,0.01633132126210015
1626,5,0.5258066090781054,0.08602734618299808,21,0.018772705986655192
1627,1,0.4057556626070966,0.2276267149958168,19,0.052221149869310514
1627,2,0.4602552576883378,0.12972801808632453,21,0.028308974411294402
1627,3,0.4922092304397912,0.09661808754562413,21,0.02108379522284251
1627,4,0.48979982929646176,0.07288523972844267,21,0.015904863242885293
1627,5,0.4862536061849691,0.13579408445578778,21,0.029632698616470176
1628,1,0.43676761045094775,0.21607767503798303,19,0.049571618391883635
1628,2,0.44995463621805193,0.16430908302283154,21,0.035855181443852815
1628,3,0.4914185337686131,0.06856748037496109,21,0.01496265090622182
1628,4,0.5036040257155968,0.08506524941803428,21,0.01856275926040192
1628,5,0.5040153157254826,0.1345774399645246,21,0.029367205022419483
1629,1,0.3917033329661813,0.2237757939046711,19,0.051337687981107695
1629,2,0.47064395316064617,0.15264426339075268,21,0.03330970911375718
1629,3,0.4710751223280087,0.0674350917131216,21,0.01471554344150805
1629,4,0.5041335276325952,0.05092565313516164,21,0.011112888586044924
1629,5,0.48622440762446795,0.12913557790692073,21,0.02817969336525387
1630,1,0.40164440554283576,0.21125458206323502,19,0.048465124977555875
1630,2,0.4465253669914228,0.12540236553528133,21,0.027365039637711818
1630,3,0.500900118490575,0.08194033526526522,21,0.01788084708681606
1630,4,0.49734086337605987,0.06285327278397053,21,0.01371570858134537
1630,5,0.4719430132525771,0.1390224240692471,21,0.030337180075884554
1631,1,0.42155273043510644,0.2307225782289759,19,0.0529313896049086
1631,2,0.46113052053991327,0.1482637011162205,21,0.03235379205616139
1631,3,0.4935175559725556,0.06523387946524545,21,0.01423519954881489
1631,4,0.4909402891456647,0.08727098282292273,21,0.019044089750439728
1631,5,0.5071426021162876,0.06834713200704723,21,0.014914566950258714
1632,1,0.4111043853723822,0.2077750397819257,18,0.048973046530368124
1632,2,0.4561391065385535,0.14797778253611718,21,0.03229139950683197
1632,3,0.48892027843774016,0.08683563864528399,21,0.01894908986246888
1632,4,0.5171778070862475,0.06629797938000914,21,0.014467405187214922
1632,5,0.5182397150427607,0.14144997407047036,21,0.03086691491559387
1633,1,0.39342520233955103,0.23278412521469716,19,0.05340434091954648
1633,2,0.4646506302146679,0.12541721547126466,21,0.02736828015941224
1633,3,0.5120607971608233,0.10479221403607104,21,0.02286753586010997
1633,4,0.5059355917472453,0.09425963286815006,21,0.02056913821890691
1633,5,0.5296486867896847,0.08256657079943758,20,0.018462446497659157
1634,1,0.4334856071017514,0.2366028289986207,19,0.0542804116505696
1634,2,0.45088110273927273,0.15044160514076002,21,0.032829049677532876
1634,3,0.5113004248224617,0.08892794970134787,21,0.019405669566840582
1634,4,0.49090380632786546,0.08053748720116201,21,0.017574720541945813
1634,5,0.5005464463114235,0.14936507543203187,21,0.03259413163571785
1635,1,0.4103741641643879,0.17481985543776563,19,0.040106425430400515
1635,2,0.44681269247450633,0.15330279371348401,21,0.03345341221144004
1635,3,0.4965010729522298,0.11601926402782185,21,0.025317479022883848
1635,4,0.5161693372569308,0.0707729154723321,21,0.015443916300222533
1635,5,0.52426721748678,0.08590042068391811,21,0.018745008572028814
1636,1,0.4022230103022464,0.21770907729344982,19,0.04994588773755964
1636,2,0.4613393462001641,0.1493558019854725,21,0.03259210800377445
1636,3,0.502158982373193,0.07522432925468377,21,0.016415294424374734
1636,4,0.5192382698046254,0.09166330053740993,21,0.0200025720553413
1636,5,0.4940029290014444,0.12417733214620338,21,0.02709771543607858
1637,1,0.4188973450816055,0.24809980643445995,19,0.056917999166305945
1637,2,0.460245687635282,0.1314578365666826,21,0.028686451750569372
1637,3,0.49474536661638585,0.09246099058808835,21,0.02017664229526259
1637,4,0.4914079498081456,0.08036946649962277,21,0.01753805541893995
1637,5,0.5068775499427047,0.1151271563336424,21,0.025122805163996714
1638,1,0.41544234951821546,0.22582644971026297,19,0.051808140687663484
1638,2,0.45111199940121066,0.12471178090877692,21,0.027214341717486615
1638,3,0.5020650360866132,0.08793632014905084,21,0.01918927825804266
1638,4,0.48285770806250994,0.08989054201037851,21,0.01961572442967464
1638,5,0.5103986486597426,0.13407902077867764,21,0.02925844103923082
1639,1,0.43130249741939425,0.22517189687283376,19,0.0516579759681076
1639,2,0.4637601171421998,0.13911519460537067,21,0.030357424266553495
1639,3,0.4961470835738918,0.08180088977630696,21,0.017850417586412665
1639,4,0.5521671011709647,0.09129603863650362,21,0.019922428938161468
1639,5,0.4805977904221515,0.12258153404376274,21,0.02674948374092138
1640,1,0.44570226775432675,0.18998549547453536,19,0.043585661869052814
1640,2,0.44178628375487844,0.12748647819476827,21,0.02781983030527918
1640,3,0.49805223099328394,0.06490096437189351,21,0.01416255151951591
1640,4,0.492709015731969,0.08426210187821509,21,0.018387498098714348
1640,5,0.4905076242506652,0.14355412503531723,21,0.03132607829988078
1641,1,0.43617698159836815,0.2108593931528768,18,0.049700035591759825
1641,2,0.4362566310035024,0.15405412612942368,21,0.033617366386112305
1641,3,0.5009220392797781,0.0942959941524838,21,0.02057707290166049
1641,4,0.5199446733088616,0.06836558592060583,21,0.01491859392434207
1641,5,0.5065112013477052,0.13485432948563086,21,0.029427627269543746
1642,1,0.4227109846080134,0.2301173634644546,19,0.05279254381555665
1642,2,0.46285878058048774,0.13784548593504933,21,0.03008035111930163
1642,3,0.513555581625845,0.085252746005705,21,0.018603674370189872
1642,4,0.4900284649524277,0.06920719611565941,21,0.015102248325507764
1642,5,0.5096433208575095,0.08276939779579409,21,0.018061763363101786
1643,1,0.40808813216083556,0.2180077175706936,19,0.05001440051592683
1643,2,0.4477265934159868,0.14387540146466204,21,0.03139618656447496
1643,3,0.5098960674887804,0.09127036569399481,21,0.019916826642811046
1643,4,0.5024918721541597,0.059940347707439535,21,0.01308005621672926
1643,5,0.5357095703036217,0.14245965618563577,21,0.03108724561657428
1644,1,0.43834153726906694,0.21684909030932217,19,0.04974859319247687
1644,2,0.4200590923918546,0.13051028391822148,21,0.028479678810734658
1644,3,0.49528452442209947,0.07827117085366614,21,0.017080169769987923
1644,4,0.5411902190869087,0.07479441562986325,21,0.016321479580182693
1644,5,0.4856742353685555,0.1342167447818298,21,0.02928849488063354
1645,1,0.4077699095942279,0.2216122431396608,19,0.05084133539458664
1645,2,0.44394679807065485,0.11823410712467806,21,0.025800797410683564
1645,3,0.4943316777254304,0.09521027348201931,21,0.02077658500803811
1645,4,0.4802109984166887,0.10674916167422503,21,0.023294576845010243
1645,5,0.5139621281575277,0.10014860951958134,21,0.02185421827943126
1646,1,0.44280465351684456,0.20707125564237688,19,0.04750540407669459
1646,2,0.45880565994814826,0.15081162304477239,21,0.032909794203896
1646,3,0.4710604237088079,0.08884494660802705,21,0.019387556806933052
1646,4,0.5012012296852018,0.06063638263527461,21,0.01323194349021199
1646,5,0.5315529695354103,0.13575413387668878,21,0.02962398068538549
1647,1,0.4336034881701006,0.1957173960537997,18,0.046131032648605005
1647,2,0.4801449950456019,0.11464176605058372,21,0.0250168843204866
1647,3,0.473229153928527,0.10244099176454408,21,0.02235445709654148
1647,4,0.4936796972813433,0.070044157076916,21,0.015284888180683064
1647,5,0.5256693321591767,0.07416052293591137,20,0.01658279705316301
1648,1,0.40178219634344564,0.23423624322024558,19,0.05373747963745603
1648,2,0.45591238648187504,0.14260806924733296,21,0.031119632001781306
1648,3,0.47165714003438725,0.08866441273209166,21,0.019348161085410303
1648,4,0.5093854140432312,0.09101789276544422,21,0.019861732533001032
1648,5,0.49922633974669894,0.13667865137958496,21,0.02982572694435374
1649,1,0.4087138239176031,0.22186639792977425,19,0.05089964250227724
1649,2,0.45313420483310696,0.16366947351083302,21,0.03571560720556963
1649,3,0.4674537781457573,0.0911999854555212,21,0.019901468415657028
1649,4,0.496889502148636,0.08767638395270134,21,0.019132555529679306
1649,5,0.4812166086364491,0.13940404274320675,21,0.030420456097790684
1650,1,0.4214594755097636,0.2536277583665867,19,0.05818619831561599
1650,2,0.4327331192507752,0.14264132800035054,21,0.03112688965669668
1650,3,0.4667942515065069,0.07499603621718615,21,0.016365476799376437
1650,4,0.504163447087029,0.09144433941397834,21,0.019954790820942356
1650,5,0.5060519749697718,0.09796949177289753,21,0.02137869580217411
1651,1,0.4367647578223699,0.24735356906932762,20,0.055309939491620594
1651,2,0.4515174003729944,0.1591313864613163,21,0.034725315423916804
1651,3,0.4938719171531451,0.09135542443558597,21,0.019935387981947196
1651,4,0.5093001530970879,0.08373414066082276,21,0.01827228751572857
1651,5,0.5301802607936712,0.07430398436640255,21,0.016214458704564526
1652,1,0.4312142751713089,0.19162714867437747,19,0.04396228294265555
1652,2,0.44227451489994896,0.13674998269649719,21,0.02984129271383808
1652,3,0.5107754871060687,0.10443465414626654,21,0.02278950989532382
1652,4,0.5143582474846453,0.10022723912393522,21,0.02187137666580346
1652,5,0.49264652596786346,0.14383485321398148,21,0.03138733821075869
1653,1,0.38844555227259425,0.22304217050254524,19,0.05116938322992438
1653,2,0.45336678080099185,0.12649893780221058,21,0.02760433132429242
1653,3,0.4973639524889502,0.06856503920533583,21,0.014962118199336488
1653,4,0.530049749970841,0.08815387193663059,21,0.019236751950145382
1653,5,0.5071905808942524,0.07313343840337164,20,0.016353133969823266
1654,1,0.40115641896458315,0.22698766371511112,19,0.052074541450766496
1654,2,0.44691455453154694,0.12732582640504322,21,0.027784773210662743
1654,3,0.48066519255019374,0.0920006923279747,21,0.02007619698006129
1654,4,0.5279126289521092,0.05874520370974396,21,0.01281925441502392
1654,5,0.5165146669286796,0.09068112085429011,21,0.01978824287705824
1655,1,0.37406657242236563,0.21526522879851934,19,0.049385230441626696
1655,2,0.46278360188627793,0.13307924857615705,21,0.029040272858480185
1655,3,0.47744404889887027,0.07889297771363885,21,0.017215859151105434
1655,4,0.5135397793221912,0.09947279553781838,21,0.021706743578138964
1655,5,0.5150112951033945,0.15962808845827028,21,0.03483370468576811
1656,1,0.37403105104140727,0.22265831829871754,19,0.05108132149488541
1656,2,0.4506060974023819,0.12518102316709417,21,0.027316738773106176
1656,3,0.4728635663823386,0.07095683176467148,21,0.015484050125516858
1656,4,0.5211116851499041,0.0937428943854099,21,0.020456376637399607
1656,5,0.5466362334384259,0.12967118590896343,21,0.028296572613453145
1657,1,0.42994647671512914,0.2098838155792434,19,0.048150649578665765
1657,2,0.4310077770373835,0.125507801732358,21,0.027388047702192397
1657,3,0.47280686306672937,0.0692197463022337,21,0.015104987000744072
1657,4,0.4959073276666151,0.08951645818150465,21,0.019534092645766384
1657,5,0.5033681210312415,0.10875585645322741,21,0.023732473546031724
1658,1,0.39854033415531853,0.2319553027159032,19,0.05321419599773724
1658,2,0.44809475836479706,0.12658080855227932,21,0.027622196986644455
1658,3,0.47996686522585497,0.07334062205831648,21,0.01600423581416111
1658,4,0.5116392235107083,0.07290184422646108,21,0.0159084866414113
1658,5,0.5009872201675343,0.13333431082063057,21,0.029095932003348056
1659,1,0.4458609293303979,0.1939528951044426,19,0.04449584576670578
1659,2,0.44738715928436923,0.13050448113357804,21,0.028478412539312273
1659,3,0.5052912114370124,0.08312149475838519,21,0.018138597219436916
1659,4,0.49525799532070847,0.10339568337717629,21,0.022562787886076078
1659,5,0.5136965100119025,0.13509368314154904,21,0.029479858519358484
1660,1,0.4538163368404889,0.24872611217065133,20,0.05561684945928141
1660,2,0.447027463837403,0.11302197531404093,21,0.024663417003334426
1660,3,0.46777363813712836,0.059665710415190525,21,0.013020125446234553
1660,4,0.5297590385877834,0.0944378906903308,21,0.020608037264781255
1660,5,0.5254419791544304,0.1007419861099193,21,0.02198370366709024
1661,1,0.43311607409477304,0.24284685365638325,19,0.05571288914973607
1661,2,0.45947689384065576,0.11382009885333619,21,0.02483758183822712
1661,3,0.4645915582581732,0.08707533558740982,21,0.019001396023475597
1661,4,0.5124890565830589,0.09979547419265873,21,0.021777157833422413
1661,5,0.5074330949237835,0.08949156641239533,21,0.01952866081642711
1662,1,0.42391610727484313,0.21977872223232855,19,0.050420696850064
1662,2,0.4410915915211688,0.14140551728068448,21,0.03085721364872013
1662,3,0.48398343478610795,0.05728638802565548,21,0.012500914734198955
1662,4,0.514917645211006,0.07130580830940308,21,0.015560203050850036
1662,5,0.5000832279231154,0.1389864499162598,21,0.030329329872116634
1663,1,0.42471421115690455,0.20758555948024962,19,0.04762339346909261
1663,2,0.47647285311141263,0.1245474847431244,21,0.027178489354844057
1663,3,0.4530196942019955,0.07567008362920126,21,0.016512566003545406
1663,4,0.5063303789590312,0.05857294548652864,21,0.012781664588978073
1663,5,0.511641618899539,0.08385246577600121,21,0.01829810817272474
1664,1,0.4079763845084258,0.23441903469023778,19,0.05377941487668957
1664,2,0.4512621594894077,0.12983745031834296,21,0.02833285448208928
1664,3,0.49736641105447127,0.09296986669314314,21,0.020287688165299154
1664,4,0.5153505116890335,0.08051351156145192,21,0.01756948862843122
1664,5,0.47999094789038593,0.15424059283411712,21,0.033658056757009766
1665,1,0.45503176060664036,0.22189810017990558,19,0.05090691549725647
1665,2,0.44819517386483543,0.14127114647498037,21,0.03082789153499007
1665,3,0.4844097627752878,0.06828474963827995,21,0.014900954001358395
1665,4,0.5129847985639612,0.09641980913504848,21,0.021040527326407345
1665,5,0.5016604768519445,0.09441839249235912,21,0.02060378240915647
1666,1,0.40090508507908096,0.24663465250533415,19,0.05658186980242221
1666,2,0.4504770774481321,0.1306265671959168,21,0.02850505390226306
1666,3,0.47056678898199855,0.08722004301087202,21,0.019032973772125008
1666,4,0.49073276959851586,0.09280204245541732,21,0.020251065914212163
1666,5,0.537339795762345,0.1274180000789117,21,0.02780488715530962
1667,1,0.4220851627601163,0.20543598010165737,19,0.047130246138439844
1667,2,0.44983384004159016,0.12326490033211872,21,0.026898606490624824
1667,3,0.4988749281401114,0.06949410120552267,21,0.015164856148915693
1667,4,0.48564098168395536,0.07655077155866165,21,0.016704747865468557
1667,5,0.5160130073284436,0.06051449727537799,21,0.013205345924124695
1668,1,0.40598708589604,0.20551619268516114,19,0.04714864816715002
1668,2,0.4469885619567689,0.1560088774911699,21,0.0340439281042085
1668,3,0.4603237510142984,0.08666692417452446,21,0.018912273346607455
1668,4,0.5393376049272695,0.08219439677541662,21,0.01793628785355147
1668,5,0.5074694262611481,0.09208434740441307,21,0.0200944520143492
1669,1,0.408342382564814,0.21146289317685799,18,0.04984228191156093
1669,2,0.430348665172109,0.16613165107958663,21,0.03625289840000942
1669,3,0.478911182497189,0.06832246112593326,21,0.014909183322631763
1669,4,0.5084602268863088,0.09514588870619703,21,0.02076253509809485
1669,5,0.5179108645038694,0.09303802369881427,21,0.02030256124328151
1670,1,0.4045674108419514,0.20471787542865547,19,0.046965501627887235
1670,2,0.4705491342881849,0.14878345344227986,21,0.03246721131219931
1670,3,0.4628827334308178,0.06798741873587116,21,0.014836071079132786
1670,4,0.5026477097733573,0.11575614798731233,21,0.025260062395636614
1670,5,0.5458829043401183,0.11599574100412643,21,0.025312345878281062
1671,1,0.4662072710262014,0.20179407057773027,18,0.047563318569583284
1671,2,0.44657444258716067,0.10970917769593973,21,0.02394050529633356
1671,3,0.4911355104013144,0.0936389861677483,21,0.02043370200536331
1671,4,0.49524493677905373,0.0876581747363694,21,0.0191285819529085
1671,5,0.502153299721169,0.09527339601815263,21,0.020790359474699465
1672,1,0.4401447905890108,0.21701721552245115,19,0.04978716376162899
1672,2,0.45042502373635634,0.11008036940667011,21,0.024021505968322233
1672,3,0.5010889215142799,0.0775081780763757,21,0.016913671095862302
1672,4,0.5050984074519042,0.09720414421081337,21,0.021211683271878848
1672,5,0.5175317673331277,0.08207516805093869,21,0.017910270012840367
1673,1,0.41666469742259626,0.2281155606664558,19,0.05233329875758961
1673,2,0.4523176492929964,0.13017894255374282,21,0.02840737419723021
1673,3,0.46722116686370463,0.08175672240049434,21,0.017840779474845574
1673,4,0.5321638049760375,0.11771410865276004,21,0.025687324441215673
1673,5,0.5267065121619149,0.07211704778557132,21,0.015737230017815622
1674,1,0.39455504536380476,0.2123395065743376,19,0.04871402373046463
1674,2,0.46829515822969675,0.12009229065510264,21,0.026206286300364083
1674,3,0.4768539058984759,0.07117651439999344,21,0.0155319888067183
1674,4,0.5109171598083961,0.06469354513856035,21,0.014117288932023582
1674,5,0.5022100073675796,0.1267597641213715,21,0.02766124829337773
1675,1,0.38187419621407576,0.1909459559031649,19,0.0438060066031405
1675,2,0.45399486656350957,0.1540307801946527,21,0.03361227188548099
1675,3,0.47978513200792733,0.08484637519671934,21,0.018514996989599526
1675,4,0.5201483194460044,0.0920534151020775,21,0.020087702032593392
1675,5,0.4974658499279498,0.14275552323870916,21,0.031151809100686295
1676,1,0.4214504419517445,0.2286973645078742,19,0.05246677371283732
1676,2,0.459610119794242,0.11666862545424546,21,0.025459181303358645
1676,3,0.4625141657557843,0.08865036768024767,21,0.019345096203828654
1676,4,0.4805579473371956,0.1330824227747922,21,0.02904096552540954
1676,5,0.5107714719953309,0.13129039957345973,21,0.028649914003160817
1677,1,0.39808314576089904,0.2131293359715782,19,0.04889522302126513
1677,2,0.4495421444253115,0.10636765319215913,21,0.023211324868946687
1677,3,0.49165448194799655,0.07788968176848787,21,0.016996922026672263
1677,4,0.5110025592445572,0.09950343189634707,21,0.02171342897966161
1677,5,0.4881303272898973,0.1418280809120478,21,0.03094942459284669
1678,1,0.43293603249034757,0.22585004949355017,18,0.053233367176068906
1678,2,0.435956663881168,0.14187218798136308,21,0.03095904954445717
1678,3,0.4820862228544438,0.06493429510438538,21,0.014169824881640307
1678,4,0.5338671019803019,0.07223993724158399,21,0.015764046695638953
1678,5,0.49102003524440124,0.13684574197508204,21,0.029862189101581386
1679,1,0.4203494462280468,0.213242433893224,19,0.04892116946395873
1679,2,0.4627269959078181,0.11923936080583768,21,0.02602016174813818
1679,3,0.46549949213537656,0.07917426894256742,21,0.01727724192962412
1679,4,0.4988209912784048,0.07697525269746396,21,0.016797377244022967
1679,5,0.49786888902650406,0.13475022321569047,21,0.029404909418957015
1680,1,0.4200368469351652,0.2194690128392469,19,0.05034964464236357
1680,2,0.46340353897006975,0.14431132945002006,21,0.031491313849734616
1680,3,0.4654888901277663,0.08045169777560943,21,0.017555999754497172
1680,4,0.5180356189335784,0.07576925013250614,21,0.016534205908678677
1680,5,0.47829006945538766,0.0960308156196264,21,0.020955641982156457
1681,1,0.41235311596395274,0.21799945467573104,19,0.0500125048778151
1681,2,0.4650427615711571,0.12654848685527773,21,0.02761514381411592
1681,3,0.4747530642030978,0.08418641430878812,21,0.018370981716996904
1681,4,0.4980640425045843,0.06495287992499102,21,0.014173880421983283
1681,5,0.4849783607567039,0.14170846418492922,21,0.030923322083017943
1682,1,0.42686354276917254,0.21455811958359433,19,0.04922300846215804
1682,2,0.43293685937750803,0.1343263939579506,21,0.029312422292512734
1682,3,0.48520773315120663,0.09142978049079332,21,0.019951613803440817
1682,4,0.5278460572569559,0.08011484437352843,21,0.01748249231577624
1682,5,0.4697895425029799,0.1459332301213084,21,0.0318452415923955
1683,1,0.42302385929986963,0.22208353159340494,19,0.05094945638106708
1683,2,0.45130544156308927,0.147227451169499,21,0.03212766377903067
1683,3,0.5044359038878308,0.08469844581397219,21,0.018482716151792533
1683,4,0.49221997661603084,0.10541177946179461,21,0.023002736120174533
1683,5,0.5039063355575037,0.1461943840702969,21,0.03190223005617056
1684,1,0.39090252910887147,0.2239171778087159,19,0.05137012367321162
1684,2,0.45852642332904203,0.13894997745223522,21,0.030321370927965483
1684,3,0.4800776383979111,0.07909298170867246,21,0.017259503600940442
1684,4,0.4976563602657663,0.06720721396371207,21,0.014665816439800175
1684,5,0.49765598726465265,0.13577659758611715,21,0.02962888266866382
1685,1,0.41288473865099834,0.2195514044527124,20,0.04909318649118149
1685,2,0.43205566584779603,0.11797654387384376,21,0.025744592501484177
1685,3,0.48138347378569873,0.07188938510594359,21,0.015687549948181785
1685,4,0.5005107667172524,0.09429359903913065,21,0.02057655024507769
1685,5,0.48739366982624593,0.13026036393480211,21,0.02842514179922507
1686,1,0.3987225809905287,0.2106232298967073,19,0.04832028285694114
1686,2,0.4616399936342341,0.15896239719165894,21,0.03468843894201966
1686,3,0.463147866457431,0.06817968424028482,21,0.014878026851871094
1686,4,0.4986412578734614,0.06984165829669964,21,0.01524069932408889
1686,5,0.5264502694791252,0.07107810765259076,21,0.015510514693915102
1687,1,0.419409483049803,0.23326903689975004,19,0.053515587289635305
1687,2,0.4584964502230194,0.13986122581721644,21,0.030520221623652682
1687,3,0.46338444027882436,0.06886334374597489,21,0.01502721358684256
1687,4,0.5066975070142918,0.08805896286700889,21,0.019216041093208274
1687,5,0.4988195193456012,0.14587996304518075,21,0.03183361776342388
1688,1,0.42249274514459256,0.22617484124540557,19,0.051888067187372516
1688,2,0.46570848453955593,0.14765156533960708,21,0.032220213078450834
1688,3,0.4766376882858951,0.07666170681449024,21,0.01672895592294826
1688,4,0.5013967662456603,0.09686569956663012,21,0.021137828595663505
1688,5,0.5164575983426839,0.1465288394633651,21,0.031975214206423956
1689,1,0.4279562675423772,0.24234571162514357,19,0.05559791928286584
1689,2,0.45108650447931903,0.12571474723113094,21,0.027433206912328457
1689,3,0.4857769774099983,0.06486264397998169,21,0.014154189324439898
1689,4,0.5127119175842034,0.07712623700624788,21,0.016830324721344533
1689,5,0.5101938184448841,0.0911643325043998,21,0.01989368830388263
1690,1,0.40415295316722316,0.2241229196752118,19,0.05141732409450168
1690,2,0.47170263099147747,0.11534245906461262,21,0.02516978807171108
1690,3,0.46775359347626455,0.07735622183221146,21,0.016880511524852596
1690,4,0.522711824774619,0.08428910019635881,21,0.018393389614739592
1690,5,0.5019361035037753,0.1507847644015515,21,0.03290393316743774
1691,1,0.4116946190366996,0.21488889665749838,18,0.050649798676070786
1691,2,0.4467358978755526,0.11723185471823418,21,0.025582088005065434
1691,3,0.4836257966853866,0.0734911487536996,21,0.016037083432051808
1691,4,0.5145287226594217,0.08855556914011355,21,0.019324409466403132
1691,5,0.49392914131648835,0.12655873726653918,21,0.02761738063723545
1692,1,0.4288132108665273,0.2076241427034723,19,0.047632245067563334
1692,2,0.4541980955099555,0.13259053606415264,21,0.02893362704517865
1692,3,0.5143728378407376,0.08546427138567078,21,0.01864983299233737
1692,4,0.5131510991332492,0.07548933548319407,21,0.01647312352445965
1692,5,0.5195065000522991,0.06240891536816002,21,0.013618741843556482
1693,1,0.4228699367146353,0.22487796628785545,19,0.0515905436672478
1693,2,0.4328750488364911,0.12577008494049663,21,0.027445282590516734
1693,3,0.4743696357048914,0.10060253214222775,21,0.021953272316475553
1693,4,0.520476640346887,0.07458350749403399,21,0.016275455651748424
1693,5,0.5127974933744758,0.09401080822600533,21,0.02051484023045936
1694,1,0.4148824859489464,0.21867453811160972,19,0.05016737963968107
1694,2,0.4380563602617922,0.13386784549606617,21,0.029212358814589355
1694,3,0.4769301253926983,0.06872950144844757,21,0.014998006803051812
1694,4,0.502098171648394,0.1007908031319537,21,0.02199435641464619
1694,5,0.5091806737262172,0.1550561820328997,21,0.03383603291126736
1695,1,0.43088374524081574,0.2457315527394924,19,0.056374684506883294
1695,2,0.46181512965474153,0.11961921073124833,21,0.02610305179746759
1695,3,0.47533740755226656,0.07956296426709812,21,0.0173620622032878
1695,4,0.4917359102376667,0.09959655800781383,21,0.02173375076323177
1695,5,0.4797051714640084,0.12760801659617727,21,0.027846352158817304
1696,1,0.4283482951172059,0.22813044942511457,19,0.05233671447308373
1696,2,0.46192958799880135,0.10833124518561141,21,0.023639815771042128
1696,3,0.4780551067296331,0.06204143505664972,21,0.013538551065275439
1696,4,0.49260992852416274,0.08036194479231708,21,0.017536414047840728
1696,5,0.5081703566651398,0.13824973654345676,21,0.030168565834194912
1697,1,0.401553770820256,0.2202116564694512,19,0.05052001877579118
1697,2,0.4564302094315937,0.10888294166866995,21,0.02376020581362578
1697,3,0.501019598879162,0.07819073822689485,21,0.017062617931867755
1697,4,0.4738349020367996,0.09597875416271362,21,0.02094428124086634
1697,5,0.5081630241921058,0.08383394916202494,21,0.018294067516288523
1698,1,0.4179899016732956,0.20361730334263012,18,0.047993058653497345
1698,2,0.46750901086065566,0.13622732175938682,21,0.02972723874683309
1698,3,0.4942556287398648,0.08680527280669569,21,0.018942463493236895
1698,4,0.4567505404790555,0.11998278003968217,21,0.026182389124908584
1698,5,0.4812162057200109,0.14062462558073652,21,0.030686809109454687
1699,1,0.42089582051876673,0.18829022210753368,19,0.043196739485450907
1699,2,0.4467455434864582,0.1536040843281546,21,0.03351915921372136
1699,3,0.4869908589137329,0.09393694968634922,21,0.020498722975759692
1699,4,0.5060135534797587,0.07395577073930423,21,0.01613847226150771
1699,5,0.5172476864063148,0.11325538161660208,21,0.024714350434247103
1700,1,0.41159506621916797,0.22795245817098644,19,0.052295880478895385
1700,2,0.4478215231787587,0.12798318535159853,21,0.027928220693107797
1700,3,0.4883477927979177,0.10709482499196718,21,0.02337000676493991
1700,4,0.5025277733508927,0.08768840819914578,21,0.01913517943537009
1700,5,0.5084726110072318,0.13778987791319863,21,0.03006821645409317
1701,1,0.406400852713781,0.24414376629401494,19,0.056010421314264355
1701,2,0.4592125817400185,0.15376659957984018,21,0.03355462294907536
1701,3,0.4902930235882816,0.07556221617775782,21,0.016489027395866284
1701,4,0.5032771604166213,0.09976716478606124,21,0.021770980214440877
1701,5,0.49926160567579625,0.13850056544733386,21,0.030223301188409178
1702,1,0.39236523466475637,0.21646463872996866,19,0.04966039395126178
1702,2,0.4611051116343462,0.15142849823870475,21,0.03304440740725484
1702,3,0.47739057872147006,0.08242478661282504,21,0.01798656303780255
1702,4,0.4789635093349811,0.09893882771453584,21,0.021590222246288343
1702,5,0.503135670797406,0.13830512184764532,21,0.030180651898425018
1703,1,0.3980315544646111,0.19109307478316728,19,0.04383975798896246
1703,2,0.4433056529215148,0.1277696917579812,21,0.027881632571529723
1703,3,0.48122696838835416,0.0741811361711513,21,0.0161876510305775
1703,4,0.4988423790996643,0.08476151863076324,21,0.018496479768803916
1703,5,0.5236798195299446,0.0767836356432302,21,0.016755562974714838
1704,1,0.423923505551852,0.22710009402323472,19,0.05210033473241397
1704,2,0.4652392684937309,0.11486121965434816,21,0.02506477302290476
1704,3,0.4749617004735657,0.07809391167432951,21,0.017041488645848122
1704,4,0.49883179567064345,0.12473846801672328,21,0.027220165321879167
1704,5,0.46313366934364,0.14181656931531814,21,0.0309469125564951
1705,1,0.43027504771548397,0.17085736453356828,18,0.04027146702578269
1705,2,0.4465814206954422,0.13135935102902307,21,0.02866496044432255
1705,3,0.4693989578152002,0.06153507592475746,21,0.013428054443812181
1705,4,0.5267893652764503,0.11260015927766283,21,0.024571369197808286
1705,5,0.4605705534251405,0.1384804126157188,21,0.030218903480011862
1706,1,0.39938277793574145,0.22014365374133535,19,0.050504417880015286
1706,2,0.4250064968827054,0.13808670339778817,21,0.030132989085108575
1706,3,0.49424082034986566,0.085935344777272,21,0.018752629633998902
1706,4,0.513079712401216,0.07064100077095119,21,0.01541513015239608
1706,5,0.5144828648791202,0.09226579712900192,21,0.020134047590432882
1707,1,0.4013354620270032,0.21320488802254503,19,0.04891255585048311
1707,2,0.46082557702471083,0.11303952435583828,21,0.024667246518211106
1707,3,0.48193595705565545,0.07447843238886627,21,0.0162525263839824
1707,4,0.5168116462947073,0.0796536567657491,21,0.01738185292900365
1707,5,0.48330453198454376,0.10402362192410182,21,0.02269981531098402
1708,1,0.37744285453072296,0.21424196111766042,19,0.04915047673567642
1708,2,0.434560531072887,0.1492447079379219,21,0.03256786529510019
1708,3,0.46654513411166626,0.10173498466893499,21,0.022200393717646025
1708,4,0.5159536961463093,0.10625776807778221,21,0.023187345971119017
1708,5,0.5271543117161227,0.15044429332650003,21,0.03282963628775363
1709,1,0.4164879832584056,0.220521307722661,19,0.05059105764529025
1709,2,0.4566772055230849,0.13867113290204966,21,0.030260522058520187
1709,3,0.45866928728066647,0.09119568500370644,21,0.01990052998013495
1709,4,0.5018481345633062,0.09594011699928574,21,0.020935849920578405
1709,5,0.4970163288747773,0.1397723584359589,21,0.030500829171203864
1710,1,0.42166921853479095,0.19892967806064604,19,0.0456375980809177
1710,2,0.4408445307617441,0.13888947724067027,21,0.030308168699438948
1710,3,0.47078575034461956,0.10661658163698165,21,0.023265645508995583
1710,4,0.48406416501909133,0.09286297398700198,21,0.020264362264483415
1710,5,0.49622100712449746,0.14087431994943012,21,0.030741296887794815
1711,1,0.40287658845004426,0.24045330685859465,19,0.05516377185456787
1711,2,0.45469750711445417,0.14771322636306936,21,0.032233668616900565
1711,3,0.4723578008679109,0.07824496936576213,21,0.017074452136576466
1711,4,0.48587104359665545,0.1033999662239601,21,0.022563722479865444
1711,5,0.5217018239633661,0.05231769035024493,21,0.011416656010250386
1712,1,0.3830391349945172,0.22110022880241406,19,0.05072387124965493
1712,2,0.4474177314773574,0.1298619527561212,21,0.028338201352366886
1712,3,0.47922058495693787,0.08742224418288552,21,0.019077097685285038
1712,4,0.49591811181065004,0.11259320407285604,21,0.02456985144768919
1712,5,0.49372437803856767,0.13135776762662496,21,0.02866461491759184
1713,1,0.41037689478902817,0.22587886868208357,19,0.05182016642455245
1713,2,0.4542116996265458,0.13226843145554348,21,0.02886333805705267
1713,3,0.48231796449688913,0.09254079864000722,21,0.02019405783997617
1713,4,0.5208303709449147,0.07611869625331646,21,0.016610461303913058
1713,5,0.4832574853449304,0.16021461519417018,21,0.03496169531264319
1714,1,0.392279671748667,0.2182050119239162,19,0.05005966294475991
1714,2,0.44977164009385834,0.13525003258446702,21,0.02951397676493162
1714,3,0.4690584952928207,0.08646331633254646,21,0.01886784247289551
1714,4,0.5210294964683703,0.08680768696073332,21,0.018942990304837693
1714,5,0.49749347376307296,0.1485223664440971,21,0.03241023745828782
1715,1,0.4036911179471212,0.21562085478129522,18,0.05082232286036456
1715,2,0.4826666227679588,0.11695088570013384,21,0.0255207755387139
1715,3,0.47061801438335554,0.08539697214627201,21,0.018635147094301283
1715,4,0.50009636486271,0.09858622431069305,21,0.02151327787541174
1715,5,0.489002126803037,0.13544553899494602,21,0.029556639761353958
1716,1,0.400048057406776,0.2370196346473256,19,0.05437603342434862
1716,2,0.4683070990197648,0.1334076597063818,21,0.029111938042447848
1716,3,0.4988595872240344,0.07871751007632877,21,0.017177568973486934
1716,4,0.5226723157593905,0.08939737054795986,21,0.019508105593621042
1716,5,0.504309028744998,0.10490152108269704,21,0.022891388613212625
1717,1,0.3950013829078089,0.20148386627960638,19,0.046223569045614026
1717,2,0.4482754220412553,0.13302196214111925,21,0.029027771933487094
1717,3,0.48062144623818237,0.07863729623972857,21,0.017160064879296305
1717,4,0.47323905041674974,0.08930066764656899,21,0.01948700329049983
1717,5,0.543106345204455,0.1264479249625736,21,0.027593199410051887
1718,1,0.38839026501476276,0.21138125211170186,19,0.04849418507968431
1718,2,0.43834001471739886,0.14481130016137067,21,0.031600416403545335
1718,3,0.4917676202841246,0.07390617210322535,21,0.016127648951783993
1718,4,0.4860774320651808,0.10741670387079863,21,0.023440246494790033
1718,5,0.5043193022710861,0.13432543902900318,21,0.029312213909932505
1719,1,0.41050901264693807,0.20587973979789412,19,0.047232051594814174
1719,2,0.44271749027614793,0.14957941030320876,21,0.03264090333911008
1719,3,0.4709376329056357,0.11651992985607086,21,0.025426733263637605
1719,4,0.4965108938010802,0.08247676560315495,21,0.01799790578340894
1719,5,0.5732503894226277,0.10909162635165988,21,0.02380574454487241
1720,1,0.4264105883054241,0.24833048522244458,19,0.056970920509739814
1720,2,0.45090974636022857,0.15126579268240703,21,0.03300890214402988
1720,3,0.4597388735580793,0.08979326602986136,21,0.01959449707043555
1720,4,0.528534488248286,0.1311626065958137,21,0.028622027289191925
1720,5,0.48308715539278424,0.1334676198956521,21,0.029125022428448562
1721,1,0.41102075786310105,0.2095990700271346,19,0.048085324468862344
1721,2,0.4615958107159631,0.10404420475504801,21,0.022704306852928183
1721,3,0.47681346703210903,0.08073781527519752,21,0.017618435711616882
1721,4,0.5410154749347877,0.08597918578061609,21,0.018762196525254477
1721,5,0.509799978187661,0.18244436984014048,21,0.03981262547195057
1722,1,0.4198922995278958,0.20543325938072207,19,0.04712962196224982
1722,2,0.4454583154472672,0.11813410201661106,21,0.02577897450698836
1722,3,0.4872763126891432,0.08599435284309763,21,0.01876550624963028
1722,4,0.5051620807296103,0.08620597153929886,21,0.018811685235049804
1722,5,0.4800215017992986,0.12109738343212315,21,0.02642561552565693
1723,1,0.37316479684512527,0.2229105276365885,19,0.05113918228522209
1723,2,0.44664388761753754,0.14540985306911344,21,0.03173103135626758
1723,3,0.4962404195571258,0.08292645317657546,21,0.018096035656946105
1723,4,0.4830152457266837,0.10154328017598314,21,0.02215856036764531
1723,5,0.462311783127807,0.14808541874814607,21,0.03231488765393391
1724,1,0.3977290823249473,0.23424281047646647,19,0.053738986269361466
1724,2,0.4400756477654144,0.15620909193077864,21,0.0340876184768147
1724,3,0.4859260634317944,0.0890543904490055,21,0.01943326120003429
1724,4,0.4938090018691613,0.1047485979513648,21,0.022858018050125023
1724,5,0.47502256975780927,0.12364125786916785,21,0.0269807344383341
1725,1,0.40660598754866684,0.24282635886272616,19,0.055708187321608704
1725,2,0.45039949251226197,0.12339397223781591,21,0.026926772289574803
1725,3,0.4747147814657865,0.09071640443254733,21,0.019795942385065508
1725,4,0.49921196347578717,0.09158816467384388,21,0.01998617606571286
1725,5,0.530507006733491,0.15555565258532184,21,0.033945026321451924
1726,1,0.3795857097933019,0.24259997247176981,19,0.05565625072158915
1726,2,0.4446179060554401,0.1560228700197123,21,0.034046981524266086
1726,3,0.4893446131672266,0.08987340065744989,21,0.01961198387980277
1726,4,0.5083192563279871,0.09020690662503787,21,0.01968476084843093
1726,5,0.5016127014205084,0.14800827626639831,21,0.032298053784319346
1727,1,0.3954158755733259,0.23274835973028876,19,0.053396135754693694
1727,2,0.4329506214730672,0.13803511361805512,21,0.03012173127221749
1727,3,0.4654228826036658,0.09966334882018905,21,0.021748325713395435
1727,4,0.5354846191359514,0.09200461164033359,21,0.020077052244135425
1727,5,0.49423124628338144,0.10229427633446077,21,0.022322441164923632
1728,1,0.41183331909290777,0.22716850102826186,19,0.05211602837567415
1728,2,0.45336708878972504,0.12135931818348647,21,0.026482774374478924
1728,3,0.48463458128395454,0.07883860483813904,21,0.017203994016927803
1728,4,0.500420588469511,0.07810276909881912,21,0.017043421494333168
1728,5,0.5520218615779927,0.13343234073103372,21,0.02911732388357625
1729,1,0.3809702288962886,0.22506776911981327,19,0.05163408742323212
1729,2,0.44022512744461395,0.13332494100722458,21,0.029093887342434694
1729,3,0.4763891603123038,0.07495300945141305,21,0.016356087589325753
1729,4,0.5195260143863831,0.09374027403028366,21,0.02045580482903229
1729,5,0.5449540454993508,0.12680682179359584,21,0.027671517119329945
1730,1,0.40008393211304405,0.22744187132970456,19,0.05217874382399805
1730,2,0.4578200290497101,0.1696798269441122,21,0.037027173851352464
1730,3,0.4838317346810724,0.08852988193805238,21,0.01931880405936328
1730,4,0.5214160424723401,0.065106650398739,21,0.014207435890345158
1730,5,0.5532508543801514,0.1191555184264188,21,0.026001865840989027
1731,1,0.43117547577430587,0.21754336443252492,19,0.04990787059995876
1731,2,0.4419697079575671,0.1666349070168706,21,0.036362717848892265
1731,3,0.485363752504698,0.09421080461266172,21,0.02055848302001034
1731,4,0.5146966800191828,0.08618841980055873,21,0.01880785513165196
1731,5,0.5247269404015645,0.07174362464129186,21,0.015655742407105665
1732,1,0.3840331951820572,0.2256647810013948,19,0.05177105134217459
1732,2,0.45740619206541566,0.12374725782713757,21,0.027003865525527356
1732,3,0.47205051199457154,0.08221075116656557,21,0.017939856674284087
1732,4,0.5111133691327522,0.10892843848232196,21,0.023770134032313383
1732,5,0.5528577270015363,0.09635281899504707,21,0.021025908879389623
1733,1,0.40425913020878673,0.19427882096875448,19,0.04457061828805429
1733,2,0.4386209247846223,0.12903429775727457,21,0.0281575922246753
1733,3,0.4805835667402284,0.09139893148705804,21,0.01994488199892982
1733,4,0.5146064809645771,0.048707509867136484,21,0.010628850041855306
1733,5,0.5225009902241722,0.14046437194630104,21,0.03065183889944553
1734,1,0.42335087395958854,0.20710025571628046,19,0.04751205714993148
1734,2,0.47069416586012136,0.1064056529966026,21,0.02321961710610172
1734,3,0.4997688878640705,0.09020014814939771,21,0.019683286028135523
1734,4,0.49013706040709504,0.11160835425358384,21,0.024354939597928314
1734,5,0.5255992287896956,0.1317717678089639,21,0.028754957163939162
1735,1,0.3831259173267975,0.20934851674778035,19,0.048027843604405616
1735,2,0.4571346320493663,0.15752435671394413,21,0.03437463278289877
1735,3,0.48656143108214583,0.07640389050133109,21,0.01667269579102225
1735,4,0.5212869488894395,0.07553215782947026,21,0.016482468126518993
1735,5,0.5346589166487988,0.08510941968794494,21,0.01857239800351298
1736,1,0.3832649547478207,0.2372679547038651,19,0.05443300195235442
1736,2,0.46153063848999887,0.13233257828027004,21,0.028877336041809837
1736,3,0.4755013229599138,0.08401853540166167,21,0.018334347536068645
1736,4,0.5043777757312399,0.07140803410744567,21,0.01558251054882658
1736,5,0.5165073269182161,0.08530534718429868,20,0.01907485551483121
1737,1,0.4598396405339484,0.24074052859342884,19,0.055229665039648435
1737,2,0.47371106159978543,0.1274949261210191,21,0.027821673793922502
1737,3,0.4696157336446365,0.08433318572481535,21,0.018403009865749317
1737,4,0.49377889570364963,0.08903721090550791,21,0.01942951231629703
1737,5,0.5277464772677718,0.08225079114583826,21,0.01794859411408607
1738,1,0.3748297905918646,0.22719061749606442,19,0.05212110224136571
1738,2,0.43255469275501224,0.11205489045477839,21,0.02445238178566698
1738,3,0.47884791789011644,0.09552400373429178,21,0.02084504656179221
1738,4,0.5023124973970163,0.09457598872649506,21,0.02063817272687875
1738,5,0.5182648072500712,0.07491573597993376,21,0.01634795385101777
1739,1,0.440697364272808,0.23853223926284564,19,0.054723048722274154
1739,2,0.47131310020984996,0.11412831238311759,21,0.024904839544438204
1739,3,0.4801911485396686,0.0850733416590128,21,0.018564525132155535
1739,4,0.5190685610127496,0.13945537070468164,21,0.030431656777253846
1739,5,0.48241381706037895,0.12431442951901556,21,0.02712763253553055
1740,1,0.42727075968873246,0.1969167991904707,19,0.04517581199772387
1740,2,0.43283368191549926,0.10415997488546774,21,0.022729569966540724
1740,3,0.4917733734867962,0.09968548801699374,21,0.021753156882213676
1740,4,0.4975576707809324,0.07460579073253898,21,0.01628031825304261
1740,5,0.5238376030345434,0.06899972375599712,21,0.015056974144899976
1741,1,0.41711230905794083,0.26199307472616634,20,0.058583432472189
1741,2,0.47991413866619165,0.1123248608251387,21,0.02451129415031324
1741,3,0.48434480580778505,0.0838890038629538,21,0.018306081436972793
1741,4,0.49341959063025087,0.09797924363794869,21,0.021380823833591443
1741,5,0.49190175681987225,0.12693102981506885,21,0.02769862153172617
1742,1,0.4009013382706962,0.2237769683683327,19,0.05133795742155053
1742,2,0.43549294877935113,0.13032499466290112,21,0.028439245380355253
1742,3,0.44295089056839415,0.07432698070310781,21,0.016219476916643504
1742,4,0.5169508166278314,0.06576993977593795,21,0.014352177498853457
1742,5,0.5145230716528933,0.1413853424004335,21,0.030852811128915997
1743,1,0.3869935596070979,0.2474355175702872,19,0.056765600849029714
1743,2,0.4092075066150505,0.13119221647415724,21,0.028628488694374198
1743,3,0.4925908483040817,0.10579589761979705,21,0.023086557574215162
1743,4,0.5028601393026503,0.0824078886590816,21,0.017982875601987348
1743,5,0.5054690248842597,0.14502984161351368,21,0.03164810605816109
1744,1,0.39062017716639147,0.23651034516789354,19,0.05425919440467216
1744,2,0.44069029963398865,0.13201351648346454,21,0.02880771104965604
1744,3,0.48466569490676503,0.08725153678987475,21,0.019039846278134542
1744,4,0.4859276681946865,0.11338757622305315,21,0.024743197662367433
1744,5,0.5045995689602216,0.13471422100086813,21,0.029397053091594662
1745,1,0.3886309472183759,0.22915244010375,19,0.05257117521463175
1745,2,0.44024279887430395,0.14857225597648127,21,0.03242112424678956
1745,3,0.5006584718064925,0.08331546327284976,21,0.018180924619435584
1745,4,0.4894980985310149,0.07633188449140835,21,0.016656982791452595
1745,5,0.5178526333903868,0.08904357134245723,20,0.019910747848108656
1746,1,0.4021504136745212,0.20129074567084282,19,0.04617926413942901
1746,2,0.4580503301760007,0.1407171789047257,21,0.03070700590054994
1746,3,0.47115482401153336,0.09902272665601862,21,0.021608530496291748
1746,4,0.49685773472196637,0.11158383032876361,21,0.024349588038793737
1746,5,0.5430988999325932,0.07569187020935211,21,0.01651732022510138
1747,1,0.43165817562908365,0.2040800311556351,19,0.04681917011589713
1747,2,0.4724517753177182,0.1224374839129722,21,0.026718049425292052
1747,3,0.4567377862370053,0.07480860593794796,21,0.016324576159274736
1747,4,0.48099154009202827,0.09151566465241938,21,0.01997035526399554
1747,5,0.5179419435265556,0.14582308584516154,21,0.031821206140833155
1748,1,0.41306447359347853,0.22066725991909106,19,0.05062454137554427
1748,2,0.4318927680417411,0.10966673608718731,21,0.023931243778013388
1748,3,0.4692318646904062,0.07448160419843593,21,0.016253218529574922
1748,4,0.4556024123377436,0.11310055843694243,21,0.024680565246622148
1748,5,0.5364381087244608,0.12666546336612097,21,0.027640670181519302
1749,1,0.445336417939277,0.2608318389766427,20,0.05832377226480522
1749,2,0.4365573622009695,0.1501979356582336,21,0.03277587663714107
1749,3,0.467294859520831,0.08483190026826445,21,0.018511838301250787
1749,4,0.4967886700824727,0.0931438889835831,21,0.020325662942372997
1749,5,0.5294536862227779,0.10464335009138435,21,0.022835051084168237
1750,1,0.4220584540222342,0.20836903102159046,19,0.04780313416771602
1750,2,0.44324204396789163,0.10981658359945365,21,0.023963943185997257
1750,3,0.47160440154440214,0.06367308675259209,21,0.013894606655963962
1750,4,0.46316416492895807,0.10357127700621505,21,0.022601105557343796
1750,5,0.5225225345914103,0.08825310838807815,21,0.01925840711921478
1751,1,0.3774430763160556,0.227515304517688,19,0.052195590552709725
1751,2,0.43905825628816253,0.15985804102180576,21,0.03488388444903718
1751,3,0.5113025517663559,0.08221769253709789,21,0.017941371405516996
1751,4,0.46659158394311784,0.08427097622743122,21,0.01838943464047751
1751,5,0.4849313778716366,0.14476635803732504,21,0.03159060922805337
1752,1,0.3951747993873467,0.23095840116459174,19,0.05298549109674641
1752,2,0.44689175663088937,0.13362373179955406,21,0.029159088838758774
1752,3,0.4733966825157277,0.07363441228110139,21,0.016068346096749193
1752,4,0.4792297642506845,0.13150041358438952,21,0.028695742817545916
1752,5,0.4822893245753396,0.1382541204069014,21,0.030169522471626888
1753,1,0.4139247862424615,0.19808377048625522,19,0.04544353357395216
1753,2,0.44958407874113665,0.15709352166847065,21,0.03428061686823582
1753,3,0.491589691736957,0.05653534468069265,21,0.012337023639985385
1753,4,0.48050895347578376,0.0833247486287317,21,0.01818295085020623
1753,5,0.47990394501738465,0.14016267061341534,21,0.030586002271101823
1754,1,0.42474240826652904,0.22536765225045544,19,0.05170288533172379
1754,2,0.41728276743099524,0.14327671924139987,21,0.031265543392792895
1754,3,0.4848775700334515,0.07194040840592995,21,0.015698684145057686
1754,4,0.49222899705037354,0.1077838196675418,21,0.023520357729427635
1754,5,0.47782295253817314,0.10623122123551113,20,0.023754023201542206
1755,1,0.4095587324250843,0.23189307013792837,19,0.05319991886519048
1755,2,0.4556183238166455,0.14052736771952842,21,0.030665585704172993
1755,3,0.4972018678559156,0.07369436999382473,21,0.016081429942323054
1755,4,0.5000843032637113,0.08782796045538957,21,0.019165632234305282
1755,5,0.5180056446515985,0.08147369136478345,21,0.017779017039361435
1756,1,0.39281184128751584,0.24328941827296394,19,0.05581442043603407
1756,2,0.4497665416632991,0.13206633249673924,21,0.02881923644864352
1756,3,0.4830769756186853,0.07528279692441449,21,0.016428053115910387
1756,4,0.5137699036531426,0.08863636165695962,21,0.01934203983897614
1756,5,0.46647554001684516,0.1323583377564792,21,0.028882957220361785
1757,1,0.40439392145234837,0.21836356785961256,19,0.05009603817110722
1757,2,0.4620886354307861,0.10735352617271005,21,0.023426459990803176
1757,3,0.4765918941977238,0.11136308858626393,21,0.02430141824145844
1757,4,0.5043507024094966,0.08788015625732873,21,0.01917702229208362
1757,5,0.5095359379200517,0.1453846635393925,21,0.031725534550235836
1758,1,0.42186990673360053,0.2232006606459077,18,0.05260890023601291
1758,2,0.4518027576006961,0.1531129159652138,21,0.03341197748980976
1758,3,0.49350722063534025,0.09304740490809096,21,0.020304608390977735
1758,4,0.5022615538812802,0.09345804168105663,21,0.02039421668122762
1758,5,0.5155621448523936,0.07076636379684638,21,0.015442486607420529
1759,1,0.40731428775810113,0.21581615172152532,19,0.04951162082831423
1759,2,0.4627842082194112,0.13867418237249357,21,0.030261187507526793
1759,3,0.49795512087740945,0.09436733063182864,21,0.020592639797679984
1759,4,0.47551091728767103,0.08168013509255943,21,0.017824066754089166
1759,5,0.5216721373286058,0.07856103718209846,20,0.017566781952206068
1760,1,0.36899854101467233,0.2573728622483263,19,0.05904538407106677
1760,2,0.43529186048282176,0.14853560962390827,21,0.03241312735704623
1760,3,0.5084509191949799,0.07387907044995491,21,0.01612173488618541
1760,4,0.5087060196324611,0.10212874388686197,21,0.022286319023443024
1760,5,0.5101121567214018,0.08029882926112378,20,0.017955364074152196
1761,1,0.4256441810364799,0.1996968455487924,18,0.04706899788970458
1761,2,0.4314436225228526,0.13594576287523275,21,0.02966579756115579
1761,3,0.502957441788085,0.08606106201327414,21,0.01878006338400559
1761,4,0.47714415347834577,0.1050905053842634,21,0.022932628368788156
1761,5,0.49878128978377523,0.09732065823285298,20,0.02176156074236838
1762,1,0.397675643298394,0.21169628679767888,19,0.04856645899336241
1762,2,0.44789651883389053,0.13262452455039483,21,0.028941043940938736
1762,3,0.49450169912469105,0.08498111859612163,21,0.018544400409940324
1762,4,0.4885515666082003,0.08238440787188883,21,0.017977751674145063
1762,5,0.5230586282238736,0.05465237228123281,20,0.012220641955246182
1763,1,0.3687202444765626,0.23250180361310727,19,0.05333957190213023
1763,2,0.4415643347666477,0.12945870034382181,21,0.02825020446172234
1763,3,0.4847364898668377,0.06821990389383839,21,0.014886803499815575
1763,4,0.5087031097148953,0.09024842066474245,21,0.019693819954590436
1763,5,0.4839399380972476,0.12402635897746794,21,0.027064770389714887
1764,1,0.39170285783530817,0.21055993268119902,19,0.048305761479793353
1764,2,0.4482749187958858,0.1312731320884843,21,0.028646145929019796
1764,3,0.4900965600951427,0.10824836127051835,21,0.023621729017956023
1764,4,0.5218071034914502,0.07969903096277384,21,0.01739175439054954
1764,5,0.5244829710027709,0.06724855017142099,21,0.014674836739836774
1765,1,0.38510810965768233,0.24021412326613895,19,0.055108899375174845
1765,2,0.4453631149529097,0.1336130597111042,21,0.029156759998132834
1765,3,0.49597253971603245,0.08910718534185368,21,0.019444781990166856
1765,4,0.4982999903456872,0.09163218276751448,21,0.019995781601245866
1765,5,0.4984429819890371,0.1383719375343328,21,0.03019523227660863
1766,1,0.41139162403810564,0.20708487694848085,19,0.04750852901863071
1766,2,0.44511089494260037,0.14575930155414243,21,0.031807287267416766
1766,3,0.4918818612353557,0.06582157452142677,21,0.0143634451240769
1766,4,0.5189399330512717,0.10443488700661559,21,0.022789560709617906
1766,5,0.4930158657216465,0.1401233062862476,21,0.030577412270676722
1767,1,0.36579237848507967,0.22672593704222951,19,0.05201449723403386
1767,2,0.4538710029551729,0.15345651531123589,21,0.03348695701418516
1767,3,0.4894872879699245,0.10425430944667277,21,0.022750155455463224
1767,4,0.49662176894551535,0.10265445510787537,21,0.022401038616965956
1767,5,0.5034129555692941,0.07806704773152782,20,0.017456322553041696
1768,1,0.3928982576576982,0.22988160749577502,19,0.05273845768698766
1768,2,0.45944830212672566,0.16300631975230062,21,0.035570895191480614
1768,3,0.48773359791601223,0.06650397851081055,21,0.014512357882928853
1768,4,0.52381474944216,0.1295718615911869,21,0.02827489827037882
1768,5,0.4871455159499876,0.14307569487330984,21,0.031221676279302266
1769,1,0.4036971774756574,0.23740572234420826,18,0.055957065387360116
1769,2,0.445896526942095,0.1310641740990765,21,0.028600547557423275
1769,3,0.4998023448065677,0.09812914150036071,21,0.02141353422887788
1769,4,0.5084051679879229,0.10070157090151181,21,0.02197488434557811
1769,5,0.464977172676763,0.1400591243052251,21,0.030563406614186824
1770,1,0.3973858208623618,0.23234289950774126,19,0.05330311680018264
1770,2,0.431982533775834,0.1570356247824869,21,0.03426798273192521
1770,3,0.4940362179799889,0.09534077521830714,21,0.020805062821602972
1770,4,0.48899950025398153,0.0954113049417432,21,0.020820453669050117
1770,5,0.5191656333328373,0.059729508442880386,21,0.013034047317238253
1771,1,0.41031587001175857,0.24194612327400786,19,0.055506247428043914
1771,2,0.4545921864633507,0.14778780351148044,21,0.03224994268488665
1771,3,0.4834347406571933,0.10990699304914445,21,0.023983672145366182
1771,4,0.48978500795786334,0.07582794199992066,21,0.01654701352415988
1771,5,0.508781546416328,0.08544112708583024,21,0.01864478249205518
1772,1,0.4063527836919617,0.2011531966823577,19,0.046147708237292535
1772,2,0.4519651460879952,0.12282787852334445,21,0.026803240513526987
1772,3,0.46391810271675676,0.07788977656408372,21,0.016996942712767193
1772,4,0.4997870946771042,0.11217249173676874,21,0.024478044489311963
1772,5,0.4901394727225733,0.08297763198592703,21,0.018107203788747597
1773,1,0.42800570236222496,0.19735289493191574,18,0.04651652343105129
1773,2,0.44755337131360173,0.09331739870212719,21,0.02036352586708913
1773,3,0.4930695156503021,0.09032331770921406,21,0.01971016382961994
1773,4,0.502484233866265,0.06542828431419545,21,0.014277622164804405
1773,5,0.4847381645795177,0.14370283517122417,21,0.0313585295119951
1774,1,0.42427810520156745,0.23811349794288592,19,0.054626982875053666
1774,2,0.4600215918151087,0.14840642755593472,21,0.03238493751871672
1774,3,0.46718913102274434,0.06802251196013917,21,0.014843729048494129
1774,4,0.4823551104338183,0.10179094186018896,21,0.022212604577864996
1774,5,0.46976369045139293,0.14487042128841385,21,0.03161331769115707
1775,1,0.39495613491985415,0.20076971259208762,19,0.04605973095329554
1775,2,0.4545901524483246,0.12015164216196335,21,0.026219237860973552
1775,3,0.5126898282838556,0.10624834038589205,21,0.02318528868008495
1775,4,0.5076179598898501,0.07300733645334027,21,0.015931506932597175
1775,5,0.48726671444132486,0.1345217433062649,21,0.02935505101516086
1776,1,0.3853096353880584,0.21510537613103592,19,0.04934855772460482
1776,2,0.44098976244011634,0.13036291202898603,21,0.028447519627985605
1776,3,0.501966605491309,0.06689773571127702,21,0.014598282748479878
1776,4,0.4892691745191096,0.0998457224603414,21,0.02178812290438414
1776,5,0.51466674179705,0.14954103019471437,21,0.0326325281128074
1777,1,0.378418371157347,0.22265007440204515,19,0.051079430215280365
1777,2,0.45434353228150476,0.129345123348997,21,0.028225419929532324
1777,3,0.4850674851149192,0.06142245350218936,21,0.013403478216366104
1777,4,0.4996236209502191,0.08625208329375836,21,0.018821747644823035
1777,5,0.5151627057545154,0.10038176821570786,21,0.02190509767819017
1778,1,0.3908007145291536,0.238914816864794,20,0.05342297713415925
1778,2,0.45057361769078325,0.13514968650981343,21,0.029492079456227248
1778,3,0.4883370784776013,0.0712294958321335,21,0.015543550303061586
1778,4,0.4783864875973292,0.09188684550415382,21,0.02005135356635703
1778,5,0.5477404033837265,0.13123774213210004,21,0.02863842320740208
1779,1,0.3758340180387309,0.22955583531947116,18,0.05410682927178015
1779,2,0.4488936157966977,0.1257826080423927,21,0.0274480153553917
1779,3,0.5116816018779021,0.10419663372415665,21,0.022737569580977918
1779,4,0.5080703259883561,0.1039772463205069,21,0.022689695324609117
1779,5,0.47781001659636974,0.12903717094147124,21,0.028158219204868957
1780,1,0.38462046518857695,0.24883916499925957,19,0.05708761965404294
1780,2,0.4540107283400004,0.1276180881479678,21,0.027848549951600438
1780,3,0.4725389166240095,0.09778814671753165,21,0.02133912306678744
1780,4,0.500439564517076,0.11779444876133446,21,0.025704856090210115
1780,5,0.5104598460166702,0.06488466565926748,20,0.01450865231114683
1781,1,0.43049266097041156,0.2187441814434588,19,0.05018335691576642
1781,2,0.44544317718178195,0.12770072209434022,21,0.0278665821570397
1781,3,0.4630302039774898,0.071781012299191,21,0.01566390106293328
1781,4,0.48938207382462645,0.08059095058079159,21,0.017586387207853466
1781,5,0.48433752122606094,0.06866030603756827,21,0.014982907126475719
1782,1,0.4186702316136596,0.19520841956669077,19,0.044783882832604885
1782,2,0.4589678594935852,0.11774624992850154,21,0.025694338242597474
1782,3,0.49132716278908317,0.07009094401828728,21,0.015295097928319701
1782,4,0.4990875995731831,0.09024544537557125,21,0.019693170693264653
1782,5,0.49177767464593086,0.07458608848327411,20,0.016677956402441508
1783,1,0.3908908073191755,0.23842713264605872,19,0.054698935610649334
1783,2,0.4373291685164836,0.14694978479208934,21,0.032067072007962855
1783,3,0.49427909249207486,0.07161483076842964,21,0.01562763727989435
1783,4,0.47137402018050195,0.12789285569301007,21,0.027908509145584886
1783,5,0.5412138991850074,0.1403152167088425,21,0.03061929055820968
1784,1,0.3767514883899699,0.23496673283179945,19,0.053905065447775485
1784,2,0.42911760740836025,0.13187499938608144,21,0.028777484140903482
1784,3,0.4777848902124272,0.08700053732952125,21,0.018985073705445825
1784,4,0.518266424108119,0.0824894699424763,21,0.018000678097532488
1784,5,0.4980764000055512,0.08412964427171299,21,0.018358593479277752
1785,1,0.3895318432262525,0.2194893127095699,19,0.050354301752011194
1785,2,0.4472359905674071,0.12687830845020548,21,0.027687116786715326
1785,3,0.46544840559302275,0.09831802656113493,21,0.021454752328337125
1785,4,0.5558081671083028,0.11909372251868816,21,0.02598838086837883
1785,5,0.47513954254469787,0.12952198351904787,21,0.028264013982707604
1786,1,0.41034200553439454,0.205285104056112,19,0.04709563279972757
1786,2,0.468493877528313,0.13476628594944678,21,0.029408414594828743
1786,3,0.49062047202938813,0.09465058701032583,21,0.020654451406991528
1786,4,0.5108743319694877,0.04458358297541297,21,0.009728935416055927
1786,5,0.5181158741858485,0.13438561710207989,21,0.02932534584207777
1787,1,0.42661818148388375,0.26733281530709674,20,0.05977743476430646
1787,2,0.4205181086051333,0.14298721851259547,21,0.031202369154531416
1787,3,0.49773849297522205,0.07462474799698106,21,0.016284455067293806
1787,4,0.5439945183146884,0.07581844938871618,21,0.016544942066570013
1787,5,0.5281897729693744,0.09868984633369332,21,0.021535890054652847
1788,1,0.3823623458029521,0.22109322888122285,19,0.050722265357597815
1788,2,0.4411510013698773,0.12293458947454823,21,0.02682652675216375
1788,3,0.4805711932055741,0.07994099880486244,21,0.017444556102555072
1788,4,0.5190512867730617,0.0805927264091876,21,0.017586774725379464
1788,5,0.5082513563090593,0.06947083798891139,21,0.015159779698866676
1789,1,0.4250782240444659,0.21048184543634016,19,0.04828784703720813
1789,2,0.43553180050921236,0.110543073497572,21,0.024122476278842408
1789,3,0.4861141015461373,0.09396107109591827,21,0.02050398669886537
1789,4,0.5010756037965538,0.0732090401566274,21,0.015975522289181275
1789,5,0.45892461996847045,0.1340341825069726,21,0.02924865652617752
1790,1,0.3816853451613831,0.22955247877493645,19,0.05266295037995859
1790,2,0.4283400469957643,0.1521657800074219,21,0.033205295479333756
1790,3,0.4686878341416467,0.08570835425276288,21,0.01870309624063696
1790,4,0.5068758501831045,0.09519169692040608,21,0.020772531269955027
1790,5,0.5208279996534461,0.06085030171717178,20,0.013606541109096829
1791,1,0.41576778745791404,0.19956586533945778,19,0.04578354945236541
1791,2,0.46116492248771995,0.11596314969797297,21,0.02530523387221222
1791,3,0.49221020027112156,0.0785391667086103,21,0.01713865126004583
1791,4,0.517048476623104,0.06655709605641666,21,0.014523949081665533
1791,5,0.5264860016293037,0.13742528741982546,21,0.02998865628582918
1792,1,0.42012989227145764,0.18298674822125108,19,0.041980039131766025
1792,2,0.44901220986377327,0.13670835615532273,21,0.02983220905784517
1792,3,0.4774845983353323,0.09953074948206034,21,0.0217193901655823
1792,4,0.511007755044807,0.07925295385762972,21,0.01729441238578241
1792,5,0.49717618360685034,0.13320057405734342,21,0.029066748249016543
1793,1,0.3998997651563852,0.2560612491314655,19,0.0587444793853079
1793,2,0.4562567058038967,0.1382804460861844,21,0.030175267205819048
1793,3,0.4538383636724915,0.0795174550721132,21,0.017352131282771854
1793,4,0.4968163129767787,0.07631571309468467,21,0.016653453903377385
1793,5,0.5101701991758614,0.1356640702024544,21,0.02960432718040716
1794,1,0.39170398700003106,0.20507704653746553,19,0.0470479011314
1794,2,0.4533205336592764,0.15168462743169486,21,0.03310029937937699
1794,3,0.5068429185891157,0.08655305957078863,21,0.018887426053007663
1794,4,0.5199677421378675,0.09017110142549883,21,0.01967694751332804
1794,5,0.4904851131254893,0.1434710477740456,21,0.0313079493551995
1795,1,0.4038467590456986,0.20522726946879058,19,0.047082364635434124
1795,2,0.43494618565329274,0.1596511890046021,21,0.034838745638251935
1795,3,0.5020226170678117,0.07428316410643628,21,0.016209915351360522
1795,4,0.4860057243357689,0.06715106280695551,21,0.01465356325283845
1795,5,0.5161877868004455,0.10051389647464762,21,0.021933930428096556
1796,1,0.41128003791828954,0.20419553367775656,19,0.04684566821177353
1796,2,0.4557579779087502,0.12972145348207095,21,0.028307541897203952
1796,3,0.48825727370507765,0.09193362359107998,21,0.020061561381795334
1796,4,0.5204114588104445,0.084659856608609,21,0.018474295296812295
1796,5,0.4907430424835388,0.1340982549148352,21,0.029262638271843635
1797,1,0.40056024827483117,0.21635890985355033,19,0.049636138083486964
1797,2,0.4736657559679742,0.14648917821088886,21,0.03196655941158447
1797,3,0.4946626708438796,0.07126271515954707,21,0.015550799354604834
1797,4,0.5082429972470123,0.08885473901949804,21,0.019389693686304575
1797,5,0.472775408900705,0.13872694762438997,21,0.030272701829473395
1798,1,0.41308095893523705,0.2314122057312395,19,0.05308960100443772
1798,2,0.4573967298468655,0.14756336019652982,21,0.03220096513822055
1798,3,0.4742299583949426,0.08805284559103044,21,0.019214706194150267
1798,4,0.5081065358555551,0.10385865149410384,21,0.02266381581179854
1798,5,0.5105129088584263,0.08826810829618102,20,0.01973734903955739
1799,1,0.4149592084025597,0.19728502618076652,19,0.045260289062933536
1799,2,0.44444134526678997,0.13126245776984377,21,0.028643816601726355
1799,3,0.48305206414551566,0.07996291715970907,21,0.01744933907970715
1799,4,0.4874768055347256,0.07757452150445117,21,0.016928148418767955
1799,5,0.48698469452252574,0.13290796843299013,21,0.02900289646699898
1800,1,0.4702839589548598,0.225768744402157,19,0.051794902182056124
1800,2,0.4541881397334017,0.13239265742787854,21,0.02889044638664814
1800,3,0.4862945014074244,0.07903607623887313,21,0.017247085809377942
1800,4,0.5163129044369272,0.08194333460610141,21,0.017881501596645435
1800,5,0.5236907761977034,0.10787588125401501,21,0.023540447214599598
1801,1,0.4417034588910321,0.22718229738845386,18,0.05354738101630487
1801,2,0.45383586256171926,0.11082220237044918,21,0.024183387192585615
1801,3,0.4866807689586489,0.09190536997059101,21,0.0200553959363407
1801,4,0.5274177549802023,0.08451515723022392,21,0.018442719303742642
1801,5,0.47758926201311946,0.13626079031177843,21,0.02973454218372524
1802,1,0.38525071068682704,0.21073414306206403,19,0.04834572808216737
1802,2,0.46963522763813287,0.12409811191770065,21,0.0270804281649507
1802,3,0.5002784507097318,0.11222036820298334,21,0.02448849199076127
1802,4,0.5330342311695759,0.07535989193456222,21,0.016444876626372545
1802,5,0.4983271381107369,0.08938934148811621,21,0.019506353509121385
1803,1,0.39707428673422224,0.22305592013911912,19,0.051172537612889424
1803,2,0.4825108978112699,0.13022560302176361,21,0.02841755634611913
1803,3,0.4860384461171112,0.07499440398240889,21,0.016365120616546974
1803,4,0.5039699899797951,0.08541227835123047,21,0.01863848718205484
1803,5,0.5658272251814952,0.07905657833150422,20,0.017677588321778032
1804,1,0.4226130302495843,0.2331842279351281,19,0.05349613077877776
1804,2,0.4618665817975306,0.13457549501087623,21,0.02936678059873773
1804,3,0.46956908890322085,0.067088933543453,21,0.014640005536035014
1804,4,0.5302343085138833,0.08104703779246139,21,0.017685913596947666
1804,5,0.5274418694407346,0.07912250632759454,20,0.017692330269865865
1805,1,0.41848522468047405,0.20627603510727252,19,0.047322967974044686
1805,2,0.41881240963199434,0.13194497720807682,21,0.028792754553582624
1805,3,0.5005582998607123,0.07207914046056782,21,0.015728957961328865
1805,4,0.5091655186743208,0.10694757686429904,21,0.023337874589178968
1805,5,0.510311403382548,0.07507936162987716,21,0.016383659895136914
1806,1,0.41254240438382395,0.21042783146281746,19,0.04827545538183315
1806,2,0.44323792790593813,0.12916134015875128,21,0.02818531514949606
1806,3,0.5126604302047579,0.0993400674968901,21,0.021677779945072438
1806,4,0.5168302973522477,0.08606918684909468,21,0.01878183636853686
1806,5,0.5228631520739909,0.09126596283302818,20,0.020407689692662028
1807,1,0.41981554559260437,0.19438208570170867,19,0.04459430884254792
1807,2,0.46562387168455466,0.1278878113889298,21,0.02790740838819078
1807,3,0.4939449713737913,0.06422558350346677,21,0.014015171331302076
1807,4,0.5314461480160667,0.07309663526714152,21,0.01595099353134546
1807,5,0.5100877868198426,0.09405212368652852,21,0.02052385600308886
1808,1,0.4200698214894639,0.247788805835689,19,0.056846650735704725
1808,2,0.4308281426900637,0.1390422245515797,21,0.030341500895364824
1808,3,0.47583648141320023,0.07629885067599257,21,0.01664977422194612
1808,4,0.49399895537186955,0.0834029315557903,21,0.018200011763601434
1808,5,0.4833073309237716,0.14114075047912847,21,0.030799436795880045
1809,1,0.4264426588163098,0.23509579383389162,19,0.05393467407228453
1809,2,0.4662158852301504,0.13671524335778593,21,0.029833711968636316
1809,3,0.48624233104718834,0.08888465789669177,21,0.01939622252056402
1809,4,0.49704405136014623,0.07912709774496471,21,0.01726694833040335
1809,5,0.5141126727871127,0.17011369577769048,21,0.037121851792855064
1810,1,0.4081309620054551,0.1952878514449519,19,0.04480210575524888
1810,2,0.4358553575618308,0.1358819031440359,21,0.029651862225342974
1810,3,0.49073474174903575,0.07827316651121982,21,0.017080605258168922
1810,4,0.521712111846206,0.047615868378534515,21,0.010390634339318505
1810,5,0.5170479456344667,0.13771501700206484,21,0.03005188046400441
1811,1,0.4539280485746625,0.1850750904710621,19,0.04245913770157932
1811,2,0.4466328830559575,0.1233382831946663,21,0.026914619944069438
1811,3,0.4880466621477165,0.07206986192117988,21,0.015726933218039158
1811,4,0.487738990061636,0.09605292005870072,21,0.020960465566216106
1811,5,0.4955953886717223,0.09613538118429098,21,0.020978460059068896
1812,1,0.4196122908535342,0.1910823172466321,19,0.0438372900408236
1812,2,0.4501459924249173,0.11522670464508167,21,0.025144528386495547
1812,3,0.4909707780923156,0.08104619908575075,21,0.017685730576138745
1812,4,0.49593840108152887,0.1053536193304215,21,0.022990044539010445
1812,5,0.5179062519026599,0.13937679769692157,21,0.03041451074127095
1813,1,0.4066169573691629,0.22554811835521785,19,0.05174428709558662
1813,2,0.46252557387737636,0.11170669789782792,21,0.024376399940493374
1813,3,0.47943235505543186,0.08442238289171691,21,0.018422474283325604
1813,4,0.5106397259663465,0.10306100345647888,21,0.02248975473987714
1813,5,0.4719052401892495,0.1366803645949985,21,0.0298261007986068
1814,1,0.4334931453650411,0.2119429519828288,19,0.0486230478678339
1814,2,0.44834348377270933,0.1595226114115675,21,0.0348106877071683
1814,3,0.4895425906947213,0.0862021900455548,21,0.01881086004546303
1814,4,0.5097904181523578,0.07336235597676898,21,0.016008978543992372
1814,5,0.5194563470190904,0.07842835224145785,21,0.017114469560816196
1815,1,0.4165470670222154,0.21754835583385443,19,0.049909015705957814
1815,2,0.4653824297023326,0.12975677008374953,21,0.028315248611512557
1815,3,0.475519189630748,0.08678824048701067,21,0.018938746736369406
1815,4,0.5069540310113515,0.06000988578515186,21,0.013095230669338709
1815,5,0.4821172805807382,0.07780777728760971,21,0.016979049003654156
1816,1,0.43842685186597624,0.17010316441281978,19,0.03902434229747187
1816,2,0.4678185071024475,0.09869647349865517,21,0.021537336220609066
1816,3,0.5008018938560316,0.06177450286770231,21,0.013480301686167259
1816,4,0.5080016994187214,0.05905401246003531,21,0.012886642008998913
1816,5,0.5311958982755896,0.05853723513532309,20,0.013089323697747153
1817,1,0.43460975325696083,0.20894791206147387,19,0.04793593858630463
1817,2,0.44870946837916914,0.11724458406359548,21,0.02558486577595426
1817,3,0.5182812780809738,0.06380279577345585,21,0.013922911484841429
1817,4,0.5166037472548888,0.10595248561088398,21,0.023120727875266443
1817,5,0.49637841178531084,0.06764047591935202,21,0.014760361949679444
1818,1,0.41333451164899165,0.21588498839277662,19,0.04952741304376655
1818,2,0.4504690221208094,0.11950142533018017,21,0.026077348915745896
1818,3,0.4617198291298852,0.08790118651632288,21,0.01918161147083244
1818,4,0.5016478159938691,0.08835377173892474,21,0.019280373663260606
1818,5,0.47609298989308585,0.12404245244315851,21,0.02706828227184447
1819,1,0.39449332220863764,0.2204512770305672,19,0.050574991502670086
1819,2,0.4615072787470538,0.14371829585121373,21,0.03136190330896404
1819,3,0.5148909426882985,0.08413282866064604,21,0.018359288369912415
1819,4,0.5227754296127408,0.07042248865015505,21,0.015367446898404954
1819,5,0.5027292768861059,0.14351244827542622,21,0.0313169836852655
1820,1,0.411472796441036,0.24001228690997442,19,0.0550625949394036
1820,2,0.47419061588281164,0.12595083649700997,21,0.027484725813835945
1820,3,0.47417516501042295,0.07291189350955646,21,0.015910679574766756
1820,4,0.5036317186457335,0.09838839416498692,21,0.021470107798390668
1820,5,0.4835197184212445,0.06263972954585467,20,0.014006669335673306
1821,1,0.4199982224604465,0.21970864264765605,19,0.05040461949071701
1821,2,0.44410668309507445,0.13480777829002247,21,0.02941746896585012
1821,3,0.4618366941285913,0.07499417984555347,21,0.01636507170587526
1821,4,0.5153592392324527,0.07394887480891996,21,0.01613696744612804
1821,5,0.5228934079605987,0.06315268381482994,20,0.014121369397151048
1822,1,0.43719725522695496,0.2244929562465876,19,0.0515022163060828
1822,2,0.43486666898610693,0.10201447778378597,21,0.022261384115504292
1822,3,0.5003348580419873,0.07524494305795855,21,0.016419792725035097
1822,4,0.5219699874357419,0.0898970289944819,21,0.019617140005659676
1822,5,0.4961280155621632,0.09557043042527194,21,0.02085517769634854
1823,1,0.4912400726319239,0.22138815666789616,19,0.0507899264322163
1823,2,0.44299733997592644,0.15196850145524868,21,0.03316224576988971
1823,3,0.4819254305034176,0.07063115773893207,21,0.015412982226715343
1823,4,0.48703715708791767,0.08692874570649418,21,0.018969407488932243
1823,5,0.5187913763461246,0.10773543059925654,21,0.02350979836903594
1824,1,0.4449620897596366,0.18152654489946685,19,0.041645045515098664
1824,2,0.4604350465169225,0.11051564325833729,21,0.02411649050990794
1824,3,0.5006759834439133,0.10404095092360567,21,0.022703596808695655
1824,4,0.5378163606827119,0.08604845971177,21,0.01877731333635924
1824,5,0.4968622811725553,0.06904539014391538,21,0.015066939367726196
1825,1,0.4177759913201225,0.22742866088940053,19,0.052175713141140945
1825,2,0.45912889601147505,0.13699076679640854,21,0.02989383611212311
1825,3,0.471077921732008,0.10771705641231212,21,0.023505788792726127
1825,4,0.5330999634197572,0.07744577389971814,21,0.016900053388090176
1825,5,0.47964717716139454,0.12695659436060147,21,0.02770420017291714
1826,1,0.4203430951328244,0.2201089160959781,18,0.05188016905702898
1826,2,0.4556891358739625,0.15429843941712898,21,0.03367067991631197
1826,3,0.4829792045096095,0.10058149414164366,21,0.02194868144837331
1826,4,0.49510158711401075,0.07839209726847045,21,0.017106558077100324
1826,5,0.4695592431739117,0.13649423705028058,21,0.029785484438483653
1827,1,0.4620200887112338,0.1986581769199465,18,0.04682418134608369
1827,2,0.4271596353027739,0.10460970260387613,21,0.02282770860043245
1827,3,0.49702664090328075,0.08123270077581046,21,0.01772642858146902
1827,4,0.5069131862945416,0.062017309428112954,21,0.01353328642151553
1827,5,0.5073385025286595,0.08159726637892364,21,0.017805983318232993
1828,1,0.42513708307737064,0.18043526407765342,19,0.04139468852450347
1828,2,0.4846429975904837,0.12599976548714695,21,0.027495402994835015
1828,3,0.4719448140338698,0.06199502559484549,21,0.013528423690433531
1828,4,0.483548753643944,0.0719647607323374,21,0.01570399825834866
1828,5,0.5006643995243676,0.08274866194567035,21,0.018057238429635532
1829,1,0.41572131129275924,0.22502651382161395,19,0.05162462280871967
1829,2,0.43778220302652654,0.14059112948240354,21,0.03067949966154533
1829,3,0.498450840199582,0.06844787199210764,21,0.014936550217261002
1829,4,0.5078141182089307,0.10558639736899014,21,0.023040840871480166
1829,5,0.5443871336389587,0.1443178143860405,21,0.03149272897879131
1830,1,0.4109727642557647,0.2566410542867732,19,0.05887749581051475
1830,2,0.46069348267689364,0.13913172020261103,21,0.030361030447518176
1830,3,0.4593651178924464,0.09788644670727654,21,0.021360573883159793
1830,4,0.48696760652571325,0.07459178704383315,21,0.0162772623976377
1830,5,0.5023504824985334,0.13680055618605286,21,0.029852328754030794
1831,1,0.40030223363157363,0.22971503455705727,19,0.052700243234008744
1831,2,0.4455589252573266,0.12178844040464247,21,0.02657641652023297
1831,3,0.5077873816787971,0.09467764820664774,21,0.02066035664416016
1831,4,0.5123129275512464,0.07233670673851736,21,0.01578516353109895
1831,5,0.47545596786299077,0.12086715161570499,21,0.02637537482441296
1832,1,0.4194639509509331,0.20857418920603113,19,0.04785020068315903
1832,2,0.46223235849669325,0.1538083013838095,21,0.03356372302875658
1832,3,0.4949629062311107,0.07225355876247042,21,0.015767019155188595
1832,4,0.4992670863669771,0.0775655597521708,21,0.016926192804092518
1832,5,0.5045828288083434,0.1400528459082693,21,0.030562036555649066
1833,1,0.39523635168350085,0.21962860764488074,19,0.05038625820181998
1833,2,0.457371825297346,0.12231479513240223,21,0.026691276538440445
1833,3,0.4818913310725596,0.06927039511171064,21,0.015116039477091095
1833,4,0.5107983658610178,0.08086066795295802,21,0.01764524436376762
1833,5,0.4687370464080632,0.13453620292801532,21,0.029358206363312846
1834,1,0.4299030728287281,0.20846029269856442,18,0.04913456219176249
1834,2,0.4513625690967362,0.13212942066553407,21,0.028833003415736778
1834,3,0.48653996564346114,0.07485821182756071,21,0.01633540105184931
1834,4,0.4959570082790755,0.06684669449178615,21,0.014587144641247508
1834,5,0.5188055459815304,0.0911607994449032,21,0.019892917327093203
1835,1,0.40130197896488884,0.21572601761986776,19,0.0494909426472357
1835,2,0.4516469635982028,0.13425707356691288,21,0.02929729534303015
1835,3,0.49059895031067124,0.09537604442746127,21,0.020812759194014877
1835,4,0.510473259214845,0.09829870253712349,21,0.02145053548058648
1835,5,0.5295548896796108,0.10612963103643991,21,0.023159384176296215
1836,1,0.4332336756299836,0.23299774983328414,19,0.05345334976819244
1836,2,0.4571670295473704,0.12481849911657203,21,0.027237629539641428
1836,3,0.5106781829448052,0.09004457171409828,21,0.019649336466654045
1836,4,0.5084214112008973,0.09557304618210585,21,0.020855748501286207
1836,5,0.4677200277005138,0.13428115243530064,21,0.029302549782888997
1837,1,0.399716446338074,0.2064579743994225,19,0.047364707710273166
1837,2,0.47283049840576585,0.12410244662108824,21,0.027081374074778737
1837,3,0.5003763503930428,0.08579163590758669,21,0.018721269787647977
1837,4,0.5112392370234395,0.08852444098585338,21,0.019317616746253537
1837,5,0.49026041158307665,0.09723005549998512,21,0.0212173375787352
1838,1,0.3882842911309073,0.25611848380274393,19,0.05875760991942208
1838,2,0.4491470217439485,0.15062651287545606,21,0.03286939985328657
1838,3,0.4989713536575782,0.0635484511762058,21,0.0138674089434366
1838,4,0.5216897197346955,0.07926577208770323,21,0.017297209552905615
1838,5,0.5058245768120498,0.09356281384549756,21,0.020417079841907375
1839,1,0.4188132887673651,0.19487945908685228,18,0.045933529011426534
1839,2,0.4679419280992998,0.14679819656974707,21,0.0320339927458987
1839,3,0.48942242853282925,0.08472917406132228,21,0.01848942160509992
1839,4,0.5187929180120938,0.09036498612722504,21,0.01971925662388777
1839,5,0.5054806396541395,0.1430219192381391,21,0.031209941473649205
1840,1,0.3938233368037162,0.23125489999934895,19,0.053053512594514005
1840,2,0.43974080493324774,0.15244399166876704,21,0.03326600624111155
1840,3,0.4958843661016123,0.0802227704929176,21,0.0175060437258507
1840,4,0.5025852800198634,0.09801869731975373,21,0.02138943333279698
1840,5,0.5329121351711835,0.13022928149599264,21,0.028418359055004675
1841,1,0.3637332825082609,0.24293577683495587,19,0.05573328952600642
1841,2,0.4401412397865482,0.16058866487119144,21,0.03504331964400622
1841,3,0.47836452838712584,0.11852031749730843,21,0.02586325363436262
1841,4,0.51014820976705,0.08546940222937918,21,0.018650952634226548
1841,5,0.5086273744422437,0.13258003473281904,21,0.028931335466810364
1842,1,0.44719783327138235,0.20213621520005226,18,0.04764396283044675
1842,2,0.45110568398045253,0.15781777104913786,21,0.03443866104008974
1842,3,0.4797650803035192,0.0901049331474786,21,0.019662508411297918
1842,4,0.5165821867640182,0.07923102743538628,21,0.017289627648180025
1842,5,0.5210000364109298,0.10380210522653152,21,0.022651476404588186
1843,1,0.3929229222903349,0.23125883560017854,19,0.05305441548326655
1843,2,0.4423279600713749,0.12306695681171892,21,0.026855411673217294
1843,3,0.50053775174168,0.11730343572862689,21,0.02559770826213429
1843,4,0.5103157471573354,0.08037382541021408,21,0.017539006611212913
1843,5,0.4660517432336313,0.08399570581971592,21,0.018329365712861475
1844,1,0.40267480054653043,0.2396447817751774,19,0.054978283479202944
1844,2,0.44046948204983477,0.12972383598100204,21,0.028308061801094183
1844,3,0.49917637494058403,0.09042575456589108,21,0.019732517384366408
1844,4,0.5068565367043395,0.07724074169077672,21,0.016855311692024554
1844,5,0.5204323814800652,0.08902048359972792,21,0.019425862118920386
1845,1,0.38618180267017044,0.21892411926917865,19,0.05022463748410501
1845,2,0.45255186779552353,0.14272191906209827,21,0.03114447606816315
1845,3,0.5074420794784922,0.09998008253528974,21,0.021817442676471316
1845,4,0.5277332204548901,0.139063673936568,21,0.03034618153490383
1845,5,0.5332988315596543,0.14091328035529127,21,0.030749798745364574
1846,1,0.3837829321859653,0.22605640542710076,19,0.051860896147199555
1846,2,0.4546759386813382,0.1310778408978255,21,0.02860352989741256
1846,3,0.5029120253811469,0.11801072293645404,21,0.025752050984417237
1846,4,0.5107189525251957,0.08607532127467811,21,0.018783175009945488
1846,5,0.4734475412839959,0.1291561830018657,21,0.028184189765600876
1847,1,0.39345597259583,0.21789303584942946,19,0.04998809072468148
1847,2,0.42846130159962736,0.1187645286889974,21,0.025916544885385
1847,3,0.49594707201135196,0.07017123499452045,21,0.015312618855758292
1847,4,0.4934283703785032,0.10234984974070332,21,0.022334568276387114
1847,5,0.517328702224922,0.06256157593355956,21,0.013652055110060202
1848,1,0.41231696256643635,0.2321487958282744,19,0.053258586362110776
1848,2,0.43673419666849367,0.1429999278143469,21,0.031205142551545984
1848,3,0.49213867016747886,0.10488745006145599,21,0.022888318064643937
1848,4,0.5109551163829115,0.08830701251299079,21,0.019270169963628233
1848,5,0.5128678239340148,0.09924644049779435,21,0.02165734885886064
1849,1,0.4111093682499506,0.19892040103334455,19,0.045635469784891185
1849,2,0.4278478446212184,0.13693547839812223,21,0.029881771194494543
1849,3,0.4690435105286679,0.10585252066979593,21,0.023098913736724645
1849,4,0.5468430861486733,0.09650071724067753,21,0.021058182922520707
1849,5,0.5317350917867179,0.08865875182695421,21,0.019346925774634382
1850,1,0.4094426734185261,0.22202973109742935,19,0.050937113700800236
1850,2,0.4678402472910446,0.10997983744290203,21,0.02399956809528748
1850,3,0.4654240637749344,0.1058019904205955,21,0.023087887132351027
1850,4,0.49979599835032246,0.10879981696013394,21,0.02374206651510257
1850,5,0.49167742340060433,0.1135251235178348,21,0.024773212942842352
1851,1,0.3807681533490112,0.20887864600973002,19,0.047920047864211494
1851,2,0.4524136527600406,0.11540698372364787,21,0.02518386850667395
1851,3,0.49724770456565526,0.08344691568961199,21,0.01820960988848786
1851,4,0.502759152951506,0.08186785806458102,21,0.017865031264992545
1851,5,0.5011695687523976,0.07229169502126162,21,0.015775341169123505
1852,1,0.41706024366517797,0.19012561013475715,19,0.04361780637665362
1852,2,0.46127773703210584,0.14728563123762817,21,0.0321403597107516
1852,3,0.4926884629161579,0.08379239165543348,21,0.01828499892487667
1852,4,0.5207375715918567,0.0897362589167742,21,0.019582057098489224
1852,5,0.4925738422294523,0.06486544883309964,21,0.014154801393569717
1853,1,0.3628299254832582,0.26248468353859405,20,0.058693359544481634
1853,2,0.4576669721617662,0.13449062354500144,21,0.029348260126513297
1853,3,0.4910316792079261,0.09364037369504179,21,0.02043400478864194
1853,4,0.5021373746689101,0.07586590698571657,21,0.016555298163263107
1853,5,0.48546353225041833,0.08692758057687491,20,0.019437597928948266
1854,1,0.3521886537169068,0.21320757242198524,19,0.04891317169395069
1854,2,0.4528282175265531,0.16207205794070784,21,0.03536702255002678
1854,3,0.5274264196279258,0.08420127001524395,21,0.018374223497917664
1854,4,0.5024759513263679,0.08412914983546929,21,0.018358485584443796
1854,5,0.4963370471923635,0.14245744476755384,21,0.031086763045586014
1855,1,0.4248238344039658,0.21778969881512336,18,0.05133352430158318
1855,2,0.4474396903134785,0.12821830484739455,21,0.027979527973433754
1855,3,0.49046220821309516,0.07562183660078735,21,0.016502037638794764
1855,4,0.5018539024590654,0.08818713575360244,21,0.019244010710106178
1855,5,0.5393486793122696,0.13169094732049433,21,0.028737320687457487
1856,1,0.43923391326063405,0.22139256915707006,19,0.050790938726658325
1856,2,0.4652854562400962,0.14002665490445065,21,0.030556321210052598
1856,3,0.461318080217231,0.08237059494088914,21,0.017974737445484334
1856,4,0.49752009344423975,0.07260596971442132,21,0.01584392152961938
1856,5,0.5584542663029329,0.12055173477152958,21,0.02630654522613211
1857,1,0.4014308622339261,0.21534528447779427,19,0.04940359647403806
1857,2,0.4552856565872244,0.14371626163611942,21,0.03136145940683787
1857,3,0.4924145803583265,0.08790534137741814,21,0.01918251813585487
1857,4,0.516732725385795,0.08014860332773861,21,0.01748985912354056
1857,5,0.5324417974617839,0.1251603564761493,21,0.027312228931410023
1858,1,0.3832206255061486,0.22620358793068635,19,0.05189466212927255
1858,2,0.48513163433026824,0.14656040200487935,21,0.03198210171764368
1858,3,0.4615753529875564,0.07782681702524002,21,0.01698320381503049
1858,4,0.5179768926879801,0.07360009774159419,21,0.016060858050333512
1858,5,0.50212840212489,0.06581142068922562,21,0.014361229376236155
1859,1,0.40743227075632515,0.19828660406631451,18,0.04673660078458102
1859,2,0.43635121734920806,0.13078125984948463,21,0.028538810606759637
1859,3,0.48565419094523243,0.07435709256259279,21,0.0162260478630914
1859,4,0.5188666404159098,0.08051978513384479,21,0.017570857634163033
1859,5,0.4905946289768978,0.09250409434098762,21,0.02018604830528152
1860,1,0.4227661887704984,0.2022637947907204,18,0.047674033628347566
1860,2,0.44013282329014086,0.12483099856426323,21,0.027240357142745718
1860,3,0.4961927329465939,0.08447287332452527,21,0.018433492199050144
1860,4,0.5109142643050808,0.07613821184502813,21,0.016614719955163084
1860,5,0.46266039029265177,0.13434395611681488,21,0.029316254669768088
1861,1,0.38978801765966614,0.2131293783580402,20,0.047657177801085034
1861,2,0.4658028413846531,0.1182030536761883,21,0.025794020992669576
1861,3,0.471665151968908,0.11419477817689241,21,0.024919343569728608
1861,4,0.4896772680263238,0.08117652964954412,21,0.017714171036803002
1861,5,0.48820979841256157,0.12797123419572026,21,0.02792561273708616
1862,1,0.43128840339848723,0.18969863902484493,19,0.043519852486131584
1862,2,0.4500125766202384,0.15120003705298704,21,0.03299455308930671
1862,3,0.49540782136402417,0.06491839841706568,21,0.01416635594007166
1862,4,0.5096857343370371,0.0922288359954856,21,0.02012598200985622
1862,5,0.5371236435288904,0.13416221968667735,21,0.029276596529404456
1863,1,0.4540934637506462,0.17146316929631414,18,0.040414256577720256
1863,2,0.47617226037415666,0.14014415785751677,21,0.030581962456567184
1863,3,0.4592768436788006,0.09163335863930035,21,0.01999603819750617
1863,4,0.5162791380754942,0.08378279983279084,21,0.018282905817576075
1863,5,0.4797579825937837,0.08318032567524078,21,0.01815143517799379
1864,1,0.38293689452344204,0.21823546575439504,19,0.050066649532628384
1864,2,0.4399296806950438,0.10949853723845122,21,0.023894539780102076
1864,3,0.4909799749921008,0.09071048628606421,21,0.019794650939625853
1864,4,0.5207844912873563,0.08606374954848316,21,0.01878064985226884
1864,5,0.5182541780453066,0.07196975887982922,21,0.01570508894354941
1865,1,0.3892922116242653,0.202928285237429,19,0.046554941480839454
1865,2,0.4518618001409505,0.14360746074716443,21,0.03133771710639431
1865,3,0.48269881521328495,0.08524818786657588,21,0.018602679702685716
1865,4,0.48798176308055946,0.10677318452035729,21,0.02329981905981069
1865,5,0.4873161381343329,0.1369338783351484,21,0.02988142203212815
1866,1,0.45382448197872477,0.2395878312959343,20,0.05357346773594606
1866,2,0.434472056811314,0.12074970014865108,21,0.026349744813067334
1866,3,0.476979644378257,0.08101502877821869,21,0.01767892865739109
1866,4,0.505937315175392,0.08177634732257906,21,0.017845061983938947
1866,5,0.5213199761239052,0.03645531878435893,21,0.007955202753003349
1867,1,0.4445428652391361,0.25241227264672195,19,0.05790734676718404
1867,2,0.4585326192967825,0.12062096820168985,21,0.026321653199195483
1867,3,0.4772980891495444,0.09387917296586239,21,0.020486115061710303
1867,4,0.49793995714287265,0.07939763269639422,21,0.017325983896739394
1867,5,0.5319666090027516,0.11103712416688763,21,0.02423028697357014
1868,1,0.4122383182581354,0.20100315703278232,19,0.04611328678097552
1868,2,0.4541657756363826,0.13827903305815215,21,0.03017495885782301
1868,3,0.47461871420836715,0.09658473023916836,21,0.021076516061803777
1868,4,0.500643483237588,0.08724788954753354,21,0.01903905038460566
1868,5,0.46457002721588203,0.13839804690923094,21,0.030200929809314284
1869,1,0.40548809115855816,0.22476662444424053,19,0.05156500009648438
1869,2,0.4619525721096367,0.09786820647192859,21,0.021356593537484755
1869,3,0.458383394791839,0.07923129773258401,21,0.01728968663186425
1869,4,0.5041120166418346,0.09408356084472816,21,0.0205307161534262
1869,5,0.4986163951646586,0.12858136114985935,21,0.028058753353794503
1870,1,0.43878011870469075,0.19007258837178795,19,0.04360564234999093
1870,2,0.4651694983430129,0.12746943646128145,21,0.02781611149415172
1870,3,0.4728357885301968,0.10726770709245184,21,0.023407732732167237
1870,4,0.5008905620580361,0.09399985679504419,21,0.020512450432299958
1870,5,0.5002500662415417,0.13294983639632202,21,0.029012032805625743
1871,1,0.3881420410626269,0.20572617868049609,19,0.04719682225837232
1871,2,0.44720459572252935,0.1375367901600112,21,0.030012988178548042
1871,3,0.4913012593943676,0.09477955977856263,21,0.02068259557237406
1871,4,0.4905238241344429,0.06938315927798729,21,0.015140646635550207
1871,5,0.48059851454531627,0.14048167946139775,21,0.03065561570887516
1872,1,0.387303232369651,0.22596891557939291,19,0.05184082459958144
1872,2,0.44551148649806305,0.12640553181684808,21,0.0275839484672312
1872,3,0.46814441726149314,0.10266176408803808,21,0.02240263356719684
1872,4,0.48122905080441103,0.08737664834306244,21,0.019067147857315305
1872,5,0.5042560087150805,0.08360210033161837,21,0.01824347395366352
1873,1,0.4008899771275667,0.22679705935729264,19,0.05203081381213864
1873,2,0.44487527703941443,0.137188396184517,21,0.029936962380244767
1873,3,0.5027584383061799,0.09372218364294754,21,0.020451857182874247
1873,4,0.48375883725582486,0.10020349020752134,21,0.02186619422736823
1873,5,0.5071316910492154,0.0793522932452767,21,0.017316090017372072
1874,1,0.3778091303820263,0.23918804363101656,19,0.05487350056267361
1874,2,0.4590299835300876,0.13083052191531452,21,0.0285495604708337
1874,3,0.46606521391770883,0.08631326118336882,21,0.01883509775482292
1874,4,0.5189845524430445,0.09310467308922357,21,0.020317105332642145
1874,5,0.5274045131918459,0.0794135391647259,20,0.0177574071906169
1875,1,0.3965089406189824,0.24062205119713312,19,0.055202484460830176
1875,2,0.4391172878874516,0.13762725571791892,21,0.030032729381733687
1875,3,0.5005649872507162,0.10806946823776162,21,0.02358269135776993
1875,4,0.49021084259055947,0.09907850065189384,21,0.02162070138000167
1875,5,0.485924935970999,0.15728847896802328,21,0.034323160038830305
1876,1,0.39547870981417543,0.24607722637697438,19,0.056453987478105934
1876,2,0.4511239644779413,0.12837885934621027,21,0.02801456383743322
1876,3,0.4477530196655965,0.06943764866606694,21,0.015152537194857199
1876,4,0.5117360316645865,0.08735961337650311,21,0.019063430522852486
1876,5,0.4967487663794637,0.04916425768519972,21,0.010728520587082957
1877,1,0.4252553800237265,0.2405970560963383,19,0.05519675019143816
1877,2,0.4518922232702615,0.13772444006705145,21,0.030053936745365346
1877,3,0.4780303579965878,0.0867140657076781,21,0.018922560472514734
1877,4,0.5106718693435871,0.10552997688253202,21,0.023028528911959185
1877,5,0.4921579005300156,0.08195458907877039,21,0.017883957523926977
1878,1,0.3807263170748545,0.23491388980514333,20,0.05252834264631953
1878,2,0.45068129033683635,0.12442766801842275,21,0.027152343201964677
1878,3,0.47890925247608734,0.10569216460589655,21,0.02306392117477397
1878,4,0.5024172418255997,0.07800175885068707,21,0.01702137925109358
1878,5,0.5021328189380213,0.053748810980319375,21,0.011728952134818437
1879,1,0.41841582871198374,0.272297116331874,20,0.060887486219523834
1879,2,0.44307575439589336,0.10009346946380826,21,0.021842185732792965
1879,3,0.49117222178558934,0.09483507132288387,21,0.02069470918445958
1879,4,0.47915777496581247,0.10303740133339538,21,0.02248460433437277
1879,5,0.5342377362658357,0.06271233143954288,20,0.014022903612631513
1880,1,0.4023101317407274,0.21330567952524648,19,0.04893567900704328
1880,2,0.46685114661997984,0.15976811493791765,21,0.03486426096873393
1880,3,0.46246189487197664,0.09735536263282843,21,0.02124468183689579
1880,4,0.5074161851081401,0.07231303420891375,21,0.015779997761632303
1880,5,0.5312977082565318,0.12879528762999842,21,0.028105435938956064
1881,1,0.4389747465251082,0.23637396994682972,19,0.05422790778325005
1881,2,0.4589947523347727,0.12904281580406698,21,0.028159451014875273
1881,3,0.4809041519307469,0.0779374668985296,21,0.01700734959693462
1881,4,0.5184913600610961,0.07521784463765285,21,0.016413879364927258
1881,5,0.48401515425239744,0.09279017006042897,21,0.020248475145225757
1882,1,0.38284287248351123,0.23420971764836565,19,0.05373139425391686
1882,2,0.4364127239793999,0.12333134580366611,21,0.026913106081241634
1882,3,0.4908570619495575,0.0908714452400027,21,0.019829775062968902
1882,4,0.5080043950327092,0.07060578372188901,21,0.015407445162249395
1882,5,0.49969438867993476,0.10345269031796338,21,0.022575227820423444
1883,1,0.4090664789323661,0.17927145893104324,19,0.04112769331271156
1883,2,0.4451758604113751,0.12459477758950085,21,0.02718880950000358
1883,3,0.4899752573557472,0.10121900696041512,21,0.022087798150684016
1883,4,0.5004218944434179,0.0764699484687389,21,0.01668711082130326
1883,5,0.4890239225642119,0.08121588171807126,21,0.017722758362173414
1884,1,0.4131603016028727,0.2139479807327479,19,0.04908303300992816
1884,2,0.4511967040171852,0.1258806436353447,21,0.027469408475653725
1884,3,0.4883802394358494,0.07698110924851828,21,0.0167986552482381
1884,4,0.4797830523218595,0.09710047591483571,21,0.021189060995046242
1884,5,0.5101231201997419,0.0942119741168117,20,0.021066437841964165
1885,1,0.4140183675302151,0.22200768166569845,19,0.05093205521423826
1885,2,0.4646386132181724,0.13979003281569835,21,0.030504686037061836
1885,3,0.47645130631953414,0.06549999553787088,21,0.014293270836741099
1885,4,0.4986247396352314,0.06939448113582343,21,0.01514311726748076
1885,5,0.526099930260905,0.07930049621997923,21,0.017304786979791157
1886,1,0.4580954294384394,0.23789158381672806,19,0.05457607228294492
1886,2,0.44140969857333395,0.1496675167815363,21,0.03266012974892684
1886,3,0.4898882419761258,0.0916429679884233,21,0.01999813512939832
1886,4,0.5007006130496412,0.0864685479686514,21,0.018868984109488816
1886,5,0.528640796937259,0.0815235211775329,21,0.017789890795970476
1887,1,0.4156218120368889,0.21263503029474187,19,0.04878182152165734
1887,2,0.4633238149551164,0.13181630005249276,21,0.028764674896169504
1887,3,0.4556354599880083,0.08965390678708886,21,0.01956408639049285
1887,4,0.5048095068315193,0.08210752488554177,21,0.017917330853022165
1887,5,0.48413146221581954,0.13800900823558618,21,0.030116034610731316
1888,1,0.405633585412047,0.23655176474981823,19,0.05426869670845603
1888,2,0.44006672523425855,0.13757022308826147,21,0.030020283841615227
1888,3,0.5024326412143219,0.07451003949549868,21,0.01625942362010819
1888,4,0.4867052027428419,0.07499212293881638,21,0.01636462285202668
1888,5,0.5238420395060002,0.13091168229773387,21,0.028567271118255997
1889,1,0.4020019160936019,0.22214181321425727,19,0.050962827101886085
1889,2,0.45241529023668325,0.1520557122332826,21,0.03318127672187811
1889,3,0.47957921805882286,0.10065136264262017,21,0.021963928005250353
1889,4,0.5051285307843423,0.09434150061200378,21,0.020587003225249048
1889,5,0.4771782470894644,0.13329451829629996,21,0.029087248562641464
1890,1,0.3470799859083417,0.2323475036402526,19,0.05330417306062157
1890,2,0.4486026095481155,0.16215294690017193,21,0.03538467396810442
1890,3,0.4923972931702147,0.07652261770003321,21,0.016698604189836656
1890,4,0.5123395087763642,0.0750277089097595,21,0.016372388347527887
1890,5,0.5228134585032029,0.1364302322160629,21,0.029771517438595768
1891,1,0.4079823850928317,0.21075741484228677,19,0.04835106699470564
1891,2,0.4558729764640586,0.15729748320408815,21,0.03432512492422757
1891,3,0.48245952877430054,0.06130105413940781,21,0.013376986703543921
1891,4,0.5029724452812646,0.07434538227093884,21,0.016223492467952627
1891,5,0.49355688216182286,0.13034158584641384,21,0.028442865873417916
1892,1,0.36524440546463127,0.20437698116002811,19,0.04688729511907782
1892,2,0.446181714611145,0.11317631816933608,21,0.024697097375589932
1892,3,0.4858985622855193,0.09603562091976502,21,0.020956690584614655
1892,4,0.4909661584098148,0.0838892513847891,21,0.018306135450665482
1892,5,0.5147401089006413,0.13178222932303804,21,0.028757240053469094
1893,1,0.35184535361123287,0.21501829910901638,19,0.049328580885694945
1893,2,0.47606039086810964,0.1175957238099785,21,0.025661490750587965
1893,3,0.49643465076536036,0.07421203150868055,21,0.01619439294595126
1893,4,0.4849644290307446,0.0902181104042973,21,0.01968720571350359
1893,5,0.5068409483715777,0.13564358640649718,21,0.02959985724966935
1894,1,0.40903724976593947,0.23257098903937234,19,0.05335544412746998
1894,2,0.43462773282218475,0.15251941677854342,21,0.03328246534943776
1894,3,0.47161088576793553,0.09772515637461353,21,0.021325377447050608
1894,4,0.4963659619406543,0.08362512431930576,21,0.01824849819968148
1894,5,0.5409755524246916,0.1253944812707158,21,0.027363319150132268
1895,1,0.3850018486922993,0.22219893914935532,19,0.05097593269020964
1895,2,0.46595686050062163,0.1370482483455107,21,0.029906379614495677
1895,3,0.481805418918604,0.10558498658483098,21,0.023040533013137375
1895,4,0.49077057991946205,0.09232757071956052,21,0.020147527693036883
1895,5,0.5313075938796737,0.07043644782244358,21,0.0153704930395312
1896,1,0.41395587383814747,0.2133773605541634,19,0.04895212376289685
1896,2,0.4512846739776958,0.15796709849166593,21,0.03447124695955255
1896,3,0.47642432335143503,0.09358692349927457,21,0.020422340999688916
1896,4,0.49574106278330854,0.06475981273209769,21,0.014131749706476316
1896,5,0.5030524099874581,0.07415999081225903,21,0.016183036734971745
1897,1,0.37725131780948545,0.2137843938739866,19,0.049045503610673856
1897,2,0.450590254699059,0.11696487712342848,21,0.025523828717586655
1897,3,0.5071955775743681,0.08993752520770128,21,0.019625977003870955
1897,4,0.5217969994295315,0.08078457426198576,21,0.017628639359063385
1897,5,0.5068191310968986,0.13750419657833401,21,0.03000587567591921
1898,1,0.3961380639735273,0.22808642973438387,19,0.05232661566342999
1898,2,0.42922378502484204,0.12087928153406141,21,0.026378021789605435
1898,3,0.4868774839976178,0.08346125358268931,21,0.018212738673265623
1898,4,0.5217045926721356,0.09568751594664394,21,0.020880727851799518
1898,5,0.5136466897544141,0.07015185933354756,20,0.015686432621781543
1899,1,0.40555165077657496,0.24154577304372088,19,0.05541440078615738
1899,2,0.4409592054909399,0.13648019067460826,21,0.029782419268018976
1899,3,0.47715815730269123,0.06397694883144663,21,0.013960914797734321
1899,4,0.47432159687074377,0.07476955403555695,21,0.016316054335525267
1899,5,0.4718609480313481,0.15028903685055925,21,0.03279575654712835
1900,1,0.41289396801603395,0.21456338459904123,18,0.050573074748106434
1900,2,0.4501505315144227,0.1500852301037076,21,0.032751282268814526
1900,3,0.4754197709803005,0.07379093383064665,21,0.01610250189906743
1900,4,0.4880195475822012,0.07189058774281804,21,0.015687812385063248
1900,5,0.47354255746149587,0.09006163513915348,21,0.01965306001126979
1901,1,0.41404715860874736,0.21077682368483452,19,0.04835551968856231
1901,2,0.45853401689519385,0.12993154294619305,21,0.028353387176825486
1901,3,0.49965953571197896,0.08682286295344806,21,0.01894630197795014
1901,4,0.4905988505627911,0.0750936924381191,21,0.016386787133876847
1901,5,0.47163489357366695,0.13103474896766254,21,0.0285941264673262
1902,1,0.3977308340819097,0.24719125085672464,19,0.056709562221677605
1902,2,0.4412325772685803,0.13605276279621872,21,0.029689146858168765
1902,3,0.47436601787629373,0.07248459269961104,21,0.015817434893524336
1902,4,0.5012166918941003,0.053783608048416406,21,0.011736545477604969
1902,5,0.4901293718850124,0.14365908220457266,21,0.03134898183192084
1903,1,0.3863007054972168,0.22854287530397369,19,0.052431331458749404
1903,2,0.4429078106010295,0.10860731483263361,21,0.02370005910697351
1903,3,0.4706589547829435,0.08765826616476302,21,0.019128601904219663
1903,4,0.49527233390351116,0.10041111955585601,21,0.021911502665712894
1903,5,0.49070230442048424,0.13725101115524416,21,0.029950626087054035
1904,1,0.3832444523232788,0.2277898730339005,19,0.052258580890354366
1904,2,0.462160645617831,0.14823654386919863,21,0.03234786585901166
1904,3,0.46779541265566915,0.08016525429242445,21,0.017493492661924695
1904,4,0.5166255627951301,0.0751317281928586,21,0.016395087216029634
1904,5,0.5145583039889206,0.12778424801394697,21,0.02788480900699631
1905,1,0.4056824552713732,0.20740525620873582,19,0.04758202906173901
1905,2,0.4852088560856942,0.1293418837406011,21,0.02822471298902298
1905,3,0.45640136900789663,0.07196492854865542,21,0.015704034878871523
1905,4,0.511587732452325,0.06552250532221604,21,0.014298182874390566
1905,5,0.5180433917259913,0.13711256214407774,21,0.02992041403593204
1906,1,0.3859395878170478,0.2195693012077939,19,0.05037265237203245
1906,2,0.4448070745032025,0.1391929165615598,21,0.030374384587858103
1906,3,0.4957137941850235,0.08593348517587397,21,0.018752223835705146
1906,4,0.4839619301189927,0.08280772857792683,21,0.018070127825509888
1906,5,0.5094446667291785,0.06991977961587977,21,0.01525774679354283
1907,1,0.38096143589879133,0.20632750142983386,19,0.047334775158204716
1907,2,0.4496322368713545,0.14369027719428845,21,0.031355789136762555
1907,3,0.4944334753664092,0.07155843974809163,21,0.015615331750407935
1907,4,0.5196910057013083,0.09194753034995325,21,0.020064596085376675
1907,5,0.5167900524802596,0.09152051750845161,20,0.02046460984848575
1908,1,0.38628109847551617,0.21619826970205872,19,0.049599284705243434
1908,2,0.458400843689365,0.13550509068975256,21,0.02956963500655462
1908,3,0.4772801554719938,0.08267137121188128,21,0.018040372208773293
1908,4,0.5297966759209715,0.08903744875582996,21,0.0194295642194925
1908,5,0.5072743170775579,0.08467188060049634,21,0.018476919146954162
1909,1,0.402685027249247,0.22845011921368832,19,0.05241005175222562
1909,2,0.4482594300119705,0.12008550593857013,21,0.026204805753836508
1909,3,0.487705591863467,0.07413386602135588,21,0.016177335838218003
1909,4,0.5191325665280351,0.06200164401294068,21,0.013529867947666963
1909,5,0.47167730649285045,0.14426671979588596,21,0.03148157922512531
1910,1,0.39088261765712334,0.19843287424195585,19,0.04552362346826319
1910,2,0.4504941965519604,0.1357602213476931,21,0.029625309080464925
1910,3,0.4680518590608712,0.0927326998827829,21,0.020235934124308345
1910,4,0.49435883442760525,0.06706214909630365,21,0.014634160690486946
1910,5,0.5043100459108965,0.12100006740085498,21,0.02640437942662745
1911,1,0.4146652251965537,0.23642306775898497,19,0.054239171593857084
1911,2,0.4541935495419349,0.16918220237910817,21,0.03691858326864768
1911,3,0.48266302272896777,0.08027562491678426,21,0.017517577506716526
1911,4,0.5149280560232695,0.07281783175541968,21,0.015890153617227135
1911,5,0.4849195641538477,0.06378074076638472,21,0.013918098687729226
1912,1,0.3865757243415368,0.23909671757681047,19,0.054852548928926416
1912,2,0.46326666392770816,0.1268851535162835,21,0.027688610502593393
1912,3,0.5049185514514272,0.10085385676661267,21,0.022008115845773182
1912,4,0.5036598348854315,0.07274909824490368,21,0.015875154735573816
1912,5,0.5255171973193319,0.067146196925162,20,0.015014346075524957
1913,1,0.43355052513209813,0.18481395795496136,19,0.0423992297937606
1913,2,0.4375538656040859,0.13092359435729697,21,0.028569870542762225
1913,3,0.4910635881891596,0.08666433354411382,21,0.018911708024704862
1913,4,0.47991511350433574,0.09626316795504619,21,0.02100634541858317
1913,5,0.4996186300756619,0.09185168665459076,21,0.020043681276382255
1914,1,0.3942432085713213,0.2169325644890638,19,0.04976774348268154
1914,2,0.45150017916246493,0.14056207985686733,21,0.030673160513548674
1914,3,0.47334533888860963,0.09991015591130989,21,0.02180218343611511
1914,4,0.48696828524343033,0.11532291012287244,21,0.025165522142888194
1914,5,0.534854360159507,0.11932901206047515,21,0.02603972525578218
1915,1,0.40289935346342887,0.22939908321435154,19,0.05262775902485452
1915,2,0.4783177298658491,0.14646697478528228,21,0.0319617142268926
1915,3,0.4823865558625843,0.06955705942195646,21,0.015178594758078895
1915,4,0.48146301026996563,0.11476661468346519,21,0.02504412852575284
1915,5,0.4896055147884711,0.13267729427897001,21,0.02895255923977674
1916,1,0.38527778320225026,0.22320682778866435,19,0.05120715820205653
1916,2,0.45027255420804607,0.150067231207794,21,0.03274735458772168
1916,3,0.4936716527048035,0.094941518882168,21,0.020717937946267334
1916,4,0.5097893318076441,0.0849127742315985,21,0.018529486446904563
1916,5,0.49125133496196455,0.13433919431245067,21,0.029315215558866015
1917,1,0.3993578146813997,0.20432247444680704,19,0.046874790421463336
1917,2,0.47035270201235446,0.11257720661745067,21,0.024566360516721487
1917,3,0.49259999960917245,0.08265099461844176,21,0.018035925671542722
1917,4,0.4991670230005455,0.09744345155044125,21,0.021263904414650432
1917,5,0.49563624780093885,0.10534927272631059,21,0.02298909603223167
1918,1,0.4194352848659763,0.22309350688137794,19,0.051181160602948535
1918,2,0.4552697976481437,0.12851037961334302,21,0.0280432639126502
1918,3,0.4627991463500123,0.09793952260956626,21,0.021372155994579825
1918,4,0.4995391072684407,0.08640636845803595,21,0.018855415427866406
1918,5,0.4787966361149492,0.08443312171769987,21,0.018424817687275215
1919,1,0.40551066515027295,0.2065244467331599,19,0.047379957509499616
1919,2,0.4572785426176952,0.12765665510614504,21,0.027856965951846696
1919,3,0.5082393424955898,0.08552566274030605,21,0.01866322968422461
1919,4,0.48521219548093153,0.10392681410630598,21,0.022678690113226263
1919,5,0.5159150402548394,0.08188139076072999,21,0.017867984341395377
1920,1,0.3903778625232633,0.21237923325850805,19,0.04872313765686784
1920,2,0.4351229639170694,0.13242307882157064,21,0.02889708487899767
1920,3,0.48798645652011624,0.09945496022527263,21,0.02170285159386353
1920,4,0.5383943868146167,0.07978344851048322,21,0.017410175809709577
1920,5,0.5221730546598967,0.0710507801335855,21,0.015504551340372388
1921,1,0.4093261858104209,0.20296860076307707,19,0.04656419049674238
1921,2,0.44826599554355145,0.12741037222161505,21,0.027803222620383327
1921,3,0.4917534029158932,0.08180816268763567,21,0.01785200466577869
1921,4,0.5057247864644001,0.08312893926747073,21,0.018140221744503405
1921,5,0.5176205914676538,0.08755146071891758,21,0.019105295045161556
1922,1,0.4077955840650695,0.20864941397959627,19,0.047867458429791725
1922,2,0.4674134232929198,0.11962089864096705,21,0.02610342012956532
1922,3,0.4609443704256667,0.08671134996345696,21,0.018921967848540375
1922,4,0.5072988274177302,0.09778344458289594,21,0.02133809697688763
1922,5,0.5121492027785242,0.14129678414155958,21,0.03083348613250156
1923,1,0.3999566545870841,0.23064056366428415,19,0.052912574173361766
1923,2,0.46586860358436705,0.12153787786600684,21,0.026521739291679728
1923,3,0.46650866246225614,0.08576292422273066,21,0.01871500438435357
1923,4,0.5025649667051743,0.0832511006838985,21,0.018166879551064514
1923,5,0.48976003223407333,0.06765204037894376,21,0.014762885521653274
1924,1,0.3986532636410038,0.22519221299923864,19,0.05166263680715619
1924,2,0.45583420211235454,0.14246471765516805,21,0.03108835011977711
1924,3,0.47085192225323974,0.06551568899939653,21,0.014296695430805726
1924,4,0.512380063358886,0.0785623970304644,21,0.017143720531870334
1924,5,0.47515075400827006,0.12435467592374974,21,0.027136415021061226
1925,1,0.3941738741185977,0.20552429202311795,19,0.047150506282711245
1925,2,0.45774715014014883,0.15525411802608594,21,0.03387922608610223
1925,3,0.4878766789060455,0.0744739833323758,21,0.01625155552026151
1925,4,0.5026359923427262,0.06989542343590731,21,0.01525243183933503
1925,5,0.5214868176124641,0.07822078824769042,21,0.01706917538400731
1926,1,0.4045934534128474,0.2144744197678125,19,0.04920380640749562
1926,2,0.4454971553249181,0.12380199239486983,21,0.02701580958742087
1926,3,0.46350119231585685,0.06741564246491923,21,0.01471129926759865
1926,4,0.48690766841687594,0.06929122990112305,21,0.015120586000880183
1926,5,0.4974639247296597,0.06256835124635218,21,0.013653533604523498
1927,1,0.39251761535158425,0.19502088969518644,19,0.04474086052951107
1927,2,0.4571858435530827,0.13816426901119175,21,0.030149915289620365
1927,3,0.47407520549018267,0.08571483335432548,21,0.018704510096510574
1927,4,0.5076998626036145,0.08257100036338517,21,0.018018469493973274
1927,5,0.5011196149859384,0.14345304220219782,21,0.03130402021729839
1928,1,0.4175754715012102,0.1962701952961075,18,0.04626132867956188
1928,2,0.4410396926180558,0.12866090223463814,21,0.028076110641502013
1928,3,0.47075032217758495,0.07282561632788812,21,0.015891852350207583
1928,4,0.5058259650521557,0.06340443275669679,21,0.01383598154777622
1928,5,0.4875757411749796,0.13709223283654726,21,0.02991597781733278
1929,1,0.376348982874822,0.21614370149058232,20,0.04833120094413647
1929,2,0.4909447480567147,0.12421893406977734,21,0.027106793720070646
1929,3,0.47955292914418396,0.09358822219743325,21,0.020422624398861156
1929,4,0.49627487122405145,0.08541549002272851,21,0.018639188026233273
1929,5,0.5145723298525433,0.1529829362841431,21,0.033383613598032956
1930,1,0.41376570793433814,0.23086924606069947,19,0.05296503751315867
1930,2,0.45078474746679215,0.12932973369074285,21,0.02822206163077665
1930,3,0.4666724135034467,0.11479020443206496,21,0.025049276230923477
1930,4,0.48907793440102704,0.08319590380259646,21,0.018154834604079177
1930,5,0.5492515917113676,0.07808082468406621,21,0.017038632830443327
1931,1,0.41020468979674574,0.2238043988018145,19,0.05134425039457814
1931,2,0.45228633745957986,0.13576454658564885,21,0.029626252924766394
1931,3,0.4619372728033481,0.10389832435634233,21,0.022672473140095847
1931,4,0.5278423316425069,0.08103776311215856,21,0.01768388969577937
1931,5,0.4720394431004789,0.1023151155849381,21,0.022326988662196897
1932,1,0.4010383530820367,0.23920496727486643,19,0.054877383112847185
1932,2,0.4360227601546002,0.12211682632337764,21,0.02664807620260257
1932,3,0.490391222082961,0.0771132679254175,21,0.01682749463588743
1932,4,0.5014738988667801,0.07160853937911273,21,0.01562626438619096
1932,5,0.565360734957363,0.11901165364018385,21,0.025970471970857584
1933,1,0.41330283838039344,0.2003131526457688,19,0.0459549889181549
1933,2,0.43444846475434723,0.1513946017414574,21,0.03303701058513914
1933,3,0.4783258744313176,0.12178777731650363,21,0.026576271822538272
1933,4,0.4876589202022732,0.08207236082676529,21,0.01790965742630383
1933,5,0.5256436849047686,0.07222683607718067,21,0.015761187787183224
1934,1,0.36688421932195203,0.21489547438067622,19,0.049300402960505335
1934,2,0.43554620814233497,0.14685686792179073,21,0.032046795884558964
1934,3,0.48996302399158304,0.07342923481519206,21,0.016023572703014494
1934,4,0.51133733556953,0.08033332532778764,21,0.01753016876867143
1934,5,0.5089339414023251,0.06304167433507059,21,0.013756821170343611
1935,1,0.41095156356591256,0.2139963202443618,19,0.049094122854460014
1935,2,0.432796582198376,0.13136879613797567,21,0.028667021536071237
1935,3,0.47535182712922575,0.09474911475736607,21,0.020675951924080355
1935,4,0.49280012072679663,0.07393012514422265,21,0.016132875933855158
1935,5,0.5112625448822543,0.05492610769003564,21,0.011985859338994495
1936,1,0.4322862378612808,0.1934378134726763,19,0.04437767793615087
1936,2,0.4379651287840504,0.151482415519411,21,0.03305617312249782
1936,3,0.4865903407528484,0.07487800919938896,21,0.016339721192561888
1936,4,0.5025294074400731,0.11415640345621071,21,0.024910969519143053
1936,5,0.46606645761878585,0.12927328988081863,21,0.028209744581658106
1937,1,0.45729700528983397,0.17451565707978675,18,0.041133734848114445
1937,2,0.4576199287281258,0.11764038092161681,21,0.025671235731273712
1937,3,0.46613086146948457,0.08415118470238961,21,0.01836329398661478
1937,4,0.50159455057419,0.06842716902149801,21,0.014932032458692951
1937,5,0.5070957696788442,0.06935809461554562,21,0.01513517707779271
1938,1,0.4211522045379207,0.2180062940710342,19,0.05001407394270781
1938,2,0.43251118466313115,0.12825374639355824,21,0.027987261952864297
1938,3,0.48152977148369935,0.09033933675169965,21,0.01971365947127475
1938,4,0.48842398482860055,0.0818687813129425,21,0.017865232734302152
1938,5,0.5299536842403064,0.0957552365304078,21,0.020895505694714017
1939,1,0.37387117199611714,0.2207485736498131,20,0.04936088166171009
1939,2,0.4824351706036666,0.1177132709834172,21,0.025687141646778964
1939,3,0.47654143531774146,0.09871950950018488,21,0.02154236308826235
1939,4,0.48657208629781784,0.07039593885479771,21,0.015361653258075878
1939,5,0.5256373402401715,0.1224983633178201,21,0.026731334400576783
1940,1,0.4558082977714666,0.17811958727184898,18,0.04198318934069116
1940,2,0.4608272714988584,0.10904688232069376,21,0.02379598059683433
1940,3,0.4799800362749385,0.0893499381541378,21,0.01949775499671235
1940,4,0.49215091227474195,0.07826576670978361,21,0.017078990489111347
1940,5,0.5050705570138128,0.05173453177134556,21,0.011289400375489946
1941,1,0.38337059008929036,0.22096346531441416,19,0.05069249555368874
1941,2,0.47453819118457913,0.14314696723403572,21,0.031237229183492005
1941,3,0.46717114768705154,0.06358763713391863,21,0.01387596002045557
1941,4,0.5079332843697115,0.07478022879945234,21,0.01631838375998129
1941,5,0.5114214635186943,0.13304977556084813,21,0.02903384131926058
1942,1,0.3802174851941907,0.21552071863415403,19,0.0494438438297653
1942,2,0.46268565778824516,0.10193601452282107,21,0.022244262028235495
1942,3,0.47741882256477486,0.06956257606175921,21,0.015179798587577844
1942,4,0.4952803827084517,0.09257585119170796,21,0.02020170693385569
1942,5,0.5035874681112924,0.13228533489296976,21,0.028867026689505568
1943,1,0.41292790152633574,0.2182737564016963,19,0.05007543400957938
1943,2,0.47186696823714863,0.12389335760502548,21,0.027035747110822003
1943,3,0.4771219234053278,0.1001691693655177,21,0.021858704805635072
1943,4,0.4816333886528165,0.08290073301371419,21,0.018090423057269992
1943,5,0.542951274666717,0.07557117144563687,21,0.01649098159552935
1944,1,0.43468762678140943,0.21061787158506548,19,0.04831905357594353
1944,2,0.46591481585904404,0.105936116973028,21,0.023117155945647474
1944,3,0.47934988614455953,0.10082958474249527,21,0.022002819255878527
1944,4,0.5027193373645231,0.10927911931776652,21,0.02384665886437029
1944,5,0.5130223332081273,0.07479608193846847,21,0.016321843198531007
1945,1,0.4295589639401624,0.17742017783206238,19,0.04070298030078816
1945,2,0.4485880413952345,0.11213189055414904,21,0.02446918458489961
1945,3,0.4724643877732512,0.08736698553760112,21,0.019065039260293775
1945,4,0.5049254883903825,0.08218037993622285,21,0.01793322912847483
1945,5,0.4913187981667754,0.1206971368423319,21,0.026338274559258534
1946,1,0.40179423817353116,0.22621837077575485,19,0.05189805354652264
1946,2,0.47388461516149055,0.10758673635755475,21,0.023477350625321535
1946,3,0.46439718269333125,0.08614642079887005,21,0.018798690198111437
1946,4,0.49781174349903407,0.08094842136754515,21,0.01766439372875983
1946,5,0.5156056214900522,0.09506545696087416,20,0.02125728240765952
1947,1,0.3936024555884326,0.21818546630420502,19,0.050055178872069915
1947,2,0.4624381024629433,0.1370450893843985,21,0.029905690272666437
1947,3,0.4823988094357492,0.08639286143593347,21,0.018852467953999832
1947,4,0.49059126026133043,0.09119845317076987,21,0.01990113404371135
1947,5,0.5122335775293316,0.08494518169094442,21,0.01853655833431094
1948,1,0.3918509276559819,0.2021253135978841,19,0.04637072715287602
1948,2,0.472388287100651,0.1274410182050312,21,0.027809910122228606
1948,3,0.48901752691078587,0.09161409342910816,21,0.019991834183983075
1948,4,0.5008868577431252,0.0687594637235536,21,0.01500454510751212
1948,5,0.5185769735898729,0.11130598491756624,20,0.024888774857824442
1949,1,0.38876815463496406,0.21604579158807657,19,0.04956430382682502
1949,2,0.4806243969208718,0.14209459927238868,21,0.031007583667149438
1949,3,0.49275140092790404,0.0926498650503821,21,0.020217858081943787
1949,4,0.49771364831007353,0.06623141142560078,21,0.014452878868646603
1949,5,0.5430850323248747,0.1321210500674142,21,0.028831176801475046
1950,1,0.39747142131109936,0.20541965905228782,19,0.04712650183292119
1950,2,0.46699592432120424,0.10645840743424036,21,0.023231129068183618
1950,3,0.4551994326018348,0.08355594850206441,21,0.018233402798787723
1950,4,0.4977120665417303,0.06470047602240075,21,0.014118801374872706
1950,5,0.5236462471691619,0.08184814289419133,21,0.017860729062104463
1951,1,0.3964433234493064,0.17871212597331262,19,0.04099937353173579
1951,2,0.4738118887035271,0.13486130590661013,21,0.02942914964941124
1951,3,0.45384976277608724,0.09229508708676849,21,0.020140439183221805
1951,4,0.5288021012796722,0.06758589717751379,21,0.014748451891783771
1951,5,0.5395147965630456,0.12783019049180716,21,0.02789483447758717
1952,1,0.3908980707678012,0.2287903442501701,19,0.05248810472865123
1952,2,0.4509981768813689,0.13000062673569385,21,0.028368462495619858
1952,3,0.5175529316815037,0.08355372481298763,21,0.018232917550048848
1952,4,0.4827835055930244,0.07614044555741942,21,0.016615207391168504
1952,5,0.5060346737105329,0.05796835061819995,21,0.01264973117236388
1953,1,0.37343459548003716,0.22831376605617776,19,0.05237877019252977
1953,2,0.43905762761919626,0.13241621769124554,21,0.028895587657613492
1953,3,0.49577239771816,0.07977587636763372,21,0.017408523432672397
1953,4,0.5162242129782972,0.0871307407378275,21,0.019013486418507954
1953,5,0.4863287013868179,0.13786687919193433,21,0.030085019510684347
1954,1,0.3915587338747816,0.19677415947678376,19,0.045143088203129296
1954,2,0.4853253627213121,0.13067115964198897,21,0.02851478477176539
1954,3,0.47174769349210033,0.08467035901819234,21,0.018476587110473962
1954,4,0.4855919358053601,0.0645759714831,21,0.014091632256981691
1954,5,0.49883272288587316,0.14345343011180212,21,0.03130410486611384
1955,1,0.3862295708875732,0.2260247459180269,19,0.051853632957691395
1955,2,0.41853011976715365,0.14035005198141148,21,0.030626892237895477
1955,3,0.4924485169918225,0.07214325716142447,21,0.0157429493725187
1955,4,0.49426452909675156,0.09153249913472293,21,0.019974028849207036
1955,5,0.5317938447618477,0.10164582171085712,20,0.022728696697430047
1956,1,0.4159291142381015,0.22241198998116396,19,0.051024809903140754
1956,2,0.4743068113995157,0.11204288547073696,21,0.024449762083377145
1956,3,0.4690104998680769,0.08637474535593506,21,0.01884851470124323
1956,4,0.5020719595081298,0.08316810387110822,21,0.01814876816168111
1956,5,0.4791004129207317,0.07724284224719649,21,0.0168557700710148
1957,1,0.3956476825368339,0.21638137473335117,18,0.05100157913214003
1957,2,0.4527506794649093,0.1239150676304632,21,0.027040484626769994
1957,3,0.4706266970484044,0.0853197036110058,21,0.018618285717553865
1957,4,0.5186069950455243,0.06554649483310139,21,0.01430341781484376
1957,5,0.5366059093516988,0.05851200238796933,20,0.013083681483912944
1958,1,0.3712210982912291,0.2217627372708189,19,0.050875861116129496
1958,2,0.4324386801729986,0.14296640425552162,21,0.03119782711126593
1958,3,0.4856576154261073,0.1155929345929133,21,0.025224446313052602
1958,4,0.540478953637672,0.07687779322312027,21,0.01677610984314818
1958,5,0.5546306719422207,0.12669828581119497,21,0.027647832626235734
1959,1,0.38089715827774856,0.2168689594792723,19,0.04975315149268237
1959,2,0.45987142887174004,0.11492551088559366,21,0.025078802519747825
1959,3,0.5023565235705532,0.07637802969486053,21,0.016667052500394443
1959,4,0.5095600880102545,0.08746736913330555,21,0.0190869447567627
1959,5,0.48485384414872096,0.13552597619978074,21,0.02957419259848947
1960,1,0.3955701178523422,0.23105378388834252,19,0.05300737339431427
1960,2,0.4749226886101529,0.12335065122520192,21,0.02691731886959929
1960,3,0.4578634445143662,0.09074336480097098,21,0.0198018256197829
1960,4,0.4846949612392943,0.07121212031010915,21,0.015539758653303683
1960,5,0.542624542822539,0.1203922729669002,21,0.02627174780755266
1961,1,0.400003919226866,0.2206615091708117,19,0.050623222063407455
1961,2,0.4439166590510792,0.12335837048368294,21,0.026919003349899207
1961,3,0.47760465901693633,0.07168312618812588,21,0.015642540562293243
1961,4,0.4939063175273344,0.10028079366971486,21,0.02188306322579604
1961,5,0.5450016581013465,0.1446546752316231,21,0.031566238041817456
1962,1,0.37083055046649654,0.2460688794112225,20,0.05502267415106919
1962,2,0.42733475137047383,0.13846381392681614,21,0.03021528134913884
1962,3,0.4889820937061221,0.06017031373730749,21,0.01313023891859299
1962,4,0.5224168577775862,0.10803917532570328,21,0.023576080902411457
1962,5,0.5247778809260877,0.08589842074590429,21,0.018744572149774832
1963,1,0.42540394872548837,0.17541444480414,18,0.04134558114636025
1963,2,0.43017021027897295,0.1481384718351757,21,0.032326464786656024
1963,3,0.4637622550733343,0.07769949881541205,21,0.016955420703893206
1963,4,0.5190110346380519,0.07738964165597814,21,0.016887804328287022
1963,5,0.5178812533057554,0.07559065114148258,21,0.01649523241365924
1964,1,0.3894869495510549,0.18959420693529577,19,0.04349589412166803
1964,2,0.4317605021652188,0.13142302085593832,21,0.028678854339623687
1964,3,0.48579402583061115,0.07499959833542658,21,0.016366254117303636
1964,4,0.49603045466778395,0.0691640751511709,21,0.01509283855961214
1964,5,0.49871587173998533,0.10515303067123474,21,0.022946272504997443
1965,1,0.4366169667996998,0.20110284660878672,19,0.04613615713821381
1965,2,0.44316006670294544,0.12112072858981904,21,0.026430709856716555
1965,3,0.4894709058844586,0.1006631932798946,21,0.021966509661956526
1965,4,0.4994991366304532,0.06713937687445297,21,0.014651013173302304
1965,5,0.5014393778971343,0.06717539361624981,21,0.014658872670710386
1966,1,0.3919173295674218,0.20888921361423218,19,0.047922472238953615
1966,2,0.45408822729616133,0.15137956770535685,21,0.03303372988949954
1966,3,0.4756043618884175,0.08093929750930996,21,0.017662402739664934
1966,4,0.5120857198474439,0.07305059729938262,21,0.01594094722315036
1966,5,0.5295099521296065,0.1180445298135421,21,0.02575942824981086
1967,1,0.403141954743458,0.21994818286890785,19,0.050459573786367014
1967,2,0.46717282407340865,0.14627774941157895,21,0.031920421865063935
1967,3,0.4480020853693475,0.06500281322112114,21,0.014184776760517328
1967,4,0.4952099273906539,0.08026530477620353,21,0.01751532546741206
1967,5,0.4964872425761624,0.12892817828831105,21,0.028134435058045117
1968,1,0.3895989524802924,0.24120865740784803,20,0.053935895472540636
1968,2,0.45756121822240253,0.11306503945322594,21,0.024672814368932205
1968,3,0.47135888704742995,0.08625155591149149,21,0.01882163256057741
1968,4,0.5017346280975296,0.07600234778266919,21,0.016585071986116227
1968,5,0.5154685224427245,0.07811276351821553,21,0.01704560245544799
1969,1,0.44268341076718304,0.2342556780141284,19,0.05374193828495728
1969,2,0.46061028856424063,0.0957128098970796,21,0.020886247444299323
1969,3,0.48738683145502276,0.08931483805224977,21,0.019490095526531276
1969,4,0.5017225643851086,0.08167488277396476,21,0.017822920604206587
1969,5,0.5311872144693223,0.12653140635100382,21,0.027611416542509103
1970,1,0.38409055333663344,0.2015835899197454,18,0.047513707802726714
1970,2,0.45239121374020497,0.14287815883133825,21,0.03117857038097766
1970,3,0.4684153603747125,0.09084213615465295,21,0.019823379296199133
1970,4,0.5279260298587262,0.09156322878726951,21,0.019980734609153436
1970,5,0.5089055648391188,0.07325639933401355,21,0.015985856908953794
1971,1,0.38199260813939273,0.23028841866131036,19,0.05283178656907568
1971,2,0.4545906722636606,0.10539421472153121,21,0.022998903179611712
1971,3,0.48719602859251115,0.09331079121780389,21,0.02036208399580033
1971,4,0.48535250700795035,0.06464790697535253,21,0.014107329868334125
1971,5,0.5183994587227612,0.13234093445366057,21,0.028879159508337568
1972,1,0.38906145962639316,0.21655585822444237,20,0.048423361991566
1972,2,0.4658481569694092,0.13352213447369507,21,0.029136918484656205
1972,3,0.4740384926888924,0.07909477908230692,21,0.01725989582002292
1972,4,0.48250339947075294,0.0686689390671987,21,0.014984791007988016
1972,5,0.5372771757905475,0.12850006490019417,21,0.02804101305770847
1973,1,0.4196091797818046,0.2348900492899891,19,0.05388747303675527
1973,2,0.439255798844053,0.14006221323666626,21,0.030564080674289
1973,3,0.4899135872538569,0.09008037351930738,21,0.019657149061053415
1973,4,0.5227619533574808,0.09938419412667551,21,0.021687409165127437
1973,5,0.5079192009719483,0.05451927084226882,21,0.011897080260404558
1974,1,0.38708886115726315,0.25113662644954793,19,0.05761469345870016
1974,2,0.4528406919930107,0.1268316436373508,21,0.02767693368970592
1974,3,0.49774084719106554,0.0905867678272114,21,0.019767653358551743
1974,4,0.48712871033867333,0.09270256296778036,21,0.020229357710298268
1974,5,0.5248758012265998,0.12852650154298906,21,0.028046782006124094
1975,1,0.4417511405884754,0.22823831223482716,18,0.05379628610260628
1975,2,0.4633154513779282,0.1296757038386478,21,0.0282975585065371
1975,3,0.452135773808572,0.07294459217903973,21,0.01591781500943492
1975,4,0.4985881117973128,0.06007974707489918,21,0.013110475652596534
1975,5,0.5287124184685337,0.06576391629902993,20,0.01470525873112373
1976,1,0.42806490307743755,0.21079325896436896,19,0.04835929020027807
1976,2,0.45326400451515086,0.13579331085389681,21,0.02963252980269765
1976,3,0.44735787885686423,0.06954051899576454,21,0.01517498534117169
1976,4,0.5041397737279191,0.06531592487531963,21,0.014253103325104825
1976,5,0.5706471389832953,0.15824612496062562,21,0.034532135526928937
1977,1,0.43701132235967294,0.23171824365937135,19,0.05315981092031232
1977,2,0.4599291751550923,0.12461204210648939,21,0.027192576926476763
1977,3,0.4761448877281635,0.0920067358104155,21,0.0200775157760492
1977,4,0.5055160089041951,0.08166182863319277,21,0.01782007195714848
1977,5,0.5304819798637366,0.13364721293480178,21,0.029164212842552877
1978,1,0.3982233743994313,0.21891673184357918,19,0.05022294269243969
1978,2,0.45634089419034024,0.12865212830795852,21,0.028074196013732903
1978,3,0.46618649209757895,0.07425062951145855,21,0.0162028157206848
1978,4,0.4923899355889499,0.09146316842033476,21,0.019958899646984697
1978,5,0.5211436761563879,0.0979325560890552,20,0.021898385262543837
1979,1,0.41826367399502085,0.19575182315824352,18,0.046139147194941284
1979,2,0.4664817281323768,0.13084130240856362,21,0.02855191296732622
1979,3,0.46565668739190513,0.08509017016991843,21,0.018568197414301175
1979,4,0.5062046396163377,0.06976939889533372,21,0.015224931029973103
1979,5,0.519446994485794,0.08486952725875332,21,0.018520049183731197
1980,1,0.4095143763311715,0.22768374103512093,19,0.0522342325399672
1980,2,0.43877301002463764,0.114325790406053,21,0.024947932781971143
1980,3,0.45137261885256674,0.09661268999469311,21,0.0210826173806659
1980,4,0.5029833485302726,0.10910634456606605,21,0.023808956322568166
1980,5,0.504341055351229,0.09517952460910437,21,0.020769875053863473
1981,1,0.4275188482163651,0.2093392569093755,19,0.048025719251782444
1981,2,0.4579555665952005,0.1069467564195624,21,0.02333769555345948
1981,3,0.4687332066193632,0.09046192767606132,21,0.01974041100415103
1981,4,0.4900088822249605,0.11881873504331478,21,0.025928373681661527
1981,5,0.4751905030153855,0.12989990853418543,21,0.028346483982178327
1982,1,0.37428109904660795,0.2483693730847653,19,0.05697984199721278
1982,2,0.4528141951630304,0.1196086027401424,21,0.026100736944028813
1982,3,0.4677592692087626,0.05664519394397632,21,0.012360994714463124
1982,4,0.5037226887894465,0.08486570521373672,21,0.018519215145131288
1982,5,0.4922979756000702,0.12607787301097417,21,0.02751244745389615
1983,1,0.42759689998754535,0.25808100308875614,19,0.0592078427216577
1983,2,0.46540157619629724,0.12539366093688034,21,0.0273631401386134
1983,3,0.4431255635093049,0.07276550854866988,21,0.01587873575743981
1983,4,0.5113606679390514,0.06448666832780753,21,0.01407214471084235
1983,5,0.5208560558673601,0.12945695954274292,21,0.028249824587783582
1984,1,0.39928485327689933,0.22551898730291553,19,0.05173760397384426
1984,2,0.48000881364806114,0.13162643426667556,21,0.028723242784960475
1984,3,0.4745927067465952,0.08325798805879024,21,0.018168382499482653
1984,4,0.4817972806146682,0.09664205876112333,21,0.02108902617091514
1984,5,0.5210813439131271,0.09582206353997798,21,0.020910088543753202
1985,1,0.40775810339634794,0.2313047036343509,19,0.0530649383319874
1985,2,0.4644513229048724,0.12443182103218409,21,0.027153249463865797
1985,3,0.48508327395494466,0.10928780625305538,21,0.02384855450906164
1985,4,0.47757916433002817,0.08375398123834854,21,0.018276617084697307
1985,5,0.5079273057120625,0.09003903042399786,21,0.019648127258019142
1986,1,0.4204019317729372,0.19362335503940642,19,0.04442024409084575
1986,2,0.4442455208603778,0.10845924311443786,21,0.023667747209025213
1986,3,0.46882895416639414,0.08155827341536083,21,0.017797474355990266
1986,4,0.49664117026582955,0.08484327774661764,21,0.018514321070573225
1986,5,0.48341858851086555,0.12680354465066793,21,0.027670801988114214
1987,1,0.38838678054032416,0.2366272872473073,19,0.054286022757641224
1987,2,0.43009437983848514,0.1243853182867149,21,0.027143101732859328
1987,3,0.4682048161784555,0.10199697679010737,21,0.022257565085586715
1987,4,0.5091796089911345,0.10043566464597622,21,0.02191685884349458
1987,5,0.5269804138039711,0.11005059165469212,21,0.024015007930109626
1988,1,0.3905232913198895,0.21256765296583055,19,0.048766364102298905
1988,2,0.4524983139691942,0.15468752468924024,21,0.03375558528351399
1988,3,0.4611067126673286,0.07232614774394218,21,0.01578285936957974
1988,4,0.49076324145966477,0.07508349541272875,21,0.01638456196050948
1988,5,0.5567346434457706,0.1367807565187385,21,0.02984800811240208
1989,1,0.3907940460972656,0.2062185966442128,19,0.04730979068688944
1989,2,0.4238158041393935,0.12720538023297864,21,0.027758489701107808
1989,3,0.4577344416926553,0.0659876843469729,21,0.014399693259755045
1989,4,0.5018537095078629,0.08491830449354484,21,0.018530693248998947
1989,5,0.5559152241194211,0.09242632427679828,21,0.020169077485950607
1990,1,0.3915861247042902,0.23812787441036426,19,0.054630281062890675
1990,2,0.4395468479786769,0.13903300501821392,21,0.030339489028244782
1990,3,0.46672791502231814,0.09419989163938004,21,0.02055610161400461
1990,4,0.4881520808567249,0.05780068481398419,21,0.012613143494303194
1990,5,0.5338366984335652,0.10213206230260077,21,0.02228704316112447
1991,1,0.41455874800926507,0.1809917384172969,19,0.04152235249351291
1991,2,0.45202675602999776,0.10842258325950108,21,0.02365974737282455
1991,3,0.477632666502506,0.07018935838745056,21,0.01531657370432742
1991,4,0.5062557759761871,0.0835884555112328,21,0.018240496409746332
1991,5,0.54753422628388,0.1452491294119271,21,0.031695958578885366
1992,1,0.38406882014038624,0.2256879790438572,20,0.05046536628466127
1992,2,0.45760914216820925,0.10332653076751544,21,0.022547697549491576
1992,3,0.46892160695429946,0.0766663685666716,21,0.01672997320067408
1992,4,0.5066750256082744,0.07068072246121426,21,0.015423798135841896
1992,5,0.5159817279179899,0.133269698972593,21,0.029081832542185045
1993,1,0.383886592277753,0.22185708981282132,19,0.050897507073795534
1993,2,0.4558338518844707,0.13824634744770542,21,0.03016782627287025
1993,3,0.4970240847198421,0.08088356696674982,21,0.01765024133824575
1993,4,0.5077575078523843,0.09944446144203611,21,0.021700560571535615
1993,5,0.5114345972127575,0.088930310634877,21,0.019406184764774296
1994,1,0.41441360648530035,0.22079308150990473,19,0.05065340682813755
1994,2,0.4436275169486708,0.1389829880887734,21,0.030328574439426194
1994,3,0.448508089316305,0.0678637449496468,21,0.014809083246425407
1994,4,0.48248788048297814,0.08737190064623931,21,0.019066111824931082
1994,5,0.4959718154647139,0.08687085426541044,21,0.018956774540796226
1995,1,0.4009207191398434,0.20100869805159013,19,0.04611455797787171
1995,2,0.44144308409164074,0.10842372470838703,21,0.023659996457392255
1995,3,0.4707928271966237,0.08177704168268825,21,0.017845213505737038
1995,4,0.5186034629653458,0.07159246036215686,21,0.01562275565703378
1995,5,0.5257608763543448,0.0726535464255847,21,0.015854303619153822
1996,1,0.36807355518060225,0.2190896627532043,19,0.050262615763980244
1996,2,0.4388514512707777,0.14478481908875243,21,0.03159463775974739
1996,3,0.4709771317860289,0.07291978893104226,21,0.015912402496985913
1996,4,0.5080872239573969,0.07646597053802795,21,0.01668624276565601
1996,5,0.5352997157098429,0.12674156729579547,21,0.02765727742049154
1997,1,0.4042191541202474,0.2360709195318889,19,0.05415838324990662
1997,2,0.44824791381918677,0.1118147915552628,21,0.024399987910366707
1997,3,0.47190186250884525,0.09493695047639608,21,0.020716941038398044
1997,4,0.4835511281573885,0.09165763605715097,21,0.020001335964409908
1997,5,0.5835423594217138,0.11870235099802441,21,0.02590297660084113
1998,1,0.38585263307486334,0.20841338165385248,19,0.04781330890056404
1998,2,0.45271775700137323,0.11556147176433916,21,0.025217580560980297
1998,3,0.4827363681904523,0.07520286773171836,21,0.01641061113611197
1998,4,0.4833479232459324,0.06443202315132675,21,0.01406022015571914
1998,5,0.5013497054185216,0.07830188779764559,21,0.017086872756697617
1999,1,0.39108937272058314,0.2336381847681738,19,0.05360027561877649
1999,2,0.4680752865750249,0.10457655467704398,21,0.02282047512977344
1999,3,0.4718550746669071,0.06426405326570084,21,0.014023566121654674
1999,4,0.5013417135390879,0.10766456907899537,21,0.02349433511758563
1999,5,0.521137451685058,0.08508704335634587,21,0.018567515087640207
