draw,rt_quintile,p_choose_s,draw_subject_sd,n_subjects,draw_subject_sem
0,1,0.4699710969201876,0.13280472093266574,19,0.030467492514242665
0,2,0.4921786292045554,0.09488531578657476,21,0.020705673425322247
0,3,0.47948645659875877,0.06521392179878303,21,0.014230844428945427
0,4,0.4538498989842249,0.1011661877060855,21,0.02207627204444037
0,5,0.5322365567007905,0.06787177938076679,20,0.015176591244926312
1,1,0.4563580878182057,0.15667567435749566,19,0.03594386481239002
1,2,0.46758045107739016,0.08966593281288911,21,0.019566710684470905
1,3,0.47725770706300646,0.07059309197545696,21,0.015404675596119582
1,4,0.4700496972445023,0.09509439603101813,21,0.020751298475154705
1,5,0.5160403951468664,0.14878120082353183,21,0.03246671975048861
2,1,0.5188287160647872,0.14013490442826151,19,0.032149151940290645
2,2,0.4809034360180346,0.09433836661564934,21,0.020586319331176578
2,3,0.4947776884823744,0.0934270199861975,21,0.020387447192423913
2,4,0.4740490665401654,0.10294091169936127,21,0.022463548570004203
2,5,0.5052316483202418,0.09017539860843403,20,0.020163832118659842
3,1,0.4577118597743506,0.1554480996347359,19,0.035662239856487137
3,2,0.4940212034243441,0.07042329210206218,21,0.015367622225985034
3,3,0.48498778119994607,0.08868956245575972,21,0.019353649205049166
3,4,0.49678662889739233,0.07031179222378188,21,0.015343290957785137
3,5,0.49098477541670943,0.12937650994964575,21,0.028232269047307575
4,1,0.5415787361106871,0.16171661398307574,19,0.037100335675989665
4,2,0.4901783960231465,0.11184324629307382,21,0.024406197243219047
4,3,0.45487405581183976,0.08948137939825629,21,0.019526437827693883
4,4,0.48725309728206834,0.07545293566787453,21,0.01646518043355564
4,5,0.4689595367671473,0.11681758257655168,21,0.02549168641232393
5,1,0.47790692350119474,0.09631039270829135,19,0.02209511942253466
5,2,0.48675167443920014,0.10715214203807127,21,0.023382514369815303
5,3,0.4915726803958478,0.08310026274379856,21,0.018133964014008363
5,4,0.47726331705539726,0.08646696312980927,21,0.018868638269300318
5,5,0.517804854944331,0.07738598755983465,21,0.016887006939135873
6,1,0.4776158669238052,0.14797948308080605,19,0.0339488217087695
6,2,0.45277952594453436,0.08708942691004339,21,0.01900447100217133
6,3,0.48694013465373864,0.08800456089088741,21,0.019204169608754377
6,4,0.48308951394013055,0.08102024854101857,21,0.017680067703016812
6,5,0.5498123379491786,0.13888217884579526,21,0.030306576059107214
7,1,0.5260045802549645,0.16206421156900994,19,0.037180080031258396
7,2,0.47549344832244567,0.07905923472447358,21,0.017252139405246735
7,3,0.45808185398803375,0.07846815895810805,21,0.017123156098540825
7,4,0.4733872294642246,0.0672431084843803,21,0.014673649266371429
7,5,0.5145544528035437,0.053086115574398345,20,0.0118704163085765
8,1,0.45613602055803054,0.16713406753950946,19,0.03834318475934859
8,2,0.4776801793296846,0.07507106531850508,21,0.016381849491572557
8,3,0.4806330108814918,0.0951222527300363,21,0.02075737730524339
8,4,0.5019658358024631,0.06789794558770143,21,0.014816546437506415
8,5,0.49049302911809506,0.12892112132899405,21,0.028132895103271483
9,1,0.4941971377796339,0.12919447002809772,19,0.029639244153514332
9,2,0.49060871172128584,0.09127338974075706,21,0.01991748654391548
9,3,0.47604604547795126,0.0809142026784987,21,0.017656926598629472
9,4,0.5117468342663922,0.07491368136119367,21,0.01634750549645107
9,5,0.469771670603064,0.1171425743044392,21,0.025562605421527693
10,1,0.5436809063647623,0.09551390029918536,19,0.021912391531977275
10,2,0.46020523434864924,0.0980305868863637,21,0.021392027848938427
10,3,0.4748626745928831,0.10250461687811388,21,0.022368341234590708
10,4,0.48978764597925606,0.07536780904304212,21,0.0164466042810818
10,5,0.5174777024189391,0.05816741592737898,20,0.013006629608912336
11,1,0.4528332287450008,0.11615334320278196,19,0.02664740447238545
11,2,0.49785334619877564,0.09228686463695059,21,0.02013864489756997
11,3,0.4694698679305523,0.08300660522011567,21,0.018113526266785553
11,4,0.4735070207030058,0.08855175209294697,21,0.01932357651842351
11,5,0.5388455005674342,0.12216447923034088,21,0.0266584749194237
12,1,0.5045744481855546,0.1062443905926013,19,0.024374134837432233
12,2,0.47759868909000047,0.10192423849371096,21,0.02224169228800773
12,3,0.4877457982518946,0.08572329042909288,21,0.018706355581523886
12,4,0.47783774514380284,0.09305067834745817,21,0.02030532271401026
12,5,0.5362418694010598,0.12717930429121646,21,0.02775279946411055
13,1,0.4415417817578232,0.17279685996549263,19,0.03964231843951218
13,2,0.47511672050078196,0.07532607136435429,21,0.016437496372895193
13,3,0.48542832140026965,0.08856623369907161,21,0.01932673666395926
13,4,0.48092262519275375,0.07348005969565387,21,0.016034663601200365
13,5,0.49060360880376824,0.12737933322076356,21,0.02779644935510248
14,1,0.47147853693122543,0.10704702976664945,19,0.024558272892579752
14,2,0.5077483213382689,0.09205312871677321,21,0.020087639538196495
14,3,0.49760144063791745,0.08618967715477796,21,0.01880812950883696
14,4,0.49948333707424136,0.09236329837416636,21,0.02015532410644805
14,5,0.49891836660292377,0.06906053690483195,21,0.015070244661937321
15,1,0.45229038298863694,0.13716878515342634,19,0.03146867751010672
15,2,0.4833646479332449,0.08193005107878047,21,0.017878602893338567
15,3,0.48280835084504725,0.08738872485376009,21,0.019069783168001158
15,4,0.5038014298394712,0.0774204164009454,21,0.016894519928206328
15,5,0.5225991658446573,0.06786817151274942,21,0.014810049201686657
16,1,0.4881816185951768,0.12118100451729676,19,0.027800829082507493
16,2,0.47525584215594935,0.08214686093018281,21,0.017925914681693963
16,3,0.47360747057536706,0.08730276807765296,21,0.019051025861667573
16,4,0.4787348928419568,0.08846881450312241,21,0.01930547805255074
16,5,0.4960301168626537,0.04726258138583989,21,0.010313540797124867
17,1,0.5162980483539079,0.17381297279941596,20,0.0388657622550816
17,2,0.4663936990682634,0.10336850678686096,21,0.02255685746787366
17,3,0.49283600732899313,0.08864312835292192,21,0.019343516453092898
17,4,0.4914720042702205,0.09060161759528021,21,0.019770893843610214
17,5,0.48162320476487014,0.08665092551713456,21,0.01890878215334522
18,1,0.4656030102870742,0.12545922728411515,19,0.028782320698218882
18,2,0.4663297096638265,0.11237755600797508,21,0.024522793181937393
18,3,0.49843633745901833,0.08552857769852464,21,0.018663865780257194
18,4,0.47997464007849977,0.09186076663185301,21,0.020045662689863814
18,5,0.46306359781558326,0.14324837660700812,21,0.0312593585229122
19,1,0.5071464445942281,0.16960589235723691,19,0.03891026026390701
19,2,0.46485065984605195,0.10748026403059548,21,0.023454116458763965
19,3,0.49007674421063985,0.08684611629124726,21,0.018951376272265626
19,4,0.496173423712242,0.08931635027350382,21,0.019490425520262904
19,5,0.4750924057103137,0.0971002330482859,21,0.021189007997220132
20,1,0.4644466735675255,0.12669752859108224,19,0.02906640650130961
20,2,0.4778229252865235,0.08160365464028857,21,0.017807377351150323
20,3,0.4977592386211183,0.06559413985058667,21,0.014313814810039656
20,4,0.506971125998756,0.08010463243535279,21,0.01748026388817233
20,5,0.5093896992925095,0.07609923024154014,20,0.017016305185549148
21,1,0.470094203615523,0.17939609401458706,20,0.04011418611145598
21,2,0.4586240395860631,0.09617052968072995,21,0.020986130089806775
21,3,0.5010621963181369,0.09805381851954471,21,0.021397097406917927
21,4,0.49763584613950346,0.0752165245906423,21,0.016413591307053606
21,5,0.5035271039163307,0.08588399478125103,21,0.01874142414620358
22,1,0.49894359276826394,0.12561395416091686,19,0.028817817478209846
22,2,0.4840673479441502,0.10573557384277335,21,0.023073393846861984
22,3,0.48251616914670253,0.07972433696887084,21,0.017397276613810325
22,4,0.4684453201654116,0.08692140200828222,21,0.0189678049626019
22,5,0.5280091459472287,0.06534281343264563,21,0.014258970889355993
23,1,0.46321381118191907,0.1878718854829952,19,0.043100766481727476
23,2,0.4726618775694974,0.08062136498386477,21,0.017593024174724883
23,3,0.4742082509058405,0.08450893884581999,21,0.01844136234101734
23,4,0.48487273755908167,0.06050601243616864,21,0.013203494380413438
23,5,0.5317582243385187,0.11774531077122445,21,0.02569413330167787
24,1,0.5124306000568911,0.17495721711204446,19,0.040137938359710884
24,2,0.4794381126928761,0.08754414275413291,21,0.019103698134325425
24,3,0.4915480785465868,0.1081990602610574,21,0.02361097065568495
24,4,0.4751722507772459,0.0858191278430601,21,0.01872726901980549
24,5,0.5259184603445194,0.04698717814373903,21,0.010253442882669465
25,1,0.40391817703542754,0.18317035596608924,20,0.04095813674030097
25,2,0.4778623612812165,0.09598745108818385,21,0.02094617906559399
25,3,0.49828395546353843,0.07054328705097142,21,0.015393807270574985
25,4,0.5240433739470186,0.08462476284076843,21,0.018466637208833694
25,5,0.49730574777476827,0.13625335652135923,21,0.029732919997663504
26,1,0.5025718074632735,0.1375028198791652,19,0.03154531033185035
26,2,0.49388118060996655,0.0881808322194166,21,0.019242635166175113
26,3,0.4841130616310581,0.06269715152227387,21,0.013681640128996942
26,4,0.4745376510826799,0.08949557562058533,21,0.019529535697379845
26,5,0.5015261258515848,0.04925141355479908,21,0.010747539557068614
27,1,0.44253922749237995,0.1648226841922244,19,0.037812917052475
27,2,0.493886455322437,0.09385552834807752,21,0.02048095538310185
27,3,0.47993016615330886,0.09760222808038707,21,0.0212985522940342
27,4,0.49451948826538633,0.09171216584784568,21,0.020013235340290318
27,5,0.49195932087897976,0.1343783792328866,21,0.029323766409532607
28,1,0.45627789442280475,0.11765848242503045,19,0.02699270709163495
28,2,0.4757790780630669,0.106403420596833,21,0.023219129956533836
28,3,0.4878241030337169,0.09806654608318692,21,0.02139987478900377
28,4,0.49136408510217305,0.0705254188816586,21,0.015389908116365161
28,5,0.4948288912267958,0.07808852468371946,20,0.017461124945546698
29,1,0.45521141421677164,0.15311906358047456,19,0.035127922340887775
29,2,0.46928314449816383,0.09981553714411312,21,0.0217815359283607
29,3,0.5045945733464335,0.0914384667130865,21,0.019953509292543754
29,4,0.47951200087812496,0.08554170500847372,21,0.01866673039413876
29,5,0.5126554084496038,0.12952584252006155,21,0.028264856085767228
30,1,0.48316922091294817,0.1605501648596871,19,0.03683273389432479
30,2,0.46509056592870024,0.10494813264181704,21,0.022901560089304402
30,3,0.47479274957389983,0.08051881737560722,21,0.017570646452002174
30,4,0.4784811315424359,0.11188902029948267,21,0.02441618595032523
30,5,0.5067624079690747,0.05188410487465014,20,0.01160163854514459
31,1,0.5146381473953351,0.10554308304286958,19,0.024213243851241566
31,2,0.46966975563929647,0.0955828151876553,21,0.020857880273066908
31,3,0.49364557924330554,0.10623468290730546,21,0.02318230837392184
31,4,0.5005829976946389,0.07556130971777186,21,0.016488829590080564
31,5,0.5081527336153445,0.10687105398365429,20,0.02389709415345007
32,1,0.4695181465299266,0.12773998043869,19,0.02930556135695327
32,2,0.48727256574777733,0.11498007146365676,21,0.025090708613982812
32,3,0.4981721696724241,0.07832097059606774,21,0.017091036964709098
32,4,0.49021477845725947,0.062220994837299565,21,0.013577734221780085
32,5,0.5514453728536945,0.12591500541670794,21,0.027476906831087562
33,1,0.4748547436886204,0.12005451472511876,19,0.02754239460013728
33,2,0.47263697593847515,0.10314102771851541,21,0.022507217465506445
33,3,0.4981061793790675,0.06808308911334454,21,0.014856948067063107
33,4,0.4964251562340541,0.05562837705174556,21,0.01213910707748421
33,5,0.5165495256707631,0.0744786553781745,20,0.016653933629837848
34,1,0.4439948830907013,0.13690780704681615,19,0.031408805026254594
34,2,0.48920420967318407,0.09776070740324344,21,0.021333135317513945
34,3,0.48825730761294994,0.09898477218682912,21,0.02160024815210019
34,4,0.48306646747262844,0.10299541788864626,21,0.022475442795634775
34,5,0.5429434676006537,0.12892306287909122,21,0.028133318784237474
35,1,0.4838959676095281,0.15140281509764744,19,0.03473418793569575
35,2,0.4630740803366066,0.09529879251486506,21,0.020795901444631438
35,3,0.5048362806501207,0.08293003404594837,21,0.018096817066705875
35,4,0.517761119100876,0.05979641261978745,21,0.013048647005570888
35,5,0.47027095651908435,0.1228481524871289,21,0.02680766465513075
36,1,0.5163558446683717,0.1579172012958771,19,0.03622869062607887
36,2,0.47893548446879397,0.06800908947635526,21,0.014840800022401077
36,3,0.4835098257011096,0.08520852330749881,21,0.018594024186286775
36,4,0.49629797461439373,0.06934802063344153,21,0.01513297875467168
36,5,0.5176857596692331,0.12905918993815163,21,0.028163024143869664
37,1,0.45723369167021666,0.11946643973138886,19,0.02740748094387981
37,2,0.4648433739462559,0.10404524339225239,21,0.022704533502147645
37,3,0.5085197988914901,0.06370562483807728,21,0.013901707048330858
37,4,0.4785377601048857,0.07625310155914691,21,0.0166397909461879
37,5,0.5541418605880972,0.11333388565197128,21,0.02473148141922038
38,1,0.4737977401256922,0.17251929308251795,19,0.03957864022935638
38,2,0.4981905746600192,0.0880806640780955,21,0.019220776685707163
38,3,0.4929755870476872,0.0757665861000478,21,0.016533624569136096
38,4,0.49285865201367496,0.07408779632444162,21,0.016167282606153563
38,5,0.49450778923570177,0.0539046843464953,21,0.011762966491929329
39,1,0.5055718927196926,0.14570023375944113,19,0.033425926053034585
39,2,0.4954064739441507,0.09714710992278217,21,0.021199237369873565
39,3,0.49684869029597745,0.09081763624630584,21,0.01981803297788865
39,4,0.46390841377074193,0.05191739298659783,21,0.011329303964088287
39,5,0.5238851796896469,0.0729662296791034,20,0.01631574496243379
40,1,0.48710194394912,0.17585844980022694,19,0.040344695318258406
40,2,0.47406009510786057,0.0862339716390063,21,0.018817795357734358
40,3,0.47044799893300165,0.08902774888838316,21,0.01942744753488269
40,4,0.48099112170311,0.06246628555770164,21,0.013631261045280693
40,5,0.4865093685359761,0.12917618783339918,21,0.028188555177732638
41,1,0.49710120968599586,0.12969215872818202,18,0.030568734967806533
41,2,0.4713080851205345,0.08962132350593151,21,0.019556976135621726
41,3,0.49772774789288754,0.0861259824369643,21,0.018794230181896486
41,4,0.4719345718854896,0.07497464801180279,21,0.016360809510321744
41,5,0.5143930381605629,0.08421931427589477,20,0.018832011173931917
42,1,0.4802478052628759,0.13041804309185862,19,0.02991995106588129
42,2,0.481539127198882,0.10420051699955335,21,0.022738416981142193
42,3,0.5018934813783644,0.08270255977314872,21,0.018047178110812568
42,4,0.4783493046759051,0.08968809051508717,21,0.019571545891497042
42,5,0.5037629093447334,0.13378727868261706,21,0.02919477769453545
43,1,0.45379434837732835,0.14457193812946195,18,0.03407593260687485
43,2,0.5004694343024723,0.0965132946345485,21,0.021060927534875897
43,3,0.49476898233344524,0.07977129805870894,21,0.017407524363757983
43,4,0.488803260943036,0.06628050055811238,21,0.0144635909955768
43,5,0.5207983600342688,0.12676687317147833,21,0.027662799615293627
44,1,0.47092926683932773,0.1229219689989389,19,0.028200233726706006
44,2,0.49211317020090145,0.11545012475174007,21,0.025193282650806843
44,3,0.49628804593744585,0.08003241032110715,21,0.017464503730773264
44,4,0.4659570150109738,0.08472233891444779,21,0.018487930053769513
44,5,0.5091620015970564,0.13988757036399588,21,0.030525970475070115
45,1,0.4974874274100115,0.17071768733308615,19,0.03916532352420506
45,2,0.4879250394188331,0.09328055251804053,21,0.02035548537053449
45,3,0.4819446115491795,0.08293831215484396,21,0.018098623498164212
45,4,0.4552644964209039,0.0998150061526654,21,0.021781420056527244
45,5,0.4819979415226844,0.12621021329849078,21,0.02754132647223125
46,1,0.4713358227486808,0.12838340565427453,19,0.029453173224977418
46,2,0.46953952058074866,0.09118258020418517,21,0.01989767027843145
46,3,0.4917506544835441,0.07722911194484214,21,0.01685277387340273
46,4,0.48923072420165364,0.08275909351107878,21,0.01805951478383082
46,5,0.5062910766234668,0.1297291765377671,21,0.02830922720612414
47,1,0.49115609757742734,0.13100056567582555,20,0.029292616994207158
47,2,0.48142368324367757,0.10042182209654803,21,0.02191383815156287
47,3,0.5030135997046389,0.07192649385623985,21,0.015695647741380728
47,4,0.4864818990179573,0.07414638556865782,21,0.016180067827416943
47,5,0.5178077317233728,0.06577047022383979,21,0.014352293252075477
48,1,0.4606224750460988,0.16461367668202342,19,0.03776496744113778
48,2,0.49746634265274653,0.09889391339616062,21,0.021580421138491117
48,3,0.4616834310962557,0.0779867719442693,21,0.01701810883999393
48,4,0.4651372654975078,0.10631321359189623,21,0.023199445174232027
48,5,0.5040245537578849,0.0743984696332484,21,0.016235077080154012
49,1,0.4576273193360909,0.15296580911987287,19,0.0350927633563399
49,2,0.495491768754525,0.09287060962921394,21,0.020266028498217504
49,3,0.4830627282990401,0.07800080796966664,21,0.017021171751843436
49,4,0.47311643234285133,0.05260422810231982,21,0.011479183673981133
49,5,0.5041289729740152,0.06359139700225924,21,0.013876780490992422
50,1,0.48959869567673403,0.12195133275753589,19,0.027977554501063172
50,2,0.4999041232324213,0.10529681905131297,21,0.022977649701938566
50,3,0.4696121908934619,0.07478785200819112,21,0.016320047280509092
50,4,0.4762944865693961,0.07740228954555918,21,0.016890564324067336
50,5,0.4878296880022995,0.13828376605273426,21,0.030175991681915214
51,1,0.46147446715453155,0.12122226071108501,19,0.02781029390248213
51,2,0.46500745074141486,0.09835973201357806,21,0.021463853204180604
51,3,0.5035930680207833,0.06733114451985713,21,0.014692860304297922
51,4,0.4730274806822753,0.07761340593471848,21,0.016936633697103916
51,5,0.5185356884433588,0.08336741084674477,21,0.018192260509413832
52,1,0.4646924840487998,0.12298160476359292,19,0.028213915109419042
52,2,0.45106326243319556,0.1004116390923385,21,0.021911616037868006
52,3,0.5038454260771691,0.08089982597651783,21,0.017653789345054655
52,4,0.4988776150818588,0.06656171578422752,21,0.014524957188921883
52,5,0.5150219857907388,0.06303045354126932,20,0.014094037877092054
53,1,0.4657682801721923,0.14008114329486024,19,0.03213681829041768
53,2,0.48905513950336144,0.10085060405093584,21,0.022007406045020647
53,3,0.4813207228966562,0.07240939479410298,21,0.015801025365234204
53,4,0.4767855053280831,0.06880554084575492,21,0.01501459995990704
53,5,0.4748162000603356,0.13260338782993258,21,0.028936431530392957
54,1,0.49085361786672227,0.12582494622480106,19,0.028866222377386702
54,2,0.47941205810206383,0.07754672470605924,21,0.016922082660067554
54,3,0.5014769186370847,0.07858101650328007,21,0.01714778363394548
54,4,0.48307408943801083,0.05724971620108738,21,0.0124929122860106
54,5,0.5385182505065936,0.1281253568629198,21,0.027959245060359985
55,1,0.5071012568465242,0.16481532734875776,19,0.03781122927683213
55,2,0.48495213343933685,0.08192016774020333,21,0.017876446172045774
55,3,0.46289264331174546,0.07975759493996468,21,0.017404534098095954
55,4,0.4919293763612238,0.07039200207701617,21,0.015360794182734063
55,5,0.5004133771719077,0.08762194296041131,21,0.01912067553119942
56,1,0.5071569578097549,0.17079709820256278,19,0.039183541627103344
56,2,0.47005653535554404,0.10318862824163987,21,0.02251760475123679
56,3,0.5017957491731756,0.08620492987739703,21,0.018811457925787246
56,4,0.49605834937699067,0.08983680211027983,21,0.019603997422053616
56,5,0.48785542669729526,0.059173937463487404,21,0.012912811790238772
57,1,0.4389158192943614,0.16438673790233546,19,0.037712904114451974
57,2,0.4908661120425771,0.08733085905454173,21,0.01905715581537891
57,3,0.48733352173078054,0.06634092808085303,21,0.014476777362101451
57,4,0.4770900357563855,0.13267073103794583,21,0.028951127023167333
57,5,0.500390311430324,0.06051702868072285,21,0.013205898322058382
58,1,0.477743457396228,0.08393612532721571,19,0.019256267790194636
58,2,0.4981634992855342,0.08687648723472562,21,0.01895800375547595
58,3,0.48434739945694566,0.09208274710730383,21,0.020094102800890273
58,4,0.47224975236141187,0.10834280628845434,21,0.023642338610513316
58,5,0.5039927938102539,0.07030311318588695,21,0.015341397036446427
59,1,0.49641229544878224,0.1829001120660419,19,0.041960163434638986
59,2,0.48049371312633454,0.08835630336074474,21,0.01928092610843304
59,3,0.4965844228981584,0.05906273947623303,21,0.012888546400061634
59,4,0.4897279836864657,0.08718799378839757,21,0.01902598005841293
59,5,0.4930087478642649,0.08998955504862474,21,0.019637330845986588
60,1,0.48273400989337883,0.13817343221027503,19,0.03169915935193456
60,2,0.4765368906490766,0.09256912483558508,21,0.02020023912261358
60,3,0.5026946441318967,0.09837454070199547,21,0.021467084724924215
60,4,0.47011183439266074,0.09890488311768052,21,0.021582814927977662
60,5,0.490274040719181,0.13289763901046914,21,0.029000642402209096
61,1,0.5000951019108817,0.16390121966820273,19,0.03760151859246088
61,2,0.5006481325697971,0.07612809014471808,21,0.016612511219075823
61,3,0.4627307336893488,0.08935620985411455,21,0.01949912359384947
61,4,0.4926612260043027,0.08788914590221149,21,0.019178983993423906
61,5,0.48971618345521933,0.056389054282158,20,0.01260897585618309
62,1,0.49616128161330214,0.10251280150718259,19,0.02351804958889752
62,2,0.4891244722096519,0.10268879286430002,21,0.02240853172972838
62,3,0.4657352533212975,0.08788468840981281,21,0.019178011288836925
62,4,0.48809075467182744,0.09103987971387967,21,0.019866530478501343
62,5,0.48561791278137073,0.08904368879346286,20,0.019910774110951917
63,1,0.444579774298074,0.16780215962159176,19,0.03849645559465262
63,2,0.4922178578515451,0.08462029633680086,21,0.01846566253776116
63,3,0.49282337010244914,0.07023051276578175,21,0.015325554325940825
63,4,0.5345770528440232,0.07099553040243968,21,0.015492494860605643
63,5,0.4926931647981187,0.14250543069755137,21,0.031097234433991084
64,1,0.46606642459775655,0.16689971925933822,19,0.038289421576671805
64,2,0.4977450259355199,0.09200009417714436,21,0.02007606645284905
64,3,0.4913638540935247,0.09979575006830972,21,0.02177721803442494
64,4,0.4739213219240196,0.08293421110101849,21,0.018097728574850674
64,5,0.5397098861913412,0.1245735449771356,21,0.027184176164129038
65,1,0.49551285110789844,0.12786979576426508,19,0.02933534303513772
65,2,0.5006954441951835,0.08231291100690848,21,0.017962149779110564
65,3,0.4858912202708442,0.06106204086054328,21,0.013324829730091716
65,4,0.4880223163190297,0.06503427307199977,21,0.014191641862803202
65,5,0.5065562232758586,0.07439073912264749,21,0.016233390144440234
66,1,0.4910355377104311,0.1244225855125967,19,0.028544498765445098
66,2,0.48845174272113184,0.08053782343953544,21,0.017574793915174282
66,3,0.4678569189185599,0.0734562339027523,21,0.016029464386940185
66,4,0.4603902472244788,0.07312019534504285,21,0.015956134761838884
66,5,0.47547440496808174,0.12535317807018156,21,0.02735430605285169
67,1,0.48732772229456445,0.1172494513755709,18,0.027635960719356187
67,2,0.5009741479184422,0.11068930807622579,21,0.024154387280075785
67,3,0.4639369571562941,0.09176276043736588,21,0.02002427598487277
67,4,0.48981399986704577,0.06399988520534095,21,0.013965919924855203
67,5,0.4920392454039015,0.07305527226032396,21,0.015941967383263915
68,1,0.5050073771802744,0.09546553309564582,19,0.021901295334481985
68,2,0.47428367615423367,0.09660485627407041,21,0.021080907922678915
68,3,0.5073284974916396,0.07541344379944238,21,0.0164565626013449
68,4,0.5008952332177485,0.10369516538138802,21,0.02262814021719881
68,5,0.521230430170738,0.13491367829939702,21,0.029440578242471805
69,1,0.4919435337322627,0.1341881030891425,19,0.030784862146894222
69,2,0.49892015725852673,0.07544156236369157,21,0.01646269857511182
69,3,0.5064703445529014,0.0928835477308782,21,0.02026885182346634
69,4,0.4929071645550825,0.0911397537085323,21,0.019888324770903885
69,5,0.49418439621785926,0.08912897328881766,21,0.01944953650998591
70,1,0.4637252967432962,0.12019945458519073,19,0.02757564608450279
70,2,0.48985071839368854,0.0831022817951459,21,0.018134404607133656
70,3,0.4820296892706505,0.08659527317469012,21,0.018896637816590307
70,4,0.5059435938994067,0.09901078235010831,21,0.02160592403505567
70,5,0.4998244014841883,0.06465003447193905,21,0.01410779412615072
71,1,0.5350490812913872,0.1383641228134853,19,0.03174290677661227
71,2,0.4641080628274656,0.10666564318597097,21,0.02327635161670774
71,3,0.489718452027971,0.07645835746654596,21,0.016684581457258995
71,4,0.5415119750196954,0.0762377434443682,21,0.01663643953078289
71,5,0.5080690711546252,0.18323049409788417,21,0.03998417184893874
72,1,0.47867679221287257,0.11117664554336144,18,0.026204586657761347
72,2,0.4979387839273727,0.11596534436197123,21,0.025305712787159696
72,3,0.5037634083974488,0.08339019452518107,21,0.018197232315654014
72,4,0.49390779991400435,0.07345558961589754,21,0.016029323792022033
72,5,0.4683567066469861,0.0985984170031656,21,0.021515938539039398
73,1,0.5197185080670512,0.16346259658029677,19,0.03750089155485636
73,2,0.49719677137489837,0.09856604670906192,21,0.021508874761753775
73,3,0.47978436937061797,0.09155662893120517,21,0.019979294402487215
73,4,0.4981618430859213,0.07410966116666819,21,0.016172053905894587
73,5,0.49201024452922393,0.14072820353484417,21,0.03070941167207502
74,1,0.42364808047040153,0.1686508846191327,19,0.03869116646281776
74,2,0.49317369579187237,0.09496659335099303,21,0.02072340964395312
74,3,0.5060074202838342,0.08408063924228115,21,0.018347899705144183
74,4,0.4437120441109822,0.10160640752783759,21,0.022172335885183175
74,5,0.503312089893062,0.1278067494691851,21,0.027889719227085615
75,1,0.4580874901231183,0.14356220685746085,19,0.03293542904228177
75,2,0.5021381973218164,0.09227222893290879,21,0.02013545112511185
75,3,0.4928794851124974,0.07473286017617782,21,0.01630804707894694
75,4,0.5000756622223422,0.08913256612412612,21,0.01945032053092689
75,5,0.5237594398263861,0.05751355437925091,20,0.012860421721963574
76,1,0.4732025835568316,0.12930188948097499,19,0.029663887866128145
76,2,0.47580842101257115,0.0875427324595794,21,0.019103390382823347
76,3,0.4914753628150665,0.06426511368473338,21,0.014023797524058721
76,4,0.48031816827723345,0.07432679408761224,21,0.016219436193803775
76,5,0.48762432258647287,0.08231450087301234,21,0.017962496716337508
77,1,0.47420808562288497,0.12974725744521773,18,0.030581721859956744
77,2,0.48559494797699126,0.07167347478680272,21,0.015640434453858685
77,3,0.4907869895992234,0.10064610166531726,21,0.021962779965882733
77,4,0.5033559335321962,0.13824987895988428,21,0.03016859691200726
77,5,0.46682740882152957,0.1261518779738285,21,0.027528596660757215
78,1,0.501012084649194,0.11764490196914695,19,0.026989591521382143
78,2,0.4982146113281505,0.08863090797250146,21,0.019340849747459667
78,3,0.4857098595547407,0.08555269029667895,21,0.01866912758055454
78,4,0.4842899928282814,0.07445444293455941,21,0.016247291455875643
78,5,0.4755003371923834,0.12485357326095715,21,0.02724528334543098
79,1,0.5014471107483246,0.19391598198385787,19,0.04448737731605738
79,2,0.49065459899487723,0.08362367869282279,21,0.0182481827381203
79,3,0.47114688714562697,0.07470674012956355,21,0.016302347217481906
79,4,0.4861515345303068,0.10736948053285843,21,0.023429941517614822
79,5,0.4833531302054134,0.12838358776757514,21,0.028015595663567608
80,1,0.5085501779753021,0.18405796835885424,19,0.042225793885771176
80,2,0.489926110777491,0.10333178280487527,21,0.02254884363800368
80,3,0.49411279651835127,0.08834660375985727,21,0.019278809481991246
80,4,0.47618526689506446,0.06433641164391454,21,0.014039356014289366
80,5,0.4897806354481461,0.13436221983963334,21,0.029320240140829387
81,1,0.4662526386641364,0.14938570908265972,19,0.03427143207897262
81,2,0.49005642249980835,0.0989600118878751,21,0.02159484501190083
81,3,0.47174282151026,0.08817007625909515,21,0.019240288023206303
81,4,0.4829414438669327,0.07800654224669015,21,0.017022423073677535
81,5,0.4900479806018637,0.06395032938532334,21,0.013955105958362048
82,1,0.508097064260968,0.11380726566313726,19,0.026109177371910618
82,2,0.47404208363394895,0.09178685146694454,21,0.020029533078521043
82,3,0.4877734352059461,0.06579454228476465,21,0.014357546206424134
82,4,0.495472470202549,0.07390105386779057,21,0.016126532061245685
82,5,0.4696596774086193,0.1207585588251728,21,0.026351677934768187
83,1,0.4997215474457722,0.161469709537597,19,0.03704369191143426
83,2,0.4738423060830885,0.09158513228011236,21,0.019985514343150403
83,3,0.49337422659421665,0.0651601830073602,21,0.014219117663257307
83,4,0.48718269153592797,0.07125206895221693,21,0.015548476161702235
83,5,0.4914511320883328,0.07924991699373038,21,0.017293749687749365
84,1,0.484536788542741,0.11468517211136074,19,0.026310582923999504
84,2,0.5145719006101503,0.07688563391295121,21,0.01677782082194108
84,3,0.4956007098918811,0.10354639101101014,21,0.022595674987973758
84,4,0.491863543436324,0.08331741204272457,21,0.01818134987588622
84,5,0.5149094181843771,0.12833391365971167,21,0.028004755884550286
85,1,0.48789785369192734,0.17770099575958176,19,0.04076740435171403
85,2,0.5081744885115503,0.10477500501933966,21,0.022863780544785814
85,3,0.45866040668419134,0.07383567812845779,21,0.016112265905335866
85,4,0.4966430729740053,0.07442199163482366,21,0.016240210001711892
85,5,0.4785518790867176,0.13166030831063905,21,0.028730634707367947
86,1,0.46566084552738257,0.11323939244984398,19,0.025978898321937505
86,2,0.4916276786700241,0.09934736005253009,21,0.021679371311178627
86,3,0.49881673976930535,0.09387665784076694,21,0.020485566216418297
86,4,0.49492285864430824,0.10714154844139774,21,0.023380202657499193
86,5,0.5322039567091367,0.12630318734805365,21,0.027561615073173555
87,1,0.4591058764579349,0.15414361327645673,19,0.03536297016127839
87,2,0.48945285568055735,0.08796287522822697,21,0.019195073051395527
87,3,0.5014135195739069,0.09162871121109098,21,0.019995024045527297
87,4,0.45245735841999085,0.08757469209484046,21,0.019110364547002726
87,5,0.5073810625185382,0.0587632735668322,21,0.012823197581114582
88,1,0.4330248127306157,0.16721191103040536,19,0.038361043280939526
88,2,0.4941259381440548,0.09125194289579458,21,0.019912806458655546
88,3,0.4920443503318375,0.0714409901858856,21,0.015589702154734193
88,4,0.4961634418237515,0.08838863083168644,21,0.019287980540938603
88,5,0.5533397363118809,0.11520970182724649,21,0.025140818067459488
89,1,0.4681794472410844,0.1168284290458486,19,0.02680227978649821
89,2,0.494198581702348,0.09881121181675434,21,0.021562374174313892
89,3,0.4947745713625964,0.07193038691442671,21,0.01569649727632483
89,4,0.47093869242014613,0.08403158012948438,21,0.01833719412905282
89,5,0.5073518846655802,0.10087713041545875,21,0.022013194572322467
90,1,0.46729920114757917,0.12781855883310395,19,0.029323588476974114
90,2,0.47733285391509334,0.09026564754186042,21,0.019697579167370475
90,3,0.5107256131272286,0.08376557809553618,21,0.018279147726406163
90,4,0.47491505725865224,0.09442476071482492,21,0.02060517206922751
90,5,0.4683701001705524,0.13544609909277777,21,0.02955676198472113
91,1,0.5026729886667807,0.17537415720635344,19,0.04023359097742684
91,2,0.4851937779612922,0.08698693806934225,21,0.018982106103580795
91,3,0.5056485065622521,0.10833150213053994,21,0.02363987184102234
91,4,0.5053697091727388,0.06969395836118293,21,0.015208468555772441
91,5,0.527882342276198,0.0973508660235655,20,0.021768315409716712
92,1,0.48282817744338624,0.1161007021559816,19,0.02663532778800203
92,2,0.4930775341431956,0.08756055548114758,21,0.019107279684987585
92,3,0.49269989679549897,0.0854685726577349,21,0.018650771606852534
92,4,0.48459008128986686,0.11131264221093096,21,0.024290409939863224
92,5,0.5214040265502414,0.07729151472645797,21,0.016866391276751793
93,1,0.4849756900629226,0.10724016063499117,19,0.024602580152473425
93,2,0.4789409527611636,0.07465088231735316,21,0.016290158043548157
93,3,0.4851561269962887,0.09349737467928139,21,0.020402799845116882
93,4,0.49549113474088186,0.09820341013996232,21,0.02142974097472244
93,5,0.5114820018887787,0.06742157724205167,21,0.014712594342143514
94,1,0.509304663186329,0.07938784713096304,19,0.018212821209953857
94,2,0.47188598673457305,0.09761618142915367,21,0.021301597164363775
94,3,0.47730303532280505,0.09426004109966638,21,0.020569227302327128
94,4,0.5052321466489866,0.06769871003266852,21,0.014773069675027135
94,5,0.5078829862268848,0.07133583470711284,21,0.015566755348009647
95,1,0.48693780532054864,0.1329058536013018,19,0.030490693939636094
95,2,0.46468187769372576,0.09609812477501488,21,0.020970330044038896
95,3,0.4904640724303269,0.07586425638304502,21,0.016554937972230503
95,4,0.4756775241434172,0.1433401076130288,21,0.03127937586951526
95,5,0.4971127366686304,0.061500679359757254,20,0.013751969971083546
96,1,0.468621463635849,0.1161107149495002,19,0.026637624880375195
96,2,0.5008476700420983,0.09559312367026802,21,0.020860129768394194
96,3,0.4976845520390037,0.08564487882506465,21,0.018689244766722825
96,4,0.4719590613395431,0.12249241775051356,21,0.026730036971422892
96,5,0.5016995856781405,0.07455901080885524,20,0.016671901650374188
97,1,0.4836439424761663,0.10891703164758489,19,0.024987280746433884
97,2,0.47980821820837005,0.09146178122595436,21,0.019958596936353656
97,3,0.47908439913772294,0.07799022796365587,21,0.01701886300525308
97,4,0.5019361312415259,0.09962237515240575,21,0.021739384526056536
97,5,0.5437216784322572,0.12587241053522813,21,0.027467611865916185
98,1,0.4612904063123593,0.15839263883605897,19,0.03633776347826931
98,2,0.49864314406780524,0.09087705820016817,21,0.01983099991129419
98,3,0.48524584279105704,0.09713987081768415,21,0.02119765766763188
98,4,0.4726488443760314,0.11518541648251782,21,0.025135518570769143
98,5,0.493015193358185,0.06599165882501525,21,0.014400560561968236
99,1,0.526061999320539,0.15603194166520645,19,0.03579618240437202
99,2,0.4798188143049835,0.09369633965977085,21,0.020446217563390136
99,3,0.47872627583818184,0.0966616859158315,21,0.021093309167206892
99,4,0.4961908453288751,0.08388523228278,21,0.01830525841070441
99,5,0.5029037946231331,0.07268391275762684,21,0.01586093009606626
100,1,0.4485654070715102,0.15130837003711053,19,0.03471252075282223
100,2,0.49157934543900594,0.1297711748167382,21,0.028318391981954755
100,3,0.4953279903681039,0.0544206555743728,21,0.01187556064469923
100,4,0.49512655425771646,0.09147464421910986,21,0.019961403871582174
100,5,0.49813650335101384,0.13252429941943883,21,0.02891917302431289
101,1,0.4804710699543621,0.11686381129869315,19,0.026810397032000534
101,2,0.4824041380498682,0.09516626586084766,21,0.020766981757791726
101,3,0.4844497569920315,0.09948337218352123,21,0.021709051591450014
101,4,0.471995885572278,0.09015240008411579,21,0.019672866546066852
101,5,0.5017201409399371,0.07881238297548909,21,0.017198271937382274
102,1,0.48163752965067974,0.08654891181040013,18,0.020399774148483468
102,2,0.49128679757621413,0.07464499588033012,21,0.01628887351767998
102,3,0.46768126763940404,0.1103628684047278,21,0.024083152303672164
102,4,0.5080570592937578,0.10522341663177895,21,0.022961631980809635
102,5,0.49654889196672963,0.13507193525875785,21,0.02947511274225869
103,1,0.4652483043516884,0.18031483743485235,19,0.04136706075786769
103,2,0.4944640372226316,0.08624980179669658,21,0.018821249781347634
103,3,0.48805817533157136,0.10195317512583396,21,0.022248006778820145
103,4,0.4722287891177003,0.06938861019656761,21,0.015141836123502653
103,5,0.4552688464322023,0.11416203362135574,21,0.02491219812190268
104,1,0.45261686454616923,0.10455110275743604,19,0.0239856679660737
104,2,0.50447466055067,0.07947623301378211,21,0.01734313589217166
104,3,0.5016245553080138,0.07759393696258411,21,0.016932385219079693
104,4,0.5025725301818268,0.07326200975482579,21,0.015987081203146777
104,5,0.5213221520694816,0.07128738335893861,20,0.0159403435128674
105,1,0.504040239941968,0.17165822349090515,19,0.039381097317082905
105,2,0.4784358606682485,0.08677949887718836,21,0.018936839160716715
105,3,0.4564381113423985,0.06913367326313107,21,0.015086204323744896
105,4,0.4867243266988276,0.07646071546862479,21,0.01668509601549781
105,5,0.5020460962926536,0.052668772434298704,20,0.011777095545455897
106,1,0.4949617231822094,0.0950033762991174,19,0.02179526929384315
106,2,0.4921865380923567,0.09030519171532196,21,0.019706208413474376
106,3,0.49555847364546096,0.09088462850657579,21,0.0198326518875869
106,4,0.5219267228550203,0.131949643836537,21,0.028793772895399722
106,5,0.48173821658442745,0.1368514957610538,21,0.029863444680617014
107,1,0.45669762106038053,0.1285172404649634,19,0.029483877036289033
107,2,0.4814010830853624,0.08896157496926253,21,0.01941300720186354
107,3,0.4772899918364065,0.0833331270866278,21,0.018184779179611747
107,4,0.49064049084161204,0.08162729902244835,21,0.017812536978341162
107,5,0.5220601244261203,0.07949310086870096,21,0.017346816759884857
108,1,0.45148344212318653,0.12560715453125185,19,0.0288162575361802
108,2,0.4664365137410558,0.10216037291091357,21,0.02229322104234179
108,3,0.4813989548389057,0.06859713614390432,21,0.01496912232555394
108,4,0.48005582538252123,0.07609304940433653,21,0.016604864702637456
108,5,0.4924063370720788,0.13354314215675536,21,0.02914150273693237
109,1,0.4574614140164237,0.13258357303869825,19,0.030416757707854184
109,2,0.4503415713768312,0.06628535647311129,21,0.014464650643103026
109,3,0.5026030140003209,0.11123679803145732,21,0.02427385938303181
109,4,0.47714268775029633,0.09127103548960536,21,0.01991697280419607
109,5,0.49262169453020394,0.09191538646631438,20,0.020552905231684314
110,1,0.47642156817338494,0.0895198499180737,19,0.020537262064937424
110,2,0.4893085258712724,0.10676249440076076,21,0.023297486284465964
110,3,0.4750937625941902,0.0950387011905591,21,0.020739144864572706
110,4,0.4941653884092193,0.08647182940858715,21,0.01886970017838853
110,5,0.47508415737927095,0.11796586619436583,21,0.025742262440795888
111,1,0.46744625639084575,0.10383361449443444,18,0.024473817641374795
111,2,0.5020242890652399,0.10697321635251708,21,0.023343469584204638
111,3,0.4727068234052317,0.0736023154505015,21,0.016061341994092423
111,4,0.4845881386670429,0.09912673143456682,21,0.021631226199640998
111,5,0.5329492358005132,0.0989285466788811,21,0.021587978740378325
112,1,0.4732506076602368,0.17493971394442168,19,0.04013392285766564
112,2,0.4857249591473169,0.07391534874351977,21,0.016129651458868494
112,3,0.49987374481686736,0.07988855245975716,21,0.017433111371775608
112,4,0.488810027041887,0.06430660921884197,21,0.014032852591966113
112,5,0.4960837784459501,0.08486133440112777,21,0.018518261355625145
113,1,0.46861308743719177,0.1052940036054238,19,0.024156101109307878
113,2,0.5033034278319338,0.09336750564740881,21,0.020374460098974655
113,3,0.46819656914762753,0.08017563239738479,21,0.017495757350093788
113,4,0.5086875720125661,0.07132353162976209,21,0.015564070596426755
113,5,0.4876054900678703,0.05437875758928504,20,0.012159459850162393
114,1,0.4450842251019484,0.1495475164855239,19,0.034308553243046394
114,2,0.49003040309483226,0.06301971496710329,21,0.013752029243394873
114,3,0.4851762547964693,0.08911289319441358,21,0.019446027545710256
114,4,0.46550999220214434,0.1532391799112573,21,0.033439530541728234
114,5,0.53953595251186,0.11465071007435093,21,0.025018836066483297
115,1,0.49676800009985966,0.1520141878075713,19,0.03487444645461137
115,2,0.4626664302046139,0.07874737640121098,21,0.017184086339891835
115,3,0.49723145472992447,0.0569037283240663,21,0.012417411541439832
115,4,0.5065030656629937,0.1324457642316594,21,0.02890203524132638
115,5,0.5108392494687493,0.07989932505499998,21,0.017435462144781862
116,1,0.43331977534694816,0.1896763925761028,19,0.043514748800767396
116,2,0.4776947475996206,0.09574675817977492,21,0.02089365556692623
116,3,0.4851966403091093,0.0646919372065414,21,0.014116938052490764
116,4,0.5005427168912886,0.0937778555223141,21,0.020464005782935092
116,5,0.49415169674548376,0.074659750357835,21,0.01629209320863263
117,1,0.46955167628958866,0.114492501210589,19,0.026266381187903455
117,2,0.49302379463328194,0.08149280332835572,21,0.017783187611730443
117,3,0.4766202567669902,0.07826096476294335,21,0.01707794261840284
117,4,0.4802147617849539,0.10033120015798755,21,0.021894062823321108
117,5,0.5150152805643716,0.05634151564557077,20,0.012598345893886418
118,1,0.5119488881983865,0.084406385011998,19,0.019364152760888705
118,2,0.47787865740969304,0.07538385969469524,21,0.016450106820422458
118,3,0.5006538797503289,0.0788225595028046,21,0.017200492637702992
118,4,0.4963641641610802,0.10466758693041636,21,0.02284033999604779
118,5,0.5175182768657292,0.13024540017408645,21,0.028421876438931702
119,1,0.5172730289141775,0.16518150759257516,19,0.0378952367861964
119,2,0.4609555518597386,0.08324771190938075,21,0.018166140059838767
119,3,0.48943673929916315,0.10850390910948912,21,0.023677494128230593
119,4,0.48735551511568254,0.05439938164963589,21,0.011870918293726104
119,5,0.48901111615999115,0.062154952421662385,21,0.013563322585173652
120,1,0.4716160068761139,0.1236170866226177,19,0.02835970464646864
120,2,0.4711659549601017,0.06399824198767065,21,0.013965561345361994
120,3,0.47135270883993663,0.09203239827520113,21,0.020083115784972974
120,4,0.48632607282675233,0.11615022852897729,21,0.0253460578200218
120,5,0.5011615951517439,0.06612878827861826,21,0.0144304846620227
121,1,0.4951870462487557,0.14663957646149597,19,0.03364142604838245
121,2,0.4828662100631374,0.08350852927562197,21,0.018223055075236833
121,3,0.4868775409729745,0.08205472975805397,21,0.01790581001168704
121,4,0.483207361508846,0.0781064338957157,21,0.017044221218580083
121,5,0.4963720207741725,0.0829936579644276,20,0.018557946090982692
122,1,0.47262802744058385,0.09741756635596846,19,0.02234912247743865
122,2,0.482609412291693,0.10130566579466214,21,0.022106708658663713
122,3,0.4512065147202187,0.06637632375915287,21,0.014484501332343514
122,4,0.4958931483515296,0.11501932818948915,21,0.02509927513387153
122,5,0.5015278862976922,0.07322584374170435,20,0.016373796431622848
123,1,0.4829021406568393,0.15792803849584675,19,0.03623117685026301
123,2,0.47924871282105963,0.07508859778577234,21,0.01638567538959025
123,3,0.50802913365907,0.0866187739373114,21,0.018901766103428457
123,4,0.5028676395318038,0.07921217379636226,21,0.01728551344684893
123,5,0.47876312149995637,0.06305581444376976,21,0.013759906795031652
124,1,0.44726896142248856,0.15566369043982536,19,0.03571169977925248
124,2,0.48780717770125953,0.11074068823685,21,0.024165599350327187
124,3,0.4706479360516637,0.056330894628836684,21,0.012292408981010737
124,4,0.510575292133058,0.0793848780573124,21,0.017323200606308237
124,5,0.4790995668538069,0.12546293806423994,21,0.027378257647187425
125,1,0.4470909106880019,0.13358254926162677,19,0.03064593857115657
125,2,0.48160723364207036,0.09197809846707465,21,0.020071266595403398
125,3,0.49582699194214497,0.07613100783732049,21,0.01661314791179988
125,4,0.4898841073727972,0.10821799806618795,21,0.02361510322356624
125,5,0.46077023629609604,0.12459902838894713,21,0.027189737100490562
126,1,0.4537523906273342,0.10212115913368254,19,0.023428200666366198
126,2,0.48050097721594875,0.09699203024546289,21,0.021165396209870475
126,3,0.4882193343427317,0.07737988527954047,21,0.016885675312404445
126,4,0.486615771479275,0.08053327671413278,21,0.01757380173834943
126,5,0.49261208725057043,0.06860330605439319,20,0.015340165581884604
127,1,0.4848695115457499,0.10364135708891913,19,0.02377695799589533
127,2,0.5032351376998119,0.08545489045261634,21,0.018647785904917787
127,3,0.4742267449800024,0.10330310370298622,21,0.022542585344895585
127,4,0.4937491465521225,0.064054010338594,21,0.013977730997242426
127,5,0.5170736151051949,0.1296291141512853,21,0.028287391803254104
128,1,0.47919843205777957,0.09931664041970661,19,0.02278479994744569
128,2,0.5230197775957802,0.09412165588306946,21,0.0205390291723215
128,3,0.48904427287488644,0.06810795789193512,21,0.01486237487945989
128,4,0.4618053542566228,0.1002805861401993,21,0.02188301793914299
128,5,0.47287926998815005,0.11790354957293317,21,0.025728663839140218
129,1,0.47339380022634586,0.14979624593706964,18,0.03530731376612992
129,2,0.4766715360388648,0.10318531601322735,21,0.022516881963740635
129,3,0.49764937584498414,0.061596269559595525,21,0.013441407989702416
129,4,0.48915007125674625,0.07237516436774442,21,0.01579355567381236
129,5,0.5101477300182445,0.060745756653635914,20,0.013583164122219004
130,1,0.47982139149582675,0.17288803097963382,19,0.03966323450462911
130,2,0.4909969288126041,0.07448368275674053,21,0.016253672108182883
130,3,0.5240526376807032,0.0876827397096912,21,0.019133942469560485
130,4,0.4584200893009157,0.09681037643523538,21,0.0211257560986493
130,5,0.47392549634430364,0.1263012120383357,21,0.02756118402525434
131,1,0.4911005584542057,0.1480285696589797,19,0.033960082942124395
131,2,0.4906518035245013,0.09561044454600161,21,0.020863909493353816
131,3,0.4894476385715606,0.09796808274742247,21,0.021378388327607654
131,4,0.5016951364924664,0.0745913968072763,21,0.016277177241039574
131,5,0.4918728917533848,0.07777823863728736,21,0.016972603141700397
132,1,0.4732204995406108,0.1401700885516716,19,0.03215722373178336
132,2,0.4887432753553343,0.08810972106478088,21,0.01922711744003826
132,3,0.48233559927159864,0.09672326167674196,21,0.021106746099842446
132,4,0.5074302396532214,0.08497873938975738,21,0.018543881224547077
132,5,0.509347027688549,0.08097123517982502,20,0.018105718608421115
133,1,0.4692929686031265,0.09518182874996609,19,0.021836209093815603
133,2,0.4835821427324253,0.09229724027410634,21,0.020140909047219952
133,3,0.49661682646192096,0.07503538567476077,21,0.0163740635549903
133,4,0.5102304321649809,0.07751615740780346,21,0.016915412328731963
133,5,0.5012648830320845,0.07762996696949123,21,0.016940247611172153
134,1,0.4632113269439236,0.12261508467886433,19,0.02812982963520273
134,2,0.49511222732120574,0.08474452422386843,21,0.01849277128518552
134,3,0.47458453289439184,0.09950980782884747,21,0.021714820322200134
134,4,0.5113207293483117,0.08595983370757028,21,0.01875797355670273
134,5,0.4836008738146715,0.12297787915476324,21,0.026835973334849262
135,1,0.5236897032357141,0.1368842652346249,19,0.0314034041641341
135,2,0.49364490121900706,0.12847166053366565,21,0.028034814716771127
135,3,0.48264606170458635,0.09446702198264735,21,0.02061439423393042
135,4,0.47919472727070705,0.07282477993573928,21,0.015891669834477457
135,5,0.4949744650887795,0.07482365951221814,21,0.016327861118492486
136,1,0.49673242646639154,0.17078368835285432,19,0.03918046519659138
136,2,0.468137718765641,0.08689410317139554,21,0.01896184786801059
136,3,0.5076119512962374,0.07891848657500926,21,0.01722142564101601
136,4,0.4595018117602536,0.10902549782816487,21,0.02379131411799091
136,5,0.5351690403236584,0.12353091586050256,21,0.02695665583799876
137,1,0.45877184033884977,0.1252326533727294,19,0.028730341078062396
137,2,0.49160883278440615,0.08765433160356902,21,0.0191277433125769
137,3,0.4844908675040061,0.1041610673732437,21,0.022729808366918302
137,4,0.48581514283121646,0.10703069006316875,21,0.023356011376087078
137,5,0.5261527799992907,0.12724557968632522,21,0.02776726194100574
138,1,0.4702249683948796,0.16966013689705434,19,0.03892270481481769
138,2,0.4818912879455812,0.07568682881836628,21,0.0165162201033966
138,3,0.4719579987066594,0.08386220660207402,21,0.018300233795239505
138,4,0.4828865600998134,0.11482122298898459,21,0.025056045034972645
138,5,0.4836410628690439,0.07401340516222771,21,0.01615104912368304
139,1,0.48703309638180386,0.16587125123824162,19,0.038053474830849525
139,2,0.4829643007674289,0.07568764310254741,21,0.01651639779477266
139,3,0.4787366426603081,0.0909697018808174,21,0.019851216419829162
139,4,0.492930408952424,0.08794380563062887,21,0.01919091172404002
139,5,0.48725936892522,0.13674479090803274,21,0.02984015977271282
140,1,0.4874108418766275,0.09398297849411123,19,0.02156117398256775
140,2,0.4889486657500046,0.09924994407938945,21,0.02165811340304459
140,3,0.4830253688133933,0.07842946470702428,21,0.017114712320705064
140,4,0.5109337116890507,0.0878270683052767,21,0.01916543755118988
140,5,0.48220401190786727,0.13354260744097912,21,0.029141386052383804
141,1,0.4996525517524251,0.11785659999647329,19,0.027038158379680162
141,2,0.4955894397010963,0.07775681393525045,21,0.016967927888422968
141,3,0.4982667663087482,0.08509477136750078,21,0.018569201477930154
141,4,0.4782820095924758,0.07499187843957347,21,0.016364569497917727
141,5,0.5282636326554235,0.07874937071255465,20,0.017608894609860325
142,1,0.4882032197904619,0.14782377388156853,19,0.033913099568556024
142,2,0.4926647121640587,0.07695217178662328,21,0.01679234057635459
142,3,0.5215877773122687,0.08035808179968265,21,0.017535571073738047
142,4,0.45623028945337507,0.10181906725109535,21,0.022218742041330654
142,5,0.4989421007010398,0.057007967606547146,21,0.012440158417742514
143,1,0.4729195298664882,0.0955070663439562,19,0.02191082371512314
143,2,0.475053797158116,0.08904519136922766,21,0.01943125379625306
143,3,0.4718631406776988,0.08119665708860908,21,0.01771856320409161
143,4,0.5076868238653928,0.0896118044568804,21,0.019554898908820742
143,5,0.5170204973222893,0.0769939051175216,20,0.017216360569594722
144,1,0.47770518334718526,0.13471627618159943,19,0.03090603336451091
144,2,0.4640502435216406,0.08367433553549637,21,0.018259236967454545
144,3,0.48580004040484775,0.05686641157799345,21,0.012409268359841342
144,4,0.491456046522558,0.10371103651507711,21,0.022631603582508097
144,5,0.4424475498532457,0.13835889480519234,21,0.03019238611977268
145,1,0.4710826743302727,0.11309592980810898,19,0.02594598573470086
145,2,0.4938294573259423,0.08951805642546848,21,0.019534441411192253
145,3,0.4824794056616575,0.08652147148852155,21,0.01888053296833874
145,4,0.4964599537242355,0.07275583745761663,21,0.015876625352353887
145,5,0.5275173663831244,0.11942254870536946,21,0.02606013662509077
146,1,0.4583525208495846,0.14956670877342576,19,0.034312956255860054
146,2,0.48891473479947195,0.09735960556905257,21,0.021245607721487026
146,3,0.49542757336486976,0.09855103742240996,21,0.021505599466886637
146,4,0.474382768355972,0.08904679265470003,21,0.019431603225390504
146,5,0.5000625499659235,0.07378343390508758,21,0.016100865281135003
147,1,0.45200219576421463,0.15162066713512107,19,0.034784166620747965
147,2,0.480342257516122,0.09570036286657806,21,0.020883531279563574
147,3,0.514711529569789,0.06318988190027189,21,0.013789162712538853
147,4,0.49687462785517184,0.0931085999210424,21,0.020317962237596958
147,5,0.5102560359251269,0.07225476890488641,21,0.015767283229913498
148,1,0.49269635019489905,0.14614338890074077,19,0.03352759281499435
148,2,0.503393608823273,0.10686042733778604,21,0.023318857003368235
148,3,0.46129558262795956,0.08625131536514839,21,0.018821580069061917
148,4,0.48930371940267203,0.08075213900189336,21,0.017621561405036765
148,5,0.4828356464053406,0.13183414800668697,21,0.02876856963907879
149,1,0.4860025287912151,0.09942731187693926,19,0.02281018972102524
149,2,0.4786528262151298,0.09419028807971282,21,0.020554005945475275
149,3,0.5091944502741993,0.08420730859324392,21,0.01837554122366884
149,4,0.5072607314181831,0.06500226279531546,21,0.01418465664775928
149,5,0.48665703254549025,0.07730189757936289,20,0.017285229777718184
150,1,0.48041129717388553,0.16650469977770216,19,0.0381987978923991
150,2,0.49072763910795686,0.08522741139519946,21,0.018598145904935404
150,3,0.4904406581859255,0.07996224065188513,21,0.01744919145359708
150,4,0.499321533130336,0.05990715887736617,21,0.013072813820251248
150,5,0.5043205759072641,0.07386571603278062,21,0.016118820713444306
151,1,0.502569170701115,0.09496059349021123,19,0.021785454244340897
151,2,0.4759589917853514,0.07965855337785015,21,0.017382921457365644
151,3,0.49482707811605003,0.08887903194972158,21,0.019394994838285603
151,4,0.49121435007227887,0.07303940792114395,21,0.015938505500638064
151,5,0.49301726949005137,0.0781139366740149,20,0.017466807239321112
152,1,0.4674089117722186,0.14616164620427033,19,0.03353178132768208
152,2,0.4875365028877995,0.09680617931963086,21,0.021124840212937004
152,3,0.498254122931693,0.096204385231532,21,0.020993517976675577
152,4,0.49578050493846215,0.09518472569308062,21,0.02077101002343571
152,5,0.5257357203008812,0.12025947938231193,21,0.026242769871686937
153,1,0.46600117098860044,0.14291378453830864,19,0.032786670760075416
153,2,0.4749481075648428,0.0816004961980013,21,0.017806688122537963
153,3,0.48967355269785096,0.08274138987203539,21,0.01805565153306927
153,4,0.4862611183573545,0.13716555069994235,21,0.02993197708679947
153,5,0.47378701456050304,0.13002115755059837,21,0.028372942686733148
154,1,0.45422181689372304,0.13491571307945419,19,0.03095178732679313
154,2,0.5093685495231777,0.08034638444758684,21,0.01753301850224235
154,3,0.49864164359584284,0.1116919479798389,21,0.024373181244508657
154,4,0.4964766462683703,0.08671162329839247,21,0.018922027495113326
154,5,0.536553474840214,0.13498636245742154,21,0.0294564392260895
155,1,0.48383281337024586,0.12913894210015991,19,0.02962650517317617
155,2,0.4868294286300167,0.10520140240921817,21,0.022956828083607238
155,3,0.49719965297334745,0.10779412355932255,21,0.02352260622295325
155,4,0.4979727244292745,0.056180815335695536,21,0.012259658994293366
155,5,0.5031382987903504,0.15308693883937638,21,0.03340630881621511
156,1,0.4874188684508127,0.11970877699490232,19,0.027463076925032935
156,2,0.4761496889506149,0.07771653814120823,21,0.016959138989619493
156,3,0.47545505930250453,0.06360410951202182,21,0.013879554588052416
156,4,0.4841623057325248,0.11680250551019422,21,0.02548839632671246
156,5,0.48277381121884616,0.14175232530022228,21,0.03093289336306059
157,1,0.46307659032326515,0.13066409694759834,19,0.029976399691767498
157,2,0.48627003986634676,0.09310407126629561,21,0.020316974004112507
157,3,0.5052238384510521,0.10014250028873345,21,0.021852885135964673
157,4,0.5027262432465721,0.0737085390594437,21,0.016084521885929043
157,5,0.4866471266892135,0.1297780968317089,21,0.028319902489457847
158,1,0.47179438054786926,0.1245514519116349,19,0.028574062744951702
158,2,0.4897762334777499,0.08154990068931278,21,0.017795647277376536
158,3,0.5135017924756218,0.08959727633193425,21,0.019551728612045908
158,4,0.49124401239319015,0.09257815188226517,21,0.020202208985695174
158,5,0.5144592658895468,0.076665129261932,21,0.016729702762208445
159,1,0.413745655107887,0.17654056647004135,19,0.040501183614649224
159,2,0.4993662522670738,0.08667811819134583,21,0.01891471608134148
159,3,0.49221853593463555,0.09124975893229965,21,0.019912329878749333
159,4,0.5320395579099578,0.07675812047729008,21,0.01674999510903437
159,5,0.5158513318184454,0.09367096397250894,21,0.020440680134452556
160,1,0.4915419137303417,0.17224487363162191,19,0.039515684089640714
160,2,0.47973821621030877,0.09664001431373595,21,0.021088580035919565
160,3,0.4924502718679793,0.08317099999949373,21,0.018149400148707247
160,4,0.5180585942558691,0.08606974577278348,21,0.018781958335685037
160,5,0.4757217110818508,0.09291039605964138,21,0.020274710609125404
161,1,0.48997636863299704,0.10489825101650574,18,0.02472475487612662
161,2,0.4721216787204905,0.07913583842304081,21,0.017268855702732348
161,3,0.5151683637867857,0.08288058951115686,21,0.01808602738463997
161,4,0.5153375392785556,0.08261187653522944,21,0.018027389405954053
161,5,0.4962203022435107,0.1291033228455452,21,0.028172654733811073
162,1,0.4347095393687077,0.16070062464337193,19,0.03686725173601685
162,2,0.47929786892818255,0.09677966771172748,21,0.021119054905793563
162,3,0.47308545443652716,0.0834392124591352,21,0.018207928905785212
162,4,0.5042008589724912,0.08944514712108903,21,0.019518531296611998
162,5,0.5398171239859502,0.11720520290446929,21,0.025576272102494694
163,1,0.4879425247999313,0.10821799389397133,19,0.0248269104871854
163,2,0.499816015481475,0.07819344878482214,21,0.017063209424100008
163,3,0.47667778799672017,0.07050229104769119,21,0.015384861209231066
163,4,0.48281238462165227,0.1307471833191494,21,0.028531374498203317
163,5,0.5249837748468111,0.1152438836667833,21,0.025148277156367596
164,1,0.47036886700750874,0.11888940448917391,18,0.028022501375175084
164,2,0.5021077795632486,0.08152001189361949,21,0.01778912500743865
164,3,0.4923371574912237,0.07583014676323191,21,0.016547494642958134
164,4,0.5104937067136489,0.06505915856853488,21,0.014197072323354567
164,5,0.5189091986712686,0.06774954636266647,20,0.015149259111169586
165,1,0.4416030525165426,0.1603354928449318,19,0.03678348475651823
165,2,0.5040762476594116,0.08339379368958037,21,0.018198017717715845
165,3,0.4944451167141482,0.07828494249158076,21,0.017083174987758746
165,4,0.4568425539766203,0.11992723121664238,21,0.026170267377939746
165,5,0.4812116545313219,0.14015453869990901,21,0.030584227742092893
166,1,0.4936453835586672,0.22023189805902715,20,0.04924534948737887
166,2,0.49081592807499164,0.08578365663242214,21,0.018719528567055957
166,3,0.501625825665895,0.09505501920741266,21,0.020742705747783325
166,4,0.5058402840032227,0.0874368473287557,21,0.019080284352967637
166,5,0.4929979381096827,0.11497510225064843,21,0.025089624242804
167,1,0.4995933221441223,0.09604919297177515,18,0.0226390118926125
167,2,0.4971726649704676,0.0703337876127793,21,0.015348090745167074
167,3,0.4867118280299036,0.058520197471691966,21,0.012770154028466277
167,4,0.5097437622994972,0.09135047648519343,21,0.019934308250651542
167,5,0.5187002309333391,0.12940771609996946,21,0.0282390787875936
168,1,0.47093489087260115,0.1913371068533314,19,0.043895742785427114
168,2,0.4983156451605203,0.09120426056240862,21,0.01990240132046253
168,3,0.46968258420915837,0.07195558421460685,21,0.015701995778009785
168,4,0.48712181376752883,0.08201429115408548,21,0.017896985584844947
168,5,0.4709726510262949,0.1360042936230429,21,0.029678570017456853
169,1,0.5021342902402334,0.093747824646471,19,0.02150722599003888
169,2,0.49053413295420045,0.06721959703738992,21,0.014668518648012791
169,3,0.4772996923863359,0.1063025172097511,21,0.02319711103228716
169,4,0.4805008352060109,0.07122560367085361,21,0.015542700963838628
169,5,0.5250127967832325,0.05371084631604368,21,0.011720667565876676
170,1,0.5104049814992916,0.14942833508913744,19,0.03428121115553068
170,2,0.49457200202656265,0.10564121753249976,21,0.02305280361190363
170,3,0.5096792460363213,0.06772804733703439,21,0.014779471599691067
170,4,0.4890657295218547,0.08043079897171145,21,0.017551439261602096
170,5,0.502218960909819,0.09288641456528841,21,0.020269477418022992
171,1,0.5098620568235446,0.16152309837757722,19,0.03705594015133882
171,2,0.4744735166011355,0.09563525298743385,21,0.020869323139103203
171,3,0.48918075722315324,0.07945871630087122,21,0.017339313432036374
171,4,0.4746464829211205,0.08486496957503682,21,0.01851905461560622
171,5,0.5049669642426545,0.07646772592959364,21,0.016686625823500015
172,1,0.469254938576486,0.11878053174933396,19,0.02725012286080901
172,2,0.4915434310056406,0.07572885243096267,21,0.016525390407477476
172,3,0.49374311531918263,0.06890440999585204,21,0.015036174977250657
172,4,0.4892348089169511,0.09250118789582544,21,0.020185414066950142
172,5,0.4620865162464434,0.14343420883757987,21,0.031299910440205414
173,1,0.47461159312225504,0.09883798583424921,19,0.02267498905445247
173,2,0.47816479686867197,0.07966911804221584,21,0.017385226856134577
173,3,0.478174148947874,0.07341482787294148,21,0.01602042885047182
173,4,0.4743763096101807,0.07126472624115265,21,0.015551238208589896
173,5,0.5517418901995035,0.12255528954161345,21,0.026743756721032068
174,1,0.4537795263107181,0.10547994669051443,19,0.024198759378632098
174,2,0.4793189981061261,0.0872699489697157,21,0.019043864145174078
174,3,0.5299516993788644,0.07237085147872696,21,0.015792614524270148
174,4,0.49939287388212816,0.10329327055560776,21,0.02254043957622028
174,5,0.5075617989954738,0.09604612002606815,21,0.02095898167744149
175,1,0.47151599701290065,0.13070546262288096,19,0.029985889628519516
175,2,0.5024935980875878,0.07864477991857903,21,0.01716169795190626
175,3,0.5010265136260893,0.0958334642283907,21,0.020912576377925866
175,4,0.49312296846109305,0.08073233860560834,21,0.017617240604333614
175,5,0.5234275913991292,0.13326122500891313,21,0.02907998337170889
176,1,0.4626518353496902,0.12153023752687786,19,0.027880948629692367
176,2,0.49110901903990467,0.09602075820629583,21,0.02095344727463823
176,3,0.49244844412958694,0.10052334388399718,21,0.021935992021833012
176,4,0.48827164215033797,0.07672285400246141,21,0.016742299333301194
176,5,0.5037914126640816,0.12899316931180924,21,0.02814861726207717
177,1,0.48189171195812075,0.17495618719118608,19,0.04013770207966133
177,2,0.49362409565977783,0.0796701837496841,21,0.017385459412569908
177,3,0.5067507587776531,0.08797440557537811,21,0.01919758917942454
177,4,0.4920041818408417,0.07759495971658202,21,0.016932608402299345
177,5,0.440681209931684,0.134758870436902,21,0.0294067963973262
178,1,0.49782313229021546,0.11180202428892264,18,0.026351989841693433
178,2,0.4661429896294918,0.08640523467618114,21,0.018855168016382057
178,3,0.4784272817469349,0.07326789572193736,21,0.01598836562647186
178,4,0.5070879292725832,0.06870447439613787,21,0.014992545452497964
178,5,0.497084421518742,0.07875771987584854,21,0.017186343471104953
179,1,0.47838659317376914,0.12358595655566205,19,0.028352562919312572
179,2,0.520086838788825,0.09666579923236958,21,0.021094206766463702
179,3,0.48957636625064704,0.07961750266885131,21,0.017373963458255228
179,4,0.49213212165322856,0.07789423955537236,21,0.016997916617310344
179,5,0.5031300753392456,0.13062569735812496,21,0.028504864088095272
180,1,0.4942739963171319,0.10261010622101673,19,0.023540372821230844
180,2,0.469327729515227,0.10142706413449601,21,0.02213319994826041
180,3,0.4837423387434334,0.0764620338895084,21,0.016685383718521473
180,4,0.5061851244943961,0.08893429374314706,21,0.019407053950257568
180,5,0.48496021082574486,0.1303018450604081,21,0.02843419372293942
181,1,0.411692919976923,0.13679401401715513,19,0.03138269911484556
181,2,0.4876409270353181,0.08538823541824676,21,0.01863324058394405
181,3,0.51927680229033,0.09879352265786047,21,0.021558514083380022
181,4,0.5010205113184998,0.07351439824699296,21,0.016042156887427342
181,5,0.5052857444020619,0.05595878086315771,20,0.012512763794803499
182,1,0.46861264739743974,0.11454588814749439,19,0.026278628991212707
182,2,0.47401877459281266,0.09109919796846278,21,0.01987947478286895
182,3,0.500063518583836,0.07777325823952712,21,0.01697151632980862
182,4,0.4988713126862805,0.06850212795610598,21,0.01494838983925744
182,5,0.5134783704007274,0.07299578806064758,21,0.015928986866708156
183,1,0.45933965679077227,0.11564745600893313,19,0.026531345990552898
183,2,0.480954805019645,0.1036003176599432,21,0.022607442747531428
183,3,0.5100029049675984,0.08697743276356107,21,0.018980031875807178
183,4,0.4863474417641533,0.07668693027097272,21,0.016734460132406325
183,5,0.45758124436346925,0.13071776109133423,21,0.02852495404172345
184,1,0.47310574320567705,0.10472217815957627,19,0.024024915355002903
184,2,0.4589900315116315,0.08342018181734762,21,0.01820377607928449
184,3,0.5092206019878218,0.09685403176153133,21,0.021135282471851164
184,4,0.5126476948648754,0.07963303105173017,21,0.017377352029205827
184,5,0.46109564933153857,0.15064593749422608,21,0.032873638652613196
185,1,0.4971906112194826,0.1382206488853539,19,0.03170999160009871
185,2,0.4903084572606327,0.07994828684586394,21,0.01744614648348637
185,3,0.47751155284585856,0.0887738294825111,21,0.019372037777843312
185,4,0.49040998584743484,0.0762769425011784,21,0.01664499346625925
185,5,0.5234581943928323,0.13693568409705345,21,0.029881816081681337
186,1,0.48405826422826,0.12225383477879712,19,0.028046953224268145
186,2,0.495214845107988,0.07387272814203864,21,0.016120350881132693
186,3,0.5039487532973215,0.0648170400173612,21,0.014144237723930453
186,4,0.5061595338897779,0.07372831437886998,21,0.01608883721441299
186,5,0.49809730800046187,0.06512308430041513,21,0.014211022061697269
187,1,0.5198457936127646,0.15869648673812176,19,0.03640747096770607
187,2,0.45056847821249957,0.09167989957481038,21,0.020006194262262775
187,3,0.498368253188167,0.10775709544555806,21,0.023514526026088143
187,4,0.5046170722404983,0.06749097806500512,21,0.014727738843309057
187,5,0.520002997301374,0.06316211140303421,20,0.01412347746995991
188,1,0.46111468926347454,0.1707518319442259,19,0.039173156835227416
188,2,0.49016542767751947,0.0844874690675687,21,0.018436677251303508
188,3,0.49233002405275217,0.08942585749256753,21,0.0195143219545726
188,4,0.48769838156880174,0.0636165133459891,21,0.013882261326531593
188,5,0.48428853960234325,0.13530198297927473,21,0.029525313270483484
189,1,0.46219177617178314,0.164795404714651,19,0.037806658711107895
189,2,0.5012794428991011,0.10315491316854154,21,0.022510247519116126
189,3,0.4689350374849177,0.0994881767656068,21,0.02171010003721619
189,4,0.5066650461567705,0.08569124430242876,21,0.018699362543373007
189,5,0.5232260481456827,0.13143452907308606,21,0.028681365638490046
190,1,0.4988930806208116,0.11332309987019189,19,0.025998102121207033
190,2,0.47654244154245645,0.0697717598139406,21,0.015225446224650514
190,3,0.5073150505619688,0.08235193781968721,21,0.017970666127857773
190,4,0.48931942669922546,0.09482292779312519,21,0.020692059249015626
190,5,0.5100460054815331,0.10203866493412259,21,0.022266662184421568
191,1,0.42790785173329166,0.17999543719303768,19,0.04129378531699334
191,2,0.49827908583313857,0.10383832029043953,21,0.022659379179428955
191,3,0.4763792390612056,0.08109078432528899,21,0.017695459873046444
191,4,0.4822096537263554,0.0794695130112061,21,0.01734166946738714
191,5,0.4956434448449998,0.08705801110488856,20,0.01946676308164624
192,1,0.4961596911931031,0.12414832625006839,19,0.028481579375461363
192,2,0.4741776195472578,0.08397362833149227,21,0.018324548009959602
192,3,0.5018343265460475,0.07894493585353908,21,0.017227197346775053
192,4,0.5023120922768993,0.07491357926996756,21,0.016347483218319095
192,5,0.5296231112597803,0.12700209061926993,21,0.027714128270497403
193,1,0.4795908214128224,0.10241904466716935,18,0.02414040033560112
193,2,0.4898021537639701,0.09713062584649045,21,0.021195640249522696
193,3,0.5113728797723663,0.08816860550268647,21,0.01923996707784575
193,4,0.4881476944259364,0.06367015088323848,21,0.013893965996747608
193,5,0.5144261484313032,0.0825376989033539,21,0.01801120251962347
194,1,0.4628662709578119,0.14679301820221438,19,0.03367662799793574
194,2,0.49035178977830796,0.1201921614947632,21,0.026228079904290907
194,3,0.49532825994176183,0.0771655927939971,21,0.016838912858315742
194,4,0.48697492890996114,0.06934867367578902,21,0.015133121260194983
194,5,0.5257897064578083,0.15241985371426095,21,0.033260738907604614
195,1,0.4846391642632149,0.13771506501662575,19,0.03159400270582132
195,2,0.47667832728891923,0.08580812112022655,21,0.018724867155970337
195,3,0.4913475011993641,0.07937506782484054,21,0.017321059838075505
195,4,0.4782249216298674,0.05705703174907944,21,0.01245086509141215
195,5,0.5374031152113807,0.0632242669563419,21,0.013796666146930096
196,1,0.512986336741411,0.16990065294658788,19,0.038977882980829076
196,2,0.4701393311155944,0.10770743628971964,21,0.023503689509870185
196,3,0.4965216255389658,0.08811432411553123,21,0.01922812190806165
196,4,0.4850816101272254,0.09627690577216005,21,0.021009343256050205
196,5,0.4753507944493257,0.11089744661130035,21,0.024199806832076568
197,1,0.47369802609144157,0.11182786654785612,19,0.025655072071255655
197,2,0.5014603911382911,0.08834817779136915,21,0.019279152963826932
197,3,0.48652012489207874,0.08118335600984804,21,0.01771566067074651
197,4,0.4984831331208258,0.07438754546929986,21,0.01623269323214457
197,5,0.49065015142393087,0.08986475974958479,21,0.01961009827911872
198,1,0.49400219707539417,0.10152277929823296,18,0.02392914856222859
198,2,0.5034361049437828,0.09316011260498525,21,0.02032920322680736
198,3,0.5132719775471513,0.09683264552935546,21,0.02113061561338565
198,4,0.47764271064132446,0.0900783998438412,21,0.019656718369757173
198,5,0.5116877543663769,0.06958099653436638,21,0.015183818264247329
199,1,0.46601335147340406,0.19820833999692475,19,0.045472111779660304
199,2,0.4813992332783211,0.08931293161907514,21,0.01948967950870603
199,3,0.5113911509904729,0.0788785168646115,21,0.017212703535139668
199,4,0.4948547087684753,0.07933602221615091,21,0.01731253938772427
199,5,0.5081308171047014,0.09476943644440854,20,0.021191090207904346
200,1,0.44826754201108593,0.16855957205073757,18,0.03972987214365967
200,2,0.48436691804146176,0.1053917342806038,21,0.022998361903025677
200,3,0.48485994255394066,0.08696929148820023,21,0.018978255303874106
200,4,0.5068579129896771,0.07113470882818167,21,0.015522866083037426
200,5,0.4914440823899942,0.12498654377050643,21,0.02727429988948843
201,1,0.42247978965688426,0.13162692881986132,19,0.03019728847233668
201,2,0.5011337368026639,0.060054124603671453,21,0.013104884370982587
201,3,0.49439438970064553,0.0918125361531903,21,0.020035137936564962
201,4,0.5237253625169652,0.09605619352309462,21,0.020961179894709907
201,5,0.5011654721879311,0.08623836989608506,21,0.0188187551361148
202,1,0.47551365854246896,0.20713405084402722,20,0.046316581814214254
202,2,0.48205487336602654,0.07759308810208355,21,0.016932199982532155
202,3,0.49039595794163626,0.06748521828045498,21,0.01472648195527631
202,4,0.510309384995394,0.1018201186452898,21,0.02221897147435357
202,5,0.5441300584373501,0.12100837310173604,21,0.026406191879150647
203,1,0.5359955910899791,0.14844433694575274,19,0.034055466499338806
203,2,0.49110572011083353,0.08124901091475953,21,0.017729987745579944
203,3,0.5148521210583411,0.0798304072036931,21,0.017420423036670078
203,4,0.4965275833164155,0.07806871046993931,21,0.017035989292194686
203,5,0.4765068936563547,0.12851970846286917,21,0.028045299634512126
204,1,0.4775483454829342,0.17867283474712037,20,0.039952460422714754
204,2,0.4842901559593367,0.09567515105981794,21,0.02087802961228334
204,3,0.49946843784283146,0.08721713741534594,21,0.019032339719199425
204,4,0.503173811077311,0.08923674280583706,21,0.019473053746621633
204,5,0.5002471427629991,0.11840567989099385,21,0.025838237657770945
205,1,0.4651898507989309,0.14117806837481917,19,0.03238847016263748
205,2,0.4710683464156449,0.10994344503014597,21,0.023991626619755256
205,3,0.5040682707819757,0.08294671167821922,21,0.018100456424434152
205,4,0.49714762253689915,0.07385456306085177,21,0.016116386935440128
205,5,0.5097600092809056,0.0918026302799227,21,0.020032976297799564
206,1,0.46517815528619527,0.1312970501595466,19,0.03012160911739234
206,2,0.49707474891887526,0.08438538218834657,21,0.01841440006789888
206,3,0.48669667716691667,0.08957459935475282,21,0.019546780089928443
206,4,0.48377344302454683,0.08252629670131197,21,0.018008714355149835
206,5,0.49713126134079577,0.045241853452122116,21,0.009872581810688038
207,1,0.47109601166095605,0.1403939586064344,19,0.03220858304468841
207,2,0.4873176992639157,0.08788950799322322,21,0.01917906300816056
207,3,0.4987826087427113,0.07079809164457196,21,0.015449410191412934
207,4,0.5201017624213029,0.07741737483569582,21,0.01689385620425455
207,5,0.5221360700922091,0.07282987398900252,21,0.01589278144803331
208,1,0.500126692924967,0.17107144387580525,19,0.039246480841064475
208,2,0.4728250240884151,0.09179495426790736,21,0.020031301254652148
208,3,0.5246146883960431,0.07015939800687016,21,0.015310035813286495
208,4,0.49683931943618004,0.08407813032748286,21,0.018347352215050117
208,5,0.4746799661438201,0.12721739055696013,21,0.0277611105686681
209,1,0.4552728937652333,0.1584051812226096,19,0.03634064089908431
209,2,0.46367324493915313,0.08871258436464709,21,0.019358672997435773
209,3,0.5099840946981237,0.10897323638841114,21,0.023779909736867152
209,4,0.5053420103157618,0.0838691320866757,21,0.018301745059878145
209,5,0.49282307324113783,0.12890074528654624,21,0.02812844868627716
210,1,0.5207451144197467,0.12006889078636757,19,0.027545692694778846
210,2,0.49375504061715847,0.08352744910820996,21,0.0182271837211878
210,3,0.4849491502583869,0.09001245697667153,21,0.019642328456407294
210,4,0.48269033902837355,0.07269178784143576,21,0.015862648580240474
210,5,0.4831124071938297,0.1282874357489636,21,0.02799461357292426
211,1,0.4942996131667596,0.17105246895253048,19,0.03924212769511626
211,2,0.47219535722424555,0.08368383140909834,21,0.018261309136957914
211,3,0.48738584177450506,0.08951043501042157,21,0.019532778282080103
211,4,0.5247509129632407,0.08355675894330773,21,0.018233579651566002
211,5,0.5158551219221421,0.10477965876812785,21,0.022864796076028062
212,1,0.532379784087459,0.1401682667438776,19,0.032156805780411336
212,2,0.46924595254513707,0.07558728281028101,21,0.01649449738353082
212,3,0.49023746849965655,0.08422825823623141,21,0.018380112810562767
212,4,0.5220306544589273,0.09500784691167273,21,0.02073241190892937
212,5,0.47253748639829685,0.1257166367751968,21,0.027433619244648016
213,1,0.4769163284006439,0.15190144887797616,19,0.03484858237034252
213,2,0.4833313931486146,0.07718988243084922,21,0.01684421329162421
213,3,0.4882314776080463,0.0943186036549392,21,0.020582006699585594
213,4,0.5349192687556695,0.09543165790688446,21,0.02082489505016329
213,5,0.5047458635116292,0.05973436748726472,21,0.013035107647652365
214,1,0.48872063352340955,0.14759335186821504,18,0.03478808665468902
214,2,0.46996730480350635,0.0898445075101244,21,0.019605678878151123
214,3,0.48168717682101964,0.08201565256718799,21,0.017897282669539914
214,4,0.4780415907226959,0.06838261720161186,21,0.014922310454551222
214,5,0.5114872995940998,0.0617831359302339,21,0.013482185574859178
215,1,0.4684661432662606,0.15502447781731743,19,0.035565054346360495
215,2,0.4739592260387278,0.08433221139106035,21,0.018402797248692915
215,3,0.50310979513439,0.09034676398464075,21,0.019715280226377446
215,4,0.5158671775727258,0.08794326750619293,21,0.019190794295660923
215,5,0.5030859152355549,0.07551433880075961,20,0.016885519483444845
216,1,0.4783133987798186,0.11835506149060053,19,0.027152513289161583
216,2,0.4624638398469759,0.09204978891833354,21,0.02008691073442718
216,3,0.516415454609568,0.08592300282991533,21,0.018749936400285327
216,4,0.5259601083014933,0.06936613113162196,21,0.015136930789375736
216,5,0.4857040385635436,0.10047032444903418,21,0.021924422232593884
217,1,0.45622894816696724,0.15559905603830834,19,0.03569687163059517
217,2,0.502162209154856,0.09122482014219328,21,0.01990688778858728
217,3,0.48131108947939943,0.08562094528556104,21,0.01868402204022647
217,4,0.5179230759260663,0.10218509006515417,21,0.022298614767592807
217,5,0.5077569435625497,0.08877020637266052,21,0.019371247150455625
218,1,0.47604017069817767,0.12354021201897869,19,0.02834206840285879
218,2,0.45814747882767587,0.0964519274588747,21,0.02104753611927062
218,3,0.4967503157082311,0.09287345679373346,21,0.02026664980045211
218,4,0.4769360356803885,0.08223240940387634,21,0.017944582889136276
218,5,0.5335460067288528,0.14026469182704127,21,0.03060826512509859
219,1,0.47188176429354367,0.12495830630509672,19,0.028667401544206206
219,2,0.4750022269079438,0.07751238295306596,21,0.016914588675182356
219,3,0.4986152950137989,0.06974743227888193,21,0.01522013752127537
219,4,0.4833260696771478,0.061091434553214655,21,0.013331243959692709
219,5,0.5237710193823313,0.12743514521657048,21,0.02780862853107733
220,1,0.4771964379699025,0.11866279826078194,19,0.027223112946131705
220,2,0.4882744950036069,0.06242945913686672,21,0.013623224861421155
220,3,0.5066239986479345,0.08057573783784251,21,0.017583067515182415
220,4,0.5076742719844055,0.08466819266119324,21,0.018476114372620124
220,5,0.5339345627919394,0.0653112906906952,21,0.014252092063113118
221,1,0.5502806170945815,0.14722167946109913,19,0.03377496963522466
221,2,0.4714590345248945,0.08719943875123799,21,0.019028477554057795
221,3,0.5063809675728617,0.09652622483941252,21,0.021063749136901642
221,4,0.502236306525808,0.09615859306861609,21,0.020983525307494724
221,5,0.5111794467940464,0.07735499948526345,20,0.01729710372485103
222,1,0.48778415220561844,0.08990032366932345,19,0.02062454872979887
222,2,0.5002216263977652,0.0744183241453936,21,0.016239409689906
222,3,0.48037354744243155,0.0720989847708881,21,0.015733288344860145
222,4,0.5152974702194706,0.08331416562871595,21,0.018180641450270426
222,5,0.48233667573622474,0.09133731459075875,21,0.0199314360898165
223,1,0.4952457652440831,0.0962046814966429,19,0.02207086760733598
223,2,0.49196076560672386,0.09543213209520122,21,0.020824998526537346
223,3,0.4906563711136604,0.09146173715004226,21,0.019958587318201108
223,4,0.4807731505878409,0.10571070467807549,21,0.023067966950209684
223,5,0.525327341705366,0.07458280157615114,21,0.016275301607837352
224,1,0.5427011639966292,0.1452468026385751,19,0.033321901819681345
224,2,0.4762859207936504,0.09367672569596948,21,0.020441937445590235
224,3,0.5128621974613752,0.11069137904745151,21,0.0241548392030474
224,4,0.4874659919448966,0.07669003311761499,21,0.016735137229054328
224,5,0.5436831461087033,0.13241675968307814,21,0.02889570592992773
225,1,0.48829095181043813,0.1693924506106809,19,0.038861293368982246
225,2,0.4862865819368017,0.08496020409440729,21,0.01853983649150088
225,3,0.49039330668789766,0.09593720398518517,21,0.020935214248787148
225,4,0.4981165343936374,0.10295476167900629,21,0.02246657088334215
225,5,0.5091289841068791,0.09088398338106075,21,0.01983251110965807
226,1,0.4824148486972451,0.09384713316679283,19,0.021530008927108112
226,2,0.4999042471012379,0.08973518540459559,21,0.019581822838926465
226,3,0.49394615746903675,0.0963021948995037,21,0.021014861796065046
226,4,0.5091016159302091,0.10670937075811238,21,0.023285893755245583
226,5,0.5183368978387666,0.07280363373893263,20,0.016279387404925055
227,1,0.48051500210234294,0.08088480771085153,19,0.018556247519964274
227,2,0.49728297938912663,0.08767503376145648,21,0.019132260893794436
227,3,0.4928990175807792,0.079399095037635,21,0.017326303005759762
227,4,0.5122431272545769,0.06691756341141086,21,0.014602609507371316
227,5,0.5291569762055868,0.09809420424484737,21,0.02140591029468912
228,1,0.530022458780002,0.166433553954792,19,0.03818247592122434
228,2,0.48663886441780224,0.06993808826270122,21,0.015261742067825282
228,3,0.5088644069927464,0.09058938004462773,21,0.019768223391125172
228,4,0.4841129784881282,0.07661471211212054,21,0.016718700838144876
228,5,0.49776173377993904,0.13194683596352344,21,0.02879316016727465
229,1,0.5261296662760625,0.16446314545604904,20,0.036775077303316125
229,2,0.48381589470538006,0.06889628895300072,21,0.015034402820413127
229,3,0.5058302321272495,0.09991978681261668,21,0.021804285071079347
229,4,0.48120160667949674,0.07238309443630017,21,0.01579528615664202
229,5,0.48170311791332515,0.06987636283152393,20,0.01562482973117272
230,1,0.4713230289404642,0.14331537353942603,19,0.03287880159548111
230,2,0.467540047673348,0.08493738081717685,21,0.018534856044095382
230,3,0.48470574609538036,0.07102560129619957,21,0.015499056867599437
230,4,0.5158809333280285,0.07160704909649114,21,0.015625939179861423
230,5,0.49739300417623833,0.10017900859873828,21,0.021860851902350008
231,1,0.5203989574105431,0.15583938778599105,19,0.03575200751486219
231,2,0.477088893127735,0.07726159428566788,21,0.01685986210128765
231,3,0.4923808202027563,0.08515596157026153,21,0.018582554274879717
231,4,0.5108262881243832,0.07583860159958762,21,0.01654933963950997
231,5,0.5017660175981888,0.08553224097010902,21,0.018664665171653702
232,1,0.49232238170699066,0.10933413242451667,19,0.025082970227271673
232,2,0.4837560096291459,0.06525825280892204,21,0.014240518248449992
232,3,0.5127715615744862,0.09713412137902772,21,0.02119640303725823
232,4,0.4941697596912821,0.07394599156889994,21,0.016136338271573826
232,5,0.5092015786247867,0.13182615502860517,21,0.02876682542826508
233,1,0.4996137260952054,0.11728996317202268,18,0.027645509441352557
233,2,0.45471550225258717,0.10016307457804471,21,0.02185737481397128
233,3,0.47801537904260905,0.09167376071276946,21,0.020004854652739757
233,4,0.5015106780925821,0.0865485445426502,21,0.01888644079309294
233,5,0.45523693458525244,0.16654470256184123,21,0.03634303362302587
234,1,0.5135680711694515,0.13373718020072914,18,0.031522155672234285
234,2,0.4770692977337986,0.08343642791830316,21,0.01820732126915957
234,3,0.5027593421286309,0.08853913829315596,21,0.019320823961645257
234,4,0.5012198517882471,0.09646628273742774,21,0.021050668697870215
234,5,0.5142763604412417,0.10333273619578134,21,0.02254905168495577
235,1,0.5142848507592945,0.15750170780649728,19,0.036133369882294354
235,2,0.48767796945181147,0.08681549936994663,21,0.01894469511229388
235,3,0.4839897379640845,0.07670803180339675,21,0.016739064864292646
235,4,0.506854119621815,0.08712731462166565,21,0.01901273877866741
235,5,0.47640976906149773,0.15108655169038146,21,0.03296978855290625
236,1,0.4764983945903761,0.169137570190899,19,0.038802819790428746
236,2,0.490472748501738,0.08711186732129103,21,0.01900936790136982
236,3,0.4877783870136058,0.07912045213770198,21,0.017265498140007142
236,4,0.5051139431438,0.07981429618428591,21,0.017416907324005488
236,5,0.48290469682997367,0.06683818563018919,21,0.014585287855421509
237,1,0.4965388433903682,0.0820665139952109,19,0.018827349534410034
237,2,0.48188536332469006,0.08707414976690153,21,0.01900113725622608
237,3,0.4888862582538253,0.10829673275315117,21,0.023632284540843745
237,4,0.506270270472965,0.09196201297255269,21,0.020067756452725412
237,5,0.5188069039324174,0.0912291083527734,21,0.019907823552852963
238,1,0.48041721594676434,0.14666175167142192,19,0.03364651339044135
238,2,0.5029066277137163,0.09310583276277894,21,0.02031735839415876
238,3,0.48179338543701344,0.07812641136137574,21,0.01704858065898868
238,4,0.5154846639664841,0.07855368509017092,21,0.01714181943063963
238,5,0.5047189519935976,0.1281647165482053,21,0.02796783404784334
239,1,0.5130570001694081,0.10471118874306005,19,0.024022394209948027
239,2,0.49744775477778896,0.07079133114594631,21,0.015447934929665902
239,3,0.48897901984813125,0.095181272304552,21,0.020770256432276833
239,4,0.481923425601318,0.08547026490632387,21,0.018651140885769375
239,5,0.5042857110458294,0.07922446736115529,21,0.017288196122621547
240,1,0.45587449722906614,0.17019926127733287,20,0.038057711793636394
240,2,0.4989653846732353,0.09805807330572047,21,0.021398025877380607
240,3,0.4946477296214671,0.09384265938611705,21,0.020478147145373313
240,4,0.4948579329597023,0.06883947031652227,21,0.015022003977434712
240,5,0.4766160648718705,0.07480606409261537,21,0.016324021483148952
241,1,0.4887849704387446,0.10010544765959352,19,0.022965764739266755
241,2,0.5028536675315147,0.07515790071868794,21,0.01640079852939826
241,3,0.4717195616314291,0.08107681436864882,21,0.017692411378581737
241,4,0.5065072788942205,0.08106634713269738,21,0.017690127240435814
241,5,0.4542387348996424,0.14733381003826204,21,0.03215087318698002
242,1,0.44730932769094417,0.15823927945824684,19,0.036302580424062605
242,2,0.46323035308900873,0.07900342607302718,21,0.017239960959071186
242,3,0.5166504956865586,0.08078356213705148,21,0.017628418495295572
242,4,0.49688940625201256,0.06918408086958133,21,0.01509720416527632
242,5,0.4674186072814007,0.1422794570054421,21,0.031047922931650162
243,1,0.4967083063289916,0.11397859448102723,19,0.02614848289840002
243,2,0.4896200804289794,0.08154880163130239,21,0.01779540744325626
243,3,0.4905629779041177,0.08581135300212142,21,0.018725572410418927
243,4,0.5312169241193401,0.10938292319934692,21,0.023869310728407072
243,5,0.49496569416356284,0.12843516344161,21,0.028026850398342993
244,1,0.4851760867174336,0.14254799505919025,19,0.03270275289828134
244,2,0.48104457079450325,0.07916392268253905,21,0.017274984190588896
244,3,0.48876062165848844,0.07782024784454886,21,0.016981770302279486
244,4,0.5051675411797556,0.07256113266468071,21,0.015834137283220577
244,5,0.47930576689455673,0.08827968564872025,20,0.01973993781428511
245,1,0.4666129390574185,0.11700745683520211,19,0.026843351578175967
245,2,0.4785412338840069,0.09165422213827608,21,0.020000590986235592
245,3,0.5061121601646498,0.07921530086050539,21,0.01728619582818888
245,4,0.5068403178418474,0.05072666060690801,21,0.011069464856356692
245,5,0.4791490509424177,0.14608836077773812,21,0.031879093876952515
246,1,0.5170860825467958,0.1556134813705813,19,0.0357001810287849
246,2,0.4762525549507284,0.09316899691160822,21,0.020331141941454838
246,3,0.5163700837444617,0.09499152414660969,21,0.020728849989574492
246,4,0.4845759730498064,0.08144620945787695,21,0.01777301999561664
246,5,0.5213351117734556,0.12961966270546932,21,0.02828532932868846
247,1,0.5092680459536545,0.16726172471127815,19,0.03837247132309375
247,2,0.4949104046892604,0.09852151501778655,21,0.02149915715003502
247,3,0.510791306969749,0.06538851501876114,21,0.014268943793058559
247,4,0.5178821577586914,0.09210154140010102,21,0.02009820405181295
247,5,0.4836021871701397,0.11988946572276502,21,0.02616202627154211
248,1,0.43795618901952105,0.16878724700687667,19,0.03872245014007439
248,2,0.4878375500861012,0.11436456623780428,21,0.024956394362168056
248,3,0.49558011669112384,0.06762273268997247,21,0.014756490059598268
248,4,0.48569005935929177,0.14133647108554762,21,0.030842146533688542
248,5,0.5199381493535874,0.08327117557064265,21,0.01817126025049655
249,1,0.506248770583477,0.11501522827878112,18,0.027109349285214968
249,2,0.48317628357437875,0.0705816534985593,21,0.01540217951582346
249,3,0.5060226066326917,0.07806658246555088,21,0.017035524923566633
249,4,0.5249117095048758,0.07922391076551172,21,0.017288074663494492
249,5,0.49856376714977024,0.09930846205204155,21,0.021670883071577617
250,1,0.4820157096787573,0.1374955234406644,19,0.031543636414057045
250,2,0.48947781963028775,0.10042136193086011,21,0.021913737735177297
250,3,0.4847417356888677,0.07574606681247836,21,0.016529146893493548
250,4,0.5361476099506122,0.09456583111223145,21,0.020635956153724315
250,5,0.47312454863347564,0.13896650554039158,21,0.030324977652492598
251,1,0.508127740728758,0.10112409500012662,19,0.02319945846645045
251,2,0.46293982821639673,0.09810047070638149,21,0.021407277748704344
251,3,0.5162327331144928,0.078277521058679,21,0.017081555498328394
251,4,0.49068145567495336,0.07858096827036325,21,0.017147773108660128
251,5,0.4946789699548804,0.13788410682628324,21,0.030088778888705727
252,1,0.509518210606256,0.10857462075804569,19,0.02490872630092498
252,2,0.4801871853421202,0.06806943540743973,21,0.014853968584166658
252,3,0.49616312934565604,0.09315827742662203,21,0.020328802758056732
252,4,0.5123105396534217,0.09054083985450931,21,0.019757631053245878
252,5,0.49045355816767966,0.11104977561373179,21,0.02423304774560891
253,1,0.50982235008146,0.1499313254694279,19,0.03439660506275485
253,2,0.4712173251557473,0.07228411673487933,21,0.01577368745145756
253,3,0.49016219076527723,0.08315125945727432,21,0.01814509240923201
253,4,0.505125000545264,0.07673438207069837,21,0.01674481496403036
253,5,0.5002520026826189,0.10129531664332195,20,0.02265032138168337
254,1,0.49847154036378427,0.11363862193531835,19,0.026070487847330372
254,2,0.48331554946834404,0.08103106849550391,21,0.017682428810657055
254,3,0.5005627542412557,0.09156247608111634,21,0.019980570355204723
254,4,0.4826962144293561,0.07710227461908475,21,0.01682509569977278
254,5,0.4975158517948997,0.12422059399055448,21,0.027107155944480592
255,1,0.47877141495092373,0.17350099010386594,19,0.03980385697194747
255,2,0.46335624562549055,0.07401135039021539,21,0.016150600735669596
255,3,0.5135167052491992,0.10165152493114153,21,0.022182181309745086
255,4,0.5074427844616111,0.07935293320152305,21,0.017316229667273992
255,5,0.48799343199226913,0.13368170643182434,21,0.029171739940700003
256,1,0.5122832272743465,0.12727746186646585,18,0.029999585459330076
256,2,0.46876871838186124,0.11789262403556314,21,0.025726279691425633
256,3,0.5115718890986954,0.10249641492502808,21,0.02236655142169251
256,4,0.4885187823223237,0.07173948712915558,21,0.015654839527936462
256,5,0.4963272074174337,0.08949059603933807,21,0.01952844906366581
257,1,0.4985221628608814,0.21002225634866695,19,0.04818241006938067
257,2,0.47533600868221865,0.09163794269151988,21,0.019997038519710245
257,3,0.5113783550778249,0.09338093314708842,21,0.020377390219625886
257,4,0.5177714342906742,0.08261357993306666,21,0.018027761117836324
257,5,0.4958730929608639,0.12296729285089458,21,0.026833663213953647
258,1,0.47954922415374424,0.1226346191491431,19,0.02813431115003751
258,2,0.4650910653876458,0.07842818625944704,21,0.017114433340571982
258,3,0.523358226276218,0.07233541173670778,21,0.015784880938536215
258,4,0.48688971609613685,0.10144222107498868,21,0.022136507463837152
258,5,0.5121945850323357,0.11334256586678967,21,0.02473337559738485
259,1,0.5234695225702325,0.10772060583050931,19,0.024712801839587805
259,2,0.49252540610183687,0.09007320603913811,21,0.019655584988652566
259,3,0.5026766656929142,0.07675701138311637,21,0.016749753084843708
259,4,0.4961088390169034,0.09065519225664066,21,0.0197825847931824
259,5,0.5017450262211663,0.07805726021939745,20,0.017454133998796282
260,1,0.4998790493858448,0.16537465373438517,19,0.03793954755006401
260,2,0.4870305176265931,0.06626959363452925,21,0.014461210909723524
260,3,0.4932738313854247,0.08821413620563341,21,0.019249902691783793
260,4,0.4776085405516271,0.06287020963754594,21,0.013719404505799832
260,5,0.48572946754648755,0.09003343703242771,21,0.019646906679911442
261,1,0.4940362591439415,0.09717697987444399,19,0.022293928153220375
261,2,0.48212686876486316,0.09664504321275877,21,0.021089677431654533
261,3,0.49474090846453,0.08124877117769816,21,0.017729935430664197
261,4,0.5049500098643941,0.07924380075875102,21,0.01729241501585598
261,5,0.4854744487151856,0.06795721254034473,21,0.014829479546872953
262,1,0.4739715474379752,0.1519371112226029,19,0.034856763873306607
262,2,0.4940710401349466,0.0823617331270286,21,0.017972803639160026
262,3,0.4790648305811767,0.056860518596600004,21,0.012407982405874464
262,4,0.49176420171944746,0.05516290078381676,21,0.012037531828341864
262,5,0.53784730299384,0.11802002802469007,21,0.025754081521140563
263,1,0.49486681265649707,0.10515424903501758,19,0.024124039211976367
263,2,0.4855649404125459,0.09629290320029671,21,0.021012834181067388
263,3,0.5062845388759707,0.0906952970422431,21,0.019791336374884932
263,4,0.4728874009427748,0.08775747126194006,21,0.019150250231226292
263,5,0.5184873198584481,0.13062513440347312,21,0.02850474124131885
264,1,0.5215629807675025,0.1315566123891308,19,0.030181156776777476
264,2,0.48114633551449676,0.11241619137210805,21,0.02453122410958699
264,3,0.4868463704322813,0.07540585968530403,21,0.01645490761195832
264,4,0.5128607957136987,0.07915908389533884,21,0.017273928280654764
264,5,0.5232696740950831,0.08986640217949127,20,0.02009473841666777
265,1,0.451675355677904,0.16981220883147197,19,0.03895759250925323
265,2,0.49576870632781694,0.06892931345372856,21,0.015041609357288052
265,3,0.48664990440605976,0.06973464481930754,21,0.015217347068825568
265,4,0.4997455099903549,0.08806976296983149,21,0.019218397868860555
265,5,0.5075127552013631,0.07001902148983064,21,0.015279403145899454
266,1,0.5055839518414532,0.10341873458504706,19,0.023725884890793417
266,2,0.4987998558944219,0.07249745140557486,21,0.015820240893210925
266,3,0.4775107142490291,0.0777810812643161,21,0.016973223453773334
266,4,0.48727764549063857,0.05869887706849009,21,0.012809145113107781
266,5,0.45759727529392,0.12531207782441997,21,0.027345337243933412
267,1,0.5065400286881766,0.11588201445568921,18,0.027313652746391793
267,2,0.4851704042915684,0.0869583352039483,21,0.018975864446639824
267,3,0.4966471418216538,0.07681443273758956,21,0.01676228345167134
267,4,0.4900869156802169,0.07674816026358419,21,0.01674782161221317
267,5,0.4755552957505736,0.12118990095251539,21,0.026445804503766792
268,1,0.46389219896043893,0.15298988192042856,20,0.03420957758437443
268,2,0.4818799152828697,0.07062328219987798,21,0.015411263643198489
268,3,0.48859616919336524,0.05490036284822494,21,0.011980241353930105
268,4,0.47456120660403606,0.07179192928035275,21,0.015666283343530145
268,5,0.5219824085253331,0.09855632442900887,21,0.021506753186312313
269,1,0.5274183465782186,0.10830144383256606,18,0.02552689511543382
269,2,0.4788083947602652,0.07510201602387039,21,0.01638860348919869
269,3,0.4671125073740797,0.07334045826895899,21,0.016004200072393074
269,4,0.47438702671937333,0.09026913350239504,21,0.019698339866323786
269,5,0.5001795812812172,0.1354252653774401,21,0.029552215695314365
270,1,0.5427300571309787,0.19890752787831487,20,0.044477075357234656
270,2,0.509500304221206,0.06600895451616086,21,0.014404334791200204
270,3,0.4874189794490042,0.08952292669855544,21,0.019535504191910164
270,4,0.5092374926769075,0.09776597430829018,21,0.02133428465042132
270,5,0.5169253946742965,0.08742192983665771,21,0.019077029089314402
271,1,0.5261226626070715,0.15962820925759247,19,0.036621222773274176
271,2,0.46230905005694417,0.09113080077974167,21,0.01988637108167176
271,3,0.5078540768388852,0.08681312165300775,21,0.018944176251919898
271,4,0.50687668710977,0.07724652230541357,21,0.016856573125554875
271,5,0.4896814446845282,0.13505476143605966,21,0.029471365106902205
272,1,0.4976773256666264,0.18078224057716813,19,0.04147429039277547
272,2,0.45967184652986876,0.09767294968155876,21,0.021313985012635997
272,3,0.5059923711589113,0.06782924874330852,21,0.014801555557057124
272,4,0.5100892946169926,0.08639276535087521,21,0.018852446986521134
272,5,0.4931296021830853,0.06369998790136391,21,0.013900476967893875
273,1,0.46587754587655494,0.1442873899657064,19,0.03310179745725046
273,2,0.48642342710254677,0.08898176884542149,21,0.019417413866914632
273,3,0.4842115994017074,0.09099756058741498,21,0.01985729568800759
273,4,0.49783414757806194,0.07157177200520244,21,0.01561824108742674
273,5,0.49694692158141074,0.07548060476658162,21,0.016471218325900233
274,1,0.516536930357342,0.1703944515870089,19,0.039091168158305545
274,2,0.48365508987809863,0.09302299785626368,21,0.020299282335621102
274,3,0.4976474278763517,0.06940702991064995,21,0.015145855634648452
274,4,0.4827757317757408,0.06576915638251912,21,0.014352006548394376
274,5,0.5031366962562323,0.06628545019458332,20,0.014821877255426495
275,1,0.5246434550990086,0.1713174385828783,19,0.03930291589731591
275,2,0.48593992294699506,0.07785704799807183,21,0.01698980075414163
275,3,0.4603988979738822,0.09087708110474166,21,0.019831004909481892
275,4,0.4924143125360829,0.07415385674052263,21,0.01618169817077887
275,5,0.4940400560842521,0.1307247355703931,21,0.028526475997829173
276,1,0.5282790424006975,0.19015223616774615,19,0.04362391480755186
276,2,0.48731667275374174,0.08460933333333519,21,0.01846327021427423
276,3,0.47168149357217487,0.07427509855860105,21,0.01620815530452832
276,4,0.495847315837905,0.0629996458813965,21,0.013747649809852972
276,5,0.5437255190197141,0.12453839775952921,21,0.027176506412455306
277,1,0.5203131777830664,0.09237021045682688,19,0.021191179619731174
277,2,0.5042722780282128,0.06421045530384213,21,0.014011870087496917
277,3,0.458169778444718,0.0801679491081951,21,0.017494080718936742
277,4,0.4979667173327037,0.08460130787557206,21,0.01846151891581298
277,5,0.5000568095619017,0.14757052431918494,21,0.03220252847795174
278,1,0.5391392300265464,0.1498361452253932,18,0.03531671811857596
278,2,0.4978806709227467,0.08942311484186193,21,0.019513723459121966
278,3,0.5019869311402841,0.08159405719441948,21,0.017805283016761115
278,4,0.48523643597153193,0.08414633085255009,21,0.018362234789743276
278,5,0.48563237773370405,0.05751405219195596,20,0.012860533036268431
279,1,0.4931687959119004,0.11070938178406887,19,0.025398474068348362
279,2,0.4874423964030585,0.08323417667578176,21,0.018163186429718942
279,3,0.5056532641136328,0.07508841503533861,21,0.01638563551017616
279,4,0.5161339231854803,0.0927595172437358,21,0.020241786152237182
279,5,0.4669250034253539,0.13516790914172658,21,0.029496055960517884
280,1,0.45415872638900406,0.15950192140585057,19,0.03659225035308787
280,2,0.4693446762278749,0.0764115535594968,21,0.016674368007407927
280,3,0.48129886761960305,0.09245630976372503,21,0.02017562085564546
280,4,0.5390166756876378,0.10034514692797922,21,0.021897106258044297
280,5,0.5225317350120444,0.09171400839775234,21,0.020013637417643605
281,1,0.492176752360256,0.11041941670052735,18,0.02602610610786867
281,2,0.48664833640920274,0.09020953170219417,21,0.019685333687229682
281,3,0.45920101466973645,0.08330559922421743,21,0.01817877210755385
281,4,0.5074710378170463,0.06951500788925986,21,0.015169418361332654
281,5,0.5165040854267828,0.07116823272466967,20,0.015913700621088645
282,1,0.45138377630092935,0.15666788519379735,19,0.03594207785568393
282,2,0.46671874632674554,0.09092721449405186,21,0.019841944911927544
282,3,0.49826476068294656,0.05826603990912972,21,0.012714692301376422
282,4,0.5155430046094931,0.06739095930390555,21,0.014705912960277892
282,5,0.5125715722183052,0.06395444951805403,21,0.01395600504503403
283,1,0.5165594466334836,0.16539908411513596,19,0.037945152263792685
283,2,0.46940039583569293,0.06949189678349801,21,0.015164375104592282
283,3,0.49368066036052627,0.07615332604334413,21,0.01661801814363221
283,4,0.5232647210288519,0.07004702649169638,21,0.015285514338322651
283,5,0.45693554572932366,0.15550205681000748,21,0.03393333076443726
284,1,0.4697664582319568,0.16490544725674658,19,0.03783190420165973
284,2,0.4999663681151501,0.07752300982889344,21,0.01691690764960523
284,3,0.48205425610887,0.07944504610896352,21,0.017336330351599157
284,4,0.5069797763440613,0.07430998425962189,21,0.016215767988604492
284,5,0.4627047071345832,0.1431886761870503,21,0.0312463308232228
285,1,0.4632647286463463,0.14863000729306738,19,0.034098062198326
285,2,0.47656397749444385,0.06859076660553355,21,0.014967732378328893
285,3,0.48404312242781866,0.10687165641438656,21,0.023321307388773298
285,4,0.4902628569641893,0.0749872818667757,21,0.01636356644349948
285,5,0.5053458290996969,0.055352833219422,20,0.012377269782583612
286,1,0.4747857637314869,0.15715989278065165,19,0.036054952137292
286,2,0.49856961308500863,0.06873076280683053,21,0.014998282054016973
286,3,0.4626608659185488,0.08268594615418505,21,0.01804355272193313
286,4,0.502661026211186,0.08184942885647821,21,0.01786100968208163
286,5,0.4747883562635054,0.08330488942066054,21,0.018178617215719187
287,1,0.4750720788468511,0.1255387278338242,19,0.028800559375173493
287,2,0.46085488229113364,0.0832489128678475,21,0.01816640213046164
287,3,0.49851291027966593,0.09963134333765902,21,0.021741341544521748
287,4,0.4916934922593257,0.13422052142184743,21,0.029289319011050367
287,5,0.5579549517155099,0.13871334827110546,21,0.030269734207291076
288,1,0.5023437746458139,0.18471553987922446,19,0.04237665113868929
288,2,0.47602570467816013,0.06426333721102491,21,0.014023409865714
288,3,0.4832197440202252,0.09391774261187762,21,0.020494531648490896
288,4,0.4672884069192745,0.057515041221261866,21,0.012550810952139899
288,5,0.48869409613198384,0.08714879533637916,21,0.019017426254912952
289,1,0.4474463713765316,0.14598633563365254,19,0.03349156232446854
289,2,0.47299627522031834,0.08524321914302019,21,0.018601595438314224
289,3,0.5061181967790334,0.08377448333122528,21,0.018281091008150292
289,4,0.497535133101231,0.0716272870799543,21,0.015630355469915383
289,5,0.48508670428139555,0.07073651420659732,21,0.015435972892811971
290,1,0.4373460224693498,0.1647597673607556,19,0.03779848294141077
290,2,0.4863233277452629,0.056072117946326085,21,0.012235939279311004
290,3,0.48711202007142196,0.08351315498878491,21,0.018224064488604086
290,4,0.5103162087408212,0.06333077306644037,21,0.013819907685573028
290,5,0.5186927444849536,0.10090453148648716,20,0.02256293916415532
291,1,0.4913200526191696,0.16882937097400513,19,0.0387321140409067
291,2,0.4689691765786867,0.09086138722531223,21,0.019827580224223186
291,3,0.49358060444252044,0.07112025815243926,21,0.015519712687064433
291,4,0.46757809617638835,0.09905416560689517,21,0.021615391037823263
291,5,0.5356856956148741,0.09913888998018944,21,0.021633879411815105
292,1,0.520524705225254,0.09499252178169547,19,0.021792779096762988
292,2,0.44725053033382567,0.10972318811014085,21,0.023943562619361862
292,3,0.48495912168026745,0.07533451422693764,21,0.016439338756555684
292,4,0.4810548046653908,0.07306849984095358,21,0.015944853878001836
292,5,0.5210558267799721,0.04565249376792729,21,0.009962190874048883
293,1,0.46752834614711175,0.1503838902244361,19,0.034500430538149
293,2,0.4965963687687469,0.08491993481394798,21,0.01853104901407773
293,3,0.4667861081114594,0.07187591314225919,21,0.01568461012468924
293,4,0.5167459833800273,0.07504319905814054,21,0.01637576857502704
293,5,0.5028744606863694,0.060028208795637174,20,0.01342271554345955
294,1,0.47355636812095475,0.11775945590245768,19,0.02701587199606038
294,2,0.45722910385460674,0.08388561894342043,21,0.018305342786973603
294,3,0.4827887844320312,0.08404806100466475,21,0.018340790550863923
294,4,0.49962495397009105,0.08964816820018671,21,0.019562834128166128
294,5,0.5497291414331441,0.07628390512393905,21,0.01664651283510859
295,1,0.4582996987809379,0.12939646117818313,19,0.029685584101446533
295,2,0.47160731779739334,0.07690178411382761,21,0.016781345084703216
295,3,0.5076308986502802,0.07637937039060821,21,0.01666734506419195
295,4,0.48945008531446615,0.08708521077225483,21,0.019003550965478167
295,5,0.5050028672334892,0.0503324616088972,21,0.010983443582677629
296,1,0.5005102302802706,0.12866649576409642,19,0.029518118550273705
296,2,0.4624861134463229,0.08989033349476389,21,0.019615678927837134
296,3,0.5084914980491567,0.07483861806073346,21,0.01633112534139049
296,4,0.4920336477488454,0.09699411082269287,21,0.021165850229044072
296,5,0.4857247378299828,0.06628667996868132,20,0.014822152241274505
297,1,0.4937786211852167,0.11554834789981208,19,0.02650860903096637
297,2,0.48641051361855514,0.08643322684153117,21,0.01886127640764788
297,3,0.48148017414453176,0.0717505787371754,21,0.01565725991523787
297,4,0.48288357579465147,0.09096199727727593,21,0.019849535137499236
297,5,0.5115441432695464,0.06990667845328183,21,0.015254887885481069
298,1,0.501683926135183,0.1043640059075532,19,0.023942745004952956
298,2,0.483521995912205,0.08050374245783323,21,0.017567356835250052
298,3,0.5102693501866071,0.08952428579340856,21,0.019535800770721642
298,4,0.5019317504353656,0.07847876773496625,21,0.017125471123444806
298,5,0.49771854074951805,0.1374745166334593,21,0.029999398980966333
299,1,0.47222465738931657,0.2031762141375134,19,0.04661182027140004
299,2,0.4699262767838028,0.09352571070204369,21,0.020408983272221747
299,3,0.4922679141343102,0.10046025389439707,21,0.021922224657407466
299,4,0.49581885416691474,0.10368136991633878,21,0.02262512979992094
299,5,0.5315544575992414,0.1384919686245558,21,0.030221425207879817
300,1,0.48673955016283044,0.12907719679560692,19,0.02961233982881908
300,2,0.4704114269768024,0.10132533968620624,21,0.0221110018537692
300,3,0.4826786793724808,0.08169536307695409,21,0.017827389772716314
300,4,0.4667200904272795,0.12869820674656557,21,0.0280842511533911
300,5,0.5383254374892761,0.10011153180618973,20,0.02238561904502725
301,1,0.46860238719515795,0.11480775539150197,19,0.026338705457173366
301,2,0.48801687658286386,0.09119295001218818,21,0.01989993315605602
301,3,0.48163118930277804,0.08065203477972882,21,0.017599716872872304
301,4,0.5043917376729736,0.07241658647224536,21,0.01580259471806569
301,5,0.5308723118200273,0.08558851603933608,21,0.018676945398533314
302,1,0.4768817333761021,0.1518021317514878,19,0.03482579745888328
302,2,0.4848361570230256,0.10893196706322825,21,0.02377090403179428
302,3,0.49710912903611226,0.0957163833952874,21,0.02088702724553899
302,4,0.4940322939356821,0.08106510325658266,21,0.017689855804414345
302,5,0.5256618275388315,0.095249408629851,21,0.02078512499743201
303,1,0.47706961297210415,0.15711538572623898,19,0.0360447415187415
303,2,0.470595175629573,0.1171577733241168,21,0.025565922119535397
303,3,0.4651283553606249,0.060564561945277075,21,0.013216270930765434
303,4,0.47143454215299696,0.08423394088529024,21,0.018381352866251338
303,5,0.4966380278290599,0.06603728040079516,21,0.014410516005984171
304,1,0.481638506333677,0.1544154100932299,19,0.03542532462746208
304,2,0.4627433862442796,0.06681801339618602,21,0.014580885913075992
304,3,0.4797309449618526,0.06747251073553324,21,0.014723708941633412
304,4,0.49747472054764263,0.06895237011161134,21,0.015046640732527126
304,5,0.45229818017613105,0.12406206543036323,21,0.027072562176533508
305,1,0.5005170094181558,0.1534983505212688,19,0.03521493673275761
305,2,0.48500120557173576,0.08441651525358577,21,0.018421193859711957
305,3,0.45665069057123764,0.0718671810753966,21,0.015682704631481085
305,4,0.5067681661548479,0.05203048962710479,21,0.011353983674372493
305,5,0.5204035028953808,0.0833445639167029,21,0.018187274900541728
306,1,0.44440670256436354,0.15336876535749558,19,0.035185207857311836
306,2,0.5009364882444642,0.07722846376579062,21,0.016852632429137614
306,3,0.45308640599527084,0.05926197881680252,21,0.012932023988612719
306,4,0.5086457073372971,0.08856316895901993,21,0.01932606788285106
306,5,0.5510539346858823,0.0982800290070656,21,0.02144646058225399
307,1,0.45984805902031384,0.15628133810980963,19,0.035853397872735365
307,2,0.4925697445446855,0.07680777740756464,21,0.01676083113959448
307,3,0.4799224962668573,0.0899270616739361,21,0.019623693673608306
307,4,0.4882258446207328,0.07290191476454332,21,0.015908502034082787
307,5,0.5165750910853523,0.07997524787346369,20,0.01788300907624603
308,1,0.455817965440846,0.1669838200279365,19,0.038308715616218854
308,2,0.4640155578571596,0.087939972978407,21,0.019190075370758154
308,3,0.4993617659048367,0.08815676190253845,21,0.01923738259240865
308,4,0.4652006888807336,0.07426891256876274,21,0.01620680541087678
308,5,0.5013625817015788,0.06067061729763945,21,0.013239414106006186
309,1,0.48984422368393005,0.09526321944316,19,0.02185488139942492
309,2,0.4845033339519779,0.10477561541859988,21,0.02286391374482458
309,3,0.4804000633299399,0.08593549746179131,21,0.018752662952492578
309,4,0.49011399477318857,0.06852719644552194,21,0.014953860232129194
309,5,0.4667499832207934,0.12283740146437006,21,0.026805318589626436
310,1,0.4989939320286634,0.1205273909029817,19,0.027650879835511614
310,2,0.4650650632886404,0.11151261451554581,21,0.024334047474281906
310,3,0.474993160283271,0.07711586974639777,21,0.016828062399772515
310,4,0.5074757776751563,0.06168333339396724,21,0.013460406875954867
310,5,0.49468618430346833,0.1347196861623337,21,0.02939824568759948
311,1,0.5223359167851973,0.12946116848777625,19,0.02970042897636363
311,2,0.48545537682529355,0.08986968542577403,21,0.019611173149784722
311,3,0.4684364579027164,0.05673043393996756,21,0.012379595606552059
311,4,0.49097829761151424,0.06705441142359066,21,0.01463247219187218
311,5,0.4789055391884657,0.12305686973521178,21,0.026853210492663256
312,1,0.49997453566811983,0.1332196890340256,19,0.03056269272574901
312,2,0.46309651154521536,0.10226018498641191,21,0.02231500182287711
312,3,0.4800336388680343,0.05900329724532939,21,0.012875575041842922
312,4,0.49996485606266716,0.09562526669962809,21,0.020867143952446942
312,5,0.5028678365237685,0.13063147244156398,21,0.028506124314619272
313,1,0.4914490867751042,0.09955025436605101,19,0.022838394662388687
313,2,0.48808534602621495,0.10146671013537231,21,0.022141851414927933
313,3,0.471571293869273,0.08130124075084781,21,0.0177413852302185
313,4,0.48910669930926226,0.08893851680360221,21,0.01940797549760043
313,5,0.514253387490212,0.1460420755093462,21,0.03186899360333502
314,1,0.4856543172131733,0.1348818491270064,19,0.03094401840329056
314,2,0.4738959114484409,0.11043496936334105,21,0.02409888602274474
314,3,0.48896469924925184,0.07797639304617153,21,0.017015843978748058
314,4,0.5082452415397031,0.05567664787460856,21,0.01214964063460933
314,5,0.5366404551986298,0.1298042168822549,21,0.028325602351780853
315,1,0.46051420971327556,0.12354682157169668,18,0.029120265109130388
315,2,0.46376545988365836,0.0818256839757682,21,0.017855828124309185
315,3,0.4865743093652377,0.08010349632589316,21,0.01748001596876297
315,4,0.49393791786009766,0.08518870683385882,21,0.018589699877217137
315,5,0.48907704925030737,0.1290458512729442,21,0.028160113408489538
316,1,0.4332745279889706,0.18255387504770118,19,0.041880731214983195
316,2,0.4774585870569565,0.09753190540697387,21,0.021283206628606218
316,3,0.46783549934727875,0.09035800990117411,21,0.019717734286557126
316,4,0.4986474541793503,0.0609144037367224,21,0.013292612668411013
316,5,0.5038058983160097,0.05626099195171816,21,0.012277154966288084
317,1,0.46884234332207564,0.12856256341247277,19,0.02949427483355307
317,2,0.4684505437888139,0.07888607607744236,21,0.01721435309061546
317,3,0.48163701375721407,0.07142364303791852,21,0.015585916696703207
317,4,0.48040072421591873,0.11179554017187178,21,0.024395786914098994
317,5,0.5287217810081698,0.13118567096159922,21,0.028627060346433274
318,1,0.49278514349816527,0.10320352800718957,19,0.02367651311580047
318,2,0.4691425567164096,0.0780593303206186,21,0.01703394237579982
318,3,0.4927095953213437,0.09802086496063873,21,0.021389906350817695
318,4,0.5021197993506539,0.09848829329305281,21,0.021491907575353623
318,5,0.5072025422998907,0.0696431964640162,21,0.015197391401668342
319,1,0.46518305432715085,0.1525408778135677,19,0.03499527742885933
319,2,0.5022851672312447,0.09386410302170974,21,0.020482826530291338
319,3,0.48859376001677834,0.07323490636135041,21,0.015981166757804345
319,4,0.48528250587876315,0.08183793586531568,21,0.01785850170579764
319,5,0.49575713819390255,0.07139205444558651,21,0.015579023500728989
320,1,0.4897017008841363,0.1651356009758522,19,0.03788470508603138
320,2,0.4503452668549673,0.08351904475602605,21,0.018225349741185427
320,3,0.48730794594225685,0.06988564306584018,21,0.015250297587613254
320,4,0.4950432515914544,0.07569287511700358,21,0.016517539513928967
320,5,0.4786613841642736,0.06060328547283009,21,0.013224721097250548
321,1,0.5095599936914175,0.0741748290249698,19,0.01701687283548689
321,2,0.4826041278885327,0.08686340361026791,21,0.018955148674550146
321,3,0.473705758404494,0.06525417055053206,21,0.014239627426636732
321,4,0.5008167120794313,0.07495243374631527,21,0.016355961960173918
321,5,0.5215676781214788,0.13667763595653418,21,0.029825505360877903
322,1,0.44827199777525956,0.16111970833454106,18,0.037976279448717565
322,2,0.4666294158496667,0.07487088973133668,21,0.016338167597263916
322,3,0.47607388582046106,0.08301583902318167,21,0.018115541247809473
322,4,0.5028709133669584,0.08447938577136885,21,0.018434913331460624
322,5,0.5089734723071476,0.08215382598945953,21,0.017927434582234697
323,1,0.4742538496245084,0.23738952965039212,20,0.053081912544497865
323,2,0.470282642627142,0.07947375826365953,21,0.01734259585742105
323,3,0.4844588076540581,0.06753497198664887,21,0.014737339104073365
323,4,0.49482048106695264,0.07903716166161315,21,0.017247322668038283
323,5,0.5047925616800768,0.0990746866815622,21,0.021619869103442477
324,1,0.48602673179723443,0.12133192055477207,18,0.02859820793288893
324,2,0.49118018498615756,0.09401493357203852,21,0.020515740454767218
324,3,0.4952062025095261,0.07280333579536549,21,0.015886990339407162
324,4,0.48902219053720275,0.0894720324292166,21,0.01952439815182994
324,5,0.5274700163391509,0.10446722089228536,20,0.023359580733563628
325,1,0.44619966491954816,0.1856512073733582,20,0.04151287197917391
325,2,0.4917368939412352,0.08057103272795986,21,0.017582040776030494
325,3,0.5081493568204092,0.09139892948626252,21,0.01994488156232044
325,4,0.4862671921949505,0.07328593304966102,21,0.015992301694073216
325,5,0.47735137803228805,0.12527827851056242,21,0.027337961628971993
326,1,0.49035413496551494,0.08783895089310302,18,0.020703839276275098
326,2,0.4769241540570763,0.07054216032905965,21,0.015393561399696516
326,3,0.47705366104302077,0.08748879053425053,21,0.019091619289682813
326,4,0.5087265716809736,0.07442142199849858,21,0.016240085696874833
326,5,0.49003292107909857,0.138122358533695,21,0.030140769673642244
327,1,0.47601547911134123,0.08280930044849985,18,0.01951833929748282
327,2,0.490278068004232,0.10379082521260745,21,0.022649014903747842
327,3,0.48440201012127315,0.09798607854311968,21,0.02138231533217782
327,4,0.499655958096428,0.06045238963827854,21,0.013191792926589311
327,5,0.5083074716295152,0.07049760044842027,20,0.015763742685328735
328,1,0.5071541607763816,0.16820878822383276,19,0.038589742593848494
328,2,0.4652923236100414,0.06883871719301272,21,0.015021839632411374
328,3,0.48839806358897053,0.08003243345114477,21,0.017464508778161275
328,4,0.5007792760203744,0.07442387086264163,21,0.016240620082841602
328,5,0.4778685923923127,0.08108143844715375,21,0.017693420435237372
329,1,0.43476105712924096,0.163635342989144,20,0.03658997504452196
329,2,0.4871812318691664,0.10632661903965661,21,0.023202370482759964
329,3,0.4787753219739526,0.08526035744380771,21,0.018605335322154307
329,4,0.4858566339818059,0.0811676780598058,21,0.017712239461565072
329,5,0.4808803261544244,0.1360780259595072,21,0.029694659732362263
330,1,0.46145779588443214,0.09475665136108204,19,0.021738666711119597
330,2,0.4762456434172674,0.0854358372813114,21,0.01864362816207332
330,3,0.49294294029475516,0.08608233088099314,21,0.01878470463144694
330,4,0.4780862240850246,0.0848170609403235,21,0.01850860009441499
330,5,0.5249554776607838,0.11732658319034943,21,0.0256027594523957
331,1,0.4783174715165023,0.1262663941880492,19,0.02896749748584094
331,2,0.4579061656144317,0.09461082368529736,21,0.020645774338095047
331,3,0.4933393522135652,0.07495310604542574,21,0.016356108667867412
331,4,0.4852701960749123,0.06456873074728998,21,0.014090052198889473
331,5,0.5111533204734167,0.08178739161972469,20,0.018288216736410103
332,1,0.4771390154635101,0.10303020243773608,19,0.023636749503085763
332,2,0.47101537864089416,0.06579013078213969,21,0.014356583537628543
332,3,0.48922332113102807,0.08484854601833189,21,0.018515470701711896
332,4,0.4847445335967653,0.09101369789825652,21,0.01986081713793351
332,5,0.5276509991211904,0.07000570032452988,21,0.015276496229312039
333,1,0.46529649037165877,0.14138231030351586,19,0.03243532647459658
333,2,0.47846452097793946,0.09129098754329025,21,0.01992132669925706
333,3,0.48301087095489414,0.08310681213229024,21,0.01813539320774735
333,4,0.48856957880810403,0.07922840782422853,21,0.017289056002159943
333,5,0.5185586555910886,0.07683272884331295,21,0.016766275989261833
334,1,0.4724671884538508,0.14151379214184023,19,0.03246549047702641
334,2,0.4873503504772536,0.09983962372955603,21,0.021786792052219037
334,3,0.5013578596675959,0.08199660339292938,21,0.017893125798922466
334,4,0.4938730076737836,0.06683584115336397,21,0.014584776248635
334,5,0.5197204139950348,0.13385589563230804,21,0.02920975114053145
335,1,0.4620496399402468,0.1155470639549956,19,0.026508314473824048
335,2,0.47710346899677575,0.10182589061355071,21,0.022220231021089977
335,3,0.4901738046328975,0.07012348008100835,21,0.01530219787928328
335,4,0.48913200024757486,0.07162180926504028,21,0.015629160112701743
335,5,0.45588104769300297,0.12256491815332536,21,0.026745857856365744
336,1,0.4661922328833042,0.15547805498064296,19,0.03566911208415175
336,2,0.46924444374416474,0.10653957750432354,21,0.023248841829627477
336,3,0.48725545323973146,0.10581973747561735,21,0.023091759857255797
336,4,0.5161097924766809,0.08581496202514353,21,0.018726359963808628
336,5,0.45217233793118006,0.1326829637602596,21,0.028953796422022483
337,1,0.45942808866073487,0.15948900320810344,19,0.036589286715271424
337,2,0.46965057054073966,0.07903322008829151,21,0.017246462546223827
337,3,0.49569686578352207,0.10243997906610813,21,0.022354236107625342
337,4,0.5061293523115985,0.06787902970483663,21,0.014812418653455705
337,5,0.4785991867817971,0.12842125549415634,21,0.028023815435392143
338,1,0.44926241299500763,0.15830031991019491,19,0.036316584064142066
338,2,0.4927335409791631,0.08632319239819418,21,0.01883726492356959
338,3,0.5078884154831008,0.0869046086641353,21,0.01896414035447215
338,4,0.5041090790114955,0.05785019813179348,21,0.012623948186054121
338,5,0.5013131196776685,0.09965075315490292,21,0.021745577113890576
339,1,0.45541988726573107,0.15515125788875472,19,0.03559413968948945
339,2,0.4914566808850144,0.09107872760916742,21,0.019875007784251147
339,3,0.5005432542660283,0.08473873456717004,21,0.018491507878515608
339,4,0.519416337432006,0.05982686210908451,21,0.013055291628884054
339,5,0.4823139254174844,0.07065607898534353,21,0.015418420488529302
340,1,0.46130700121376284,0.158644528302684,19,0.03639555088510935
340,2,0.47757491452050166,0.10664574928583995,21,0.023272010411792585
340,3,0.48496688073341027,0.08307965226419746,21,0.018129466438633057
340,4,0.48952812576769233,0.08729619510895954,21,0.01904959152230671
340,5,0.515959062620348,0.0858410058999578,21,0.018732043203224167
341,1,0.46555005748610456,0.14537201644721437,19,0.03335062783748106
341,2,0.45764644214791195,0.07873444529778226,21,0.017181264541783196
341,3,0.5009456298804935,0.07109374082021278,21,0.015513926130771283
341,4,0.4784793626541412,0.09317337911503974,21,0.02033209821664225
341,5,0.5185623895543409,0.08699795125926842,21,0.018984509378651253
342,1,0.5135308344012949,0.15408416323211577,19,0.03534933138572727
342,2,0.490724777525873,0.10085028476059657,21,0.02200733637015644
342,3,0.47601426712565004,0.07518667095823972,21,0.01640707671037483
342,4,0.5137649467570818,0.08305711044333879,21,0.018124547410043202
342,5,0.5144611863504992,0.06974058234962062,21,0.0152186427441637
343,1,0.48750588201359585,0.10874781020322327,19,0.024948458684589028
343,2,0.47027041836557537,0.09485044672134219,21,0.02069806437147269
343,3,0.5007782644647862,0.07592603227626069,21,0.01656841857731547
343,4,0.5152841890154948,0.05929266079496697,21,0.012938719345156032
343,5,0.5022360521455722,0.08081403733479457,21,0.017635068728651594
344,1,0.44039627551035454,0.14871485524728487,19,0.034117527654010216
344,2,0.46726668961933593,0.08820925481077933,21,0.01924883748409733
344,3,0.48922557151493234,0.07686217088383301,21,0.016772700769228363
344,4,0.5027934828355034,0.08446149922445172,21,0.01843101016692876
344,5,0.5027640625726361,0.07094254745508485,21,0.015480933033615387
345,1,0.4588351531789203,0.1555353238083023,19,0.03568225045427712
345,2,0.4713356555306171,0.08513948201016544,21,0.018578958140043532
345,3,0.4844433938350967,0.06930407549958233,21,0.015123389140274786
345,4,0.48006477498403377,0.07363203157238157,21,0.016067826583515087
345,5,0.4968290617654201,0.06488894778845927,21,0.014159929286031046
346,1,0.47341023752174827,0.12507429076333845,18,0.029480293050284864
346,2,0.507108050910365,0.08964800118083446,21,0.01956279768155545
346,3,0.46059908162913227,0.07329149098861862,21,0.015993514535786603
346,4,0.5029972400798634,0.06586770600711417,21,0.014373511839557056
346,5,0.48620796956693013,0.12203823206638018,21,0.026630925529655916
347,1,0.503150223097717,0.10826016847939082,19,0.024836586000650102
347,2,0.4940229185214063,0.08645442965438822,21,0.018865903240736615
347,3,0.48920819185324516,0.07576119641297456,21,0.016532448442993942
347,4,0.4822284519853553,0.08613482998277151,21,0.0187961608746763
347,5,0.4601599074926594,0.08088647356742475,21,0.017650875610512793
348,1,0.5039305064964158,0.16613881057336316,19,0.03811485715207035
348,2,0.48907292589900175,0.08175443761287171,21,0.017840280893310925
348,3,0.47814488972676844,0.06553973690200923,21,0.01430194311337847
348,4,0.4965870375726526,0.05290435257755811,21,0.011544676203775816
348,5,0.5185111801282235,0.05185485602711419,21,0.011315657280727993
349,1,0.48287098302611436,0.10806556619454642,19,0.024791941174659635
349,2,0.4852922494377918,0.09267973895075891,21,0.020224377101457136
349,3,0.46623643918217716,0.09306230992138079,21,0.02030786093153178
349,4,0.5155171297908454,0.07392846963587563,21,0.016132514672316405
349,5,0.49588897615879995,0.07641114090271565,21,0.016674277958315754
350,1,0.4997350788929648,0.15947937647412055,19,0.036587078191029965
350,2,0.49028366847567706,0.06260355119714028,21,0.013661214863520888
350,3,0.5047861499546354,0.09576115423910583,21,0.020896797044621135
350,4,0.47852433299086183,0.07931512993888151,21,0.01730798031905632
350,5,0.5076421422026265,0.09595225819246012,21,0.020938499346137864
351,1,0.5245509214833322,0.09996072198630435,19,0.022932562392719208
351,2,0.46796305905109664,0.07460622286117087,21,0.01628041255124097
351,3,0.4822153603165538,0.08948323540142081,21,0.019526842840788716
351,4,0.4912917442242333,0.06580527891816072,21,0.01435988913191206
351,5,0.4776027203720389,0.08735453233319806,21,0.019062321748302264
352,1,0.47404587320809466,0.12290578102295392,19,0.028196519950315534
352,2,0.4943461072661031,0.08922993711150382,21,0.019471568622362642
352,3,0.4797640908111972,0.07721636042588002,21,0.016849991263837513
352,4,0.5132576742295948,0.09827931295725607,21,0.02144630432737525
352,5,0.5062551258909642,0.10321379856766655,21,0.022523097366678888
353,1,0.5207503942714694,0.1693556575788794,19,0.03885285246859018
353,2,0.5027615135201456,0.07631658493149793,21,0.016653644153767404
353,3,0.4936233289679213,0.06874308110041162,21,0.015000970126053547
353,4,0.5012912052522962,0.07101046081741715,21,0.015495752944262373
353,5,0.49569585172915576,0.07397029182107223,21,0.016141641021335067
354,1,0.4695784045888606,0.15991300112646029,19,0.036686558508870856
354,2,0.46064220989829313,0.09032854667319394,21,0.019711304883107753
354,3,0.4777615166003226,0.09007924932973542,21,0.019656903742776795
354,4,0.5308653937854716,0.06027430668806862,21,0.0131529320409075
354,5,0.4737426303139358,0.13080973328537154,21,0.02854502401986665
355,1,0.46485053190629394,0.13497452381774258,18,0.03181380035965032
355,2,0.46323696980716483,0.09919499130016408,21,0.021646121723499428
355,3,0.47956188994120064,0.07634664679694647,21,0.016660204190622144
355,4,0.4647807461459122,0.09364406214174663,21,0.020434809673700115
355,5,0.4933017801730704,0.0671834106765395,21,0.014660622136692697
356,1,0.4496293737990342,0.16897380580806515,19,0.038765249664359056
356,2,0.4497835816396209,0.0927938214570321,21,0.02024927194528891
356,3,0.5114564233713987,0.07072148049010499,21,0.015432692266916608
356,4,0.48468027220350623,0.09303103683095679,21,0.020301036583718294
356,5,0.48870707763041304,0.087288979560588,21,0.019048016960564174
357,1,0.5013004493381545,0.11977345920692868,19,0.027477916042173332
357,2,0.4773835147485463,0.07790635360911315,21,0.017000560120559862
357,3,0.4915060798333819,0.05906741221164654,21,0.012889566074525202
357,4,0.4947202903638478,0.06033373630084626,21,0.013165900645625377
357,5,0.4897446396865909,0.06923489655501522,21,0.015108293056942598
358,1,0.4544359653911504,0.21576194661475936,21,0.047083116783483606
358,2,0.4777111416074172,0.0802124060483032,21,0.017503782018613478
358,3,0.48719254831488906,0.0932160395008565,21,0.020341407476031834
358,4,0.4638085149888661,0.07467990949318583,21,0.01629649229261787
358,5,0.4997700143617226,0.08967695604734688,21,0.019569116151437856
359,1,0.4924248440262006,0.11175894403004147,19,0.025639260161251
359,2,0.46847475274041206,0.07616402148392787,21,0.016620352080111537
359,3,0.4586036654852029,0.07123705314110418,21,0.01554519944308103
359,4,0.47943084543076236,0.09288318908061413,21,0.020268773559562383
359,5,0.5133522920754136,0.08507939910939726,21,0.01856584697619864
360,1,0.46600717723690926,0.15753059941049904,20,0.035224912881816416
360,2,0.5004804832828549,0.0894195620764263,21,0.019512948182144104
360,3,0.4721551103363028,0.09589755246687101,21,0.02092656157811598
360,4,0.4917132184357333,0.06585971814340552,21,0.014371768744791062
360,5,0.48743314811235844,0.07184397620097052,21,0.015677640912740636
361,1,0.49757079803016413,0.13636037930081804,19,0.03128321648816533
361,2,0.4588447305281326,0.1069148238845896,21,0.023330727303047832
361,3,0.4827712471087284,0.07849724287326108,21,0.017129502729145322
361,4,0.48320232219398573,0.06846407235075999,21,0.014940085425347185
361,5,0.49660568833716223,0.08707630273449297,21,0.019001607072271633
362,1,0.4859538683881099,0.12127213234128707,19,0.02782173523912426
362,2,0.4571901254839369,0.0643353391424156,21,0.014039121975274993
362,3,0.4994361040124397,0.06687091669573643,21,0.014592430359490403
362,4,0.4924769047273137,0.08459239012123713,21,0.018459572902276372
362,5,0.4812867956994102,0.058255216802017985,21,0.012712330505776701
363,1,0.4640476331906192,0.10298032981596644,19,0.023625307938962434
363,2,0.4814978157426965,0.07953492390620077,21,0.01735594329489133
363,3,0.49358222500449694,0.07602733381632684,21,0.016590524385666362
363,4,0.4892881628339847,0.08037642138723505,21,0.01753957309984153
363,5,0.4708827516705691,0.10382316255755863,21,0.022656071490938925
364,1,0.45445367433905454,0.16073075220141336,19,0.036874163471854654
364,2,0.484082903388843,0.07024600262315862,21,0.015328934489937662
364,3,0.47293977927028735,0.10239438419009911,21,0.02234428648997708
364,4,0.4946043353697749,0.08795271264175494,21,0.01919285539321626
364,5,0.4896449318140424,0.08824876584928341,21,0.01925745949956072
365,1,0.4811638683568508,0.1858435892631358,19,0.04263544341594155
365,2,0.480437535929672,0.0754853552427956,21,0.01647225496479726
365,3,0.5122142313648899,0.08032004990636743,21,0.01752727183421712
365,4,0.5177110088496562,0.0869618392378468,21,0.01897662908952447
365,5,0.5119479809714174,0.07440175742366051,21,0.01623579453484128
366,1,0.49205632245949116,0.07164493378461073,18,0.01688687283891981
366,2,0.503335008400518,0.06468202650856067,21,0.014114775360886643
366,3,0.4799278805380901,0.07686498262858221,21,0.016773314342235415
366,4,0.5014531209798236,0.07880048866729293,21,0.017195676386541892
366,5,0.4970203589880156,0.06712908274874702,21,0.014648766810908926
367,1,0.46899248833499635,0.11236615738962916,19,0.025778564459756816
367,2,0.4841630556655611,0.08843113955810515,21,0.019297256705534314
367,3,0.48718040879632224,0.07171691201913004,21,0.01564991323505484
367,4,0.49287541077373964,0.07865925667272577,21,0.017164857038653624
367,5,0.4748313887017187,0.08511990827275863,21,0.018574686800362582
368,1,0.4462835841902187,0.17471262614744346,19,0.04008182534406884
368,2,0.4852787634905794,0.07428292381967722,21,0.016209862916490906
368,3,0.499147585224457,0.06285214036636368,21,0.013715461467564334
368,4,0.46155636761870755,0.07002705587740186,21,0.015281156393004586
368,5,0.5156144858241065,0.10178636964378039,21,0.022211606838446616
369,1,0.4403590834567758,0.15364936932617332,19,0.03524958282271303
369,2,0.49949847438942657,0.10471344798424985,21,0.022850347698459332
369,3,0.4956223766465447,0.10045945307949992,21,0.021922049905270143
369,4,0.5146532839404423,0.07322419151065959,21,0.0159788285856924
369,5,0.4920189682067789,0.07281328982660368,21,0.015889162487103304
370,1,0.4239606398154815,0.17834043955998544,20,0.03987813459933201
370,2,0.4599072401344959,0.09163472138127579,21,0.019996335572184984
370,3,0.4718653279439077,0.06891057502806361,21,0.015037520297573102
370,4,0.4937942454934027,0.06229635548543542,21,0.01359417926342311
370,5,0.49290236812464067,0.08473464740842511,21,0.01849061598735723
371,1,0.4394767753484796,0.1610462185738136,19,0.03694653642119034
371,2,0.4858705027494469,0.08901362796871877,21,0.019424366097585334
371,3,0.46766278405878187,0.06983214012603758,21,0.01523862228896811
371,4,0.5014348408923069,0.0726445359671496,21,0.015852337375924053
371,5,0.5037411159318363,0.05390466156299867,21,0.01176296152016276
372,1,0.43844088551336996,0.13713242682322455,19,0.031460336337101165
372,2,0.48788632583165653,0.09210928382567639,21,0.02009989358758732
372,3,0.49684849821585797,0.07711632877397487,21,0.01682816256780195
372,4,0.5037450967227545,0.07021861905273763,21,0.015322958904973264
372,5,0.4783782309465496,0.08067810734720922,21,0.017605406373540914
373,1,0.4813229804956612,0.16012488890931104,19,0.036735168900071766
373,2,0.4377003350599259,0.11564267412155939,21,0.025235300368055085
373,3,0.49339869237846884,0.05894705678264107,21,0.01286330236672918
373,4,0.49046852626293935,0.09157033804077033,21,0.01998228597545354
373,5,0.499707291787646,0.10509270040088471,21,0.022933107360684293
374,1,0.4459291169715365,0.08990034628543092,19,0.020624553918289764
374,2,0.48368320052683617,0.08839475806217618,21,0.019289317612249068
374,3,0.5045760110442032,0.09306239414321153,21,0.020307879310241996
374,4,0.4903702645776709,0.07148736279392362,21,0.01559982148742499
374,5,0.4855556032801579,0.13556045653861304,21,0.029581716825284078
375,1,0.49695975796050995,0.19548519807364975,20,0.043711819148769177
375,2,0.4889788746075892,0.12357324558831745,21,0.026965892941896788
375,3,0.48092740022139174,0.08766386865599944,21,0.019129824468037338
375,4,0.467574842963998,0.07604628808372667,21,0.016594660545909322
375,5,0.4968734349100317,0.11598293355966759,21,0.02530955106477194
376,1,0.4572122689757603,0.1958879464098814,19,0.044939776982020216
376,2,0.4642670391912927,0.07301437479634262,21,0.015933042824957905
376,3,0.4963686403704329,0.10414906344802222,21,0.02272718889568192
376,4,0.48024451794130546,0.07452309054708084,21,0.01626227159304981
376,5,0.5444970455851342,0.12796106952598368,21,0.0279233946243013
377,1,0.46737659488073835,0.10413980735291108,19,0.023891310329007015
377,2,0.48030282830408444,0.09549373079777639,21,0.020838440465454574
377,3,0.4746939446606202,0.07574196132207825,21,0.016528251002040053
377,4,0.47921007032868335,0.07839592845219379,21,0.017107394109929536
377,5,0.5387535696358625,0.07188344111533428,21,0.015686252863091436
378,1,0.4844689162776046,0.1231687459390757,18,0.029031151827921157
378,2,0.4889996259934052,0.1122937064233434,21,0.024504495702481904
378,3,0.4747385922179347,0.08686997833504415,21,0.0189565833971197
378,4,0.4810730476995852,0.05747820280873004,21,0.012542772151477562
378,5,0.475091976930951,0.12751599529104304,21,0.027826271463754153
379,1,0.494763898306304,0.09702091986486784,19,0.02225812553159562
379,2,0.47643535979810736,0.10791401982477113,21,0.023548769733046614
379,3,0.4900345067442339,0.08141487659183147,21,0.017766182603693146
379,4,0.48733689526248447,0.06659266388325495,21,0.014531710617798463
379,5,0.49970544614228496,0.0880006545224406,21,0.01920331716927343
380,1,0.461311594017618,0.14703657940877288,19,0.03373250477088076
380,2,0.4712453181037685,0.09845535878609518,21,0.021484720676729366
380,3,0.4747729187310611,0.0895449522789932,21,0.019540310567604514
380,4,0.48807196669293823,0.07922033903425513,21,0.017287295247835188
380,5,0.4884558201392564,0.0730601922460044,21,0.015943041012159088
381,1,0.47589604832035937,0.21869952557906414,21,0.04772414906747583
381,2,0.4937693206182362,0.08802586344921912,21,0.019208818208090152
381,3,0.4785168753377948,0.08195611256473351,21,0.017884289975819652
381,4,0.5051946741209232,0.07609867858553143,21,0.016606093090681562
381,5,0.5047206526850745,0.1099885067443546,21,0.024001459891960283
382,1,0.47525727207980956,0.09950185547883311,19,0.022827291196159075
382,2,0.48361405196247054,0.08886172418877795,21,0.019391217975207778
382,3,0.46202369389510123,0.0959275353133504,21,0.02093310437161798
382,4,0.4887679010283466,0.06188879731112062,21,0.0135052427784757
382,5,0.4774849326626929,0.12048253532676664,21,0.02629144466929044
383,1,0.46998871304502204,0.11353949280994582,19,0.02604774606628509
383,2,0.4854059689766023,0.08558812492897397,21,0.018676860051255247
383,3,0.47264611643255233,0.058655919036406434,21,0.012799770901977797
383,4,0.48784159019828877,0.06844064148998757,21,0.014934972392343015
383,5,0.4952833435621947,0.13225417419508556,21,0.028860226867755
384,1,0.4951287449436463,0.11570925094555955,18,0.027272931996540368
384,2,0.48381080910380836,0.07816217132468833,21,0.01705638412273767
384,3,0.48530733211766763,0.09239664677867632,21,0.02016260132492295
384,4,0.5144615979098787,0.06708254820394317,21,0.01463861214071874
384,5,0.5267387395698949,0.14050711625534207,21,0.03066116647238406
385,1,0.49971100605339597,0.09027845004396137,19,0.020711296869532245
385,2,0.47833859057820666,0.08744288634535224,21,0.019081602174428433
385,3,0.4590126920465477,0.06516485727119564,21,0.014220137671249881
385,4,0.46696607988316285,0.051625732350739265,21,0.011265658395466342
385,5,0.5394036605450664,0.08827203634866435,21,0.019262537538840368
386,1,0.48582817400233297,0.09636454914648901,19,0.02210754376154759
386,2,0.4811006653127505,0.08888360111240276,21,0.019395991911326037
386,3,0.5055863642871071,0.07273375049418784,21,0.01587180558179274
386,4,0.46080792665589115,0.08048732709741066,21,0.017563774709931177
386,5,0.4952639842614541,0.06673490510600352,21,0.014562750197331244
387,1,0.4527522007034947,0.17792769043644976,19,0.040819411677372255
387,2,0.4875844526196376,0.08885758268596526,21,0.019390314225201585
387,3,0.4836595529089009,0.08096315512428633,21,0.01766760889807114
387,4,0.522865058131888,0.0976258271778343,21,0.02130370203929061
387,5,0.5198642923613455,0.1296167200853559,21,0.028284687196335544
388,1,0.48386323193208686,0.09352027552400648,19,0.02145502264111708
388,2,0.4725751489591278,0.0818141668435825,21,0.017853314880022054
388,3,0.4750610522421678,0.08899336401808444,21,0.019419944141030064
388,4,0.4766642665326134,0.09480513973850961,21,0.02068817757726601
388,5,0.4904937120753885,0.09479558371598784,21,0.020686092282192262
389,1,0.5551841240156705,0.14956312906903602,19,0.034312135015350444
389,2,0.46948225214815636,0.0926745995137488,21,0.02022325558435579
389,3,0.4990190318849794,0.0821648110610645,21,0.017929831721384428
389,4,0.47206814352216686,0.06794419875278059,21,0.014826639705606725
389,5,0.5155547829169709,0.12392600215012788,21,0.02704287073458196
390,1,0.44589114420052955,0.18215681468968534,19,0.04178963932155808
390,2,0.4770842983851649,0.08620244376626464,21,0.018810915411861043
390,3,0.48007652332903705,0.1051327117414224,21,0.02294183855100194
390,4,0.5005687276736198,0.07452181367741494,21,0.01626199295724521
390,5,0.5194653369070489,0.07747732931992234,21,0.016906939345312646
391,1,0.5081340379476028,0.09544697998231498,19,0.02189703895837161
391,2,0.4461997575180762,0.10720659251672332,21,0.023394396438389094
391,3,0.48265208536814164,0.09965260391054495,21,0.021745980981882126
391,4,0.4782181511523775,0.06767189242183644,21,0.014767217592570188
391,5,0.4862160001271171,0.1313885652906097,21,0.028671335518850784
392,1,0.4842540315722668,0.10853158754949371,19,0.02489885380580422
392,2,0.45465863657482125,0.11740640363520953,21,0.02562017770147077
392,3,0.485997784807847,0.08233894349402761,21,0.017967830533527296
392,4,0.48214424389616656,0.06605995683399815,21,0.014415464409395803
392,5,0.5330135745338771,0.16526428391367767,21,0.0360636233670048
393,1,0.4690769594036446,0.19792657201286548,19,0.04540746977081612
393,2,0.48525464317937567,0.08406867146321727,21,0.018345288121646052
393,3,0.49180337095676063,0.07925926278525622,21,0.01729578910665872
393,4,0.4997007513614965,0.04987592359492337,21,0.010883818820455731
393,5,0.4909105354054654,0.14868317515010157,21,0.03244532879484369
394,1,0.4788990956181862,0.09538791198716032,18,0.02248314646978221
394,2,0.4791642919654374,0.08324024311947668,21,0.018164510236263285
394,3,0.4959970025946089,0.08277894919454826,21,0.018063847649186723
394,4,0.46509474090810315,0.11528004111026073,21,0.025156167357399565
394,5,0.48959339025029036,0.06100108188150774,21,0.01331152739029564
395,1,0.5028581930723606,0.16711557591483747,19,0.038338942489704014
395,2,0.4801651792788252,0.1014854271728059,21,0.022145935807348156
395,3,0.48316562818945535,0.07538288962364559,21,0.016449895133564624
395,4,0.48167665909824314,0.07070606227204719,21,0.015429327735900836
395,5,0.4973111585914259,0.1321374263327176,21,0.0288347503955395
396,1,0.4772917968297812,0.11283040231609479,19,0.025885069550257614
396,2,0.480966656493307,0.1065050286600184,21,0.02324130265371312
396,3,0.5084577439017446,0.06513445350079254,21,0.014213503024617297
396,4,0.467940179931083,0.06175641624916216,21,0.013476354862427925
396,5,0.49899481300760423,0.10446060584293534,21,0.02279517301981893
397,1,0.5294847200443379,0.15769124398590983,19,0.03617685246398931
397,2,0.47963964952394245,0.09131159790247645,21,0.019925824248355678
397,3,0.47922083018676026,0.07731251227214239,21,0.016870973316871183
397,4,0.4892086835271508,0.06673223739816773,21,0.014562168055755553
397,5,0.4950690813486878,0.06617534718631493,21,0.01444064464863196
398,1,0.4895021923156063,0.16686061510707897,19,0.03828045046888386
398,2,0.47997508009943096,0.10194064939630672,21,0.022245273440549045
398,3,0.495826717074613,0.08326398225548808,21,0.018169690540439716
398,4,0.5000635985449942,0.07781147120791884,21,0.016979855083150718
398,5,0.5186576927261713,0.0703020664384229,21,0.015341168617423214
399,1,0.45354279307990836,0.10743010021924403,19,0.024646155281585865
399,2,0.480235461856846,0.09773327293073818,21,0.02132714862480411
399,3,0.4778527418349564,0.07335445791040074,21,0.01600725504461255
399,4,0.4993773264461178,0.07871664657947022,21,0.01717738054302424
399,5,0.5058795161767139,0.09172281981377517,21,0.020015560226258097
400,1,0.4908380736536922,0.16915838149610898,19,0.038807594231286296
400,2,0.4565307286311205,0.07829412275440499,21,0.017085178285344064
400,3,0.49266449246489463,0.10300906627676934,21,0.022478421118096118
400,4,0.46576982341721707,0.06382074813384911,21,0.013926829011051202
400,5,0.4845444846882872,0.09957129502327768,21,0.02172823792804522
401,1,0.4863388826847288,0.11201992322046911,18,0.026403349112396703
401,2,0.47261768367288975,0.08467260585001264,21,0.018477077409373505
401,3,0.49167428758992093,0.07117811925992278,21,0.015532339015866203
401,4,0.47858613394292865,0.07073837096689278,21,0.01543637807112632
401,5,0.4791282669812976,0.1318399768308842,21,0.028769841592797666
402,1,0.4841034184755967,0.1050097723487689,18,0.02475104070622337
402,2,0.46835874397486166,0.113072169312677,21,0.024674370231819294
402,3,0.4864444965216266,0.09787392105444082,21,0.02135784056162415
402,4,0.48506983401047327,0.06363153206750245,21,0.01388553868025428
402,5,0.4888044032384529,0.09261629598564615,21,0.020210532711459915
403,1,0.4622433221132137,0.12009892702659941,19,0.027552583480874346
403,2,0.4809569742530271,0.07953369827358713,21,0.017355675839928173
403,3,0.4872282329830894,0.06542086967168276,21,0.014276004157158432
403,4,0.4645778655867262,0.06316656790252413,21,0.01378407518113737
403,5,0.49866540653755803,0.13353284036476445,21,0.029139254701618465
404,1,0.47355227693492735,0.15514926214782096,19,0.03559368183511851
404,2,0.48662028907359994,0.1080152198802462,21,0.02357085339564415
404,3,0.475968567903605,0.07347239986482823,21,0.01603299208907803
404,4,0.46782505460276624,0.07860682505242622,21,0.0171534155210902
404,5,0.4672904117692728,0.13393240476728746,21,0.02922644680255044
405,1,0.4801650131371065,0.13933374120392233,19,0.03196535249122877
405,2,0.4936935981169832,0.09473324376846579,21,0.020672488590366578
405,3,0.47448397282819876,0.088172743170763,21,0.019240869991043907
405,4,0.47132199029941646,0.05455441805335452,21,0.011904750010655359
405,5,0.4915277486931304,0.08139261309246405,21,0.01776132430983192
406,1,0.4380273877411655,0.09284970840991298,19,0.021301183994527854
406,2,0.47212892767062825,0.08887951310824369,21,0.019395099835683167
406,3,0.49870427782933263,0.08529279374840273,21,0.018612413504110085
406,4,0.4716899969519554,0.08693164903491343,21,0.018970041047134553
406,5,0.48863439423471966,0.08334995824792671,21,0.01818845204012062
407,1,0.46603403321795595,0.10721507354248846,19,0.02459682477873624
407,2,0.4733966156172237,0.08947330234232621,21,0.019524675269589502
407,3,0.49286417483499,0.07857760153818873,21,0.017147038427468016
407,4,0.49550374688408966,0.048069712089387616,21,0.010489671156397743
407,5,0.5099134030843269,0.08099104299075235,21,0.01767369452945454
408,1,0.5258476976931905,0.15432133923586858,20,0.034507300491020756
408,2,0.4639393326529901,0.09111975300099659,21,0.01988396025870221
408,3,0.49701879277831784,0.07108282356308078,21,0.015511543789952774
408,4,0.4696917474687864,0.07766910430511757,21,0.016948788077981992
408,5,0.48608928130917145,0.0749274174270366,21,0.016350502951759455
409,1,0.45241708705892786,0.14030024041946879,19,0.03218708261804868
409,2,0.5039995280125119,0.10266516251610235,21,0.022403375164999142
409,3,0.49727251005046663,0.07123396740450742,21,0.01554452608015106
409,4,0.4645825435283156,0.0770331187435606,21,0.016810004650518476
409,5,0.46159817349109145,0.08069986975896515,21,0.01761015532112074
410,1,0.5268575019155356,0.11916834650779258,19,0.02733909366822663
410,2,0.4790263291959055,0.10723576722004628,21,0.02340076288059649
410,3,0.49688008809493517,0.08862974200183968,21,0.019340595311801774
410,4,0.45169614591587587,0.0793348689838161,21,0.01731228773179722
410,5,0.48119586261176117,0.09954521797628821,21,0.021722547449867596
411,1,0.48691446340110683,0.1473257462483078,19,0.03379884419358369
411,2,0.48330668857791864,0.08997699067975361,21,0.019634589075919383
411,3,0.4951149670622932,0.09516583802807412,21,0.020766888397026506
411,4,0.5007821320482011,0.0935303197460372,21,0.020409989048078017
411,5,0.48760264352510724,0.12838684528217764,21,0.02801630651153158
412,1,0.494975088661515,0.08746448937368709,18,0.020615577849717626
412,2,0.49890702748049176,0.09673011227204703,21,0.02110824102229678
412,3,0.4760182172325254,0.0576801111786171,21,0.012586832169975304
412,4,0.4807991486239882,0.10241046463497147,21,0.022347795530731185
412,5,0.5146648923685296,0.07213149592689543,21,0.015740382860733197
413,1,0.4620712654119948,0.11237419363081931,19,0.025780408099927016
413,2,0.48721353039273685,0.09071045437547688,21,0.01979464397616481
413,3,0.4815089503077342,0.08564261891461994,21,0.01868875161383346
413,4,0.48288884600364634,0.06600924464508756,21,0.014404398102522486
413,5,0.4668852751902829,0.06556293417438598,21,0.014307005173215754
414,1,0.49184011198838995,0.11779821597133704,19,0.027024764165707215
414,2,0.488860913285142,0.10565103091103384,21,0.02305494506666342
414,3,0.4776119725415649,0.07059151175309657,21,0.015404330763329994
414,4,0.483938947821357,0.0814749503181105,21,0.01777929176550037
414,5,0.5029076626690678,0.075606860284706,21,0.016498769538695987
415,1,0.4527247117139202,0.10226572457497786,18,0.024104262443307538
415,2,0.4665016474009115,0.0914142330033265,21,0.019948221063527335
415,3,0.48594398480930273,0.0661051685741517,21,0.01442533041994601
415,4,0.5039948445628967,0.08400513771461794,21,0.018331423921067923
415,5,0.4785160388404378,0.12108697486921871,21,0.02642334419101954
416,1,0.5190330613437808,0.16353503035854347,19,0.03751750900324984
416,2,0.4694417920452841,0.10295602269058253,21,0.02246684605862788
416,3,0.47472489552156816,0.06513215851804843,21,0.01421300221832475
416,4,0.4798606151534048,0.0724408083014117,21,0.015807880354524025
416,5,0.5035050467871297,0.13591142258259872,21,0.029658303894947106
417,1,0.46799617905393676,0.11199131887214456,19,0.025692570606185135
417,2,0.47976279085199197,0.10834350489907889,21,0.0236424910598499
417,3,0.47475731747030625,0.07349739276564841,21,0.016038445987165886
417,4,0.4809567194422505,0.09379800548374895,21,0.02046840286500774
417,5,0.5162435380842803,0.08648914660515743,20,0.019339561112507717
418,1,0.44865681410697833,0.1404273498539098,19,0.03221624352223284
418,2,0.5040182595117452,0.07667658883981829,21,0.016732203447117785
418,3,0.4845581318945113,0.09107963667742222,21,0.01987520615920779
418,4,0.48754171461409,0.07495690383752183,21,0.016356937414046178
418,5,0.44914442399541504,0.12258464419173089,21,0.026750162430849312
419,1,0.467460644662776,0.20062882555603445,19,0.046027409250526556
419,2,0.47964917912894384,0.0870003005121511,21,0.018985022027658942
419,3,0.48819377759459764,0.10007774564920971,21,0.02183875451514481
419,4,0.49034861465377005,0.08163866984542126,21,0.01781501829534056
419,5,0.45240987486872747,0.12625240473903426,21,0.027550533399372665
420,1,0.4290748844417768,0.13883834750499538,19,0.03185170138223459
420,2,0.511541079416651,0.08850674284843715,21,0.019313754696045463
420,3,0.4794222990278036,0.07868875798654608,21,0.017171294753114682
420,4,0.4901244079345777,0.06588244983676228,21,0.014376729206956866
420,5,0.4917997698072137,0.062179927369657044,21,0.0135687725656338
421,1,0.49566038357818903,0.07035307371307813,19,0.016140102035935546
421,2,0.48120993614081553,0.09225233705267585,21,0.020131110360974595
421,3,0.5096005183179136,0.07288924489858503,21,0.015905737242663795
421,4,0.4569202119351244,0.09653920994309183,21,0.021066582718831037
421,5,0.4871685224155118,0.06911138366857536,21,0.015081340335446735
422,1,0.42692441381598406,0.17458064506120619,19,0.04005154680631268
422,2,0.4660142225465214,0.10997294440204235,21,0.02399806391045377
422,3,0.5017955857104655,0.07758795545425322,21,0.016931079946951297
422,4,0.4895475264098729,0.08388962915102516,21,0.018306217886016517
422,5,0.5187828344429452,0.12286761253186011,21,0.026811911185035894
423,1,0.43650767806629287,0.16664207417952573,19,0.038230313741608485
423,2,0.4917298848233545,0.11189828618527731,21,0.024418207932374508
423,3,0.47600350666730595,0.09193735044766911,21,0.020062374648577425
423,4,0.4879570556349681,0.05956527322393896,21,0.012998208254258408
423,5,0.49620081978553676,0.09078581131722326,21,0.01981108820900734
424,1,0.4927621253405885,0.17921587289749447,19,0.04111494100203201
424,2,0.4708572633707477,0.09228299418354123,21,0.020137800295392725
424,3,0.4610442710403061,0.0889348790240119,21,0.01940718166901309
424,4,0.4767076842525702,0.07718831575329647,21,0.01684387141455397
424,5,0.4626442307290896,0.05520748246647325,21,0.012047260349074334
425,1,0.4534770161661538,0.18705209253112354,19,0.042912693080051925
425,2,0.4760559471672452,0.0868393833936265,21,0.018949907033551646
425,3,0.49649191065671583,0.0702962756604156,21,0.015339904966063635
425,4,0.4768200960613189,0.0788572043292306,21,0.01720805275863327
425,5,0.4838036806849516,0.06591038967176545,21,0.014382826178804799
426,1,0.44761868669087673,0.12662040583919976,19,0.029048713328588372
426,2,0.4646160237240538,0.09385595904562657,21,0.020481049369012336
426,3,0.511911181420441,0.07807480063952452,21,0.01703731827615275
426,4,0.4760565271563146,0.09370501555801021,21,0.020448110799599833
426,5,0.48163271943093633,0.07024906814787762,21,0.015329603442274308
427,1,0.44538237469837594,0.14917829970186872,19,0.03422384910366681
427,2,0.4742201485087482,0.06943539687327431,21,0.015152045813384743
427,3,0.4870891602666869,0.09179333761647587,21,0.020030948472387525
427,4,0.47975119932835414,0.09539834988836988,21,0.020817626644635098
427,5,0.5189516117837266,0.08863616879317357,21,0.019341997752647645
428,1,0.48834416452189017,0.1345729507302373,19,0.03087315225090434
428,2,0.4869287344489264,0.09747556253062817,21,0.02127091160500023
428,3,0.4816624425199769,0.0816052559470831,21,0.017807726784940643
428,4,0.47274606281841247,0.07843379839837421,21,0.017115658009688377
428,5,0.5181405531831341,0.1235391152034114,21,0.026958445081309648
429,1,0.4510014061346822,0.14754437624684694,18,0.03477654299002828
429,2,0.46448344486410936,0.07095194669545703,21,0.015482984116019224
429,3,0.4761950385726249,0.07719389874233178,21,0.016845089722642467
429,4,0.4629949601270826,0.057358392452628894,21,0.012516627388340746
429,5,0.4761362529760624,0.08772539832372361,21,0.01914325134231503
430,1,0.5014467061045828,0.12304872292389706,19,0.028229313071421257
430,2,0.491050185462698,0.09405733075043687,21,0.020524992277589266
430,3,0.48116018031194974,0.08289331460204562,21,0.018088804227126776
430,4,0.4747178875375536,0.06736058011874435,21,0.014699283678584927
430,5,0.5004321264437099,0.13816564950873397,21,0.030150216538881506
431,1,0.5404669241998429,0.12957438978537622,19,0.029726403723442305
431,2,0.4764003738413465,0.09332829121839216,21,0.02036590280900783
431,3,0.46255295792981554,0.08193826400900017,21,0.017880395101643767
431,4,0.48998110845335097,0.05221239960104565,21,0.011393679685098752
431,5,0.4727465934497527,0.08736877808309466,21,0.01906543042578953
432,1,0.46523638192629085,0.09902893661988584,19,0.022718796169072453
432,2,0.4921673920096608,0.09091571347971379,21,0.01983943518484312
432,3,0.4967338294301277,0.07753166439004638,21,0.01691879622968094
432,4,0.4879401180901988,0.10017611886915112,21,0.021860221311656144
432,5,0.49091605245565534,0.10983882553364524,21,0.023968796773951317
433,1,0.48785110168138285,0.09708282915597326,19,0.022272328497047973
433,2,0.47783073925307784,0.09088107785456342,21,0.0198318770717958
433,3,0.4774267797988564,0.07712980163999389,21,0.01683110258820005
433,4,0.4961576910617384,0.0625093692798558,21,0.013640662684232687
433,5,0.4620710436333506,0.08859166127378192,21,0.01933228541566636
434,1,0.5065836663337272,0.17418456226316387,19,0.039960679180526294
434,2,0.49680898821281094,0.11145858912925774,21,0.02432225816846694
434,3,0.47556693541996314,0.09048985392837684,21,0.019746505012013523
434,4,0.49479710992367776,0.061842232569926575,21,0.01349508151889295
434,5,0.48776242312409146,0.06863741695845277,21,0.01497791231992169
435,1,0.4823272827219934,0.17650446915788276,19,0.04049290232328961
435,2,0.48978719807066995,0.0960880208086266,21,0.020968125177810635
435,3,0.46951076275186165,0.07685683374654921,21,0.01677153611039039
435,4,0.5067805181055091,0.06488735903188021,21,0.014159582590922266
435,5,0.49016753268215424,0.09498136390160561,21,0.02072663284234542
436,1,0.4356346401323168,0.1750869959154338,19,0.04016771165913129
436,2,0.5004360563108757,0.10412901178775961,21,0.022722813264683686
436,3,0.4800411315031329,0.09476074232204983,21,0.02067848926671423
436,4,0.4936268936966036,0.07507966386440622,21,0.0163837258481182
436,5,0.5371683092380712,0.12790039281806173,21,0.027910153881112103
437,1,0.4629732701439315,0.11555820292937298,19,0.0265108699298054
437,2,0.46238316928701223,0.0869265449386027,21,0.018968927242006065
437,3,0.48613782274018563,0.08240452232484453,21,0.017982141007632308
437,4,0.4799774988555492,0.05909810428493262,21,0.012896263634004658
437,5,0.528493602418204,0.12976113747216694,21,0.028316201653798844
438,1,0.4157573510317292,0.14967623922841528,18,0.03527902791363746
438,2,0.48422452514264125,0.10298692894351955,21,0.022473590355938895
438,3,0.4945176492852046,0.07619403167378169,21,0.01662690084042702
438,4,0.47462559701640056,0.08559353831706418,21,0.01867804134938332
438,5,0.4741188955120611,0.05544295168970802,20,0.012397420885142394
439,1,0.48335964727763675,0.11967937222210209,19,0.027456331007501673
439,2,0.47618900042020595,0.08067409032480352,21,0.01760452978738651
439,3,0.486954918776896,0.07861325737467403,21,0.01715481916888044
439,4,0.4535775850933441,0.06057262577781771,21,0.013218030603289669
439,5,0.5314502458030335,0.09736458671523135,21,0.021246694696697117
440,1,0.4443790625810627,0.10634396831309227,19,0.024396979533255828
440,2,0.4667959004275249,0.0931847772477599,21,0.020334585493117074
440,3,0.49876297198919695,0.1037692159559312,21,0.022644299377346383
440,4,0.4901679815190403,0.0715436676980994,21,0.01561210822482417
440,5,0.4658364429732059,0.13093765896163415,21,0.028572939691047686
441,1,0.49318367503433597,0.106715775251029,19,0.02448227789478075
441,2,0.4870039549803411,0.06480810768455846,21,0.014142288529111351
441,3,0.4834506584462759,0.07798954774863642,21,0.01701871457016663
441,4,0.4738014226681817,0.06230564886874936,21,0.013596207245923031
441,5,0.5236655968642376,0.07383172468388823,21,0.01611140319300273
442,1,0.43926180307235513,0.1484005361841781,19,0.03404541791547807
442,2,0.4559209193548007,0.10520906528885522,21,0.022958500261034766
442,3,0.4886503838863102,0.07496115840786528,21,0.016357865837410383
442,4,0.4643620134941808,0.07438952552540348,21,0.016233125315810053
442,5,0.48067355416517604,0.09103098578381257,21,0.019864589663846195
443,1,0.4529402257203199,0.11679149367681985,19,0.026793806231706695
443,2,0.4747967113483605,0.09771800169452892,21,0.02132381616785723
443,3,0.5083850467784279,0.08013906687836482,21,0.01748777809967787
443,4,0.49529829676862613,0.08395280388142871,21,0.018320003742401406
443,5,0.5032560862027614,0.10447485860192664,21,0.02279828322681605
444,1,0.4680627172992647,0.10325180896402444,19,0.023687589526944712
444,2,0.476926100759726,0.09353869426769461,21,0.020411816518525833
444,3,0.4882137334511273,0.07053995629745442,21,0.01539308044056961
444,4,0.4776185866935151,0.09619304877378047,21,0.02099104415878229
444,5,0.5138357686560063,0.06805943965236419,21,0.014851787331582756
445,1,0.5110355943831961,0.10975808552095859,18,0.02587022885397428
445,2,0.49565080360478303,0.0917156625397526,21,0.02001399838102105
445,3,0.49104282888937495,0.06450985466318924,21,0.014077204384031653
445,4,0.4895444603942618,0.04587298695685035,21,0.010010306432547082
445,5,0.5077981456883764,0.06190580672397917,21,0.013508954536663845
446,1,0.4351263519338036,0.14357309333629842,19,0.03293792657181356
446,2,0.48375737486876824,0.11228687818726042,21,0.024503005659209844
446,3,0.5245746748044255,0.09350643134655863,21,0.02040477617194269
446,4,0.4905790872248857,0.07790464850749533,21,0.017000188036882184
446,5,0.5018290951176363,0.06989657290358207,21,0.015252682673745913
447,1,0.43159734897282004,0.18171652976245253,19,0.04168863103186482
447,2,0.4941722699123448,0.09497440131868737,21,0.020725113482190412
447,3,0.45609846445645486,0.07628377539858945,21,0.01664648452671649
447,4,0.47435393240515245,0.07057699260552847,21,0.015401162425579658
447,5,0.49059497690888254,0.09355169940535223,21,0.020414654472227706
448,1,0.461062573149067,0.0936977198303126,19,0.02149573115686945
448,2,0.4846703285837016,0.08769555785345333,21,0.019136739617848997
448,3,0.488362711698568,0.09301100614258569,21,0.020296665529161977
448,4,0.480677784282624,0.08166569868060956,21,0.017820916470730887
448,5,0.49699589275553524,0.06904078712699602,20,0.01543798932360555
449,1,0.4765726555252117,0.09620800798966002,19,0.022071630757172722
449,2,0.5082630998607356,0.10521035131286978,21,0.022958780894482014
449,3,0.502966692928142,0.07655032185109059,21,0.016704649731231175
449,4,0.480440909633258,0.0534543671900575,21,0.011664699232114401
449,5,0.47496256733166836,0.08470091714302297,21,0.018483255440004072
450,1,0.47884309775703965,0.11545893941235363,19,0.026488097317201833
450,2,0.45892840697765114,0.09688083511055505,21,0.02114113144212638
450,3,0.5028552183650544,0.07463845591685231,21,0.016287446380647636
450,4,0.49065977896038604,0.05994665016880623,21,0.013081431526551992
450,5,0.48690969589318583,0.044944468261340687,20,0.010049888624493955
451,1,0.4757049325893888,0.19077613654851264,19,0.04376704737126752
451,2,0.5095852547472871,0.11688922999579202,21,0.02550732116099141
451,3,0.4539333942156166,0.0802557939604764,21,0.01751325003726966
451,4,0.49235809119340007,0.06673926434532257,21,0.014563701461338481
451,5,0.5093084731451851,0.06834345489404459,21,0.014913764538417118
452,1,0.5335915644249669,0.1718377383553876,19,0.039422280851458824
452,2,0.485984433089392,0.10124914153838209,21,0.02209437405471112
452,3,0.46464399299566206,0.08761602900185388,21,0.019119384999640075
452,4,0.4920369561724214,0.09359007306035988,21,0.02042302829026412
452,5,0.5073273078552281,0.06720274269283662,21,0.01466484072850306
453,1,0.5131852372539416,0.2202392840056944,20,0.04924700103526148
453,2,0.4660097010231382,0.09369475374409877,21,0.020445871488218085
453,3,0.48658134728139874,0.08080155635938598,21,0.017632345156529842
453,4,0.49334143005861886,0.091811229304635,21,0.02003485275883037
453,5,0.5124813376914769,0.07018104050638435,21,0.015314758593869916
454,1,0.4570525002085882,0.1100527583802359,19,0.025247834328281434
454,2,0.4865459691496737,0.106642457690694,21,0.023271292126844326
454,3,0.4732308183813365,0.08503402016822384,21,0.018555944479394633
454,4,0.49457049503451583,0.08926979808472965,21,0.01948026699984274
454,5,0.5023161034258224,0.10782244147942685,21,0.02352878569973428
455,1,0.4679353848087238,0.16024050968123174,19,0.036761694124312634
455,2,0.4576502374788168,0.08953239888662139,21,0.019537571192805834
455,3,0.5142103348482504,0.0721015450635208,21,0.01573384704651684
455,4,0.5203207780130137,0.06437029320402303,21,0.014046749576854145
455,5,0.49767344199815017,0.1407038541231695,21,0.030704098194830887
456,1,0.48770126307837935,0.12122543488028506,19,0.02781102210683859
456,2,0.48418236026467637,0.08377785439869592,21,0.018281826635381578
456,3,0.4796836252529337,0.07835788991857144,21,0.0170990934213748
456,4,0.49611776967437715,0.10068246489532351,21,0.02197071507321686
456,5,0.4924862991144917,0.09158922393567778,21,0.019986407215595463
457,1,0.46864850902669025,0.13210208235218782,19,0.03030629616865655
457,2,0.4746001367771079,0.08586838659322613,21,0.01873801816034238
457,3,0.4815814488271825,0.08423377002947842,21,0.018381315582456547
457,4,0.4892535361842379,0.10031194491894041,21,0.021889860985680253
457,5,0.4433379381824053,0.13614562849160225,21,0.029709411814290657
458,1,0.46806689174283345,0.1368480537999626,19,0.03139509669127653
458,2,0.49075425984186927,0.10756252624328114,21,0.023472067545262373
458,3,0.4976496577763902,0.0840298890407513,21,0.018336825103237288
458,4,0.49552679503924724,0.07348331888359155,21,0.01603537481431601
458,5,0.4966547835571306,0.08921530044386335,21,0.019468374639630054
459,1,0.46685321870098145,0.1042920668151457,19,0.02392624104527431
459,2,0.4856734458103678,0.09617425895481964,21,0.020986943884130742
459,3,0.48762066659303005,0.07946029303528335,21,0.01733965750369325
459,4,0.47121076308188287,0.059275363305885405,21,0.012934944723582273
459,5,0.4903653142833209,0.13192473355773313,21,0.028788337026913947
460,1,0.5162476939457755,0.17631852921113475,19,0.04045024477395056
460,2,0.47117851746277306,0.10338991411251984,21,0.022561528929314536
460,3,0.4841598215302114,0.06633622016872477,21,0.014475750011449406
460,4,0.49859658990298683,0.07071705848308629,21,0.015431727305874379
460,5,0.5140117908819001,0.06384390464899883,21,0.013931882176932392
461,1,0.5181214766825766,0.1440427383499769,19,0.03304567052728526
461,2,0.5154915169090427,0.07416069923253682,21,0.016183191324950164
461,3,0.502447777755736,0.08967150340254378,21,0.019567926286792717
461,4,0.48226492360536904,0.1074812459193934,21,0.023454330724465892
461,5,0.47670312295845074,0.08300991482031084,21,0.01811424848075767
462,1,0.512987824242936,0.11814652242350993,19,0.02710467114604431
462,2,0.474098873399547,0.11220278963350695,21,0.024484656032416764
462,3,0.48158585153222055,0.1127628926260754,21,0.02460688052576992
462,4,0.48088137970910405,0.10127158407255069,21,0.022099271417168942
462,5,0.5007087095135361,0.07455099518749583,21,0.01626836088480896
463,1,0.45383974301837293,0.15135502990397068,19,0.03472322526042025
463,2,0.4694120227078267,0.09705706845485475,21,0.021179588710708692
463,3,0.5013949218279693,0.06380496436793821,21,0.013923384710954147
463,4,0.49129839535881326,0.07574062337508669,21,0.016527959038070306
463,5,0.4892467213171054,0.13907537360618094,21,0.030348734612123226
464,1,0.46995887980697854,0.12037157187209319,19,0.027615132498189327
464,2,0.464450755300998,0.07042380952231841,21,0.015367735136341716
464,3,0.4765168023689717,0.07047026317922658,21,0.015377872155345963
464,4,0.4938525089203345,0.06870809587653906,21,0.014993335724310643
464,5,0.5257663413010074,0.1372259621701533,21,0.029945159950374955
465,1,0.4584589256023879,0.12007633491118011,19,0.02754740049413574
465,2,0.5075025579878853,0.09058332477885188,21,0.019766902023802747
465,3,0.47612519611743037,0.12319354195683108,21,0.026883034816518887
465,4,0.4885657643638078,0.07154406865733204,21,0.015612195721301986
465,5,0.4904855092945833,0.07596618124009119,21,0.016577179799497722
466,1,0.4208352164260526,0.17882539124442845,19,0.04102535836703088
466,2,0.48596417384765384,0.08854717202797359,21,0.019322577066307876
466,3,0.49310915575781256,0.0820658214945653,21,0.017908230427027595
466,4,0.4866780769796654,0.07553676730941851,21,0.016483473997508387
466,5,0.5255334379655584,0.07507642226373881,21,0.01638301847285957
467,1,0.46489294989719576,0.16587698287618377,19,0.038054789758774306
467,2,0.4905338664472443,0.09445251255199455,21,0.02061122801658484
467,3,0.4680172367757433,0.09805273209613907,21,0.021396860329894445
467,4,0.47932773079193614,0.0678732316262568,21,0.014811153408980595
467,5,0.5086841384152758,0.08266097372616814,21,0.01803810329137721
468,1,0.4925062509238615,0.16096532307061084,19,0.03692797771995625
468,2,0.4750750099167479,0.1077449602999358,21,0.023511877920212747
468,3,0.48835873388198286,0.07135344942442219,21,0.015570599194457996
468,4,0.5197799430213015,0.05653840800831538,21,0.012337692112876318
468,5,0.5499203949002435,0.16165273843148042,21,0.03527551953138838
469,1,0.4862802159710895,0.10196587624701801,18,0.024033587514631586
469,2,0.47283992310750395,0.09875983717307325,21,0.02155116330795818
469,3,0.4894108486528108,0.08179617346602006,21,0.017849388403132157
469,4,0.48319841402483377,0.07025817344158358,21,0.015331590380256803
469,5,0.524657758372121,0.08174308022868837,21,0.01783780250889584
470,1,0.483570376406587,0.12315043491704368,19,0.02825264740297243
470,2,0.49671034950022486,0.10375959155878162,21,0.02264219916170561
470,3,0.47526877590839756,0.08985285638289241,21,0.019607500751552404
470,4,0.481779724449997,0.07990864944451098,21,0.017437496893388693
470,5,0.5237800869593949,0.09909191870712311,21,0.02162362943970487
471,1,0.47741117754296264,0.09539684830957615,19,0.02188553796388007
471,2,0.4747278584339685,0.09623256037074213,21,0.020999666296111115
471,3,0.4951938348164659,0.07821842383372124,21,0.017068659426579313
471,4,0.5182136475605839,0.09552976407987059,21,0.020846303572251448
471,5,0.5075840740708422,0.0815535823702024,21,0.01779645068601279
472,1,0.4659645236005094,0.11881491856345561,19,0.027258011737006198
472,2,0.4929975128870665,0.10109658819986253,21,0.022061084187030924
472,3,0.47365840435912776,0.06216911375530451,21,0.013566412841523965
472,4,0.47130184341336173,0.06126096266164657,21,0.01336823802585042
472,5,0.4921182177783995,0.0985089142359533,21,0.021496407434008047
473,1,0.45483937621276976,0.11544690148910786,18,0.027211095636641168
473,2,0.4817177977552425,0.09726970815088039,21,0.02122599049655583
473,3,0.47868703106693866,0.07598530112253846,21,0.016581352099906927
473,4,0.5144145240145997,0.08009463835713858,21,0.017478083001509572
473,5,0.49202599696319504,0.0832597472714051,21,0.018168766391147947
474,1,0.48328073671113314,0.10577592231995665,19,0.024266660844868386
474,2,0.4810023832581082,0.10038658309932386,21,0.02190614837193458
474,3,0.49865017294274655,0.09075023821686189,21,0.019803325522097327
474,4,0.48946400068067564,0.0637510333728003,21,0.013911616002976824
474,5,0.5068852697584939,0.08166430362981485,21,0.01782061204568969
475,1,0.4811757441625409,0.14603693575935045,19,0.033503170789439464
475,2,0.4797122677949738,0.10121439167846176,21,0.02208679101359331
475,3,0.49579677423310736,0.08241581581419813,21,0.017984605449052452
475,4,0.5038593845814039,0.07454188228522983,21,0.01626637228650255
475,5,0.5127919889495917,0.06119944156454688,21,0.013354813021836321
476,1,0.46384010803055686,0.1604072751388029,19,0.03679995274414558
476,2,0.4829690796042542,0.09091349891505304,21,0.01983895192721506
476,3,0.47020380883866797,0.09731358002687011,21,0.021235564124775005
476,4,0.5003254185766578,0.08498493542274994,21,0.01854523330979455
476,5,0.4637276451323344,0.07762485255562186,21,0.016939131554567784
477,1,0.46066265727260397,0.18927204683140228,19,0.043421985525009484
477,2,0.48354304626857614,0.11479636430003796,21,0.02505062042431668
477,3,0.46793374767482154,0.06834717721663416,21,0.014914576815799394
477,4,0.47622923607289297,0.06952853461055199,21,0.015172370133914832
477,5,0.5040781554440226,0.12855760234459693,21,0.02805356875743561
478,1,0.47609160589382205,0.11116034894842883,19,0.025501933031311527
478,2,0.48578251007223716,0.11521830164829586,21,0.025142694702265288
478,3,0.49444361310064716,0.0944074843034251,21,0.020601402047180993
478,4,0.49713088846222414,0.08367744953529721,21,0.018259916497921278
478,5,0.4956013064734924,0.13041744036142403,21,0.028459418685648313
479,1,0.491518304183402,0.16030442696433475,19,0.036776357754722724
479,2,0.49310109533721524,0.09587409567665714,21,0.0209214428868438
479,3,0.4840876118640806,0.08912399634288218,21,0.01944845045134405
479,4,0.49351930775674324,0.05660278229134772,21,0.012351739733105091
479,5,0.5132632689026804,0.05717951186683156,21,0.012477592444303874
480,1,0.47127686398826735,0.10952807978351324,19,0.025127464802968128
480,2,0.48173826865769054,0.09303768210915872,21,0.02030248670230755
480,3,0.49658768868985625,0.08430584441641577,21,0.01839704350311407
480,4,0.46628240643892904,0.09348302316390412,21,0.020399668087709565
480,5,0.5123215402167981,0.07459681656125258,21,0.016278359928317877
481,1,0.47160083703353817,0.16039054726570906,19,0.03679611510686366
481,2,0.48380449451394353,0.07713849774700048,21,0.016833000234324297
481,3,0.4977138998463391,0.0775643146171206,21,0.016925921093348804
481,4,0.4836398243406675,0.09040451815923739,21,0.019727883220510247
481,5,0.5032527230908415,0.09895556179306399,21,0.0215938739215998
482,1,0.47710272457226266,0.14794400031143928,19,0.033940681403195457
482,2,0.48610635721211226,0.08816460714088385,21,0.019239094563768783
482,3,0.480166932053166,0.0832985570490474,21,0.018177235378945576
482,4,0.49784984619848177,0.0928046513541782,21,0.020251635222595602
482,5,0.49466428217091696,0.04793363266130795,21,0.010459976190697677
483,1,0.4969039783239081,0.10809782499690913,19,0.024799341851477464
483,2,0.4709798296942057,0.08044208695705396,21,0.017553902501948555
483,3,0.47106015359529885,0.09886750091038884,21,0.02157465746157011
483,4,0.4939452861098329,0.09963963473661426,21,0.021743150876108865
483,5,0.5070579878626943,0.07678387942508698,21,0.016755616172277304
484,1,0.5078009685693379,0.1453965021962759,19,0.03335624525357138
484,2,0.4813381831401131,0.08902619768053678,21,0.019427109033579134
484,3,0.48658933872423915,0.07965970625083062,21,0.017383173034875153
484,4,0.5130937877833645,0.07729122547930715,21,0.016866328157848786
484,5,0.5189465888587022,0.09573821661879259,21,0.020891791645509344
485,1,0.49441929651702204,0.165804048546667,19,0.03803805747604386
485,2,0.4873582608194891,0.06825224822799643,21,0.01489386161217663
485,3,0.4814292078570802,0.0836464103023844,21,0.0182531431820005
485,4,0.5069034147186006,0.09970854093913302,21,0.021758187442246682
485,5,0.46946145860708655,0.0860524344043011,21,0.018778180685377715
486,1,0.5168414840774257,0.09789189839961071,19,0.02245794171132916
486,2,0.47943886833127775,0.08508497122576272,21,0.01856706291167606
486,3,0.46854730843259756,0.0704352725189469,21,0.015370236567281767
486,4,0.47571983027318604,0.0748335756850955,21,0.016330025004817
486,5,0.5233556067241582,0.11314040841737369,21,0.0246892612252778
487,1,0.46291076405316123,0.12813443275572625,19,0.029396054924743082
487,2,0.4653616205840651,0.08506800351021399,21,0.01856336025258689
487,3,0.4893764068455611,0.11571375357868778,21,0.02525081117722876
487,4,0.4888656295488736,0.06023195988735302,21,0.013143691211397098
487,5,0.4777814894008209,0.12273033407804251,21,0.026781954570468957
488,1,0.5007095749563523,0.10159498270680539,18,0.023946167068837374
488,2,0.4703660892506411,0.07991636052015678,21,0.017439179588047568
488,3,0.47299920598695344,0.08445127722217656,21,0.01842877954315829
488,4,0.4509427533134086,0.06998323452791672,21,0.015271593790572642
488,5,0.5328286071685152,0.0820377946357824,21,0.01790211446503405
489,1,0.5240432353953995,0.14189473343838727,19,0.032552884404135354
489,2,0.47955426892800107,0.07410304344304014,21,0.01617060980020631
489,3,0.4908454254954038,0.08029131719914691,21,0.017521001843466687
489,4,0.5090628947451401,0.08543779539144183,21,0.01864405545673483
489,5,0.5047188835468297,0.0776006723032317,21,0.01693385499090583
490,1,0.5460530548308785,0.1573387330175052,19,0.03609598090147534
490,2,0.46960836398044536,0.11032574227567934,21,0.02407505071811858
490,3,0.47282856407243656,0.07961068107354125,21,0.01737247486411862
490,4,0.4524279618525741,0.10389773442317912,21,0.02267234440612559
490,5,0.5551711015994977,0.13428135297455115,21,0.029302593544141154
491,1,0.5129922277667961,0.17249406699966224,19,0.03957285296904536
491,2,0.481959408406365,0.09116939876699907,21,0.019894793853018424
491,3,0.4833556560990583,0.07772795555064782,21,0.016961630472619362
491,4,0.48336242196080936,0.10255030007235817,21,0.02237831012485794
491,5,0.5450939652988449,0.07418013973081818,21,0.01618743358947026
492,1,0.49364163385577015,0.1749881161887765,19,0.04014502709407528
492,2,0.48358711510413893,0.0919896630006139,21,0.020073790183513893
492,3,0.4747670148051757,0.07966025094041856,21,0.01738329189588787
492,4,0.5204575166529883,0.08638049209812203,21,0.018849768743199
492,5,0.4967494834106449,0.0891119855493434,21,0.019445829481317956
493,1,0.5259324744350564,0.11378805845651388,19,0.02610477093650751
493,2,0.4935812445737813,0.10352658227671849,21,0.02259135236776839
493,3,0.4942812597150964,0.07195327756211972,21,0.015701492425170535
493,4,0.4795476713598506,0.08264290571961265,21,0.018034160529105902
493,5,0.5017541541772176,0.06733978178326858,21,0.014694745109696983
494,1,0.484194042831444,0.11204120156499695,19,0.025704014480773304
494,2,0.4922623002898884,0.08770613467085624,21,0.019139047668628072
494,3,0.4837238310573858,0.09707516334108351,21,0.021183537338605594
494,4,0.5121508857964294,0.08627850174874947,21,0.01882751262433449
494,5,0.4999580136121449,0.1041872027427838,21,0.02273551157211988
495,1,0.5206426975959996,0.17655463388335846,19,0.04050441090059903
495,2,0.4953632910094615,0.09263620839012458,21,0.020214877954354723
495,3,0.4669021987841016,0.06542933980869202,21,0.014277852492586602
495,4,0.5226682641276805,0.061710690241803874,21,0.013466376629573285
495,5,0.49314016221012386,0.14130586848507934,21,0.03083546849877862
496,1,0.5129252972315456,0.11992517714701807,19,0.027512722524740272
496,2,0.4853308645682793,0.09705183164266112,21,0.02117844594460024
496,3,0.4661046188628993,0.06776448701801645,21,0.014787423389995844
496,4,0.49402054976910376,0.09651947786789443,21,0.021062276827011485
496,5,0.47056406164122355,0.12576897801913717,21,0.027445041040473014
497,1,0.519466899587348,0.17268615244569024,19,0.03961692039261173
497,2,0.4719495723380776,0.09144423243845538,21,0.01995476747696943
497,3,0.4703671821683207,0.0911465811344723,21,0.019889814637388252
497,4,0.49319478535909833,0.07132434655723725,21,0.01556424842818108
497,5,0.49018709374047614,0.13500403630620628,21,0.029460295976083652
498,1,0.5321772343298374,0.18281369818634963,19,0.04194033873101278
498,2,0.4771149865792535,0.08568739148217065,21,0.018698521789064823
498,3,0.5295631477789282,0.10140449563270001,21,0.022128275097412702
498,4,0.4772559063576419,0.07512934865051553,21,0.016394567957319802
498,5,0.48020465652493477,0.08904044457838065,21,0.019430217961569032
499,1,0.4726244680120459,0.1617758945256435,19,0.037113935565167094
499,2,0.4797715027366567,0.1006714393495237,21,0.02196830910187373
499,3,0.47050250171071845,0.08414890755705043,21,0.0183627970727631
499,4,0.46940970959113837,0.09751872468349082,21,0.02128033035893596
499,5,0.5408888328145844,0.1291747208988815,21,0.028188235066377073
500,1,0.49382146437281393,0.14056820429844036,19,0.03224855774799375
500,2,0.5012465582387381,0.0745232606494412,21,0.016262308712428012
500,3,0.4922814186709684,0.09277761908174352,21,0.02024573629713662
500,4,0.4951404682495281,0.07496784866315906,21,0.016359325770805733
500,5,0.5115066252056601,0.07616481536722701,20,0.01703097046548402
501,1,0.5298498735689061,0.17839118340534624,20,0.03988948126809866
501,2,0.4711046896666087,0.0931541068251244,21,0.020327892658196907
501,3,0.4979375735269098,0.08472148953568799,21,0.01848774470412854
501,4,0.4971952857578116,0.07340401799124951,21,0.0160180699408953
501,5,0.5327796346674839,0.17710273290369363,21,0.03864698472927249
502,1,0.5311288806093224,0.16751748992778215,19,0.03843114788793658
502,2,0.47818932732920855,0.07690774990389763,21,0.01678264692682589
502,3,0.5015093792135751,0.07964168303780239,21,0.01737924004735286
502,4,0.501353510277015,0.06451869998161475,21,0.014079134590756931
502,5,0.5290872041394681,0.10466702120602688,21,0.02284021654486506
503,1,0.49952650626561923,0.1341494529287597,19,0.03077599519198579
503,2,0.4750907432871625,0.10116852900629573,21,0.022076782958032656
503,3,0.4889443073606611,0.09568955439290225,21,0.020881172677241367
503,4,0.4661592738602205,0.1142504359389841,21,0.02493148908914751
503,5,0.5000289302835552,0.11217205912416003,21,0.0244779500855012
504,1,0.47696857838758294,0.15162788619328652,19,0.034785822786274845
504,2,0.45657452189874415,0.08771710329551571,21,0.019141441218760054
504,3,0.49332715102869135,0.08963439118481155,21,0.01955982773693721
504,4,0.47962181549352434,0.08302265501166936,21,0.018117028618437128
504,5,0.5276235554370104,0.0980277907833588,21,0.021391417689239817
505,1,0.4716356077768323,0.09901068326749578,19,0.02271460856283829
505,2,0.49211652207706774,0.09791071106149411,21,0.02136586879934509
505,3,0.5102657790449706,0.07554307993523786,21,0.016484851525396534
505,4,0.48163507504282554,0.07534808588948101,21,0.016442300336122893
505,5,0.4828641421914996,0.12887715294342397,21,0.028123300414935295
506,1,0.47256649809975376,0.1253171381494096,19,0.028749723215105372
506,2,0.49825695145616794,0.09064603830668218,21,0.019780587237535133
506,3,0.4768373451127732,0.06510383884702811,21,0.014206822359462518
506,4,0.514377930141155,0.10314628988095999,21,0.02250836576349318
506,5,0.5399445119601758,0.13130202164719026,21,0.028652450147570462
507,1,0.4616578045611395,0.14901924980541004,19,0.03418736055494871
507,2,0.49595827861949704,0.0708521500243828,21,0.015461206697004832
507,3,0.5022896476062875,0.07939658648926158,21,0.01732575559562616
507,4,0.48090287087196293,0.11317003300804718,21,0.024695725840953673
507,5,0.4568206213912183,0.11672621357695159,21,0.02547174806199823
508,1,0.4443218767309091,0.18833737854617477,19,0.04320755791442848
508,2,0.510506467082985,0.07242700030368174,21,0.01580486720239101
508,3,0.47517503658356625,0.05676299196667001,21,0.012386700350449314
508,4,0.4773459256189553,0.07409395239124329,21,0.016168625970063175
508,5,0.49705129849138624,0.06524418586382337,21,0.014237448589368495
509,1,0.5165338360952318,0.1654025176242288,19,0.03794593996480097
509,2,0.47103037003354575,0.11510239076633112,21,0.025117400874147548
509,3,0.4962274768215578,0.06223633878198359,21,0.013581082545016932
509,4,0.48442285658228823,0.10683553631367106,21,0.02331342533660005
509,5,0.5022737133880193,0.09647878613380995,21,0.021053397162649524
510,1,0.49180881277083294,0.13850617275902125,19,0.03177549526911367
510,2,0.491303295202428,0.07595359601352444,21,0.016574433477908185
510,3,0.5060948981642651,0.08348119724472994,21,0.018217090737119707
510,4,0.47640102818873536,0.11289550902778162,21,0.024635819797160938
510,5,0.4912114403890127,0.1015403326167257,21,0.022157917157482807
511,1,0.5355030399046897,0.149853721679626,19,0.034378801532366304
511,2,0.5004721645372093,0.09592703017469859,21,0.020932994141327106
511,3,0.47486318696940233,0.07359478051899684,21,0.016059697737236405
511,4,0.5035950367217614,0.0776716316809906,21,0.016949339596612836
511,5,0.48592258560329205,0.06616579556806866,21,0.014438560314649919
512,1,0.4714733713560506,0.09934063995991993,18,0.023414813387690237
512,2,0.5161045377606163,0.0941081280697996,21,0.020536077161450242
512,3,0.49153946060590215,0.07236672663796452,21,0.015791714410221407
512,4,0.518475201494744,0.07002855573876869,21,0.015281483689587701
512,5,0.49944008643223237,0.07253937918178001,21,0.015829390284076702
513,1,0.5219733633388504,0.17668097450610548,19,0.0405333954272842
513,2,0.4801500468992974,0.06669415799835446,21,0.014553858449466847
513,3,0.4963263370972594,0.07709048900287907,21,0.016822523867469245
513,4,0.4786536605139503,0.08688044965041017,21,0.01895886842546687
513,5,0.5080414955497145,0.07554043571002766,21,0.016484274508149856
514,1,0.4810612946671963,0.17556281770637652,19,0.04027687266449202
514,2,0.4924645299919391,0.09826485535088782,21,0.021443149419015706
514,3,0.5030925909758358,0.08839659822780381,21,0.01928971916931001
514,4,0.4657574117691618,0.0872738358253744,21,0.01904471232661557
514,5,0.5442434126014087,0.0776093833720316,20,0.01735398569117045
515,1,0.48080254645799114,0.11507379731323876,19,0.026399739659888947
515,2,0.5017850243625281,0.08859948954385334,21,0.019333993684245543
515,3,0.4792519842679594,0.07998581257968204,21,0.017454335269949717
515,4,0.4699727384172143,0.07744862236481505,21,0.016900674974134035
515,5,0.47730273530523204,0.11963037634058393,21,0.026105488333180004
516,1,0.4510067412874623,0.1550209413532885,19,0.035564243025869996
516,2,0.48281287714998217,0.0814642050138546,21,0.017776946947875703
516,3,0.49309474199473413,0.0757507544012471,21,0.016530169809224955
516,4,0.4999263741282409,0.07700271124910893,21,0.01680336919123187
516,5,0.5266726342728492,0.0945165020590107,20,0.021134532359944676
517,1,0.5259811707073512,0.15338515488456939,19,0.035188967872693266
517,2,0.46947188598645323,0.07229358315437907,21,0.015775753193548882
517,3,0.48476160632630905,0.06796848351063871,21,0.014831939074231417
517,4,0.4880566755923095,0.08845191960049335,21,0.019301791282543283
517,5,0.5031634123254412,0.1265836844437658,21,0.027622824557617182
518,1,0.4432741060547555,0.1669507149040511,19,0.03830112077992782
518,2,0.4732004384919352,0.09677345579784818,21,0.021117699355052498
518,3,0.5015341271004764,0.07845768422826797,21,0.017120870325094333
518,4,0.49010975747365276,0.08622783160410201,21,0.018816455492271567
518,5,0.5516874153669229,0.1437111252725504,21,0.031360338560416354
519,1,0.47081972380920784,0.11374369945824662,19,0.026094594284366265
519,2,0.5043547441617524,0.06817662656627774,21,0.014877359612700237
519,3,0.4841979808953506,0.08465551265076632,21,0.01847334736749659
519,4,0.47587875861988427,0.07294644520681616,21,0.01591821937324684
519,5,0.5151140183964481,0.0936606164400727,21,0.020438422117755168
520,1,0.45363044289392124,0.1513118588753315,19,0.03471332114720305
520,2,0.4971396607714789,0.07677538731953396,21,0.016753763042919863
520,3,0.4694959319770808,0.0955387262411391,21,0.020848259276175417
520,4,0.49667330144860694,0.07648698451929446,21,0.016690828392313447
520,5,0.5161336423491466,0.12190930873428277,21,0.026602792152123425
521,1,0.47522600672243775,0.09450591126844157,18,0.022275256906709732
521,2,0.49072012717424973,0.09073280460047242,21,0.019799521195109637
521,3,0.4850924120328167,0.07085879477083726,21,0.015462656699557277
521,4,0.48495348665830607,0.075101366589881,21,0.016388461771083676
521,5,0.515063208468713,0.14690283737339052,21,0.03205682724130237
522,1,0.4943630082239092,0.13663462637294596,19,0.031346133081479405
522,2,0.48776706861184044,0.08988673130415781,21,0.01961489286540285
522,3,0.47556288963265364,0.09056683452717064,21,0.019763303555871407
522,4,0.4991175271408044,0.07942708267935004,21,0.017332410409887502
522,5,0.5089271742651947,0.07156235105603787,21,0.015616185267776025
523,1,0.4874962103322644,0.18260898138373366,19,0.04189337347550501
523,2,0.4849694200157357,0.09169266310543314,21,0.020008979492987237
523,3,0.49615632726230396,0.09362245867205217,21,0.020430095410121613
523,4,0.4858878101609149,0.05308531267761634,21,0.011584164935027418
523,5,0.48294342272111174,0.08618031733350409,21,0.018806087028385588
524,1,0.4716121406995932,0.1214747377216357,19,0.027868216101143064
524,2,0.4885356992888317,0.1012246852083896,21,0.022089037245977244
524,3,0.4959057866613402,0.06255465515858746,21,0.013650544873146995
524,4,0.4993440977575957,0.07142567658358472,21,0.015586360452748181
524,5,0.5011134968251811,0.08082566077531109,21,0.01763760517131839
525,1,0.5007346904713366,0.10470298552373049,19,0.024020512262365432
525,2,0.4808046964353066,0.0933028614420746,21,0.020360353576870643
525,3,0.4759625671877798,0.06950202164128273,21,0.015166584529697004
525,4,0.4900370427444957,0.0713869111218798,21,0.01557790113548091
525,5,0.5259558776034698,0.07763603167637051,21,0.016941571038712248
526,1,0.45578500557755036,0.1977982644080608,19,0.045378033987498685
526,2,0.4846381177262178,0.11572078121063305,21,0.025252344732245212
526,3,0.5137651618854361,0.07759278471351896,21,0.01693213377771967
526,4,0.5016784501220707,0.08474135563955101,21,0.018492079843400736
526,5,0.5174432240411226,0.1299326114334085,20,0.02905381516591678
527,1,0.47513315558409613,0.15563514140123388,19,0.03570515018061272
527,2,0.49082115421305694,0.08227675352750267,21,0.017954259570238378
527,3,0.4787616770458972,0.06609742556523063,21,0.014423640756875175
527,4,0.48800598081578606,0.08041543969003143,21,0.017548087591558344
527,5,0.5341360955701767,0.11894123211376152,21,0.025955104733934507
528,1,0.5171292663181101,0.18005056042949993,19,0.04130643145473965
528,2,0.49859350517825524,0.07754485116853012,21,0.016921673820660673
528,3,0.48029254678526007,0.09927043829840536,21,0.021662585608280275
528,4,0.49730449801380444,0.08814286107654755,21,0.01923434918348838
528,5,0.4751576492818889,0.10873572076232407,21,0.023728079578044355
529,1,0.4939713249007522,0.1966273383200234,19,0.0451094051197034
529,2,0.49357049579707,0.08228133973654037,21,0.017955260363098764
529,3,0.4730921721213141,0.07635611306287331,21,0.016662269899201113
529,4,0.48888286699322964,0.08767301152740374,21,0.019131819606145885
529,5,0.5354068847097723,0.13094275300792024,21,0.028574051303081
530,1,0.5218945799062789,0.11068623467736023,19,0.025393163757875818
530,2,0.48671501254374433,0.09374289069245623,21,0.020456375831531044
530,3,0.4944442578976877,0.08622712309316831,21,0.018816300882510406
530,4,0.47168236586454676,0.07424028384880418,21,0.01620055811200727
530,5,0.5117275650035741,0.09765056066422335,21,0.021309099328508607
531,1,0.5152305487056426,0.19549510566696324,19,0.04484965313468939
531,2,0.480609521196227,0.09454797497352568,21,0.020632059624808182
531,3,0.4906710510574081,0.07418455235905365,21,0.016188396503894198
531,4,0.46630668249020363,0.0953516722645924,21,0.020807440752053145
531,5,0.49744448946148007,0.14727670634833606,21,0.03213841214023968
532,1,0.534331435007578,0.15276830233272837,19,0.03504745219182273
532,2,0.4969437108350835,0.09272738945080874,21,0.0202347752930467
532,3,0.4714472810360083,0.07139369155183067,21,0.015579380746599683
532,4,0.46200507060258045,0.10963681289343673,21,0.02392471400180401
532,5,0.4951172151547502,0.12310141728030105,21,0.02686293156396783
533,1,0.5369911153190329,0.1579024290830335,19,0.036225301648028466
533,2,0.4635295256766652,0.09246188132884706,21,0.020176836670831703
533,3,0.4682533510808456,0.07485176389641252,21,0.016333993997917764
533,4,0.49992749115254975,0.06045333620880566,21,0.013191999485212698
533,5,0.5348219321056267,0.1236986385448918,21,0.026993255928330896
534,1,0.4597025813227463,0.15377930555800196,19,0.03527939223869437
534,2,0.4916367402817676,0.09175380758982676,21,0.020022322313371182
534,3,0.4613459684697717,0.0661416311116829,21,0.01443328719795872
534,4,0.49456014289887384,0.09367600195028679,21,0.02044177951133429
534,5,0.49142858132890666,0.09751924015497393,21,0.021280442844035484
535,1,0.50789016748855,0.10744999909358667,19,0.02465072039644638
535,2,0.46754417458960146,0.0850270049746735,21,0.01855441363865848
535,3,0.47963879144908445,0.08075694035684791,21,0.01762260914658522
535,4,0.47552619050935097,0.06558643680751142,21,0.014312133868231377
535,5,0.4757264025512515,0.09068786752880043,21,0.019789715122135988
536,1,0.5112360944188277,0.20396156795004003,19,0.04679199279264888
536,2,0.4923039921903848,0.09371942996439113,21,0.02045125628094928
536,3,0.47174656542193294,0.07849357251601995,21,0.01712870179153175
536,4,0.4836910154510762,0.10413303271904895,21,0.022723690703826425
536,5,0.5307898362698973,0.08451585482695526,21,0.01844287153182959
537,1,0.539489679033916,0.13017908744068102,18,0.030683505165994027
537,2,0.4662323808053839,0.11244449002605714,21,0.024537399382148276
537,3,0.5002281872839239,0.08552764402136229,21,0.018663662035196666
537,4,0.49768479156444817,0.08892794741371268,21,0.019405669067637656
537,5,0.520686963350958,0.14313030784220634,21,0.031233593806154383
538,1,0.5174930425613936,0.10812549227122667,19,0.02480568915951922
538,2,0.48898249844761754,0.09135710716037537,21,0.019935755182600587
538,3,0.4753139935895853,0.0938686634203808,21,0.020483821690867973
538,4,0.5082062768081697,0.07104906440572457,21,0.015504176937858358
538,5,0.5292495289239293,0.12579236192744733,21,0.027450143827609932
539,1,0.49556103739258556,0.11862794890884572,19,0.027215117956482345
539,2,0.473083248606792,0.0779351757082916,21,0.017006849618234756
539,3,0.4849405787490107,0.08821076824991715,21,0.019249167743592983
539,4,0.5044563349522055,0.08793765944456358,21,0.019189570516283855
539,5,0.5245068489369464,0.12443105926902488,21,0.027153083233516336
540,1,0.4996661531346325,0.14215671314527023,18,0.03350665861873714
540,2,0.47665722011581946,0.08000063815977142,21,0.017457570476758343
540,3,0.5025849884340486,0.08013824372599095,21,0.017487598473103497
540,4,0.5022029970593611,0.0794679980020251,21,0.017341338865279977
540,5,0.5176856204382874,0.09039917310833505,21,0.019726716834779133
541,1,0.5026479564341176,0.14815571250736317,19,0.03398925151199268
541,2,0.48657681240088585,0.08974241958727851,21,0.019583401467009116
541,3,0.4917858266485343,0.08591762449947839,21,0.018748762752364385
541,4,0.4687462863114297,0.11099221791547272,21,0.024220487626127975
541,5,0.513605476805809,0.07386266908121676,21,0.016118155814102388
542,1,0.49551552526686504,0.12035503114242437,19,0.0276113377945536
542,2,0.473946200101013,0.08849917091409669,21,0.01931210236450868
542,3,0.49132122529370037,0.08030577032886735,21,0.01752415577494159
542,4,0.49661477294584444,0.07957759910454876,21,0.017365255786640228
542,5,0.5070357344813713,0.055887948063300816,21,0.012195750115992221
543,1,0.507366630077021,0.09440650152301383,19,0.021658336829054523
543,2,0.4874886753188447,0.09787475255434887,21,0.021358022009779817
543,3,0.4428626710820136,0.10549777607229294,21,0.023021502119084925
543,4,0.5010445275691304,0.08117071299363403,21,0.017712901738422073
543,5,0.49835079254065545,0.15071494145420175,21,0.032888696551177016
544,1,0.46442775049231355,0.1776816949861662,19,0.040762976450616634
544,2,0.47888685195247405,0.09689744465427251,21,0.021144755941714187
544,3,0.4887575455135212,0.0784637089134378,21,0.01712218501918143
544,4,0.5024789096766629,0.10174692937561307,21,0.022203000266336804
544,5,0.48778751798178727,0.12861699885377784,21,0.02806653013835645
545,1,0.49465338516746304,0.13691105149843597,19,0.031409549354503956
545,2,0.48924714438512334,0.08358726886061621,21,0.018240237461352334
545,3,0.49668272519318013,0.0764035020860646,21,0.01667261103186226
545,4,0.4831912253446411,0.06641729942915187,21,0.014493442956601701
545,5,0.45942720598444675,0.14375380077755623,21,0.031369651119083485
546,1,0.5330721291104403,0.17335368428303546,19,0.03977006269895825
546,2,0.5050321774320918,0.0965058609244746,21,0.021059305366346946
546,3,0.46856506532708364,0.054918581701137524,21,0.011984217033575209
546,4,0.48637020788628554,0.07566342967236765,21,0.016511113991123455
546,5,0.49757684827820015,0.06771359021533714,21,0.014776316797095408
547,1,0.4952299080864164,0.1338354895687701,19,0.0307039670573453
547,2,0.5213947156514482,0.08628569547092678,21,0.018829082423210967
547,3,0.4795723105256459,0.07715728691371032,21,0.016837100366643012
547,4,0.46679599918749726,0.09501283418643541,21,0.020733500221506107
547,5,0.48552759349517804,0.12832919483768304,21,0.028003726153162798
548,1,0.4813287920635433,0.1386960619523614,19,0.03181905883775789
548,2,0.49738904633106573,0.09403794849500302,21,0.020520762722700474
548,3,0.4773243748091301,0.10404424863967354,21,0.02270431642933858
548,4,0.4829838197523386,0.09527495348044904,21,0.020790699340835907
548,5,0.5161512789068579,0.1400470617908941,21,0.03056077435775857
549,1,0.4598283818131432,0.12875021154294697,19,0.029537324267115247
549,2,0.48463085397724204,0.09693833464549602,21,0.02115367886933075
549,3,0.4923988733948798,0.08595086669761005,21,0.018756016794707484
549,4,0.5071631499408265,0.10997740783047229,21,0.02399903791038897
549,5,0.5169591358477463,0.08570428000650533,21,0.018702207167214338
550,1,0.4799091523325755,0.12335338950428942,19,0.028299208378547807
550,2,0.5113594987894589,0.0803996373824524,21,0.017544639245337588
550,3,0.464085521231752,0.07896229106573699,21,0.017230984564565476
550,4,0.49445733214819254,0.09447193376518591,21,0.02061546607275328
550,5,0.5116260592388903,0.07647847940607413,21,0.01668897242445029
551,1,0.4469213801650522,0.15917204397614176,20,0.03559195104482389
551,2,0.48902969590639134,0.08240796612472276,21,0.01798289250637613
551,3,0.47208523371292943,0.09324371119494798,21,0.020347445934735732
551,4,0.47105218762962114,0.09225711976721633,21,0.02013215403485122
551,5,0.4941318779373266,0.1329061557656464,21,0.029002500910555534
552,1,0.4974617887116234,0.15423856529054528,19,0.035384753647273
552,2,0.4844711575541099,0.08575133821912419,21,0.018712476111090302
552,3,0.4889130738119663,0.08324836026195992,21,0.01816628154197072
552,4,0.49483773669356235,0.08777652037577541,21,0.019154407088658308
552,5,0.5123613169556037,0.06313910103337765,20,0.014118332194885964
553,1,0.5245521662485173,0.15808019638903303,19,0.03626608426499254
553,2,0.49008042713573924,0.06474600437456851,21,0.014128736475828674
553,3,0.47401251834728103,0.05828435704735607,21,0.012718689428635337
553,4,0.48020474879297276,0.09406289710203729,21,0.02052620695509182
553,5,0.453701782516406,0.11911081987109381,21,0.02599211181654941
554,1,0.5240685373822102,0.14203349393329637,19,0.03258471824490716
554,2,0.4865338338418321,0.07826280260229358,21,0.01707834366782844
554,3,0.49311475172315494,0.06648971008747653,21,0.01450924425769191
554,4,0.487361767865299,0.0907622948524601,21,0.019805956495680916
554,5,0.5574723064184481,0.12848127934196257,21,0.028036913712824265
555,1,0.4404892553330451,0.17474404083068676,19,0.040089032366679406
555,2,0.47516063711722073,0.07576699885539047,21,0.016533714639736158
555,3,0.4588904930883159,0.07982341465689272,21,0.01741889713785992
555,4,0.47781444408063545,0.07544725996745794,21,0.016463941894185118
555,5,0.5283667152597226,0.07874602133132384,21,0.01718379063939994
556,1,0.4792115640662905,0.16727907878501203,19,0.03837645262065505
556,2,0.4708557123489599,0.08873214289907637,21,0.01936294101955504
556,3,0.49878654281086005,0.08929680873306486,21,0.019486161206536356
556,4,0.4974681236296861,0.08292782436092833,21,0.018096334873902713
556,5,0.5062544792416408,0.04920484449436274,20,0.011002537711170135
557,1,0.4584442230323828,0.14223645684418473,19,0.03263128113005712
557,2,0.4928351636858779,0.08653482810448908,21,0.018883447620895867
557,3,0.5003454642477282,0.07609193083865781,21,0.016604620611594956
557,4,0.49649173339429487,0.09051714335404451,21,0.019752460052908472
557,5,0.4902252863948813,0.1348412987800754,21,0.029424783736469146
558,1,0.469267856433469,0.1719026012987216,19,0.03943716143120479
558,2,0.4792909746446029,0.10037004922503817,21,0.021902540384770533
558,3,0.5061104882978563,0.0833203602281525,21,0.01818199322269033
558,4,0.492528825200404,0.10822528421831037,21,0.023616693192310332
558,5,0.5114030418354155,0.05680321068456866,20,0.012701584043093787
559,1,0.49535442532474494,0.13398641599860864,18,0.031580901113165964
559,2,0.4847346361329939,0.07942635958749292,21,0.01733225261830799
559,3,0.46195673615892574,0.08723942989361173,21,0.019037204336774718
559,4,0.4832268966352541,0.09707764932086745,21,0.021184079823869214
559,5,0.5419160405638369,0.12870640494597704,21,0.028086040147170407
560,1,0.4803565615387659,0.17229305067953207,19,0.03952673666244274
560,2,0.4623228285814895,0.1021253108042181,21,0.022285569863391474
560,3,0.4929116507099057,0.06896352396499217,21,0.015049074702879892
560,4,0.47742170730720773,0.08096096939359541,21,0.01766713193253114
560,5,0.5206030349706355,0.0765207212839508,21,0.01669819035792014
561,1,0.5056866736237138,0.17583583156074686,18,0.041444902957393226
561,2,0.48355903609041434,0.07338742546479975,21,0.016014449154779745
561,3,0.48448960160612875,0.09474632841810511,21,0.020675343895005346
561,4,0.4900527447022312,0.07333480573223732,21,0.01600296658775519
561,5,0.5005861389020161,0.07289573023913473,21,0.015907152459996014
562,1,0.49689099435617506,0.1589286755537496,19,0.03646073873523987
562,2,0.4903205066051549,0.0925158038041576,21,0.02018860351963027
562,3,0.49547921158936714,0.06751420367043755,21,0.014732807085925975
562,4,0.48169771027871733,0.08167503319902746,21,0.017822953429646408
562,5,0.5004388432387038,0.07883120580558865,21,0.017202379415654872
563,1,0.4724368294750053,0.1641088918287264,20,0.036695863784119195
563,2,0.4884040684687319,0.12232119163544453,21,0.026692672369839222
563,3,0.48637924213170225,0.07278167894208935,21,0.015882264426576094
563,4,0.46667179343950965,0.08652117360628087,21,0.01888046796510464
563,5,0.5059567643170877,0.06891811788148698,21,0.015039166283133511
564,1,0.4610753099295636,0.15949438180352896,20,0.035664027974199625
564,2,0.5004800570903076,0.09141867985398226,21,0.01994919144589563
564,3,0.45932334777162676,0.10828835664830058,21,0.023630456724914855
564,4,0.516155255110251,0.08156657191018205,21,0.017799285236022287
564,5,0.49589118343020744,0.09210303945790677,21,0.020098530954826773
565,1,0.48484474593160604,0.14760981157091987,19,0.03386401324803792
565,2,0.49700589198404393,0.09383686089111504,21,0.02047688181002743
565,3,0.48875204131473027,0.08199097097807595,21,0.017891896705236214
565,4,0.48918835532589383,0.09539669398494356,21,0.02081726529688297
565,5,0.5204634446401568,0.14253233695836703,21,0.03110310586146042
566,1,0.47123729899047023,0.1427190158825433,19,0.032741987765978024
566,2,0.47845294122706616,0.0982634416501848,21,0.02144284092423087
566,3,0.5086482695254507,0.09065946251590085,21,0.019783516640148918
566,4,0.46190134141721967,0.08097110610576337,21,0.017669343944474364
566,5,0.5238399926424506,0.08259996706045976,21,0.018024790545495994
567,1,0.45415601385583254,0.15851941409126327,20,0.03544601856615027
567,2,0.48996156410960734,0.08748684381635821,21,0.019091194481011466
567,3,0.48068008649273314,0.07955134204502674,21,0.017359526026507532
567,4,0.4852344845119325,0.09388670237791272,21,0.020487758114122644
567,5,0.516288975435066,0.0721729305651068,21,0.015749424640066376
568,1,0.49357697749855695,0.1598895619162574,19,0.03668118118526081
568,2,0.4663978628735192,0.0757732389374253,21,0.0165350763372727
568,3,0.4894325388983129,0.08366232420469455,21,0.018256615880188044
568,4,0.4907559489450031,0.06896835254232188,21,0.015050128384837623
568,5,0.5143278155507366,0.0656646136807656,21,0.01432919346057815
569,1,0.5026041324152126,0.12719804849850205,19,0.029181233643187154
569,2,0.4584945830963739,0.08834250326708776,21,0.019277914681110155
569,3,0.4932033977242322,0.06463084424260546,21,0.014103606474792398
569,4,0.490629416751524,0.09036517193592641,21,0.01971929717067057
569,5,0.47749104329348746,0.13945394293354646,21,0.030431345212048988
570,1,0.5134806027953601,0.12209440600970803,19,0.028010377756207492
570,2,0.4940871889320458,0.07875544345561362,21,0.017185846715484
570,3,0.46287537227418474,0.07953876719095496,21,0.017356781968381963
570,4,0.507004915471867,0.08462885043686809,21,0.018467529195430696
570,5,0.5105912041090521,0.132901779133769,21,0.029001545851180907
571,1,0.45732612343184853,0.17374326164933424,19,0.03985943787634704
571,2,0.48450123029629744,0.08351058088596801,21,0.01822350277331813
571,3,0.4780982440855239,0.06585989129690382,21,0.01437180652998215
571,4,0.4704608487355444,0.1315141540835392,21,0.028698741240281146
571,5,0.5294202989855155,0.06439971512517365,20,0.014400214075150965
572,1,0.49110958391632037,0.13540244899343415,19,0.0310634522037
572,2,0.5070201856877921,0.1137979936710792,21,0.02483275809199172
572,3,0.4744623389343251,0.07166525969497162,21,0.015638641773851207
572,4,0.4824647604197912,0.08039820579772013,21,0.01754432684793762
572,5,0.5190213540403682,0.12287415913481177,21,0.026813339770920215
573,1,0.48269860280284477,0.15923030927928195,19,0.036529938257742985
573,2,0.4876731465010651,0.09987352085874374,21,0.021794189012235437
573,3,0.45301299451672844,0.09296963292219829,21,0.02028763715229677
573,4,0.48825834652239547,0.059818648121535055,21,0.01305349918985059
573,5,0.5023516592325055,0.07099090788099625,21,0.015491486143728687
574,1,0.49777448952173525,0.11248852828187542,19,0.02580663826780589
574,2,0.46800568440723705,0.0803858268679209,21,0.01754162554399345
574,3,0.4849071669089061,0.08466064381113977,21,0.01847446707848775
574,4,0.49093024822613385,0.04766962240205019,21,0.010402364428921791
574,5,0.513505122461755,0.04798226116810983,21,0.010470587800857311
575,1,0.45660720561670187,0.16427823049288043,19,0.03768801080748146
575,2,0.5001401489189087,0.07880701481099564,21,0.017197100507852073
575,3,0.475671578515671,0.08237484927384678,21,0.017975665817046713
575,4,0.46332656385460425,0.09593504650326207,21,0.02093474344763367
575,5,0.503630498995052,0.06552098345416942,21,0.014297850775556216
576,1,0.527854822946169,0.17516051766547194,19,0.04018457870537174
576,2,0.476706463318004,0.10026561259809526,21,0.021879750444375685
576,3,0.46866531955977697,0.06990023046312048,21,0.015253480818671797
576,4,0.4883753529384323,0.06618474572146228,21,0.014442695577143123
576,5,0.5027350756928194,0.13245209661674906,21,0.028903417081040807
577,1,0.4841812763963548,0.12036177027245178,19,0.027612883857014485
577,2,0.4815851003498745,0.0818880920686937,21,0.01786944668668104
577,3,0.48488975500891335,0.08626682500206319,21,0.01882496454930779
577,4,0.5039691165492355,0.0662349969576409,21,0.014453661295883772
577,5,0.5177929967583351,0.06129897159645801,21,0.013376532255415088
578,1,0.4941776040874336,0.12587569304693633,19,0.028877864496828463
578,2,0.49858679659427646,0.09302011892534487,21,0.020298654101389865
578,3,0.5010551776690813,0.08494061529996651,21,0.01853556186610575
578,4,0.5038136565708372,0.10735612144782226,21,0.023427026326262746
578,5,0.47434042332065307,0.05344037425547114,20,0.011949630957826318
579,1,0.4894004766666039,0.12918169837693905,18,0.030448418309176276
579,2,0.48170651926028923,0.08267872904956078,21,0.01804197782058841
579,3,0.47239205106609894,0.0855707409492824,21,0.018673066555883047
579,4,0.49387151563265724,0.06478861549451298,21,0.014138034984523548
579,5,0.518994920180216,0.08238453538223064,21,0.017977779499182837
580,1,0.4790265150727407,0.13955882289428545,19,0.03201698977240425
580,2,0.4989516588405965,0.06566060438528319,21,0.014328318560576647
580,3,0.4752124813228415,0.07602788495609078,21,0.016590644654222875
580,4,0.4874729140547571,0.08543528269838724,21,0.018643507142157647
580,5,0.5032039300409955,0.08001353019901244,20,0.01789156926447241
581,1,0.4315690151113641,0.16706810432630634,19,0.03832805176038314
581,2,0.5050605527502336,0.09006760580549626,21,0.019654362917482415
581,3,0.4739499628457586,0.0816420416131963,21,0.017815754075390794
581,4,0.49437683990084014,0.07070585992707602,21,0.015429283580608128
581,5,0.4949820832755047,0.1320949796072324,21,0.028825487760656694
582,1,0.48070508433923276,0.16861732233837842,19,0.03868346674754815
582,2,0.47383275810371006,0.10839952560999978,21,0.02365471578119658
582,3,0.49769263338598757,0.06851404083567705,21,0.014950989442704076
582,4,0.4790189309578726,0.08380225927720016,21,0.018287152216480237
582,5,0.5035158002249324,0.08249181163878112,21,0.018001189097559697
583,1,0.4523279169745685,0.13273464322950837,19,0.030451415586544853
583,2,0.49770788281588596,0.09415555630754827,21,0.020546426851429368
583,3,0.4680324165702049,0.07420968848227573,21,0.016193881655672433
583,4,0.49499137872983967,0.07743404819700087,21,0.01689749462998168
583,5,0.5390152913596493,0.10204218288394479,21,0.022267429864009727
584,1,0.47320012789761623,0.12689748914058022,19,0.02911228059751785
584,2,0.4905557286381563,0.09878033028312672,21,0.02155563527119842
584,3,0.4880001675610224,0.10073096767305524,21,0.021981299247044065
584,4,0.47352517982141745,0.06972341432680415,21,0.015214896374445168
584,5,0.4798966525731051,0.05892958019514663,21,0.012859488662677618
585,1,0.4986284681403176,0.11413890380421256,19,0.026185260379424875
585,2,0.49196589860873613,0.09783653778582119,21,0.02134968286361585
585,3,0.4490643752220101,0.09743536767176181,21,0.02126214036770008
585,4,0.48889293639118997,0.08248007610713352,21,0.01799862819460276
585,5,0.5454339897399818,0.12007418584652758,21,0.026202335507233707
586,1,0.4714552021367251,0.17844821511985154,19,0.04093882822961261
586,2,0.48755792115647256,0.09013165366512181,21,0.019668339306284033
586,3,0.4910730319868882,0.07565171362097066,21,0.016508557339105705
586,4,0.4972611330812491,0.08018638328270403,21,0.017498103385606322
586,5,0.5046148398196468,0.07669985771870441,21,0.016737281132776474
587,1,0.5086750573240181,0.12267735939868032,19,0.0281441164357509
587,2,0.46800326929995106,0.1066931606483555,21,0.023282356419293944
587,3,0.4712592533570653,0.06851434790709028,21,0.014951056451180021
587,4,0.48667515104891185,0.08141994381897553,21,0.01776728836330987
587,5,0.5177135558271002,0.06063145215013449,21,0.013230867570146873
588,1,0.419078199659275,0.17639535234608747,19,0.04046786920983397
588,2,0.5140327098381505,0.09808060753530475,21,0.02140294324941858
588,3,0.48234209768562913,0.08218419395375634,21,0.01793406141533431
588,4,0.4950487608381509,0.09019993863481132,21,0.019683240308304505
588,5,0.4918896765391836,0.13849230105983815,21,0.030221497751205775
589,1,0.4511706645720126,0.11509490759853386,18,0.027128129880987464
589,2,0.5054029860346675,0.09325639528061472,21,0.0203502138291495
589,3,0.492004311229246,0.09241944656457113,21,0.020167576646098747
589,4,0.4845032823659846,0.08085636622023434,21,0.0176443056487283
589,5,0.4914319327781635,0.060882853100985845,21,0.013285727755244978
590,1,0.5038880690265422,0.10730297495054111,18,0.025291553743005957
590,2,0.4898066151089423,0.10829981627745762,21,0.023632957421012388
590,3,0.4855321703582448,0.07348788560834187,21,0.01603637135535631
590,4,0.48052849393461905,0.08939247966207832,21,0.01950703831482259
590,5,0.5186328092067866,0.08464227174654597,21,0.018470457965312808
591,1,0.47153182818916967,0.17118671019208972,19,0.03927292474760544
591,2,0.49115614376142297,0.09758110721062271,21,0.021293943342394272
591,3,0.4704934393418346,0.07658125019643153,21,0.016711398849499966
591,4,0.5143360297056672,0.06427211873094688,21,0.014025326150464435
591,5,0.5169103943954231,0.0878416098291867,21,0.019168610771858333
592,1,0.508598670194357,0.1480076582490563,19,0.03395528553567055
592,2,0.46788292637709883,0.09127931234667573,21,0.01991877896248375
592,3,0.4607010148306824,0.10979917880066348,21,0.023960145147525286
592,4,0.5074753836873287,0.08990452156225269,21,0.01961877501799107
592,5,0.5129995942309873,0.07051143538058834,20,0.01576683627020793
593,1,0.4796661626112596,0.1293552289880734,19,0.02967612478829342
593,2,0.4925525783570074,0.09409011613313248,21,0.02053214663463168
593,3,0.4807629776125186,0.08933871663132666,21,0.019495306259679268
593,4,0.4844375558380333,0.07378926547229789,21,0.016102137833428405
593,5,0.5058010101202953,0.0799017402561067,21,0.017435989184871867
594,1,0.4840537328004827,0.13278893878317038,18,0.03129865302671504
594,2,0.4783564616221596,0.09169740994741322,21,0.020010015338829415
594,3,0.4876808175469798,0.07891055759390272,21,0.01721969539548722
594,4,0.5208266285660644,0.07911342384700396,21,0.017263964441239052
594,5,0.512278262818406,0.14362346235130688,21,0.03134120894269067
595,1,0.4978910773607701,0.16282450829721573,19,0.03735450406311912
595,2,0.45692175257267775,0.10230764796866239,21,0.022325359094728117
595,3,0.49544028079829916,0.07489429625509177,21,0.01634327531949551
595,4,0.48140896060370125,0.09971501775202961,21,0.02175960079869243
595,5,0.5422442344791396,0.09518298370133879,20,0.021283562185744807
596,1,0.4890539524188492,0.18098002621766338,19,0.041519665530638745
596,2,0.4818446214948294,0.10060523361861991,21,0.02195386182695437
596,3,0.481663377812244,0.07006293623685658,21,0.015288986129345703
596,4,0.513277190644837,0.06790777240070874,21,0.014818690823908612
596,5,0.504835523144896,0.14487524256493278,21,0.03161436977994728
597,1,0.48682022742604264,0.16551092498288136,19,0.03797081031854322
597,2,0.46933645695369336,0.09542419672451326,21,0.020823266886687578
597,3,0.48783028943153317,0.07201526786080244,21,0.015715019817364177
597,4,0.4737543513988067,0.0799089682350746,21,0.01743756645919291
597,5,0.5253084458021928,0.06603812077824694,21,0.0144106993913787
598,1,0.4643396697866572,0.17311323944208482,20,0.03870929711976994
598,2,0.4824289697648101,0.0861191064902046,21,0.018792729727301206
598,3,0.4971802702593998,0.0760856052139808,21,0.016603240247123514
598,4,0.4934411094794915,0.08257044350430912,21,0.018018347977360537
598,5,0.5018745024565705,0.10400655001874755,21,0.022696089915815305
599,1,0.467245557324177,0.2163447682979091,19,0.04963289378812146
599,2,0.49578470726895546,0.07880190061019043,21,0.01719598449774212
599,3,0.49239810795340794,0.08043027717397469,21,0.017551325396000853
599,4,0.4779778988677402,0.11517061746353427,21,0.025132289160068988
599,5,0.4928494659966502,0.08432880511524161,21,0.01840205393837019
600,1,0.49800878239225677,0.16327745830651574,19,0.037458417921909355
600,2,0.4704443826731751,0.08355957786067122,21,0.018234194789765814
600,3,0.48369842517921785,0.06877157870536059,21,0.015007188813282288
600,4,0.4960464346540234,0.0593025743695315,21,0.012940882664482201
600,5,0.5423302178957036,0.12692920459293847,21,0.027698223235603666
601,1,0.4937491297934798,0.1344328033953681,19,0.030841000247225313
601,2,0.4880051901568112,0.09517692923815928,21,0.020769308697491457
601,3,0.4746727867815377,0.06924248754312885,21,0.015109949546353562
601,4,0.4816109430912573,0.07059306070596862,21,0.015404668772557807
601,5,0.54110421086377,0.10273507456649517,21,0.022418631225137934
602,1,0.43913492808499327,0.1560346805887958,19,0.03579681075653728
602,2,0.48575652926903345,0.08518556185202776,21,0.018589013585917136
602,3,0.49090462897671683,0.09270598005887462,21,0.0202301033807076
602,4,0.5075976149170145,0.06595713172304873,21,0.01439302613062114
602,5,0.5221230471067878,0.09288305764491961,21,0.020268744877942422
603,1,0.523013233769749,0.2114114100816437,19,0.04850110379249057
603,2,0.47302971433079605,0.0811750102538091,21,0.017713839477471273
603,3,0.4685952918560568,0.0706297909438019,21,0.01541268396756565
603,4,0.4926571087629141,0.061654485540387174,21,0.013454111758208789
603,5,0.48637291776199976,0.07965804484710298,21,0.017382810486858878
604,1,0.4709075515159347,0.1740024449570501,19,0.03991889860509368
604,2,0.4835890409036702,0.1009604025405005,21,0.022031366039764546
604,3,0.4880799876973421,0.09160090509958935,21,0.019988956254539742
604,4,0.51778172783569,0.07634237460333722,21,0.016659271921546055
604,5,0.5056107026533289,0.09374217771452267,21,0.020456220246990602
605,1,0.4666204617184134,0.16558103468128157,19,0.03798689458645315
605,2,0.49389808639314126,0.10075102255477326,21,0.021985675581021505
605,3,0.49144240134533,0.06801418087963347,21,0.014841911057682788
605,4,0.48971768010628314,0.09321613601517433,21,0.020341428537182647
605,5,0.5296899707712968,0.07849289576066373,21,0.017128554111405712
606,1,0.4934816922535424,0.12355202065990623,19,0.028344777490883193
606,2,0.4708258332493235,0.09013463056446805,21,0.019668988918978815
606,3,0.47503515747843544,0.09158234228245717,21,0.019984905515748323
606,4,0.4895771250451436,0.0862985932936925,21,0.01883189695888354
606,5,0.46569844169044994,0.13083565164316605,21,0.028550679869222946
607,1,0.4375166881404784,0.1582199584908368,19,0.03629814789014514
607,2,0.4757343259064773,0.09480498124134365,21,0.020688142990348848
607,3,0.47286375408071557,0.10294720564032236,21,0.022464922020522003
607,4,0.5217141041648113,0.08529901401826341,21,0.01861377087827578
607,5,0.48536361923771637,0.13211166021207824,21,0.02882912776705401
608,1,0.47809720973949754,0.1338793015692486,19,0.030714018219587417
608,2,0.476807155973928,0.07913293502540032,21,0.017268222129424724
608,3,0.4890901409268858,0.11209498549048975,21,0.02446113123976885
608,4,0.5112966565141532,0.10036354585552447,21,0.021901121233195826
608,5,0.5395429066604044,0.12508120958193547,21,0.027294957663135954
609,1,0.4683783151608358,0.16674136590237784,19,0.03825309282507387
609,2,0.47693445998013684,0.07374900844869038,21,0.016093353030669593
609,3,0.4824180436846377,0.09687092202521727,21,0.02113896822955824
609,4,0.4857987680387725,0.10452907377912053,21,0.022810113948402076
609,5,0.5107080778540409,0.09824704544826829,20,0.02196870722108392
610,1,0.4785637340416381,0.08665131896359536,19,0.019879175930885354
610,2,0.4938531827760076,0.10414133834894491,21,0.022725503140859405
610,3,0.4877352143848879,0.0762153606306052,21,0.01663155520038598
610,4,0.49862425050811815,0.08796527028103046,21,0.019195595694765307
610,5,0.5236892125767907,0.12360624236405925,21,0.026973093428683752
611,1,0.44290805376623343,0.18319399251746094,20,0.040963422033863044
611,2,0.4927804601121671,0.07233962128301681,21,0.015785799536850623
611,3,0.4736602485815016,0.08661587784069591,21,0.018901134123335106
611,4,0.49955222766815793,0.0824466586701648,21,0.017991335912010353
611,5,0.4856849283511906,0.1309942002306421,21,0.028585278007481865
612,1,0.4656899805382238,0.15687691774247753,19,0.03599003321124223
612,2,0.495212275171158,0.08995097733770717,21,0.019628912499300023
612,3,0.47215641567475924,0.10259410296496871,21,0.022387868699669643
612,4,0.48555126319528696,0.0823724926458466,21,0.017975151558656446
612,5,0.5496830524382608,0.0712616565242753,21,0.015550568341449298
613,1,0.47764392794249505,0.11565009864813906,19,0.026531952253565683
613,2,0.48146411794850963,0.09780073636797194,21,0.02134187035374533
613,3,0.476607202769283,0.09870113410256566,21,0.021538353247761637
613,4,0.45996456628406873,0.09256946274320868,21,0.0202003128601023
613,5,0.522240935438324,0.09968149959268348,21,0.021752286536675325
614,1,0.5081645593423536,0.12144061319706854,19,0.027860387398296507
614,2,0.48894713710272475,0.08699109918499323,21,0.01898301413345918
614,3,0.48203540867485634,0.07838192352025379,21,0.017104337983228694
614,4,0.4766351808179198,0.08664412087217158,21,0.018907297258077594
614,5,0.5173723748622489,0.06722329553436014,21,0.01466932572621868
615,1,0.5053660127368917,0.09048744106548205,19,0.02075924269810677
615,2,0.4818562082972671,0.08912351955940037,21,0.01944834640865855
615,3,0.505586718697169,0.07857096371722715,21,0.017145589936182013
615,4,0.5195462025286516,0.08004078645726104,21,0.017466331553533096
615,5,0.49917086061261723,0.13919992861505986,21,0.03037591474337911
616,1,0.4860941818168065,0.1684619710167049,19,0.03864782671007866
616,2,0.4983566176712393,0.09494237590965982,21,0.020718124964998474
616,3,0.4887399336616397,0.07663457157388286,21,0.01672303452799187
616,4,0.5007908373991128,0.09173753942302906,21,0.02001877230833458
616,5,0.4728363635249092,0.10551196105026991,21,0.023024597535052104
617,1,0.46128871815907635,0.12690072677033754,19,0.029113023360724626
617,2,0.48069340717572034,0.10574513334348411,21,0.023075479900938795
617,3,0.498263839739617,0.07681701325543384,21,0.016762846566831035
617,4,0.5060687994395271,0.06087531346660945,21,0.013284082472138211
617,5,0.5190690180277739,0.046854997991440786,20,0.01047709605944777
618,1,0.5061108767199838,0.1716635514837156,19,0.039382319642463574
618,2,0.47614034713327885,0.07457109239404783,21,0.016272746454822375
618,3,0.4780825730545422,0.0816815583562225,21,0.017824377335682966
618,4,0.49727684384831017,0.07996917996610817,21,0.017450705736106513
618,5,0.52582121047391,0.1328725097708325,21,0.028995158752552354
619,1,0.44915450675659097,0.15282790590797907,19,0.035061126189780176
619,2,0.4932197388219625,0.07582247903058525,21,0.016545821406517086
619,3,0.47987192603515605,0.09133319103111738,21,0.019930536255331296
619,4,0.5016776261020242,0.08055995665772059,21,0.017579623779350774
619,5,0.5061469427845889,0.10165476382155732,21,0.022182888093578323
620,1,0.4560587817367092,0.09466551505853078,19,0.021717758609387555
620,2,0.4847490861349386,0.07434671535362442,21,0.016223783370443782
620,3,0.49470106948869763,0.09116032696892729,21,0.019892814224382552
620,4,0.501994589440238,0.06504856508899777,21,0.014194760636599722
620,5,0.4583048890552466,0.11752380474377935,21,0.025645796723694245
621,1,0.5233093121254297,0.1584242414075584,19,0.03634501360540204
621,2,0.5081965107226099,0.10091750754550535,21,0.02202200558445502
621,3,0.48588507581375107,0.07787535722176793,21,0.01699379615430845
621,4,0.47912481327213335,0.06385862070855541,21,0.013935093484401416
621,5,0.5151072023026851,0.05983495272667242,20,0.013379502172732592
622,1,0.46012977666245314,0.16375268446328078,19,0.03756744227941809
622,2,0.48563267334657084,0.08250528334382241,21,0.01800412886461169
622,3,0.4734874581798224,0.07008032057619683,21,0.015292779703199678
622,4,0.5111005096400923,0.07278346844281836,21,0.01588265492764975
622,5,0.49645467782705394,0.06768610117294684,21,0.01477031819626039
623,1,0.5193786211967854,0.11922876077886828,19,0.027352953652561716
623,2,0.4770989006317424,0.08805404429591901,21,0.019214967773002065
623,3,0.5109367965942262,0.08395069974114533,21,0.018319544581348005
623,4,0.4713521279576728,0.07259116703631108,21,0.01584069132043232
623,5,0.5310260458822617,0.12407115249451632,21,0.027074545136501437
624,1,0.5214945862360117,0.12349927656264557,19,0.0283326771651028
624,2,0.4833576812936179,0.10997199851307483,21,0.023997857500558883
624,3,0.4820689788081861,0.07332830140000851,21,0.016001547226098825
624,4,0.4803230251710019,0.06295124139609304,21,0.013737087085192091
624,5,0.510772828488679,0.06245002151186421,21,0.013627711939511348
625,1,0.4939911932695891,0.11401647721248097,19,0.026157173793037503
625,2,0.477511492213296,0.08931802899586413,21,0.019490791847514666
625,3,0.503759456036706,0.08575826199194445,21,0.018713987002187613
625,4,0.4965072803954812,0.08559724405192082,21,0.01867885000702551
625,5,0.5404062495368249,0.11982656436313939,21,0.026148300069551628
626,1,0.44804570877371974,0.16133930216356532,19,0.037013774408018646
626,2,0.47570517037708937,0.10067658097576777,21,0.021969431096705093
626,3,0.49783878148047994,0.06925592060916047,21,0.015112880881682382
626,4,0.4996814687635728,0.08809606929693263,21,0.019224138380060422
626,5,0.5024619051146373,0.1342739885650332,21,0.029300986498233313
627,1,0.49933147077144,0.14427334980725381,19,0.0330985764239954
627,2,0.475704129516071,0.10895105363563694,21,0.023775069063357142
627,3,0.5156187788393564,0.08347558064588151,21,0.0182158650947687
627,4,0.5359855330041204,0.07690171553357777,21,0.016781330119265785
627,5,0.4722900886088864,0.1515091297565286,21,0.03306200264696089
628,1,0.5652458047613136,0.14256075839530943,19,0.03270568100840376
628,2,0.48714050643756107,0.07914706336320962,21,0.01727130518549401
628,3,0.4784076576306769,0.07410943478333802,21,0.01617200450500189
628,4,0.505911188991162,0.06094114847353727,21,0.013298448848453671
628,5,0.5196331283761314,0.07343929569828614,21,0.016025768167697192
629,1,0.5037748670596632,0.11181604127979458,19,0.0256523591687051
629,2,0.4706994558199654,0.09728132614030213,21,0.021228525749696227
629,3,0.4872548977599505,0.08843550474393004,21,0.01929820926717551
629,4,0.48362276898797285,0.05592788553252478,21,0.01220446518626764
629,5,0.5033850809189205,0.07857533756088361,21,0.01714654438711695
630,1,0.45485476473202524,0.1290060658341235,18,0.030407021321835637
630,2,0.4797517322170719,0.11409153719781424,21,0.02489681454108827
630,3,0.4812734742889044,0.0861839296733175,21,0.018806875305558485
630,4,0.4814088053167037,0.09223183250193015,21,0.020126635901170628
630,5,0.5095545829312149,0.06888769376968312,21,0.015032527197643369
631,1,0.4717436633121461,0.1374843473309345,19,0.03154107243864155
631,2,0.5062928982182748,0.08933182053254284,21,0.019493801407551803
631,3,0.476818614959138,0.08230750275832072,21,0.017960969602513872
631,4,0.48942606154859286,0.0742523837791971,21,0.016203198533289616
631,5,0.5137316889202204,0.10090259164640593,21,0.02201875066842257
632,1,0.4877436031396064,0.1171740767860289,19,0.026881576816472373
632,2,0.47282693530713377,0.10276589473731639,21,0.022425356737791256
632,3,0.4666409252853555,0.0776353826966854,21,0.01694142941973456
632,4,0.4988448873649447,0.0706333143648049,21,0.01541345284106334
632,5,0.5224396905958345,0.08263316884699728,21,0.01803203576930628
633,1,0.4717741807667519,0.11931628259631183,19,0.027373032534540213
633,2,0.4849916679035557,0.08341403548815969,21,0.018202434840296405
633,3,0.4794591705586675,0.0737900446209986,21,0.016102307857614052
633,4,0.5136663757431912,0.0894122538703187,21,0.019511353400825892
633,5,0.49283709026177797,0.16311472301511198,21,0.03559455072278601
634,1,0.5180229119630957,0.1444255244022135,19,0.03313348767037454
634,2,0.48722413667852216,0.08860605137574529,21,0.01933542559335709
634,3,0.48375625094565194,0.07364470044169448,21,0.016070591157448227
634,4,0.48215079174022646,0.08724270561080227,21,0.01903791915686905
634,5,0.49890359810907003,0.06594408199867775,21,0.014390178447300743
635,1,0.49015634260224406,0.14736627207516123,19,0.033808141455891984
635,2,0.4836579037656734,0.10103404600206026,21,0.02204743636057579
635,3,0.4684399714772359,0.08407238482007826,21,0.01834609844254595
635,4,0.49347637983050757,0.05888806704426132,21,0.012850429750474377
635,5,0.5209754920247537,0.13498089593614962,21,0.02945524633335061
636,1,0.47765465503703647,0.16681050864881047,19,0.03826895525898854
636,2,0.48972400018305656,0.08051781383402201,21,0.017570427461274685
636,3,0.4980044256454234,0.09064626243721274,21,0.01978063614682665
636,4,0.4967953072895035,0.08271615558962474,21,0.0180501449612
636,5,0.5195627452101513,0.12617392329351662,21,0.027533407343909133
637,1,0.45159069442927074,0.16280054185787796,19,0.037349005784850176
637,2,0.47955543758865093,0.08595947134186721,21,0.018757894482023512
637,3,0.4973051654073514,0.06959449319343489,21,0.015186763476714493
637,4,0.47928683730639565,0.0699682577760342,21,0.015268325595374253
637,5,0.4965144322769507,0.0879771558693068,20,0.01967229009908646
638,1,0.5225496652351026,0.10846948306534246,19,0.024884606059996008
638,2,0.48509910691031133,0.09114437545652244,21,0.019889333318999492
638,3,0.4630407341479659,0.07475945969803376,21,0.016313851570487627
638,4,0.49534750738342687,0.06113295329740127,21,0.01334030409245436
638,5,0.4771993160280872,0.13927995800701534,21,0.030393378588448504
639,1,0.4898373656505868,0.11073272328010189,18,0.026099953176871176
639,2,0.4852271204117154,0.10575641324910941,21,0.023077941378146408
639,3,0.4889457102623079,0.0664302946888593,21,0.014496278754758127
639,4,0.5084515592684958,0.08688638940209467,21,0.018960164585547987
639,5,0.5617658164142244,0.13566805727502138,21,0.029605197230970944
640,1,0.48803585488839063,0.17488328537403422,19,0.040120977255778935
640,2,0.4869178228854796,0.08656607575497934,21,0.018890266417260684
640,3,0.4627546137700102,0.0853455040743795,21,0.018623915840238387
640,4,0.5264958114742646,0.08791922733395495,21,0.01918554829999424
640,5,0.524182035098073,0.1343602740521213,21,0.029319815535183664
641,1,0.4579092214408338,0.14276153056561425,18,0.033649215451838806
641,2,0.4825833495526238,0.10028233001108143,21,0.021883398482967734
641,3,0.45535917412359067,0.09188004372955184,21,0.020049869297453525
641,4,0.5050044803639271,0.08666563344985351,21,0.01891199168739288
641,5,0.5044978937894916,0.061162399237708824,21,0.013346729723424289
642,1,0.4448760760632092,0.1478709895101538,19,0.03392393157663807
642,2,0.49668976405272647,0.08791002571844801,21,0.019183540342871556
642,3,0.47052280289212806,0.0992707945323719,21,0.021662663344904885
642,4,0.5093154112790762,0.09406698989786504,21,0.020527100076362517
642,5,0.5030116927874223,0.08074450297091144,21,0.017619895086466116
643,1,0.49725342875243095,0.15244872200532428,19,0.03497413543648072
643,2,0.4969650965902588,0.11182464599329989,21,0.02440213832504462
643,3,0.47195052519940445,0.08667281888691432,21,0.018913559678308718
643,4,0.5282653180495488,0.06077646244566861,21,0.013262511410900827
643,5,0.5389674659406709,0.1200950223023005,21,0.026206882394652468
644,1,0.4655344927277775,0.18263835978123868,19,0.041900113342128564
644,2,0.45632272748333264,0.12081266479617125,21,0.02636348482560864
644,3,0.4925213379213662,0.09135611890399356,21,0.019935539527377935
644,4,0.4875730828464149,0.06914574787282685,21,0.015088839219598133
644,5,0.5008514552967368,0.13034392002448908,21,0.02844337523283293
645,1,0.4598907500394269,0.1765558274269653,19,0.040504684718281496
645,2,0.4833594532347484,0.0996583490858883,21,0.021747234681924587
645,3,0.51110250640071,0.09530509331853705,21,0.02079727639271553
645,4,0.48192716192606516,0.08603801359602213,21,0.01877503380701958
645,5,0.5106370763075078,0.0993517829133047,21,0.021680336458525667
646,1,0.5049135087141352,0.13393186155165787,19,0.030726076306524065
646,2,0.46600113349788963,0.08079482437528299,21,0.017630876117161784
646,3,0.485175620385135,0.09361728778913325,21,0.02042896703096039
646,4,0.48776154310057185,0.06900762797392718,21,0.01505869898666064
646,5,0.49656089396393893,0.132078802246225,21,0.028821957571068074
647,1,0.4607071782744897,0.14116245189653143,19,0.03238488749681063
647,2,0.4792678081082797,0.09584908747350726,21,0.02091598564951384
647,3,0.48961277666161235,0.0584930629597637,21,0.012764232792520707
647,4,0.5337692200723234,0.08253683839437484,21,0.01801101474116953
647,5,0.5329052571432263,0.1181997919930111,21,0.02579330923504803
648,1,0.48132882978194524,0.1314458517021334,19,0.030155746532485962
648,2,0.48049196535852157,0.10814360293914446,21,0.02359886887589897
648,3,0.48167336742847877,0.06250427348393597,21,0.01363955069039799
648,4,0.5201636992645382,0.07606975426265065,21,0.016599781285966016
648,5,0.5390449159928492,0.12131743986956242,21,0.02647363577716778
649,1,0.45454614940030574,0.1679921123588889,19,0.03854003374128036
649,2,0.49211839207695623,0.09797442499411221,21,0.021379772319299647
649,3,0.4990302142709617,0.0901888389328809,21,0.019680818154767004
649,4,0.4967110523667491,0.08115907791022955,21,0.017710362755068827
649,5,0.5354971080107335,0.13741356034793697,21,0.029986097228943027
650,1,0.478212972933546,0.15279140848369907,19,0.03505275310640459
650,2,0.4767029251239416,0.09608224708539094,21,0.02096686524810734
650,3,0.4978635219721587,0.08297685484372874,21,0.01810703420241667
650,4,0.501896001731656,0.05965728944011805,21,0.013018287838820508
650,5,0.5135279049963545,0.062048079623207915,21,0.013540001028571301
651,1,0.5186266630758319,0.155996625251723,19,0.035788080263455035
651,2,0.47885908983446623,0.09704650670017473,21,0.021177283946885228
651,3,0.4850173458671818,0.060587778396674945,21,0.013221337175808244
651,4,0.5038472591721798,0.06311152054686328,21,0.01377206286332199
651,5,0.4861060832640063,0.122497295200302,21,0.02673110131822546
652,1,0.46377399116325824,0.18793316616400116,20,0.04202313347694699
652,2,0.46124124729970783,0.096207244502714,21,0.020994141920800527
652,3,0.51478147978786,0.08543763308173842,21,0.018644020037853787
652,4,0.5278182184112867,0.08193305765796255,21,0.017879258982704507
652,5,0.4856056738270276,0.1253574567831442,21,0.02735523974456732
653,1,0.4265696981613306,0.1814707105533747,20,0.040578084472253424
653,2,0.4833721688681315,0.09314885112929498,21,0.02032674577134129
653,3,0.4901703899234108,0.07465801682508845,21,0.016291714920774025
653,4,0.522124884191836,0.08385962619842248,21,0.01829967070499871
653,5,0.5175624850839077,0.07221240246900117,20,0.016147184073926023
654,1,0.46674485850430014,0.12426131408782323,18,0.029288672610217094
654,2,0.4834791422949308,0.10860632119568468,21,0.023699842277614853
654,3,0.503791957553484,0.08093695393830935,21,0.017661891330545562
654,4,0.49252071116103935,0.09141504100149539,21,0.019948397383183065
654,5,0.516507244744609,0.06789488712407929,20,0.015181758293411647
655,1,0.46901270438156534,0.11083845306484469,19,0.025428085050949158
655,2,0.48808200937331697,0.08589794455618924,21,0.018744468236659862
655,3,0.4775991774842474,0.08792300417018231,21,0.019186372473227544
655,4,0.4987603189241027,0.06726895743570288,21,0.014679289969993856
655,5,0.48357995108926566,0.053304315926102845,21,0.011631955361866972
656,1,0.4608295582175456,0.178177691294969,19,0.04087676580779771
656,2,0.4880144213438902,0.10025673292075184,21,0.02187781273991983
656,3,0.4797641974115229,0.07955368317907532,21,0.017360036903840373
656,4,0.49147930849468646,0.08568219852039184,21,0.018697388591901377
656,5,0.5294994931410378,0.12372983314693095,21,0.02700006314857463
657,1,0.47082330082617996,0.1920684102909162,19,0.044063515300242696
657,2,0.49034374068319087,0.10784453916627905,21,0.023533607810338263
657,3,0.46200972393702827,0.055920025390490465,21,0.012202749962655956
657,4,0.50381012383039,0.07305639470616064,21,0.015942212321026297
657,5,0.5179595479017236,0.10284959635832142,21,0.022443621928936307
658,1,0.423162879880082,0.19117952735197818,19,0.04385959156848121
658,2,0.48291612791552263,0.09714204368957813,21,0.021198131827152338
658,3,0.49126858735279344,0.08504608956416806,21,0.018558578237514004
658,4,0.507194222402139,0.08092795564712138,21,0.017659927742426793
658,5,0.5058850129200975,0.07039939716964791,20,0.0157417837646339
659,1,0.4549953559311149,0.19477501240023737,19,0.04468445240944822
659,2,0.4787143294293886,0.08167981872489691,21,0.01782399771700531
659,3,0.5071763735562503,0.09498709619125159,21,0.02072788373049819
659,4,0.5009262010379756,0.06930322421599593,21,0.015123203374966568
659,5,0.49079518708535974,0.13316205279455104,21,0.029058342220320763
660,1,0.5192961780070146,0.15811719999853074,19,0.03627457347522132
660,2,0.48368596718235063,0.08829411400457754,21,0.0192673552783351
660,3,0.49692959982881085,0.08989280008549227,21,0.01961621718206196
660,4,0.48637279215712265,0.07147539526059069,21,0.015597209957549749
660,5,0.5289661812180249,0.12884796270594542,21,0.02811693058289724
661,1,0.4346730443479439,0.19487224423643562,20,0.043574758504061166
661,2,0.49512860823444926,0.08561313472150718,21,0.018682317635417084
661,3,0.5019683662826525,0.10658012709350986,21,0.023257690475429655
661,4,0.4865701902337209,0.06598002117743099,21,0.014398021019065088
661,5,0.4951516670207934,0.05504767934553693,21,0.012012388449170483
662,1,0.4769463499444915,0.11229592110092518,19,0.02576245115003945
662,2,0.48206137603092547,0.09624233235147274,21,0.021001798717129577
662,3,0.4823535862847024,0.08060664767901349,21,0.017589812595510276
662,4,0.5137254767067561,0.056347127569625,21,0.012295951299101888
662,5,0.5073844922744458,0.09744298500896723,21,0.021263802606954263
663,1,0.4556629076386158,0.14434634041084035,18,0.03402275871465567
663,2,0.5064330110421286,0.07926737564172115,21,0.017297559477080282
663,3,0.49325227961962426,0.08744801729357679,21,0.019082721839124905
663,4,0.49935043622070696,0.10535408956027262,21,0.022990147151576483
663,5,0.5530124505672018,0.12759217633660985,21,0.027842895530793714
664,1,0.5070918187410789,0.1700514809910069,19,0.039012485307327725
664,2,0.48449268671857704,0.07806288823620725,21,0.017034718776633213
664,3,0.5014364632507133,0.07500704236468117,21,0.016367878537662427
664,4,0.4901579006105467,0.06862535528933039,21,0.014975280247933079
664,5,0.5200234452031597,0.1262932213182118,21,0.02755944030716744
665,1,0.4751423105433998,0.10846769670241882,19,0.024884196240234923
665,2,0.48652587743873044,0.10884989565174408,21,0.023752994581531513
665,3,0.5049218570811995,0.07851709628408625,21,0.01713383509856958
665,4,0.4837977312936812,0.04778077821065261,21,0.010426620614962488
665,5,0.5070331940021168,0.14298393686714453,21,0.03120165304078461
666,1,0.44397086203615066,0.15244629366578064,19,0.03497357833718223
666,2,0.49026012658750173,0.06384977608819613,21,0.013933163430006675
666,3,0.497815986186134,0.06568213114370906,21,0.014333016084383962
666,4,0.517216138261268,0.11584782051775548,21,0.025280066981822513
666,5,0.4771312556764374,0.1294360619851892,21,0.028245264366863122
667,1,0.46842181504953667,0.16796978194012346,19,0.03853491079187165
667,2,0.4922237365554662,0.12491716909578694,21,0.027259161094335335
667,3,0.4733212980318321,0.07226106043938751,21,0.015768656155298676
667,4,0.5177538755439459,0.05954356505944986,21,0.012993471144402701
667,5,0.4963755009498915,0.0781047175003752,20,0.01746474576942564
668,1,0.5045781492771478,0.1205527329807422,19,0.027656693706878847
668,2,0.4653214449200713,0.08299600142542822,21,0.01811121232908036
668,3,0.4912597120638798,0.09712863989223736,21,0.021195206878775484
668,4,0.48344606758609754,0.07817351332784239,21,0.017058859150737
668,5,0.5334393421117541,0.12207009423779716,21,0.02663787842548087
669,1,0.49605551123413316,0.11333221722823081,19,0.02600019378659249
669,2,0.4958105841295386,0.1117302713908854,21,0.024381544098413872
669,3,0.4804732960874291,0.08917024141591788,21,0.01945854195361571
669,4,0.49978432420242,0.07018802662632177,21,0.015316283090223596
669,5,0.520983454834827,0.06355769493453825,21,0.013869426096877758
670,1,0.4567385345417176,0.12900658186431058,19,0.029596139652533514
670,2,0.4764347055565672,0.11271844910355057,21,0.024597182154049893
670,3,0.49912524597547664,0.0626705012719453,21,0.013675824567595982
670,4,0.5434962086597394,0.09163782756889113,21,0.019997013397893084
670,5,0.522115392020473,0.08511286487847826,21,0.01857314980572262
671,1,0.43957089369122243,0.1518751139567599,19,0.03484254072506527
671,2,0.4828185003551084,0.09753708948439618,21,0.021284337887044133
671,3,0.5032014306371917,0.09467271828609429,21,0.020659280847297953
671,4,0.5010412164621003,0.06697443376168455,21,0.014615019635225022
671,5,0.5408172049962828,0.13075815007386773,21,0.02853376764028069
672,1,0.4604767178249219,0.13090192317231872,19,0.03003096076964539
672,2,0.48205070593671107,0.08413363654916459,21,0.018359464665640476
672,3,0.5032220050412379,0.07966372676273457,21,0.0173840503825005
672,4,0.520171563046783,0.0645994172816368,21,0.01409674854967329
672,5,0.4816035076177779,0.13332142618383722,21,0.02909312034509055
673,1,0.4427885306449735,0.157160888494923,19,0.03605518056981228
673,2,0.470894288125322,0.1111503904990642,21,0.024255003713612482
673,3,0.5218715441796826,0.07523496369398072,21,0.016417615049281957
673,4,0.49221753161017046,0.08226613560547921,21,0.01795194254969573
673,5,0.5338727721024833,0.07445250626844119,20,0.016648086511146368
674,1,0.47330217391857043,0.20226693401399284,19,0.046403217104568656
674,2,0.5116623403473209,0.09265528356555781,21,0.020219040498893646
674,3,0.4949470790881713,0.0864598787557805,21,0.018867092332146118
674,4,0.5024850931415317,0.07948641460554261,21,0.017345357697644878
674,5,0.49777208180037935,0.07473857131809446,20,0.016712052600847526
675,1,0.4314820601476046,0.1982593154935817,20,0.044332130661622594
675,2,0.48709409869812714,0.09114578476074241,21,0.019889640854393074
675,3,0.4822704057981874,0.0800276064759674,21,0.017463455445821847
675,4,0.49540147455093786,0.07537302117875953,21,0.016447741662341676
675,5,0.4893041525563665,0.1321887933486735,21,0.028845959597389115
676,1,0.4550112253984324,0.18780811201435085,19,0.043086135844616964
676,2,0.4947066661174319,0.09267280107297718,21,0.020222863132404893
676,3,0.49643153892061553,0.06600186739727089,21,0.014402788255068183
676,4,0.4870041773435063,0.07199816489404161,21,0.015711287644040853
676,5,0.5265452739312283,0.13327782649033762,21,0.029083606111960134
677,1,0.468901583329773,0.10986639299917202,18,0.025895757171406922
677,2,0.48202751208464967,0.09041807031655416,21,0.019730840543688056
677,3,0.48566144446092896,0.06403018294852256,21,0.013972531434451207
677,4,0.5041909147468916,0.0705411528767798,21,0.015393341555585492
677,5,0.5144465599327575,0.13001312229333717,21,0.028371189249846107
678,1,0.4210640942304599,0.1598150617215421,19,0.0366640896684167
678,2,0.45817398022894906,0.0893878887076202,21,0.019506036486426567
678,3,0.48205652523355497,0.07990748153698148,21,0.01743724203507161
678,4,0.5317500097940019,0.06483434522859148,21,0.014148014030615212
678,5,0.5389880012899688,0.13048660779461746,21,0.028474512256992823
679,1,0.49879372078745376,0.1701397900799926,19,0.03903274480178483
679,2,0.4756265877154381,0.08485288894295738,21,0.018516418405561126
679,3,0.4978068154465612,0.06961696789357943,21,0.015191667858363723
679,4,0.48455598039225206,0.07007427857693424,21,0.01529146123086779
679,5,0.4944424372580885,0.13710905557509906,21,0.029919648839847546
680,1,0.46448034494953355,0.11180001303769066,18,0.026351515785231833
680,2,0.4704340827307631,0.10459539412068074,21,0.02282458623341707
680,3,0.48791228324458435,0.06238406366762555,21,0.013613318757897072
680,4,0.5210649901839327,0.058298549041309565,21,0.01272178637561411
680,5,0.5406418684923633,0.11837437544419403,21,0.025831406467435286
681,1,0.4825701048038449,0.08514951354005915,18,0.020069932812970523
681,2,0.49322801557429347,0.12091325217955987,21,0.02638543479219606
681,3,0.511767070547538,0.12254547815944353,21,0.02674161570191465
681,4,0.49570894643952573,0.06570543859127258,21,0.014338102186418058
681,5,0.5236110090517007,0.12314584928791088,21,0.026872627422927398
682,1,0.4817754021010985,0.1420449132484721,19,0.03258733801547851
682,2,0.49116670640636634,0.08622156335771596,21,0.018815087648769723
682,3,0.48989358752337775,0.0945045158831419,21,0.02062257607379306
682,4,0.4859101763592241,0.08907519325113242,21,0.019437800743625423
682,5,0.5525185476917593,0.12663456027841727,21,0.02763392657491882
683,1,0.48586081653043794,0.10975856120300564,18,0.025870340973308002
683,2,0.4822391697293525,0.0902346580535081,21,0.019690816706602738
683,3,0.499510185303584,0.07702919272457366,21,0.01680914792293812
683,4,0.5160468120031458,0.08244955301424091,21,0.017991967509668257
683,5,0.5402697997676323,0.11915345821118684,21,0.026001416265167675
684,1,0.4509737348299544,0.13201399337119907,19,0.03028608717043711
684,2,0.491996747965016,0.09975676353019217,21,0.021768710474329322
684,3,0.49012708063071075,0.08697855963734957,21,0.018980277779827866
684,4,0.5322297168955891,0.11011375250633179,21,0.024028790757899942
684,5,0.5157747166826934,0.06716134203667873,20,0.01501773262541278
685,1,0.5006707013626126,0.10890110028384811,18,0.025668235496461755
685,2,0.4982520981939856,0.11512240830927876,21,0.025121769060137293
685,3,0.506778374820331,0.0767794686510819,21,0.016754653662479607
685,4,0.5218889448548902,0.0831660658545471,21,0.018148323430006875
685,5,0.5287875131024203,0.139405295519722,21,0.03042072947603878
686,1,0.45071453873561695,0.1776530377893215,19,0.04075640203877183
686,2,0.4859654433045291,0.07978310697419269,21,0.01741010128038082
686,3,0.49272078619135584,0.08675704136274415,21,0.018931938529294753
686,4,0.508102276773163,0.08064912146846899,21,0.017599081136235584
686,5,0.5369937713628757,0.13794832794504508,21,0.030102793085750527
687,1,0.4659342991516386,0.16770615979979428,19,0.038474431725083504
687,2,0.48286429261196384,0.09336987134543002,21,0.02037497633660578
687,3,0.5286587948604567,0.08112467779391412,21,0.017702856034262603
687,4,0.4760643655622011,0.07046320494990072,21,0.01537633192343367
687,5,0.5099905981540247,0.04454620476982915,20,0.009960834200496335
688,1,0.4542453187974583,0.16252945760074977,19,0.03728681479106036
688,2,0.48997192915358023,0.08195577714784709,21,0.01788421678185435
688,3,0.5029613311240707,0.09700155865344981,21,0.021167475478958687
688,4,0.4925414154466759,0.062237243027033436,21,0.013581279867463965
688,5,0.49084072193132855,0.06263058675841587,21,0.013667114506663794
689,1,0.4870897226816931,0.11817341279061774,19,0.027110840219348398
689,2,0.47435318922162334,0.09588780919622945,21,0.020924435422152582
689,3,0.5027661944878192,0.06897720195026016,21,0.015052059483967753
689,4,0.5027029120183308,0.10285401635430651,21,0.022444586451135024
689,5,0.5088262250221095,0.07800449014430866,20,0.017442334251288653
690,1,0.45905145473242154,0.1579376044867517,19,0.03623337143908667
690,2,0.491083183033761,0.0969230569751501,21,0.02115034500834014
690,3,0.4904313969486231,0.08769018476322216,21,0.019135567113434705
690,4,0.502030387576197,0.05649205105065986,21,0.012327576195378971
690,5,0.49358080962159145,0.06699054333359071,21,0.01461853503201899
691,1,0.5210783679623369,0.11651612712336833,18,0.02746311453550919
691,2,0.47586667901138485,0.09200696406298793,21,0.020077565584843998
691,3,0.48848882137814376,0.07742030707397438,21,0.016894496071105367
691,4,0.5005092954106305,0.06914006777206366,21,0.015087599719993263
691,5,0.5201654523759915,0.1015465557648211,20,0.022706500157111315
692,1,0.4335029911427839,0.14803113964462986,19,0.033960672537268366
692,2,0.5030160508106302,0.08471207025572729,21,0.018485689248727972
692,3,0.49327328657006,0.07195994768530192,21,0.01570294796537897
692,4,0.4909309471531884,0.059100420769608,21,0.012896769132403283
692,5,0.5505596912295861,0.12100234644153818,21,0.026404876754077104
693,1,0.47291701244637885,0.15234634042324877,18,0.03590837680074448
693,2,0.4687350403613354,0.11949355455984141,21,0.026075631372848043
693,3,0.4799483080896588,0.06859419680084819,21,0.01496848090831355
693,4,0.5236489005624358,0.13182118352582847,21,0.028765740557417846
693,5,0.48877516749143546,0.1219206936408031,21,0.026605276542404827
694,1,0.4433643997032303,0.16975578448125878,19,0.038944647875540896
694,2,0.4747969659672253,0.08245103115501794,21,0.01799229006643009
694,3,0.512210133488549,0.08576195376932493,21,0.0187147926140588
694,4,0.49670191252099616,0.06421490065037701,21,0.014012840141639126
694,5,0.5333038087468809,0.12815790140298428,21,0.027966346861231558
695,1,0.43816740859928555,0.1664019477916623,19,0.038175224970115114
695,2,0.4874051216285239,0.09957722155149547,21,0.021729531202529333
695,3,0.49113976806147236,0.08520569945339539,21,0.01859340797080199
695,4,0.5157903854453313,0.06059512215136201,21,0.013222939714462466
695,5,0.5221950652029324,0.09044522321174793,21,0.01973676579119104
696,1,0.4447867518442472,0.16506416712543895,19,0.037868317036815625
696,2,0.48628975893710513,0.08602734906079418,21,0.018772706614641785
696,3,0.4965250936184865,0.09216818074752435,21,0.020112745949614375
696,4,0.5229736194719684,0.08843217630362127,21,0.019297482941953555
696,5,0.5207533965377714,0.12380883264565927,21,0.027017302252516827
697,1,0.4765682476925616,0.11825318234377595,19,0.027129140609926713
697,2,0.5038125436710174,0.08228656257463568,21,0.01795640007980897
697,3,0.4791642489687349,0.08495888472327252,21,0.018539548581115416
697,4,0.5125188054689216,0.08194205150693681,21,0.017881221601452772
697,5,0.5275298292724295,0.1337134381928091,21,0.029178664378635567
698,1,0.4987275230697579,0.10865439974992282,19,0.024927028856893924
698,2,0.4748904818054888,0.092860662960331,21,0.020263857957118995
698,3,0.49653532241538867,0.06266287835998859,21,0.013674161111831331
698,4,0.5148659126513137,0.06667265082321748,21,0.01454916519908352
698,5,0.491910912000746,0.13268602746797403,21,0.02895446497785623
699,1,0.47561440439809755,0.0958080035643667,19,0.021979863448392582
699,2,0.49820113158268303,0.10539746957472801,21,0.022999613446809345
699,3,0.4846100909972734,0.08414192412750286,21,0.01836127316350062
699,4,0.5059686163037127,0.10173710204241303,21,0.022200855766419243
699,5,0.5030410221188355,0.07045536714699109,20,0.01575429903203775
700,1,0.4308431817316335,0.18950269906168413,19,0.043474900775688476
700,2,0.4475407523745635,0.09799005963850672,21,0.021383184078414007
700,3,0.49242732404304623,0.08618099897092917,21,0.018806235773866392
700,4,0.5154493952134291,0.0747939871982536,21,0.016321386088740723
700,5,0.5366793855035048,0.11370959898516443,21,0.024813468790123323
701,1,0.46567035928751355,0.134392591448394,19,0.03083177499389989
701,2,0.4743765924438005,0.10049297269377197,21,0.021929364484778113
701,3,0.49719824610223967,0.07492597485461892,21,0.01635018815664996
701,4,0.5091741027838742,0.10553955287687665,21,0.023030618565241984
701,5,0.4782775553897472,0.1233882257916102,21,0.02692551831220744
702,1,0.46954276647908305,0.13452488254016132,19,0.030862124651802228
702,2,0.47381061121566376,0.10938372122288523,21,0.02386948487141996
702,3,0.48971672487973034,0.07189684353921715,21,0.015689177511755206
702,4,0.5012866000825694,0.08129997626020041,21,0.0177411092957372
702,5,0.5317647690454659,0.07911185402389972,20,0.017689948342348005
703,1,0.48039929267914855,0.17002825957438017,19,0.03900715794899079
703,2,0.4753310645243528,0.11502533742026184,21,0.025100586455532686
703,3,0.4856766148882099,0.0643983533256847,21,0.01405287279740292
703,4,0.4980771383494476,0.0647937302252329,21,0.014139151110270375
703,5,0.5057497436304108,0.07629387557209183,21,0.016648688565269194
704,1,0.4425322638352358,0.12270364095038849,19,0.02815014583722329
704,2,0.4871807179796785,0.07370573865055945,21,0.016083910786610523
704,3,0.4989024782197789,0.072329816240561,21,0.015783659901172243
704,4,0.5448501662471855,0.11113241476921494,21,0.024251081087769324
704,5,0.48085041736370604,0.06354203238559614,21,0.013866008248491891
705,1,0.490184030651582,0.11706057044408417,18,0.027591441056859158
705,2,0.49067718918478287,0.08533322679885452,21,0.01862123671907548
705,3,0.5022019716949367,0.07248273946547362,21,0.015817030484680757
705,4,0.488838759213468,0.06799394273453292,21,0.014837494732356658
705,5,0.48773530807129883,0.13949798453098045,21,0.030440955876523654
706,1,0.5084298314589241,0.1820043395155718,19,0.04175465911759178
706,2,0.4907369706852866,0.08540562445111793,21,0.01863703518201044
706,3,0.5110750058128305,0.09308131069120518,21,0.020312007239435718
706,4,0.4970436238855382,0.07498601979692797,21,0.01636329103727998
706,5,0.4756946546876931,0.12327319588833115,21,0.026900416729399836
707,1,0.48119196988921015,0.1580444400115846,19,0.03625788118941965
707,2,0.4957854016220512,0.08930552177786062,21,0.019488062548789216
707,3,0.5353863110050259,0.06843521248285431,21,0.014933787685860317
707,4,0.4835128346788123,0.06413324955105379,21,0.013995022411009365
707,5,0.5086039605746555,0.06648228320645069,20,0.014865890454901642
708,1,0.46154990443962424,0.09853198302876906,19,0.02260478719626679
708,2,0.504035674247553,0.08206673362748966,21,0.017908429470749963
708,3,0.4921924450245847,0.07864442668005066,21,0.017161620868939846
708,4,0.514556567308305,0.07127233296485638,21,0.015552898131788132
708,5,0.4753838671498566,0.1033435531125851,21,0.022551412129719544
709,1,0.480048736167851,0.10916092469133559,19,0.025043233648051878
709,2,0.47855622610998855,0.1089191981495603,21,0.023768117626393057
709,3,0.4799226324515483,0.07578927676465118,21,0.0165385760780939
709,4,0.5088162700953096,0.07875700831788374,21,0.01718618819642709
709,5,0.5314593121387986,0.08740357813491913,21,0.019073024419678765
710,1,0.46818766980878085,0.13342520656836743,19,0.03060984168171331
710,2,0.493150138043234,0.0806859976617342,21,0.017607128181329854
710,3,0.49176894874204485,0.07692115064359786,21,0.016785571207970872
710,4,0.4971363561895167,0.06755577538365357,21,0.014741878777477471
710,5,0.5185000708657914,0.0661658792903833,21,0.014438578584356784
711,1,0.4940769131275838,0.17972124254177022,19,0.04123088074984944
711,2,0.49878010970391656,0.09123019101044028,21,0.019908059808124875
711,3,0.5024830004551311,0.08083419216090092,21,0.017639466872282593
711,4,0.48227781715579515,0.08067236466310532,21,0.017604153217131466
711,5,0.5120654624153389,0.14999246344201947,21,0.03273103892361671
712,1,0.4563186721447971,0.14968371403498218,19,0.03433979910380674
712,2,0.49555654770372615,0.09249913374420103,21,0.02018496581431644
712,3,0.5136556287911536,0.08579253906978707,21,0.018721466873797884
712,4,0.5135234637359882,0.11317143464420794,21,0.024696031703039554
712,5,0.5343115987413548,0.14257129767872456,21,0.031111607787658913
713,1,0.48103612371205584,0.1192559931665937,19,0.02735920119077679
713,2,0.4771714075565216,0.09266909753875624,21,0.02022205495498078
713,3,0.5192382382476735,0.08266581141379895,21,0.018039158961365626
713,4,0.5278947690838639,0.07718571437471453,21,0.016843303747208115
713,5,0.4922535229844837,0.06247433606510239,21,0.013633017810021013
714,1,0.4761024204365344,0.1148188361353486,19,0.026341247554154772
714,2,0.46234418244853837,0.11027812509834409,21,0.02406465979814149
714,3,0.4705290430976756,0.10173067205682458,21,0.022199452628529886
714,4,0.49683406769291805,0.08857073848739948,21,0.019327719689364125
714,5,0.5403378909134112,0.07998173805345826,21,0.01745344613543345
715,1,0.47694099153726927,0.1030366144475978,19,0.023638220519033776
715,2,0.510271295680691,0.09031636735015741,21,0.019708647136930216
715,3,0.48869877636340964,0.08621042416607365,21,0.018812656877870607
715,4,0.5139204199895041,0.12827859303171532,21,0.027992683933822392
715,5,0.47955829205356326,0.12489579751137198,21,0.0272544974322733
716,1,0.5018686259365556,0.13703086817250126,19,0.03143703718471458
716,2,0.4988892091799273,0.09603179102575472,21,0.020955854833223903
716,3,0.4994022335346194,0.10799847180120993,21,0.02356719866517135
716,4,0.5194749447758013,0.08713602752297793,21,0.01901464008960961
716,5,0.5162733925070445,0.06402523235709898,21,0.013971451126835333
717,1,0.44804315962977626,0.14285092601719598,19,0.03277225002632434
717,2,0.48943579376455565,0.10235388402282188,21,0.02233544862891964
717,3,0.490327146935461,0.08200200258960023,21,0.01789430400022895
717,4,0.4959042388338637,0.0778029866295738,21,0.01697800359636472
717,5,0.509490297850879,0.07380860325136944,21,0.016106357682779248
718,1,0.4739352472105088,0.10604656215592763,19,0.024328749881452276
718,2,0.4817187751520874,0.09572493577575154,21,0.020888893527960372
718,3,0.504394336838533,0.09491055797013999,21,0.0207111817213648
718,4,0.4980311411428616,0.07984881340493195,21,0.017424439599071678
718,5,0.5328930959605156,0.08951778222012458,21,0.019534381574680616
719,1,0.4927610713956622,0.10169267108944492,19,0.023329898767242663
719,2,0.4925859474747935,0.11183520874806151,21,0.02440444330710378
719,3,0.5115715615078192,0.09174953916395445,21,0.020021390866482698
719,4,0.5158025826391235,0.07136051545197127,21,0.015572141128082105
719,5,0.4953913213510627,0.066639735780389,20,0.014901097920757478
720,1,0.4982402802259269,0.11369278655852633,19,0.026082914064113456
720,2,0.4795410685215045,0.10440029776081383,21,0.022782012717374196
720,3,0.512479319775017,0.07665421382190948,21,0.016727320817915736
720,4,0.5064552249818307,0.07571700795410087,21,0.016522805730725745
720,5,0.5006754700821768,0.058482226434628755,21,0.01276186806886827
721,1,0.4859534117673069,0.11797851671880526,18,0.027807803068732557
721,2,0.47711647199729124,0.08977420900312427,21,0.019590338486266814
721,3,0.5140221134579862,0.06891709889919384,21,0.015038943922967313
721,4,0.48263071250154976,0.08916839394006044,21,0.019458138801331838
721,5,0.49366249345463975,0.06911446071660997,21,0.015082011802377003
722,1,0.4857618344022694,0.10586864496152107,19,0.024287932877729304
722,2,0.46790378000280153,0.07163927747874521,21,0.015632971989442624
722,3,0.4865166724024201,0.10682520872353381,21,0.023311171671669077
722,4,0.5164291053174727,0.09912107816639798,21,0.021629992555388257
722,5,0.5050017129507022,0.09045688191220817,21,0.019739309928208368
723,1,0.47617629841275094,0.1056023668837313,19,0.024226844497099522
723,2,0.487767631334693,0.09505074440930034,21,0.02074177291035807
723,3,0.4965184603687514,0.0841652580460468,21,0.018366365041976217
723,4,0.5063336091883682,0.0853017026496857,21,0.018614357585752375
723,5,0.5277940844824274,0.06239151942442725,20,0.013951167865251787
724,1,0.47530468859571245,0.17661248060749676,19,0.040517681849269224
724,2,0.48041098088832224,0.1034451030694951,21,0.022573572147070002
724,3,0.48764893915623525,0.10164559071626443,21,0.0221808863578944
724,4,0.5133643714541554,0.11397145111831423,21,0.024870609610173067
724,5,0.48959111137575784,0.1393992485864634,21,0.03041940992702069
725,1,0.47949181726587536,0.10424663545273098,19,0.0239158183759252
725,2,0.4741149706738036,0.09533028312976792,21,0.020802773260177772
725,3,0.4680611485246292,0.08522242851371477,21,0.018597058551050517
725,4,0.5338468076471153,0.09025564201450283,21,0.019695395782299802
725,5,0.5234244829704129,0.07346049358248619,21,0.016030393925264792
726,1,0.4989267030040892,0.1345260895761135,19,0.030862401564841005
726,2,0.48527348024711325,0.10002294706824619,21,0.021826796484419025
726,3,0.48938265477132376,0.07953465389443536,21,0.01735588437349354
726,4,0.4978500219203448,0.06866597647047133,21,0.014984144516380549
726,5,0.48045028719792204,0.1297614939437949,21,0.02831627944228543
727,1,0.5397307215917267,0.18307885711599475,19,0.04200117036144965
727,2,0.48593460435023883,0.11880352496822559,21,0.025925054571165233
727,3,0.4960496152440208,0.09342869386537521,21,0.020387812462806583
727,4,0.5042283209011381,0.06396218079003507,21,0.013957692146894574
727,5,0.5013837482337559,0.07977361000868143,21,0.017408028872603308
728,1,0.5013899372738473,0.16111497972999247,19,0.0369623113122969
728,2,0.49248503154904505,0.1085801291873475,21,0.02369412671281447
728,3,0.5014405360421211,0.0818659747676232,21,0.01786462029590372
728,4,0.5221620106434629,0.08272996529855937,21,0.01805315848674849
728,5,0.5308806415896898,0.09551542201319503,21,0.020843173876719884
729,1,0.4865757006949763,0.1382528221504657,19,0.03171737265332534
729,2,0.497849537784637,0.08612048131604685,21,0.018793029738895947
729,3,0.4972103023295225,0.06745078793863424,21,0.014718968638724085
729,4,0.5027429675883752,0.06161934774434794,21,0.013446444062489564
729,5,0.49014180380426275,0.13458134443629946,21,0.02936805704801268
730,1,0.4913091348691979,0.10223184959938371,19,0.023453594800787507
730,2,0.49110602140216125,0.0794501638881967,21,0.017337447142586115
730,3,0.4757089188976493,0.07761356714536224,21,0.016936668876150484
730,4,0.5243040854995209,0.09278087262433125,21,0.020246446278335908
730,5,0.498636087307212,0.07647964949380377,21,0.01668922775852604
731,1,0.4770989348941116,0.12881129568449703,19,0.02955133793027681
731,2,0.4878824376456193,0.08510993658739613,21,0.018572510800220682
731,3,0.4885363872009535,0.07285928129535357,21,0.01589919864838276
731,4,0.49239548752532186,0.059689026456559144,21,0.013025213423590669
731,5,0.5390047418780914,0.11822729261722575,21,0.025799310363244322
732,1,0.49959774643181976,0.09907134735111885,19,0.022728525858102262
732,2,0.47609278609636263,0.1154809961736184,21,0.025200019347357716
732,3,0.5159643534535443,0.09157325753635813,21,0.01998292306162126
732,4,0.5084632406431899,0.07912858776489251,21,0.017267273479408405
732,5,0.5163106936077704,0.06515700889009592,20,0.014569550108881259
733,1,0.46812356589314214,0.1033334713539405,19,0.02370632416405693
733,2,0.4911746279137844,0.09209096753833623,21,0.020095896646006993
733,3,0.4830100005450735,0.07697315283276372,21,0.0167969190159783
733,4,0.4926779145934188,0.05003447724727784,21,0.010918418063961734
733,5,0.48500658538383046,0.11644560428768008,21,0.025410514094912778
734,1,0.45277047897052636,0.1858957624291227,19,0.042647412761104786
734,2,0.4692671954152744,0.10023095292008637,21,0.021872187082564328
734,3,0.5229844268945294,0.09042892243038433,21,0.019733208669072678
734,4,0.5064674825609328,0.0736849306408315,21,0.016079370106627678
734,5,0.497417082758209,0.07194324138987783,21,0.015699302352837865
735,1,0.491258651241775,0.13754340940488238,19,0.03155462220768022
735,2,0.4784335357399615,0.09439861245551069,21,0.020599466051246615
735,3,0.49953235008188834,0.08724088518553075,21,0.019037521907506964
735,4,0.5071762855946432,0.05900405947146139,21,0.012875741373221328
735,5,0.523026829898893,0.08698493178810203,21,0.018981668297121335
736,1,0.48164828322808523,0.11134699910965128,19,0.025544753515025432
736,2,0.47983509080591197,0.0847403452219961,21,0.018491859352213647
736,3,0.4824168975414199,0.09801143730642821,21,0.021387849068006
736,4,0.5351234898423508,0.07613510049636268,21,0.016614041003221523
736,5,0.49947891240003583,0.14643598830443263,21,0.03195495242241574
737,1,0.47530808617042036,0.16294767382579922,19,0.037382760173246654
737,2,0.46847904169911897,0.08887723434448551,21,0.019394602568663512
737,3,0.4984263403774367,0.08614355053298857,21,0.018798063854746364
737,4,0.49674735586632923,0.06671252021380741,21,0.01455786541338305
737,5,0.47986681703218803,0.07082424494207794,20,0.015836782614558193
738,1,0.5013989952851228,0.12925216828244426,19,0.029652481040878295
738,2,0.46755072399006986,0.07111105658215502,21,0.015517704739810149
738,3,0.49979993005764783,0.09911368791084835,21,0.021628379869413912
738,4,0.5004322405473599,0.06291306207352272,21,0.013728755673970156
738,5,0.5327991632356875,0.1297810514020113,21,0.028320547229555786
739,1,0.4854646215595697,0.12402624047228261,19,0.028453570977155482
739,2,0.4717194609971489,0.08902272554219258,21,0.019426351350875056
739,3,0.4814116612355126,0.08505549882862685,21,0.018560631507352873
739,4,0.4978625328161814,0.08391344312268066,21,0.018311414520669318
739,5,0.5411454163787445,0.12760036133542257,21,0.02784468164396621
740,1,0.4687738529864243,0.10345441598726127,19,0.02373407076586792
740,2,0.48801169352610885,0.08284077904193586,21,0.018077340028037257
740,3,0.4878176730359858,0.07506422754173536,21,0.016380357366351964
740,4,0.518249307016041,0.08478962449386881,21,0.018502612970954076
740,5,0.515592175770213,0.14995624003315472,21,0.032723134327757086
741,1,0.4781612349920027,0.10417094193089776,19,0.023898453091064583
741,2,0.4786527163528704,0.1037504567652114,21,0.022640205786324974
741,3,0.4965269439535755,0.08764892343609541,21,0.01912656315368077
741,4,0.5023041479350646,0.05796313716045183,21,0.01264859350261325
741,5,0.4682376911301381,0.12413069046203898,21,0.02708753738616317
742,1,0.46694285706793015,0.14289515863314992,19,0.03278239768437442
742,2,0.5020550039893065,0.09579809970062948,21,0.02090485920528862
742,3,0.4948756267507136,0.06837020437090174,21,0.014919601752821804
742,4,0.5195508164259902,0.07476982871101968,21,0.016316114274625246
742,5,0.49754168642741853,0.06131617941796801,21,0.013380287309920559
743,1,0.4644454983397149,0.11722732282846851,19,0.02689379229637436
743,2,0.44879513266951965,0.09768990606098428,21,0.021317685197980274
743,3,0.49782711015320047,0.08164901843436845,21,0.017817276542587534
743,4,0.5068044719714336,0.07506819314714926,21,0.016381222732398892
743,5,0.5281889945000552,0.0588487628485,21,0.01284185287179792
744,1,0.47728703224221153,0.12969272038657248,19,0.02975355062515509
744,2,0.4912099061259005,0.09942185508231721,21,0.02169562745941184
744,3,0.49192246800021183,0.09822148536843668,21,0.02143368531294565
744,4,0.49085030364913707,0.06683002022756279,21,0.014583506018487449
744,5,0.4886565999282575,0.10424484228378214,21,0.02274808955115071
745,1,0.4747641147587071,0.12971668074637593,19,0.029759047508683203
745,2,0.5204003982619009,0.075501065326778,21,0.016475683186179334
745,3,0.47409185803212395,0.09752507611143493,21,0.021281716354141913
745,4,0.522168494104109,0.06793383972144162,21,0.014824379179643049
745,5,0.4694097453539124,0.11991404545779297,21,0.026167390009462468
746,1,0.45986262753963,0.16767392404606019,19,0.03846703633598373
746,2,0.4783613157647724,0.07678508023399058,21,0.016755878210262826
746,3,0.4758674432466278,0.0855294012088921,21,0.018664045484952173
746,4,0.4914829495612251,0.08982957522876461,21,0.019602420387216376
746,5,0.4852990048947487,0.13690877385080674,21,0.02987594378451965
747,1,0.44588626701751777,0.12069476905082543,19,0.027689279016133078
747,2,0.49402110589476456,0.0874243336411539,21,0.0190775536424601
747,3,0.48006272168481035,0.10203716740220238,21,0.02226633539616538
747,4,0.5152260957893867,0.10938972271392462,21,0.023870794504132847
747,5,0.49116244893824523,0.10617695346650124,20,0.02374188855949287
748,1,0.4453517090228689,0.1384788631293444,19,0.03176923001037962
748,2,0.4604247399242639,0.07656441618781165,21,0.016707725367654722
748,3,0.47281719722715837,0.08961452477310357,21,0.019555492530487734
748,4,0.522575805866157,0.06604174376630426,21,0.014411489992188917
748,5,0.48897564063573346,0.13360672729408574,21,0.02915537815145097
749,1,0.5178960826095236,0.1492919388900414,19,0.0342499197214179
749,2,0.4623696752929607,0.09065479198952092,21,0.019782497447735997
749,3,0.47828024039951406,0.08431988539804959,21,0.018400107496503042
749,4,0.495508381750435,0.05141832803118922,21,0.0112203990624283
749,5,0.5078967034716191,0.08172929213713277,21,0.017834793700646195
750,1,0.4617038864005044,0.11285385343285437,19,0.0258904496054191
750,2,0.49675627122903887,0.10571435020447387,21,0.02306876246928914
750,3,0.49232321169654203,0.1046342628616643,21,0.022833068088070636
750,4,0.5099746410038521,0.0649019240663133,21,0.014162760942007468
750,5,0.5444485788991822,0.13648112883577407,21,0.029782623991569283
751,1,0.4641605836084568,0.11820816056670734,19,0.02711881190590036
751,2,0.49916906787686105,0.0889387176787437,21,0.019408019332150007
751,3,0.48724347978990695,0.06590630146717158,21,0.014381934059423472
751,4,0.4904380878196663,0.1020552618081596,21,0.02227028391925844
751,5,0.4874340931515504,0.07325031918069383,21,0.015984530110724055
752,1,0.4649286640482937,0.16844444478314974,19,0.038643805916345614
752,2,0.4674678140295476,0.08970387047181683,21,0.019574989360362602
752,3,0.4813321250536198,0.09825219844598963,21,0.02144038745593191
752,4,0.5078700912170676,0.0762811869335406,21,0.01664591967733458
752,5,0.5343893066280783,0.08995010218506082,21,0.0196287215253359
753,1,0.4405497698467656,0.16720478513852685,19,0.038359408489224735
753,2,0.4810424578223589,0.0904629937592277,21,0.019740643642570416
753,3,0.507225776993181,0.08588915918634175,21,0.0187425511117868
753,4,0.5236525856295434,0.06154172891075677,21,0.013429506244380721
753,5,0.4896573140544075,0.06772588992069749,21,0.014779000812849668
754,1,0.46197005600333824,0.1326032439692868,19,0.030421270528831073
754,2,0.4870937043438457,0.09015035382784506,21,0.01967242001634057
754,3,0.5045737806645437,0.08920669506429735,21,0.019466496791856483
754,4,0.5173583251804699,0.0866923095655351,21,0.018917812893076612
754,5,0.4710945849345737,0.14415860693005877,21,0.03145798706363714
755,1,0.5181682303977336,0.13829178484733515,19,0.031726311309021225
755,2,0.47682454915284694,0.08939351813491092,21,0.019507264928173187
755,3,0.48212948251401067,0.06756890659257637,21,0.014744744242184854
755,4,0.517974030125325,0.05951112791730003,21,0.01298639277967748
755,5,0.5013875191122696,0.07645984781366884,21,0.01668490667766387
756,1,0.42584623622193113,0.15969843244616239,19,0.03663733307761467
756,2,0.47871271003559573,0.0994123045065575,21,0.021693543352919016
756,3,0.51053333656676,0.07743583649756028,21,0.016897884869156863
756,4,0.4941575283342655,0.05976244361175412,21,0.013041234360304445
756,5,0.49582550167998773,0.13145265018269395,21,0.028685319988797413
757,1,0.48733458486025993,0.16240510926122906,19,0.037258287325493626
757,2,0.4750510807173876,0.08989145486289547,21,0.01961592363042499
757,3,0.4831135655849401,0.05499360825421397,21,0.01200058916969923
757,4,0.4680725312561136,0.08795160977018804,21,0.01919261472690973
757,5,0.5376675637827788,0.12091807730610164,21,0.02638648772113013
758,1,0.47107455563441825,0.12867769176152574,19,0.029520687088240367
758,2,0.47943733556593054,0.10857061918869158,21,0.023692051460971628
758,3,0.48274808867680424,0.0982346017149608,21,0.021436547534411748
758,4,0.4973623150084239,0.06985122478909053,21,0.015242786903875389
758,5,0.5287540218002589,0.08303556080925972,21,0.01811984489435911
759,1,0.455542865191892,0.16446336105141499,19,0.03773048267042953
759,2,0.487496654037625,0.10063683099553519,21,0.021960756939881816
759,3,0.5020185243295566,0.08663196769417596,21,0.01890464521721573
759,4,0.48184985194967667,0.0699343252223567,21,0.015260920905100428
759,5,0.4999708586990019,0.06938593517634543,21,0.015141252386233432
760,1,0.4715137192445801,0.15605496273451583,19,0.03580146379988211
760,2,0.4916739109530874,0.0854116434187776,21,0.018638348628434533
760,3,0.46729276734830094,0.07813370500443445,21,0.017050172262389085
760,4,0.5125908479535561,0.07926259337353059,21,0.017296515900605196
760,5,0.47079160186325114,0.12097162096600705,21,0.026398171905630204
761,1,0.4845540924025877,0.12563071125185346,19,0.0288216618185246
761,2,0.48101224679095755,0.13488512973097047,21,0.029434348434100508
761,3,0.471350208270591,0.06823035515401149,21,0.014889084151760858
761,4,0.49450125441801046,0.06973266462067816,21,0.015216914954058417
761,5,0.4671572757476651,0.10734587774866623,21,0.023424790967844705
762,1,0.5127387372466059,0.15129237692805064,19,0.03470885168197038
762,2,0.46832728165653553,0.11130782707764304,21,0.024289359191635933
762,3,0.4821258416969001,0.09042769483757443,21,0.01973294078635963
762,4,0.5250465297165258,0.07905551407486841,21,0.017251327492939585
762,5,0.48085819243628547,0.12899626451787735,21,0.0281492926914152
763,1,0.4839633665484568,0.15239879053043942,19,0.03496268037052677
763,2,0.4704322545890627,0.10236658166300872,21,0.02233821948117219
763,3,0.4894658438751496,0.05799768839606996,21,0.012656133200354884
763,4,0.4970468788120528,0.10343198632775093,21,0.02257070983935982
763,5,0.5413077674270469,0.13807393204276777,21,0.03013020214696057
764,1,0.47695551603864494,0.11428248691859721,19,0.026218200604982853
764,2,0.4807163715362142,0.09071927752212189,21,0.019796569344610927
764,3,0.5043547573942043,0.07633995765000448,21,0.016658744499088985
764,4,0.5046179805955687,0.08255398375370014,21,0.018014756165308836
764,5,0.5127747591391694,0.070996247878343,21,0.01549265142668356
765,1,0.499603846048041,0.13400735618099288,19,0.03074339596231624
765,2,0.4627886086409281,0.11216592895250996,21,0.02447661237237694
765,3,0.5110769010617557,0.08047780956122898,21,0.017561697813265362
765,4,0.49338094255251763,0.11250189400662867,21,0.024549925957679745
765,5,0.5058066342799747,0.05218971636663465,20,0.01166997535222284
766,1,0.4568271511838545,0.16225233933881694,19,0.037223239501630104
766,2,0.48522565050632604,0.08488393927099648,21,0.018523194142636954
766,3,0.4816276323002673,0.08581737867766483,21,0.018726887320623258
766,4,0.5365382687758073,0.07557112042363935,21,0.016490970461616693
766,5,0.5055097139821082,0.0705095337115054,20,0.01576641104407391
767,1,0.4770674590390478,0.1271936159217959,19,0.029180216740349173
767,2,0.4906907018093094,0.0934354939555682,21,0.020389296364141912
767,3,0.4923541371386452,0.08210163065715939,21,0.017916044626939995
767,4,0.4976584853078742,0.07573000621344186,21,0.01652564218345588
767,5,0.4753504338229718,0.13108199384197625,21,0.028604436144123405
768,1,0.47367468008312674,0.1844721596651205,19,0.04232081588826106
768,2,0.479680259726672,0.10414533315848659,21,0.022726374879769487
768,3,0.4899710876061713,0.08299194675419244,21,0.018110327527277693
768,4,0.5382263153544918,0.07377763555544718,21,0.01609959997750962
768,5,0.5137119421799723,0.06794103209779966,20,0.015192076623217516
769,1,0.44113436770194925,0.17864612520365497,19,0.04098423191672876
769,2,0.5052188772846918,0.08228976386615755,21,0.0179570986588909
769,3,0.4984731114708194,0.09258772325086402,21,0.020204297629557486
769,4,0.5025654117037425,0.08673254139236582,21,0.01892659219744795
769,5,0.5112638487643327,0.06211070080592503,20,0.013888374913219934
770,1,0.4497198914601657,0.16143783047513197,19,0.03703637835292374
770,2,0.4639271789500028,0.10431047086254493,21,0.022762410881147513
770,3,0.5155864413305898,0.08455856027418286,21,0.018452190624425182
770,4,0.5148111929517067,0.06651905666797546,21,0.014515648206574026
770,5,0.48311317578730156,0.13836555724403238,21,0.03019383998312018
771,1,0.4579434920330188,0.15793944311854793,19,0.03623379325014952
771,2,0.49644304818731655,0.08711116087990195,21,0.01900921374322032
771,3,0.49809017372170367,0.06947338848661247,21,0.015160336263094057
771,4,0.5111913641647542,0.09406033650381967,21,0.02052564818675103
771,5,0.5004610748819316,0.15096329142934845,21,0.03294289095879369
772,1,0.4759736028049348,0.1135486070710833,19,0.026049837021192634
772,2,0.4753602867271902,0.08529547584835472,21,0.018612998786303007
772,3,0.4932371424573081,0.08781207601543314,21,0.01916216596533041
772,4,0.5155575357085312,0.07581282148482313,21,0.01654371395725602
772,5,0.4778019302711094,0.06744970087743081,21,0.014718731422521716
773,1,0.4475517133119354,0.13437019665023286,19,0.03082663727484487
773,2,0.4806391084467375,0.07793790040584091,21,0.0170074441959855
773,3,0.4920679895375683,0.07686420067922593,21,0.016773143706896615
773,4,0.4857484502791964,0.09562321847378741,21,0.02086669699292526
773,5,0.508914149239929,0.07638820811913577,20,0.017080922603378894
774,1,0.4822464285898192,0.16993586132290878,19,0.038985960336321124
774,2,0.472527492669292,0.07817765678760694,21,0.017059763327785096
774,3,0.49632643666908394,0.06855731925596434,21,0.014960433568271914
774,4,0.48010394047903404,0.052707747423141216,21,0.01150177344176944
774,5,0.49878538339519113,0.08212575304655424,21,0.01792130856386119
775,1,0.46165647710343977,0.15712448433637577,19,0.03604682888306323
775,2,0.5073130815962645,0.0830723318609107,21,0.018127868995672144
775,3,0.4732499544204702,0.06487505923502991,21,0.014156898555203261
775,4,0.5408269835769606,0.07687515266600657,21,0.01677553362634578
775,5,0.5003476479378884,0.06486852011113398,21,0.014155471601382698
776,1,0.49782945646727095,0.16190616564833843,19,0.037143821810382296
776,2,0.4648499905784322,0.08241716280072978,21,0.017984899385611566
776,3,0.49322046827711735,0.08336958169347772,21,0.01819273422700792
776,4,0.5008982277886902,0.057823399618095114,21,0.012618100270933404
776,5,0.4815686655811604,0.13855565190595723,21,0.030235322039190545
777,1,0.4958803588394926,0.12970327717977392,18,0.030571355611978844
777,2,0.473682112585308,0.08940452061789694,21,0.019509665866797754
777,3,0.49417629343099345,0.0755004608623849,21,0.01647555128123475
777,4,0.529361559618095,0.09789405611005621,21,0.021362234390980325
777,5,0.5269314172625233,0.12526700553902825,21,0.027335501664907117
778,1,0.485420100412757,0.15408110634727362,19,0.035348630088247845
778,2,0.4811793502027007,0.08782858887051859,21,0.01916576936572893
778,3,0.5076681679283767,0.09598781931767092,21,0.020946259419855784
778,4,0.48885049681415554,0.05560901662346075,21,0.012134882285669835
778,5,0.4681831221199782,0.13770876512297206,21,0.030050516192138773
779,1,0.5040176224049647,0.18868641762625946,19,0.04328763297113561
779,2,0.481725223858467,0.06566440054301664,21,0.014329146950108245
779,3,0.48861069774021587,0.0814063383939932,21,0.01776431941617446
779,4,0.47213569844590725,0.07621207451227206,21,0.01663083811057626
779,5,0.5075296428405972,0.1315972470309602,21,0.02871687360796085
780,1,0.464927068373554,0.15192670287887158,19,0.03485437603549111
780,2,0.47519907880659157,0.10901087182816635,21,0.023788122463128638
780,3,0.4763688168439476,0.06344135408515592,21,0.01384403844217728
780,4,0.4973819528047075,0.09088849175504804,21,0.01983349491751797
780,5,0.48597189034197624,0.12742141330282594,21,0.027805631981831093
781,1,0.5111728239436764,0.11740838818515979,19,0.026935331538058226
781,2,0.455453266933793,0.08468944682134838,21,0.018480752410607915
781,3,0.4973908023799772,0.09832703195042333,21,0.021456717465388395
781,4,0.5116719168715766,0.09685368463332926,21,0.021135206722267267
781,5,0.496363213796455,0.0757264471723825,20,0.0169329483571994
782,1,0.4891645232823696,0.10318962417934793,19,0.023673323358932567
782,2,0.45933859009863326,0.07940772906573616,21,0.017328187105156236
782,3,0.4965006257292763,0.0657100622236914,21,0.01433911114572972
782,4,0.5279124672996722,0.0781594920008303,21,0.017055799446338112
782,5,0.5103790103232663,0.049798684718052294,20,0.011135324421964488
783,1,0.483612423027817,0.18630475590901427,19,0.042741242300442385
783,2,0.4638390440998718,0.09635086289747681,21,0.021025482023904748
783,3,0.4805343800065051,0.07721850203275668,21,0.01685045860077185
783,4,0.48078153421316033,0.055678386596201224,21,0.012150020054766989
783,5,0.4715317220576905,0.12249555653646516,21,0.026730721910671152
784,1,0.5001176745883851,0.14522830044720483,19,0.033317657125869926
784,2,0.49274986909755814,0.08691024816458169,21,0.018965370994361547
784,3,0.47566567774838264,0.09833139343899096,21,0.021457669220221912
784,4,0.5025479406189064,0.07860249299034487,21,0.01715247018764244
784,5,0.48085171171286367,0.12550021937082237,21,0.02738639309525508
785,1,0.5236061073152364,0.1571678444567112,19,0.0360567763768907
785,2,0.47810945730408155,0.09650242104462642,21,0.02105855472302381
785,3,0.4910409596978156,0.08806696793301272,21,0.01921778794182283
785,4,0.5029367905997127,0.07050040561432283,21,0.01538444977393924
785,5,0.5187157362532931,0.07333729099416378,21,0.016003508916369466
786,1,0.4796705405603285,0.1223508858168635,19,0.028069218259389045
786,2,0.4730791480615822,0.09061466567870326,21,0.019773741168846413
786,3,0.46250226395188465,0.09780608282922462,21,0.02134303704724012
786,4,0.5201573903126011,0.07763269288747995,21,0.016940842455244607
786,5,0.5225626768420142,0.0743982762745234,21,0.016235034885820985
787,1,0.4913039758008107,0.1660586283739962,19,0.03809646209395923
787,2,0.48348970682764447,0.1119776205187329,21,0.024435520103244467
787,3,0.504556309246216,0.09492806132906156,21,0.02071500126742071
787,4,0.4986572617086678,0.04932387174313898,21,0.010763351230058468
787,5,0.5101761979336876,0.05888884523623076,21,0.012850599565884148
788,1,0.4908706930384225,0.16662585138460878,19,0.03822659197720718
788,2,0.47160080924356673,0.09299701308495177,21,0.020293611993647154
788,3,0.47771260853856806,0.09297563811225457,21,0.020288947592201317
788,4,0.49958476619081066,0.07294885511093413,21,0.015918745257439137
788,5,0.5588643625300381,0.11792467013858242,21,0.02573327272441679
789,1,0.4789313945202027,0.13415477933826578,18,0.031620584732890894
789,2,0.47199644744843605,0.10349711440033758,21,0.022584921949954814
789,3,0.4561570632912408,0.0809195138766299,21,0.01765808559708029
789,4,0.5032527797608733,0.0631982666012879,21,0.013790992404304826
789,5,0.4845465669276785,0.13547311901619927,21,0.029562658215404505
790,1,0.500504934753717,0.112417899385179,18,0.026497152994002363
790,2,0.49380308680672663,0.08779220095468387,21,0.01915782887150539
790,3,0.48870768653605046,0.08046631955065704,21,0.017559190487399567
790,4,0.5079733660517677,0.07661295148298122,21,0.016718316637368606
790,5,0.5505433227085239,0.12605299704767936,21,0.027507019073668367
791,1,0.4856908854834881,0.09259648851083753,19,0.02124309136555083
791,2,0.48877641233634656,0.1082640585080556,21,0.023625154436013932
791,3,0.4930986546837889,0.0674161769628279,21,0.014711415904604617
791,4,0.5026963492727644,0.06721992349278125,21,0.014668589886419545
791,5,0.48573096121667897,0.13913174803385767,21,0.030361036520794103
792,1,0.4965741700821563,0.09981822114155398,18,0.02352738035172374
792,2,0.47972937140905614,0.09643685150781747,21,0.02104424627703761
792,3,0.4987898635531439,0.07526423558380864,21,0.016424002699323426
792,4,0.5082046483391639,0.08763513747212341,21,0.01912355480970793
792,5,0.47972451376286224,0.06195943631897541,20,0.013854551145679834
793,1,0.49388597891160974,0.11534559892072979,19,0.0264620952251387
793,2,0.4775145951500291,0.08866499242342879,21,0.01934828758443088
793,3,0.4644420802995429,0.06885901870079841,21,0.015026269784608975
793,4,0.5359496589428243,0.09115685404656405,21,0.019892056370591493
793,5,0.5149036623445796,0.07648615997111052,21,0.01669064846114835
794,1,0.46761974171309645,0.1218896725505655,19,0.027963408679430448
794,2,0.45356727297825405,0.0767620338621308,21,0.01675084907961799
794,3,0.48214786643648455,0.0867193675587889,21,0.018923717431278474
794,4,0.5042927639238278,0.08475007401447696,21,0.018493982348783362
794,5,0.48481493204512366,0.129326920256483,21,0.02822144768908815
795,1,0.5172320019466984,0.15189626163030995,19,0.03484739233411241
795,2,0.492490521480638,0.09088708753151277,21,0.019833188490820688
795,3,0.49547151845975534,0.0696134209573899,21,0.015190893853431642
795,4,0.48646583728339476,0.09101085908042177,21,0.019860197657094847
795,5,0.49277389686079137,0.10174645330750481,21,0.02220289637975861
796,1,0.46085695496722456,0.19585093720667981,19,0.044931286488507756
796,2,0.4925239208781746,0.09568205782723539,21,0.02087953679249753
796,3,0.49099017178259885,0.08770200405445269,21,0.019138146294231117
796,4,0.4953197265814062,0.10670472853267375,21,0.023284880738604366
796,5,0.5158435161783762,0.08651057493959495,21,0.018878155146421126
797,1,0.4727555825064538,0.11664330547933133,19,0.026759809527628912
797,2,0.477408113869646,0.09058373259984753,21,0.019766991017640016
797,3,0.4826536660747956,0.07928971849808983,21,0.017302435088058902
797,4,0.518826608950542,0.07911437096365441,21,0.01726417111903632
797,5,0.52063163009342,0.09264883216588886,21,0.020217632688068816
798,1,0.43607480714814034,0.145026281139285,19,0.03327131071808748
798,2,0.4725687452862625,0.08315623114162231,21,0.018146177319701348
798,3,0.5064626204101147,0.07905916772757099,21,0.017252124785323997
798,4,0.4914758810311691,0.07985711759994205,21,0.01742625172298689
798,5,0.4971531635312183,0.07759284225720342,20,0.017350286985452507
799,1,0.5249694275154306,0.16202887626229062,19,0.03717197355593584
799,2,0.4941645466266287,0.08897532726687572,21,0.019416008199234586
799,3,0.4783920839399008,0.07368265688642535,21,0.016078873932738255
799,4,0.49694706478741646,0.08818422425493051,21,0.019243375369008563
799,5,0.5510662868780953,0.1267119160984965,21,0.027650806998773987
800,1,0.48502208391651563,0.1299212725882211,19,0.029805984096224036
800,2,0.5044184589977884,0.06250866523073277,21,0.013640509048118438
800,3,0.4716494181086232,0.08871462608281251,21,0.01935911853686629
800,4,0.4985724188377854,0.0742778856092871,21,0.01620876348884901
800,5,0.5159842529510625,0.058737914175955454,21,0.012817663708339788
801,1,0.46855240778042956,0.1104790768431848,19,0.025345638491321425
801,2,0.4658381678293649,0.09277588784407795,21,0.020245358510105744
801,3,0.4762523592970247,0.07252920251867902,21,0.01582716955412516
801,4,0.4877503122744321,0.08783557620763464,21,0.01916729412769276
801,5,0.48990240482198383,0.15334144966818486,21,0.033461847632319915
802,1,0.5127016499935886,0.17276321373466832,19,0.03963459946477565
802,2,0.4848593570985169,0.09551336535980927,21,0.0208427250781571
802,3,0.47868647239264417,0.08424275868937792,21,0.018383277068855865
802,4,0.49606757466095447,0.08093178766867652,21,0.017660763958085895
802,5,0.5308161606374884,0.11431520440918584,21,0.02494562272806875
803,1,0.4916414184250353,0.13783990328429144,19,0.031622642568612976
803,2,0.4825977925137915,0.09932447961759171,21,0.021674378390938692
803,3,0.4890054152358064,0.0843014049924409,21,0.01839607474138041
803,4,0.48969137513396954,0.05793907739957383,21,0.01264334323235487
803,5,0.4955835267595098,0.1428327981613205,21,0.031168671871266693
804,1,0.5011666802194835,0.13252764817254353,19,0.030403927663643686
804,2,0.45223642031197897,0.09723418474950707,21,0.02121823865485414
804,3,0.4868079661059295,0.08022018959825121,21,0.01750548052846168
804,4,0.47795027278527913,0.060742605367833165,21,0.01325512319080602
804,5,0.5443684906409432,0.10097931631381418,21,0.02203549336347346
805,1,0.4923666057123909,0.15098346114007577,19,0.03463798153976792
805,2,0.4787827891415971,0.07718269309871713,21,0.01684264445073414
805,3,0.5133451667573615,0.10258938371257821,21,0.022386838874369496
805,4,0.48694912521356754,0.08186366825216458,21,0.017864116972966547
805,5,0.4740307158298094,0.14775346517412213,21,0.03224244944535411
806,1,0.44684755283570854,0.14919836685404136,19,0.0342284528241092
806,2,0.4836488244082136,0.08699895983715972,21,0.01898472946839083
806,3,0.4643951926235278,0.053888366122735,21,0.011759405563567958
806,4,0.4924580832071252,0.06928816014463991,21,0.015119916125096895
806,5,0.5189377907665398,0.07134169782045989,21,0.015568034784234453
807,1,0.48807162389475284,0.17839774943133385,19,0.040927250606646044
807,2,0.4797687566315276,0.0839912089423456,21,0.018328384413769074
807,3,0.4971575045463428,0.07487061144961678,21,0.01633810687121411
807,4,0.5173337907805277,0.07341893984785634,21,0.016021326156962442
807,5,0.4846682894484455,0.11994122268111494,21,0.026173320565798262
808,1,0.4719655454434608,0.14706139747539634,19,0.03373819842584843
808,2,0.4738382312587358,0.06684384179694182,21,0.01458652213219709
808,3,0.4836205117606219,0.09074253196817907,21,0.01980164388076813
808,4,0.5072130986339098,0.07333754189011323,21,0.01600356366635422
808,5,0.4643788904719567,0.14505706222443465,21,0.0316540460824472
809,1,0.47445627763821213,0.10650778841618641,19,0.02443456244242992
809,2,0.4773808517094073,0.08728070426988038,21,0.01904621114408487
809,3,0.4841542827782358,0.08767773425303535,21,0.019132850189369378
809,4,0.5005247704631751,0.06446036769545875,21,0.014066405442339327
809,5,0.5031299161799871,0.0746508215950348,20,0.01669243116627071
810,1,0.47453667069002015,0.128999366186961,19,0.029594484262618986
810,2,0.4713591994087093,0.08434343220299323,21,0.018405245830599642
810,3,0.4850999280163343,0.07857659617772525,21,0.01714681903982875
810,4,0.5235717083766164,0.09167283086439265,21,0.02000465174318873
810,5,0.4750653409529151,0.0709039785826441,21,0.015472516615642588
811,1,0.511810834596255,0.16684820459627236,19,0.038277603302439456
811,2,0.48587659408300193,0.08342806197293716,21,0.01820549567021197
811,3,0.4785606141899387,0.06708111209702276,21,0.014638298756496415
811,4,0.5170350730982611,0.08371153295240905,21,0.018267354109295458
811,5,0.5178760781542948,0.0736883014095265,21,0.016080105668660777
812,1,0.45471727032021086,0.14009465484648648,19,0.032139918052949745
812,2,0.4829108233948305,0.07985689227047717,21,0.017426202552066457
812,3,0.4972779050795265,0.0812121519205883,21,0.017721944453635674
812,4,0.49682732967505283,0.08444432922133092,21,0.018427263365072395
812,5,0.500106780380514,0.12664018251933726,21,0.02763515344847078
813,1,0.4892041552255736,0.15356133890461926,19,0.03522938725894927
813,2,0.4696361571882183,0.09955016728035322,21,0.0217236274765588
813,3,0.4871613495713515,0.06922703021826694,21,0.015106576481533504
813,4,0.5107111216894016,0.07494709659401276,21,0.016354797298058596
813,5,0.48893782988107537,0.15348982471437916,21,0.033494225721864106
814,1,0.4809296529664795,0.1103278490115793,19,0.025310944447351994
814,2,0.5065860261799657,0.0823119858159388,21,0.017961947885889097
814,3,0.4706329929579678,0.05291463075852979,21,0.011546919086742921
814,4,0.5019581524559443,0.08019731664874805,21,0.017500489241677627
814,5,0.48586595273300015,0.09193554424169323,21,0.020061980502120037
815,1,0.498573851841523,0.21629700422685907,19,0.04962193595870887
815,2,0.48281301064883275,0.0736797348228866,21,0.016078236286197693
815,3,0.4839850228153522,0.08091637186025898,21,0.017657399952896738
815,4,0.49443493802986105,0.09714748248218238,21,0.021199318668999868
815,5,0.5077576163003016,0.0630013555769646,21,0.013748022896012787
816,1,0.4744659104672497,0.13745414562503322,19,0.03153414369211806
816,2,0.4917871300155511,0.09957606366637399,21,0.02172927853128099
816,3,0.4732421805867829,0.13248772896603409,21,0.028911192697125936
816,4,0.4923699037978442,0.0943303809040636,21,0.0205845767060423
816,5,0.4774203674611681,0.08759147552246621,21,0.019114026991170145
817,1,0.4570709932855482,0.11771087439342028,19,0.027004726633512027
817,2,0.4672777896151639,0.08556300109445115,21,0.01867137758109104
817,3,0.4892361544830897,0.08029089482857356,21,0.017520909674651274
817,4,0.47209652601836904,0.09575164263686643,21,0.020894721442847687
817,5,0.4962207913835604,0.08061728095743582,20,0.01802657203820258
818,1,0.4391194114077054,0.1502562588667759,18,0.035415739853472857
818,2,0.46563922970297744,0.11677889063100896,21,0.025483243137598473
818,3,0.46508929258659454,0.09950636533806864,21,0.021714069109125222
818,4,0.5150323715371676,0.10392163187826153,21,0.022677559258355684
818,5,0.4859730872109596,0.10244608629588162,21,0.0223555688144217
819,1,0.4725714200846123,0.1525236620078017,19,0.03499132785214534
819,2,0.49568050538841524,0.10326084264301767,21,0.022533363225550114
819,3,0.48993859338643764,0.08569765210363511,21,0.01870076084023331
819,4,0.49390615840500696,0.05130165272880089,21,0.011194938424098473
819,5,0.5343526677316313,0.07710670889264298,21,0.016826063337593386
820,1,0.4483917225016408,0.19001206649343075,19,0.04359175767885239
820,2,0.480196928352703,0.08645062420940108,21,0.01886507282456011
820,3,0.47879547947099316,0.07618234225621463,21,0.01662435000038745
820,4,0.4975277254500711,0.06723170356604213,21,0.014671160509153361
820,5,0.5282085512529661,0.137632380597943,21,0.030033847722240253
821,1,0.4221040178208788,0.18304491334360928,19,0.041993383125997506
821,2,0.48472426814785585,0.08476959439174044,21,0.01849824204432641
821,3,0.4783167212149292,0.06236194912845921,21,0.013608492969816652
821,4,0.49873449555517435,0.0699951525549709,21,0.015274194517292181
821,5,0.5278043954987363,0.15329282980901077,21,0.033451237909227376
822,1,0.45600576670113324,0.15367615405259316,18,0.036221816879085725
822,2,0.48086036670852605,0.10185437241015517,21,0.022226446258655132
822,3,0.47455460861025694,0.0810568714032396,21,0.01768805946674509
822,4,0.5038229603050743,0.08056747964981358,21,0.01758126543081357
822,5,0.5236179111740512,0.08196168499547248,20,0.018327189920030098
823,1,0.5055932119412861,0.08041930129990539,19,0.018449453025075616
823,2,0.4678573235269582,0.09567440226047834,21,0.020877866210871246
823,3,0.48921548386707026,0.08191017664593121,21,0.017874265936532564
823,4,0.5140145608069536,0.08148783267294264,21,0.017782102925793113
823,5,0.49427908404976517,0.06333982676028801,21,0.013821883363543303
824,1,0.4272877853652057,0.22226422722611044,19,0.05099091080225142
824,2,0.4751971356764586,0.07938041627234849,21,0.017322226965006727
824,3,0.5040167875956255,0.0829490033304844,21,0.01810095650395661
824,4,0.4938238779749246,0.06858297481125568,21,0.014966032069420423
824,5,0.4982155378418792,0.11046740558154293,21,0.024105964185847987
825,1,0.47017558831064765,0.12611389128932357,19,0.02893251092141241
825,2,0.47337322234803747,0.12281130644080125,21,0.026799624188637593
825,3,0.5041850446434337,0.05919371207749024,21,0.012917126964786701
825,4,0.5015728661446996,0.10795007081582526,21,0.02355663670425536
825,5,0.49757260129536174,0.14354555412576867,21,0.03132420797408169
826,1,0.4900888410482718,0.12244382153862385,19,0.028090539176199483
826,2,0.47805528299564354,0.08193697222009903,21,0.017880113210195128
826,3,0.5135337555355095,0.07112722740855952,21,0.01552123350343151
826,4,0.48727578856720105,0.06919402697938365,21,0.015099374584373437
826,5,0.5022668012268633,0.1643645520556739,21,0.03586728577917311
827,1,0.45710847509169356,0.15894719291513643,19,0.03646498690929178
827,2,0.5066250905212406,0.07326556092506586,21,0.015987856132024435
827,3,0.47509352347554407,0.06564710481213352,21,0.014325372712204841
827,4,0.5076605955838827,0.0889993847060484,21,0.01942125796285533
827,5,0.5115488697647221,0.13820358990061365,21,0.030158495811152215
828,1,0.4826383323922686,0.14760521521181416,19,0.03386295877094055
828,2,0.4539659957666575,0.11424624368124817,21,0.024930574263509052
828,3,0.49124842885151176,0.06851932171978149,21,0.014952141826091926
828,4,0.5098973086681691,0.07473494176217671,21,0.016308501318251963
828,5,0.48652257934427967,0.06816374450884616,20,0.015241876632270801
829,1,0.4793391566897417,0.09927893425430485,19,0.022776149559838598
829,2,0.4628434632282389,0.06872882143341204,21,0.01499785841160543
829,3,0.4924307014236624,0.0774781100406019,21,0.016907109712532207
829,4,0.4954096865490624,0.08233949210883011,21,0.01796795025109205
829,5,0.49637102446271825,0.10204790135344557,21,0.022268677736359564
830,1,0.5305425719226912,0.1439230472329666,19,0.03301821150183855
830,2,0.5006535442360656,0.08187069394375614,21,0.017865650104563105
830,3,0.4873221328860805,0.0969454996868888,21,0.021155242409546936
830,4,0.47595587040917053,0.08263802008109458,21,0.018033094395376034
830,5,0.4988517563446661,0.07654975151237008,21,0.016704525273118866
831,1,0.45077576200194436,0.1559582017619587,19,0.035779265310352894
831,2,0.478589673154128,0.07281727432015962,21,0.01589003197488074
831,3,0.48061429534602645,0.0715052052998893,21,0.015603715041433344
831,4,0.4877438333744867,0.09547814376842322,21,0.02083503909679408
831,5,0.5349832557998336,0.08480456232338833,21,0.01850587267259653
832,1,0.48502854035056914,0.16119913392883709,19,0.03698161760958313
832,2,0.47491536215198155,0.07672667503548875,21,0.01674313315106694
832,3,0.5085664661923339,0.09850004656808618,21,0.02149447235023477
832,4,0.4998322378838975,0.07601858397351743,21,0.016588615013428596
832,5,0.5614385268309653,0.1309874214359774,21,0.028583798753211796
833,1,0.5350399478115294,0.15824891404175015,19,0.03630479074910755
833,2,0.4765517745168879,0.08714232111301098,21,0.019016013463548632
833,3,0.5064293584151234,0.08978339527425594,21,0.0195923430949723
833,4,0.5020111685420415,0.09167401284124559,21,0.020004909671683887
833,5,0.4750399017166209,0.08967628905671018,21,0.01956897060214831
834,1,0.4985621992945169,0.08515184537423373,19,0.01953517309696243
834,2,0.48467362281465587,0.07210286508542155,21,0.015734135098911087
834,3,0.4572684138282088,0.050644813920147344,21,0.011051604445048973
834,4,0.49146680789655256,0.09331794954177476,21,0.02036364607015488
834,5,0.5417923818883147,0.13454619189240763,21,0.029360386134048178
835,1,0.5056651617406777,0.15109457691141875,19,0.03466347324599517
835,2,0.4817136045357199,0.07805081917436134,21,0.017032085091420072
835,3,0.4862337268780332,0.0906995668568189,21,0.01979226812481336
835,4,0.5136343841336013,0.09144158310040168,21,0.01995418934400883
835,5,0.5224843500878241,0.10396747875490099,21,0.022687563867049856
836,1,0.49038896348775024,0.09171385709970181,19,0.02104060183262792
836,2,0.47267248560960134,0.07885962237985959,21,0.01720858042054001
836,3,0.4793628471305941,0.07942800753832657,21,0.017332612230662126
836,4,0.5156448168862926,0.08453513625772174,21,0.018447079084972184
836,5,0.5127159922221027,0.11970214503728603,21,0.026121149546759325
837,1,0.5325962440435671,0.15867999891545484,19,0.03640368840176901
837,2,0.47049675945688496,0.08069458662258505,21,0.017609002446246046
837,3,0.4990737214725042,0.07273722054955077,21,0.015872562809953042
837,4,0.523472399797494,0.07519986112313755,21,0.0164099550403307
837,5,0.505179885656511,0.06869696079002513,21,0.014990905849223976
838,1,0.5049573355247233,0.1571002226794529,19,0.03604126287723535
838,2,0.48226438678927197,0.07529216416669218,21,0.016430097215757555
838,3,0.48307713181677736,0.08321641011199747,21,0.01815930944765319
838,4,0.503918389240861,0.06635479952116657,21,0.014479804358541208
838,5,0.5035874722334435,0.07437337717004515,21,0.016229601455772975
839,1,0.49367648443427276,0.12195101966672584,19,0.027977482673105215
839,2,0.4568519519406335,0.07640248428349751,21,0.01667238892913339
839,3,0.48210699134205204,0.06477034572155355,21,0.01413404819321325
839,4,0.49818737358669185,0.09604363671582376,21,0.02095843977471916
839,5,0.4925502565415835,0.1371415271241066,21,0.029926734712764667
840,1,0.4676382181445444,0.1699116313241926,19,0.03898040159338397
840,2,0.46445219363185164,0.09303217354788663,21,0.020301284635688522
840,3,0.48575959461365914,0.09559228490319382,21,0.02085994673441286
840,4,0.5136743767401876,0.07946167831641897,21,0.01733995979682005
840,5,0.554409644389017,0.1525293210332049,21,0.03328462663499435
841,1,0.5352369226408742,0.12435838842073418,19,0.0285297709425031
841,2,0.4785151836475124,0.0907056916235351,21,0.019793604658484357
841,3,0.4959932694533893,0.07579448108708776,21,0.016539711754356118
841,4,0.5089925535163848,0.08401734503083229,21,0.018334087775857662
841,5,0.5296298600832116,0.08333353686039129,21,0.01818486859957789
842,1,0.4792281736507073,0.1689587439177116,19,0.03876179422973012
842,2,0.46702375342390806,0.0720990545326519,21,0.01573330356812506
842,3,0.4853946315361011,0.08867286656282089,21,0.019350005862516447
842,4,0.5033088402793167,0.06452414597134679,21,0.014080323003146503
842,5,0.5185290152752745,0.1249070829299487,21,0.027256960112505543
843,1,0.4879161545790539,0.09040371088507987,18,0.021308359003756026
843,2,0.4788245684286665,0.07206137424197807,21,0.01572508105459074
843,3,0.5134229947236952,0.09179968094118952,21,0.02003233269932362
843,4,0.505649649568747,0.06780920346382716,21,0.01479718131845951
843,5,0.49327744078899244,0.06166078759280174,21,0.013455486978790851
844,1,0.46938040501914224,0.16474491252709822,19,0.03779507500884574
844,2,0.4853298934673583,0.08420075223824781,21,0.01837411050971395
844,3,0.4650692038336035,0.05242230212061478,21,0.011439484170074347
844,4,0.5041949256874307,0.09924167285566067,21,0.021656308474052824
844,5,0.4766398511917035,0.13142758308683605,21,0.02867984990002496
845,1,0.5016371321915748,0.13058767610520527,19,0.029958867548126888
845,2,0.47259196187479025,0.10089633104440582,21,0.0220173844930625
845,3,0.5006465674702808,0.09836036981842174,21,0.02146399238460797
845,4,0.5128020096860909,0.09112723607878541,21,0.01988559320014976
845,5,0.48254716876324,0.09141078896920374,21,0.019947469513667167
846,1,0.48570633395137325,0.10351986421553279,19,0.023749085619187357
846,2,0.4706103908124938,0.07569298172047458,21,0.0165175627767135
846,3,0.5014288708868803,0.10775890812262622,21,0.023514921584653636
846,4,0.5103955991215466,0.06843424855384805,21,0.014933577339306236
846,5,0.5021604677848872,0.07594741595242549,21,0.016573084878013643
847,1,0.4971125014634765,0.14652054894621783,19,0.03361411926361412
847,2,0.4650361500011427,0.10032086357764437,21,0.021891807196566367
847,3,0.4933917672168376,0.07443806137420361,21,0.01624371670633603
847,4,0.4882324703052114,0.07835253216983207,21,0.017097924264748477
847,5,0.4852532913389223,0.06366832645767387,21,0.013893567874450006
848,1,0.5081320831490186,0.14987347433178166,19,0.03438333310155649
848,2,0.48104482582318203,0.08595442490559338,21,0.01875679325934663
848,3,0.4846319080084307,0.09732843530430853,21,0.021238805812076485
848,4,0.49479544674212034,0.06006613735601018,21,0.013107505768453872
848,5,0.5205156102205104,0.07124161116218516,21,0.015546194084824973
849,1,0.4797277631173197,0.1716751351888837,19,0.03938497712668565
849,2,0.4659953244901004,0.09658521815211889,21,0.02107662253313846
849,3,0.506676773084965,0.0753283322352705,21,0.016437989735376624
849,4,0.5023473365069723,0.08756348757926384,21,0.01910791952125248
849,5,0.4737222177674457,0.12232017187757747,21,0.026692449840428924
850,1,0.4626564356076819,0.1407374285456514,19,0.03228738045285636
850,2,0.47633988094507124,0.09012439782540213,21,0.019666755952248514
850,3,0.49394017219928477,0.09328517457947531,21,0.020356493987029333
850,4,0.4880098334431786,0.08232438688062782,21,0.017964654020062212
850,5,0.5180741409521774,0.07729557277663603,21,0.016867276815900122
851,1,0.506012981712565,0.11230536187882356,18,0.026470627649375113
851,2,0.48768128237318337,0.07969445738122354,21,0.01739075635323281
851,3,0.46040055707622973,0.0996297915305599,21,0.021741002912450524
851,4,0.5306185547634105,0.07806172322723796,21,0.017034464550833833
851,5,0.5435476079721869,0.11912256257170085,21,0.025994674283901554
852,1,0.46720032357216956,0.1315624824156119,19,0.030182503453210476
852,2,0.5045620935135506,0.07113531210280369,21,0.015522997728352677
852,3,0.4852722262538035,0.07950629148475354,21,0.017349695188290763
852,4,0.479900975869203,0.09484359435447672,21,0.020696569062432186
852,5,0.5189276269954323,0.07568153237636373,21,0.016515064324997043
853,1,0.4729624698449905,0.14006158622375592,19,0.032132331590597925
853,2,0.49833163771058964,0.09914250946644573,21,0.02163466924846969
853,3,0.5064611032218538,0.1035583250186242,21,0.02259827920193736
853,4,0.4988173611272656,0.08433967534805992,21,0.018404426017642174
853,5,0.46237387066152336,0.0620268524189014,20,0.01386962584390108
854,1,0.5563400464084941,0.17767268187164728,19,0.04076090870033481
854,2,0.4832031431981375,0.07587514147590957,21,0.01655731329423043
854,3,0.4962295513069904,0.1048335653792064,21,0.022876559462967395
854,4,0.4868046296352046,0.06554452850199602,21,0.014302988726218442
854,5,0.4968760291503618,0.1248833738104677,21,0.027251786358473046
855,1,0.4404043677874338,0.16739168618488323,19,0.038402286529935756
855,2,0.4844330063145919,0.08991557735654154,21,0.019621187590095665
855,3,0.4918487373535713,0.11190242946072314,21,0.024419112069200964
855,4,0.5083084245339359,0.08064093374772333,21,0.01759729442908862
855,5,0.5424724539658682,0.11926857970184444,21,0.0260265378339798
856,1,0.4885561530097116,0.12620856956335644,19,0.02895423160713126
856,2,0.48965652261131243,0.10739543324362799,21,0.02343560486340486
856,3,0.4769935928990343,0.07226035590683434,21,0.01576850241369132
856,4,0.5098162904609692,0.09001773751045362,21,0.019643480763348545
856,5,0.5312992701198753,0.12927711967269218,21,0.028210580310760795
857,1,0.4673373066098276,0.10088282222805368,19,0.023144106696382356
857,2,0.48930126055590834,0.11005400334214113,21,0.024015752421346893
857,3,0.49148742146406427,0.08409934687264109,21,0.018351982044772643
857,4,0.5028500267842555,0.08678610667265703,21,0.018938281099902997
857,5,0.547793414946056,0.12145455709798306,21,0.026503557209468738
858,1,0.4855240852262217,0.13637309855132332,18,0.03214344758568736
858,2,0.4917818581219195,0.08630470729370793,21,0.01883323114306781
858,3,0.48171762596715206,0.09723325578342483,21,0.021218035937835573
858,4,0.5024420188198546,0.07933185273616267,21,0.017311629532597857
858,5,0.5249220353117663,0.0661957237836584,21,0.01444509118671444
859,1,0.46704102504976536,0.18430539405917445,19,0.042282557234388576
859,2,0.47873775059751233,0.08384276969492799,21,0.018295992314369385
859,3,0.5062475029786211,0.09859085752201491,21,0.021514288925011414
859,4,0.47940179567910446,0.054535754950565674,21,0.01190067738773952
859,5,0.49198969792805664,0.08122186967284087,21,0.01772406504103007
860,1,0.4918540411530256,0.10625651311796726,18,0.025044900323650667
860,2,0.5037811653709067,0.08317734076775658,21,0.018150783817780042
860,3,0.5054545065508098,0.0856857136795193,21,0.018698155662510013
860,4,0.4706851819512385,0.09669509407751331,21,0.021100599425765757
860,5,0.5048444097863776,0.08362652431683745,21,0.018248803704189184
861,1,0.4629251941570069,0.10631844147315582,19,0.02439112327453841
861,2,0.4821782280725452,0.0897987888040039,21,0.019595702238557184
861,3,0.4878074369424206,0.08338570597203467,21,0.018196252833056197
861,4,0.5247464895268641,0.09122127884160655,21,0.019906115013444553
861,5,0.5040739919953252,0.07555431955089803,21,0.01648730421061296
862,1,0.5412929723065286,0.1463968195023511,19,0.03358573378244804
862,2,0.4798030632406879,0.10208189541485645,21,0.0222760958487212
862,3,0.49440345955699894,0.0820358889694603,21,0.01790169861454975
862,4,0.488230265466574,0.09323125878295314,21,0.02034472859566187
862,5,0.5388201652963549,0.08671699738682707,21,0.01892320021735347
863,1,0.43865582851818236,0.17141369899930375,19,0.03932499955139285
863,2,0.4687585297275597,0.0733980785976826,21,0.016016773858961844
863,3,0.4998118993922155,0.07791421072049992,21,0.017002274682830033
863,4,0.5262382161449861,0.09423761261506171,21,0.020564333005735506
863,5,0.5357914675875219,0.09713428161972162,21,0.021196438004644387
864,1,0.5000994384064847,0.15062740984284076,19,0.034556297770117185
864,2,0.48989790230959496,0.08682169644589065,21,0.018946047425132017
864,3,0.4817687883752835,0.07260346049076674,21,0.015843373972127348
864,4,0.5020088517342969,0.06879546336267761,21,0.015012400872811018
864,5,0.5125467987421941,0.08742622886742106,21,0.01907796721473764
865,1,0.483152737359001,0.14509883548165473,19,0.033287955825787724
865,2,0.4999381344106465,0.1061599621526716,21,0.023166002968488798
865,3,0.485216127164398,0.07396583622012982,21,0.01614066872949768
865,4,0.5007666465942651,0.08182069952439902,21,0.01785474042784742
865,5,0.4965171767152368,0.07224734563811702,21,0.015765663340300422
866,1,0.5114128786604522,0.10890032463287481,19,0.024983447894393388
866,2,0.4838551597694831,0.06703910539481077,21,0.014629132142563941
866,3,0.4961346770891351,0.08107421791881136,21,0.017691844786776104
866,4,0.4945294439386118,0.09267108350270502,21,0.02022248832784377
866,5,0.47625934757120386,0.1287715264654305,21,0.0281002508277545
867,1,0.4999792829186791,0.12268085351423404,19,0.028144918040834885
867,2,0.47968883117389616,0.07942894704655448,21,0.017332817248165478
867,3,0.4867940059155133,0.08976004913647928,21,0.01958724855004152
867,4,0.5147295229246363,0.09161034331036876,21,0.019991015840983627
867,5,0.51902964214343,0.07143381436581761,21,0.015588136262418244
868,1,0.521397791739363,0.12963300194188923,19,0.029739850274342474
868,2,0.45254299734956793,0.10312507687873139,21,0.022503736706901284
868,3,0.4909788163214121,0.06109252097929463,21,0.013331481037299777
868,4,0.5129577186151879,0.08872041501807593,21,0.019360381786106183
868,5,0.5110536403303491,0.12083523108507069,21,0.02636840919356273
869,1,0.45142890556109,0.1621207702527791,19,0.03719305548320205
869,2,0.471174624184479,0.08881250703422329,21,0.01938047791157744
869,3,0.514859276714291,0.08257066721044441,21,0.018018396794041415
869,4,0.4943214526810939,0.067093347412152,21,0.01464096872115029
869,5,0.4976308983787163,0.06641944562170365,21,0.014493911294212394
870,1,0.46342075209597516,0.15573699359303222,19,0.03572851667594046
870,2,0.4621543453092441,0.09330165283023052,21,0.020360089836143912
870,3,0.4913026566472205,0.09016001012115554,21,0.019674527192294282
870,4,0.5081369268712383,0.08219162762854747,21,0.01793568357616393
870,5,0.49345996735133646,0.05197425694665634,21,0.011341712697482718
871,1,0.49869699265571343,0.192270888658585,19,0.044109967023554346
871,2,0.47226413237264114,0.08692283564478126,21,0.018968117807734084
871,3,0.4998609351056659,0.09141484645027602,21,0.01994835492862643
871,4,0.5063908889151313,0.08569290344936495,21,0.018699724598917014
871,5,0.5114509385439936,0.10592454567195748,21,0.023114630880740582
872,1,0.5270516040177484,0.1587425414672786,19,0.0364180366471938
872,2,0.501015112468614,0.08338399212214646,21,0.01819587884034941
872,3,0.47821960554446336,0.07511547439007941,21,0.016391540345478847
872,4,0.5180245668991036,0.07888771311294455,21,0.017214710321048994
872,5,0.49384544563909183,0.07846847407529868,20,0.017546084212304778
873,1,0.4668913233774589,0.18194549521375422,19,0.041741159308906206
873,2,0.4879947024131382,0.10158084853056218,21,0.022166758454721186
873,3,0.46087800978499177,0.08657025277688883,21,0.018891177918169244
873,4,0.4853332371109349,0.07281928047265934,21,0.01589046975324672
873,5,0.5339290138633596,0.14055373679633276,21,0.030671339908480706
874,1,0.5422826202788242,0.14384400582320953,19,0.03300007815881297
874,2,0.5067702465313982,0.08820904595135223,21,0.01924879190723379
874,3,0.45455330877945566,0.05775438651617101,21,0.012603040377432883
874,4,0.5038902880645328,0.06862203578018068,21,0.01497455587164981
874,5,0.5172484693995687,0.11011655401242268,21,0.02402940209664858
875,1,0.48889703892008746,0.13560366169930246,19,0.03110961356428086
875,2,0.48531227327004395,0.08819151529999636,21,0.01924496640548045
875,3,0.46291443437838353,0.06789794643105256,21,0.014816546621540718
875,4,0.5047457546201776,0.0733485416326433,21,0.016005964006962276
875,5,0.5032148646002764,0.08701994757114091,21,0.01898930936742104
876,1,0.5357088335865826,0.12218035043356319,18,0.02879818477310709
876,2,0.4829095338666208,0.09650068858897363,21,0.021058176670206333
876,3,0.4655063637040855,0.048774312820675195,21,0.010643427641438056
876,4,0.49466295703974583,0.08868031623822219,21,0.019351631514965464
876,5,0.47454605547486295,0.06577933043087103,21,0.01435422670776089
877,1,0.48537062063177955,0.12959673711651876,19,0.029731530552816417
877,2,0.4844182535848659,0.0857928403078992,21,0.018721532609343172
877,3,0.5021798190574236,0.08023027446168665,21,0.01750768122608388
877,4,0.4971544857408504,0.08854763348927314,21,0.01932267776541909
877,5,0.5048934273450071,0.06406642705197589,21,0.01398044054624029
878,1,0.4849274649366214,0.17436888729170927,19,0.04000296624222075
878,2,0.501273443450812,0.09577221830390228,21,0.02089921142149845
878,3,0.4757365291363091,0.08751986456176097,21,0.019098400198407275
878,4,0.49571407891970265,0.09833757451995223,21,0.021459018042668657
878,5,0.5022324539255715,0.06660902888902107,21,0.014535281754830445
879,1,0.5012810297032104,0.11384665861663464,19,0.026118214735246545
879,2,0.4739622303819693,0.08381614863990372,21,0.018290183123906133
879,3,0.5011735400822195,0.07586338257838472,21,0.016554747292421054
879,4,0.5158487331532848,0.07313901656608428,21,0.015960241888986208
879,5,0.5114402431802201,0.09295149107904235,21,0.020283678277558292
880,1,0.4896354799622553,0.17189839643945481,19,0.039436196770330285
880,2,0.49427147595618126,0.08577333118203753,21,0.01871727536905729
880,3,0.48846578565910437,0.09278814353781423,21,0.020248032921736252
880,4,0.4993372960911549,0.0714615957904407,21,0.015594198666287244
880,5,0.5242104275914915,0.08726562420922497,21,0.019042920405064015
881,1,0.4993020381875595,0.12249205458417115,19,0.02810160459574053
881,2,0.5020450637796707,0.10666646518573371,21,0.023276530991761742
881,3,0.5083158786197226,0.06471114547513553,21,0.014121129640338459
881,4,0.5156715347702464,0.10392827818263095,21,0.022679009600873042
881,5,0.5464413449066031,0.12326067374367293,21,0.026897684173411287
882,1,0.4896617879269384,0.11231863501705473,19,0.025767662079777386
882,2,0.4802346696099712,0.09604254282255713,21,0.02095820106763837
882,3,0.4920948112041576,0.06694976674371653,21,0.014609636850605626
882,4,0.49964491015610124,0.0970080912466919,21,0.021168901007673747
882,5,0.5204500055812794,0.10764367687906481,21,0.023489776065794398
883,1,0.5162295897696755,0.16852638760584737,20,0.037683645868915275
883,2,0.4955642453500413,0.09981717732735745,21,0.021781893845687877
883,3,0.49562619334213115,0.08413883812049237,21,0.018360599741561536
883,4,0.5085040676398714,0.08398255666665976,21,0.01832649633242317
883,5,0.5436453450221952,0.13128442976546112,21,0.028648611284254246
884,1,0.5149242404197266,0.11488772912889868,19,0.026357052690828605
884,2,0.4732250411676057,0.09294836358914434,21,0.02028299580331101
884,3,0.4930884900186535,0.06460439429895376,21,0.014097834623891864
884,4,0.5085382702210355,0.06835392506492786,21,0.014916049317017678
884,5,0.5380859526577536,0.09130020599439537,21,0.019923338330208464
885,1,0.4357982415278705,0.14611209865649474,19,0.03352041434064766
885,2,0.47451155453715393,0.0683421310923383,21,0.014913475661201683
885,3,0.508392754906481,0.05423958850547254,21,0.0118360485709326
885,4,0.5021932177879772,0.1013460739915318,21,0.022115526450132848
885,5,0.5043243753462714,0.08713285005084802,21,0.019013946708345136
886,1,0.4901252214391248,0.11906876577494753,19,0.027316248281321613
886,2,0.48637026937430006,0.10225116743213696,21,0.022313034031208143
886,3,0.4820907270525004,0.06600555953647275,21,0.014403593945895271
886,4,0.5090527695361935,0.07732199408223801,21,0.01687304241746587
886,5,0.48654347636790873,0.06947446728174053,21,0.0151605716754909
887,1,0.4551643769846007,0.1204142635632,19,0.02762492664383477
887,2,0.501123529420732,0.09407873500207442,21,0.02052966306822369
887,3,0.4871278065594189,0.0802360244711596,21,0.017508935981019904
887,4,0.494835558543751,0.08074737827494899,21,0.017620522529246976
887,5,0.5150959490945917,0.12093256864829705,21,0.0263896499912507
888,1,0.4572807268743366,0.18011505160925045,19,0.0413212267460703
888,2,0.4981780257173463,0.07475485800278302,21,0.0163128473982585
888,3,0.48432036070152645,0.07807155716378966,21,0.01703661049172086
888,4,0.4866798795159394,0.08524827746376915,21,0.0186026992543962
888,5,0.5310421058225056,0.08219130392298937,21,0.017935612937819985
889,1,0.5224969622811022,0.13083001516928816,19,0.03001446394235897
889,2,0.49885225005772316,0.0721980220258525,21,0.015754900045693243
889,3,0.4890963143948952,0.08880238664071792,21,0.01937826946065834
889,4,0.48660981873281334,0.05191577074660482,21,0.011328949962299556
889,5,0.4905695005091483,0.07364000216663498,20,0.01646640507078276
890,1,0.47903809586184537,0.11897330091475866,19,0.027294347140362534
890,2,0.4969583981381437,0.0781961057816445,21,0.01706378922834095
890,3,0.49945388977355554,0.09290258048768751,21,0.02027300511150264
890,4,0.4905642215556461,0.09615021889541363,21,0.020981697913086014
890,5,0.50474595425458,0.06233506051449146,21,0.013602625393205241
891,1,0.4979540744053948,0.16290030486948673,19,0.03737189298937154
891,2,0.47348070599498626,0.07711610802414143,21,0.016828114396239026
891,3,0.5223623637900398,0.07086830784998827,21,0.015464732623619257
891,4,0.47745568742346095,0.09309351634123983,21,0.020314670730635236
891,5,0.4867937309057156,0.13990949611410963,21,0.03053075506600178
892,1,0.4824771788663284,0.0940345226854676,19,0.021572999031054536
892,2,0.4764063868757379,0.1008944995737058,21,0.022016984833390315
892,3,0.46319279194780644,0.07592240681072181,21,0.016567627435874453
892,4,0.49995379573387655,0.059631244473247955,21,0.01301260436109885
892,5,0.5299600620858772,0.1471745650196296,21,0.03211612307498346
893,1,0.5054720569251928,0.1661763621987207,19,0.03812347208575979
893,2,0.5065133472106182,0.09603448913117076,21,0.020956443608095423
893,3,0.504063285731323,0.07764566721654102,21,0.016943673685959542
893,4,0.5189551514156199,0.06825503860649251,21,0.014894470522685006
893,5,0.5307254446149771,0.12715992684901972,21,0.02774857095955621
894,1,0.48641767207907205,0.1536226127615832,19,0.035243444445811734
894,2,0.4897714564079158,0.08274937257705298,21,0.018057393502116586
894,3,0.4798937403387161,0.08258845880247938,21,0.018022279237719225
894,4,0.5184549469570812,0.0670769995018315,21,0.014637401314650383
894,5,0.5271432635182902,0.10114710806169769,21,0.022072108524695606
895,1,0.5217886777605762,0.10770030899432596,18,0.025385206275258136
895,2,0.48664456715593324,0.08361167457402952,21,0.018245563224643088
895,3,0.48213448597233854,0.0867697373757483,21,0.018934709026466927
895,4,0.5158206119028748,0.08847093468268218,21,0.01930594071366119
895,5,0.507680044776835,0.08137140511254726,21,0.017756696349198308
896,1,0.47095932677268426,0.15362270397987335,19,0.03524346537272271
896,2,0.4970329000146897,0.08156888640021932,21,0.017799790299155193
896,3,0.5072920766604009,0.08479468829763043,21,0.018503717983527505
896,4,0.5140742138291347,0.08372507957315531,21,0.018270310224294532
896,5,0.5239914754342051,0.08898060505716228,21,0.019417159907496026
897,1,0.5076042637364182,0.09095467378713129,19,0.02086643323583227
897,2,0.46670874543601953,0.10737405668686559,21,0.02343094011628766
897,3,0.5131719766589355,0.08797264990697815,21,0.019197206061170344
897,4,0.4770937660209957,0.08394331052695399,21,0.01831793212261667
897,5,0.5202388574459265,0.06854563771592545,20,0.015327270549388271
898,1,0.5022200961857715,0.1054638403215874,19,0.024195064324184713
898,2,0.4908900677427428,0.08821515635581993,21,0.01925012530680522
898,3,0.49174968794849294,0.07288592766405871,21,0.015905013362744046
898,4,0.4805961325818962,0.08396355643393472,21,0.01832235014172392
898,5,0.5111567670120164,0.08657157542913957,21,0.018891466544552916
899,1,0.5281466779146428,0.10226377018541465,19,0.023460917885457372
899,2,0.48068924925715933,0.11102779524440433,21,0.024228251235787663
899,3,0.4938896512907503,0.0837295751324954,21,0.01827129123576916
899,4,0.49200289165969596,0.0718880527644553,21,0.015687259207433135
899,5,0.5208719656953393,0.13213053797244392,21,0.028833247232093392
900,1,0.5522519494610818,0.16694360820929519,19,0.03829949039233499
900,2,0.4840179944319266,0.07782931578609517,21,0.016983749089352507
900,3,0.4489719679575879,0.07688505132375875,21,0.01677769369055663
900,4,0.5047225877536217,0.08743358987282057,21,0.019079573517805936
900,5,0.518344907410991,0.08106925068210784,21,0.017690760846862358
901,1,0.5263783176614146,0.1778355021466844,19,0.04079826223322146
901,2,0.49742224249417905,0.070548444067269,21,0.015394932623791355
901,3,0.48344980306950947,0.09182956181713584,21,0.020038853241031024
901,4,0.4914960767735816,0.09006915238612322,21,0.019654700409043907
901,5,0.5350121693786574,0.12678493070996855,21,0.027666740093245816
902,1,0.5383390198045798,0.10267819695553122,19,0.023555993907059276
902,2,0.5016274814061814,0.0933138862117206,21,0.020362759378843128
902,3,0.5006322013283254,0.07950207646866804,21,0.017348775396373275
902,4,0.48464632647423905,0.07511629005027182,21,0.01639171833712518
902,5,0.5034331685089531,0.08856239002108687,21,0.019325897904658683
903,1,0.4957496256570817,0.12210166485555189,19,0.028012043049653816
903,2,0.48779266151403466,0.11112945230558986,21,0.02425043462520716
903,3,0.4994978139051981,0.0673536582096664,21,0.014697773194189532
903,4,0.502860837669582,0.08268428638920684,21,0.0180431905315213
903,5,0.48182337279534176,0.057269841054081255,21,0.012497303888972234
904,1,0.5336520168447398,0.11994025609496045,19,0.027516181872648468
904,2,0.474622826540636,0.07235973410727241,21,0.015790188514926366
904,3,0.4778722797091013,0.08216146815528826,21,0.017929102239538676
904,4,0.5063234402524225,0.08040164935974628,21,0.01754507829477786
904,5,0.5061003866876208,0.11692935477987457,21,0.02551607710672008
905,1,0.48141412952131113,0.11298671770594894,18,0.02663122475796222
905,2,0.47905433429044114,0.08580980228780236,21,0.018725234016811865
905,3,0.5116233928331892,0.07397658615042213,21,0.01614301455660625
905,4,0.5059611496647929,0.082270756254782,21,0.017952950858038105
905,5,0.5186893820036568,0.09234484328442806,21,0.02015129687570124
906,1,0.5175495786489765,0.10079184876047088,19,0.0231232359515541
906,2,0.4879188670133463,0.09057505394790748,21,0.019765097180523564
906,3,0.5067718351782011,0.09549229710982875,21,0.020838127609095383
906,4,0.49319988796079833,0.06931246504203406,21,0.015125219888528649
906,5,0.46602248710946814,0.11403104567525706,21,0.02488361420865868
907,1,0.43239085874947836,0.17329877061196025,20,0.03875078315054859
907,2,0.4796184985804994,0.08720248268368272,21,0.019029141794573903
907,3,0.4945641543674181,0.07956193090560856,21,0.0173618367053237
907,4,0.4911120938215052,0.07823564507047044,21,0.017072417408529977
907,5,0.49533264580575775,0.08751584261274455,21,0.019097522537178276
908,1,0.5157121628624779,0.1023127046973533,19,0.023472144232425378
908,2,0.48704359192068597,0.10509149859786736,21,0.02293284510576537
908,3,0.4731081183373559,0.08601496569210043,21,0.018770004342051422
908,4,0.5108806412322734,0.08705538476167357,21,0.018997042396374966
908,5,0.5131905834825499,0.05061872667263602,20,0.011318691377449588
909,1,0.47617588880812667,0.15482934219428945,19,0.03552028716419925
909,2,0.45171657810317684,0.1094461428800358,21,0.023883106393748393
909,3,0.4952589910668991,0.07325668448399085,21,0.01598591913378024
909,4,0.5064063447772665,0.08591215954299289,21,0.01874757020108989
909,5,0.5183037463890388,0.06520184379124806,21,0.014228208791622891
910,1,0.459594810912618,0.1426769006466083,19,0.032732325868218864
910,2,0.48551325263112294,0.10451076968148323,21,0.02280611966683299
910,3,0.4560672972462302,0.062443657045428994,21,0.013626323099073377
910,4,0.4964503675836363,0.10773121867409059,21,0.023508879251612394
910,5,0.4826965318860053,0.07871178373494127,21,0.017176319383350586
911,1,0.5048351682176038,0.15678997266425562,19,0.03597008664231552
911,2,0.4945668990593486,0.0888224026027699,21,0.019382637301668365
911,3,0.5008865715878583,0.08085087777995881,21,0.01764310797287069
911,4,0.48840896920951105,0.06781086496208955,21,0.014797543887104959
911,5,0.48946823513193366,0.07200837466022812,21,0.015713515597677877
912,1,0.534828945413954,0.16482711101859734,19,0.037813932636096066
912,2,0.4686101267619132,0.09119716261913642,21,0.01990085242225666
912,3,0.501805016745502,0.09579197179126442,21,0.020903521985835418
912,4,0.4920803316183881,0.0951402631361108,21,0.02076130749805926
912,5,0.4691546822960662,0.12615524526537455,21,0.027529331464014203
913,1,0.514730651772665,0.09915944856403211,19,0.022748737662517646
913,2,0.45855915950957843,0.08797540297774006,21,0.01919780683046368
913,3,0.49223686653194226,0.07837447150165532,21,0.017102711819452134
913,4,0.5194186016518093,0.06496595424318484,21,0.014176733472115814
913,5,0.5119481425164276,0.06275060342775908,21,0.01369330429104102
914,1,0.47018650745310325,0.16045186775593184,19,0.036810182992129424
914,2,0.4787274650175686,0.08120569981381148,21,0.01772053648850726
914,3,0.5187229007410183,0.0812611047439849,21,0.01773262683547838
914,4,0.5102654646122468,0.07968414591550682,21,0.01738850620693887
914,5,0.5257134503796115,0.15063139081906698,21,0.03287046430785003
915,1,0.5209450785617424,0.16100359609673848,19,0.03693675815433277
915,2,0.4971546285320346,0.10536983987408417,21,0.022993584151826993
915,3,0.4826712385166166,0.08806781966289508,21,0.01921797380452081
915,4,0.48886000652876305,0.09481472993335571,21,0.02069027032935228
915,5,0.49328927637883246,0.08368254905383907,21,0.018261029304098703
916,1,0.47693712233238417,0.13008420421606168,19,0.02984336317519581
916,2,0.4847577903644956,0.07619973068513843,21,0.016628144466661717
916,3,0.5099385027085352,0.08205712603542292,21,0.017906332922278913
916,4,0.5043007854302515,0.07845794545972862,21,0.017120927330472536
916,5,0.47337619555357185,0.1276572027577274,21,0.027857085459219583
917,1,0.4878861355550314,0.1194751873790003,19,0.02740948779187623
917,2,0.48374758604316104,0.10201955155707368,21,0.02226249130360667
917,3,0.4982272475517026,0.08041962451550999,21,0.01754900079534528
917,4,0.49652521361264995,0.08087001975021776,21,0.017647285093235557
917,5,0.5224253818771745,0.09741710129910888,21,0.021258154318397494
918,1,0.4868595111830636,0.11015862203651917,18,0.025964636216062854
918,2,0.502748685574791,0.08785870174645645,21,0.019172340533985026
918,3,0.47540007035333776,0.0825676620266949,21,0.018017741009183824
918,4,0.5267529844058285,0.07750754673703848,21,0.016913533326324115
918,5,0.5026746926569367,0.09550709580548467,21,0.02084135694923966
919,1,0.5157216485608817,0.12396350379499367,19,0.02843917819629464
919,2,0.4591032612793205,0.0954756140653981,21,0.020834487070337016
919,3,0.4898285532555941,0.07633594513184844,21,0.01665786889584244
919,4,0.5138511630765155,0.06658885514806819,21,0.01453087948364154
919,5,0.5068621737751429,0.06962876267024462,21,0.015194241689643406
920,1,0.49728034146153494,0.10707056554536436,18,0.02523677432086862
920,2,0.4601273153748935,0.09399521707121442,21,0.020511437961554545
920,3,0.48006411248241465,0.09798030930037914,21,0.02138105638019872
920,4,0.4967107471587806,0.08605529838446987,21,0.01877880565708782
920,5,0.5428070447275058,0.12911341870710935,21,0.028174857831421714
921,1,0.49760756573872367,0.10480402365580863,18,0.02470254527421921
921,2,0.4782852381292759,0.10948770517622601,21,0.023892176030336384
921,3,0.4789046096292009,0.07870333437021952,21,0.01717447558080717
921,4,0.4998522200981291,0.09620689951445008,21,0.020994066638189417
921,5,0.5360532967722781,0.10688125291792662,21,0.023323401517529454
922,1,0.48076523563222445,0.12229600863238176,19,0.028056628569838416
922,2,0.5053293146123927,0.10663170241183591,21,0.023268945132583013
922,3,0.4953603850007231,0.07438868676473065,21,0.016232942283225613
922,4,0.4994331980392775,0.07334636490510024,21,0.016005489006070208
922,5,0.5081401289496371,0.06434982979604478,21,0.014042284095138092
923,1,0.4866445249072055,0.11565905284269337,19,0.02653400648668058
923,2,0.47960908880781195,0.08839186666975034,21,0.019288686658694053
923,3,0.4975983944240567,0.09526920510899343,21,0.020789444943344573
923,4,0.5258901916246435,0.07419248062421273,21,0.016190126593190444
923,5,0.5099559127863204,0.13046756500104173,21,0.028470356778754525
924,1,0.48049293176189395,0.1603601309148259,19,0.03678913711740414
924,2,0.47461034989467005,0.08788464649547803,21,0.01917800214237922
924,3,0.4799422274773879,0.08776915862980589,21,0.019152800623984386
924,4,0.5151886338141876,0.06805950561360034,21,0.014851801725504548
924,5,0.5269508617872418,0.0707853217372585,21,0.015446623569180482
925,1,0.5054223577105277,0.16793505612918622,19,0.038526944144471234
925,2,0.48772330680404347,0.09241215183211109,21,0.02016598480497148
925,3,0.5133517483945257,0.09382135522467008,21,0.020473498196209108
925,4,0.5159036801965483,0.06625162067688943,21,0.014457288888826062
925,5,0.49937866953366405,0.0688392550835404,21,0.0150219570097475
926,1,0.529334013124914,0.1631461737716668,19,0.03742829918400113
926,2,0.4994550830541145,0.10238718209928308,21,0.022342714864913918
926,3,0.47455293079102856,0.08597429977223996,21,0.018761130310814965
926,4,0.5082804595904601,0.0849481948272938,21,0.018537215854568093
926,5,0.5088797846745136,0.09217859484423566,21,0.02011501849182743
927,1,0.4480955964545669,0.16036621147168792,19,0.03679053209281898
927,2,0.48378553951438297,0.08137753031208472,21,0.017758032977318646
927,3,0.5146026282983167,0.0719979031703133,21,0.015711230531241033
927,4,0.5008703626737349,0.06104474212464627,21,0.013321054836440522
927,5,0.500474817053223,0.09697847884102254,21,0.021162439050983767
928,1,0.4976316499513824,0.12110884514671061,18,0.02854562855497019
928,2,0.5064930707031332,0.08153305020632445,21,0.017791970200529365
928,3,0.482536149710773,0.09185404314059054,21,0.020044195503785497
928,4,0.504945832296512,0.0985203680254347,21,0.021498906855783883
928,5,0.49526788585617776,0.1475062095016992,21,0.032188493834169093
929,1,0.4939901889809706,0.12830358055083826,18,0.030241443952670727
929,2,0.47356284792844017,0.09606088051286171,21,0.020962202679728436
929,3,0.479951838670961,0.08377215957877036,21,0.01828058392379215
929,4,0.5287543382491197,0.07785140171060238,21,0.016988568633202382
929,5,0.4756339232862034,0.0676373335808705,21,0.014759676235205601
930,1,0.5099596117152566,0.16384276712322396,19,0.037588108658957974
930,2,0.4856627221750847,0.10373955159260616,21,0.0226378260825664
930,3,0.48321082552928596,0.09528308299006823,21,0.020792473345273663
930,4,0.48850869401970476,0.051550990867049465,21,0.011249348466582446
930,5,0.5026476420779727,0.10004261899740698,21,0.021831089251297363
931,1,0.49339658684220405,0.12313652226398311,19,0.028249455621460452
931,2,0.4953383456810038,0.10082487867708934,21,0.02200179230821433
931,3,0.47883886031907796,0.09479520699815625,21,0.020686010075621836
931,4,0.4974842289298613,0.08256396710457846,21,0.01801693471107499
931,5,0.5359078628453937,0.12382464134520789,21,0.0270207519935797
932,1,0.5439515522076729,0.1457066766782791,19,0.033427404159988065
932,2,0.48805125865051385,0.09630486262519074,21,0.021015443941536198
932,3,0.4899553020942386,0.09090658424695675,21,0.019837443022931403
932,4,0.48933651876015966,0.07626875360216334,21,0.01664320650199283
932,5,0.509313200722858,0.07672302427230726,21,0.016742336489227724
933,1,0.4457470638766815,0.15182048223808528,20,0.03394809186611581
933,2,0.5047125939865976,0.10449746273414705,21,0.022803215852859805
933,3,0.5095860715929605,0.10007298661499182,21,0.021837716008738222
933,4,0.48374025519747466,0.09821821831742261,21,0.021432972383966065
933,5,0.5270443445952226,0.06907991876463554,21,0.015074474130492508
934,1,0.4912800231786806,0.10951208360314849,19,0.025123795027510623
934,2,0.48517654065084187,0.09471172380920627,21,0.020667792550259002
934,3,0.4890554998218553,0.06088441533176295,21,0.01328606866194922
934,4,0.5004352162847677,0.09713597332105542,21,0.021196807164140356
934,5,0.5275252937939476,0.08957022022409968,21,0.01954582448527625
935,1,0.5029145259048359,0.10627830760732529,19,0.024381915934255836
935,2,0.468624315410998,0.10425420951353424,21,0.02275013364826457
935,3,0.48876529811139385,0.09377539695819248,21,0.020463469280259463
935,4,0.5103336535332257,0.08034548938943066,21,0.017532823184539872
935,5,0.5215012772552888,0.13155057515244922,21,0.028706688969098833
936,1,0.5023108863657741,0.11588911702029338,19,0.026586786828822012
936,2,0.4821596972817888,0.10653385656698883,21,0.023247593418752124
936,3,0.49695746088221543,0.09285466337543657,21,0.02026254874036104
936,4,0.5024724852919843,0.07488381623510647,21,0.01634098839164469
936,5,0.5272297346874159,0.13826655223195325,21,0.030172235318261482
937,1,0.46240736813275,0.13805129712975794,19,0.03167113964280639
937,2,0.5143961648592056,0.09263123299899455,21,0.02021379223499923
937,3,0.47284618634746983,0.08082171014356426,21,0.0176367430727935
937,4,0.4888169595306932,0.07686775921010491,21,0.016773920241997368
937,5,0.5017623434147817,0.08905347114805236,21,0.019433060592119803
938,1,0.4584092468358977,0.19060059254466966,20,0.042619588148162094
938,2,0.45361434440245074,0.09173189180901258,21,0.020017539897919035
938,3,0.4886099017997626,0.08584175363059614,21,0.01873220637142653
938,4,0.5151937228198873,0.09168650365273258,21,0.020007635390213913
938,5,0.5273365339787077,0.07674957878102429,21,0.01674813115809621
939,1,0.4847947963655517,0.09415596364655604,19,0.021600859498264586
939,2,0.488724554497173,0.08871545752872205,21,0.019359299973238514
939,3,0.4909143216807965,0.08934709093050296,21,0.019497133681577725
939,4,0.48587091701449525,0.07559981444066735,21,0.01649723200947494
939,5,0.5133750611056378,0.07621260027299342,21,0.016630952840971644
940,1,0.5544875981593987,0.15190619389804194,19,0.03484967095260314
940,2,0.48421333731604105,0.09628957796241705,21,0.021012108554672757
940,3,0.4918091164919349,0.08782956011938958,21,0.019165981309608452
940,4,0.5025023203926446,0.08108222687168937,21,0.017693592483576142
940,5,0.5140043049492897,0.09349854769418764,21,0.020403055817954936
941,1,0.5586490340388915,0.1807864987330823,20,0.04042509005813516
941,2,0.48591764810002547,0.06394560312079717,21,0.01395407460288845
941,3,0.481116627241789,0.09142626521034777,21,0.0199508467063584
941,4,0.5036344457537048,0.10627917535530314,21,0.023192017422055327
941,5,0.5268954652396644,0.1350698203506646,21,0.029474651231476537
942,1,0.45569170148071597,0.16394983591922038,19,0.03761267192536613
942,2,0.49339080373921396,0.0915448084970838,21,0.019976714972291577
942,3,0.48011331735041796,0.0749347438715592,21,0.016352101713026108
942,4,0.4613018311108031,0.06899365465451082,21,0.015055649758378009
942,5,0.5336245264920259,0.12926587216159924,21,0.028208125902619688
943,1,0.5174139989698214,0.07936259789879169,19,0.018207028638825597
943,2,0.49174418450175805,0.08497326823402518,21,0.018542687320486046
943,3,0.47957624052606007,0.0861793053000017,21,0.01880586618456985
943,4,0.483618836386463,0.099213799323229,21,0.021650225970612162
943,5,0.51052825690435,0.07607357548699269,21,0.01660061514548005
944,1,0.4934177395587891,0.11870743762014428,19,0.02723335391751933
944,2,0.46829435242495554,0.07613272031869019,21,0.016613521605871442
944,3,0.48784557084167557,0.0756614394104613,21,0.016510679680369234
944,4,0.5040538809384745,0.0859920464537423,21,0.018765002954211095
944,5,0.47416548853954327,0.1441029947912406,21,0.03144585150003273
945,1,0.467975364833032,0.15287649512019477,19,0.03507227331955883
945,2,0.47856225691400445,0.11707786987268536,21,0.025548485756941453
945,3,0.47222480310934295,0.0939859474525476,21,0.02050941516492578
945,4,0.4973552083361808,0.07958763561281607,21,0.017367445932299656
945,5,0.5022208920663487,0.07833388253148268,21,0.01709385458001421
946,1,0.47555138402914704,0.09835499256494225,19,0.02256418279911987
946,2,0.4964522984437416,0.08845591774037968,21,0.019302663748194147
946,3,0.4809942368851172,0.09255609575702076,21,0.020197395944577555
946,4,0.4858894156636353,0.08743139487733866,21,0.019079094530522794
946,5,0.49791895442165784,0.07385733928030655,21,0.016116992756192383
947,1,0.5196170147556635,0.18234681124129676,20,0.04077398654158623
947,2,0.4730224711296508,0.09476681033065594,21,0.020679813414750187
947,3,0.49099952144862385,0.09839774283992443,21,0.021472147846512035
947,4,0.49921288175396694,0.06695362477103163,21,0.0146104787411868
947,5,0.48691309348209044,0.043040666152423454,21,0.009392243362133535
948,1,0.5017070353317604,0.22151126661281628,20,0.049531424992833674
948,2,0.48689455747861143,0.10457553485688771,21,0.02282025258677052
948,3,0.477750543018701,0.08183547349408832,21,0.017857964372343427
948,4,0.508970083362391,0.08457898829888247,21,0.01845664838487682
948,5,0.48873813340388045,0.08329054177400654,21,0.018175486302536497
949,1,0.48045851055997074,0.14657754827475272,19,0.033627195806400084
949,2,0.46853179894617786,0.11200462791957724,21,0.024441413601277474
949,3,0.49880086567246745,0.09549338899175207,21,0.020838365877265078
949,4,0.49686533825762924,0.06675687461833184,21,0.014567544337961043
949,5,0.5311366544374104,0.12590130510989425,21,0.027473917179039093
950,1,0.5445964739586201,0.15803845483662443,19,0.036256508096113825
950,2,0.5071200728430804,0.07366835836089142,21,0.016075753738662754
950,3,0.4640033630250264,0.10024724116728241,21,0.02187574146950309
950,4,0.4774166104671516,0.08534404636406498,21,0.018623597741768978
950,5,0.49575865939491914,0.08684396806934816,21,0.018950907491815043
951,1,0.4503009561983281,0.12371185487894708,19,0.02838144597554208
951,2,0.48973194939598014,0.1031686469870129,21,0.02251324448400783
951,3,0.4794306206097813,0.08691441356040365,21,0.018966279958249812
951,4,0.4939319580915199,0.07739852665812504,21,0.01688974319471026
951,5,0.5027106532233727,0.13762769606970013,21,0.030032825474370344
952,1,0.5133640912403976,0.15627408997556835,19,0.03585173503669921
952,2,0.47179340295056654,0.08667762519420051,21,0.018914608500544536
952,3,0.46466441872315944,0.09729345306738688,21,0.021231172062139706
952,4,0.5098449924620679,0.05582346248116129,21,0.012181678208307093
952,5,0.5129991134012729,0.07053810717655806,21,0.015392676929308815
953,1,0.47820385390049597,0.1315265222564151,19,0.03017425362689824
953,2,0.48358182512740877,0.10548815440699436,21,0.02301940249958291
953,3,0.47879006331521995,0.08242778625500244,21,0.017987217613389964
953,4,0.4798011007430675,0.0973740093645977,21,0.021248750887362274
953,5,0.4912665134029972,0.0987151938522884,21,0.02154142133668338
954,1,0.4641733818599173,0.14323186736667348,19,0.03285964396557636
954,2,0.4689266389761004,0.09523522051747085,21,0.020782028897481986
954,3,0.47400680021929054,0.0846056561555888,21,0.01846246778830439
954,4,0.4728785468951587,0.07634785539298757,21,0.01666046792790038
954,5,0.5435488139912268,0.10203232712487542,21,0.022265279161058932
955,1,0.5028278560862689,0.08340889437192925,19,0.019135312713668317
955,2,0.468922613594452,0.08819242749478136,21,0.019245165462701917
955,3,0.49692261294690293,0.07153714102461528,21,0.015610683987906205
955,4,0.4801456294288991,0.08530476405369398,21,0.018615025638876223
955,5,0.48675985545023165,0.1351219457367549,21,0.0294860259232569
956,1,0.4898905139409863,0.1307728056588217,19,0.030001339180530932
956,2,0.4674593200972127,0.11614454687113174,21,0.025344817980633698
956,3,0.467636348481077,0.08746323423018687,21,0.01908604244692781
956,4,0.4894384143373365,0.09747764585010181,21,0.021271366222580457
956,5,0.47818134699460946,0.1191381560546875,21,0.02599807706086033
957,1,0.4899442827828824,0.11426944613694595,19,0.026215208844490082
957,2,0.47358491112102186,0.07302630590296912,21,0.015935646405874117
957,3,0.4828381587629346,0.0913597883659399,21,0.01993634026962217
957,4,0.48706124275618834,0.07245866524640972,21,0.015811777059387553
957,5,0.5002628386427398,0.08928987434803166,21,0.019484647999664328
958,1,0.46712001868302006,0.10738548750418213,19,0.02463592042281998
958,2,0.47268248775780314,0.10068763399401218,21,0.021971843063027127
958,3,0.4972287375825503,0.08443454483514559,21,0.01842512823696178
958,4,0.4794995338945931,0.07129597738719433,21,0.015558057767746568
958,5,0.49489888599145443,0.1684333926646956,21,0.036755179592580345
959,1,0.4930732125123633,0.12394594169433303,19,0.02843514917408327
959,2,0.47203453350901786,0.0905967550768446,21,0.019769832755095963
959,3,0.495612022263079,0.09397780189479979,21,0.020507637658499257
959,4,0.4639000998892476,0.09692909332795631,21,0.02115166224851423
959,5,0.48951524369732946,0.07122715218839437,21,0.015543038878069368
960,1,0.5123732379994607,0.09208034018055632,19,0.0211246788175733
960,2,0.486391789300235,0.11034269819195097,21,0.024078750802394393
960,3,0.492835297824413,0.08256252547816609,21,0.018016620122400774
960,4,0.46014803184175274,0.09176052506738569,21,0.020023788187151798
960,5,0.5119567773744207,0.06595029037707006,21,0.0143915332265353
961,1,0.49640818991859786,0.138291985907582,19,0.031726357435405306
961,2,0.4838837055772245,0.09828384435905889,21,0.02144729316031647
961,3,0.4984408139635575,0.08278705799617816,21,0.018065617134770742
961,4,0.4706250087152108,0.08474795416914084,21,0.01849351976060649
961,5,0.5564697480462882,0.13181687196450761,21,0.028764799697602785
962,1,0.5212179633546058,0.18565995491903398,19,0.04259331480812559
962,2,0.46692480881979165,0.0987194202489906,21,0.021542343612055034
962,3,0.4824671036041398,0.07870620764469513,21,0.017175102580701308
962,4,0.504030272071622,0.0809326084446293,21,0.017660943066082666
962,5,0.49985066954841073,0.07634940039245133,21,0.01666080507442378
963,1,0.516313716537992,0.17856394802576986,19,0.04096537917915684
963,2,0.47189916743116744,0.08327720831919312,21,0.018172576704157558
963,3,0.46962233879002263,0.05626038407481991,21,0.012277022316673826
963,4,0.4838015495076588,0.09334863791005002,21,0.020370342821134695
963,5,0.5554850221360107,0.09382339161260336,21,0.02047394257248761
964,1,0.4878419998148863,0.1251867923134572,19,0.02871981982949338
964,2,0.47102369918671516,0.09504562436549441,21,0.020740655625200822
964,3,0.493044408489097,0.09182785914649483,21,0.02003848168783598
964,4,0.47758357304499166,0.066056377478691,21,0.014414683330032273
964,5,0.4872945754789956,0.09963354722256805,21,0.021741822471636918
965,1,0.4752548574326714,0.14804387446617653,19,0.033963594105699206
965,2,0.45990121856340577,0.10392526063867315,21,0.022678351118796878
965,3,0.46448603631032254,0.08863046907235382,21,0.019340753971595424
965,4,0.51176477748297,0.0859530054675473,21,0.018756483512570893
965,5,0.5347886924405562,0.1384194860442595,21,0.0302056082121287
966,1,0.45443733612811943,0.13137752471114142,18,0.030965979539583775
966,2,0.5023426198190505,0.10547124610195245,21,0.0230157128049292
966,3,0.4731048581199121,0.09334572128691063,21,0.020369706361786602
966,4,0.512535104158198,0.09007619261118935,21,0.019656236712104626
966,5,0.5042706874568816,0.07255141958613084,21,0.01583201771571173
967,1,0.5232917839634512,0.1544273310361896,19,0.035428059479339614
967,2,0.48070999383466884,0.09315046698041404,21,0.020327098378963425
967,3,0.48603030111913387,0.09144103356067222,21,0.019954069424608468
967,4,0.4967605938916167,0.08077310083280406,21,0.017626135651553583
967,5,0.48623590638138836,0.07850308313414314,20,0.01755382303312613
968,1,0.4672915539624267,0.16710178293834177,19,0.03833577816387899
968,2,0.4817463078558066,0.11219814413745963,21,0.02448364230207022
968,3,0.4636901883311686,0.09858714202047997,21,0.02151347813610529
968,4,0.4999788748621781,0.08729967548237738,21,0.019050351002051182
968,5,0.5346818314324322,0.12193064550641688,21,0.026607448217522978
969,1,0.4903435432957687,0.09956908839032516,18,0.023468659199120556
969,2,0.4680243897434104,0.08978119938190526,21,0.01959186391197635
969,3,0.47355389108220386,0.11102817223811373,21,0.02422833350255956
969,4,0.493939830722791,0.08093259302389277,21,0.017660939701002076
969,5,0.5159446568404783,0.08602783470294932,21,0.01877281259044829
970,1,0.4592339218576062,0.15610121522293197,19,0.035812074848455444
970,2,0.483814256375929,0.10213299045781063,21,0.022287245701196178
970,3,0.46742168488131963,0.09553748355171916,21,0.02084798809911198
970,4,0.47979322318523965,0.08913485795938453,21,0.019450820650381746
970,5,0.5224773030424833,0.13091147093454128,21,0.028567224995026036
971,1,0.46516849065377563,0.13460933800177963,19,0.030881500063508767
971,2,0.4795906069752794,0.0959841879155853,21,0.02094546698295406
971,3,0.45384147594107804,0.07499456624844929,21,0.016365156025899965
971,4,0.5188682760231201,0.09638334089909001,21,0.02103256930489586
971,5,0.5451340246810251,0.11639958913343056,21,0.02540047276503356
972,1,0.4993253657533754,0.1560924272290507,19,0.035810058744389923
972,2,0.4774825578081483,0.08111961596803025,21,0.01770175145329748
972,3,0.47049118121722994,0.09464675449438602,21,0.02065361508344885
972,4,0.5154211672616446,0.0982694265457305,21,0.021444146935510135
972,5,0.5270813421801923,0.09998103812581344,21,0.021817651203419327
973,1,0.4871736634192725,0.12695499114457945,19,0.029125472461964362
973,2,0.4951084938239018,0.09671071260917792,21,0.02110400766879419
973,3,0.46828805536229445,0.08707729408211891,21,0.019001823402059054
973,4,0.4880457240784965,0.07788904761444987,21,0.016996783642916007
973,5,0.5252881932172839,0.12772797484090676,21,0.027872529193898588
974,1,0.49016703694666613,0.1622609848550247,19,0.037225222919075596
974,2,0.484862480807595,0.07743403907099401,21,0.016897492638523717
974,3,0.461256912244949,0.06474905162682544,21,0.014129401440787198
974,4,0.5143542470333928,0.07632280071009472,21,0.01665500054785897
974,5,0.5104600604029481,0.08383636754620429,20,0.018746381681997
975,1,0.47676278866968874,0.13160873171686072,19,0.030193113770597475
975,2,0.4745084108106622,0.07591128158138223,21,0.016565199711799577
975,3,0.5064257163429069,0.09741926720603407,21,0.021258626958037156
975,4,0.5078398027106529,0.09665830397953658,21,0.0210925711682037
975,5,0.48901265880426725,0.05850640942208024,21,0.012767145229369538
976,1,0.5256070010746945,0.13616019639212973,19,0.031237291379260256
976,2,0.49707420691374765,0.07431773555846295,21,0.01621745946068418
976,3,0.45032557222650016,0.09557943337646578,21,0.020857142301363957
976,4,0.4836056325175631,0.07489415246952855,21,0.016343243942913258
976,5,0.494731182171168,0.12804592964806374,21,0.027941912621106776
977,1,0.4971755933107467,0.1124176910749207,19,0.02579038709798703
977,2,0.4752519377643332,0.09879474098124473,21,0.02155877994333856
977,3,0.46651863418202844,0.10307111924103649,21,0.022491962185041382
977,4,0.47217899259237717,0.06949836403040804,21,0.015165786373568624
977,5,0.5462758439008752,0.140777380238302,21,0.03072014290855235
978,1,0.5456277701618046,0.09901016370129426,19,0.022714489366176874
978,2,0.47399936521582997,0.08073360021678498,21,0.017617515910462875
978,3,0.496221991682471,0.10513219360350681,21,0.022941725484039152
978,4,0.4888774523524808,0.08695686601445482,21,0.0189755438432082
978,5,0.48513633325499067,0.16390757173766327,21,0.035767564498297454
979,1,0.5021743250799302,0.18270952014834085,19,0.04191643864996981
979,2,0.48831857508685705,0.09029589870195057,21,0.019704180511702536
979,3,0.47537024136872863,0.08498677892443805,21,0.018545635594843575
979,4,0.48399451456701775,0.08271019651488995,21,0.018048844584483616
979,5,0.5008989462920967,0.0969720895787172,21,0.02116104479964333
980,1,0.5133829606920649,0.09124984864680062,19,0.02093415099288345
980,2,0.47300856052547613,0.08086176267417472,21,0.017645483251521925
980,3,0.47640364751030606,0.09152955376218976,21,0.01997338611622689
980,4,0.49690556245887746,0.07813111131149092,21,0.017049606272187028
980,5,0.482709686304059,0.11417520841255445,21,0.024915073097042363
981,1,0.5276888960600019,0.14496312120978422,19,0.03325682083650984
981,2,0.4966582802027519,0.09844888809743775,21,0.021483308656702168
981,3,0.4785009876821046,0.08682511381332882,21,0.018946793155844535
981,4,0.48840419900939175,0.07294068151827508,21,0.015916961633293432
981,5,0.545695247096946,0.12125921416621817,21,0.026460929887026488
982,1,0.5072442105177936,0.10349616620930291,19,0.02374364892369686
982,2,0.4829355212423162,0.1084799797862329,21,0.023672272321794845
982,3,0.4798649353180368,0.08389247059326214,21,0.018306837939546697
982,4,0.491107107770482,0.10401808864888418,21,0.02269860785133993
982,5,0.4858547155397883,0.12601404952728024,21,0.027498520027936946
983,1,0.49297589960154226,0.16050669670509274,19,0.036822761615738525
983,2,0.47314181822971013,0.0660718817536768,21,0.014418066640209313
983,3,0.48864000350225906,0.08998133332764954,21,0.019635536719381272
983,4,0.4819574682633081,0.08248710348623627,21,0.01800016169444445
983,5,0.5227658201431148,0.0680338795936639,20,0.015212837954446825
984,1,0.5072939182318109,0.13402023369570523,19,0.030746350266804404
984,2,0.4857249197926129,0.08823489806476006,21,0.019254433300879788
984,3,0.4672525633753723,0.0820733693322163,21,0.017909877500235642
984,4,0.4969811617735741,0.08521911512994561,21,0.01859633551143487
984,5,0.48520008958095046,0.07733260540610166,21,0.016875357998172004
985,1,0.5122480950484581,0.11401346181278485,19,0.0261564820129033
985,2,0.47100680622096097,0.09154300042038976,21,0.01997632041761002
985,3,0.45829847704411136,0.08061806424804872,21,0.01759230389511888
985,4,0.4937389421454319,0.08081649082461051,21,0.017635604124022944
985,5,0.5037775318823613,0.05036378080865136,21,0.010990277992371861
986,1,0.4597283800401991,0.16865212244479122,19,0.03869145043949961
986,2,0.4843882395035525,0.07975458761908019,21,0.017403877846877278
986,3,0.46836986767179245,0.0780271719049225,21,0.01702692483417329
986,4,0.5060425025423184,0.10455593925368675,21,0.022815976475582103
986,5,0.4809593776675043,0.06433804872532749,21,0.014039713254741444
987,1,0.4566079544204217,0.12018042888673053,19,0.02757128128992814
987,2,0.5053291845792346,0.06698912944938432,21,0.014618226497190433
987,3,0.4783060575836843,0.08741489183423178,21,0.019075493271273537
987,4,0.4987253410259863,0.07767923357234043,21,0.016950998465304998
987,5,0.5083166881596997,0.0652517331623155,21,0.014239095544922429
988,1,0.4606353989265276,0.18461743989304955,20,0.041281714543284026
988,2,0.4898552354800663,0.07859715254030884,21,0.017151304805902667
988,3,0.47767402511887547,0.08291150562560164,21,0.018092773833908404
988,4,0.4877012669479174,0.08274412318031578,21,0.018056247989835583
988,5,0.5075560863830669,0.05753999394311576,21,0.012556256082458502
989,1,0.5363495157066243,0.16323073292443158,19,0.03744769838408814
989,2,0.47552778763653597,0.08374334487044215,21,0.018274296038933
989,3,0.4772648441242853,0.0787256871330918,21,0.017179353353562105
989,4,0.4791176031158196,0.08805467848959377,21,0.019215106165407773
989,5,0.4941968356684098,0.08880071029732912,21,0.019377903652540725
990,1,0.5063268903727414,0.16962281166023244,19,0.0389141418182203
990,2,0.45442005625738335,0.08328744136274041,21,0.01817480973733114
990,3,0.4898550948887502,0.09086374448454791,21,0.019828094620360334
990,4,0.48530785770603935,0.07615160209039284,21,0.016617641946256315
990,5,0.5335250143123795,0.1148708043215271,21,0.025066864568755162
991,1,0.4779590067392647,0.16938260723390913,19,0.038859035143476384
991,2,0.4835855591196922,0.09548241485005532,21,0.020835971123216862
991,3,0.46958997318711176,0.06914749737281949,21,0.015089220991795495
991,4,0.47223818638930387,0.03842437704536319,21,0.00838488649247145
991,5,0.5283680024034522,0.12148928994471615,21,0.026511136538004722
992,1,0.4258988275680798,0.16709420500370256,19,0.03833403966644251
992,2,0.4875594986939902,0.10532720132887526,21,0.02298427965844877
992,3,0.49334931750107697,0.07056098826931498,21,0.015397669993096523
992,4,0.48594980713815533,0.09227901990400803,21,0.02013693303649778
992,5,0.5000846205971368,0.06092115410948121,21,0.013294085720512747
993,1,0.4596413462434052,0.14426380844274367,19,0.03309638748485418
993,2,0.4647498466741395,0.09563479433824701,21,0.020869223053645292
993,3,0.49564811846029116,0.09219669151782202,21,0.020118967509757738
993,4,0.50004286143311,0.06994638306274398,21,0.015263552141590543
993,5,0.5048280754487988,0.06540674844001339,21,0.014272922651776009
994,1,0.498724704199887,0.18524786427825626,19,0.04249877473135038
994,2,0.48451634195227566,0.08853597902662849,21,0.01932013455316894
994,3,0.4744848436783527,0.06350964730551158,21,0.013858941244640715
994,4,0.49710618871812684,0.0697153326122485,21,0.015213132799745345
994,5,0.4867500368922457,0.06509363191915206,21,0.014204595025195615
995,1,0.4845324203578756,0.11527016679541224,19,0.02644478990875156
995,2,0.4645869668339609,0.0872142362334627,21,0.019031706629409673
995,3,0.4937876878597346,0.08666818048677652,21,0.018912547496416576
995,4,0.4916021893667414,0.07221071082173285,21,0.015757668967959885
995,5,0.540372345191856,0.13367651868653346,21,0.029170607881867545
996,1,0.4835507212604085,0.17672665316091718,19,0.04054387482940004
996,2,0.4745990339486757,0.08338832065596168,21,0.018196823403866382
996,3,0.4726119675875693,0.06896360805923125,21,0.015049093053747326
996,4,0.5093189730330119,0.06725083678597443,21,0.014675335720040409
996,5,0.5156594147726774,0.12651566213742582,21,0.027607980873438687
997,1,0.4977239647845381,0.09883996356219517,19,0.022675442776360587
997,2,0.4810201436766923,0.09608631226354095,21,0.020967752342706668
997,3,0.4893615009254278,0.09576497928402104,21,0.020897631737852588
997,4,0.4893406210916646,0.07545950273989531,21,0.016466613486157043
997,5,0.5096899970304771,0.07933398146521717,21,0.017312094059361016
998,1,0.4890965112212779,0.13126716845844708,19,0.03011475378500529
998,2,0.4891173330024532,0.1035306478234655,21,0.02259223954280218
998,3,0.47955647082890834,0.08562459697432649,21,0.018684818904044664
998,4,0.5020501745229003,0.07111261605397944,21,0.015518045044461555
998,5,0.4934555756171263,0.05926081608890284,21,0.01293177026058353
999,1,0.5156284735829064,0.15710175976645055,19,0.03604161550917694
999,2,0.4836082272799881,0.09866346018996316,21,0.021530132126036588
999,3,0.48777594891019826,0.0952719458976186,21,0.020790043032455942
999,4,0.5304422169014685,0.0753175488290204,21,0.016435636603215172
999,5,0.4801671179738995,0.1001418284641848,21,0.021852738531829057
1000,1,0.4717503752395842,0.11850457909478156,19,0.02718681498005134
1000,2,0.4911160183673238,0.10413821288055672,21,0.022724821107741735
1000,3,0.46690344599102795,0.08888705985500638,21,0.019396746670839866
1000,4,0.4912921726199909,0.07551064068315773,21,0.016477772700246775
1000,5,0.5152315177024863,0.04691161336207906,21,0.010236953295439482
1001,1,0.46718317366763035,0.09792076029768103,19,0.02246456308485586
1001,2,0.48583880755868575,0.08949941203484121,21,0.019530372871604838
1001,3,0.49603128262202373,0.10129492175953696,21,0.022104364117986074
1001,4,0.4679330440505499,0.08428144381535346,21,0.018391718855429763
1001,5,0.4611345742218308,0.12345407111449334,21,0.026939886939648907
1002,1,0.5292324204658322,0.15138004854860718,20,0.0338496078991904
1002,2,0.4865110888491688,0.09629547961433041,21,0.021013396400702197
1002,3,0.46069234144589577,0.08092709417117404,21,0.017659739752963075
1002,4,0.5180731047368827,0.06446216894396482,21,0.014066798506988113
1002,5,0.4978306093573161,0.0852829246756434,21,0.01861025989587396
1003,1,0.4598780106039879,0.14497812669171165,19,0.0332602633301583
1003,2,0.4722760837107699,0.08503184125166646,21,0.01855546900082048
1003,3,0.48711261903051306,0.07301479560256427,21,0.01593313465240379
1003,4,0.4806650150915278,0.07766658270779693,21,0.016948237820334656
1003,5,0.4673133248243639,0.16078879032038457,21,0.03508699059731168
1004,1,0.47072254767221705,0.16151160946822068,19,0.03705330441476742
1004,2,0.46667140666600726,0.11118874600178455,21,0.02426337357049506
1004,3,0.46589278640376475,0.07527244961410148,21,0.016425795147684264
1004,4,0.5023579260766241,0.07205839944450922,21,0.015724431900563208
1004,5,0.5121659599295129,0.06870568352896855,21,0.01499280930691329
1005,1,0.45695187591823583,0.11203100771262285,19,0.025701675850649933
1005,2,0.48019229839276467,0.08580962455162881,21,0.018725195231599052
1005,3,0.48950569683694234,0.07362338681302981,21,0.016065940142367747
1005,4,0.519204050593808,0.07286163260839364,21,0.015899711746953645
1005,5,0.5055786912217509,0.07597565955372976,21,0.016579248137102928
1006,1,0.5448953282148623,0.1815891017607505,19,0.04165939704333869
1006,2,0.4897406489798262,0.08473995196024395,21,0.01849177353546378
1006,3,0.4775509981432876,0.09263900085008675,21,0.020215487319076235
1006,4,0.4952772247105629,0.11700899533972993,21,0.02553345610166893
1006,5,0.47868755865664314,0.13315206317307346,21,0.029056162306197668
1007,1,0.46182577243368356,0.1345536835277949,19,0.03086873205151638
1007,2,0.47140872354973884,0.08570756094166282,21,0.018702923125962407
1007,3,0.48656668369401374,0.08320987902884122,21,0.01815788424846588
1007,4,0.49548922978339444,0.09137740568626063,21,0.01994018468409417
1007,5,0.4645355902562754,0.13922286833511374,21,0.03038092060069187
1008,1,0.4716958553614592,0.18287223002319763,19,0.04195376685531806
1008,2,0.4624005881948024,0.08136073875038817,21,0.017754368758151458
1008,3,0.4674719004177608,0.08398637690274084,21,0.018327329976280986
1008,4,0.4673094495985624,0.07459091689246616,21,0.01627707251504221
1008,5,0.5349932688735303,0.12643558450332648,21,0.02759050650107044
1009,1,0.4405106973467185,0.1126611270629994,19,0.02584623514384261
1009,2,0.4866290301858328,0.07569324983537307,21,0.016517621284180987
1009,3,0.46333194668046407,0.08905318153755104,21,0.019432997393927218
1009,4,0.5051450004284286,0.05408562949180925,21,0.011802451959788183
1009,5,0.47046581627566875,0.11911680439312855,21,0.0259934177463219
1010,1,0.4709981745767273,0.11659683074438992,19,0.02674914749220589
1010,2,0.4866871455230252,0.10313121210990081,21,0.022505075524103184
1010,3,0.4772871817936741,0.11240252214731336,21,0.02452824124019113
1010,4,0.5054838707332004,0.08845555688906606,21,0.019302585003981798
1010,5,0.49445268136369525,0.06400078448529618,20,0.014311010472243615
1011,1,0.4706962982574533,0.11188299153712612,19,0.025667718611123637
1011,2,0.4734793224413245,0.09818887210558558,21,0.021426568515532568
1011,3,0.4857847000343276,0.08138922484065389,21,0.017760584932670315
1011,4,0.5015533309259099,0.08773960750383739,21,0.01914635203962144
1011,5,0.5187017317186408,0.13071745472464452,21,0.028524887187030782
1012,1,0.4550995618330948,0.16207115346967693,19,0.037181672612494374
1012,2,0.4431317668833098,0.08021395481200655,21,0.0175041199865613
1012,3,0.483833361588475,0.071673350620209,21,0.015640407358486565
1012,4,0.49545658562336503,0.08554655654117953,21,0.018667789085370232
1012,5,0.47094975460707383,0.12051407364545655,21,0.02629832689465654
1013,1,0.5274935467278258,0.15948246327629179,18,0.03759037708766682
1013,2,0.4546976564277223,0.09006118035458921,21,0.01965296076914166
1013,3,0.45204207152254544,0.060678488102021956,21,0.013241131656332998
1013,4,0.484664739728573,0.08844857617555146,21,0.0193010616874063
1013,5,0.510461148725412,0.11010100573476227,21,0.02402600918430072
1014,1,0.4495661385439827,0.12054448607584034,19,0.027654801737138624
1014,2,0.47154995597746047,0.08645008858079606,21,0.018864955940815973
1014,3,0.49375401916033795,0.08438459005012632,21,0.01841422720916768
1014,4,0.510778271169297,0.06445490791549432,21,0.014065214020674338
1014,5,0.5241295787162173,0.08565292550275352,20,0.019152576389588224
1015,1,0.4927621745111571,0.15753293232220916,19,0.03614053327748115
1015,2,0.45292827513327083,0.0812867378920825,21,0.017738220446976344
1015,3,0.47285573781707047,0.08652369026200611,21,0.018881017144407455
1015,4,0.5154488084499084,0.10480546292719156,21,0.02287042700517826
1015,5,0.5065914576638323,0.06578926939861374,21,0.014356395568332826
1016,1,0.45464868888991133,0.15655295048191456,19,0.035915710024410144
1016,2,0.4761879219047639,0.0848972476230603,21,0.01852609826314684
1016,3,0.477942682765521,0.08983018571322611,21,0.019602553605847586
1016,4,0.45881580599415595,0.10247088622478276,21,0.02236098060258451
1016,5,0.5507678623223046,0.11272803731614264,21,0.02459927447357287
1017,1,0.5104228759832623,0.12762430936037067,18,0.03008133819765596
1017,2,0.49695242282305674,0.07936741134104738,21,0.017319389056335534
1017,3,0.47530104202497436,0.07832936409945775,21,0.017092868577310554
1017,4,0.4891557616233867,0.07880492838458786,21,0.017196645212283233
1017,5,0.5034170244566545,0.08546389128640275,21,0.01864975004787702
1018,1,0.48963831695442517,0.1502085918864069,19,0.03446021434128375
1018,2,0.46971304727674984,0.10672125512815044,21,0.023288487137402072
1018,3,0.5038416932539428,0.08514587015386015,21,0.018580352147283114
1018,4,0.4723014474584485,0.06418433548574674,21,0.014006170275898793
1018,5,0.5096287510004067,0.16589230117052495,21,0.036200667967825804
1019,1,0.5087201140581895,0.16130583217631217,19,0.03700609586633033
1019,2,0.4934258569038524,0.09709675027943213,21,0.021188247994748683
1019,3,0.48020069880188293,0.09750563440268799,21,0.02127747382547657
1019,4,0.48243854535960456,0.06529041930405488,21,0.014247537553154166
1019,5,0.5136061199005235,0.09634965331199309,21,0.02102521807071243
1020,1,0.4565510059261606,0.10001918450810166,19,0.02294597461506126
1020,2,0.4589329379233349,0.09169344861017563,21,0.020009150904174915
1020,3,0.48384142787924955,0.08945102304261439,21,0.019519813527810452
1020,4,0.4858582717751734,0.08222061412315018,21,0.017942008947861472
1020,5,0.5474525933067775,0.13320345727999996,21,0.029067377419781732
1021,1,0.4835086947513858,0.15133193630729652,19,0.03471792722599154
1021,2,0.5010614686633763,0.08430662596815716,21,0.018397214051686185
1021,3,0.47254544780554303,0.07129247222192088,21,0.015557292877975666
1021,4,0.4867700210555273,0.0664153594012787,21,0.01449301960781222
1021,5,0.5412382835997755,0.1353343916703205,21,0.0295323854266688
1022,1,0.4905959515731763,0.11308017025651061,19,0.025942370245605452
1022,2,0.47579128008985994,0.08503900793472956,21,0.0185570328992785
1022,3,0.45319545543583284,0.06953809733687027,21,0.015174456891876912
1022,4,0.4818478319660345,0.076868827918726,21,0.016774153453337937
1022,5,0.5169399497956986,0.06768336703695853,21,0.014769721558873402
1023,1,0.4924019188313077,0.09494861626520375,19,0.021782706480476074
1023,2,0.48264782683789254,0.09873544219126976,21,0.021545839886496675
1023,3,0.4763679946419159,0.08548999054018351,21,0.01865544537197379
1023,4,0.5003067086867377,0.08909984464928337,21,0.019443180119721293
1023,5,0.49763283738625863,0.13105527264746944,21,0.02859860510143354
1024,1,0.4700973499635916,0.18134247629902422,19,0.04160281728204559
1024,2,0.47981009903303407,0.12710746559240474,21,0.027737122974818555
1024,3,0.4585926878647038,0.07285318265135007,21,0.015897867815155016
1024,4,0.48038915799236376,0.09185039764086791,21,0.02004339999052717
1024,5,0.5386473825147546,0.0765720457215897,20,0.01712202994096965
1025,1,0.49602922802198934,0.11637814435988542,19,0.02669897739481729
1025,2,0.4679093996745733,0.0922107954499882,21,0.02012204524007907
1025,3,0.4816869346259122,0.09206501447063421,21,0.02009023322232791
1025,4,0.4845613683361091,0.06726551209005784,21,0.01467853813393606
1025,5,0.5240190590206579,0.07471467293647166,21,0.016304078297869045
1026,1,0.4836988243284679,0.1254335722887502,18,0.029564976517942765
1026,2,0.4663763336059238,0.0965093049074907,21,0.021060056905054726
1026,3,0.4920131187266851,0.09177336141125553,21,0.020026589307029417
1026,4,0.49974743750086226,0.0673255810988951,21,0.014691646266313094
1026,5,0.4883096188063548,0.12356775243091367,21,0.0269646942366774
1027,1,0.4953577616648488,0.10155894943119594,19,0.023299220914881083
1027,2,0.47879291879126906,0.10304218229665708,21,0.022485647626089032
1027,3,0.4793583967730986,0.0868902477302438,21,0.01896100654177653
1027,4,0.5123088591521328,0.12078509719103789,21,0.02635746908097758
1027,5,0.47687983752390173,0.12953544628511035,20,0.028965006338927932
1028,1,0.5060430327586131,0.08312662016490543,19,0.019070554569311216
1028,2,0.46726504443826755,0.0847200066474886,21,0.018487421111394214
1028,3,0.47931713008983357,0.09988065835293379,21,0.021795746541159164
1028,4,0.5169902991109627,0.08536709202032854,21,0.018628626716257913
1028,5,0.47210950299723947,0.1201015160520634,21,0.02620829944702545
1029,1,0.5056500534015738,0.09901853674877147,19,0.02271641027500859
1029,2,0.46827011858335077,0.08758691078547222,21,0.019113030883893836
1029,3,0.4857523193323429,0.07367636523333333,21,0.01607750098147442
1029,4,0.48926696378709217,0.0890019095015842,21,0.019421808918410426
1029,5,0.49392523747149125,0.1443927420524196,21,0.03150907953606886
1030,1,0.48776496634410615,0.12154869094198253,19,0.027885182133461025
1030,2,0.4892470109832297,0.07985052592390698,21,0.017424813301349398
1030,3,0.4632085273634298,0.08331235840719059,21,0.018180247082201974
1030,4,0.47729109296874356,0.08941807641464451,21,0.019512623984164475
1030,5,0.4770557778507222,0.12725272785487948,21,0.027768821799266704
1031,1,0.45689619250767544,0.16172058760914082,20,0.03616182272552491
1031,2,0.4797602478969768,0.09319287887324848,21,0.02033635341273867
1031,3,0.4718345811789846,0.09027185191974381,21,0.019698933073622412
1031,4,0.47457431575647163,0.06505137693775465,21,0.01419537423230311
1031,5,0.5313350907198218,0.08582892349409216,20,0.019191930736841882
1032,1,0.4741789939192012,0.11977448312691562,19,0.02747815094552856
1032,2,0.47153864514096205,0.08670065161747376,21,0.018919633278050903
1032,3,0.46566735862862235,0.06997049056160307,21,0.01526881282913044
1032,4,0.4929153067738524,0.06565867995890917,21,0.014327898616313395
1032,5,0.5027403012787904,0.04496412845678196,20,0.010054284777839716
1033,1,0.4900616838588437,0.170465947238052,19,0.039107570385558156
1033,2,0.4887974576237602,0.07344326012401989,21,0.016026633276316808
1033,3,0.46075015266094077,0.10034868729617206,21,0.021897878829722
1033,4,0.48338528601152464,0.08635951888652049,21,0.01884519201321184
1033,5,0.5354354980449842,0.10038434202786774,21,0.021905659330049558
1034,1,0.5032466259135178,0.19575320778315594,19,0.04490886582108928
1034,2,0.4823192942538115,0.07085351474977453,21,0.015461504504500566
1034,3,0.47798651610501347,0.0908567028384591,21,0.01982655800720705
1034,4,0.4738400763404547,0.05864643710315532,21,0.01279770177450838
1034,5,0.4753800634681613,0.1286738917601874,21,0.02807894518836254
1035,1,0.46781609188974793,0.18276713894491145,20,0.04086797467339712
1035,2,0.47231751216177786,0.09562348706768486,21,0.020866755604918893
1035,3,0.46058229596859396,0.075231773723573,21,0.01641691894066967
1035,4,0.5088655038484751,0.09432117262189245,21,0.020582567294134217
1035,5,0.5236698441810723,0.17511018748017135,21,0.03821217567075208
1036,1,0.45698735361972337,0.13220186415274812,19,0.03032918768365902
1036,2,0.45230207727899746,0.08412220436910955,21,0.01835696995942807
1036,3,0.4949866532123529,0.0691760501544725,21,0.015095451719568182
1036,4,0.4861673450333108,0.062257667730691295,21,0.013585736903204878
1036,5,0.5002043744030713,0.13670187792702518,21,0.02983079539253361
1037,1,0.4734119674405264,0.09483348251788178,19,0.021756292987340935
1037,2,0.48472197669052713,0.1007068751919989,21,0.0219760418366574
1037,3,0.4753011228053281,0.0916103010087405,21,0.019991006610011557
1037,4,0.486292299106866,0.1044743448114403,21,0.0227981711085401
1037,5,0.4700491715288323,0.11901159790874889,21,0.025970459809261427
1038,1,0.48941546153718274,0.15433245084131242,19,0.035406292469802085
1038,2,0.4794866077646988,0.08837844028497932,21,0.019285756781335827
1038,3,0.46921851426415034,0.11066123593048022,21,0.02414826143565679
1038,4,0.5131446757472222,0.09921610613269645,21,0.021650729357707326
1038,5,0.5074391533578073,0.07221459271007044,20,0.016147673826717827
1039,1,0.4633508333988121,0.13661241711554958,19,0.0313410379283951
1039,2,0.49890832674995067,0.08415663315204625,21,0.018364482935803905
1039,3,0.4752707353811423,0.08552296371032679,21,0.018662640707596854
1039,4,0.5046067217624619,0.08176673417869994,21,0.01784296422396311
1039,5,0.4604032410527239,0.127744921249211,21,0.027876227203365817
1040,1,0.5018201712303995,0.15460155771042527,19,0.03546802981966922
1040,2,0.49124936525502505,0.08436531654051803,21,0.018410021384563515
1040,3,0.4967613731457951,0.11734078731316917,21,0.02560585904611008
1040,4,0.4850641718502824,0.0858554862421932,21,0.01873520307295667
1040,5,0.49750158954819873,0.13715060137132706,21,0.029928714875848597
1041,1,0.5270401743484461,0.1642078615296187,20,0.03671799408201
1041,2,0.4728732331223326,0.07911321620815256,21,0.01726391913072697
1041,3,0.4709903349490356,0.08863813090429909,21,0.019342425920397862
1041,4,0.48780213275673556,0.07626396250777705,21,0.01664216099948393
1041,5,0.5238240901601391,0.05442600569522277,21,0.011876728136783619
1042,1,0.45067173963665713,0.1825024434016398,19,0.041868931986157855
1042,2,0.484378044711671,0.08584409931966965,21,0.0187327182427473
1042,3,0.44786583360517346,0.10159369914803706,21,0.022169562689354785
1042,4,0.49769054469342366,0.08720731501447189,21,0.019030196295603638
1042,5,0.5031615309566563,0.0832013448979146,20,0.018604386301114235
1043,1,0.47865046368074077,0.11313235103301192,19,0.025954341336740433
1043,2,0.4775637272456426,0.06600046537172154,21,0.014402482308010747
1043,3,0.4937612653600353,0.1170485613458326,21,0.02554209011204572
1043,4,0.4930443882774464,0.08574196501847164,21,0.018710430711019143
1043,5,0.5252177214450687,0.06978325464902195,21,0.015227954603310577
1044,1,0.47822429946699785,0.11779724309984428,19,0.02702454097367974
1044,2,0.4795112242827546,0.06686179575686245,21,0.014590440007452351
1044,3,0.49096450664396507,0.07797214851319845,21,0.017014917745717634
1044,4,0.5263562372662534,0.08436272909278456,21,0.018409456757178023
1044,5,0.5072064479147161,0.09589573705740591,21,0.020926165423292592
1045,1,0.4769870505284708,0.15846941145099105,19,0.03635537632406512
1045,2,0.4692376409528661,0.07735301431163756,21,0.016879811586480074
1045,3,0.4928686922014493,0.08256049029813715,21,0.018016176009708607
1045,4,0.507433024733209,0.07111424013014433,21,0.015518399446935841
1045,5,0.4594244588110628,0.12022124993498641,21,0.02623442752234667
1046,1,0.4768517720962688,0.12604184700632684,19,0.028915982829357537
1046,2,0.491293902013298,0.07969825284674407,21,0.017391584591711168
1046,3,0.48873854813057105,0.10303378255770305,21,0.022483814652775953
1046,4,0.5197573243239505,0.07028076065371622,21,0.015336519314034699
1046,5,0.5238268467859436,0.12569443946442332,21,0.02742877539432212
1047,1,0.5084096967384883,0.12942640738239647,19,0.029692454231862776
1047,2,0.47093945508160473,0.08012010838208973,21,0.01748364101661867
1047,3,0.466426854660974,0.07539785076932302,21,0.016453159923209865
1047,4,0.5099376521279875,0.0612063281299375,21,0.013356315793606835
1047,5,0.49271842001575195,0.0596068692709944,20,0.013328501161588681
1048,1,0.5088167617259846,0.18763969465802519,19,0.04304749825321897
1048,2,0.4656959901811047,0.07444288328021988,21,0.016244768932493815
1048,3,0.4930307360900474,0.0797488660153837,21,0.017402629290589864
1048,4,0.47845930973899503,0.09282369574081728,21,0.020255791048468818
1048,5,0.521118173343526,0.11923003405036978,21,0.026018126483237227
1049,1,0.497895985721133,0.16857714429405024,19,0.03867424927202311
1049,2,0.4667292873421503,0.07056610408855735,21,0.015398786356378421
1049,3,0.4725825316095963,0.095981336983293,21,0.02094484485852403
1049,4,0.4998498811433451,0.09026891079930258,21,0.0196982912685248
1049,5,0.5276708540333817,0.12744860162415314,21,0.027811564959950172
1050,1,0.46570627971544915,0.09774197722672376,19,0.022423547435428563
1050,2,0.4644151968804695,0.0894476114820187,21,0.019519069064254848
1050,3,0.4697827956777624,0.08539430848902388,21,0.018634565836636287
1050,4,0.5072570357417026,0.07407292585595868,21,0.016164037603894392
1050,5,0.5200149549104998,0.07782469865974194,20,0.017402131653161974
1051,1,0.48056668579668765,0.1856858561372059,19,0.04259925695510064
1051,2,0.48348421570009265,0.0688579922587868,21,0.015026045796598752
1051,3,0.47311045208389163,0.07645818902832853,21,0.016684544701026552
1051,4,0.5062000946403027,0.0830649599504835,21,0.018126260312931713
1051,5,0.473990228064488,0.08674193162369938,21,0.018928641313918387
1052,1,0.5057395419937357,0.15214206716989637,19,0.03490378399236607
1052,2,0.46849248948653033,0.09682938969474329,21,0.021129905132025624
1052,3,0.47210849244772113,0.06528519352721855,21,0.014246397195158099
1052,4,0.4790518009618133,0.07625173815574363,21,0.016639493427173694
1052,5,0.49224121722486625,0.07125115227447273,21,0.01554827612621887
1053,1,0.44093144057135375,0.17379962717859518,19,0.039872369015607444
1053,2,0.4858218322565403,0.09078667092122152,21,0.01981127578997828
1053,3,0.5118318342989264,0.08627455299129771,21,0.018826650934814313
1053,4,0.4921507467645628,0.10095506892545407,21,0.022030202149541784
1053,5,0.532390613549541,0.12917265463179667,21,0.02818778416993316
1054,1,0.47230721102106266,0.10610725573382589,19,0.024342673943167036
1054,2,0.45135921083950076,0.09345820064730784,21,0.020394251370507575
1054,3,0.48998251673277465,0.08910287354558315,21,0.019443841079081575
1054,4,0.5242693060172757,0.07970770635878918,21,0.01739364751716497
1054,5,0.5217319565469596,0.12250775900079179,21,0.026733384706692193
1055,1,0.49706769225323255,0.08523482335931386,19,0.019554209552304688
1055,2,0.4587963592944231,0.08255302404432102,21,0.018014546739552884
1055,3,0.5006915843637179,0.09702279598097063,21,0.021172109843764532
1055,4,0.4969466485109556,0.08932788947388749,21,0.01949294358022564
1055,5,0.46565828708259666,0.12250450060424532,21,0.02673267366627227
1056,1,0.4919670079387684,0.15050889352960253,19,0.034529108263140006
1056,2,0.48294064405316195,0.07635114334245181,21,0.016661185417295672
1056,3,0.500883826636819,0.08350355857693897,21,0.01822197037985723
1056,4,0.5142062521978334,0.07695476838003322,21,0.016792907199490305
1056,5,0.4954425907750878,0.0722689393519634,21,0.015770375474978338
1057,1,0.4709279770001055,0.17002826548880473,20,0.03801947597293489
1057,2,0.44911498975444547,0.0897265820044501,21,0.019579945423097864
1057,3,0.49326450762995333,0.11186529476391212,21,0.024411008614008307
1057,4,0.493910430580854,0.08175059313974117,21,0.017839441960495313
1057,5,0.5182498964011615,0.08256993745636404,21,0.018018237548645604
1058,1,0.4351470719095609,0.16038722727135066,19,0.03679535344792149
1058,2,0.502027791515634,0.09382637199683669,21,0.0204745929456471
1058,3,0.47272577168927865,0.09306095677881887,21,0.02030756565161673
1058,4,0.49790899991193593,0.09378212834999725,21,0.02046493819037745
1058,5,0.5047632000606588,0.13162553065679453,21,0.02872304560111864
1059,1,0.4671627270185912,0.11539915637504132,19,0.026474382147823817
1059,2,0.4849766746579481,0.08138002108630131,21,0.017758576508813247
1059,3,0.48930489589944753,0.09729671448509614,21,0.0212318837618314
1059,4,0.4977522927006688,0.12238870444989872,21,0.02670740487377331
1059,5,0.5022896991291551,0.09211854715695066,21,0.020101915012194545
1060,1,0.47282301702587565,0.12915765168598775,19,0.029630797446539275
1060,2,0.4851137506375322,0.08249056454661925,21,0.018000916959739207
1060,3,0.48277460966932634,0.08238570002459873,21,0.017978033644983283
1060,4,0.4774687915339962,0.10490422719233507,21,0.02289197913474858
1060,5,0.5216472571778062,0.13215825284049532,21,0.028839295112127735
1061,1,0.5032486309873968,0.17338976681862348,19,0.03977834060034008
1061,2,0.4850766389065384,0.06528683506890058,21,0.014246755408920685
1061,3,0.4968230523443596,0.09525581284376572,21,0.020786522511481102
1061,4,0.5004905012982688,0.07927611960905023,21,0.01729946756718313
1061,5,0.48180704934489427,0.07677977076742391,20,0.017168478673281105
1062,1,0.4773987090290199,0.12082674077536247,19,0.027719555406167908
1062,2,0.45785869376419097,0.07347010419805165,21,0.01603249113351736
1062,3,0.5040855588086239,0.08389418194665305,21,0.01830721138747311
1062,4,0.5015080027245179,0.10327938522281133,21,0.022537409548192215
1062,5,0.5116099433507602,0.08630167980791628,21,0.018832570491505635
1063,1,0.47802768498427284,0.16012952347844525,19,0.03673623214315087
1063,2,0.4680077683976465,0.10399518884365823,21,0.02269361070415671
1063,3,0.4778316480880746,0.0804597035354733,21,0.0175577467545244
1063,4,0.5090866561747465,0.08773276337574265,21,0.019144858528428104
1063,5,0.49901221774165316,0.07807854878047718,21,0.017038136187563748
1064,1,0.49845172913545355,0.12357793226711543,19,0.028350722021266858
1064,2,0.5046663713497954,0.07277046897312534,21,0.015879818210799153
1064,3,0.4491585719065769,0.06591834233008907,21,0.014384561591125947
1064,4,0.5078539416582023,0.058848955580016085,21,0.012841894929262743
1064,5,0.4997760329567698,0.09872576081038474,21,0.021543727235985376
1065,1,0.4500147819843713,0.16298204161415428,19,0.037390644684633635
1065,2,0.4996737277883899,0.08123424893657918,21,0.017726766417845718
1065,3,0.4646986578428113,0.0862606146568929,21,0.01882360934088709
1065,4,0.492252877449437,0.047761484875928996,21,0.010422410464163484
1065,5,0.5503086050852262,0.12897154593226481,21,0.028143898653813212
1066,1,0.4283187821301044,0.18387803415591397,20,0.04111637839416518
1066,2,0.4964520318774441,0.0767050187198605,21,0.016738407355560262
1066,3,0.5065023182580675,0.08983210502653571,21,0.01960297243434871
1066,4,0.4828651951352641,0.08428512578333332,21,0.01839252232671424
1066,5,0.5089176934274842,0.13149280163779248,21,0.02869408175461892
1067,1,0.43633601135289846,0.1390289390031596,19,0.031895426070655424
1067,2,0.5015886024650525,0.0885266985574217,21,0.019318109388758237
1067,3,0.47841094337364265,0.081240070967976,21,0.01772803688925402
1067,4,0.5085461651028784,0.08498490491202064,21,0.01854522665180757
1067,5,0.5308918551030677,0.07412137111471384,21,0.01617460922605188
1068,1,0.48321670557876173,0.10417673804141005,19,0.023899782810011354
1068,2,0.4889049156679346,0.08790553057643705,21,0.019182559422465613
1068,3,0.47710850600242116,0.0796877012932378,21,0.017389282053966313
1068,4,0.49860544044075605,0.08223727247846459,21,0.017945644099012982
1068,5,0.5067460830645113,0.045826060068880986,21,0.010000066146059064
1069,1,0.45410986982999973,0.15260518500016906,19,0.035010030509266626
1069,2,0.4880426263512768,0.10658229485892719,21,0.023258163520625548
1069,3,0.48737776313820463,0.09054748126729674,21,0.019759080328332537
1069,4,0.5044341315964889,0.0738326213032817,21,0.016111598851395122
1069,5,0.529085071261984,0.12157456181942282,21,0.02652974438659968
1070,1,0.45703566160554526,0.16083321321592328,19,0.03689766964069157
1070,2,0.4760438476480412,0.09091664780294097,21,0.01983963907088655
1070,3,0.4716150472522608,0.0896470726299593,21,0.019562595055142497
1070,4,0.5042900333768795,0.07275714324749391,21,0.015876910299066002
1070,5,0.5376131156958436,0.15050482659005482,21,0.03284284572881565
1071,1,0.4374728657713246,0.1790115564839817,19,0.04106806760208418
1071,2,0.47035819249956345,0.08563116708725066,21,0.01868625262022559
1071,3,0.4731638725790996,0.08300768779943737,21,0.01811376250496115
1071,4,0.46379475226936356,0.06842536507045101,21,0.014931638804301386
1071,5,0.5066873617377559,0.07609783245364853,20,0.01701599263067477
1072,1,0.47447411224708197,0.16419570260803643,18,0.038701298251944086
1072,2,0.486197884857694,0.10137795833604248,21,0.022122484184523526
1072,3,0.47229059146838803,0.055149518380472655,21,0.012034611548517827
1072,4,0.4918907572316757,0.06477956918151034,21,0.0141360609171857
1072,5,0.4970101501979406,0.06324455768258724,21,0.013801093946402712
1073,1,0.43406258833283096,0.1624152519409558,19,0.03726061421580655
1073,2,0.47121768695834865,0.09588157970716299,21,0.02092307603619125
1073,3,0.494623696567078,0.0829967685801043,21,0.018111379735955262
1073,4,0.49438815460431956,0.05976421851001425,21,0.013041621674858154
1073,5,0.49856073311614885,0.09330456455933178,21,0.020360725227525328
1074,1,0.4971460024835952,0.10470355432726848,18,0.024678864426381876
1074,2,0.4934012951277333,0.06530306401427817,21,0.014250296855141738
1074,3,0.4565203015620177,0.08721111564469576,21,0.019031025661112658
1074,4,0.49113042608780305,0.08696642446909066,21,0.018977629669012747
1074,5,0.5200720080854294,0.06837301616879432,21,0.014920215337425692
1075,1,0.4423856928705357,0.14849646287819207,19,0.034067425008383063
1075,2,0.47815629415809663,0.08131032441924493,21,0.017743367449171724
1075,3,0.4725441450985435,0.07924809770319423,21,0.01729335268600684
1075,4,0.4913229382278419,0.06040871843126675,21,0.013182263087931138
1075,5,0.5192166263085723,0.13317057558134507,21,0.029060202044873886
1076,1,0.49001961471612504,0.1338865836350617,18,0.03155737039941733
1076,2,0.49229833042927706,0.06376005406328265,21,0.013913584479022354
1076,3,0.4769825473697737,0.08059984313569614,21,0.017588327722423545
1076,4,0.488909015462112,0.08311960017682435,21,0.01813818378784583
1076,5,0.5350179872051295,0.15697040326772857,21,0.034253750230576654
1077,1,0.5402175055781989,0.15732924180849073,19,0.03609380346879396
1077,2,0.4850063915935905,0.08538594539149662,21,0.01863274085913805
1077,3,0.4857136529499994,0.10525703983440676,21,0.022968969165150052
1077,4,0.45280405354203,0.0949415987195286,21,0.020717955368207728
1077,5,0.5224123694905037,0.07895024515894777,21,0.017228355932199953
1078,1,0.4710897569350011,0.1494226518785494,19,0.03427990733760288
1078,2,0.4726087293142635,0.10364732084256995,21,0.022617699682878616
1078,3,0.504633174895001,0.07839326595069147,21,0.017106813104468953
1078,4,0.5034668723912965,0.08338794011872173,21,0.018196740363832727
1078,5,0.5240040165083675,0.08867404834181178,21,0.019350263747834565
1079,1,0.4617331227305574,0.16021674304505623,19,0.0367562416840328
1079,2,0.4789077305127798,0.10463052339131786,21,0.022832252068741034
1079,3,0.4929166280452033,0.07384886414659253,21,0.016115143330393843
1079,4,0.49934360905514114,0.08058677780683508,21,0.017585476633924246
1079,5,0.48495148657534043,0.07880157791264623,21,0.017195914079364837
1080,1,0.47401435581442436,0.1604400135049755,19,0.03680746344044679
1080,2,0.4745032993625133,0.08299245026911362,21,0.018110437403241492
1080,3,0.48568453834527847,0.07521669118327809,21,0.016413627660547114
1080,4,0.47932859155039204,0.06627603062490404,21,0.01446261557618258
1080,5,0.49430032789573336,0.07373657728877805,20,0.016487999924587486
1081,1,0.42226162827168706,0.16572270754132024,19,0.03801939656960846
1081,2,0.5019362835551537,0.09979294928416416,21,0.021776606853217688
1081,3,0.47886829877828707,0.08475816742273282,21,0.018495748475257777
1081,4,0.46786294598622513,0.0804055946674981,21,0.017545939231511796
1081,5,0.5278143798411348,0.06665087005035047,21,0.014544412244780772
1082,1,0.5117349589864776,0.08889253224833095,19,0.02039334552136342
1082,2,0.4938864781053518,0.10059890936143534,21,0.021952481760894243
1082,3,0.48881532129226946,0.08997974437987255,21,0.01963518998254968
1082,4,0.49812877463774025,0.0646744760324019,21,0.014113127711908997
1082,5,0.4886906691046765,0.12735148700085003,21,0.027790372811741904
1083,1,0.4719892129107811,0.16709969493480184,19,0.038335299143014555
1083,2,0.47434382602793856,0.07775836909786218,21,0.016968267252727074
1083,3,0.48400072127116356,0.0969757569224994,21,0.021161845079666255
1083,4,0.47643422997904045,0.09588445734770566,21,0.020923703988839328
1083,5,0.5145227693003658,0.07626043165230628,20,0.017052350916803346
1084,1,0.4722626542893252,0.1469268996377258,19,0.033707342505715235
1084,2,0.47217662647402503,0.08569092926676389,21,0.01869929379695487
1084,3,0.48014916131768703,0.07296093329077497,21,0.015921380932361895
1084,4,0.46002131288633613,0.06465768590439148,21,0.014109463805597773
1084,5,0.489947616840193,0.07047741613661583,21,0.015379433058616393
1085,1,0.4357297624500321,0.1651610283787657,19,0.03789053853233121
1085,2,0.47067093015090317,0.10930743366274022,21,0.023852837560993864
1085,3,0.4923269404364934,0.07785652692391794,21,0.01698968704643911
1085,4,0.4938379331910769,0.0768401975725244,21,0.0167679057995931
1085,5,0.5380393459310227,0.09477692420115773,21,0.020682020442233207
1086,1,0.4547928274187292,0.17704479822386382,19,0.04061686231249324
1086,2,0.4909840575770131,0.09162989105512201,21,0.019995281508602556
1086,3,0.49770212624981625,0.05904506629340412,21,0.012884689795390954
1086,4,0.4759995566585087,0.07377844007171573,21,0.016099775537352406
1086,5,0.4940218543127722,0.08751223810387476,21,0.019096735968857373
1087,1,0.46905688274471835,0.15647980762672176,19,0.0358989299026087
1087,2,0.4627064873316374,0.09231193550084851,21,0.02014411580859617
1087,3,0.4705114981655411,0.07593640459285339,21,0.01657068200235919
1087,4,0.5014664298113247,0.08305186205010165,21,0.018123402116743865
1087,5,0.5218965957045627,0.0828037360641787,20,0.01851547826304545
1088,1,0.4883677962093566,0.13040820781570717,19,0.029917694698785184
1088,2,0.4840312916836299,0.08484878414660232,21,0.018515522665560676
1088,3,0.46381681853409,0.06335837908277099,21,0.013825931812214516
1088,4,0.49327319277160475,0.09610336101489478,21,0.020971472685258258
1088,5,0.5269724308145579,0.05281636259741157,21,0.011525475215946332
1089,1,0.46025268730009256,0.17903500596913138,19,0.04107344728292868
1089,2,0.45955344156853606,0.09533890478939691,21,0.020804654660552344
1089,3,0.4905553276247548,0.0846509494591836,21,0.018472351597456665
1089,4,0.48976550320237244,0.07041373241129698,21,0.015365536130434943
1089,5,0.5153356221695417,0.07536043161783586,21,0.016444994394917915
1090,1,0.49873732967111417,0.15168365868330302,19,0.03479861787300177
1090,2,0.4764129591874409,0.09409004317165298,21,0.020532130713131556
1090,3,0.4667238077304409,0.08650465022658312,21,0.01887686226804743
1090,4,0.4835872044518148,0.06358027899047589,21,0.01387435434191744
1090,5,0.5280512222230301,0.10436913212295694,21,0.022775211817633204
1091,1,0.49503507485218146,0.1680975001470916,19,0.03856421135805188
1091,2,0.49272421107114894,0.08948467833148507,21,0.019527157713943095
1091,3,0.4933165492998019,0.07888771936118501,21,0.017214711684526842
1091,4,0.4770668729550611,0.07738838538596376,21,0.01688753018769492
1091,5,0.4652928119825973,0.12157962782650973,21,0.026530849879978106
1092,1,0.4778121211528132,0.1745707589914264,19,0.040049278786359055
1092,2,0.5112424090383002,0.06882049879138898,21,0.015017864051245566
1092,3,0.46192732821702687,0.09009373996348884,21,0.01966006585830265
1092,4,0.49378319410165505,0.06984947984503495,21,0.015242406125864999
1092,5,0.5097492904293851,0.07793670136371146,20,0.017427176219135938
1093,1,0.4301989060598847,0.1879424230352185,19,0.04311694890603622
1093,2,0.4903055983410728,0.06352275280466796,21,0.01386180109901711
1093,3,0.4693367761738693,0.06834882020102544,21,0.014914935344386948
1093,4,0.48990569373811105,0.069287794245275,21,0.015119836279309445
1093,5,0.5084211604146815,0.09127366428276062,21,0.019917546453892276
1094,1,0.5240334848569131,0.11233738597649054,19,0.02577196384489713
1094,2,0.49016303628741104,0.06548823277310968,21,0.014290703991031568
1094,3,0.4970035686229042,0.0751204883123433,21,0.01639263447301708
1094,4,0.4893492215297335,0.06337125500687611,21,0.013828741569207574
1094,5,0.4477022509209127,0.11750731899093829,21,0.025642199237490317
1095,1,0.48406963739364445,0.09420218442444715,19,0.021611463271944544
1095,2,0.4744029069271099,0.07496609347563829,21,0.01635894275748798
1095,3,0.4759947998797689,0.09385179327826995,21,0.02048014032404856
1095,4,0.5049800104828598,0.06564358149672311,21,0.014324603861749345
1095,5,0.5367735204400063,0.12731880303280188,21,0.027783240585189897
1096,1,0.49673846534303073,0.11939996171904121,19,0.027392229841890818
1096,2,0.48658520163364793,0.08417486065160854,21,0.018368460502302668
1096,3,0.47605977956443396,0.07536828629427371,21,0.01644670842583867
1096,4,0.4675750805450245,0.06536676489629233,21,0.014264197527221039
1096,5,0.5189277751729768,0.07876865207173442,21,0.017188729071826815
1097,1,0.4711177319770884,0.17673060272750457,19,0.04054478092211716
1097,2,0.5010720514997901,0.08158484874949523,21,0.01780327356933739
1097,3,0.48332940016604864,0.10758070602394959,21,0.023476034698644798
1097,4,0.46721604887987395,0.08929591169326101,21,0.0194859654564029
1097,5,0.5117746842925252,0.09157322803846736,21,0.01998291662465377
1098,1,0.42101834767219964,0.18364098545383217,19,0.04213013144660406
1098,2,0.50817499188534,0.06759864741163751,21,0.014751234220974265
1098,3,0.4786573076296203,0.07765538781244902,21,0.01694579489389042
1098,4,0.4961068180425847,0.06193893536029158,21,0.013516183797786336
1098,5,0.4852497944947261,0.15618047436619634,21,0.034081373612247855
1099,1,0.4717455342115732,0.1088591514279065,19,0.02497400211335978
1099,2,0.49084584858044683,0.07921410937600004,21,0.01728593582495387
1099,3,0.46203333039400407,0.09825887831032021,21,0.021441845121833187
1099,4,0.5106003866021679,0.082678255093923,21,0.01804187439498907
1099,5,0.4977931733356454,0.07170756198173088,21,0.01564787288961997
1100,1,0.4647831694787489,0.12436058808331708,19,0.028530275579708823
1100,2,0.4583745896196668,0.08050476940828306,21,0.01756758093421059
1100,3,0.5075395649744343,0.07408968110574982,21,0.016167693899154192
1100,4,0.49414789112493507,0.05341732371342345,21,0.011656615682796311
1100,5,0.49936557610326526,0.09799615784826783,21,0.021384514816882295
1101,1,0.47417029357707086,0.09664299145339111,18,0.022778971536948807
1101,2,0.5026048391922293,0.0706932751417795,21,0.015426537355311649
1101,3,0.4970970593523034,0.0979395481868961,21,0.02137216157601078
1101,4,0.4758254767099621,0.07857238851305173,21,0.017145900852120873
1101,5,0.5133059835659795,0.10185371919206816,20,0.022775183987463934
1102,1,0.5139755222080646,0.09681910650107271,19,0.022211826370635672
1102,2,0.46812299615623365,0.08855492254498766,21,0.019324268367778924
1102,3,0.4928496788406225,0.07025638159040169,21,0.015331199366272273
1102,4,0.48461410762721696,0.07522066048625731,21,0.016414493833468945
1102,5,0.5429983812144562,0.12240882690365305,21,0.026711795953177953
1103,1,0.4745010809230419,0.1289111874117456,19,0.029574254664191137
1103,2,0.4846906472095332,0.09002393025219747,21,0.019644832130386664
1103,3,0.4669023538608612,0.07102039152648948,21,0.015497920002644685
1103,4,0.5031899494279973,0.08963086871647015,21,0.019559059071327326
1103,5,0.48562171889450856,0.12177445934243292,21,0.026573365602334344
1104,1,0.5046014654233115,0.1703514499215033,20,0.038091742209013256
1104,2,0.4918999922988539,0.07581487902606814,21,0.016544162949565577
1104,3,0.46832687995187006,0.08269001386628859,21,0.018044440369486454
1104,4,0.48680118093810715,0.04814439942857338,21,0.010505969269982202
1104,5,0.4752238959079714,0.13397401588876198,21,0.029235527093688964
1105,1,0.4851070519091114,0.12580589964613645,19,0.028861852792564636
1105,2,0.4755367243346767,0.09436284482348749,21,0.020591660914047776
1105,3,0.49293010004311055,0.0867133743409136,21,0.018922409603918004
1105,4,0.4686687269571939,0.08382686863756257,21,0.018292522419178583
1105,5,0.5171673875300572,0.13687747974873388,21,0.02986911485158848
1106,1,0.47807067430018396,0.20018588966017442,19,0.04592579278692021
1106,2,0.4548112812776026,0.07483303376090576,21,0.016329906747263645
1106,3,0.4773868373422812,0.08321888549534281,21,0.018159849620584336
1106,4,0.49039943167311656,0.08630929139387922,21,0.01883423147573582
1106,5,0.488531065707352,0.14799917602871293,21,0.032296067949650994
1107,1,0.49038457203309677,0.10155108092223963,19,0.02329741575512441
1107,2,0.48803199812242387,0.10617085714263767,21,0.023168380450213338
1107,3,0.4743147345481032,0.0841295191107081,21,0.018358566166907325
1107,4,0.47923754860573264,0.06839855238504547,21,0.014925787796660627
1107,5,0.5123608669639993,0.06891706482687994,20,0.015410324176266331
1108,1,0.49096296548514107,0.19112860583780805,19,0.04384790937193807
1108,2,0.4997793744132653,0.08549429515183309,21,0.01865638471524625
1108,3,0.47424865636985014,0.09975559739078715,21,0.02176845600184864
1108,4,0.49507735853977214,0.07511955627157842,21,0.016392431085047753
1108,5,0.4684963331876275,0.15044127882110855,21,0.032828978468746994
1109,1,0.475396968234835,0.1810223783607047,19,0.041529381778615565
1109,2,0.4799051064611935,0.0703384574168261,21,0.015349109779953981
1109,3,0.476145452161535,0.09826080740958139,21,0.021442266085804018
1109,4,0.4840149361578883,0.09635788048064829,21,0.021027013386098983
1109,5,0.4801770596570079,0.1192759186538258,21,0.026028139324597716
1110,1,0.501481597342025,0.1598388975953883,19,0.036669557992907574
1110,2,0.5002875583142262,0.07238540027357021,21,0.01579578933158632
1110,3,0.483340858085525,0.08250803798664583,21,0.01800472997695697
1110,4,0.5101398838295784,0.07553818045460704,21,0.016483782371070024
1110,5,0.5250779389632395,0.12420498910996652,21,0.027103750680361305
1111,1,0.44138573043276574,0.15669353703311073,19,0.03594796279122514
1111,2,0.5086524916058064,0.084096663422748,21,0.01835139646799842
1111,3,0.4608440818170906,0.0877131365056554,21,0.01914057559424573
1111,4,0.4910138554710568,0.06571023506583913,21,0.014339148862978542
1111,5,0.5381872121737885,0.07863112285329289,20,0.01758245358471001
1112,1,0.4833666590156669,0.12453735880911532,18,0.02935373697499589
1112,2,0.4782568720219495,0.09372875961715159,21,0.0204532921780913
1112,3,0.4492325056100605,0.07419594150138868,21,0.01619088181850615
1112,4,0.49321874247678354,0.06141511997872181,21,0.01340187791034702
1112,5,0.5134008604571155,0.06648082446446217,21,0.014507305255784284
1113,1,0.4704951681873751,0.12693580816083366,19,0.029121071583670496
1113,2,0.49683815710332657,0.07893281510342026,21,0.017224552382256043
1113,3,0.49008195217958106,0.07428635540133262,21,0.01621061174899992
1113,4,0.4901830467750614,0.059942817395068515,21,0.013080595146753197
1113,5,0.5319219969771956,0.13525476471578207,21,0.02951500940064351
1114,1,0.4694257060138141,0.10883291470944335,19,0.0249679829973392
1114,2,0.49445304806766094,0.07751795151178875,21,0.0169158038343185
1114,3,0.48040201644477015,0.07125524858714909,21,0.015549170014928851
1114,4,0.4947798204475663,0.06088344227233918,21,0.01328585632297469
1114,5,0.4961469348741014,0.06542213749952135,21,0.01427628081987455
1115,1,0.5038956420133468,0.15111923701060587,19,0.0346691306607475
1115,2,0.4716335508837611,0.07520890972384853,21,0.01641192960688744
1115,3,0.45515941893717726,0.07648297228568361,21,0.016689952851159755
1115,4,0.5169828435862909,0.08601471688182642,21,0.01876995004719836
1115,5,0.46527105175270983,0.1254574798134069,21,0.02737706655920626
1116,1,0.49157698781804804,0.1745833718566473,19,0.04005217237608991
1116,2,0.505518716717819,0.10055338024054208,21,0.02194254649218862
1116,3,0.4630757490838861,0.06702609796862596,21,0.014626293689464493
1116,4,0.5163344441911477,0.09247057210345505,21,0.020178733153331175
1116,5,0.47990610937008116,0.13499467845885305,21,0.02945825392637708
1117,1,0.4476803979802799,0.1604844186275746,19,0.03681765067423547
1117,2,0.4940670929186238,0.08659935356651817,21,0.01889752823108636
1117,3,0.4769495653462303,0.07012126789560785,21,0.015301715140852372
1117,4,0.5144529989792361,0.06666421899127693,21,0.01454732522250663
1117,5,0.5233586338745225,0.14190557037468096,21,0.030966334179898025
1118,1,0.4544569064021021,0.16955507762611302,19,0.03889860256507478
1118,2,0.5047040912124955,0.10283870397135213,21,0.022441245015232234
1118,3,0.4833828390473126,0.09280713660507867,21,0.020252177548803808
1118,4,0.47818118423114586,0.06359006979303532,21,0.013876490870195676
1118,5,0.5236122435255741,0.06701566324397673,21,0.014624016645866343
1119,1,0.4636136270272225,0.15384275196668093,19,0.03529394784310291
1119,2,0.48450503043453774,0.07264568039990713,21,0.015852587111625918
1119,3,0.4562077401274103,0.09986991722180824,21,0.021793402634186197
1119,4,0.5065300766095054,0.08794086890838318,21,0.019190270878707356
1119,5,0.5165571023238583,0.09531436861307696,20,0.021312940745131244
1120,1,0.4656351089700905,0.15989860588224206,19,0.03668325601335428
1120,2,0.47711678818716485,0.09397153829624477,21,0.020506270829237297
1120,3,0.49332593494703486,0.08873292061133775,21,0.019363110730283926
1120,4,0.505175434203859,0.07958601962606628,21,0.017367093295080467
1120,5,0.46462224088942183,0.130490261333403,21,0.028475309524518495
1121,1,0.49341891024122286,0.13252181530963444,19,0.03040258951311883
1121,2,0.499623517269073,0.07528582057911316,21,0.016428712931459533
1121,3,0.48468003834852247,0.09146881032059644,21,0.019960130810556722
1121,4,0.4762547155632107,0.05211172356860344,21,0.011371710373701884
1121,5,0.5293525492756261,0.08531358224277472,20,0.01907669692988632
1122,1,0.4581644305319264,0.14601660004181918,19,0.03349850545587824
1122,2,0.46958762776049845,0.12711969394004258,21,0.02773979141904116
1122,3,0.4978353956615248,0.06023952686095866,21,0.013145342460412792
1122,4,0.4927184262818011,0.05943800778605405,21,0.012970436658903203
1122,5,0.5573557947475248,0.13668158752522377,21,0.02982636766386047
1123,1,0.44566123846236133,0.1683429650904296,19,0.038620524878167264
1123,2,0.4952629018890063,0.10212134302485616,21,0.02228470402295019
1123,3,0.4831468565830078,0.08058462390436914,21,0.017585006613872353
1123,4,0.5028149689407186,0.08393603302511098,21,0.018316344041518298
1123,5,0.5374804509127531,0.12282144979354796,21,0.0268018376496739
1124,1,0.4606651472562156,0.16205722379346366,19,0.037178476925603325
1124,2,0.48931633598505087,0.07389988963417238,21,0.01612627800464178
1124,3,0.46396457066671415,0.063765384600455,21,0.013914747697597929
1124,4,0.5065773264458546,0.06105593216207773,21,0.013323496702800476
1124,5,0.5729525844917298,0.12483533656916723,21,0.027241303773023702
1125,1,0.449034872948101,0.15982716022860516,19,0.03666686525629331
1125,2,0.48559356118201175,0.11185986653104864,21,0.02440982407648513
1125,3,0.48319348035265636,0.061022308398545645,21,0.01331615939606071
1125,4,0.4625369149334598,0.1377371309268444,21,0.030056706118014642
1125,5,0.5460186400320366,0.13885841209562577,21,0.03030138972902746
1126,1,0.48132829005211586,0.12310144523350348,19,0.028241408398770967
1126,2,0.4893157442706984,0.07914847240201613,21,0.01727161266296963
1126,3,0.47087240520648105,0.0873962135566572,21,0.019071417336947973
1126,4,0.4902632898133283,0.05339150337335855,21,0.011650981222662175
1126,5,0.5051965365862008,0.053318020842101965,20,0.011922271902869057
1127,1,0.4704242057835756,0.12271410267186712,18,0.028923991382166492
1127,2,0.47825896148038405,0.08951015747513584,21,0.019532717718915585
1127,3,0.4834347111587234,0.062021086932707234,21,0.013534110740598449
1127,4,0.49819429915439645,0.09823981347343588,21,0.0214376848333506
1127,5,0.4560976372654197,0.1615573525638504,21,0.03525470462859583
1128,1,0.47782082057023156,0.11929027062412771,18,0.028116986429299707
1128,2,0.4783810525140583,0.09502382496383306,21,0.020735898605761877
1128,3,0.48564631705674655,0.06444612358062708,21,0.014063297121652482
1128,4,0.5067368012156837,0.06280629228780323,21,0.0137054565965895
1128,5,0.49562374186328106,0.13362992228650816,21,0.02916043971376143
1129,1,0.44797448910519827,0.11427024993244092,19,0.026215393247823442
1129,2,0.49235516603826024,0.08226635117667057,21,0.017951989591186303
1129,3,0.464804115938742,0.08490180752469567,21,0.01852709331526139
1129,4,0.4915833407406133,0.10984486175229372,21,0.02397011398484979
1129,5,0.501815997178862,0.13875157856888126,21,0.030278076742214804
1130,1,0.48416836786135736,0.11941910082390417,19,0.02739662065367858
1130,2,0.48010102837934454,0.10093956500245554,21,0.022026818916174664
1130,3,0.46754004396470694,0.08171643997352342,21,0.017831989128618393
1130,4,0.47672162765586557,0.1119927877043375,21,0.02443882985448792
1130,5,0.47700573095494936,0.1285532116004711,21,0.028052610618515904
1131,1,0.41915725178701185,0.19163605709438125,19,0.043964326674368344
1131,2,0.4809371113053869,0.08839599187298193,21,0.019289586851840047
1131,3,0.46424747738837013,0.08193687994336026,21,0.017880093073759873
1131,4,0.48787672802132687,0.06651927903468759,21,0.014515696730968806
1131,5,0.5204457312818421,0.09651924667152446,21,0.0210622263758274
1132,1,0.4056134377189145,0.14924090870765605,19,0.03423821259467642
1132,2,0.4525899761238307,0.08019081468508632,21,0.017499070396884975
1132,3,0.4878437954169693,0.0986560073029242,21,0.021528505772750776
1132,4,0.5319671117966935,0.07371552741947528,21,0.016086046871111342
1132,5,0.5525352546750428,0.13926506551291554,21,0.03039012877980569
1133,1,0.5154559303936375,0.16533015151607736,19,0.03792933804099205
1133,2,0.47752638015105253,0.10697662684723107,21,0.023344213815165785
1133,3,0.479635329524391,0.0805487424737957,21,0.01757717664379397
1133,4,0.5132826409116572,0.07831155908714692,21,0.01708898320508846
1133,5,0.5397169376439445,0.12533327849514853,20,0.028025373055806463
1134,1,0.4652856517075634,0.1201307101458567,18,0.028315079924296955
1134,2,0.4621747911301605,0.10651770889635437,21,0.023244069708134047
1134,3,0.47492625696913937,0.07296925649866998,21,0.01592319720522874
1134,4,0.48595023608274523,0.06383484000505057,21,0.013929904109454262
1134,5,0.4749990502855079,0.1362783178258963,21,0.029738367000877126
1135,1,0.4804458643522405,0.18251091635039485,19,0.04187087581391454
1135,2,0.4496040361164673,0.06441584459516285,21,0.014056689705325991
1135,3,0.44859301785008415,0.09668136886388008,21,0.021097604338603675
1135,4,0.5096261252585699,0.09568883144431706,21,0.020881014916926358
1135,5,0.5269248328711601,0.06065446868431787,20,0.013562751511726699
1136,1,0.45948961724303683,0.11555077819381668,18,0.027235579610743476
1136,2,0.49401316902389614,0.06752798257700444,21,0.014735813889846763
1136,3,0.48219015654752584,0.1035736349642919,21,0.02260162010598059
1136,4,0.4783805035135882,0.10346919825768605,21,0.02257883014820187
1136,5,0.5026516137077378,0.09704971226528417,21,0.021177983458540425
1137,1,0.4713233685684391,0.15568632285911596,18,0.0366956182105597
1137,2,0.4816528918711144,0.10692759944895464,21,0.023333515159750143
1137,3,0.4963529640971128,0.09922486276852464,21,0.021652640212303318
1137,4,0.4805544002272234,0.09411012757428536,21,0.02053651348910064
1137,5,0.48390090815997816,0.11563635026466454,21,0.025233920389345337
1138,1,0.4832919986731461,0.16121015686469087,19,0.03698414644450143
1138,2,0.47763104863600686,0.09077503318303994,21,0.019808736227305175
1138,3,0.47488875657996893,0.07854551964903231,21,0.017140037585301516
1138,4,0.5127388462636663,0.06681446000259461,21,0.014580110499023295
1138,5,0.5164874113195614,0.07538533983181202,21,0.01645042981282134
1139,1,0.4015016768100108,0.18896756990894625,20,0.042254433185934755
1139,2,0.4789886242597125,0.07961552812771398,21,0.017373532578054053
1139,3,0.46471034704255,0.1045741880886633,21,0.02281995869784995
1139,4,0.5147843655461329,0.061012448719874504,21,0.01331400783778269
1139,5,0.5069900110276119,0.12993294724504323,21,0.028353693619957834
1140,1,0.48759012992076195,0.1312379847229168,19,0.03010805857690153
1140,2,0.49229853807056756,0.09316848309160387,21,0.020331029816737525
1140,3,0.4650305083774972,0.0921398949804656,21,0.020106573489203108
1140,4,0.49467851923809814,0.08507700962834056,21,0.018565325548683686
1140,5,0.5138656678025265,0.05096115869057384,20,0.011395261504427727
1141,1,0.4599171939658839,0.15348166545098532,19,0.03521110891511384
1141,2,0.4721412076103804,0.10206205780217507,21,0.022271766926734552
1141,3,0.4745219316660509,0.09540509867035066,21,0.020819099349600603
1141,4,0.49442698482606307,0.07413612926827386,21,0.01617782971918553
1141,5,0.4777431076419822,0.1485108159345642,21,0.0324077169304664
1142,1,0.48258303303415784,0.12789680274863222,19,0.02934153886227594
1142,2,0.4623721789363894,0.07634622167710538,21,0.016660111421867324
1142,3,0.47395891981750987,0.08197685018229878,21,0.017888815294973267
1142,4,0.5090205962261751,0.06184323488956505,21,0.0134953002429698
1142,5,0.515488416816275,0.13436833886795554,21,0.029321575422280154
1143,1,0.48960638388185096,0.1855759493198642,19,0.04257404260194282
1143,2,0.45534997372869707,0.1109265858019919,21,0.02420616552479246
1143,3,0.47301414093424315,0.09847974775735602,21,0.02149004278658293
1143,4,0.4998510924634337,0.06734139153875553,21,0.01469509638714314
1143,5,0.5245792903719375,0.0791904375513262,21,0.01728077020931551
1144,1,0.47595828831226467,0.17443466035422223,19,0.04001805561762607
1144,2,0.48022046382979333,0.08166269131247335,21,0.01782026020920104
1144,3,0.47989851919824666,0.08198361154259744,21,0.017890290744752766
1144,4,0.510250579897839,0.06008195930269526,21,0.013110958400278917
1144,5,0.4926789524953931,0.13955702196317563,21,0.030453838900422237
1145,1,0.471430709948777,0.09484607152121544,18,0.02235543344718524
1145,2,0.4815926951224378,0.09606809054964675,21,0.020963776038744192
1145,3,0.48205272820618056,0.0698502948987184,21,0.01524258398516023
1145,4,0.5279965656420862,0.050434432606202874,21,0.011005695478574934
1145,5,0.5120304021752033,0.07870569961413006,20,0.017599129455387375
1146,1,0.48849712853553057,0.12658260241583094,19,0.029040040628473398
1146,2,0.47590909115436164,0.08451779342296198,21,0.018443294568160195
1146,3,0.47924446160776407,0.07283651410702038,21,0.015894230440578087
1146,4,0.48680187438828537,0.059657626977796606,21,0.013018361495580598
1146,5,0.5258056021687731,0.0694922823790976,21,0.015164459248450508
1147,1,0.5006788127407821,0.19602104146810123,18,0.04620260255911461
1147,2,0.4799861716819945,0.09798904378967538,21,0.021382962402025234
1147,3,0.5018441112678348,0.0927609182286886,21,0.020242091872217833
1147,4,0.5044749120059028,0.06386773498807813,21,0.013937082383249883
1147,5,0.4852298889003017,0.08936735625588461,21,0.019501555938127458
1148,1,0.41169800997092293,0.17356305424559298,19,0.039818095462568835
1148,2,0.4650912053688409,0.08179919226172375,21,0.017850047158361672
1148,3,0.4818655585093155,0.11692406926244928,21,0.025514923712258726
1148,4,0.5060475068443484,0.05574259327597117,21,0.012164031100965445
1148,5,0.5025298989744745,0.07680083705950726,21,0.016759316631483893
1149,1,0.4839920081872687,0.12528930530652743,19,0.028743337923029858
1149,2,0.4913792200584452,0.0915115375686467,21,0.01996945466048184
1149,3,0.4675991997718082,0.07344608414065536,21,0.016027249527268993
1149,4,0.5042508884404618,0.07006988668156372,21,0.015290502840725896
1149,5,0.4794477784609469,0.13153063135291268,21,0.028702336875240677
1150,1,0.46857012340335347,0.1591309540867842,19,0.036507144613342264
1150,2,0.4552968332093483,0.09958689905031462,21,0.02173164300590441
1150,3,0.4571826920687842,0.0823737992474221,21,0.017975436682495627
1150,4,0.4966220442112897,0.06251972715244238,21,0.013642922957335863
1150,5,0.5246585751844872,0.0737646895352837,21,0.016096774924302594
1151,1,0.45425756350508956,0.19447942008398209,20,0.043486920353252176
1151,2,0.4516261255113989,0.10102555932506535,21,0.02204558441582685
1151,3,0.47239703875879335,0.08755230567273908,21,0.019105479429201832
1151,4,0.4602588588415551,0.059398727044432456,21,0.012961864898339634
1151,5,0.5234662928958391,0.07727109424804332,20,0.017278341943441786
1152,1,0.48034968296776065,0.1683030752961204,19,0.03861137353173187
1152,2,0.4632193102733437,0.09433565754610464,21,0.02058572816373603
1152,3,0.4905400833397498,0.07293363541611239,21,0.0159154240477451
1152,4,0.49956366322812423,0.06592198188999784,21,0.014385355808210628
1152,5,0.47362077598565333,0.14214002196568054,21,0.031017495711448424
1153,1,0.4378017380780515,0.15494027571321872,19,0.03554573705885525
1153,2,0.4727457315625478,0.10254972855777737,21,0.022378185410151876
1153,3,0.48161235688397663,0.09365009217799625,21,0.020436125535488556
1153,4,0.5009257334086703,0.06349046255927354,21,0.013854754789791939
1153,5,0.5575402676472917,0.1298337262117618,20,0.029031703758159565
1154,1,0.49191317976602145,0.12447193270091432,19,0.028555819786867432
1154,2,0.4723918841510451,0.09341722354150732,21,0.02038530943293181
1154,3,0.4700472523368165,0.08080002248162686,21,0.017632010436961366
1154,4,0.4804714493707665,0.06848181278396782,21,0.014943956705253671
1154,5,0.5450045200437635,0.11433715822469939,21,0.024950413443372746
1155,1,0.4308458199896224,0.17974338486041405,19,0.041235960546130705
1155,2,0.4994983771516687,0.0874779959890994,21,0.019089263726813875
1155,3,0.4685901398227406,0.11452363489032559,21,0.024991105987923937
1155,4,0.4894145602340912,0.06698880638691986,21,0.014618155999181023
1155,5,0.5087718538983971,0.048145172335397404,21,0.010506137932078689
1156,1,0.5090367419297989,0.11192012908805683,18,0.02637982740981292
1156,2,0.4797136068254374,0.09523742788620827,21,0.020782510584830837
1156,3,0.47984194943922226,0.07131601277530661,21,0.015562429847870488
1156,4,0.47836906731757545,0.13708700852753114,21,0.029914837779641344
1156,5,0.5119853869579848,0.14107947199774173,21,0.030786064734954967
1157,1,0.4325593043199946,0.17052245330708798,19,0.03912053376685419
1157,2,0.46565107889329593,0.07032929986063129,21,0.015347111437361434
1157,3,0.4803412966423904,0.08747717583143046,21,0.019089084753737696
1157,4,0.5066509967159907,0.07980608546553944,21,0.017415115598283314
1157,5,0.5256044783203238,0.14562876682521608,21,0.031778802254267935
1158,1,0.4536565150972493,0.17098651646651247,19,0.039226997157135846
1158,2,0.47607977130409895,0.11138193742379893,21,0.024305531395018728
1158,3,0.49803566017722645,0.08268585529718227,21,0.01804353289530967
1158,4,0.4773337523109384,0.108413717683729,21,0.02365781274558384
1158,5,0.524671531966808,0.06773311235300486,20,0.015145584354894959
1159,1,0.46968391351149813,0.19297840670643668,19,0.0442722827957289
1159,2,0.4788132559911284,0.08867881304795072,21,0.0193513034919558
1159,3,0.4769377789964749,0.09173051697601999,21,0.020017239884763966
1159,4,0.4985844209870588,0.06835043760252256,21,0.014915288290329315
1159,5,0.4866308954769615,0.1381019029504502,21,0.030136305899423014
1160,1,0.46244403876804074,0.131962877587109,19,0.030274360405317717
1160,2,0.4893205120602363,0.0943803770630983,21,0.02059548676238676
1160,3,0.4965849389374742,0.07831216918024063,21,0.017089116338316217
1160,4,0.4788269917868289,0.07108149791598,21,0.015511254510039244
1160,5,0.5065920861918227,0.08731049341872928,20,0.019523219843332665
1161,1,0.5063651760840726,0.16812754368373528,19,0.03857110381805906
1161,2,0.47406993900138117,0.09176607176114396,21,0.020024998574961515
1161,3,0.47476599476220394,0.07154479676310893,21,0.015612354607008489
1161,4,0.5014770557502013,0.0696799515078391,21,0.015205412009786904
1161,5,0.4987577693454598,0.08346233512463802,21,0.01821297468506787
1162,1,0.47123529971023087,0.1624843467103495,19,0.03727646564303363
1162,2,0.48944496001664967,0.08696774316485952,21,0.01897791743202129
1162,3,0.466992768138623,0.09890519928786046,21,0.021582883921967284
1162,4,0.5178698989688755,0.0673740480030987,21,0.014702222611894673
1162,5,0.49136901850152287,0.14323238803753807,21,0.03125586953101455
1163,1,0.4689859019487839,0.11676380259312678,19,0.026787453461419582
1163,2,0.48708247295562984,0.09428654949932885,21,0.020575011909375007
1163,3,0.4673722133596003,0.07800835785790458,21,0.017022819272526236
1163,4,0.5215293668067952,0.06889877694333182,21,0.015034945744414108
1163,5,0.4651822745402885,0.1442189116281538,21,0.031471146627626755
1164,1,0.4830989591788484,0.11002991423383694,18,0.025934299496040113
1164,2,0.48153856112932175,0.107432018656822,21,0.02344358845508547
1164,3,0.4744400820672503,0.07662331799412943,21,0.016720578795560475
1164,4,0.4964757131489027,0.0912676709744757,21,0.01991623860680281
1164,5,0.5068375555285949,0.08141353243712739,21,0.01776588928508947
1165,1,0.4638010958209085,0.1564645528991688,19,0.03589543022809214
1165,2,0.4933995063335425,0.08081372448795326,21,0.017635000459873915
1165,3,0.47189358440439466,0.07495886467842265,21,0.01635736530461064
1165,4,0.49644313266987167,0.06868667302054775,21,0.014988660873873388
1165,5,0.5121420620398844,0.08983693895415168,20,0.020088150239198202
1166,1,0.409403347621885,0.17040592400682192,19,0.039093800111916224
1166,2,0.48267152784204487,0.10349282114240937,21,0.022583985084267483
1166,3,0.4744512122580855,0.07870936543051284,21,0.017175791666060265
1166,4,0.5017326675174919,0.09130734332929816,21,0.019924895824372856
1166,5,0.504569613141628,0.06774605276272479,21,0.014783400705698026
1167,1,0.44536963231992993,0.1415066483413269,19,0.03246385157678902
1167,2,0.48868249097452365,0.07116381915107971,21,0.015529218476284325
1167,3,0.48811107618276733,0.08816469215283669,21,0.019239113114897777
1167,4,0.5120408569355782,0.11534153736002385,21,0.0251695869392803
1167,5,0.5206250808702453,0.08981615521319773,20,0.020083502853438222
1168,1,0.47531662476837266,0.12360913104896974,19,0.02835787951270183
1168,2,0.4883838374294236,0.10834124093201163,21,0.02364199702173292
1168,3,0.46383428956312883,0.08262566230178242,21,0.01803039770684653
1168,4,0.515966049726371,0.08132771650217072,21,0.017747162712814596
1168,5,0.5138241455929669,0.09445315353481688,21,0.020611367890504006
1169,1,0.4688170145348763,0.14246061570904417,19,0.03268270670054244
1169,2,0.4725077796594458,0.10315153484814814,21,0.022509510309167334
1169,3,0.47273345727272525,0.09238230341878369,21,0.020159471347188283
1169,4,0.4797436091698442,0.06417954131039012,21,0.014005124101067051
1169,5,0.5141383040723364,0.07704204695383089,21,0.01681195294572724
1170,1,0.44066924554921955,0.1722651772419962,19,0.03952034205731495
1170,2,0.47616663142190535,0.09902529358146873,21,0.021609090645347866
1170,3,0.491913031584095,0.06378144564309321,21,0.013918252504437428
1170,4,0.49855123950121727,0.06620739357154203,21,0.014447637743205906
1170,5,0.5014240505955331,0.05360981813972326,21,0.011698621410385643
1171,1,0.4884797171213263,0.14138688148320935,19,0.032436375175140614
1171,2,0.4875276136018475,0.13036489443554647,21,0.028447952224562815
1171,3,0.46740114340847083,0.07938359015466857,21,0.017322919562910474
1171,4,0.5121548855873775,0.05382457203293765,21,0.011745484551882852
1171,5,0.47788600735544434,0.12247719390723923,21,0.026726714856462285
1172,1,0.4848071797678169,0.12819366771615434,18,0.030215537249089246
1172,2,0.4756728446102372,0.1064967353114633,21,0.023239492896688432
1172,3,0.4626226612644726,0.09843183739272474,21,0.021479587887892657
1172,4,0.506747597138312,0.0779432044810311,21,0.017008601640083155
1172,5,0.5249029827592973,0.10922624162890486,21,0.023835120006666342
1173,1,0.44184786149894284,0.178087290225495,20,0.039821528687294064
1173,2,0.4970735955749219,0.09435840708293014,21,0.020590692519665936
1173,3,0.476120223936804,0.07883077248235172,21,0.017202284856772318
1173,4,0.49799107765016354,0.07222004718415612,21,0.01575970632927037
1173,5,0.4946840728662909,0.07460202413326558,21,0.016279496313695803
1174,1,0.4831267448933354,0.1528126603685768,19,0.035057628623169954
1174,2,0.4812855440940407,0.09286413988157186,21,0.02026461668353669
1174,3,0.5037176945732418,0.07775176313117467,21,0.016966825712613553
1174,4,0.4833367837370054,0.05399936513732807,21,0.011783627534350732
1174,5,0.507405203895648,0.078949332244416,20,0.017653607367673022
1175,1,0.4743460392095436,0.13551112077239771,19,0.031088383219621946
1175,2,0.48019448863237474,0.09759690861609237,21,0.021297391491758626
1175,3,0.479412272294348,0.07687166380578979,21,0.016774772294629946
1175,4,0.4996105160518255,0.07149003810029526,21,0.015600405287137145
1175,5,0.4893222053166956,0.14558379156420023,21,0.03176898784769624
1176,1,0.4727437449673983,0.1746547529403168,19,0.04006854831978443
1176,2,0.46485565201028095,0.0792458055894042,21,0.017292852505771398
1176,3,0.49083061458311167,0.07686214668252371,21,0.016772695488069707
1176,4,0.49174963696838214,0.06895803121120879,21,0.015047876085737696
1176,5,0.5201791137432364,0.12382644412758821,21,0.02702114539294729
1177,1,0.43934557060694945,0.1645103555964764,19,0.03774126395847271
1177,2,0.4910287410110197,0.0978725643687107,21,0.02135754450852641
1177,3,0.5042421811925012,0.07369070087665663,21,0.016080629275315606
1177,4,0.49355217516456223,0.08830675882195314,21,0.019270114603705223
1177,5,0.47235342490272186,0.15271523984713858,21,0.03332519744632614
1178,1,0.4500234733615792,0.16564948116821263,19,0.0380025972874833
1178,2,0.5008299194876369,0.0934305488572026,21,0.020388217255209562
1178,3,0.46414908290993456,0.08050789884082918,21,0.01756826383237844
1178,4,0.4819982220868673,0.08607865776278739,21,0.018783903091341494
1178,5,0.5072575613316666,0.08134407011702975,21,0.017750731364146868
1179,1,0.47990506838614677,0.1646261560617998,18,0.03880275710399117
1179,2,0.4639246645538726,0.1164010392130847,21,0.025400789198356363
1179,3,0.46748741919945724,0.09118256828658397,21,0.019897667677797663
1179,4,0.5311728997108511,0.14934684706376308,21,0.03259015387965179
1179,5,0.46050282535251685,0.11803888617397744,21,0.02575819670669181
1180,1,0.4861164166116191,0.1734533696503339,19,0.03979293209065317
1180,2,0.462508376913465,0.0777097499504235,21,0.01695765768494793
1180,3,0.4671069917631388,0.09858702970007935,21,0.021513453625784437
1180,4,0.4792797153444933,0.1003160011259438,21,0.021890746122614893
1180,5,0.46747472217604075,0.12558010862598373,21,0.02740382635996892
1181,1,0.46900586176374476,0.1715124589785141,19,0.039347656644500434
1181,2,0.45717623490423726,0.07666112151291919,21,0.016728828199674275
1181,3,0.46648777802631197,0.08932465276132531,21,0.019492237271639023
1181,4,0.4955220466960752,0.0857549866853136,21,0.018713272271684754
1181,5,0.5105872717873498,0.08183860480603716,21,0.017858647680630578
1182,1,0.4691294948313095,0.12712330492706303,19,0.029164086291893362
1182,2,0.48203289078599776,0.07017780748076205,21,0.015314053089839538
1182,3,0.47484570571198936,0.10371526176763353,21,0.022632525608206673
1182,4,0.49966027416983494,0.0785681967076505,21,0.017144986125189936
1182,5,0.48303457416613604,0.14200134607405374,21,0.03098723415095103
1183,1,0.4680197880472676,0.14973916192557626,19,0.03435251972231895
1183,2,0.48791279361327333,0.07231388014773375,21,0.015780182360616873
1183,3,0.4637464919269639,0.086925668716954,21,0.018968736034766506
1183,4,0.5115127711596041,0.08273358223481947,21,0.018053947766948283
1183,5,0.49646730208450734,0.08228290080868508,20,0.018399015959409227
1184,1,0.4991443887555685,0.12330122317803756,19,0.028287240602527405
1184,2,0.47464485575906595,0.08702055204853297,21,0.018989441275202232
1184,3,0.4851408842176482,0.07348729294972474,21,0.01603624202664325
1184,4,0.5227719707643219,0.11387345483094732,21,0.0248492250670929
1184,5,0.5013549443660472,0.07895364779455925,21,0.017229098448164334
1185,1,0.4788000771275735,0.18466637628161212,20,0.04129265705242395
1185,2,0.4730899056718189,0.10398828957562174,21,0.022692105160441615
1185,3,0.4867778531814982,0.08518440471884012,21,0.018588761078754203
1185,4,0.4817329970955117,0.093234909079842,21,0.020345525155747692
1185,5,0.4822298799002988,0.14569486605791304,21,0.03179322628937328
1186,1,0.44654368810719636,0.16412914973539416,19,0.037653809336096765
1186,2,0.49747549541517067,0.10137409596105346,21,0.02212164134520212
1186,3,0.4824128672364006,0.0974166618974529,21,0.02125805843309516
1186,4,0.49165944806377093,0.07901810192663865,21,0.01724316349288369
1186,5,0.4892947081590788,0.06710584596508955,20,0.01500532332655702
1187,1,0.49977627528672636,0.1801895701659245,19,0.041338322475436645
1187,2,0.4732793025339736,0.10521918281687447,21,0.022960708086653528
1187,3,0.4885926775904677,0.08569569397728417,21,0.018700333542032193
1187,4,0.5090704226593107,0.06901159947462397,21,0.015059565639163764
1187,5,0.48693572887116854,0.13728027923625874,21,0.029957012905944293
1188,1,0.41879602310239594,0.15973696891890965,19,0.03664617395079077
1188,2,0.4639090400033484,0.1268214306848774,21,0.02767470504076409
1188,3,0.4900949303247631,0.09582639568581643,21,0.020911033895478263
1188,4,0.5096935292563233,0.10205404356564003,21,0.02227001807694602
1188,5,0.4810700024059506,0.10184920952152324,21,0.02222531962399035
1189,1,0.4922383590262212,0.11529607205040125,18,0.027175544797003834
1189,2,0.48870057911143183,0.0990992594226711,21,0.021625231315164577
1189,3,0.48256341025756283,0.07075455435363856,21,0.015439909575638856
1189,4,0.4920136492474198,0.06288347923529555,21,0.013722300169425031
1189,5,0.4920845712221557,0.08303988068535192,21,0.01812078756860603
1190,1,0.47975730726395815,0.14568400289648636,19,0.03342220243769846
1190,2,0.49242548428548844,0.08002382584983049,21,0.01746263044556248
1190,3,0.4593131117099727,0.08063035609659516,21,0.017594986196375784
1190,4,0.5008571134347009,0.07443591718495263,21,0.016243248805881412
1190,5,0.5232251766765288,0.08530740200377732,21,0.018615601286777955
1191,1,0.47908003669218463,0.13194293192887782,19,0.030269784557497077
1191,2,0.49278428229619237,0.09729038978362177,21,0.02123050359881929
1191,3,0.5014190964822672,0.08615949003901062,21,0.018801542140121898
1191,4,0.5077431270022389,0.10068345697603881,21,0.0219709315629775
1191,5,0.5279125477404775,0.1255607437321592,21,0.027399600593693885
1192,1,0.5051703674771785,0.16281764702332002,19,0.037352929978933046
1192,2,0.4817574274940637,0.07931083272733654,21,0.017307042590619076
1192,3,0.4608941391703909,0.07981458483303405,21,0.01741697031232633
1192,4,0.492778272777021,0.08832473005395135,21,0.019274036248036815
1192,5,0.48813892199887865,0.09680381570812935,21,0.021124324430621805
1193,1,0.45426367464741435,0.20078431482322515,19,0.046063080934868106
1193,2,0.44786814865781405,0.09378585908365022,21,0.020465752303204236
1193,3,0.4654869123337406,0.08464018000047369,21,0.018470001508898003
1193,4,0.48700072375722103,0.07783236179939118,21,0.01698441378394759
1193,5,0.4847903006968779,0.08135739101568414,21,0.017753638222547274
1194,1,0.4960373438556043,0.11916371456210394,19,0.027338031027007218
1194,2,0.48000335958762913,0.08060104978419137,21,0.01758859103471243
1194,3,0.4852370639982154,0.0906355748433837,21,0.01977830392264958
1194,4,0.47433169144863735,0.07356905633770097,21,0.01605408426066597
1194,5,0.46592716366816284,0.12795332736208906,21,0.027921705145630353
1195,1,0.4631268959276989,0.1384264065768406,19,0.03175719565189064
1195,2,0.4824227501801706,0.08448827947411736,21,0.01843685409651079
1195,3,0.5013333910026903,0.08707945998563639,21,0.019002296040955092
1195,4,0.5050448285058424,0.07706440175726018,21,0.01681683116376822
1195,5,0.5306194158045073,0.10312216060152224,21,0.02250310032304136
1196,1,0.5132109666356016,0.17415646504826818,20,0.03894256945689938
1196,2,0.4604258313446902,0.09011350636017422,21,0.0196643792396849
1196,3,0.48903137986759665,0.10752905215286358,21,0.023464762899873887
1196,4,0.4657666981617799,0.06903752439275253,21,0.015065222920102319
1196,5,0.544642243729136,0.12300319204250441,21,0.02684149705980792
1197,1,0.5074654846063293,0.20158027076061968,19,0.046245685750374105
1197,2,0.47917853606077043,0.0713416975529087,21,0.015568034725849998
1197,3,0.481130754843831,0.0888167640074032,21,0.01938140685928355
1197,4,0.4810961201163449,0.09220496040585827,21,0.020120771929059603
1197,5,0.5242435123596435,0.10879112487242401,21,0.023740169746060764
1198,1,0.45061423792501715,0.1378466413770192,19,0.03162418839310101
1198,2,0.4955429788229682,0.08538072650191172,21,0.01863160200406346
1198,3,0.47961070626742197,0.08144844436885049,21,0.017773507693174147
1198,4,0.5069584740982914,0.08388777324380585,21,0.018305812893858645
1198,5,0.48658195389211506,0.08079647104434313,21,0.017631235449810007
1199,1,0.4335148857430843,0.18368740652853424,19,0.042140781171523894
1199,2,0.4718472676029204,0.09523949784985,21,0.020782962287929602
1199,3,0.4863766713487617,0.09328263342431857,21,0.020355939461512266
1199,4,0.5070525605464804,0.09200780724390138,21,0.020077749582004017
1199,5,0.5071799191853333,0.0647461712575551,21,0.014128772892681923
1200,1,0.4468028833214193,0.16646925919034528,19,0.038190667264041814
1200,2,0.48672241937892524,0.09627180329699978,21,0.02100822980468575
1200,3,0.4727107802194423,0.06826988004260746,21,0.014897709189562083
1200,4,0.5055974457949355,0.09628278829983422,21,0.021010626928828515
1200,5,0.48520569754146065,0.10172344686827227,21,0.02219787596312744
1201,1,0.46162241489634465,0.1519031172702561,19,0.034848965125781804
1201,2,0.4674854293348347,0.08811882322111157,21,0.019229103693389343
1201,3,0.494319938301472,0.07985488688792902,21,0.017425764941717683
1201,4,0.4919643624684832,0.09321419920322266,21,0.02034100589016477
1201,5,0.5194699141817246,0.07960279793842727,21,0.017370754623005604
1202,1,0.4945556539784518,0.13860199016177754,19,0.031797477288884574
1202,2,0.4924881704332603,0.1238425818571876,21,0.027024666934253667
1202,3,0.4686771652309842,0.09946890806553307,21,0.021705895262138515
1202,4,0.5068830948579472,0.09136374849742415,21,0.01993720444115972
1202,5,0.4923472630018981,0.1408502572816608,21,0.030736045983200747
1203,1,0.46670675210993506,0.19973400821609,19,0.045822124073803094
1203,2,0.4776091384970954,0.08374032836146217,21,0.018273637782707512
1203,3,0.48614184393323095,0.0746758624364042,21,0.016295609152425318
1203,4,0.48727906541552524,0.08836408952353507,21,0.01928262518845018
1203,5,0.521920326981078,0.13077243225190383,21,0.0285368842670397
1204,1,0.5273898303581585,0.1500726108746714,19,0.03442901815768399
1204,2,0.4860540335672842,0.09367640277307153,21,0.020441866978036734
1204,3,0.47080178107611703,0.11196305004473175,21,0.024432340565148196
1204,4,0.4895504941737844,0.05663038069625976,21,0.012357762198798874
1204,5,0.5219472580079673,0.07755901256855444,21,0.016924764091496767
1205,1,0.4502328325237136,0.1427351585757006,19,0.03274569115377536
1205,2,0.47578694665816557,0.09907953983890758,21,0.02162092814919937
1205,3,0.5040241443335729,0.07213038988755699,21,0.015740141503162247
1205,4,0.46206429175118846,0.09674708150811509,21,0.021111944013190467
1205,5,0.4812698960346352,0.13003216690492364,21,0.02837534512480687
1206,1,0.46097007578268717,0.11061826730280785,19,0.02537757097276363
1206,2,0.4796212442993662,0.08353306858887848,21,0.018228409992403508
1206,3,0.47449025464881156,0.06259397432666378,21,0.013659125019050441
1206,4,0.5159171764580357,0.11212920271778916,21,0.024468598050919853
1206,5,0.4885101380705767,0.08050678537861412,21,0.017568020855003013
1207,1,0.44378358527196393,0.162522639062137,19,0.03728525051102058
1207,2,0.4919260877514537,0.09208394445351628,21,0.020094364083254636
1207,3,0.48271717145523785,0.08862082085554296,21,0.01933864855807842
1207,4,0.5010102389083714,0.1025988822525538,21,0.022388911625723294
1207,5,0.5062073978235568,0.05617512891538786,21,0.012258418115650831
1208,1,0.47691528653715526,0.12076965119441534,19,0.02770645815805856
1208,2,0.4815268393031359,0.07146561881109086,21,0.015595076561365898
1208,3,0.48270497897659326,0.09551531730353524,21,0.020843151027198838
1208,4,0.4695547062315647,0.0796186571204944,21,0.01737421538025716
1208,5,0.5156045943908449,0.06655281712638221,21,0.014523015342580948
1209,1,0.4602949700608378,0.1414127344656362,19,0.03244230625607681
1209,2,0.47301808561320674,0.08245021044945154,21,0.01799211097379289
1209,3,0.45702328395178327,0.07105001318377285,21,0.015504383978202356
1209,4,0.4993822914379455,0.08147993764801656,21,0.017780380090110383
1209,5,0.4909301488945343,0.08069039488882962,21,0.017608087734949502
1210,1,0.47894540515984013,0.1455596323603438,19,0.03339366987987744
1210,2,0.49834079660986663,0.0904058753017609,21,0.019728179373288475
1210,3,0.4720283123631216,0.07409844583495889,21,0.016169606519870688
1210,4,0.49014895750262244,0.08008938233316766,21,0.01747693604304761
1210,5,0.5536351915342015,0.12022584807987285,21,0.02623543091982279
1211,1,0.47379711516176376,0.08763617738919184,19,0.020105117949352175
1211,2,0.49162228642903266,0.07034451251764308,21,0.01535043111127943
1211,3,0.4839475859082741,0.11372406410883884,21,0.024816625338893557
1211,4,0.49889568745227436,0.08208251054127223,21,0.017911872275590032
1211,5,0.4777035198502372,0.14544566909543669,21,0.031738847053968476
1212,1,0.4779878075734463,0.10841157187166034,19,0.024871320320998105
1212,2,0.5264092942870287,0.057538869789500194,21,0.012556010772028212
1212,3,0.4790486545122128,0.0978846863181817,21,0.02136018973476552
1212,4,0.48156536705410874,0.0729900349474872,21,0.01592773143449201
1212,5,0.49749799207352235,0.06629829145054086,21,0.01446747328658796
1213,1,0.4875612455173547,0.17026939022348592,19,0.039062477113814074
1213,2,0.4830818975237242,0.08724456448608241,21,0.01903832479671089
1213,3,0.45577739700727576,0.08142693712249637,21,0.017768814427249965
1213,4,0.48310352540247065,0.07692636486056917,21,0.016786709043397584
1213,5,0.5321818814241887,0.06679510336115631,21,0.014575886533566574
1214,1,0.4826625263588526,0.13690047308351172,19,0.031407122499680924
1214,2,0.47595847765248406,0.09759292623213969,21,0.02129652246433436
1214,3,0.48318019508233834,0.07091824848153357,21,0.015475630562872126
1214,4,0.486014441812817,0.07684194409198666,21,0.01676828692138541
1214,5,0.5477601094353998,0.08721210635101598,20,0.019501219826181287
1215,1,0.47659846317725835,0.1493417002459936,19,0.03426133575941207
1215,2,0.458039892380038,0.08711376896195944,21,0.019009782873384465
1215,3,0.490342235437159,0.09803627478698082,21,0.02139326905061097
1215,4,0.4833802926784315,0.09200029065737846,21,0.02007610932835121
1215,5,0.5469857262776138,0.13577279121186658,21,0.029628052049705415
1216,1,0.4789473470544615,0.16000424599707463,19,0.03670749151782477
1216,2,0.48169082995674356,0.10039415324538722,21,0.02190780031323731
1216,3,0.45604722456764496,0.09029537473724021,21,0.019704066173228885
1216,4,0.506856217244332,0.08162244904634873,21,0.017811478626789008
1216,5,0.5471909933483505,0.13324471183990802,21,0.029076379902807484
1217,1,0.4571664493420457,0.15516961349293942,19,0.035598350753894115
1217,2,0.4929355391736617,0.07842597877205951,21,0.01711395162733155
1217,3,0.4898275838591784,0.10942157490681208,21,0.023877745222464136
1217,4,0.4922029486666742,0.1061694003504959,21,0.023168062552105646
1217,5,0.5331016570123972,0.13851941991260938,21,0.03022741557004313
1218,1,0.4981545804464587,0.1101143844114827,19,0.02526197230946545
1218,2,0.46652650488356345,0.09334983893916055,21,0.020370604907173306
1218,3,0.4750512761767397,0.09158519368740707,21,0.0199855277433207
1218,4,0.5000606259010626,0.10326187332974515,21,0.022533588139833277
1218,5,0.5365681904126264,0.07348743085568682,21,0.016036272120191347
1219,1,0.4475948408986574,0.1551984020372009,19,0.03560495529890293
1219,2,0.49986296074045844,0.09855393464491134,21,0.02150623169266843
1219,3,0.48027333620604035,0.1025656845331309,21,0.022381667289430182
1219,4,0.49203128334833257,0.08083251567285084,21,0.017639101032597297
1219,5,0.49461125321485305,0.12951337694447565,21,0.028262135874162295
1220,1,0.47304520372587666,0.1565007843281949,19,0.03590374228797134
1220,2,0.483365847121943,0.07796274654020754,21,0.017012866067007505
1220,3,0.4733854136102517,0.0863672597915189,21,0.01884688121716911
1220,4,0.4740090059547852,0.0829609680440985,21,0.01810356741851876
1220,5,0.5361935495133838,0.12280014941337153,21,0.026797189525650574
1221,1,0.46963123620582586,0.1292087493353411,19,0.029642520051264734
1221,2,0.4867328006626135,0.08988391097753477,21,0.019614277419677393
1221,3,0.48178331474264674,0.07627723944680663,21,0.01664505826510776
1221,4,0.4853088793875338,0.0675814572348058,21,0.014747483016853266
1221,5,0.49205117670421883,0.12755859786053883,21,0.027835568106588156
1222,1,0.4702769434828917,0.11752663638575231,19,0.02696245953577603
1222,2,0.5017092631641101,0.1118800383929457,21,0.02441422593763044
1222,3,0.47955936692883117,0.07014371003738872,21,0.015306612417684167
1222,4,0.4714717751184371,0.06767143757441407,21,0.014767118336725301
1222,5,0.5324389740936624,0.1302136127495198,21,0.028414939854206733
1223,1,0.48228498624194777,0.10019179292066713,19,0.022985573700702203
1223,2,0.48977948170634034,0.07951923750433719,21,0.017352520241371263
1223,3,0.48542743128312293,0.07618598848212559,21,0.01662514567211306
1223,4,0.5022629301897251,0.07966030330016231,21,0.01738330332172068
1223,5,0.5113545851524456,0.06785049737913924,21,0.014806192389538496
1224,1,0.4588373217183947,0.12788313218812355,18,0.030142343323199275
1224,2,0.4752532820778149,0.08708007574951393,21,0.019002430411649333
1224,3,0.4763366046670854,0.0893793673858275,21,0.019504176981562944
1224,4,0.5010392488577567,0.06451986297221912,21,0.014079388376112983
1224,5,0.546535718484696,0.13807192513198033,21,0.030129764203122644
1225,1,0.47979661547839786,0.13710590688317373,19,0.0314542522455922
1225,2,0.48024266367457324,0.07578982316676874,21,0.016538695312811214
1225,3,0.4944295792933721,0.09759709416126668,21,0.021297431981035106
1225,4,0.4981653244497064,0.06441295530712918,21,0.014056059210986998
1225,5,0.5180953541141734,0.09331366076087792,21,0.02036271018143589
1226,1,0.419221118886596,0.1410560496897415,19,0.03236047715645447
1226,2,0.46619879852093177,0.08572761314936235,21,0.018707298876421172
1226,3,0.4826540416146524,0.07437608004780455,21,0.016230191272055196
1226,4,0.48997182587052784,0.07074082592220321,21,0.015436913786294785
1226,5,0.4846400912244547,0.10984193704639544,21,0.023969475761699107
1227,1,0.45084764141636574,0.14727732504136265,19,0.03378773560685747
1227,2,0.48607125814708096,0.09518850500967255,21,0.020771834737928936
1227,3,0.473506259265672,0.07441090322126862,21,0.01623779031149985
1227,4,0.5111967131849663,0.06279152070479492,21,0.013702233172909981
1227,5,0.46533842228251254,0.12119297487393418,21,0.026446475288413554
1228,1,0.49587430895031553,0.12494928689610121,19,0.028665332349872424
1228,2,0.4963607499892173,0.08810198656603963,21,0.019225429634040912
1228,3,0.48685862454988266,0.08161829698596346,21,0.0178105725729316
1228,4,0.49491504553641164,0.08126616766455756,21,0.017733731655324176
1228,5,0.5032567715539945,0.13885309324996176,21,0.03030022906174817
1229,1,0.4786850554377062,0.12193401400482325,18,0.028740122720035326
1229,2,0.48040622131662014,0.09549918900033709,21,0.02083963154290185
1229,3,0.48400226437300814,0.0801306202705978,21,0.017485934898751297
1229,4,0.5112456576564517,0.09365433376877125,21,0.02043705112647872
1229,5,0.5106373220510199,0.09147953057971422,21,0.01996247016288419
1230,1,0.46879753168048527,0.17864102776495894,19,0.04098306248408945
1230,2,0.48989142537142494,0.0779079204398834,21,0.017000902031064902
1230,3,0.4839333034925609,0.06649234318344255,21,0.014509818846338403
1230,4,0.49987353328225853,0.09435085581444129,21,0.020589044697787693
1230,5,0.5175005377872481,0.07823113850977201,21,0.017071433996362146
1231,1,0.4569144850455306,0.12020410203324565,18,0.028332378558049223
1231,2,0.4618191264588959,0.11299734062496118,21,0.024658041273456822
1231,3,0.5059701240389776,0.0860099897279155,21,0.018768918497645098
1231,4,0.4931844315390471,0.07577086603466689,21,0.016534558527439024
1231,5,0.5180006016382547,0.1366450868609807,21,0.029818402565917133
1232,1,0.4906961031332613,0.14082028104561015,19,0.032306388119937406
1232,2,0.47309493533526586,0.0933422932121989,21,0.02036895829455544
1232,3,0.4961319747138485,0.10611483295053646,21,0.023156154969210835
1232,4,0.4700492593070787,0.09773333540082002,21,0.021327162256893573
1232,5,0.512435711378858,0.09541149957122926,21,0.02082049614068594
1233,1,0.493097274625139,0.10699594492373281,19,0.024546553225852367
1233,2,0.4829103933138168,0.09137736844780005,21,0.019940176557995865
1233,3,0.5053648205789579,0.09504664197296277,21,0.020740877685355655
1233,4,0.5129644340441969,0.09409691315678351,21,0.02053362986679269
1233,5,0.4942830905756348,0.1034594051106445,21,0.02257669310831569
1234,1,0.4930804386753551,0.1599318544811709,19,0.03669088376507771
1234,2,0.48508247115239406,0.09235189333962282,21,0.02015283532387189
1234,3,0.4829699371110803,0.06619161575429536,21,0.01444419474121381
1234,4,0.48971369888375044,0.07885567384208798,21,0.01720771877895797
1234,5,0.502269360426166,0.06982291033301163,21,0.015236608183006671
1235,1,0.48172452107512287,0.1650556461800826,19,0.037866362197883426
1235,2,0.47839310119691364,0.09985723778215427,21,0.021790635753615534
1235,3,0.4656594658471732,0.07352341677621081,21,0.01604412489184629
1235,4,0.488361886108049,0.0605298925135599,21,0.013208705440520432
1235,5,0.5624456865519871,0.15378797663923188,21,0.03355928780587526
1236,1,0.41902195049844826,0.1884241717613631,20,0.04213292566625042
1236,2,0.5041949365192302,0.07845175405219944,21,0.017119576254583928
1236,3,0.48262753237682593,0.08486649398564854,21,0.01851938726927376
1236,4,0.5013516929338204,0.11995076188065103,21,0.026175402189795565
1236,5,0.4758642751289767,0.12863199455601954,21,0.028069802468862242
1237,1,0.4758534814510507,0.10773309190110472,18,0.025392933280488226
1237,2,0.4738858795425776,0.08421941814351407,21,0.018378183744180498
1237,3,0.4955002626527526,0.08201889947576022,21,0.017897991203078337
1237,4,0.4773636453385476,0.06211843107323162,21,0.013555352973570516
1237,5,0.5057518526211365,0.07435087854227625,20,0.016625361860736015
1238,1,0.4219157979315347,0.15074553670890647,19,0.034583397931785484
1238,2,0.4907463595534131,0.07854317520083691,21,0.01713952598476255
1238,3,0.48300405425013176,0.10466944082304262,21,0.022840744548585416
1238,4,0.48866451757747614,0.09916132599363527,21,0.02163877535133456
1238,5,0.5072535391273356,0.08178842957064307,20,0.018288448829291183
1239,1,0.4674408119658545,0.10176149517709072,19,0.0233456880958179
1239,2,0.47569142896226235,0.07128497177959314,21,0.015555656147275072
1239,3,0.49216948156833196,0.09220003083642049,21,0.02011969620881712
1239,4,0.5025456811287989,0.08145774513593804,21,0.01777553728694557
1239,5,0.5182662264015191,0.12724769987477103,21,0.027767724604055286
1240,1,0.5144978139066654,0.111025328298394,19,0.025470957169796103
1240,2,0.4698410639686775,0.07043188943898387,21,0.015369498318709734
1240,3,0.4826053138968662,0.08656531733190863,21,0.018890100915778286
1240,4,0.4870416490168284,0.0602886975452061,21,0.013156072383390728
1240,5,0.5120768887804841,0.08119262085882384,21,0.017717682426543365
1241,1,0.4553356368013106,0.14675798586189504,19,0.033668591027872175
1241,2,0.4820830570420432,0.07746452201629567,21,0.016904144562535625
1241,3,0.5014868883750359,0.08277976000177241,21,0.018064024581828566
1241,4,0.4753432959865765,0.0737323881919715,21,0.016089726193313218
1241,5,0.5375696795532653,0.12332264114257717,21,0.026911206568463585
1242,1,0.5155164033405205,0.2207539182442659,20,0.04936207674936096
1242,2,0.485102633410701,0.06276505256189373,21,0.013696457350607618
1242,3,0.4591535018555752,0.05953141529362424,21,0.012990819848137374
1242,4,0.5072648083088983,0.07568392299664063,21,0.016515586001110225
1242,5,0.48821038212591655,0.089421698944461,21,0.01951341448497835
1243,1,0.42236574429097745,0.18387001595798066,19,0.04218267464779203
1243,2,0.4687367391098996,0.09694597666288593,21,0.02115534649424272
1243,3,0.47915675554094117,0.07913470582014655,21,0.017268608548518288
1243,4,0.49188611754401523,0.07989599893223916,21,0.01743473632529033
1243,5,0.4957443388579269,0.0734044392180454,20,0.016413731594180102
1244,1,0.47467257655392714,0.1033128785357442,18,0.02435107899884228
1244,2,0.4847054685896667,0.09362117698318695,21,0.020429815722681505
1244,3,0.48916850982469096,0.08986219516604785,21,0.019609538641109956
1244,4,0.4925344690246928,0.0855800271291427,21,0.018675092966460513
1244,5,0.5171543304661282,0.08672717923197282,21,0.018925422078119883
1245,1,0.48648394423741775,0.1363575528883378,19,0.03128256806467196
1245,2,0.4602649067899149,0.11398625864821904,21,0.0248738408781085
1245,3,0.4505096742600306,0.0812519214655706,21,0.01773062287983736
1245,4,0.49494527383150083,0.0688017981512505,21,0.015013783237008485
1245,5,0.4902997545908121,0.12133604651175575,21,0.026477696079371584
1246,1,0.46120104783187305,0.19017553793996492,19,0.04362926060072591
1246,2,0.46703454419547025,0.08695061742757325,21,0.018974180289761947
1246,3,0.494505085870555,0.07846316067513262,21,0.017122065383775125
1246,4,0.5357044820457555,0.06662880228586703,21,0.014539596663772969
1246,5,0.506852447971029,0.0684566696163394,21,0.014938470016259945
1247,1,0.4466260765671454,0.15958995698568315,19,0.036612447100241884
1247,2,0.4689331672678322,0.07893764241585786,21,0.017225605788191687
1247,3,0.4881246918108272,0.07164752943804117,21,0.015634772714590503
1247,4,0.5001776669539238,0.08336806440966035,21,0.018192403128534408
1247,5,0.525006396874467,0.11793917438356705,21,0.0257364378101568
1248,1,0.4451774859727683,0.12049018298428957,19,0.02764234375353906
1248,2,0.47989202481514315,0.10418252850767408,21,0.02273449157039577
1248,3,0.49708097172153964,0.08420243437838337,21,0.018374477582785414
1248,4,0.4761081536605879,0.06955867672394937,21,0.015178947682307663
1248,5,0.5358403255748057,0.12799385197380472,21,0.027930548340901577
1249,1,0.43116585658089407,0.15565183603348282,19,0.035708980191921806
1249,2,0.49545478093014256,0.08554586228986523,21,0.01866763758731313
1249,3,0.473722555937435,0.08813211764036284,21,0.019232004773510267
1249,4,0.48998593932971074,0.083921217697884,21,0.018313111072067675
1249,5,0.4749466542111341,0.12095806685980606,21,0.026395214157170988
1250,1,0.44907329047607425,0.12882831824655944,19,0.029555243173844715
1250,2,0.464977498883034,0.06297583015301367,21,0.013742452791850837
1250,3,0.5166744237567701,0.06426936931456995,21,0.014024726178623282
1250,4,0.45690699628859477,0.10142524933724463,21,0.02213280392703301
1250,5,0.554700081305065,0.11253908892511565,21,0.024558042554319474
1251,1,0.4347393701190121,0.14198978263275727,19,0.032574690184815555
1251,2,0.47724863347712215,0.07974697753350743,21,0.017402217190059074
1251,3,0.5142819272367889,0.05823716903680416,21,0.012708392160528265
1251,4,0.5268734685948234,0.06366363246656145,21,0.013892543561612668
1251,5,0.4961731319443359,0.10079872177620555,21,0.02199608440448836
1252,1,0.43447341880072665,0.1311914463235681,19,0.030097381935861787
1252,2,0.4710500556867266,0.08538865633665442,21,0.01863333243587093
1252,3,0.5139855787794201,0.12771961465155546,21,0.027870704851016375
1252,4,0.5098872842523529,0.08262285165208233,21,0.018029784372798785
1252,5,0.4951962717554535,0.057100111853347145,21,0.012460265940876595
1253,1,0.48436680302367685,0.11474926981233476,19,0.026325287945107873
1253,2,0.4510911849462076,0.10237551763076512,21,0.022340169469203208
1253,3,0.4834447350626544,0.06596207647871086,21,0.014394105164769461
1253,4,0.484718901227066,0.07613605014354957,21,0.016614248233227113
1253,5,0.5201129908891814,0.12378360224160187,21,0.02701179652697362
1254,1,0.4692972906473446,0.15323302216326823,20,0.034263945395479965
1254,2,0.4882086675102583,0.08145165492333056,21,0.017774208293599277
1254,3,0.49753984240855836,0.09147517812922389,21,0.01996152038032083
1254,4,0.48483983517933926,0.08569427596471338,21,0.018700024106320667
1254,5,0.532588723706232,0.06550862642078421,21,0.014295154249801321
1255,1,0.47618592240874574,0.160247462018119,19,0.03676328909978174
1255,2,0.5000171736176926,0.09830374386981666,21,0.02145163558957076
1255,3,0.49717494274311635,0.07746506279914933,21,0.016904262571029026
1255,4,0.5014234215803024,0.08424810835659473,21,0.01838444446194938
1255,5,0.516610364037007,0.08740460033369285,21,0.01907324748173857
1256,1,0.46053840045155614,0.14602111399375875,19,0.03349954102747511
1256,2,0.464196017340426,0.061177172026902114,21,0.01334995341031495
1256,3,0.4828829790654523,0.06747573759397715,21,0.014724413099875131
1256,4,0.4820598853647283,0.08279131069883608,21,0.018066545150572554
1256,5,0.5191316417958949,0.08789774851020166,21,0.01918086123639005
1257,1,0.4425715210026639,0.17673267876195486,19,0.040545257197084114
1257,2,0.4660959695718212,0.07576740265397,21,0.016533802755810265
1257,3,0.4901835073239023,0.07518171339688946,21,0.016405994881796265
1257,4,0.504604529960597,0.09681593633343281,21,0.02112696936790387
1257,5,0.5100360702511221,0.06343714561793817,21,0.013843120079339898
1258,1,0.43978500695930534,0.13545287348892673,19,0.031075020376338483
1258,2,0.4970401951818188,0.09270844392683732,21,0.02023064104077624
1258,3,0.5022441778994042,0.06784133547709859,21,0.014804193098604635
1258,4,0.49866772284470345,0.07918916697634235,21,0.01728049294712315
1258,5,0.5140334599014726,0.08458225774478378,21,0.018457361836463643
1259,1,0.4502323628850892,0.1336963769925978,19,0.03067205244359211
1259,2,0.48059081728860337,0.07892283775521716,21,0.017222375146381013
1259,3,0.4697367486800849,0.08488613526204611,21,0.01852367334717078
1259,4,0.4912777832132359,0.07738916356831765,21,0.016887700001006402
1259,5,0.48292979116971163,0.1554511680817335,21,0.03392222593351653
1260,1,0.5095102386013841,0.1348759496356933,19,0.030942664967161502
1260,2,0.48847085259604306,0.06459703096259997,21,0.014096227812167643
1260,3,0.4784745609735842,0.10598398176576475,21,0.02312760089973507
1260,4,0.46109731274898863,0.058536899738300195,21,0.012773798761847683
1260,5,0.4870972346440411,0.058399286039025576,21,0.012743768990724406
1261,1,0.44313691769197483,0.16276310829932988,19,0.03734041793754449
1261,2,0.4717775572195464,0.08998847158712743,21,0.019637094415304493
1261,3,0.4972825660320598,0.07203447237263673,21,0.01571921058541967
1261,4,0.47852411887301427,0.04675310547113013,21,0.01020236403789085
1261,5,0.5283709923453668,0.13675794815620013,21,0.029843030919649217
1262,1,0.42109088776639014,0.13991880985443203,19,0.03209957644505011
1262,2,0.5054131822381629,0.07908815816403054,21,0.017258451017205224
1262,3,0.4842022088822605,0.10049184731431553,21,0.021929118906847414
1262,4,0.5118198800850576,0.06207599517832566,21,0.013546092702113863
1262,5,0.4582957209741865,0.08946522132084236,21,0.019522911846130347
1263,1,0.5091356755677191,0.1640479015540588,19,0.03763516972495006
1263,2,0.4834777889483001,0.09185168332475617,21,0.020043680549752776
1263,3,0.493108964577097,0.07719631290207553,21,0.01684561653548844
1263,4,0.5108637988336153,0.06756812414088204,21,0.014744573497226904
1263,5,0.5155048890306503,0.060699825730180464,21,0.013245787908532387
1264,1,0.4813497632465172,0.13609226522431384,19,0.031221706900543086
1264,2,0.4684854444821676,0.09668193600514202,21,0.021097728098973322
1264,3,0.5040866239256521,0.10263371049378302,21,0.02239651177104496
1264,4,0.4959291501286324,0.10378029798516496,21,0.022646717674385308
1264,5,0.5048313270424301,0.05760764371449676,21,0.012571018472844211
1265,1,0.5067790099283166,0.16901579830130053,20,0.037793081427310145
1265,2,0.4684227416999893,0.08686901455856504,21,0.01895637308384977
1265,3,0.4866045364573646,0.08842979017182252,21,0.019296962245306606
1265,4,0.5257307717932234,0.06971395819590341,21,0.015212832877510213
1265,5,0.5302608067119492,0.08150545048934144,21,0.017785947448518222
1266,1,0.49022156701128455,0.1212013806844084,18,0.028567439390372477
1266,2,0.4851496891210997,0.09757244920815437,21,0.021292054011361975
1266,3,0.49040337553697644,0.08078428644689506,21,0.017628576552661514
1266,4,0.4912923537200102,0.0774096354556291,21,0.016892167333064655
1266,5,0.5329458948729628,0.08785500826682506,21,0.019171534550652236
1267,1,0.4924188734274077,0.1756351185813544,19,0.04029345962278455
1267,2,0.47592362216048095,0.07481423656732498,21,0.01632580486333809
1267,3,0.4710660057408841,0.06721760940136198,21,0.01466808491027222
1267,4,0.4795649807039236,0.0745624198344133,21,0.01627085394715598
1267,5,0.46779993677602616,0.09560682329035473,21,0.02086311927058655
1268,1,0.476118753382736,0.13938401729664834,19,0.03197688661793765
1268,2,0.4602376752676853,0.0871517983934078,21,0.019018081575682
1268,3,0.492146293207203,0.0808775314345942,21,0.0176489242771523
1268,4,0.49569489866521205,0.05733577004698215,21,0.01251169077470845
1268,5,0.5208258664527767,0.14834063904531283,21,0.032370581288727045
1269,1,0.5130397414514951,0.15087751963461657,19,0.034613676891545646
1269,2,0.46804883320536933,0.08024810157990657,21,0.01751157142221082
1269,3,0.48536451324481816,0.08748333393245188,21,0.01909042856155045
1269,4,0.5084244109327505,0.062002065546619994,21,0.013529959933857128
1269,5,0.5316401826579106,0.1282938456918584,21,0.0279960123371393
1270,1,0.47800118441258627,0.1779195589249493,19,0.040817546180693894
1270,2,0.5149424435502611,0.08042495255084675,21,0.017550163467975572
1270,3,0.5042741778218006,0.06826472497315433,21,0.014896584261182
1270,4,0.4658225254251046,0.07717603051745864,21,0.016841190556308387
1270,5,0.5385750223236092,0.08962799412128863,21,0.019558431783231533
1271,1,0.460023128685109,0.12497130253667355,19,0.028670383084210955
1271,2,0.4853497617101373,0.09407089565381759,21,0.02052795238218626
1271,3,0.5090481085748807,0.07171672754475705,21,0.015649872979446366
1271,4,0.5059232409160073,0.06487596536572966,21,0.01415709628913284
1271,5,0.5566659899713257,0.14556144898374576,21,0.031764112296927036
1272,1,0.507282578700491,0.16783700350112857,20,0.03752949489683936
1272,2,0.468961496404451,0.07862951690683573,21,0.017158367289684985
1272,3,0.5117839685555494,0.06710242702982978,21,0.014642950056164084
1272,4,0.5011034066123705,0.08000252182975351,21,0.017457981527247736
1272,5,0.4579253603401879,0.12256170337903077,21,0.026745156335101595
1273,1,0.4725317983217483,0.1849302243727435,19,0.0424259031393206
1273,2,0.49641473144032017,0.0725837686759771,21,0.015839076865849032
1273,3,0.4936478177794573,0.08420974755536925,21,0.018376073448838195
1273,4,0.49462403740563377,0.09240227783511822,21,0.0201638301221795
1273,5,0.525906421518054,0.1302248997768526,21,0.02841740288549833
1274,1,0.48699609037676705,0.10446920834040467,18,0.024623628547563458
1274,2,0.48494648532147006,0.0740583882992868,21,0.01616086524894827
1274,3,0.4916219772181524,0.08513511944241273,21,0.01857800614971252
1274,4,0.5153672873058577,0.08139616093712684,21,0.01776209851300912
1274,5,0.5213407169551301,0.13311980967783735,21,0.029049124016514508
1275,1,0.49711390417444845,0.17830762626656105,19,0.040906574934660954
1275,2,0.47844936994419396,0.1005865395920747,21,0.02194978245592166
1275,3,0.48980287028003117,0.06776456760259118,21,0.014787440974991729
1275,4,0.48090732451007134,0.1099789070304285,21,0.023999365062640457
1275,5,0.4585046548959644,0.1579777359056413,21,0.034473568233587826
1276,1,0.4901041745641613,0.11613496654152904,19,0.026643188577158017
1276,2,0.47763911526615843,0.09404107226147096,21,0.020521444384428697
1276,3,0.4886450569751806,0.0747408485071943,21,0.016309790275687863
1276,4,0.4970010469584083,0.08875965295374265,21,0.01936894420564459
1276,5,0.5095833205304355,0.08981909342091826,21,0.019600133069222286
1277,1,0.48205821469442817,0.17548272488486885,19,0.040258498111068075
1277,2,0.4838941016760037,0.07310614918256161,21,0.015953069637896316
1277,3,0.5009186202750179,0.0948844133311717,21,0.02070547649340816
1277,4,0.5147474979090602,0.07804194986884697,21,0.017030149650282867
1277,5,0.5098491287387739,0.07877826825695769,21,0.017190827495478355
1278,1,0.45799584313469077,0.15462528188382582,19,0.03547347251832038
1278,2,0.4868242216408557,0.07498959012895878,21,0.016364070147603185
1278,3,0.4892376693653805,0.07416527460107096,21,0.016184189752218737
1278,4,0.5044516035840091,0.07893479424652175,21,0.017224984266688125
1278,5,0.5379916746920271,0.11737770895109433,21,0.025613916008042165
1279,1,0.4639083578078607,0.15217961901119154,19,0.034912398975595
1279,2,0.486051202120406,0.05500072539122385,21,0.012002142256322046
1279,3,0.5074204894428596,0.08603234864458834,21,0.018773797613269406
1279,4,0.48326972995805084,0.08893556115627325,21,0.019407330522476025
1279,5,0.47531191173366205,0.1216407881750114,21,0.026544196162194236
1280,1,0.45034592574593574,0.15089866865142926,19,0.034618528808758375
1280,2,0.47547265180940357,0.09654607110844976,21,0.021068079947860006
1280,3,0.4918090734215061,0.06935571917778648,21,0.015134658714776521
1280,4,0.5108597295858123,0.0730908940861191,21,0.015949740702935283
1280,5,0.5176285908690398,0.0727675402534042,21,0.015879179111760518
1281,1,0.5075743528618153,0.14146362897005946,19,0.03245398225615905
1281,2,0.5089828517210284,0.09415119296866369,21,0.02054547469282359
1281,3,0.466271185189692,0.08379563053509345,21,0.018285705706362794
1281,4,0.4966444548812283,0.08705490913957338,21,0.018996938607123714
1281,5,0.49358529073046903,0.07299674631663502,21,0.015929195975308043
1282,1,0.5134176116218061,0.12326330793825171,19,0.028278542249967058
1282,2,0.4759511065670289,0.09540570442908555,21,0.020819231536993724
1282,3,0.4836697385183307,0.06532675092952099,21,0.014255465763812225
1282,4,0.49169831961142496,0.07877154341658471,21,0.01718936001499999
1282,5,0.5275184538381298,0.12469081803122176,21,0.02720976724257325
1283,1,0.5355020876071421,0.20800838492355958,20,0.04651208885790216
1283,2,0.46281391934347704,0.09302864878072728,21,0.020300515468435434
1283,3,0.4936852530005306,0.07779548681703562,21,0.01697636700309547
1283,4,0.5271240769611539,0.07660200890941216,21,0.016715928772050612
1283,5,0.5190560021189541,0.06834568106307876,21,0.014914250328327064
1284,1,0.4726027278465204,0.1081063963975258,17,0.026219652420699496
1284,2,0.49622816245655976,0.09281590208821623,21,0.020254090334040985
1284,3,0.49908416631332986,0.08783002442835365,21,0.019166082630131007
1284,4,0.49903919500608473,0.11127536390508141,21,0.024282275146609165
1284,5,0.515140452068145,0.1628483087463252,21,0.03553641436312259
1285,1,0.44884203579262016,0.12102338983531429,19,0.02776466979457171
1285,2,0.4824441661888419,0.0822721740624726,21,0.017953260249041106
1285,3,0.4942323381730884,0.0726394087413917,21,0.0158512185235364
1285,4,0.5049372460829417,0.07010452203649815,21,0.015298060894807263
1285,5,0.5284009514177332,0.0769629499494868,21,0.016794692564315285
1286,1,0.5406779621241302,0.1362632245900758,18,0.032117550044662706
1286,2,0.47775712850114055,0.10362329006754023,21,0.022612455737850895
1286,3,0.5203481023647157,0.10592960802047185,21,0.023115735575753027
1286,4,0.5198712146455343,0.10242542480698619,21,0.022351060107905805
1286,5,0.47366939556957194,0.12744696395190158,21,0.027811207590566538
1287,1,0.46469864488965856,0.1381471336887876,19,0.03169312605732781
1287,2,0.481414198154106,0.07534533461994809,21,0.01644169995988995
1287,3,0.48152040700583837,0.07550195072276902,21,0.016475876395424516
1287,4,0.5220134006202991,0.09277148540906424,21,0.02024439782002515
1287,5,0.5236110258842124,0.12191737606798289,21,0.026604552588663295
1288,1,0.43492272554914757,0.12296889352011994,19,0.02821099895016928
1288,2,0.47897988517082596,0.07091808479289638,21,0.015475594843083064
1288,3,0.48353970612828556,0.07431586391459324,21,0.016217051034507657
1288,4,0.5279193532282611,0.08860541282273272,21,0.019335286249665882
1288,5,0.5013383704941977,0.07115701011552952,21,0.015527732622912021
1289,1,0.4645400390204724,0.12285028357870392,19,0.02818378796341498
1289,2,0.483567561746182,0.07739039970213343,21,0.016887969747519733
1289,3,0.47736171826319035,0.08339567109126403,21,0.018198427400350378
1289,4,0.49978978258715206,0.06972665915393145,21,0.015215604453775067
1289,5,0.5171072019574765,0.13115304259197616,21,0.028619940252452288
1290,1,0.4671704494438284,0.13198564638018753,19,0.030279583924691173
1290,2,0.44556740080048646,0.08856507157712624,21,0.019326483068160143
1290,3,0.5068896199593066,0.11023203283782539,21,0.02405460164229489
1290,4,0.49764935350803946,0.07275813568358429,21,0.015877126866375837
1290,5,0.49450301941406866,0.0791770207868252,21,0.01727784243127231
1291,1,0.4382594729672581,0.1583829963558425,19,0.036335551341594115
1291,2,0.48754852750764527,0.07904183955511293,21,0.017248343468088553
1291,3,0.4741606411374555,0.10351950842407055,21,0.02258980872656772
1291,4,0.5003444052972063,0.07649204427161313,21,0.016691932520789543
1291,5,0.4814177135063641,0.09465372950804268,21,0.020655137156213373
1292,1,0.44102408011927213,0.13152671945752004,19,0.030174298867934452
1292,2,0.48942098176391735,0.07820132445338868,21,0.017064928035878797
1292,3,0.4879230633008075,0.08008506273914588,21,0.0174759934303535
1292,4,0.5225957137295326,0.08767306217791476,21,0.01913183065899354
1292,5,0.5328710395062426,0.09174703655879532,21,0.020020844753264776
1293,1,0.5275985059275721,0.1502821794332267,19,0.034477096482341145
1293,2,0.49350183655515273,0.0799555014234833,21,0.017447720833393413
1293,3,0.498642153725447,0.08674062918674584,21,0.01892835709887422
1293,4,0.49951942604141697,0.060162965319072205,21,0.013128635362269115
1293,5,0.47745025934252905,0.12707217191760942,21,0.027729421263566045
1294,1,0.45914161050183383,0.1136790646450206,19,0.02607976604125643
1294,2,0.4868194708429459,0.068532448035884,21,0.014955006223098387
1294,3,0.5138713431590659,0.07713451072668438,21,0.01683213019516259
1294,4,0.4909464500568019,0.10301113150279535,21,0.022478871787362374
1294,5,0.5112964478634874,0.07368541285416591,21,0.01607947533420416
1295,1,0.4516246029584349,0.14611652514817666,18,0.03443999525856348
1295,2,0.4924457691281932,0.07895186943115225,21,0.017228710377453584
1295,3,0.49623375339296205,0.07686106516392328,21,0.01677245948136247
1295,4,0.5088898203553307,0.09923197811687826,21,0.021654192908609336
1295,5,0.5223606676064322,0.08205153701753772,21,0.017905113298587513
1296,1,0.526692435475422,0.14674883879211356,19,0.03366649254614549
1296,2,0.4886733201711819,0.07161324589669621,21,0.015627291432528386
1296,3,0.49859755996701965,0.07566907877944011,21,0.016512346727350524
1296,4,0.5167609653585185,0.0887295349986008,21,0.019362371929015316
1296,5,0.5063927790459924,0.07696916663263724,20,0.017210828876208544
1297,1,0.4845940162683988,0.11634242736367684,19,0.026690783353920444
1297,2,0.4844458583492765,0.08595898398928917,21,0.01875778813297213
1297,3,0.4805582367759329,0.06385660107100895,21,0.013934652763356984
1297,4,0.4960699421220215,0.05673224284785343,21,0.012379990342614543
1297,5,0.5118352524281313,0.09085740400312427,21,0.019826711013880987
1298,1,0.4528598833745971,0.1285375177206973,18,0.03029658347239703
1298,2,0.46347559411489797,0.09368876350295663,21,0.020444564310434038
1298,3,0.5129471124722661,0.10385296326357266,21,0.02266257453813285
1298,4,0.5184973445405766,0.07430120847631892,21,0.01621385295568695
1298,5,0.5206601859066353,0.07861222508720002,21,0.01715459390528574
1299,1,0.4505350669343471,0.16930444158183075,19,0.03884110271304135
1299,2,0.4980710279380068,0.10365824065701888,21,0.02262008258174943
1299,3,0.4803912649736412,0.077275738243714,21,0.016862948565972063
1299,4,0.506791104978702,0.09545213186615717,21,0.020829362834360557
1299,5,0.5071425316913787,0.17434410472446657,21,0.03804500270805601
1300,1,0.4832792064147273,0.14881927428650119,19,0.034141483024522086
1300,2,0.5113287979645308,0.08655616974956404,21,0.01888810474965829
1300,3,0.4920933898480248,0.08019199037751332,21,0.01749932695400596
1300,4,0.4912209101044315,0.05734911970610696,21,0.012514603909158038
1300,5,0.5332748752599092,0.1128584151916819,21,0.024627725258506497
1301,1,0.4893311733939688,0.12843473785772627,19,0.029464949640103492
1301,2,0.48524846476547884,0.096132510316865,21,0.020977833584436053
1301,3,0.4795381382991953,0.0734438264752289,21,0.016026756864282773
1301,4,0.5035871409469079,0.05142964685130865,21,0.011222869031474722
1301,5,0.4830972053589684,0.06507603231221348,21,0.014200754476100495
1302,1,0.48580604307825864,0.11716241053500898,19,0.026878900394933118
1302,2,0.47120452786948813,0.09725336696752827,21,0.021222424558000774
1302,3,0.49805525994886546,0.08865405086291735,21,0.019345899940180183
1302,4,0.508144519144997,0.10714415914768702,21,0.023380772360317666
1302,5,0.5473555458920305,0.08985970098889412,21,0.019608994367033596
1303,1,0.48696871232581285,0.12516010577658834,19,0.02871369751805315
1303,2,0.46050450672160725,0.09075549026210353,21,0.019804471612329382
1303,3,0.4932020546817549,0.11855348553084274,21,0.025870491492663752
1303,4,0.5030329191032615,0.1111834545620315,21,0.02426221888367584
1303,5,0.5131935708234211,0.08143542635024575,21,0.017770666928619172
1304,1,0.46957390778979596,0.1781734878273832,19,0.040875801466196716
1304,2,0.4909633791634588,0.07785534705313411,21,0.016989429577525913
1304,3,0.49286039983381646,0.08276372366092812,21,0.01806052516536242
1304,4,0.49691106688293263,0.08505997654420368,21,0.018561608624999126
1304,5,0.5033523980243514,0.06921048020911144,21,0.015102964973452204
1305,1,0.4374873729982847,0.18246260421566726,19,0.04185979225007116
1305,2,0.48772493540851836,0.10913355522218915,21,0.023814894174539285
1305,3,0.51472735129748,0.09174511338625968,21,0.020020425082611492
1305,4,0.5256557301358414,0.08569661109006005,21,0.018700533672447252
1305,5,0.4841078799284163,0.11462924903211148,21,0.02501415288312354
1306,1,0.4774400845589324,0.13281256434169114,19,0.030469291915680274
1306,2,0.4781144421339543,0.10073232677872361,21,0.021981595828215624
1306,3,0.4819064298497094,0.06976100646079211,21,0.015223099650613489
1306,4,0.4943514899295994,0.0801032658712901,21,0.017479965679445698
1306,5,0.5238487220967247,0.13090271147740076,21,0.02856531352476922
1307,1,0.48473723911751504,0.13224373559376787,19,0.030338793651028782
1307,2,0.500722871465246,0.08374086211915577,21,0.018273754258185306
1307,3,0.5017316156685978,0.06763814476770008,21,0.01475985325068414
1307,4,0.5122653132734731,0.13981469805460692,21,0.03051006843345863
1307,5,0.5313940671237058,0.13894722980469965,21,0.030320771342117157
1308,1,0.5353380191824569,0.16058635860638668,19,0.036841037309285396
1308,2,0.47455366250800424,0.10736603808019084,21,0.023429190312856462
1308,3,0.4800136849670973,0.06445024636169318,21,0.014064196786238629
1308,4,0.5086813190877975,0.06675477988957589,21,0.014567087230671303
1308,5,0.5317499073117933,0.06286021954125717,21,0.013717224488064441
1309,1,0.5045820144295585,0.11979776748708534,19,0.027483492744104606
1309,2,0.49900589926528693,0.09216193221461647,21,0.020111382407946146
1309,3,0.49261900178022616,0.08130281468598717,21,0.01774172869102398
1309,4,0.4931851758009094,0.08309421836105031,21,0.01813264502155726
1309,5,0.5034711225900315,0.0638054699307292,21,0.013923495033799778
1310,1,0.5257918370673719,0.17675724600546525,19,0.04055089330928323
1310,2,0.5114395637004774,0.10826377677611061,21,0.023625092957063287
1310,3,0.5054127141332075,0.09454894950596876,21,0.020632272285221877
1310,4,0.4810465290852078,0.09278300919232833,21,0.020246912515696578
1310,5,0.5116636712871702,0.08284330280878201,21,0.01807789075911387
1311,1,0.47395466759495947,0.12871442720837975,19,0.02952911477773944
1311,2,0.47282041914724476,0.11146437122307158,21,0.024323519924780143
1311,3,0.5102720027857127,0.07350868714816149,21,0.016040910623489408
1311,4,0.49651953048471914,0.09269159313697785,21,0.0202269638969643
1311,5,0.4986751469722927,0.08980741945625673,21,0.019597585601283156
1312,1,0.4952807759701101,0.1345326671607194,19,0.030863910566240466
1312,2,0.4809280375393216,0.084952855097516,21,0.018538232808903914
1312,3,0.5213420150723675,0.08219685134769074,21,0.017936823485134562
1312,4,0.5000287041815783,0.10255954326847211,21,0.02238032715561296
1312,5,0.46130650296548736,0.11954410578910363,21,0.026086662555446477
1313,1,0.4717317295445152,0.15722471566702975,19,0.03606982352734204
1313,2,0.4786117251941728,0.11415565793214145,21,0.024910806832453537
1313,3,0.5077544266215628,0.09266729317911733,21,0.020221661211427152
1313,4,0.49447826717616217,0.07999157389321877,21,0.01745559249163469
1313,5,0.44068403296029707,0.16327237414816198,21,0.03562895302043349
1314,1,0.43834006339010073,0.10023198957378944,19,0.022994795445377397
1314,2,0.4800576318096831,0.08151878542368514,21,0.01778885736975714
1314,3,0.5190678557362856,0.07984965979382387,21,0.01742462429626999
1314,4,0.4937757116987275,0.08386470667399483,21,0.0183007793556595
1314,5,0.5403078431271355,0.1192364271273209,21,0.026019521567001616
1315,1,0.5376697405994769,0.17472821270678454,19,0.040085401146018586
1315,2,0.47481865107882876,0.1131000814244694,21,0.024680461153966663
1315,3,0.48454941668321994,0.06795366771140059,21,0.014828706001779513
1315,4,0.49647516683348397,0.06008306277951968,21,0.013111199198663465
1315,5,0.5179214619340073,0.13970740980097404,21,0.03048665621710376
1316,1,0.4908710725815859,0.1032397621079111,19,0.023684825788608636
1316,2,0.46430543720626927,0.10830908445800363,21,0.023634979903817466
1316,3,0.5139556907232207,0.07125624718849125,21,0.015549387927606923
1316,4,0.5111157249049512,0.10735897529171767,21,0.023427649086056667
1316,5,0.5235923293074292,0.05865486233359773,21,0.012799540310520273
1317,1,0.5055332311126735,0.23100683520623266,20,0.05165469867882279
1317,2,0.4767504328654897,0.09831656143656022,21,0.0214544326119435
1317,3,0.4892721779150345,0.06455701053057224,21,0.014087494637924218
1317,4,0.5222216712317516,0.08378345685253484,21,0.01828304919103845
1317,5,0.4629992881520123,0.11920954000649343,21,0.026013654316220127
1318,1,0.481247984922857,0.17613856236055198,19,0.04040895754685173
1318,2,0.4807008755502627,0.12666609980883806,21,0.02764080906470628
1318,3,0.4929830996827323,0.06413863904837384,21,0.013996198495743978
1318,4,0.49095620311093285,0.06965313132895422,21,0.015199559366934894
1318,5,0.5212414256073187,0.06024264955166913,21,0.01314602388739149
1319,1,0.49412261042914346,0.10191875281042974,19,0.023381765471177117
1319,2,0.4850028172160058,0.08832800450542615,21,0.019274750791929324
1319,3,0.4932846722721668,0.07751465808139907,21,0.016915085148887222
1319,4,0.5074515332650473,0.056347266501965976,21,0.012295981616624221
1319,5,0.47950891262479134,0.07540402345783076,21,0.01645450691427311
1320,1,0.4563997723224374,0.11219540335661225,19,0.025739390797960886
1320,2,0.48215368608428205,0.09814266805932549,21,0.021416485966037326
1320,3,0.5178195831834997,0.09794007235520927,21,0.021372275958914208
1320,4,0.5075787952029779,0.084198336895517,21,0.01837358343871904
1320,5,0.4974790433140624,0.061171069724853734,21,0.01334862177883637
1321,1,0.5162837880807738,0.13418535763178746,19,0.030784232295780305
1321,2,0.4921346061239012,0.10694750262019552,21,0.023337858387787333
1321,3,0.47259919488847324,0.08582171738026176,21,0.01872783410315032
1321,4,0.49209243357401805,0.08486103433748902,21,0.01851819587637096
1321,5,0.5234295467928983,0.1176548921532569,21,0.025674402341626937
1322,1,0.46630386376216026,0.12316637403266067,19,0.028256304086878948
1322,2,0.4900956716440028,0.09839126706614297,21,0.0214707347168198
1322,3,0.4923818530064575,0.0911261183338676,21,0.019885349288211975
1322,4,0.5205676876843417,0.07116384308053965,21,0.015529223698120587
1322,5,0.46561128829309817,0.12783112453099668,20,0.028583908409154948
1323,1,0.48342169160349413,0.18249434299922573,18,0.04301432915431209
1323,2,0.46538730183373256,0.09902132576179364,21,0.021608224796109528
1323,3,0.48272953243362293,0.08770791561985805,21,0.019139436303561866
1323,4,0.4998905804011623,0.06534669351155874,21,0.01425981759199036
1323,5,0.5384622467684794,0.0853231298247945,21,0.018619033378698333
1324,1,0.4854116888228801,0.1644879857922449,19,0.0377361319734184
1324,2,0.5046296505316911,0.10215223942550103,21,0.022291446170314796
1324,3,0.5146425427396084,0.07234195950333427,21,0.015786309778355205
1324,4,0.49257409358895865,0.09162783786025874,21,0.01999483346475125
1324,5,0.4977159285536567,0.08299543295228953,21,0.018111088278071383
1325,1,0.480424504385028,0.11706789103878444,19,0.026857216135341692
1325,2,0.5053429855763061,0.11812975779610525,21,0.025778026520354862
1325,3,0.48782023690061405,0.09062313331140247,21,0.01977558895778933
1325,4,0.5124390883386438,0.06254371635378674,21,0.013648157830241677
1325,5,0.5045492114287673,0.062125041579810254,21,0.013556795504369498
1326,1,0.5034427987659025,0.1535249810935936,19,0.03522104620505089
1326,2,0.47245294290924184,0.10327147833563087,21,0.022535684123953362
1326,3,0.47293979357396154,0.09140932768099055,21,0.019947150634436257
1326,4,0.5119698681707867,0.07415848440655105,21,0.01618270801029631
1326,5,0.4836994122420372,0.1231661372616406,21,0.026877054621751863
1327,1,0.43734130010357164,0.17263739186809735,20,0.0386028943675335
1327,2,0.5075216253224644,0.09963014327335966,21,0.021741079669022195
1327,3,0.4850636587578612,0.08827075593841376,21,0.019262258130416845
1327,4,0.5012000760628711,0.058481053449079674,21,0.012761612102436473
1327,5,0.5093172771596645,0.13084934242656548,21,0.02855366744309205
1328,1,0.4844470482331406,0.16314770406279866,19,0.037428650256864184
1328,2,0.47956023999674224,0.1111119939751806,21,0.024246624905178208
1328,3,0.5097315779712572,0.09964473956173064,21,0.021744264840275786
1328,4,0.5140052730586713,0.0716453514715979,21,0.015634297443348245
1328,5,0.49203699491886105,0.07462209381143868,21,0.016283875876524453
1329,1,0.5105514527250018,0.19978398938351766,19,0.04583359054000822
1329,2,0.462984524968107,0.08576534545122347,21,0.01871553273972705
1329,3,0.4932540885806358,0.0938710818979468,21,0.020484349445940006
1329,4,0.5018139473915708,0.07515069667699076,21,0.016399226478617926
1329,5,0.5177436626969169,0.1764422117657809,21,0.0385028472001009
1330,1,0.5114101009126996,0.15475565517378226,19,0.035503382202312854
1330,2,0.5052552363332493,0.10941364195638136,21,0.0238760141107578
1330,3,0.49404899975460814,0.08136245261513067,21,0.017754742754099717
1330,4,0.49557244927524974,0.08647416501618266,21,0.01887020984975044
1330,5,0.4956335420910968,0.09099775505723878,21,0.019857338124802254
1331,1,0.4976066623447097,0.17176287871494766,19,0.039405106872110005
1331,2,0.49873950730599637,0.09277699720557034,21,0.02024560059263012
1331,3,0.5036703695663516,0.0809357172089478,21,0.01766162145407349
1331,4,0.5404144705421363,0.08606180877765662,21,0.01878022634135364
1331,5,0.528769883357121,0.09601332623413823,21,0.020951825485353705
1332,1,0.49174150775120135,0.14519269368207988,19,0.03330948837371803
1332,2,0.5002637735549074,0.07001596189718137,21,0.015278735488046551
1332,3,0.4902286275555895,0.06863343976942012,21,0.014977044426121914
1332,4,0.5079278597400201,0.1057641336222063,21,0.023079626101675445
1332,5,0.5056234720987451,0.08465952066597306,21,0.018474221988119037
1333,1,0.5026445265889398,0.18260921517538736,19,0.04189342711098881
1333,2,0.4787246847960064,0.10275935580580621,21,0.022423929825952708
1333,3,0.4781781617519646,0.08762111106016861,21,0.019120493995683573
1333,4,0.5159565258941348,0.07529314401403028,21,0.016430311035976426
1333,5,0.48814260452663794,0.12420009415631432,21,0.027102682513902517
1334,1,0.539259361269471,0.09063697436181757,19,0.020793547989023668
1334,2,0.4798372833607435,0.08584270147800056,21,0.01873241320868739
1334,3,0.4944931773257344,0.09326776014676333,21,0.020352693846263266
1334,4,0.5144995904266346,0.09242339525820008,21,0.020168438321691642
1334,5,0.5164106055017713,0.1465963250287101,21,0.031989940764114926
1335,1,0.4702365433041609,0.1572990859473175,20,0.035173144897678386
1335,2,0.5060294314313241,0.08219435948038077,21,0.01793627971510743
1335,3,0.47868522479801084,0.09538031492101971,21,0.020813691092109468
1335,4,0.4881655989378357,0.08017552639390706,21,0.01749573421823852
1335,5,0.5186081286590672,0.09187992191094708,21,0.0200498427144546
1336,1,0.49958863249745794,0.10667195676620861,19,0.02447222524492858
1336,2,0.4887852577098948,0.08813956344717658,21,0.019233629581764264
1336,3,0.49482231018352046,0.07487766659971683,21,0.01633964643118424
1336,4,0.5287783189062112,0.09157952573119787,21,0.019984290893874778
1336,5,0.5293660879357259,0.10858813095892572,21,0.02369587284252642
1337,1,0.4961351371676521,0.13395002513913665,19,0.03073024331927523
1337,2,0.5077822795892708,0.09447587645561725,21,0.020616326438341062
1337,3,0.47894728350619065,0.07465124062862284,21,0.016290236233477477
1337,4,0.5119421337185964,0.09107687614548773,21,0.019874603761753117
1337,5,0.5249198556628146,0.132122605154382,21,0.028831516149272297
1338,1,0.49550747334002915,0.14302424693786192,19,0.032812012572534036
1338,2,0.47753411454171096,0.09235630859680762,21,0.020153798811979606
1338,3,0.4781845903796255,0.07550147059916608,21,0.01647577162386483
1338,4,0.5242041898368552,0.0743173284794629,21,0.016217370628763626
1338,5,0.5021299261873179,0.08333712077764484,21,0.01818565067443974
1339,1,0.49701797284222415,0.09978298811667655,18,0.02351907584811956
1339,2,0.49861989733135625,0.09024980296303763,21,0.019694121596808084
1339,3,0.4891907589190387,0.08604324524405634,21,0.01877617544621606
1339,4,0.5220784085837561,0.08615820996437062,21,0.018801262804934615
1339,5,0.4925390320393226,0.08660101965444367,20,0.01936457668681314
1340,1,0.511467413079238,0.11469100983741963,19,0.02631192219020744
1340,2,0.477936419186168,0.08037783237651504,21,0.017539881002945353
1340,3,0.47740202282942235,0.06832521604136312,21,0.014909784494464643
1340,4,0.504602604843963,0.06328482828935807,21,0.013809881713250765
1340,5,0.4989523820960881,0.13470371633556605,21,0.029394760785694807
1341,1,0.4781958241330802,0.14916369805364094,19,0.03422049925582292
1341,2,0.4777411813277844,0.08704716440455815,21,0.018995248567388254
1341,3,0.48278913793092715,0.0861526547638278,21,0.01880005056079232
1341,4,0.5257584140463912,0.09039854450087181,21,0.01972657966138472
1341,5,0.5058235975970263,0.09287330102446,21,0.020266615808809892
1342,1,0.5088480644488144,0.1622855316006484,19,0.03723085432873699
1342,2,0.4867103053087155,0.08363829336518887,21,0.018251371921090515
1342,3,0.5010556066124577,0.08448809389256694,21,0.01843681359929639
1342,4,0.5171426804151581,0.08342864467527131,21,0.018205622826285964
1342,5,0.5024472590520378,0.1443259673107108,21,0.03149450809281211
1343,1,0.5026388675167591,0.09857401230686579,19,0.0226144293739454
1343,2,0.4653574451773183,0.08652208336367435,21,0.018880666490443673
1343,3,0.49462254190423965,0.07952885614884736,21,0.017354619201683203
1343,4,0.5191182666495164,0.08424495989134508,21,0.01838375741050512
1343,5,0.4939413432171027,0.10543091935519504,21,0.023006912787331715
1344,1,0.4691512028218523,0.11676917057361257,19,0.02678868496060213
1344,2,0.4753722210295883,0.09789212469200763,21,0.0213618129210086
1344,3,0.48130358258886896,0.07902966918648496,21,0.017245687675923167
1344,4,0.5219123529634447,0.08001477404038458,21,0.017460655178802374
1344,5,0.5225969225495073,0.11829870667865812,21,0.025814894189063277
1345,1,0.5000653398213952,0.15892188155989337,19,0.03645918008615343
1345,2,0.4726896395609616,0.06965314703488379,21,0.01519956279424971
1345,3,0.47832135367343315,0.09717685983136169,21,0.021205729332158505
1345,4,0.5029219927004547,0.08206865242161099,21,0.017908848185954916
1345,5,0.4980418798652347,0.1284956802441832,21,0.028040056247324346
1346,1,0.5056388362087587,0.09746698788687293,18,0.022973189358878314
1346,2,0.4784777035453267,0.09038250482254648,21,0.0197230795166205
1346,3,0.4883980362149272,0.10032788030049099,21,0.021893338371022326
1346,4,0.5343589986653277,0.08906660458099688,21,0.019435926542148516
1346,5,0.4885751349231972,0.08722389870009922,21,0.019033815152493572
1347,1,0.5115904686358124,0.12220620380652875,18,0.02880427847155392
1347,2,0.49021270283834634,0.07040781558897065,21,0.015364244973949991
1347,3,0.4944781428837065,0.07976854530820507,21,0.01740692366435068
1347,4,0.4838163181863611,0.09277853719631608,21,0.02024593664616164
1347,5,0.5216293052239184,0.1568395599179691,21,0.03422519787084073
1348,1,0.5334489923602572,0.1762032271963148,20,0.03940023938657995
1348,2,0.48980882527630126,0.07773587265579651,21,0.016963358126601685
1348,3,0.4831040011737174,0.088878400902737,21,0.01939485713254399
1348,4,0.5089893149217166,0.07389420305281223,21,0.016125037090854714
1348,5,0.5273610560537506,0.08059619471446476,20,0.018021857010935245
1349,1,0.44976241325503297,0.17734751279230662,19,0.04068630979736586
1349,2,0.49759727571658463,0.10069298425364205,21,0.02197301058539577
1349,3,0.48886601751501774,0.08002841182571442,21,0.017463631187544546
1349,4,0.5088470307862386,0.06913884146802418,21,0.015087332118512979
1349,5,0.5039549258990548,0.06437604197779943,21,0.014048004062139074
1350,1,0.42656640607705537,0.14467655454210773,19,0.033191077934142
1350,2,0.4876785687589355,0.0857944768622969,21,0.01872188973479109
1350,3,0.49358673795942876,0.06758255386541968,21,0.014747722321272196
1350,4,0.5286131491717393,0.09211209755572933,21,0.020100507593823164
1350,5,0.4860542308263946,0.13108688947410363,21,0.02860550445863761
1351,1,0.4907510761483887,0.12595054367798889,19,0.028895036409282062
1351,2,0.48779839852632534,0.10376559068439775,21,0.022643508278240822
1351,3,0.47452767949281527,0.08633809554941599,21,0.018840517057787082
1351,4,0.5107617546885523,0.06039140840512477,21,0.013178485730546505
1351,5,0.486800719392767,0.1469977936438708,21,0.032077548398311256
1352,1,0.5035220704705073,0.18927847665361475,20,0.042323954047508945
1352,2,0.49576430987585407,0.09746343828634026,21,0.021268265877991015
1352,3,0.48523014030850914,0.08549139921336232,21,0.018655752769662904
1352,4,0.498958362241862,0.06836614515237387,21,0.014918715958718643
1352,5,0.5200870234146008,0.08852655985140717,21,0.01931807912062438
1353,1,0.4708169472266423,0.10793853963332177,19,0.02476279928289523
1353,2,0.4743953074255657,0.10403237818483707,21,0.022701726083728026
1353,3,0.4985462343044351,0.05896042990640474,21,0.012866220621582752
1353,4,0.5072886874964598,0.08838181260067791,21,0.019286492680952783
1353,5,0.4964654305968685,0.13089435264644936,21,0.028563489478314167
1354,1,0.4733840805561687,0.11639925112171845,19,0.026703819618072847
1354,2,0.4906874085949821,0.09914857982754131,21,0.02163599390986094
1354,3,0.517857794853055,0.08392559346497964,21,0.01831406594273145
1354,4,0.5090844866621458,0.057700158675447484,21,0.012591206892438143
1354,5,0.48810404080923175,0.07294822855358041,21,0.015918608531415294
1355,1,0.5063394515164393,0.12472533740465816,19,0.028613954812943078
1355,2,0.47285118645309593,0.07518144462535814,21,0.016405936231039742
1355,3,0.4936332287545914,0.08041959109727184,21,0.01754899350288786
1355,4,0.507843629359941,0.0860796544464365,21,0.018784120585544635
1355,5,0.5426364886905438,0.11211339222820024,21,0.024465147919238164
1356,1,0.46675615166544904,0.1483882598829119,19,0.034042601538813874
1356,2,0.47291978827822084,0.10802513738464876,21,0.02357301757253128
1356,3,0.4927856586971431,0.07408316169381653,21,0.01616627124683653
1356,4,0.500064337805504,0.06369274753264324,21,0.013898896989907119
1356,5,0.48068166306370375,0.08060330629478953,21,0.017589083445694455
1357,1,0.5160337423155903,0.15820979033377838,19,0.03629581515493147
1357,2,0.47969101338572967,0.0850417732853129,21,0.01855763634824856
1357,3,0.48182292607851984,0.08383383874377795,21,0.018294043421051624
1357,4,0.5285446825353274,0.06954128973976517,21,0.01517515353130142
1357,5,0.5050311023903316,0.06816641474923378,21,0.01487513121152943
1358,1,0.516696774056318,0.17609755208802733,19,0.040399549145084264
1358,2,0.4992035676539175,0.08568568649468787,21,0.018698149730293455
1358,3,0.4952767285509469,0.06677579512005855,21,0.014571673129930051
1358,4,0.5124286647475839,0.08420031136770834,21,0.01837401430387496
1358,5,0.5016359113523358,0.09548953618344157,21,0.020837525125564076
1359,1,0.49134433786412474,0.14097297965392164,19,0.0323414195832242
1359,2,0.4784714039547061,0.08206203281280669,21,0.017907403668887455
1359,3,0.4881750826476933,0.055018402789105664,21,0.012005999780792677
1359,4,0.5014384256087494,0.07613165457203269,21,0.016613289040884317
1359,5,0.5125145023669107,0.06687313835284926,21,0.014592915164818393
1360,1,0.49558615444794496,0.15009632093157987,19,0.03443445761778975
1360,2,0.5022698319216821,0.08339494306009954,21,0.018198268530925637
1360,3,0.47609725677616765,0.07748984423629927,21,0.0169096703239609
1360,4,0.49166246632034405,0.06801088367038066,21,0.014841191547635975
1360,5,0.49772022443488445,0.12362551484370056,21,0.026977299028530695
1361,1,0.5621733772506723,0.17661887152948122,20,0.03949318028492222
1361,2,0.4832598012203223,0.09072633335954673,21,0.019798109054567622
1361,3,0.48791425834308444,0.07764758421715162,21,0.01694409200978837
1361,4,0.498207205407197,0.08509036480981962,21,0.018568239888209766
1361,5,0.5181434128061804,0.11631946523870543,21,0.025382988297769152
1362,1,0.48354739542430075,0.20484517048749407,19,0.04699470511722879
1362,2,0.510468032730863,0.10560328782741617,21,0.023044526671683014
1362,3,0.487008027898623,0.0471851678978657,21,0.010296647789103329
1362,4,0.4998730398623711,0.07107022714474609,21,0.01550879502611925
1362,5,0.516788382018643,0.08732901394080847,21,0.019056753178552793
1363,1,0.5159568023956729,0.11095454884014314,19,0.025454719248438524
1363,2,0.4718956481836293,0.09254515171161816,21,0.020195007758079156
1363,3,0.4913506424895205,0.08140181676579142,21,0.017763332716007836
1363,4,0.48707874932665585,0.09890481144523645,21,0.021582799287768132
1363,5,0.5275250562767712,0.07152438557591406,21,0.015607900520801613
1364,1,0.5097143876548615,0.10020326244731421,18,0.023618135457837072
1364,2,0.4740115784895981,0.10333874077999666,21,0.022550361992654984
1364,3,0.4839450025397694,0.09987190548581058,21,0.02179383650896202
1364,4,0.511979112626642,0.0677460101674182,21,0.01478339141064009
1364,5,0.481110540973437,0.1416063903176418,21,0.030901047739050252
1365,1,0.5106973972088238,0.17073735254406253,19,0.039169835033012926
1365,2,0.4814687811661769,0.07959634608844386,21,0.017369346713914106
1365,3,0.489259232826771,0.07361596603151016,21,0.01606432079508063
1365,4,0.5274759231679118,0.08385788638636649,21,0.01829929104688244
1365,5,0.49340107492776314,0.0831379847740584,21,0.01814219563586708
1366,1,0.49924979458539676,0.17855032977961147,19,0.04096225493922038
1366,2,0.4753697467639314,0.08860270168064538,21,0.019334694629959452
1366,3,0.48965771389925744,0.07229920771099682,21,0.015776980572427518
1366,4,0.5220909691940759,0.08049981444312079,21,0.01756649967216669
1366,5,0.5566917817936712,0.12665043323805963,21,0.02763739033868378
1367,1,0.5145486223560453,0.15989695193106235,20,0.03575404539128717
1367,2,0.4840644078401964,0.09987861887908075,21,0.02179530149147776
1367,3,0.4891571266756925,0.05279944601093534,21,0.011521783714135495
1367,4,0.48835446458205595,0.08514610069608426,21,0.01858040245572087
1367,5,0.49228679238353,0.09141406946908426,20,0.020440807343276052
1368,1,0.4798943086248541,0.11688295680511336,18,0.027549577120676662
1368,2,0.471414408755222,0.0897452703577857,21,0.01958402355613474
1368,3,0.5071368723948739,0.08865476403007969,21,0.019346055566013737
1368,4,0.4841985942986873,0.08476328144428845,21,0.018496864446252266
1368,5,0.5008871506437811,0.0733527405115426,21,0.016006880277457034
1369,1,0.48895589444340704,0.09027609456365125,19,0.020710756485288282
1369,2,0.46989055969150345,0.09774054718397425,21,0.02132873599699833
1369,3,0.5101586445777083,0.08331947527709,21,0.018181800110536505
1369,4,0.5146613856717653,0.06905159827851955,21,0.015068294093761819
1369,5,0.480905332681553,0.08184781834494471,21,0.01786065823965259
1370,1,0.4643253908055838,0.1424699644774853,19,0.032684851455115155
1370,2,0.4892979928267303,0.08788581806900685,21,0.019178257800682934
1370,3,0.5173809743285008,0.08450102620706879,21,0.018439635661682854
1370,4,0.5136465894208643,0.0787481883927743,21,0.01718426353097767
1370,5,0.5056257981435814,0.0865352895499524,21,0.018883548316551334
1371,1,0.46644947164594336,0.17744798003073584,19,0.040709358562600044
1371,2,0.4782702668887437,0.07851021218358024,21,0.017132332864680987
1371,3,0.511885587925343,0.09153495035304272,21,0.01997456374889729
1371,4,0.50753850622713,0.07331406517262395,21,0.015998440626594047
1371,5,0.5133637108605269,0.07768493412503916,21,0.016952242427888096
1372,1,0.4958837641257987,0.14393154077716855,19,0.0330201600545148
1372,2,0.4724534279818333,0.07942617365229122,21,0.017332212043920558
1372,3,0.49230466335145906,0.08684163798279965,21,0.018950399025244362
1372,4,0.4829831475316021,0.07849166791654373,21,0.017128286173852307
1372,5,0.5433154622535423,0.12421250199856196,21,0.02710539012706018
1373,1,0.5160907859663514,0.1260363230162578,19,0.028914715539121956
1373,2,0.476545794679016,0.07893072605355013,21,0.017224096514200787
1373,3,0.491206310262944,0.07042541876003558,21,0.015368086300801243
1373,4,0.5017570602788954,0.0832801746661271,21,0.018173224014127198
1373,5,0.49572887812518757,0.06736932363569374,20,0.015064238724759448
1374,1,0.47108546366395637,0.19703813774796566,20,0.044059067016441855
1374,2,0.47748608766997896,0.08345785469193165,21,0.018211996974495343
1374,3,0.5167849371215001,0.08798104402707033,21,0.019199037808347245
1374,4,0.5025282770280471,0.12174628263105725,21,0.026567216939824157
1374,5,0.5248585890863022,0.073268241437186,21,0.01598844106772404
1375,1,0.45516913915718504,0.15864258984392832,19,0.03639510617217134
1375,2,0.4887378854506559,0.08835271607399507,21,0.019280143298286857
1375,3,0.500037850056039,0.0851378311664911,21,0.018578597896419805
1375,4,0.5107909174739189,0.06646120273290415,21,0.014503023442920916
1375,5,0.5136957249423604,0.09040901126929951,20,0.020216069497669825
1376,1,0.5098171422522895,0.11662159951569522,19,0.026754829838051965
1376,2,0.5049892091898514,0.07981209542963108,21,0.017416427079967784
1376,3,0.5059646419753998,0.0868665616610042,21,0.01895583781771908
1376,4,0.5087308360878728,0.08156753949795058,21,0.017799496380983753
1376,5,0.4880073017690359,0.14124519579065423,21,0.03082222863140624
1377,1,0.47174366516144556,0.11983365038453553,19,0.02749172484535654
1377,2,0.5054128356607,0.09627875326658906,21,0.021009746412386725
1377,3,0.5093550606163303,0.07206930569947899,21,0.015726811840513086
1377,4,0.4885989874587124,0.06663683382434267,21,0.014541349289154473
1377,5,0.49541298782836596,0.12840739618520677,21,0.02802079108623304
1378,1,0.5026457499687904,0.1642919356567547,19,0.03769115498770949
1378,2,0.4908589579396055,0.10946347850713067,21,0.023886889337718955
1378,3,0.4932108926755741,0.07619028739599662,21,0.016626083772028306
1378,4,0.4706790006770831,0.09776434429401935,21,0.021333928952146083
1378,5,0.4975375680393611,0.1517817209173801,21,0.03312148691497888
1379,1,0.4793534756239264,0.1042107450423635,18,0.024562708163985873
1379,2,0.4884681440675034,0.09736543353751977,21,0.021246879488470302
1379,3,0.480717644204631,0.068182571882769,21,0.014878656987121746
1379,4,0.5136635355513569,0.05714884059740375,21,0.012470899424598477
1379,5,0.48792544147974815,0.07510933108314201,20,0.016794957004644343
1380,1,0.49691196109686536,0.09331101715690578,19,0.021407015479260116
1380,2,0.4998696389624687,0.07591989383574632,21,0.016567079059777085
1380,3,0.46887816689976963,0.08350786078238448,21,0.01822290919805291
1380,4,0.49682297729959873,0.06899754054605517,21,0.0150564977294325
1380,5,0.5500250349737807,0.1184236445388839,21,0.02584215786533235
1381,1,0.490841706051666,0.14824563257127496,19,0.034009880589444694
1381,2,0.4652467545273515,0.06857642366649182,21,0.014964602492431422
1381,3,0.5174780182093386,0.07716116842631382,21,0.01683794738213427
1381,4,0.5294088225252938,0.09066686924439904,21,0.019785132920815345
1381,5,0.4908935109985396,0.16477152265002995,21,0.03595609404366157
1382,1,0.4579273875362214,0.14294893267518102,19,0.03279473429569018
1382,2,0.4514646033007782,0.08046226407439798,21,0.017558305509926413
1382,3,0.48284969611917256,0.09445862765222994,21,0.02061256244085679
1382,4,0.5217067685188168,0.08945454877051114,21,0.01952058290471363
1382,5,0.507601734205261,0.1313512117921623,21,0.028663184317226663
1383,1,0.5180970219049809,0.11149365903054737,18,0.026279307453266933
1383,2,0.495996690001013,0.07478402168813755,21,0.016319211436148076
1383,3,0.4949319580889433,0.12635844086207607,21,0.02757367237843165
1383,4,0.4963886490658994,0.09768058360442375,21,0.02131565087117782
1383,5,0.47035216494893045,0.12236624764041984,21,0.0267025043961874
1384,1,0.514191295447308,0.08586597604496944,19,0.01969900590886874
1384,2,0.45959906161417574,0.08859906319603357,21,0.019333900647523806
1384,3,0.5110195847007535,0.09828915202223448,21,0.021448451387376735
1384,4,0.49419880393883986,0.10788069066741869,21,0.02354149671464582
1384,5,0.49948264554433724,0.08628881453511532,21,0.0188297630588177
1385,1,0.49653364332624506,0.11416290347851012,19,0.026190766282316504
1385,2,0.48380749047227073,0.11774565299009286,21,0.025694207979957334
1385,3,0.5088441869329582,0.08693684498000027,21,0.018971174895309185
1385,4,0.5017246579911991,0.07761434328184669,21,0.016936838243016655
1385,5,0.4815308556643999,0.057053034729872075,21,0.012449992870313486
1386,1,0.5060326385967931,0.11310374017950256,19,0.02594777755678592
1386,2,0.4984453815930062,0.1083604103782745,21,0.023646180137853395
1386,3,0.49525638969780283,0.08816972588051675,21,0.01924021156433214
1386,4,0.47713207148403436,0.0766187385487368,21,0.016719579478648446
1386,5,0.45578292394376635,0.11543511423827046,21,0.025190007088226146
1387,1,0.4767558610337466,0.12610840511344357,19,0.028931252306346758
1387,2,0.49272048336740926,0.11402325049778989,21,0.024881913161477778
1387,3,0.4636256852161266,0.06865486413628297,21,0.014981719606258367
1387,4,0.49288718709559654,0.07263615737839063,21,0.015850509017961915
1387,5,0.5221629910094739,0.09773253398863752,21,0.021326987374417898
1388,1,0.4678142197115072,0.15175266489208633,19,0.03481444898303142
1388,2,0.4957149828811367,0.0973855882364542,21,0.021251277604350114
1388,3,0.4849228739961939,0.06625380282849333,21,0.014457765073345239
1388,4,0.47596030996360417,0.09514025699317044,21,0.020761306157559774
1388,5,0.5014546550115802,0.09440040378937387,20,0.02110857199764687
1389,1,0.536779113405331,0.16791470073740558,19,0.03852227429732766
1389,2,0.4863324674254603,0.07690631202577931,21,0.016782333156096493
1389,3,0.490237288613442,0.09618570284080248,21,0.020989441144786018
1389,4,0.5167360813765045,0.07514909380615525,21,0.016398876703525883
1389,5,0.5006764812874356,0.07268417330555468,21,0.01586098695228538
1390,1,0.44147914287705414,0.15392149705924052,19,0.035312013206301174
1390,2,0.5007184175329036,0.1061852863146341,21,0.02317152915368425
1390,3,0.49531125977843504,0.09778803173301538,21,0.02133909797510889
1390,4,0.5032979401322111,0.09161283508913222,21,0.019991559591688326
1390,5,0.532641845641965,0.12496366954578363,21,0.027269308324428636
1391,1,0.4506119131293791,0.15311432861740573,19,0.03512683606586049
1391,2,0.49120275716425815,0.09736448834790214,21,0.021246673231186067
1391,3,0.473106110081253,0.07720030708381158,21,0.0168464881374001
1391,4,0.511452560138032,0.05426498335314973,21,0.011841590181015582
1391,5,0.5016394800696242,0.06539824713532125,21,0.014271067515001836
1392,1,0.5023691639203043,0.1683667331057826,19,0.038625977634852114
1392,2,0.4716098601632565,0.09458172185809098,21,0.02063942379876006
1392,3,0.48594380214616734,0.08544983498019576,21,0.01864668271039202
1392,4,0.4939214286288387,0.07757029896200095,21,0.016927226984463035
1392,5,0.48998567965850104,0.12829124141444964,21,0.027995444037217574
1393,1,0.48244215352692427,0.17784258790993,19,0.04079988781879648
1393,2,0.483273629960571,0.11533939584283638,21,0.025169119621917747
1393,3,0.4642252932385043,0.08848822308224104,21,0.019309713351738485
1393,4,0.49103554977046404,0.061571156994364495,21,0.013435927978699287
1393,5,0.48625672756742133,0.12622284416441987,21,0.027544082753146147
1394,1,0.4478866960491497,0.11046252456093564,19,0.025341841137342
1394,2,0.507942737480424,0.08627776118306377,21,0.018827351019652973
1394,3,0.4775432221821281,0.09224731608113368,21,0.020130014695157725
1394,4,0.5136093815082234,0.08634848145902868,21,0.018842783449070945
1394,5,0.5151674072400872,0.14435414541093702,21,0.03150065705839434
1395,1,0.5003919600241638,0.10957878679526906,19,0.025139097789282472
1395,2,0.48809282884838057,0.10013976414756866,21,0.021852288061012304
1395,3,0.46178229755365874,0.07350646459799356,21,0.01604042562328082
1395,4,0.4981710344481165,0.06823803511652678,21,0.014890760056978035
1395,5,0.49754084948205973,0.13682099450293542,21,0.029856788760420878
1396,1,0.4968133596891451,0.0827225761849267,19,0.018977860523128415
1396,2,0.4644652842128171,0.09110335422658122,21,0.019880381752746836
1396,3,0.4868898150892893,0.07227319028306932,21,0.015771303104195812
1396,4,0.5050041468825355,0.0697847274545075,21,0.015228275995816363
1396,5,0.4992036784938332,0.14056889944719125,21,0.030674648670161432
1397,1,0.4862688093164985,0.19500668848979513,20,0.04360482115303077
1397,2,0.4791694610766883,0.12171709039633838,21,0.02656084667195253
1397,3,0.49384136711718507,0.07288386160649177,21,0.01590456251202068
1397,4,0.4902647874539043,0.06483501018338977,21,0.0141481591356484
1397,5,0.5376035401499072,0.10925426206571269,21,0.02384123456727004
1398,1,0.5192631379309972,0.14424174802581616,19,0.03309132647811527
1398,2,0.4713135294467833,0.08229821679628078,21,0.017958943239468707
1398,3,0.48054206207546823,0.06052051636852406,21,0.013206659397932164
1398,4,0.47128052772452267,0.06949222883182951,21,0.015164447563478638
1398,5,0.4871796305793878,0.133475316769441,21,0.02912670202400819
1399,1,0.5065687482010551,0.1569318554178703,19,0.036002636778359604
1399,2,0.4550485683886824,0.10549136665440897,21,0.023020103469436646
1399,3,0.4766639644427419,0.08982497175826905,21,0.01960141582759707
1399,4,0.47959013235063913,0.08507325818389098,21,0.018564506916390566
1399,5,0.5247633216062162,0.06534816159328218,20,0.01461229315272199
1400,1,0.5024795754741548,0.13768605403871212,19,0.031587347131032964
1400,2,0.43601805935547827,0.0794161319902407,21,0.01733002077361343
1400,3,0.48308888719604015,0.09006514020008875,21,0.019653824878272233
1400,4,0.5260811900684109,0.11359523171342417,21,0.02478851180537212
1400,5,0.5211806849631725,0.06710611895956126,20,0.015005384369976641
1401,1,0.4828106120488926,0.09583796661543384,19,0.02198673744374215
1401,2,0.4571752237521844,0.08007809734147216,21,0.017474473455968486
1401,3,0.485383057959289,0.0911151790614216,21,0.01988296214325809
1401,4,0.5105963241327345,0.058407057843707116,21,0.012745464937545338
1401,5,0.5257295909505986,0.08735427426311618,21,0.019062265432793463
1402,1,0.49223548527285504,0.10559620553340268,18,0.024889264333412493
1402,2,0.501011860985695,0.07085888213346969,21,0.015462675763646612
1402,3,0.4924143092925788,0.07313059343596552,21,0.01595840381130251
1402,4,0.5033451211948701,0.08304788404861897,21,0.01812253404565296
1402,5,0.5023560503454609,0.14723624231866358,21,0.032129582165054106
1403,1,0.4717613157351345,0.16554692848313074,19,0.03797907008797484
1403,2,0.4866734573179855,0.08916531086455498,21,0.0194574660190996
1403,3,0.48342435573647385,0.07133889279756757,21,0.015567422678056827
1403,4,0.499053617382348,0.05851195579760242,21,0.012768355547734443
1403,5,0.4801078315172872,0.10705778480990463,20,0.023938848435549116
1404,1,0.47265116998711004,0.14932997367921141,19,0.034258645500487954
1404,2,0.4797564997124385,0.10428603671297258,21,0.022757078912578124
1404,3,0.49819860904079194,0.07058202034378608,21,0.015402259568014892
1404,4,0.4862496582829368,0.07619828239854146,21,0.01662782842461607
1404,5,0.4888875334931326,0.07855827872131277,21,0.017142821843135925
1405,1,0.45208834816416005,0.15717129714113087,19,0.036057568477020664
1405,2,0.4771808505654057,0.09482864083635495,21,0.02069330593725605
1405,3,0.4984511996474121,0.07650901379281419,21,0.016695635573904355
1405,4,0.48689311045227324,0.056823538519470806,21,0.012399912691462567
1405,5,0.5242221423833122,0.08026482295950643,20,0.017947760033944223
1406,1,0.4431654382901833,0.15763119891217134,19,0.03616307717933228
1406,2,0.4961631109747762,0.09577686334727946,21,0.020900225053064273
1406,3,0.5039611834685204,0.07584715947502636,21,0.016551207121033112
1406,4,0.5287723408344728,0.0799077382536551,21,0.01743729805524252
1406,5,0.522753348026888,0.16728987068338663,21,0.036505642638380624
1407,1,0.4919551744074336,0.16214904777454914,19,0.037199542791610966
1407,2,0.4986937107366104,0.09356934140036038,21,0.02041850427115794
1407,3,0.4752939601400898,0.06955206510111124,21,0.01517750490792089
1407,4,0.5221757982344515,0.10992216001381593,21,0.023986981848398075
1407,5,0.5188634119177518,0.12511110911714882,21,0.027301482276629246
1408,1,0.457193232628541,0.1547795177832192,19,0.03550885666036889
1408,2,0.49062808716621764,0.0727458811041747,21,0.015874452697911347
1408,3,0.49068525063162194,0.09149299879939687,21,0.01996540916936857
1408,4,0.49254005571579007,0.07180980052278829,21,0.015670183168350324
1408,5,0.5520384423254262,0.11986352187478236,21,0.026156364859770728
1409,1,0.4243295488845556,0.175574771253615,19,0.04027961499630409
1409,2,0.488656204095113,0.0644272140631335,21,0.01405917072663965
1409,3,0.4779252609654495,0.08943465005589367,21,0.019516240649191396
1409,4,0.4919556479084619,0.07019118863900947,21,0.015316973097961204
1409,5,0.5228852398785699,0.1318351122509369,21,0.02876878005442468
1410,1,0.46226458637668155,0.17570580388186116,19,0.04030967594287418
1410,2,0.4824444419662028,0.10849573534483033,21,0.023675710466551463
1410,3,0.4839199365482551,0.08302865914805453,21,0.01811833882841179
1410,4,0.4851896462415584,0.07163412288185973,21,0.015631847164185256
1410,5,0.5187187173036507,0.08667989016694516,21,0.018915102758118314
1411,1,0.4638278287606859,0.16626410514109427,19,0.03814360169727638
1411,2,0.4692818072705884,0.0846984765602498,21,0.018482722861180367
1411,3,0.48660753813263985,0.0851744353427361,21,0.018586585582533816
1411,4,0.49551329959553875,0.08112590073939434,21,0.01770312290284517
1411,5,0.4908937585798864,0.10105453980208076,21,0.022051908474379184
1412,1,0.45878660493365286,0.12071956937730483,19,0.027694968601232578
1412,2,0.4841896948897545,0.11368019945646804,21,0.024807053286997265
1412,3,0.48871516275075066,0.0890503434889584,21,0.019432378080950944
1412,4,0.49934525816741515,0.08234051579738279,21,0.017968173638248274
1412,5,0.4857644535788564,0.09680888931515093,21,0.021125431582441942
1413,1,0.4614242774937285,0.13965274240942227,19,0.032038536386894134
1413,2,0.474825986789845,0.09785308292672158,21,0.021353293309356793
1413,3,0.49869040858210656,0.08148415936373225,21,0.017781301344007037
1413,4,0.47506345116917953,0.08614987883944057,21,0.018799444804429088
1413,5,0.5424583724189312,0.11654654787827727,21,0.02543254179228574
1414,1,0.48582839771819025,0.09715767570823962,19,0.02228949947376384
1414,2,0.4977506441697276,0.08301698072118201,21,0.01811579038673839
1414,3,0.4949463526396877,0.08962418875559801,21,0.01955760138435895
1414,4,0.48835347100996895,0.08402023810092264,21,0.018334719095509083
1414,5,0.4927428585215864,0.13286497282698972,21,0.028993514056568154
1415,1,0.5113058144445465,0.11348691443525508,19,0.026035683759869692
1415,2,0.48725725958920824,0.0701264199781187,21,0.015302839417428212
1415,3,0.48551683888780994,0.06346626928938509,21,0.01384947538547897
1415,4,0.4846795229797712,0.07221092303929537,21,0.01575771527762865
1415,5,0.484487148246339,0.13330609078667421,21,0.02908977388707571
1416,1,0.4763144708382878,0.11904698470921712,19,0.02731125136214259
1416,2,0.45669336556448414,0.07909371582226885,21,0.017259663797660637
1416,3,0.4871184924690284,0.1089230634565285,21,0.023768961105524768
1416,4,0.48324607286173576,0.06308975292581749,21,0.013767312778981921
1416,5,0.5029452532492081,0.06602304581813766,20,0.014763201853093901
1417,1,0.46189950797247975,0.11901253461966536,19,0.027303347969566166
1417,2,0.4706293704038629,0.08577466536331865,21,0.018717566511281647
1417,3,0.5153515813081533,0.09467016107087375,21,0.02065872281718765
1417,4,0.5153208795142558,0.07496880390592245,21,0.016359534221866222
1417,5,0.5106517750997891,0.1328319567809615,21,0.02898630936465994
1418,1,0.4744565409698975,0.1929239054803114,20,0.043139096713872054
1418,2,0.4719629911683991,0.07824407213247513,21,0.01707425634422153
1418,3,0.5130436919019489,0.0919266043383302,21,0.02006002965526924
1418,4,0.4977346536671912,0.05973315190830789,21,0.01303484238657699
1418,5,0.5055472195378228,0.08222210221892876,21,0.017942333676982742
1419,1,0.44693755885266795,0.12755670633121038,19,0.02926351539308636
1419,2,0.46098231895533764,0.1069040115157852,21,0.02332836785073888
1419,3,0.5094338857888098,0.08615912177266105,21,0.018801461777816053
1419,4,0.5226103465103197,0.09531468450216828,21,0.020799369360572403
1419,5,0.46205572226198327,0.11581747399219308,21,0.025273444827038295
1420,1,0.4782661378630068,0.12372215545201543,19,0.02838380908907184
1420,2,0.4856338718380848,0.06261983484026418,21,0.01366476824576874
1420,3,0.4955499241478001,0.08094752816537436,21,0.017664198816066564
1420,4,0.4864764211479844,0.08929905774077204,21,0.01948665198025334
1420,5,0.4866560196983607,0.12589392166454844,21,0.027472305979173054
1421,1,0.4194049658635696,0.1807299202025965,19,0.04146228727564674
1421,2,0.5029727636628376,0.08999904770768823,21,0.01963940231402015
1421,3,0.4835779779169461,0.09950949596351084,21,0.02171475226760434
1421,4,0.490667285848504,0.07217685554832962,21,0.01575028114162447
1421,5,0.5257334122205408,0.1326165116314201,21,0.02893929537866544
1422,1,0.47589595061462997,0.11477742260719123,19,0.02633174663920038
1422,2,0.4901508036101476,0.09233702785119574,21,0.020149591408350005
1422,3,0.4879865529415016,0.07119074970444751,21,0.015535095204823135
1422,4,0.489116595844362,0.07380452885992643,21,0.01610546857767456
1422,5,0.5110585757794242,0.06170105911402263,20,0.013796776246268754
1423,1,0.4855397541218081,0.1236481199859373,19,0.02836682418828908
1423,2,0.4679338232927234,0.1076770671535322,21,0.02349706242104307
1423,3,0.49502878759867286,0.1020331763237193,21,0.022265464471439036
1423,4,0.48593934077561063,0.08814761028807777,21,0.019235385546408787
1423,5,0.49665404471004554,0.1296917521516714,21,0.028301060535546957
1424,1,0.4510808419886918,0.14280112849779364,19,0.03276082569186572
1424,2,0.4562595373610384,0.07699668676297093,21,0.01680205454057708
1424,3,0.481326763340392,0.06620694975958226,21,0.014447540895496384
1424,4,0.5039987535724227,0.08878147700864411,21,0.019373706604861582
1424,5,0.5590847022518721,0.1483262282898364,21,0.03236743660407027
1425,1,0.5042389044315133,0.12479447825251817,19,0.028629816811295315
1425,2,0.4842240186567959,0.10321919232207755,21,0.022524274380386906
1425,3,0.4793633238339453,0.070060264668367,21,0.015288403145306285
1425,4,0.46761908712305694,0.058077097430608765,21,0.012673461672337618
1425,5,0.5312948870576791,0.13934302815205357,21,0.030407141622435623
1426,1,0.4585513409110681,0.1676960889942963,19,0.03847212132384952
1426,2,0.4877893953432586,0.08037955365225746,21,0.017540256616106382
1426,3,0.47910870692012997,0.08629892517376384,21,0.018831969381052516
1426,4,0.4936162402546308,0.058902944047211823,21,0.012853676178671272
1426,5,0.5324820392323962,0.13554781918269473,21,0.029578959128137423
1427,1,0.45266980113185634,0.19591669117355032,20,0.043808303939089153
1427,2,0.48620878111138344,0.08743176726474912,21,0.019079175792117854
1427,3,0.5034329691178459,0.08536954996882834,21,0.01862916308459385
1427,4,0.482893908139363,0.09863912484187441,21,0.021524821717718502
1427,5,0.5187327570755853,0.1750810045942225,21,0.038205807442949324
1428,1,0.4792510207677278,0.13226394173768713,19,0.030343429258364713
1428,2,0.4939602356539224,0.0828975200926351,21,0.01808972194041062
1428,3,0.493079170748105,0.0666658715350511,21,0.014547685837122551
1428,4,0.4840801195110566,0.09150838278265754,21,0.019968766229739136
1428,5,0.4804584309163016,0.08487859432951098,21,0.018522027780782553
1429,1,0.4363259322059556,0.13715614039143312,19,0.031465776602754424
1429,2,0.4840295454482909,0.08291866875101948,21,0.01809433695602458
1429,3,0.4758096494634253,0.08277170798495277,21,0.01806226748770604
1429,4,0.498461563554654,0.06420157241983382,21,0.014009931683289413
1429,5,0.4832604973800719,0.1341198646000958,21,0.02926735389176987
1430,1,0.4689977135976995,0.17408280956645322,19,0.03993733551093711
1430,2,0.4675977363449048,0.09452700387718635,21,0.020627483356409078
1430,3,0.4887765797867609,0.08338575259585462,21,0.018196263007207822
1430,4,0.5087002715455073,0.09272679858797499,21,0.0202346463562057
1430,5,0.4957789461609846,0.0661984159805262,20,0.014802415813526497
1431,1,0.4937059214374706,0.11676852824176437,19,0.026788537599569787
1431,2,0.4536376990516865,0.11599796093892466,21,0.025312830307769194
1431,3,0.5007652522060887,0.06572680195069285,21,0.014342764053639101
1431,4,0.50667951902867,0.0471713617223128,21,0.010293635034601949
1431,5,0.49577968121702376,0.1365907274574398,21,0.02980654037156195
1432,1,0.4765809788846835,0.0926705811097469,19,0.021260089373504
1432,2,0.46286484764309865,0.0865502942142085,21,0.018886822602728996
1432,3,0.4708336432162155,0.08752684687911054,21,0.019099923864968258
1432,4,0.5215869069804703,0.08945412530803912,21,0.01952049049762639
1432,5,0.503538739674635,0.09020424288081946,21,0.01968417957178746
1433,1,0.4676716501123202,0.11220896370761187,19,0.025742501755837005
1433,2,0.4773744195195621,0.08265705324283358,21,0.018037247771775237
1433,3,0.5064888410032603,0.105129913119386,21,0.022941227841605592
1433,4,0.4988573917780491,0.06823301329504866,21,0.014889664205689938
1433,5,0.5097861786799243,0.06010105200566815,21,0.013115124769640562
1434,1,0.46424333480674645,0.14138170978698683,19,0.03243518870665636
1434,2,0.4763618971619029,0.07364244070463796,21,0.016070098042395266
1434,3,0.50709668243424,0.0787311786206093,21,0.017180551694382432
1434,4,0.49304710237578725,0.04909918540031968,21,0.0107143206503636
1434,5,0.4856236768769529,0.13495611208489836,21,0.029449838053618636
1435,1,0.4132826379450621,0.16283419524378515,19,0.037356726401075305
1435,2,0.46304513724494534,0.09901306555231724,21,0.021606422270624683
1435,3,0.4740071915808904,0.04952007155769561,21,0.01080616553965571
1435,4,0.4969365546701574,0.08178995102329702,21,0.017848030554809022
1435,5,0.48122418755505353,0.12872187420909756,21,0.02808941581713207
1436,1,0.48584687531397586,0.11111109570918284,19,0.025490633563284407
1436,2,0.48580508721182397,0.08207726400022887,21,0.01791072738647251
1436,3,0.4557249346030256,0.07865844000275878,21,0.017164678826656406
1436,4,0.4876572786552637,0.08759359647532716,21,0.019114489821028754
1436,5,0.4905204266548247,0.14608674286965548,21,0.03187874082046412
1437,1,0.4480735196429722,0.15820715872941732,19,0.03629521142348572
1437,2,0.48256232019805173,0.0864354909258181,21,0.018861770471344293
1437,3,0.4825464922154608,0.07082876910617375,21,0.015456104562361472
1437,4,0.5005633901998101,0.07384642647134271,21,0.016114611386043746
1437,5,0.528697203090496,0.0682289881011944,20,0.015256465543029498
1438,1,0.4580314331680526,0.09673080343896394,19,0.02219156825883897
1438,2,0.4660872244006848,0.08239500272023614,21,0.017980063659598786
1438,3,0.4669031554718175,0.07897388817111517,21,0.017233515260433947
1438,4,0.49928026454431884,0.05763133755894303,21,0.012576188893590856
1438,5,0.5443424353676034,0.11558681346538656,21,0.02522311057351785
1439,1,0.45329628738226957,0.133956414555538,19,0.03073170915192795
1439,2,0.45858133194364065,0.09064348751395772,21,0.019780030608928374
1439,3,0.4916381970552347,0.07032922088502098,21,0.015347094203470373
1439,4,0.48999708836174444,0.0648609520089881,21,0.014153820106099335
1439,5,0.5036929501647707,0.08245549226112676,21,0.01799326355959328
1440,1,0.4690895240076916,0.08994069636372688,19,0.020633810861113766
1440,2,0.47105863949263976,0.10431744291150291,21,0.022763932306961745
1440,3,0.49573317048109694,0.06933914230278194,21,0.015131041344086327
1440,4,0.5179607753147675,0.07583352184348152,21,0.016548231145849582
1440,5,0.509723889364282,0.06466596518374115,21,0.014111270492470133
1441,1,0.4736992758623934,0.11778111601594259,19,0.02702084116689124
1441,2,0.4875871874744352,0.10600208919814674,21,0.023131552265427062
1441,3,0.4574498533493,0.08042603286487736,21,0.017550399211824125
1441,4,0.4813661367357589,0.07211117165911878,21,0.015735947741898387
1441,5,0.4872886308491158,0.13579505936693084,21,0.029632911359522986
1442,1,0.46077604187075755,0.10990935450916232,19,0.02521493522395921
1442,2,0.452843041637106,0.07920960279896463,21,0.01728495240922102
1442,3,0.5005665187618339,0.06769232054424856,21,0.014771675374344446
1442,4,0.4948352429439854,0.053686839072653966,21,0.01171542875587379
1442,5,0.4552408751255757,0.13691310229513626,21,0.02987688832850924
1443,1,0.44942192288775007,0.16508495850441254,19,0.03787308690628104
1443,2,0.4750932127314575,0.09354704776467436,21,0.020413639401012845
1443,3,0.4709228506128995,0.06405022323284208,21,0.013976904583015143
1443,4,0.5108643393998685,0.06408253859660162,21,0.01398395637351696
1443,5,0.48573268653236734,0.12941225729743164,21,0.028240069758122942
1444,1,0.4533039527424183,0.16205349879936015,19,0.03717762235334741
1444,2,0.4827176553445658,0.07335605864499214,21,0.016007604353537916
1444,3,0.46789550098395405,0.09032867718432695,21,0.019711333362971848
1444,4,0.4909934172681352,0.08513636029209272,21,0.01857827692531179
1444,5,0.4955347399364795,0.12928247520492117,21,0.028211748983704897
1445,1,0.4481015241891294,0.11839064642996709,19,0.0271606770341411
1445,2,0.5001355683936938,0.08408906105883264,21,0.018349737496184
1445,3,0.47381469300533796,0.07362010715605456,21,0.016065224462541914
1445,4,0.4779230970856952,0.05903901264834731,21,0.01288336878173842
1445,5,0.4854871906879299,0.13440877547996088,21,0.02933039941444025
1446,1,0.49054703134514765,0.10440952660379038,19,0.02395318816888651
1446,2,0.46109538255855836,0.11054814368709508,21,0.02412358268490323
1446,3,0.48734192943373805,0.05927659407923763,21,0.012935213300346554
1446,4,0.48027095215317805,0.07493424637140503,21,0.016351993149592074
1446,5,0.5020842498764652,0.07139621871410501,20,0.01596467983811814
1447,1,0.44129395340946725,0.1252139150885562,19,0.028726042220847323
1447,2,0.4715001113065748,0.07326145712932104,21,0.01598696061037504
1447,3,0.4850871240412392,0.07926219115872356,21,0.017296428130138583
1447,4,0.4912127139937883,0.07846807273964464,21,0.01712313728412964
1447,5,0.4875778609217261,0.07330534231563053,21,0.015996537143144113
1448,1,0.47701872122096134,0.15805992399641436,19,0.03626143345916261
1448,2,0.46900464585541246,0.07045861427189716,21,0.01537533015536498
1448,3,0.49633045753654076,0.06790553311972486,21,0.014818202172736664
1448,4,0.4941315623533289,0.07666700948985061,21,0.016730113061578008
1448,5,0.47041937424560376,0.08382808619722304,21,0.018292788112478926
1449,1,0.519121797791205,0.1249222567199017,19,0.02865913120216296
1449,2,0.46056232974607786,0.11849810696374725,21,0.025858406898587885
1449,3,0.5004143022457118,0.06917559577990644,21,0.015095352566909002
1449,4,0.5004242820354848,0.08961421420411972,21,0.01955542475877931
1449,5,0.5039462032693353,0.07065118653761678,21,0.015417352868908281
1450,1,0.4753932146166473,0.09654422641740709,19,0.022148764554515123
1450,2,0.46178665679967806,0.08614284137606756,21,0.018797909104019215
1450,3,0.4610579594472967,0.06641825308171011,21,0.014493651060650979
1450,4,0.49539656911295404,0.06778771260976287,21,0.014792491629626231
1450,5,0.48761436384956774,0.13726009659325458,21,0.02995260869216854
1451,1,0.4372170985210884,0.14405779428078905,19,0.033049124594701634
1451,2,0.4678066529487963,0.0575671654452675,21,0.012562185390332598
1451,3,0.5006741818439485,0.08579223474225431,21,0.018721400464085745
1451,4,0.5303035975344479,0.07440940678767394,21,0.016237463762917938
1451,5,0.4745311348755393,0.12887559970143642,21,0.028122961469745744
1452,1,0.4998805402190889,0.15408331963364558,19,0.035349137850965134
1452,2,0.5017701347275357,0.09798042179763684,21,0.021381080929112953
1452,3,0.4896497249605577,0.07654899726058238,21,0.01670436068188505
1452,4,0.5047471305552871,0.06009426494616323,21,0.013113643711834494
1452,5,0.5159465403337432,0.06752744613649438,20,0.015099595990815695
1453,1,0.47716645574031274,0.11012307548927432,19,0.025263966179455137
1453,2,0.458434833800385,0.09705125877799636,21,0.021178320935281703
1453,3,0.4874311060248258,0.07926887518560874,21,0.017297886704383748
1453,4,0.49123965994737273,0.08101890168293004,21,0.017679773794486285
1453,5,0.46151964923063915,0.11794867991377105,21,0.02573851208690349
1454,1,0.4720395039227924,0.15238295260358437,19,0.03495904690091434
1454,2,0.4692505635447407,0.08021195802758298,21,0.01750368425247713
1454,3,0.4919710543651231,0.07752605318144838,21,0.016917571763579012
1454,4,0.4795600223999001,0.07834793479895139,21,0.017096921036174263
1454,5,0.5099318945430186,0.18020403091684045,21,0.03932374343869447
1455,1,0.42707613498646646,0.1519513212884877,19,0.034860023885999916
1455,2,0.46191189168521035,0.10063543206693826,21,0.021960451668634803
1455,3,0.4813128671390337,0.07419661029400812,21,0.016191027761020566
1455,4,0.4982232967174907,0.09606849640821793,21,0.02096386460434533
1455,5,0.4672463462482687,0.12221599137874782,21,0.026669715791770583
1456,1,0.45614221701837765,0.11115632165397428,19,0.025501009106598724
1456,2,0.4826442139979255,0.08528336044915759,21,0.018610354989450847
1456,3,0.50169413095448,0.08380823016889198,21,0.018288455171868057
1456,4,0.4980157346679362,0.07258217991695405,21,0.01583873017020693
1456,5,0.5079256142436572,0.08380596675558524,20,0.01873958385855761
1457,1,0.45673086950851954,0.16042157368529167,19,0.03680323305568158
1457,2,0.4725105797883945,0.0653963517695219,21,0.014270653912275876
1457,3,0.4850872880730933,0.09441395536829157,21,0.020602814149303733
1457,4,0.48787243014415776,0.0758735814493922,21,0.016556972868535094
1457,5,0.5501868446197528,0.12139284178096062,21,0.026490089823192856
1458,1,0.4283636957545052,0.16938041671710033,19,0.03885853260445514
1458,2,0.4972474573418924,0.07662445262781298,21,0.01672082639292909
1458,3,0.5057983916006076,0.07487504938459526,21,0.016339075308022116
1458,4,0.4999994410681839,0.0781040953396342,21,0.01704371090380578
1458,5,0.5509221631400288,0.1408115635098701,21,0.030727602309955304
1459,1,0.4619414384075357,0.12891477365817003,19,0.02957507740554644
1459,2,0.4855001702357063,0.07776426178692382,21,0.016969553142901918
1459,3,0.4862468830836886,0.09527291198430092,21,0.020790253849853543
1459,4,0.475230156387943,0.06922342636360526,21,0.015105790055972514
1459,5,0.493151255980111,0.07739614349571115,21,0.016889223146036213
1460,1,0.4920814063197811,0.10014310488464845,19,0.02297440389918826
1460,2,0.46975190468227723,0.09138493540019736,21,0.019941827802383523
1460,3,0.4875994389954415,0.08766204722630919,21,0.019129426999493118
1460,4,0.4849170848383589,0.09398652988003817,21,0.02050954226102399
1460,5,0.48446247320292946,0.12698692770471326,21,0.02771081945127302
1461,1,0.44844390220145697,0.17241169792922453,19,0.039553956208302654
1461,2,0.5085537591070526,0.11046122546345946,21,0.024104615573518406
1461,3,0.4701001141399738,0.0690192237923849,21,0.015061229401700042
1461,4,0.4955404678808254,0.07221526552848286,21,0.015758662886457518
1461,5,0.5237362449927654,0.09658704000254212,21,0.02107702009349414
1462,1,0.4500400137589731,0.12084998523073871,19,0.02772488804995647
1462,2,0.44739202766917047,0.10814947681913069,21,0.023600150661597066
1462,3,0.5122865317526715,0.09659466244753372,21,0.021078683447358647
1462,4,0.5182343950896856,0.08403681425426253,21,0.01833833630871914
1462,5,0.4981404982976607,0.05868903879036861,21,0.012806998224812557
1463,1,0.5218170775000425,0.10832670552712385,19,0.024851850646285357
1463,2,0.4625833036981887,0.07711028533876609,21,0.01682684378212091
1463,3,0.49944961770338925,0.09896409094519214,21,0.021595735135182707
1463,4,0.5028779263971329,0.07665058632900328,21,0.016726529234066895
1463,5,0.5306251655156358,0.13191235694910378,21,0.028785636229490576
1464,1,0.4861565792936122,0.12897078805169024,19,0.02958792798874319
1464,2,0.46270529693202916,0.06939504623996064,21,0.015143240583313346
1464,3,0.4890390183654189,0.09933226571958137,21,0.021676077457688035
1464,4,0.49803591541972303,0.07983022120477246,21,0.017420382448378027
1464,5,0.5420227844807742,0.12732050519362384,21,0.027783612027133305
1465,1,0.46239605447137744,0.1593442598627056,19,0.0365560803144641
1465,2,0.4572702079619614,0.09425185420085136,21,0.02056744077454014
1465,3,0.4627611583687133,0.07273573318025216,21,0.015872238239362697
1465,4,0.5095588483701098,0.06691691830272323,21,0.014602468733114528
1465,5,0.501254072084049,0.13996974883648852,21,0.030543903287960274
1466,1,0.4941518099207303,0.16134968607130146,19,0.037016156639832376
1466,2,0.5002880999126672,0.06819840989233118,21,0.014882113124153943
1466,3,0.4962770471582905,0.06704640627439097,21,0.014630725325102801
1466,4,0.4928059500380731,0.06806686345161334,21,0.014853407337392441
1466,5,0.5023806662208875,0.15940334796898356,21,0.03478466229034535
1467,1,0.46633837578611137,0.1611018904889697,19,0.03695930843446185
1467,2,0.47426325867530106,0.09042677568854471,21,0.019732740211597554
1467,3,0.5138212226739614,0.08696564721954265,21,0.018977460059256195
1467,4,0.46089620274619186,0.06327240629016508,21,0.013807171010794357
1467,5,0.5204117791349129,0.08058024700576946,21,0.017584051496294155
1468,1,0.4625385408139078,0.12263907274355987,19,0.028135332874668992
1468,2,0.49972509397913506,0.08673466850598932,21,0.018927056371695165
1468,3,0.48173641549334745,0.10641375320176703,21,0.023221384715783184
1468,4,0.4763736349240646,0.11746461407790061,21,0.02563288026146452
1468,5,0.5073337255331142,0.0817229650375176,21,0.01783341301431686
1469,1,0.5019550912573348,0.0948506068381929,19,0.021760221575852143
1469,2,0.4754724590946374,0.07940425793390511,21,0.017327429642091333
1469,3,0.4691224773699624,0.09322180890067697,21,0.020342666462288585
1469,4,0.4889056621788902,0.05297255463975876,21,0.011559559113898986
1469,5,0.48492150325386535,0.08162313640696502,21,0.017811628621172526
1470,1,0.45832808634421424,0.13452496372490477,19,0.030862143276859724
1470,2,0.4800738137990033,0.09446893833407739,21,0.020614812416096435
1470,3,0.5047150757885059,0.06214423613089557,21,0.013560984098811362
1470,4,0.47969544055340707,0.0690859780130017,21,0.01507579636688739
1470,5,0.5188239985776961,0.062316806707261294,20,0.013934461593815109
1471,1,0.47007947627543645,0.09646380655315599,19,0.022130314972340186
1471,2,0.4723278500852164,0.07756358286186962,21,0.016925761411261765
1471,3,0.47038045082179025,0.09779092202968677,21,0.02133972868955068
1471,4,0.5169911393964897,0.06236900299799936,21,0.013610032250345704
1471,5,0.4950474761821732,0.07288425490378518,21,0.015904648336526286
1472,1,0.47812236413142284,0.10892555724022994,19,0.024989236651527233
1472,2,0.496985410118526,0.08541384713370363,21,0.018638829518456374
1472,3,0.4901009704822399,0.08586108035774445,21,0.01873642380905
1472,4,0.4907808800625063,0.06024693894418805,21,0.013146959909577363
1472,5,0.4786639571133942,0.13253501422738162,21,0.028921511187096453
1473,1,0.46780207118442946,0.13023210077396208,19,0.029877292972563464
1473,2,0.4608211137350735,0.1046091240155604,21,0.022827582342110873
1473,3,0.49531971737659547,0.10903079007246749,21,0.02379246898037724
1473,4,0.5310405288141957,0.06358890290387002,21,0.013876236234103886
1473,5,0.5324252704039865,0.14836499516431145,21,0.03237589622962926
1474,1,0.48134337636227986,0.18830435262636036,20,0.04210613329316328
1474,2,0.5007511295258561,0.0667132527892669,21,0.014558025274454258
1474,3,0.4772316401972661,0.09825550196299943,21,0.021441108342444143
1474,4,0.48867944642676436,0.06873312045022112,21,0.014998796533983595
1474,5,0.47872904453392745,0.12240442333977068,21,0.026710835016758024
1475,1,0.4451612586399296,0.18179870161434294,19,0.041707482547569764
1475,2,0.48064915106022277,0.08042990060566826,21,0.017551243222059493
1475,3,0.4718218843864483,0.08119938323187334,21,0.017719158097323218
1475,4,0.5307676353979149,0.09031244378051255,21,0.01970779094384012
1475,5,0.5229117923016102,0.055835095238406504,20,0.012485106848325177
1476,1,0.45509900926331154,0.17618811162126125,19,0.040420324926860096
1476,2,0.4926409817214864,0.10403956352224342,21,0.02270329405289747
1476,3,0.49040105076846224,0.07911632657718015,21,0.017264597868894026
1476,4,0.4833137261088802,0.09202398121930432,21,0.020081279032793175
1476,5,0.5066417648811076,0.05790042471075764,21,0.012634908524149452
1477,1,0.5152132627836503,0.1521322411617988,19,0.03490152975150735
1477,2,0.49918250022064775,0.08309037439208534,21,0.018131806198759592
1477,3,0.47656581087480726,0.09953547714825468,21,0.02172042182692497
1477,4,0.45437028961373244,0.10851371255001205,21,0.02367963341433856
1477,5,0.4813361252501823,0.08379258862493966,20,0.01873659241760407
1478,1,0.47193904606182385,0.11606476694531744,19,0.026627083685275717
1478,2,0.4819120296324555,0.07289252848065421,21,0.01590645377901535
1478,3,0.48490429239620864,0.08313664407322158,21,0.018141903070959035
1478,4,0.5177243224864936,0.09381556115328088,21,0.02047223382617468
1478,5,0.4668847321033625,0.1387713450622066,21,0.030282390144685624
1479,1,0.47373576831063985,0.17062582220085398,19,0.039144248217476904
1479,2,0.4721901096115276,0.10670333000832381,21,0.02328457555557128
1479,3,0.48716678731470414,0.09426225521513837,21,0.020569710461934166
1479,4,0.49283568755892154,0.09298577521471817,21,0.02029115968931403
1479,5,0.4891353593116162,0.1304035991013608,21,0.028456398275079106
1480,1,0.4502159671803793,0.14910453697535456,19,0.034206926773631276
1480,2,0.47376175177156954,0.08572903975381028,21,0.018707610187034002
1480,3,0.4952299030428674,0.0775657265805111,21,0.016926229209020968
1480,4,0.49261176047579397,0.0585496217050183,21,0.01277657492258456
1480,5,0.4688519281645127,0.16025066305508628,21,0.03496956160079982
1481,1,0.4770209072550985,0.15914348010411128,19,0.03651001827879983
1481,2,0.4790915291398476,0.07886843684745883,21,0.017210503895063067
1481,3,0.4962214177366446,0.08306292200968703,21,0.01812581559779068
1481,4,0.5010490603799096,0.0722062633471766,21,0.015756698449445345
1481,5,0.5158613582795097,0.06602686174105506,20,0.014764055119397922
1482,1,0.48968702148356424,0.12660520854401835,18,0.029841133831670804
1482,2,0.4808546903598626,0.0936985955571336,21,0.020446709840553225
1482,3,0.5005397418408817,0.10594833343260969,21,0.023119821795683546
1482,4,0.5237220051634819,0.07118360512785951,21,0.015533536130393473
1482,5,0.49071892931095207,0.10530208056105286,20,0.02354626103066734
1483,1,0.5249776704558075,0.18574293346194026,19,0.04261235139144195
1483,2,0.4768712532127214,0.10036168701398783,21,0.021900715600717418
1483,3,0.49905075781714875,0.07658378357853025,21,0.016711951678796712
1483,4,0.4858941179245229,0.09126414268385255,21,0.019915468670666885
1483,5,0.49208864829578225,0.13632338043792042,21,0.02974820046900155
1484,1,0.5040301225235927,0.16891664262026732,19,0.038752135529680036
1484,2,0.4837022858003024,0.0937771165606841,21,0.02046384452828723
1484,3,0.45770161187948294,0.08303281245069269,21,0.018119245153351
1484,4,0.5151419962539365,0.05181687133838983,21,0.011307368342093293
1484,5,0.5457760354369035,0.1178797823805493,21,0.02572347741256138
1485,1,0.4252443496405025,0.19817298736189806,19,0.045464001328951405
1485,2,0.4747622832200975,0.0768873145438108,21,0.016778187565661528
1485,3,0.5104515200212165,0.06592656495489052,21,0.014386355914962323
1485,4,0.4896039941740599,0.08903473151775933,21,0.019428971269533458
1485,5,0.5472166837362554,0.13368636571039924,21,0.029172756678640638
1486,1,0.5000263896598892,0.18839577280473457,20,0.04212657546649927
1486,2,0.4876144589520943,0.0916540204776902,21,0.020000546980287998
1486,3,0.494941829268436,0.10605699100223048,21,0.023143532821284365
1486,4,0.4848615426096409,0.11375388287941571,21,0.024823132328098272
1486,5,0.5410370846874741,0.13437561510338408,21,0.02932316322702423
1487,1,0.4730283945202964,0.13902141947461022,19,0.03189370097249491
1487,2,0.48782348464269665,0.09876163899563693,21,0.021551556497876607
1487,3,0.49489624291211065,0.08806080956733789,21,0.019216444076257968
1487,4,0.49832023602124037,0.06892679814754142,21,0.015041060472478598
1487,5,0.4925937599576001,0.07081076455275284,21,0.015452175646699321
1488,1,0.5196838125288,0.0979580516069793,19,0.022473118297945516
1488,2,0.47513040541660584,0.1031922613134426,21,0.022518397552500662
1488,3,0.4717582221377827,0.0646866016936793,21,0.01411577374813067
1488,4,0.49192199770614176,0.0795640093657831,21,0.017362290262517927
1488,5,0.4801415773362495,0.06830489771653854,20,0.015273439449035033
1489,1,0.47683383727318907,0.14538648281099562,19,0.03335394664894437
1489,2,0.4862018924104181,0.0986540133681571,21,0.02152807066051263
1489,3,0.48929346545336483,0.07696872709847594,21,0.016795953241579276
1489,4,0.47442710223903034,0.06902759559501524,21,0.015063056278807508
1489,5,0.5373785571440642,0.127988569173587,21,0.027929395539383527
1490,1,0.515660808428076,0.1470751738013967,19,0.03374135893178784
1490,2,0.4882156800927575,0.09696603899977183,21,0.021159724455071166
1490,3,0.49644284483819184,0.07117946457284759,21,0.015532632587214363
1490,4,0.49190027233859984,0.08273327949729103,21,0.018053881704203533
1490,5,0.5430688629228673,0.13198226007087074,21,0.028800890341243474
1491,1,0.4850349975823769,0.17461460940205978,19,0.040059338760495035
1491,2,0.48529894702930687,0.08535411996262206,21,0.018625795981193186
1491,3,0.4851215469104519,0.09595438025561516,21,0.020938962418282504
1491,4,0.48139887361262895,0.08514362163821415,21,0.01857986148094268
1491,5,0.47959659344096606,0.13093126343256473,21,0.028571544072187212
1492,1,0.5308254518211326,0.18886190898281094,19,0.04332789344948681
1492,2,0.4789826214436804,0.07512076547825566,21,0.01639269495557772
1492,3,0.4854693740912251,0.07205906829679719,21,0.01572457785609837
1492,4,0.48099909882928266,0.08370011712976072,21,0.018264862972561833
1492,5,0.5179720704375494,0.14858735592673872,21,0.032424419326077404
1493,1,0.49982933527632045,0.16100714057457874,19,0.03693757131331768
1493,2,0.48517673748903123,0.08540231302891163,21,0.0186363125704429
1493,3,0.49989738257694694,0.07425726511341986,21,0.016204263727745243
1493,4,0.4821332438129523,0.08150314271240051,21,0.017785443850303038
1493,5,0.506374203669779,0.08023601594859298,21,0.017508934121243398
1494,1,0.5130104454400677,0.12405524639214473,19,0.02846022539154724
1494,2,0.47485861760542775,0.07581304063008129,21,0.01654376177867191
1494,3,0.5036179877585978,0.07731745509690323,21,0.016872051929662298
1494,4,0.49471856924099167,0.05383596388640525,21,0.011747970458112432
1494,5,0.4996722509291721,0.09676579987427708,21,0.021116028695563
1495,1,0.5123168461837504,0.12792764288939193,18,0.03015283459610002
1495,2,0.49012543749348936,0.09272916144075104,21,0.020235161972953428
1495,3,0.4848079258608503,0.0765563221257264,21,0.01670595909850304
1495,4,0.4871105682705645,0.05635169781974832,21,0.01229694860944165
1495,5,0.5220533560397255,0.08982517704172095,21,0.019601460624118848
1496,1,0.48938008744316686,0.11103502347667887,19,0.025473181396237336
1496,2,0.4719882861732166,0.08781007390582006,21,0.01916172906919462
1496,3,0.5032070593206882,0.07816983782679943,21,0.017058057090653844
1496,4,0.4897946363273459,0.060218100260017504,21,0.013140666792760484
1496,5,0.5304449822108086,0.08711956083875912,20,0.019480526020539398
1497,1,0.5056262510208542,0.11526870414911772,19,0.026444454354678508
1497,2,0.4764724389786777,0.09206053591110215,21,0.020089255920515525
1497,3,0.49639218582946815,0.08621464647297297,21,0.018813578260774105
1497,4,0.5225099518607214,0.0594609980087701,21,0.012975453536800356
1497,5,0.5208707569940498,0.12817879616050062,21,0.027970906471133768
1498,1,0.4974839336087244,0.12133002605672415,19,0.027835016968337747
1498,2,0.47345153717167465,0.09115723054193894,21,0.019892138528617886
1498,3,0.47273056410844017,0.0749184689554351,21,0.016348550235165737
1498,4,0.5078295814751582,0.06775083466914027,21,0.014784444203227318
1498,5,0.5076630121353736,0.08840349672255038,20,0.01976762281203025
1499,1,0.4749737329825561,0.108597798189593,19,0.02491404356839264
1499,2,0.5039818577484839,0.08474354417746552,21,0.018492557421527143
1499,3,0.4865716592170468,0.05909711791073967,21,0.01289604838950929
1499,4,0.4853618472803798,0.09272234733422935,21,0.02023367501300442
1499,5,0.5141452469973335,0.06979131406000282,21,0.015229713310971367
1500,1,0.4792254953278235,0.1203212914381983,19,0.027603597375548
1500,2,0.48918371363371693,0.094292592837205,21,0.020576330673816322
1500,3,0.4996193981700595,0.08835609883464572,21,0.019280881477179216
1500,4,0.5002368147020614,0.06916662889402458,21,0.015093395831989877
1500,5,0.5230840937325519,0.050486091075229604,20,0.011289033156245885
1501,1,0.46209699008052496,0.16741620372800545,19,0.038407911240083845
1501,2,0.46848481263684993,0.0906445701702488,21,0.01978026686390006
1501,3,0.4825102855267551,0.08073639710819064,21,0.01761812624220464
1501,4,0.506059314507851,0.08069591301085147,21,0.017609291887895177
1501,5,0.47898109248616033,0.13964610853474144,21,0.030473279184117685
1502,1,0.46495099039069565,0.1146755114435611,19,0.02630836661480657
1502,2,0.4947081725684792,0.07075443099066776,21,0.015439882655631636
1502,3,0.4904088822168669,0.06945521269443954,21,0.015156369980072712
1502,4,0.5186437092504126,0.07052751785391084,21,0.01539036614966171
1502,5,0.5126894573560505,0.09128686357693594,21,0.01992042677601982
1503,1,0.5229126191043235,0.1283910045815312,19,0.029454916538450632
1503,2,0.49410140400566877,0.10797773527257008,21,0.023562673583640743
1503,3,0.48280934415065474,0.09213343604952803,21,0.02010516403492073
1503,4,0.4752821065525429,0.0663314008880097,21,0.01447469835817931
1503,5,0.5304980849519059,0.06923508046560949,20,0.01548143463487706
1504,1,0.4903502676383023,0.12179695517170726,19,0.02794213785391713
1504,2,0.4778732342109244,0.07136995554181971,21,0.015574201124572471
1504,3,0.5004203099838017,0.09079046512123806,21,0.019812103752301025
1504,4,0.501183347825333,0.08671206730513759,21,0.018922124385328497
1504,5,0.5291262400393928,0.13881932253841292,21,0.030292859688322214
1505,1,0.464812692223991,0.13802266438958874,18,0.03253225398243774
1505,2,0.4938923776783899,0.09627443030052023,21,0.02100880306385162
1505,3,0.5125264248217347,0.0826388844296914,21,0.01803328301170326
1505,4,0.48274455016607165,0.06730613374486402,21,0.01468740250574576
1505,5,0.5169448178146574,0.07949902477648958,20,0.01777652235451707
1506,1,0.4662499110703388,0.14943728663329545,19,0.034283264780602965
1506,2,0.5038462305951562,0.09262487827220924,21,0.02021240551992711
1506,3,0.48490292553446757,0.09061942431176609,21,0.019774779587713794
1506,4,0.5029306868386321,0.08865881066275524,21,0.019346938613658757
1506,5,0.510848865926372,0.07043960166590324,21,0.0153711812645971
1507,1,0.5062316422576117,0.17328056457995875,19,0.039753287888616505
1507,2,0.5048031275924569,0.09107346407153699,21,0.019873859186174257
1507,3,0.49007364991947133,0.08397362779153854,21,0.01832454789213204
1507,4,0.47012540996619817,0.04748513672390808,21,0.010362106353458864
1507,5,0.47509072003882186,0.1189959640131849,21,0.02596704821355528
1508,1,0.4883985999388033,0.07904399496143051,19,0.018133936112137566
1508,2,0.4939600742770881,0.10862259379759347,21,0.02370339325047204
1508,3,0.48789507848472446,0.0862865813421686,21,0.018829275736164375
1508,4,0.5073038591290358,0.07481626587679081,21,0.01632624769496836
1508,5,0.4519007106828341,0.11728633519878989,20,0.02622602183363205
1509,1,0.5032504705061436,0.09660022894003473,19,0.022161612414342342
1509,2,0.503751653775414,0.10018533981060883,21,0.021862233486047034
1509,3,0.48847475119860145,0.0689943707157092,21,0.015055806015741998
1509,4,0.4830886863901196,0.08879703415830928,21,0.019377101453239603
1509,5,0.5040321824222014,0.07787547378643216,21,0.016993821590803555
1510,1,0.5029721633418924,0.15581986124132727,19,0.035747527818288195
1510,2,0.5046540904680824,0.09374509502215997,21,0.02045685685570838
1510,3,0.4999701260517761,0.07569744837785901,21,0.016518537481264337
1510,4,0.4840182837275106,0.07967037590641157,21,0.017385501344605574
1510,5,0.478040162694496,0.12593185018485992,21,0.0274805826608552
1511,1,0.5027447327200129,0.11526929031092548,18,0.02716923228047207
1511,2,0.47808830116577933,0.0934242847669753,21,0.020386850318655912
1511,3,0.4731148459089975,0.08685031488405213,21,0.018952292480329466
1511,4,0.5077484348779799,0.09718028201670706,21,0.021206476114224566
1511,5,0.485398051940105,0.07412188044762744,20,0.01657415633010075
1512,1,0.5032961386772893,0.1590491162902195,19,0.036488369735185024
1512,2,0.4823479978248364,0.09742675258923998,21,0.021260260402567958
1512,3,0.5096029428122266,0.0732262549167821,21,0.015979278857823156
1512,4,0.5022136605152122,0.11148701765687835,21,0.024328461781786825
1512,5,0.5057480544727468,0.07929794744247845,21,0.017304230790942256
1513,1,0.5007803424208724,0.1301851367583545,19,0.02986651868845734
1513,2,0.4853320915172666,0.08195273877901882,21,0.017883553755418887
1513,3,0.5141549419282415,0.10381227493203066,21,0.02265369561626653
1513,4,0.49349927512539,0.048409452081284665,21,0.010563808500658311
1513,5,0.5206985587361578,0.06837764183168157,21,0.014921224739821892
1514,1,0.4992548360814822,0.15900826347810904,19,0.036478997457314026
1514,2,0.49402546992637364,0.09172118232020321,21,0.02001520289586555
1514,3,0.4836963688234651,0.08596753715071492,21,0.018759654585813308
1514,4,0.4812543401093493,0.07577701160743246,21,0.016535899601362217
1514,5,0.49434420331009027,0.06452601441841088,21,0.014080730731722849
1515,1,0.4704297731138082,0.15934504145331957,19,0.03655625962364839
1515,2,0.4829184654882316,0.06738805785406787,21,0.014705279812015687
1515,3,0.49239905642925796,0.08395279183985742,21,0.018320001114715125
1515,4,0.4702711573557906,0.07623718786367316,21,0.01663631829313576
1515,5,0.5192266953902047,0.0965706479400669,21,0.021073443052204183
1516,1,0.5152390895172757,0.15077508543359847,19,0.03459017687414564
1516,2,0.48498867825475883,0.09583001597565861,21,0.02091182390748967
1516,3,0.4884419260510187,0.07776555022288259,21,0.016969834302678545
1516,4,0.4968978248509022,0.072391403466637,21,0.015797099335712033
1516,5,0.5143868640010545,0.07483803613609603,21,0.016330998355023836
1517,1,0.5284670035935018,0.1465113582275733,19,0.03361201076815149
1517,2,0.4896053877241954,0.09347820320167985,21,0.020398616285721965
1517,3,0.5036870703008416,0.06663345164561128,21,0.014540611237247309
1517,4,0.500309324890823,0.07059337302161654,21,0.015404736925419585
1517,5,0.5378112960652652,0.1269408239861137,21,0.02770075879506819
1518,1,0.4717602939140767,0.1226869503633245,19,0.02814631675394327
1518,2,0.47638574192255556,0.1064521293562338,21,0.02322975907924629
1518,3,0.5118439033391808,0.09461521604947547,21,0.020646732830539142
1518,4,0.4965670888465298,0.10859576042733436,21,0.023697537729026177
1518,5,0.5095675817520505,0.09180941509007365,21,0.020034456864756356
1519,1,0.5480369443126355,0.14906619492316342,19,0.03419813050358974
1519,2,0.4916406835292723,0.082032295676159,21,0.017900914493666535
1519,3,0.4928404529852914,0.0963238104215813,21,0.021019578689689167
1519,4,0.49085227636540807,0.061562743284473725,21,0.013434091956677866
1519,5,0.4990828419631028,0.1281842876478181,21,0.02797210481191045
1520,1,0.48370533076680633,0.12600986906755726,19,0.028908646587067047
1520,2,0.5067240450708429,0.08708095824840704,21,0.019002622988695924
1520,3,0.502015271448955,0.08049296838141515,21,0.017565005739024857
1520,4,0.49325455116668704,0.0660494362248036,21,0.01441316862425337
1520,5,0.47809178835975946,0.091949579953694,21,0.020065043345580805
1521,1,0.49958665797015156,0.1712709993465343,19,0.03929226200582967
1521,2,0.48929833698102004,0.09192532873809849,21,0.02005975129647789
1521,3,0.4940838163819653,0.09520413882700962,21,0.020775246316564567
1521,4,0.4893463375136665,0.09090717892455154,21,0.01983757279222151
1521,5,0.4771250848065299,0.1252722193544577,21,0.027336639412710213
1522,1,0.45822799799237224,0.1593714423443346,19,0.03656231640343544
1522,2,0.4954167688345934,0.08776499879474411,21,0.019151892873553476
1522,3,0.49336084100390665,0.0787326549217234,21,0.017180873849696902
1522,4,0.4878385312806455,0.057218168557444,21,0.012486028025772826
1522,5,0.508542493030515,0.04849671280636478,21,0.010582850351985756
1523,1,0.5330387617408183,0.1471906524657873,19,0.0337678515543254
1523,2,0.48353590017062553,0.0884706244520211,21,0.019305873015780843
1523,3,0.4589459139947728,0.10224838762482882,21,0.0223124274275221
1523,4,0.4672683569417074,0.0982237409943779,21,0.021434177530879703
1523,5,0.4920818120309653,0.1350620234878478,21,0.029472949816522195
1524,1,0.531796793012777,0.16965047459683158,19,0.03892048813112121
1524,2,0.5117361669551266,0.08853536751823024,21,0.019320001111096413
1524,3,0.5141069913093352,0.10133664922820662,21,0.022113469798164056
1524,4,0.4910465445882393,0.07776077764855246,21,0.01696879284157723
1524,5,0.49064764124453053,0.09692562266511522,21,0.021150904887791328
1525,1,0.5168231311763596,0.11394208729376253,19,0.026140107575242138
1525,2,0.49454425291821946,0.08874293007402989,21,0.019365294974115002
1525,3,0.4715014931590476,0.08809162998300743,21,0.01922316964234157
1525,4,0.5023312063375103,0.06837873290947627,21,0.014921462832516334
1525,5,0.547613285759437,0.12028163564493195,21,0.02624760476457139
1526,1,0.48480184442244567,0.1810254288542908,19,0.041530081609840286
1526,2,0.4854517384194616,0.1127505822576318,21,0.024604194183140127
1526,3,0.4723598005892489,0.08818013652000758,21,0.01924248335211784
1526,4,0.5048836988907338,0.0580063342859071,21,0.012658019888194358
1526,5,0.49638906051889264,0.05045500520266124,20,0.011282082143825608
1527,1,0.5288428409011723,0.1510506594328469,19,0.03465339788541886
1527,2,0.49013876426543684,0.08801360620110382,21,0.019206143457266334
1527,3,0.498830047265276,0.07703737634563956,21,0.016810933735461612
1527,4,0.4867003860333934,0.05726136609547965,21,0.012495454501386356
1527,5,0.5211244111139179,0.1275953685640548,21,0.027843592131931903
1528,1,0.4984305070770441,0.13250167445083771,19,0.030397968883217195
1528,2,0.49707797586430014,0.08614629559986488,21,0.018798662877448667
1528,3,0.48235019314158395,0.08170604895705338,21,0.017829721622926897
1528,4,0.4911767554932068,0.08138827229720123,21,0.017760377070647718
1528,5,0.47552517742280526,0.12226339594084176,21,0.026680060315298286
1529,1,0.4868231661926845,0.17176025641439563,19,0.03940450527510443
1529,2,0.48542152993652254,0.10589262978100915,21,0.023107666262352833
1529,3,0.49863347976656863,0.08518096241978217,21,0.018588009907516218
1529,4,0.4905830762383954,0.0760316952642255,21,0.016591476131625184
1529,5,0.5237721574958976,0.12432398012329877,21,0.02712971664824771
1530,1,0.5202020227069154,0.14780643244063557,19,0.033909121169158014
1530,2,0.48339549018474914,0.11781422164929245,21,0.025709170888104177
1530,3,0.4860719856147589,0.09047634781782693,21,0.019743557737064026
1530,4,0.49930365730649223,0.08445655653609867,21,0.018429931583904265
1530,5,0.5048368547507552,0.0511668182456884,21,0.011165515127662605
1531,1,0.4769025483462476,0.12980311819476184,19,0.029778877619338555
1531,2,0.4940856266240102,0.10416490475976042,21,0.022730645753308
1531,3,0.5045646707627268,0.07477506208192501,21,0.01631725628978303
1531,4,0.5051808158660541,0.07432747945748994,21,0.01621958575377252
1531,5,0.4675632193154902,0.14553125513930779,21,0.03175752345989567
1532,1,0.5029697490999699,0.19869634424686655,19,0.04558406763279266
1532,2,0.49600398035782445,0.09471675996647816,21,0.020668891529873768
1532,3,0.4845685345423873,0.07894784690402712,21,0.01722783259007092
1532,4,0.4886838846236256,0.08388268824687069,21,0.018304703256555598
1532,5,0.4915555588707486,0.13235065937621415,21,0.02888128166041992
1533,1,0.5066390041026865,0.11171344933247065,19,0.02562882296182057
1533,2,0.480879767860191,0.08011196585152655,21,0.017481864170777992
1533,3,0.4857817642814097,0.08790392400647562,21,0.019182208840158112
1533,4,0.5081102353999467,0.07026294553290352,21,0.015332631735956653
1533,5,0.5317806655555289,0.12493835858146608,21,0.027263785019195425
1534,1,0.5243688008025573,0.097708055832766,19,0.02241576533393983
1534,2,0.5026689687828052,0.09539603248672686,21,0.020817120946137725
1534,3,0.5061747013930413,0.11193804451399639,21,0.024426883910986893
1534,4,0.48522794566869765,0.10600048997120083,21,0.023131203285496914
1534,5,0.4886055016714061,0.12207566173832476,21,0.026639093353699888
1535,1,0.4806434663785703,0.14704540062591717,19,0.033734528496885546
1535,2,0.4633122386990531,0.07137669691007563,21,0.015575672211730581
1535,3,0.49328100253781837,0.08452570773147773,21,0.01844502161186718
1535,4,0.4910804224333263,0.06561441740953235,21,0.014318239736171919
1535,5,0.5099019776858216,0.09130656625165659,20,0.02041676889307923
1536,1,0.4640889665697956,0.15163688781376425,19,0.034787887899642767
1536,2,0.49875677486375153,0.10078639074741351,21,0.02199339355340092
1536,3,0.483370929039353,0.08857177567575568,21,0.019327946022418992
1536,4,0.4911723852599864,0.08884222716624547,21,0.019386963376084854
1536,5,0.4914373083311889,0.07301267964938492,21,0.015932672913565153
1537,1,0.4838602790820266,0.1156070754107604,19,0.026522082045988972
1537,2,0.49910678952018045,0.08669964751535154,21,0.018919414165004214
1537,3,0.5033846201600544,0.0723167669693025,21,0.015780812316729093
1537,4,0.47989727998990733,0.05852035471757994,21,0.012770188342332197
1537,5,0.5172310744352883,0.07833400016046727,21,0.017093880248763058
1538,1,0.503599690757826,0.17042711446688102,18,0.04017005611252918
1538,2,0.5040507141090809,0.09380262859804124,21,0.020469411711254923
1538,3,0.49053588762206146,0.08956207945463265,21,0.01954404802373826
1538,4,0.5190455150307682,0.07297771704789272,21,0.015925043448430362
1538,5,0.49113805423165025,0.0765955479591842,20,0.017127285201058117
1539,1,0.4953087620674921,0.10011157567332818,19,0.02296717060203486
1539,2,0.4961390446897308,0.08646939066358286,21,0.01886916800059887
1539,3,0.4903993030416611,0.09736988066680426,21,0.021247849931640368
1539,4,0.5097058573999278,0.06438869360366001,21,0.014050764873242425
1539,5,0.4840256911089125,0.12666569529275892,21,0.027640720792060924
1540,1,0.46990056856366413,0.152831574742393,19,0.0350619678781197
1540,2,0.5090544087329144,0.10957250622241993,21,0.023910681135726624
1540,3,0.4920689065278852,0.05750654992244228,21,0.012548957998826125
1540,4,0.46777308918474914,0.07028499608019316,21,0.015337443559864746
1540,5,0.4926537944239387,0.07299898846930832,21,0.015929685253133995
1541,1,0.45634541394865247,0.16674056337722762,19,0.03825290871317759
1541,2,0.47399117382724565,0.08602644857785707,21,0.018772510113155057
1541,3,0.4990145794842217,0.06137221973344959,21,0.01339251630933311
1541,4,0.5074697968876498,0.0600598292179168,21,0.013106129219867816
1541,5,0.5205663128861086,0.08473999310985156,21,0.01849178251504434
1542,1,0.5335631064053397,0.15249450711278634,20,0.03409880840995154
1542,2,0.5051333292867117,0.10397506105644122,21,0.022689218460895097
1542,3,0.5014142790453485,0.09019573680187415,21,0.019682323393185833
1542,4,0.49352060503543543,0.07524026469736139,21,0.01641877182305582
1542,5,0.4682333467427704,0.12757235452346535,21,0.02783857005654867
1543,1,0.48787436805980194,0.12049959006087468,19,0.027644501884917412
1543,2,0.517453628637241,0.10391358204564746,21,0.022675802640865887
1543,3,0.5031839439407546,0.0834762370662727,21,0.018216008337441577
1543,4,0.46613917109233555,0.10031233775726434,21,0.021889946710030504
1543,5,0.5071626701240022,0.1694701592575012,21,0.036981420611129544
1544,1,0.4825843644093158,0.115111191368524,19,0.026408318444524608
1544,2,0.5176107962423193,0.09924352990784478,21,0.021656713716062502
1544,3,0.4904438754056199,0.1105398098081697,21,0.02412176408342665
1544,4,0.4967371382670637,0.06643596807485284,21,0.014497516789080133
1544,5,0.4909741678488686,0.10015206141209212,20,0.022394681740417154
1545,1,0.4834930788021877,0.15535020322542767,19,0.0356397808799024
1545,2,0.477835386161311,0.0762686146133622,21,0.01664317617214988
1545,3,0.4790943033203951,0.09387710829096772,21,0.020485664512710767
1545,4,0.5120816448902079,0.08307545777031522,21,0.018128551125027467
1545,5,0.5017308715215089,0.08749034086434777,21,0.0190919575994458
1546,1,0.5433235294958925,0.15141660408517,19,0.03473735134638757
1546,2,0.4939822433019543,0.08675095640380306,21,0.01893061068239246
1546,3,0.48135965096779776,0.07608254079705921,21,0.01660257153652808
1546,4,0.49150051944522727,0.06633508203529115,21,0.014475501650372714
1546,5,0.49631846798002677,0.07305238903241251,21,0.015941338211352008
1547,1,0.5051534699403565,0.17427990684656944,20,0.03897017188212602
1547,2,0.469166667201877,0.07018542166669113,21,0.015315714641428847
1547,3,0.4937585081871165,0.08598485383083648,21,0.018763433395215325
1547,4,0.4932018666272807,0.06548874131546746,21,0.014290814964071977
1547,5,0.46988043007453295,0.12773062300405225,21,0.027873107070473198
1548,1,0.4879998182701522,0.10538913848434599,19,0.024177926547372497
1548,2,0.48255321687677044,0.08817733950258257,21,0.0192418729928764
1548,3,0.492862046062583,0.09069844651711037,21,0.019792023646645816
1548,4,0.49017409429991443,0.06875385755457336,21,0.015003321741144946
1548,5,0.5146462322318135,0.1613019547088583,21,0.035198972247508654
1549,1,0.5333801539903082,0.13950737037675556,20,0.031194796352466587
1549,2,0.5009242384105946,0.09917323019499212,21,0.021641373061039595
1549,3,0.523561883525955,0.08517304691091289,21,0.01858628260187062
1549,4,0.47865597830540924,0.0652289673085282,21,0.014234127628339543
1549,5,0.5177457525659978,0.07576298011528268,21,0.01653283767874843
1550,1,0.4566484341912278,0.1665715120240733,19,0.03821412567293188
1550,2,0.4783607434222413,0.093264765765838,21,0.02035204041877518
1550,3,0.5165231603673922,0.058802085953187894,21,0.012831667138180146
1550,4,0.48271708493665955,0.057099074194702906,21,0.012460039505196464
1550,5,0.545189046359815,0.11822652461491745,21,0.02579914277140091
1551,1,0.4540777404279037,0.1390861541449491,19,0.03190855212439757
1551,2,0.47269245096886764,0.10283434117217718,21,0.022440292974400755
1551,3,0.49137795897836384,0.0537632454105522,21,0.011732101985730601
1551,4,0.5000473139869505,0.051447632017522914,21,0.011226793716501543
1551,5,0.4885703465469889,0.09941905128569843,21,0.02169501562082904
1552,1,0.5288736619217227,0.10467135347128982,19,0.024013255371840923
1552,2,0.49633156788312316,0.07308938456165327,21,0.01594941129769109
1552,3,0.49956595005183035,0.08474312233835814,21,0.01849246536868711
1552,4,0.47261754527782796,0.07367986934766363,21,0.01607826564191072
1552,5,0.534831211690858,0.09133427395767331,21,0.019930772569279612
1553,1,0.5026677366177339,0.11591102024031152,19,0.026591811772116603
1553,2,0.49110414241507544,0.08984705878531205,21,0.01960623561203998
1553,3,0.493471298188648,0.0809440249962786,21,0.017663434361897348
1553,4,0.5100004425737154,0.0688815876779676,21,0.01503119473919162
1553,5,0.4910017225687441,0.07569955648266768,21,0.016518997507448084
1554,1,0.5039285149014829,0.09862077058396818,19,0.022625156458401366
1554,2,0.47041269512990086,0.10021682926001153,21,0.021869105047260386
1554,3,0.49075386237114926,0.08107616418656079,21,0.017692269497218218
1554,4,0.49411935820207314,0.06489824591919878,21,0.01416195830450416
1554,5,0.5208094881155325,0.08921174626696575,21,0.019467599054645936
1555,1,0.48061484112015246,0.13708057187044578,19,0.0314484399950546
1555,2,0.486158646036161,0.06678722559158155,21,0.014574167463310205
1555,3,0.49553687951709485,0.06443955789276293,21,0.014061864371098817
1555,4,0.46288493336494935,0.0631698490375331,21,0.013784791183496608
1555,5,0.5608817183974766,0.161130057949326,21,0.03516146129930511
1556,1,0.5527239916351199,0.11073347679311706,19,0.025404001842531766
1556,2,0.501482476819957,0.07556181965363169,21,0.016488940867208052
1556,3,0.49582470656419,0.06646398284047328,21,0.01450363011212928
1556,4,0.48363876054373134,0.07884551551497229,21,0.017205502050246457
1556,5,0.5049152728279864,0.08402877792378777,21,0.0183365826376377
1557,1,0.44887633465488963,0.13887789387012833,19,0.03186077394061348
1557,2,0.48682667524883644,0.09816574217495515,21,0.02142152115086909
1557,3,0.4886010499056538,0.05643874909868489,21,0.012315944755873534
1557,4,0.48396606018313754,0.07455223589637723,21,0.016268631629683457
1557,5,0.5326405689410773,0.08856328708656393,21,0.019326093660394488
1558,1,0.49047438944550376,0.11869807648869066,19,0.027231206326677037
1558,2,0.4892292889827699,0.07417230201472368,21,0.016185723259599848
1558,3,0.5035260764196701,0.08304395751471373,21,0.018121677205708217
1558,4,0.5047218704227632,0.0725580053261546,21,0.015833454842005355
1558,5,0.4943665466800702,0.14172941730501504,21,0.03092789442867693
1559,1,0.5303708551751949,0.14885107609539633,20,0.03328411246733001
1559,2,0.4682509101113205,0.07597738209408957,21,0.016579624026226092
1559,3,0.4747068603464027,0.09007919254458721,21,0.019656891351241556
1559,4,0.5011656212045148,0.10282755614346191,21,0.022438812359749316
1559,5,0.5091703075568983,0.09975222124401231,21,0.021767719266222306
1560,1,0.49710246100558075,0.09790084427623463,19,0.022459994036179952
1560,2,0.4885646019140446,0.08871506475005358,21,0.01935921426190615
1560,3,0.5056943436177812,0.07877517406219979,21,0.01719015228682631
1560,4,0.48869032317150146,0.07469203887555267,21,0.01629913914084783
1560,5,0.5011875073928783,0.07324418894396448,21,0.015983192383398327
1561,1,0.4812319275847815,0.14134089681641115,19,0.03242582556906031
1561,2,0.4823408658273678,0.07397687707568101,21,0.016143078041702463
1561,3,0.4807486958049796,0.07240050416709942,21,0.01579908527136661
1561,4,0.48847220373362504,0.08427222688517896,21,0.01838970755637263
1561,5,0.485114028604675,0.1337111124050275,21,0.029178156850132732
1562,1,0.4775484642818439,0.10864134378992832,19,0.024924033614250402
1562,2,0.4853782322510084,0.08522338527928926,21,0.01859726733441563
1562,3,0.47646487955257927,0.060837153244239134,21,0.013275755228921623
1562,4,0.4782182792629489,0.06181044282211337,21,0.013488144427194019
1562,5,0.46189056980367704,0.1352072093021047,21,0.02950463195860153
1563,1,0.44381356516267784,0.138241317403931,19,0.03171473328345609
1563,2,0.4946503380796385,0.10336708914787991,21,0.022556548113686098
1563,3,0.4728798452379739,0.09203817056965374,21,0.020084375402890247
1563,4,0.48398027279660916,0.09935561796875987,21,0.021681173336236034
1563,5,0.496322424330167,0.10400268678494581,21,0.022695246889085603
1564,1,0.43646838150832146,0.18554309810154782,19,0.042566506015584225
1564,2,0.4745586419296548,0.0729601366156541,21,0.015921207083597816
1564,3,0.4727613566618505,0.07017648858041631,21,0.01531376528218866
1564,4,0.4829462879558009,0.07402550758996736,21,0.01615369008993112
1564,5,0.5112781920316449,0.08056020113488875,21,0.017579677128642623
1565,1,0.4855889307957139,0.08865129635812546,19,0.02033800221257601
1565,2,0.5022399570791926,0.09569330033498151,21,0.02088199010881885
1565,3,0.4860390218512765,0.10004494892948412,21,0.02183159768415963
1565,4,0.4789700880823296,0.06260431543530508,21,0.013661381633960848
1565,5,0.51417514840594,0.08935482892891305,21,0.019498822251265428
1566,1,0.45805063906292215,0.09997693374924085,19,0.02293628162621062
1566,2,0.48399276594002894,0.09208859155369985,21,0.020095378163652408
1566,3,0.4901393298340056,0.09788644098901154,21,0.021360572635332066
1566,4,0.5077326869761063,0.06874627848208559,21,0.015001667851936719
1566,5,0.4823750529643193,0.08454006062003809,21,0.018448153668927613
1567,1,0.455723692770263,0.09862995382301498,19,0.0226272632379266
1567,2,0.5025063840187481,0.07523270674155728,21,0.01641712254188575
1567,3,0.4911853165866119,0.09016630348333118,21,0.019675900516510744
1567,4,0.516395202329223,0.06705428314689503,21,0.014632444199602294
1567,5,0.5217062096980362,0.13462140836200093,21,0.029376799713353826
1568,1,0.5117470098383868,0.10482836128330629,19,0.024049275434258093
1568,2,0.4832592082943071,0.10199158721973837,21,0.022256388984911512
1568,3,0.49435910567835045,0.09298367691618882,21,0.02029070180303587
1568,4,0.4904757758005666,0.07241412170830282,21,0.01580205686247822
1568,5,0.5035976385662824,0.06458255350001256,21,0.014093068570825847
1569,1,0.4567425850700204,0.12457668900318179,19,0.02857985253082969
1569,2,0.5028675658206195,0.08094427325417791,21,0.01766348853621237
1569,3,0.4786364001763349,0.07857416327291128,21,0.0171462881364731
1569,4,0.49866365764817155,0.07029157879913239,21,0.015338880026903682
1569,5,0.4619486541822874,0.12656122171716233,21,0.027617922788808827
1570,1,0.5019498278695839,0.10582681090443309,19,0.024278335486821685
1570,2,0.4991860061608677,0.07754231348614204,21,0.016921120052963857
1570,3,0.45299940458407967,0.06839077186453325,21,0.014924089947889515
1570,4,0.5037311380230352,0.07390411297764184,21,0.016127199613743426
1570,5,0.4634210050263034,0.14109197161294781,21,0.030788792374614002
1571,1,0.44585153262739013,0.14158154574683424,19,0.032481034220038486
1571,2,0.47322148370532136,0.08597518188582191,21,0.01876132280377977
1571,3,0.4702133060289344,0.09544391020693405,21,0.020827568721230646
1571,4,0.4810077146341506,0.08037873937055479,21,0.017540078925271166
1571,5,0.5451857104236814,0.1282260681500154,21,0.02798122206495294
1572,1,0.4521334461166426,0.15308529016736863,19,0.03512017418853476
1572,2,0.5015685884764187,0.11867896339841646,21,0.025897873008197004
1572,3,0.48043546912312085,0.07532311233245306,21,0.016436850659196568
1572,4,0.506632746464952,0.10504453791445943,21,0.022922597444508048
1572,5,0.4970680791440903,0.09425224823867753,21,0.020567526760643242
1573,1,0.45833810561657384,0.10710074872997319,19,0.024570596867973433
1573,2,0.4829773677686268,0.09079007509821682,21,0.019812018642300186
1573,3,0.4963591732910521,0.06699984579891516,21,0.014620564996376083
1573,4,0.49344387939150947,0.05976964494947323,21,0.013042805821028387
1573,5,0.514934640974317,0.06318676334178547,20,0.014128989811042408
1574,1,0.4767306038669529,0.12242083704954036,19,0.028085266172768755
1574,2,0.48953423928204887,0.08939588783409552,21,0.019507782038929743
1574,3,0.4896368137631792,0.06618354675120178,21,0.01444243394038242
1574,4,0.4998614333111313,0.10602394607135084,21,0.023136321826184813
1574,5,0.5304740615530655,0.08197211241957852,20,0.018329521562943235
1575,1,0.47297927392943867,0.11038688376063738,19,0.02532448794763102
1575,2,0.48225791984485233,0.08471549837821354,21,0.018486437326384393
1575,3,0.49851448099873025,0.08626681605525892,21,0.018824962596955038
1575,4,0.4657778086119488,0.07044946823986967,21,0.015373334327551912
1575,5,0.5412889579394722,0.14921076600117406,21,0.03256045855727255
1576,1,0.4792757113677804,0.08027201009110535,19,0.018415662104316072
1576,2,0.5190302155409627,0.09580228313238287,21,0.02090577210493979
1576,3,0.4778777683613184,0.09580518953623832,21,0.0209064063342573
1576,4,0.5000108666030322,0.09069419254176667,21,0.019791095353121197
1576,5,0.5186984847440919,0.13997507840331155,21,0.03054506629478827
1577,1,0.4837152627762889,0.17314212896019582,19,0.03972152857931476
1577,2,0.47711077979254035,0.08740314935871961,21,0.019072930853041126
1577,3,0.45884854784512796,0.0857563999516754,21,0.018713580671688566
1577,4,0.4849367628087916,0.0798336695328616,21,0.017421134935258483
1577,5,0.5310677142729907,0.1508405986635702,21,0.03291611720229834
1578,1,0.48849788209443085,0.13910399657882636,19,0.03191264545945956
1578,2,0.48080465248288673,0.08165815213291638,21,0.017819269679014715
1578,3,0.47247150670855925,0.06887127962167039,21,0.015028945336894008
1578,4,0.499267777824413,0.059909794014418115,21,0.013073388854299206
1578,5,0.47685490835015626,0.0787054015155728,21,0.017174926668904973
1579,1,0.506512699591152,0.1040217307524198,19,0.02386422169905237
1579,2,0.4913937977025775,0.06999000960410218,21,0.015273072233404022
1579,3,0.4747605602794153,0.06415719882280428,21,0.014000248570563445
1579,4,0.4826727429998118,0.07790404822688236,21,0.017000057044913273
1579,5,0.4859003060497373,0.06283981825214541,20,0.014051410530552914
1580,1,0.5300487880319105,0.14532529209613923,19,0.033339908536189525
1580,2,0.47558502457676155,0.07697807472240037,21,0.016797993060350784
1580,3,0.48928066820468835,0.09183615149023533,21,0.02004029122559214
1580,4,0.4988637777920771,0.08814780233215284,21,0.019235427453861684
1580,5,0.540186117076369,0.1312072810713834,21,0.028631776058998148
1581,1,0.47787753677093225,0.1155601047417236,19,0.0265113062354815
1581,2,0.47987867796811223,0.09427221638036248,21,0.020571884166393665
1581,3,0.48370266274690543,0.08664905179734848,21,0.018908373274166612
1581,4,0.4785731820224101,0.08604534793327714,21,0.018776634290621645
1581,5,0.4927635490387833,0.07929475869868102,21,0.017303534949998277
1582,1,0.49607096231261766,0.105710058933637,19,0.024251550747760663
1582,2,0.49038170254154306,0.10410966813955252,21,0.022718592134582466
1582,3,0.49677169649520375,0.08966962209652919,21,0.019567515752163325
1582,4,0.48981649487983925,0.06243523450401535,21,0.013624485149855666
1582,5,0.4843456512548097,0.09114095193133127,21,0.019888586244555105
1583,1,0.4989103856157423,0.10345564665004445,19,0.02373435309927347
1583,2,0.4821710925326118,0.07769881699550904,21,0.016955271918592453
1583,3,0.5163148031542732,0.10862915716699947,21,0.023704825495096657
1583,4,0.5121916923400897,0.062447818539298504,21,0.013627231211485812
1583,5,0.5191893427665049,0.14739514457158506,21,0.03216425747944038
1584,1,0.514072023064215,0.13144163568828615,19,0.030154779312575188
1584,2,0.4891579635714447,0.10579015235161295,21,0.023085303853913185
1584,3,0.49823720073011574,0.0883295584005657,21,0.019275089879648325
1584,4,0.4999185542287461,0.05349666901259532,21,0.01167393024658174
1584,5,0.4812335619564945,0.12831785906967363,21,0.02800125248578358
1585,1,0.4964807373961868,0.15358926403996562,19,0.03523579372436819
1585,2,0.47662188413578754,0.0853385171296412,21,0.0186223911638984
1585,3,0.49251008788938966,0.09385351458092332,21,0.020480515943082037
1585,4,0.49714235417383545,0.04564673874403733,21,0.00996093502487736
1585,5,0.5222779893189807,0.06884632428445583,21,0.01502349963585692
1586,1,0.4707900716813255,0.1352122519208585,19,0.031019818002715027
1586,2,0.49570222528884333,0.09933901856289598,21,0.021677551048909244
1586,3,0.5142809048626088,0.07222523198018944,21,0.01576083774452207
1586,4,0.4733915970657862,0.07327317995743624,21,0.015989518741193937
1586,5,0.5077724337572386,0.1388391977806539,21,0.03029719682175197
1587,1,0.44823574670620725,0.1570517805056897,19,0.03603014948039118
1587,2,0.5043455286230588,0.08687996382809991,21,0.018958762410347295
1587,3,0.49188301588130157,0.0929977458564867,21,0.02029377189750553
1587,4,0.48989377812663615,0.07422577811335698,21,0.01619739270102166
1587,5,0.5481811248995601,0.16354364628951143,21,0.03568814945479857
1588,1,0.48014058176880414,0.14415560723540005,19,0.033071564425465765
1588,2,0.4992109452495884,0.07538557712125818,21,0.016450481593623657
1588,3,0.4763845895590939,0.07708718200351038,21,0.016821802221043996
1588,4,0.4767516528014727,0.05205125500043283,21,0.011358515050330103
1588,5,0.5044647823753171,0.08669802888442395,21,0.018919060950778124
1589,1,0.49677416907101823,0.09073708974982678,19,0.020816516034235535
1589,2,0.4747986932549747,0.0757890309890751,21,0.016538522445466216
1589,3,0.47625103641143063,0.0610892420802757,21,0.01333076552287357
1589,4,0.4841005861075492,0.05933646888637159,21,0.012948279054437614
1589,5,0.5354544019433444,0.1292496880214025,21,0.02820459423369067
1590,1,0.4737674049551564,0.09545203254511754,19,0.021898198095774885
1590,2,0.492149231940881,0.08286065100087134,21,0.018081676444991014
1590,3,0.46067827782469145,0.07829351772178092,21,0.017085046256401313
1590,4,0.49587826675463703,0.08386726324258743,21,0.018301337244664023
1590,5,0.45410705639983234,0.14397205787396292,21,0.031417278722190384
1591,1,0.49169806318479214,0.139904182680875,19,0.032096220741294076
1591,2,0.47413665021851964,0.09319150171741607,21,0.020336052892698395
1591,3,0.4915287398314405,0.09666700688572931,21,0.021094470298032
1591,4,0.501583636028161,0.09082053173662491,21,0.019818664825677276
1591,5,0.4892898037117752,0.0980024096206362,21,0.021385879065458753
1592,1,0.4813455666662138,0.13249330151774458,19,0.030396048000626983
1592,2,0.4848330601691819,0.08676217050631672,21,0.01893305780018388
1592,3,0.48071983795523937,0.09331041165416415,21,0.02036200116822366
1592,4,0.5188256209303047,0.059416605684776774,21,0.012965766337515859
1592,5,0.4915185282270529,0.06824633263960042,20,0.015260343899720918
1593,1,0.4662684147123411,0.09598076997084727,19,0.022019498780323502
1593,2,0.5028938738425974,0.08691978949451425,21,0.018967453083249475
1593,3,0.4873817284317619,0.09505174295885967,21,0.0207419908117362
1593,4,0.47298374171698365,0.06900781504581192,21,0.01505873980909265
1593,5,0.49739137847769016,0.09913303720348624,21,0.02163260223123091
1594,1,0.4591783550856507,0.11136722117643788,18,0.02624950576525377
1594,2,0.5102782935340597,0.11245094793667162,21,0.024538808613777902
1594,3,0.48485544279561515,0.07562800292101567,21,0.016503383240185507
1594,4,0.4737460204615753,0.0702071900219622,21,0.015320464885990008
1594,5,0.5117718008830577,0.14475833176315864,21,0.03158885775143832
1595,1,0.4878944119961757,0.11546014030852703,19,0.026488372821678756
1595,2,0.4865438739544638,0.09599330293321327,21,0.0209474560428703
1595,3,0.47475833974683584,0.06821434774828747,21,0.01488559104945561
1595,4,0.5040272473044679,0.07767439191461545,21,0.016949941928971007
1595,5,0.5095121222381402,0.07899474793742282,21,0.01723806723462842
1596,1,0.5160979933356472,0.16295385505486168,19,0.037384178244448237
1596,2,0.48224355911170685,0.07921693501202988,21,0.017286552429286877
1596,3,0.5019378047268409,0.06816923209679314,21,0.014875746007169895
1596,4,0.4877504098789732,0.06640012153556586,21,0.014489694432904666
1596,5,0.5315011951007383,0.12867596766466824,21,0.02807939818785868
1597,1,0.49727994948298426,0.1046091701255008,19,0.02399898953393221
1597,2,0.48413650857196433,0.1216356813734858,21,0.026543081766739467
1597,3,0.4685783553070501,0.0823752948880264,21,0.01797576305803285
1597,4,0.49276131765537035,0.06454619450352055,21,0.014085134387320262
1597,5,0.5110037106210367,0.07924721801691441,21,0.017293160722722786
1598,1,0.5122986101801336,0.079234959761694,19,0.018177746441933457
1598,2,0.4859095121754713,0.09474149205132543,21,0.020674288513250278
1598,3,0.45356787969532175,0.07033232581819944,21,0.0153477717554379
1598,4,0.4966784655847573,0.0867845978653312,21,0.018937951851151585
1598,5,0.5205936974875823,0.08171871372092888,21,0.017832485300980146
1599,1,0.48202120955309147,0.18194227553756828,19,0.04174042066453118
1599,2,0.4839114889261207,0.08744180934795838,21,0.019081367154329353
1599,3,0.4722743307197743,0.07482873522180389,21,0.01632896872912974
1599,4,0.4900861415502802,0.07294590977512741,21,0.015918102532473357
1599,5,0.476916739584994,0.1240680650434102,21,0.02707387139943485
1600,1,0.4782618900726076,0.12153139745032396,19,0.027881214734380988
1600,2,0.49370383615679153,0.10099251816733587,21,0.022038374244096166
1600,3,0.49995076690967216,0.06998324694100751,21,0.015271596499331127
1600,4,0.49016974093202087,0.07153942452001304,21,0.015611182287454268
1600,5,0.4799795108438178,0.09571496533112296,21,0.020886717798568807
1601,1,0.4641603141616719,0.10976132950472856,19,0.02518097595893584
1601,2,0.4823849454941903,0.07887773967202559,21,0.017212533937813263
1601,3,0.4917233000082458,0.07133762201982029,21,0.015567145371617857
1601,4,0.5155715385283378,0.07765544884033523,21,0.016945808211266997
1601,5,0.5161545697685109,0.09697722402430645,21,0.021162165227527348
1602,1,0.46651369067784026,0.1429883220766025,19,0.03280377084412401
1602,2,0.48306304978313025,0.09949694388592076,21,0.02171201317971455
1602,3,0.48413469511013174,0.07540679485403838,21,0.016455111682506542
1602,4,0.5010698151563688,0.040034124105203135,21,0.008736162099683314
1602,5,0.49344203454663477,0.12148883351598591,21,0.026511036937090168
1603,1,0.4740847923230749,0.1416984778152963,19,0.03250786027633771
1603,2,0.5040751413437127,0.07615876765786259,21,0.016619205601271905
1603,3,0.48648955777897607,0.08065675028011725,21,0.017600745879418473
1603,4,0.4954891205909612,0.07326057395114709,21,0.015986767885097217
1603,5,0.4947768653401078,0.12927251322223698,21,0.028209575100860987
1604,1,0.4854509811762388,0.11410286344376849,19,0.02617699215368464
1604,2,0.5081752786332859,0.11336134336436715,21,0.024737473183290115
1604,3,0.47706265170114354,0.0833451793919548,21,0.018187409208252688
1604,4,0.4968993271842403,0.07768464242291932,21,0.016952178773266928
1604,5,0.48891899828761193,0.08893947031825995,21,0.019408183571557353
1605,1,0.46761109738740775,0.10767543611541955,19,0.024702439196251764
1605,2,0.4902652266934842,0.09287682437781457,21,0.02026738466754548
1605,3,0.4876150042263438,0.09288560291482281,21,0.02026930030137078
1605,4,0.48364183353339435,0.08093663732502662,21,0.017661822239862984
1605,5,0.4943029589003287,0.08270118903968562,21,0.018046878992248175
1606,1,0.44949750917821857,0.16205174659972726,19,0.03717722037118274
1606,2,0.49853387988748304,0.08387197423209199,21,0.01830236526685463
1606,3,0.46577198750032944,0.06401340650808336,21,0.013968870515012896
1606,4,0.4729341070728231,0.09084723748236513,21,0.019824492497169888
1606,5,0.4988176923031616,0.14097275484823257,21,0.03076277714373708
1607,1,0.43247222231381255,0.16560382858160147,19,0.03799212386582281
1607,2,0.4968554170111807,0.07070738960941574,21,0.015429617384661032
1607,3,0.4741976591997347,0.07201473080046664,21,0.01571490262119077
1607,4,0.48811028251793964,0.07596800763339727,21,0.016577578351191717
1607,5,0.5380045899567963,0.11407094162987215,21,0.024892320219703737
1608,1,0.4599877001278552,0.15864601910077897,19,0.036395892897648364
1608,2,0.5070661329943041,0.0891337216425896,21,0.01945057268572812
1608,3,0.47538989969063106,0.09646493306111362,21,0.021050374174352446
1608,4,0.48951093241777893,0.0625591278269174,21,0.013651520889393679
1608,5,0.4816371346345871,0.12904120713886474,21,0.028159099975348743
1609,1,0.47378790140461935,0.13482084927756502,19,0.03093002407806497
1609,2,0.48617616195131885,0.08434277473054505,21,0.018405102358349114
1609,3,0.47959564658936643,0.05310781520612307,21,0.011589075389323132
1609,4,0.47548431949051934,0.09992501711000006,21,0.021805426415539654
1609,5,0.508628323483992,0.10185743251196593,21,0.022227114027616183
1610,1,0.4680086162824123,0.12575116210884152,19,0.028849295140275854
1610,2,0.48222447458854856,0.10637611304925666,21,0.023213170961114207
1610,3,0.5053936638270512,0.07501027770904772,21,0.016368584547684282
1610,4,0.4909940741030092,0.07376503676360278,21,0.016096850695733817
1610,5,0.5187251346581212,0.0721109463609049,20,0.01612449779848244
1611,1,0.51135728855857,0.11944480443011869,19,0.027402517465361403
1611,2,0.4917595960645481,0.08615744394553825,21,0.018801095645921133
1611,3,0.48120685761374576,0.05589558622522102,21,0.012197416899571729
1611,4,0.49630758337284864,0.0783373729523971,21,0.01709461625230219
1611,5,0.4966055660206826,0.1052887085196335,20,0.023543270951306174
1612,1,0.46516899403849116,0.16076158174087835,18,0.03789186820108351
1612,2,0.49981742280038166,0.05729263294792003,21,0.012502277487960215
1612,3,0.4930536219758038,0.06727750285556838,21,0.014681154733488086
1612,4,0.4968333287819061,0.09286777731065012,21,0.020265410435636032
1612,5,0.48531228898174905,0.08000361387582465,21,0.01745821983123742
1613,1,0.4450066165142953,0.20051999675344068,20,0.044837634358873044
1613,2,0.4740950429663521,0.0956846798300499,21,0.020880108960419905
1613,3,0.46746542065728874,0.09481186745196457,21,0.020689645684702263
1613,4,0.4874835856003524,0.07495581024087918,21,0.016356698771694045
1613,5,0.49644339230623435,0.1328676018496029,21,0.028994087756336183
1614,1,0.44966127737353867,0.1700612532527451,19,0.039014727217925975
1614,2,0.469804001179947,0.08188728402288575,21,0.017869270356629618
1614,3,0.4890967437563288,0.07173859243487835,21,0.015654644289638878
1614,4,0.49634539038776027,0.07936084403783535,21,0.017317955953284066
1614,5,0.5110062170268344,0.07987601900189438,21,0.01743037634704343
1615,1,0.5413959502677301,0.15899072839815667,19,0.036474974634078276
1615,2,0.4670749560401268,0.11575004607271963,21,0.025258730848707795
1615,3,0.4804704815881932,0.07465933399804017,21,0.016292002351476625
1615,4,0.4916275446352379,0.0748181855831017,21,0.016326666609229396
1615,5,0.4893119962549022,0.10355975923477763,21,0.022598592173560503
1616,1,0.45961006136718435,0.1575012350040458,19,0.036133261413972974
1616,2,0.48890884510857985,0.06337095558511632,21,0.013828676230022863
1616,3,0.505035635554689,0.08718579338501233,21,0.01902549989102853
1616,4,0.4805208720690944,0.06608682946976281,21,0.014421328499277448
1616,5,0.4973205283728512,0.08126213494774064,21,0.017732851644368466
1617,1,0.46542873377114213,0.1547014488551958,19,0.035490946419953914
1617,2,0.4855751509883502,0.09800757597496985,21,0.021387006456401656
1617,3,0.47687702732147674,0.05805325629138906,21,0.012668259109236274
1617,4,0.47950072905389923,0.06230703706993075,21,0.013596510176256058
1617,5,0.5221017136706173,0.05776906371184888,20,0.012917555345621041
1618,1,0.44772638424962474,0.15764990546450872,19,0.03616736875676495
1618,2,0.4728970139201499,0.09311996204442896,21,0.020320441656190978
1618,3,0.47842739086238933,0.07127370530602181,21,0.015553197601181935
1618,4,0.50648659158074,0.07031914726731096,21,0.015344895959866649
1618,5,0.5262508853280873,0.11702068240332168,21,0.025536006428028977
1619,1,0.4997168536309245,0.19339846326542673,19,0.04436865037947675
1619,2,0.4925722772758038,0.10444686066659249,21,0.02279217357643647
1619,3,0.489951716208747,0.0734702609331679,21,0.016032525335923753
1619,4,0.48474506856137856,0.08324296662335047,21,0.018165104553532672
1619,5,0.46454696304876725,0.1394721282503264,21,0.03043531357350998
1620,1,0.4507686977055158,0.16459963326973798,19,0.037761745661402266
1620,2,0.4877700057705283,0.10330219171964394,21,0.022542386333814703
1620,3,0.4878252800700388,0.0835494359976095,21,0.01823198165380542
1620,4,0.5001062016135918,0.06958811508030625,21,0.015185371658323878
1620,5,0.4901269454073137,0.12695005535820086,21,0.027702773245609033
1621,1,0.46741629603377444,0.11801863152551255,18,0.027817258219348797
1621,2,0.4830144388779007,0.07917204181631875,21,0.017276755930832843
1621,3,0.48279245456415676,0.08572706078868236,21,0.018707178341438934
1621,4,0.4821695394097278,0.09134210335824562,21,0.019932481084554313
1621,5,0.5297392467351334,0.13115011886627487,21,0.028619302243198124
1622,1,0.4772375991717241,0.15258317904826862,19,0.03500498199766187
1622,2,0.5103145526025114,0.08929259720542514,21,0.019485242175860142
1622,3,0.48549404645146715,0.08309024665040238,21,0.01813177832323904
1622,4,0.49597653004474845,0.06769357282942308,21,0.014771948645373203
1622,5,0.5351527207401405,0.13338571425855453,21,0.029107149153122697
1623,1,0.43301156054278,0.1854704538668823,19,0.04254984028517697
1623,2,0.4842726377404666,0.08937809130785007,21,0.01950389851851893
1623,3,0.4883884588241903,0.06917396858177027,21,0.015094997483164731
1623,4,0.4841424526681176,0.052041847679569195,21,0.011356462204618466
1623,5,0.5006766348562749,0.05668293340498028,21,0.012369230140022053
1624,1,0.5020985980771362,0.17208516760954062,19,0.03947904501538138
1624,2,0.47850563625007353,0.1080343201479536,21,0.0235750214157662
1624,3,0.4901565954570699,0.06423414439447052,21,0.014017039470875453
1624,4,0.4551578776395204,0.07997490294684109,21,0.017451954592887915
1624,5,0.48768528567560143,0.13547812117283944,21,0.029563749775473155
1625,1,0.45903303217028624,0.1261946381416577,19,0.028951035519798385
1625,2,0.4868032684763016,0.10773035779244765,21,0.023508691391836527
1625,3,0.4679071764852652,0.089647399994948,21,0.01956266649203967
1625,4,0.5282406121901927,0.0711041634180533,21,0.01551620052808282
1625,5,0.5219809470926172,0.06676069264238317,21,0.014568377499114396
1626,1,0.4645339865754714,0.12546615271829456,19,0.02878390950178352
1626,2,0.4972443949327621,0.0937945441931885,21,0.020467647549484144
1626,3,0.485113849672611,0.07564158241301876,21,0.0165063465282809
1626,4,0.47430369066290057,0.07962782401640338,21,0.01737621576094243
1626,5,0.4993402057643847,0.08527310921198224,21,0.01860811798610213
1627,1,0.449523100683553,0.18735643832886328,19,0.042982514794590816
1627,2,0.4968251645019324,0.07068614783496056,21,0.015424982049454555
1627,3,0.4569101675709547,0.08442256627207756,21,0.018422514300201014
1627,4,0.4528762821130947,0.12494996604859447,21,0.027266317976183164
1627,5,0.5320538669256872,0.04787945802412258,20,0.010706172286778585
1628,1,0.4656508380205518,0.11243503804160411,19,0.025794366765079135
1628,2,0.5037536514821666,0.10192899136556892,21,0.022242729449677135
1628,3,0.46752852230203806,0.07657741494995125,21,0.016710561930104506
1628,4,0.49520698348657033,0.08955718965959074,21,0.019542980982980525
1628,5,0.5090655196778834,0.06419025532324377,21,0.014007462090347934
1629,1,0.39892307107221103,0.17634181465026044,19,0.04045558682005607
1629,2,0.4930049664094574,0.10570518149692026,21,0.0230667616932706
1629,3,0.4696688191241868,0.07973513007651975,21,0.017399631862990563
1629,4,0.5053320748362291,0.07499401120409904,21,0.01636503490529287
1629,5,0.4799748107672774,0.12246794702146907,21,0.02672469702055827
1630,1,0.4751835580844468,0.16105377229151538,19,0.03694826936288034
1630,2,0.48294195697051634,0.10791434916865422,21,0.023548841601773944
1630,3,0.4538187972547532,0.0807249430809213,21,0.017615626768539217
1630,4,0.512808194133465,0.08729404280293061,21,0.019049121850625933
1630,5,0.5071167129927039,0.06701274073530035,20,0.014984504364270082
1631,1,0.46717590420237326,0.11189692897673564,18,0.02637435909113309
1631,2,0.46430087406156484,0.0827154008253986,21,0.018049980258142948
1631,3,0.48108412940161843,0.07725473901335465,21,0.016858366158226466
1631,4,0.48807191121445176,0.07861934331482195,21,0.01715614722989962
1631,5,0.5098138029591351,0.07016345486733415,21,0.015310921092817929
1632,1,0.455777795831729,0.17298172332677983,19,0.039684729003207665
1632,2,0.4726124514062565,0.09020563573586164,21,0.01968448351767617
1632,3,0.4938247632171939,0.07873423254866711,21,0.01718121811612014
1632,4,0.48790227268416997,0.06236582129252078,21,0.013609337945288817
1632,5,0.4764842559339968,0.08303521547346578,21,0.01811976953591073
1633,1,0.4976064332153154,0.125169821841557,19,0.02871592653622827
1633,2,0.48364578491233784,0.09403440556663507,21,0.020519989592346764
1633,3,0.4659631350259569,0.06909039015714775,21,0.015076759175674357
1633,4,0.46140276791071777,0.07571926431909111,21,0.01652329810993352
1633,5,0.4879130876410962,0.13258065465556187,21,0.028931470745043413
1634,1,0.4778946581648201,0.1487883784375156,18,0.03506975711830586
1634,2,0.49940549393854505,0.11012215910975398,21,0.024030625229162782
1634,3,0.48289402629760037,0.08046093415553916,21,0.017558015297838857
1634,4,0.5060134838287039,0.08986065763880598,21,0.019609203125159055
1634,5,0.4770207998991579,0.12719980075101325,20,0.02844274012036944
1635,1,0.4733955355172002,0.13252199326231928,19,0.030402630338264618
1635,2,0.48100895383174136,0.08074870077458407,21,0.01762081112232718
1635,3,0.4857198040237291,0.08203982275023321,21,0.01790255703589066
1635,4,0.4933702099104173,0.08087050364143963,21,0.017647390686957098
1635,5,0.5233677173447133,0.1243676668472283,21,0.027139249872974936
1636,1,0.4991875491796072,0.0807709843251847,19,0.018530134644409887
1636,2,0.509124895283883,0.11521976904862727,21,0.02514301491526974
1636,3,0.470755309237273,0.07575794530548491,21,0.01653173899317662
1636,4,0.4622184281953449,0.0695784968470769,21,0.01518327278776077
1636,5,0.5148239227046139,0.1353434982368437,21,0.029534372642402787
1637,1,0.4333443621567217,0.19550714183220877,19,0.044852414420372175
1637,2,0.49733182950720123,0.09469196461703261,21,0.020663480741030096
1637,3,0.4907508425204412,0.09099753286639366,21,0.0198572896387848
1637,4,0.48785432446277593,0.0868125526112393,21,0.018944052076825733
1637,5,0.5079729708075373,0.059338146188207444,21,0.012948645071705522
1638,1,0.44892180874800075,0.13438052101984882,19,0.030829005847677064
1638,2,0.4843983884693046,0.11109443977914504,21,0.024242794265554538
1638,3,0.4846802583283112,0.06944748519132236,21,0.015154683700645691
1638,4,0.4555280432058264,0.088907203597902,21,0.019401142395916005
1638,5,0.5442818123768871,0.0653423088439874,20,0.014610984438194152
1639,1,0.46783702295025603,0.2063470525324647,20,0.046140603641931115
1639,2,0.4865754542788121,0.09259569288000111,21,0.020206036745213745
1639,3,0.48520033094799075,0.07166828274427813,21,0.01563930145729295
1639,4,0.49793627250558276,0.04931495204460519,21,0.010761404792262884
1639,5,0.4751052201258214,0.12651903862989602,21,0.027608717684501932
1640,1,0.4210980973215316,0.1585325407936651,19,0.03636985918854345
1640,2,0.4920803399535667,0.09525273731485392,21,0.020785851376050612
1640,3,0.47773708127372594,0.07508543460234904,21,0.016384985126377188
1640,4,0.5065308761939075,0.07623956193457021,21,0.016636836357878184
1640,5,0.5123154197118405,0.14219215207582575,21,0.03102887143410208
1641,1,0.5089740623610131,0.16869328439730774,19,0.03870089363904374
1641,2,0.48667111451648504,0.09428388554000242,21,0.020574430585791118
1641,3,0.4710360002395783,0.09493366038974316,21,0.02071622308262995
1641,4,0.5135743928185471,0.0791713497476156,21,0.017276604909060543
1641,5,0.5231236897589501,0.12421629079820172,21,0.027106216910924096
1642,1,0.47642775419318983,0.10476932408462293,18,0.024694366506855987
1642,2,0.4832504577131693,0.10991509805987809,21,0.02398544080370882
1642,3,0.49343234120490526,0.09659893254555471,21,0.02107961525913989
1642,4,0.48554947775858315,0.08713281337253347,21,0.019013938704480718
1642,5,0.49234684982132815,0.12800415389347977,21,0.027932796404078447
1643,1,0.5031570257165487,0.19582906733324468,19,0.04492626919544398
1643,2,0.44790218575085333,0.09553237660652335,21,0.0208468736723058
1643,3,0.5026261161492521,0.071096194954678,21,0.01551446166681664
1643,4,0.4666037928396887,0.06884862607199485,21,0.015024001927077457
1643,5,0.5454569954335775,0.0753660224365352,21,0.016446214411579178
1644,1,0.49963560798886925,0.1264022365909924,19,0.028998661870402894
1644,2,0.48598929263975643,0.0737766956416887,21,0.016099394871512244
1644,3,0.48906874388837257,0.09011819268064739,21,0.019665401878651526
1644,4,0.48360857280632064,0.09792513550120512,21,0.02136901647014666
1644,5,0.490114968373131,0.12101697247008202,21,0.02640806841516847
1645,1,0.44331519026857463,0.14966494767197522,19,0.03433549380486542
1645,2,0.4791044473599093,0.10276271203857255,21,0.02242466221598612
1645,3,0.4601799918497599,0.08502064784777143,21,0.018553026399837948
1645,4,0.4910618394363832,0.06217270826891542,21,0.013567197228700562
1645,5,0.531554401839787,0.06810441443363,21,0.014861601633464406
1646,1,0.4715496458502676,0.14164533675769486,19,0.03249566888160942
1646,2,0.47147164088951693,0.07909737267286676,21,0.017260461787883024
1646,3,0.4761613485500107,0.06420816247303608,21,0.014011369750795753
1646,4,0.4668087803468661,0.06612448682908635,21,0.01442954600878089
1646,5,0.5130381219900306,0.13332759429078628,21,0.029094466336375725
1647,1,0.48798537887967663,0.13966663184973563,19,0.03204172284303667
1647,2,0.5078249866961307,0.08689755426835079,21,0.018962600959107165
1647,3,0.47972190898614625,0.09008231688605774,21,0.01965757313844563
1647,4,0.4617876402649581,0.08096817081482949,21,0.017668703411479542
1647,5,0.5034221893887062,0.14969259283191383,21,0.03266560179173567
1648,1,0.47107441315034815,0.0992812809113148,18,0.02340082232575908
1648,2,0.5046382206320222,0.08422602178931209,21,0.01837962477783441
1648,3,0.5021867242592155,0.07942233202309708,21,0.01733137373170274
1648,4,0.4767932832454541,0.07780404687623901,21,0.016978234961155133
1648,5,0.4999829634235036,0.06715627025166798,21,0.014654699610437125
1649,1,0.46615148774158116,0.12241325870799834,19,0.028083527581982373
1649,2,0.4811969087722576,0.1172990167734659,21,0.025596743967062012
1649,3,0.4736518867551083,0.06532156640295775,21,0.014254334407363721
1649,4,0.4632481073122135,0.08406279668970672,21,0.018344006140964965
1649,5,0.4966577476303766,0.06106291999767951,21,0.013325021573542812
1650,1,0.4977651130686443,0.0935347140440345,19,0.021458335064785315
1650,2,0.4798833785628071,0.08304163792290557,21,0.01812117102927763
1650,3,0.4694341415093334,0.09223021771890043,21,0.020126283526624694
1650,4,0.5113294981153518,0.07714698376995578,21,0.016834852036350097
1650,5,0.5097739991869019,0.06714146886221344,21,0.014651469682457792
1651,1,0.46024128129965286,0.13796676742856764,19,0.03165174719937396
1651,2,0.4737280928381408,0.09214863572588447,21,0.020108480876227505
1651,3,0.47050414012347846,0.07849767969285786,21,0.017129598050996144
1651,4,0.47978501448043287,0.07675717146525611,21,0.016749788017630506
1651,5,0.5087959793815668,0.17214519241166573,21,0.03756516070234266
1652,1,0.48042951424947533,0.13995555979442256,19,0.032108007459502735
1652,2,0.48082884870414705,0.09108163077455374,21,0.019875641306876753
1652,3,0.489734321096606,0.08707235846937315,21,0.01900074636305865
1652,4,0.4847225271252994,0.07942676694764339,21,0.017332341511580595
1652,5,0.5303022678869478,0.13156967891711796,21,0.02871085775232041
1653,1,0.45568668308768967,0.1389499683373049,19,0.03187730895739412
1653,2,0.48817161823856997,0.11673566854548385,21,0.025473811305283586
1653,3,0.5009851886720941,0.08831711413376232,21,0.019272374318000957
1653,4,0.5006106479680541,0.06988385641051423,21,0.015249907707457447
1653,5,0.49682198355394724,0.09060786371606892,21,0.019772256858910885
1654,1,0.4835015934509291,0.12382603551624537,18,0.029186076466994462
1654,2,0.486309949440584,0.06146592038286032,21,0.01341296346736126
1654,3,0.5015177827832916,0.09349543890977764,21,0.02040237742557979
1654,4,0.5066197588176116,0.0942736752153899,21,0.02057220251029555
1654,5,0.5266800881303484,0.13467983939720118,21,0.029389550410579533
1655,1,0.4767968068725955,0.128881150018684,19,0.029567363613618353
1655,2,0.4995784046934556,0.10453987426215224,21,0.022812470807022783
1655,3,0.485917830845358,0.10147034740380399,21,0.022142645131971315
1655,4,0.4770725659347438,0.0819649169467021,21,0.017886211249477674
1655,5,0.50355731499182,0.08031906293937884,21,0.017527056460363136
1656,1,0.47713657836954093,0.11320203990524634,19,0.025970329060506704
1656,2,0.4810606057075817,0.10441207673001397,21,0.022784583099182205
1656,3,0.48692636160515346,0.0778710391127849,21,0.016992853865676366
1656,4,0.4809343825053972,0.0785374073642814,21,0.017138267339638177
1656,5,0.5254710209493899,0.08504282422886568,21,0.018557865682933404
1657,1,0.4818125415214418,0.12228856612850719,18,0.028823691457015663
1657,2,0.4910981217770807,0.09118826141890658,21,0.019898910021121936
1657,3,0.4633318157270922,0.1012384290831364,21,0.02209203640532816
1657,4,0.52557008480365,0.09512328337146576,21,0.020757602209641717
1657,5,0.5215089808297548,0.061497651431396495,21,0.0134198877498278
1658,1,0.4435543071076043,0.15915638341116697,19,0.03651297850045737
1658,2,0.5058301869202325,0.104839911115317,21,0.022877944216113444
1658,3,0.4818679602189588,0.08633815020617816,21,0.01884052898487041
1658,4,0.48862382112295244,0.06770913980621383,21,0.014775345638205834
1658,5,0.49701125615991115,0.12309476585791829,21,0.026861480104608395
1659,1,0.45016606783762003,0.11570445585241713,19,0.02654442265147629
1659,2,0.5091951874640925,0.08324947184324506,21,0.01816652410889359
1659,3,0.4810856378181791,0.09076654530147274,21,0.019806884019697008
1659,4,0.4904030416450772,0.06537719876679357,21,0.014266474384428816
1659,5,0.4734360943169132,0.07642135612980239,21,0.016676507103618902
1660,1,0.5033449398783748,0.17211694589526613,19,0.03948633545412225
1660,2,0.4945834801988059,0.10649348775253586,21,0.023238784221230872
1660,3,0.4776832078235258,0.07022556834726816,21,0.015324475365364345
1660,4,0.4974807999478938,0.0631147512811902,21,0.013772767867350724
1660,5,0.558201180308392,0.12540164049433186,21,0.02736488142080549
1661,1,0.46269252019584156,0.11935992695023546,19,0.02738304523602491
1661,2,0.4891487418990847,0.1005580011288629,21,0.021943554852689003
1661,3,0.49137794964520715,0.10569447597457676,21,0.023064425556770927
1661,4,0.47700430042780606,0.06566970216424962,21,0.014330303858708536
1661,5,0.5285215072115463,0.09766115466449715,21,0.021311411128897517
1662,1,0.5196806448269282,0.186985827123305,19,0.042897490752887006
1662,2,0.4852969508520981,0.09621023855400178,21,0.020994795276355803
1662,3,0.47450935519027293,0.08494160903828295,21,0.018535778717584606
1662,4,0.5131272912906224,0.07835918435948577,21,0.017099375891540158
1662,5,0.5037165495867633,0.07087033279158654,21,0.015465174502102684
1663,1,0.48161844349312277,0.1665234285873815,19,0.03820309457601621
1663,2,0.48808442081700276,0.09640201190442145,21,0.02103664365228787
1663,3,0.4893732673609089,0.06884413880057971,21,0.015023022724176329
1663,4,0.47158651508546917,0.06528931771347275,21,0.01424729716638143
1663,5,0.5258471056648856,0.09182380462070891,21,0.020037596917773067
1664,1,0.5099079712665237,0.12454071186725336,19,0.028571598809788108
1664,2,0.4821530759229861,0.11099655112872689,21,0.024221433210782243
1664,3,0.5161500950786412,0.07609511180152664,21,0.01660531475460111
1664,4,0.473875576246406,0.050890851449273196,21,0.011105294235573692
1664,5,0.4677650609151867,0.07879334066991266,21,0.017194116565634156
1665,1,0.4654767780951232,0.1365003422296191,19,0.031315326186190894
1665,2,0.4752315103075821,0.12386742888414061,21,0.027030089000053988
1665,3,0.49704085798995656,0.07910276808336722,21,0.01726163916297939
1665,4,0.468708159416894,0.08326787069165759,21,0.018170539066776945
1665,5,0.49825846368278937,0.12747699404194573,21,0.02781776069345957
1666,1,0.4931155249337354,0.17332058283907206,19,0.03976246870689921
1666,2,0.4861541627029009,0.08223685097277353,21,0.01794555211893036
1666,3,0.5115151771367155,0.09437095987600945,21,0.02059343176368827
1666,4,0.4981039325494908,0.08937557484511469,21,0.01950334938132996
1666,5,0.5018024558236609,0.07759167679546973,21,0.016931892010180413
1667,1,0.505225769035722,0.12590362877030167,18,0.029675769893158007
1667,2,0.4849918492606533,0.10397270912288469,21,0.022688705226916416
1667,3,0.5035207769625987,0.07692477224956948,21,0.016786361507185266
1667,4,0.48755793457374436,0.070322506393725,21,0.015345628981345756
1667,5,0.49275084083640536,0.12906362311854505,21,0.028163991543142152
1668,1,0.5208674313936594,0.15948483021507834,19,0.03658832936501414
1668,2,0.4770616128616443,0.10678663085402355,21,0.02330275329037475
1668,3,0.518253806526156,0.07401047256861407,21,0.01615040917929175
1668,4,0.5151475485292749,0.11411741229323973,21,0.024902460949821674
1668,5,0.5136296240396608,0.0759224866483954,20,0.01697678411666323
1669,1,0.4434457734676705,0.12349968932969244,19,0.028332771860357774
1669,2,0.4628877173115486,0.10291585181953025,21,0.02245808005589791
1669,3,0.49735211151848346,0.07452338785747233,21,0.016262336471496185
1669,4,0.4934013558742699,0.0925365509744316,21,0.02019313092335583
1669,5,0.5115923566283141,0.07615672887988459,21,0.016618760703442887
1670,1,0.4975753867252171,0.11357390999330642,18,0.026769627307379192
1670,2,0.4735148643539672,0.07887748439494045,21,0.01721247823178632
1670,3,0.4967650630733037,0.10217134380736498,21,0.022295615088219412
1670,4,0.5183510537588448,0.08070314580797043,21,0.01761087021362298
1670,5,0.47099381037126686,0.12290878937809877,21,0.026820896709548663
1671,1,0.4891126529177682,0.14213560097177672,19,0.032608143206073484
1671,2,0.48144296408922654,0.1053003583969876,21,0.0229784220504845
1671,3,0.5013313425141198,0.11686048825617726,21,0.025501049199210965
1671,4,0.4715028043189823,0.08647647027709769,21,0.018870712898923763
1671,5,0.4720086192211245,0.13361396836566752,21,0.029156958282814595
1672,1,0.4671640325451863,0.11137829008297931,19,0.025551932156635006
1672,2,0.4861173860865474,0.11783722799992412,21,0.02571419128540105
1672,3,0.49811083525937083,0.08635193647251763,21,0.01884353739482524
1672,4,0.5064943078762468,0.08205398158908704,21,0.017905646747833535
1672,5,0.5385697307675963,0.06672202146491821,21,0.01455993875635505
1673,1,0.45457359159022503,0.15816413774261248,19,0.036285341732226056
1673,2,0.48005026559334557,0.11511423831967442,21,0.025119986222242582
1673,3,0.503677341392996,0.08239708404471101,21,0.017980517841834586
1673,4,0.48675297643097337,0.09496591328667472,21,0.020723261241752357
1673,5,0.4844459178960469,0.1332577114659321,21,0.029079216653772316
1674,1,0.4883998506469746,0.16173621644034217,19,0.03710483278810911
1674,2,0.5202504941949099,0.07827472616631412,21,0.017080945602813095
1674,3,0.46986452065236234,0.0947062314579503,21,0.02066659402095549
1674,4,0.45010519488935136,0.09668301508666614,21,0.02109796357386691
1674,5,0.5495258354476322,0.13062974127792798,21,0.028505746543742973
1675,1,0.5161620794842348,0.14388336486819026,19,0.03300910774300167
1675,2,0.48432901251023575,0.08717895661162403,21,0.019024007984763718
1675,3,0.48200425162413474,0.061954639747618376,21,0.013519610776056238
1675,4,0.4913896902343668,0.07838558197369681,21,0.017105136323220554
1675,5,0.5318519399080464,0.06875486505084143,20,0.015374055203750596
1676,1,0.4572314923564096,0.15405089162863667,19,0.035341698356398055
1676,2,0.49451372637159274,0.09064809144121623,21,0.019781035268221524
1676,3,0.46372853937394726,0.07397530931105274,21,0.016142735927412895
1676,4,0.49638282832585967,0.06743794486600022,21,0.014716166050509741
1676,5,0.5183408023093731,0.13469787633339667,21,0.029393486392742432
1677,1,0.47831899638317144,0.1048814316632767,19,0.024061450614425793
1677,2,0.4907244420242919,0.09935203614683953,21,0.021680391718613377
1677,3,0.49966990368347475,0.07218615313298636,21,0.015752310040932554
1677,4,0.4872870581560158,0.08261716502136676,21,0.018028543448241483
1677,5,0.5385119947636849,0.12800625896401116,21,0.027933255768128603
1678,1,0.48654322043343523,0.11008165514507247,18,0.02594649494577325
1678,2,0.46748447455804976,0.09385504201597694,21,0.020480849256736912
1678,3,0.48476248386623083,0.08590124739131322,21,0.018745188974372416
1678,4,0.5041400856530389,0.07996043222433863,21,0.017448796822353237
1678,5,0.5158111611180252,0.06752325392693653,20,0.01509865858426097
1679,1,0.4588545855142588,0.14359521895313485,19,0.03294300253643743
1679,2,0.49013763056534093,0.08234813378398224,21,0.017969836019211854
1679,3,0.49487518019679383,0.08274363271729783,21,0.018056140962030568
1679,4,0.49062577263209883,0.07538010056741824,21,0.01644928651159894
1679,5,0.5447206366639354,0.0901321510874364,21,0.019668447852732078
1680,1,0.5212753247016733,0.10793071123974989,19,0.024761003326238908
1680,2,0.49371886086212396,0.07951597965381883,21,0.017351809320104442
1680,3,0.47860833681704207,0.08645641831104368,21,0.018866337201196372
1680,4,0.4888162096356633,0.07436865562950483,21,0.016228571131157603
1680,5,0.5111281454790834,0.07275327841562045,21,0.015876066923608458
1681,1,0.49579862610005365,0.11696231134404307,19,0.02683299449219077
1681,2,0.5156087844172408,0.09266701795472228,21,0.020221601152540323
1681,3,0.47495240169396813,0.08584208805712029,21,0.01873227934927707
1681,4,0.5045509691977023,0.08204037933115721,21,0.017902678491805643
1681,5,0.5437696169724593,0.12034026567149145,21,0.026260398885271683
1682,1,0.5060937077930899,0.1951126832130834,19,0.04476191940678396
1682,2,0.5166183392497523,0.10582169116093099,21,0.023092186186343126
1682,3,0.5179192147591896,0.09622300352887989,21,0.02099758082224262
1682,4,0.49723431960526404,0.06476197300428273,21,0.014132221116514871
1682,5,0.5364697548432433,0.12997887516179985,21,0.028363715913055396
1683,1,0.42520564439796205,0.18881222971011874,19,0.04331649624268397
1683,2,0.4815497139777076,0.10545971572206118,21,0.02301319666975571
1683,3,0.4958731688192476,0.07348344625330507,21,0.01603540260866617
1683,4,0.4879093289967697,0.07237961484248842,21,0.015794526847021543
1683,5,0.519155805728935,0.09946627530892437,21,0.02170532074754586
1684,1,0.44066588305099824,0.14108589115731635,19,0.03236732325863793
1684,2,0.5020540972502093,0.09676913527649814,21,0.02111675653999877
1684,3,0.4962191682242994,0.09116482762790641,21,0.01989379634868965
1684,4,0.4792133637416316,0.07770207173738447,21,0.01695598216149777
1684,5,0.4943645139548619,0.12206209668241216,21,0.026636133215817707
1685,1,0.5034207092981449,0.17215774833195543,19,0.03949569617507903
1685,2,0.5009570903613737,0.09739218256994783,21,0.02125271660589261
1685,3,0.4701841691432729,0.09666624027899295,21,0.02109430301072735
1685,4,0.49454051531222937,0.08810991899199304,21,0.019227160631296918
1685,5,0.5434618439249013,0.12717349310872317,21,0.027751531360127087
1686,1,0.4872932832985089,0.1206619596550497,18,0.02844029663444775
1686,2,0.4729501037353147,0.09137132640815498,21,0.019938858076851796
1686,3,0.4867614239426173,0.099489476464521,21,0.021710383654771192
1686,4,0.4764998008068285,0.06042858118960564,21,0.013186597497150118
1686,5,0.4842919478828,0.12994289942799422,21,0.02835586536432464
1687,1,0.5011847870320553,0.16461110943216392,19,0.037764378473627236
1687,2,0.4799098055651017,0.09567012838255604,21,0.020876933574247913
1687,3,0.5206249110164214,0.07472110646070583,21,0.016305482207954206
1687,4,0.47433268625244684,0.0691301711879862,21,0.015085440108295337
1687,5,0.5006785359582597,0.08106597880102452,21,0.017690046863875254
1688,1,0.46784515910510005,0.11563070290364247,19,0.026527502564608032
1688,2,0.5018917486852081,0.08819337720201337,21,0.019245372705810428
1688,3,0.4832483727513243,0.08461455833154358,21,0.01846441040235975
1688,4,0.4687277608149856,0.06059573214994105,21,0.013223072827065432
1688,5,0.48121905131258885,0.1258555167223577,21,0.027463925333713557
1689,1,0.44893361968458617,0.15531689617834277,19,0.03563213971925235
1689,2,0.5060382359679473,0.08546066476642658,21,0.01864904596349502
1689,3,0.49242937983305973,0.1004511077265679,21,0.021920228799960043
1689,4,0.5249321177756963,0.07776008153920864,21,0.01696864093806485
1689,5,0.4775866670375223,0.14963080744343243,21,0.03265211911461385
1690,1,0.4571404555865934,0.1772644869347825,19,0.040667262359331734
1690,2,0.48244380223258465,0.09377387005670013,21,0.020463136083037202
1690,3,0.4955170441905465,0.0925372551896736,21,0.020193284595720208
1690,4,0.48441796809187554,0.053240718963340095,21,0.011618077366827467
1690,5,0.5185407245340373,0.09393644152341817,20,0.021004826881079693
1691,1,0.47134834419891714,0.092431184822105,19,0.021205168098488745
1691,2,0.4999542515985106,0.10215076682004258,21,0.022291124821458504
1691,3,0.49808057110073956,0.06752296455708864,21,0.014734718868127574
1691,4,0.5016605982399814,0.04518002619968994,21,0.0098590899981032
1691,5,0.4927490580468395,0.07376999779396319,21,0.01609793328131246
1692,1,0.4648343087428598,0.12341321737044829,19,0.02831293383236855
1692,2,0.4764308441909505,0.08458548270544296,21,0.018458065580574785
1692,3,0.4904763276392112,0.08929279764221797,21,0.0194852859147542
1692,4,0.5149329286211604,0.06809103712418921,21,0.014858682465221203
1692,5,0.5135961101268378,0.1200047700081422,21,0.026187187729432286
1693,1,0.4620383172332199,0.17395451804085546,19,0.03990790341644273
1693,2,0.46081592812105027,0.09465785981295317,21,0.020656038462636972
1693,3,0.4992112774729811,0.08914702983316118,21,0.019453476770997506
1693,4,0.48193656919128247,0.06258198640093762,21,0.013656509039190174
1693,5,0.5078026757550357,0.09157155807937088,21,0.019982552209702957
1694,1,0.5173577932171787,0.13568126591806948,19,0.031127417193080747
1694,2,0.49951052167905,0.09575099522453069,21,0.02089458016589367
1694,3,0.47238880463649996,0.07271736624749052,21,0.015868230246045344
1694,4,0.4984539894583787,0.09034064493755788,21,0.019713944940832766
1694,5,0.4624723313854367,0.12251136939580415,21,0.026734172559474707
1695,1,0.41432683267491116,0.15009951251532386,19,0.03443518981731659
1695,2,0.4985113861248079,0.08756526189628211,21,0.019108306708968816
1695,3,0.4861781228383554,0.12217309086984963,21,0.026660354133228772
1695,4,0.5115752184822784,0.10097472746982661,21,0.022034491995619868
1695,5,0.5344487961348297,0.07687423601047365,20,0.01718960174377813
1696,1,0.5034953459722631,0.09575723336834617,19,0.02196821596661378
1696,2,0.5092500213727735,0.1153925754838039,21,0.025180724370973184
1696,3,0.48627482945388956,0.06767227934903426,21,0.014767302027006973
1696,4,0.4652019291887492,0.07975395317844686,21,0.017403739400580792
1696,5,0.4692796352602238,0.13605484641355453,21,0.029689601540747845
1697,1,0.5234073268034253,0.1570537592700787,19,0.036030603440075644
1697,2,0.493947843588384,0.08870201508135132,21,0.019356366590733663
1697,3,0.5104154443285129,0.08422766296859303,21,0.018379982912514595
1697,4,0.4926058588371999,0.08119113132117732,21,0.017717357382780716
1697,5,0.4861082403268829,0.13899375464391772,21,0.030330923894374896
1698,1,0.448350627498062,0.1634548511806692,19,0.03749911463831668
1698,2,0.46616761654483807,0.0929252803048671,21,0.020277958617716314
1698,3,0.517371531377423,0.08480632036350882,21,0.018506256308402576
1698,4,0.5066735783435904,0.08454508999155437,21,0.01844925116776911
1698,5,0.536046426387323,0.11018855754240847,21,0.024045114555051622
1699,1,0.484987793791856,0.09588522504543281,19,0.021997579271141935
1699,2,0.4595835846577367,0.10250762287314306,21,0.022368997196484035
1699,3,0.5008063602732947,0.06369504404014165,21,0.013899398128928332
1699,4,0.49590312183806706,0.07602268851081527,21,0.016589510696898128
1699,5,0.5197483332077203,0.07603132859604235,21,0.016591396118067838
1700,1,0.45424192151954834,0.17174039611245814,19,0.03939994900936056
1700,2,0.49977170372792806,0.07156810340735394,21,0.015617440533744115
1700,3,0.4783746255279566,0.09536990601329426,21,0.020811419682225957
1700,4,0.5069289984253815,0.06745894749426516,21,0.01472074919973913
1700,5,0.4883227398182997,0.1337904406422972,21,0.029195467690705867
1701,1,0.46270755738603087,0.11510942289115177,18,0.02713155116826781
1701,2,0.5094432555103651,0.07134455276217215,21,0.01556865778359165
1701,3,0.49219481113728464,0.07532081051356838,21,0.016436348361135847
1701,4,0.47146814929229697,0.07552491466790819,21,0.01648088753908428
1701,5,0.545859771119104,0.06961918441358622,20,0.015567322888687262
1702,1,0.45713808050264926,0.14357065334529406,19,0.03293736679948666
1702,2,0.49379793415694095,0.06940628760653278,21,0.015145693650610088
1702,3,0.47754644159856197,0.0773429431034717,21,0.01687761386868199
1702,4,0.5121106186309209,0.08082326702046905,21,0.01763708281118702
1702,5,0.4723480559687245,0.12790117277469845,21,0.027910324081603845
1703,1,0.49982258917381345,0.12328986556096518,18,0.02905969999657876
1703,2,0.49496232853809163,0.08044907203229118,21,0.017555426770329962
1703,3,0.45908867642679174,0.08452293526318445,21,0.018444416609685477
1703,4,0.5036547429731453,0.0657698253535578,21,0.014352152529843065
1703,5,0.5103842645646339,0.067988108680581,20,0.015202603267142265
1704,1,0.4836912594164701,0.2038784062889516,19,0.046772914199140384
1704,2,0.47040926369175284,0.09987171330425439,21,0.021793794571508283
1704,3,0.48222931333081726,0.07463443359541959,21,0.016286568638150735
1704,4,0.4781557989148209,0.06877501156106752,21,0.01500793792381214
1704,5,0.46834602551135596,0.09419951296483751,21,0.020556018980444856
1705,1,0.4955937437495236,0.12150841484293753,19,0.027875942162641172
1705,2,0.49625305401426917,0.0950568774674491,21,0.020743111253367988
1705,3,0.4805882265890784,0.07376745372701839,21,0.016097378120391147
1705,4,0.49949172073300185,0.053954800944942136,21,0.011773902830308202
1705,5,0.5282939898676077,0.09026692034989452,21,0.01969785691685435
1706,1,0.4238773867627781,0.16373394866455332,19,0.03756314399240338
1706,2,0.4795284082224547,0.09137661987181171,21,0.019940013205323008
1706,3,0.48574313081494985,0.08328263216729385,21,0.01817376028484706
1706,4,0.48142769731261986,0.0849174886342941,21,0.018530515213914522
1706,5,0.5112447073687911,0.1034207715503031,21,0.022568262574285687
1707,1,0.49522977476654906,0.18337267374918098,19,0.04206857651997545
1707,2,0.46622848721468885,0.09156558916580074,21,0.019981249685976678
1707,3,0.4634669636840995,0.06846550618795252,21,0.01494039831427428
1707,4,0.4990500719497817,0.08732603958260449,21,0.019056104120380713
1707,5,0.5043167242345564,0.09462723802225133,21,0.020649356240074766
1708,1,0.5070478028012907,0.17105636493657583,19,0.03924302149515517
1708,2,0.5069619627638244,0.07874122105026621,21,0.017182743132195005
1708,3,0.4925970720597239,0.07647811491728704,21,0.016688892886476157
1708,4,0.4537122937743882,0.053966151799652994,21,0.01177637978987558
1708,5,0.5144899763595618,0.09048446473317306,21,0.019745328993206083
1709,1,0.46195628975569053,0.15520891363057945,19,0.03560736682381202
1709,2,0.48317210090868734,0.09540076304703814,21,0.020818153239028487
1709,3,0.4854390499510857,0.11425377897720587,21,0.024932218599895247
1709,4,0.4983864818764137,0.057718341097010746,21,0.01259517462211106
1709,5,0.513273035368199,0.09282512224972043,21,0.02025610233823207
1710,1,0.48184541943807235,0.12596718206773047,18,0.029690749549017563
1710,2,0.49505160989425856,0.09991000598506569,21,0.021802150719526407
1710,3,0.4907464396698243,0.07118530594730679,21,0.01553390727962493
1710,4,0.4919007502498441,0.06237073642777137,21,0.013610410515733425
1710,5,0.48072297990998775,0.0855730460852469,21,0.018673569577789928
1711,1,0.43071741075730413,0.12307333294793914,19,0.028234958998147444
1711,2,0.5235535789539567,0.11691866836804997,21,0.025513745140477523
1711,3,0.49947566072385596,0.071491442423243,21,0.01560071173552801
1711,4,0.4886822075473283,0.06104835992340222,21,0.013321844304852342
1711,5,0.4803087624327484,0.12443771899835636,21,0.027154536505600593
1712,1,0.4683586638737325,0.14729349347353202,18,0.03471740935326366
1712,2,0.5132306605907304,0.07552181560511967,21,0.016480211268140862
1712,3,0.4806625822848477,0.06022140488536424,21,0.01314138792113167
1712,4,0.4843032046659882,0.07836829379951488,21,0.01710136373432454
1712,5,0.47805380026677174,0.11846877323533311,21,0.025852005754260596
1713,1,0.4497870904541663,0.10700057543671802,19,0.02454761553838707
1713,2,0.4902015929402476,0.09613467547633878,21,0.020978306060968444
1713,3,0.5033347716392277,0.07211422427565159,21,0.015736613877437876
1713,4,0.505168303941548,0.09191105562624055,21,0.02005663664812115
1713,5,0.47936322970924305,0.11965318114094227,21,0.026110464748601455
1714,1,0.4632766449663386,0.15066271337723297,18,0.03551154210033554
1714,2,0.49097824001609347,0.08782147167076572,21,0.01916421626541447
1714,3,0.485523460351349,0.09837690267414519,21,0.02146760014950352
1714,4,0.48808974396916255,0.12042920601177937,21,0.026279807258686186
1714,5,0.46811376008531447,0.11775446991309291,21,0.025696131990292775
1715,1,0.43388644967702494,0.1755018069318072,19,0.040262875832870186
1715,2,0.5420097494369782,0.10033155628299979,21,0.02189414053616994
1715,3,0.47202452231452435,0.07247620550253238,21,0.015815604657072838
1715,4,0.4915499825065505,0.08626228715612132,21,0.018823974310140136
1715,5,0.49824109228117386,0.08310535046051154,21,0.018135074244815585
1716,1,0.44515874568677166,0.1517138203941252,19,0.03480553744402483
1716,2,0.49555739064963805,0.07159184877261254,21,0.01562262219725373
1716,3,0.5018822235786986,0.0936718476746597,21,0.02044087297407149
1716,4,0.4850019307267625,0.06159166584074377,21,0.013440403375887346
1716,5,0.49563878064749084,0.08447384201256838,21,0.01843370358411121
1717,1,0.4759754488096626,0.10264720827709718,19,0.02354888461665465
1717,2,0.5020281334462773,0.09131979754952793,21,0.019927613558035934
1717,3,0.5044606684865249,0.08063390115644985,21,0.017595759791858033
1717,4,0.488540912310517,0.07586836755667394,21,0.0165558351038662
1717,5,0.5078996483482372,0.1315768476112072,21,0.02871242208962031
1718,1,0.4950445481124203,0.17116886843835727,19,0.03926883156857937
1718,2,0.49895386755770216,0.0816857844456007,21,0.01782529954399103
1718,3,0.5028494740075227,0.06308736554140953,21,0.013766791808993234
1718,4,0.49825673248530983,0.07502772805284073,21,0.016372392524890686
1718,5,0.4782336063389005,0.1389735081894718,21,0.030326505755800946
1719,1,0.4961928562918603,0.10316739789098157,18,0.024316788882027932
1719,2,0.5045021515767867,0.09548693988627387,21,0.020836958567073714
1719,3,0.5132593978834693,0.06786369461756975,21,0.014809072263065742
1719,4,0.50788163257186,0.09404913528099636,21,0.020523203879538463
1719,5,0.4841952983896742,0.06172116427857299,21,0.013468662251779296
1720,1,0.4774737980448332,0.1276993379789515,19,0.029296237337226055
1720,2,0.5008036810789164,0.08850531834290502,21,0.019313443843453612
1720,3,0.5004331271831031,0.09944699431026069,21,0.021701113288695825
1720,4,0.482873614274257,0.08075495356469119,21,0.017622175592992444
1720,5,0.5147892539830551,0.08035059394028944,20,0.017966939008296986
1721,1,0.46953147386054317,0.17549941715500744,19,0.040262327580471886
1721,2,0.4922305262714512,0.07905044663087062,21,0.0172502216860015
1721,3,0.48421707804305025,0.09146587671291109,21,0.019959490644876846
1721,4,0.4937420898476984,0.07992200067097689,21,0.017440410369860146
1721,5,0.5093466557458652,0.08333513246657462,21,0.018185216789392864
1722,1,0.4937436078135742,0.11076864049173209,18,0.026108418944839517
1722,2,0.45843927342069196,0.09137247477743504,21,0.019939108671573304
1722,3,0.49712855917500354,0.0918391389989399,21,0.020040943153438715
1722,4,0.4897072240432267,0.061602308534809004,21,0.01344272580213269
1722,5,0.5058558823075303,0.149300303886892,21,0.03257999732579011
1723,1,0.44904864711305154,0.14965248737924047,19,0.03433263521766343
1723,2,0.5057359008106209,0.0735442615912662,21,0.01604867360341004
1723,3,0.481892976135155,0.07553209824437956,21,0.016482455123986214
1723,4,0.4995832405067007,0.06430469061014778,21,0.014032433917224679
1723,5,0.5501200421943716,0.08933968636070265,21,0.019495517871977796
1724,1,0.496072508884175,0.10624367233920191,19,0.024373970058801507
1724,2,0.4896981798396967,0.08271529977725034,21,0.01804995820762922
1724,3,0.4888348771896291,0.07929403724215167,21,0.017303377515276545
1724,4,0.47741584425780054,0.09457103363004497,21,0.020637091436185497
1724,5,0.49382978047497356,0.12803824844869924,21,0.027940236445986973
1725,1,0.4875063665656884,0.1008405147659541,18,0.023768337269782776
1725,2,0.49958703245684905,0.08115872755894346,21,0.017710286302150335
1725,3,0.4813028949491003,0.07460477503060713,21,0.01628009660870993
1725,4,0.48512336582443266,0.0777293037617679,21,0.016961924676405577
1725,5,0.5165280822390221,0.13356364026489503,21,0.02914597579084444
1726,1,0.5204576550456765,0.16678100141391272,20,0.03729336565169974
1726,2,0.4974928167941149,0.06483288076278934,21,0.014147694457977547
1726,3,0.4956386605882297,0.06629857094042467,21,0.014467534276280745
1726,4,0.48172259820787067,0.061478861148120775,21,0.013415787373854437
1726,5,0.48286780568728555,0.0989140699940882,21,0.021584819668765205
1727,1,0.467919911156008,0.19964501988049985,19,0.04580170874948776
1727,2,0.4955130437298158,0.08695109757515997,21,0.01897428506655532
1727,3,0.5082083581117303,0.08148305787943755,21,0.01778106098042812
1727,4,0.48827895633805535,0.05773201298952985,21,0.012598158073652112
1727,5,0.5034566908170598,0.06026030494983017,21,0.013149876611129468
1728,1,0.4571523230000155,0.13566993026266877,19,0.03112481661537809
1728,2,0.49225494354128074,0.09719605513442475,21,0.021209918090695366
1728,3,0.4976616047702831,0.0802981490412426,21,0.017522492673635235
1728,4,0.4904495117573169,0.0655541250115323,21,0.014305082856283078
1728,5,0.5056625607741767,0.07522726174100242,21,0.016415934345352334
1729,1,0.4633262586757443,0.11082835031669373,19,0.025425767321567996
1729,2,0.4893064451668475,0.07531278607528831,21,0.01643459728514404
1729,3,0.4870830030418385,0.08920707401946365,21,0.019466579486653368
1729,4,0.4712672133223258,0.0692932115254872,21,0.01512101842676817
1729,5,0.5229827380569182,0.08214927732867551,21,0.01792644198307501
1730,1,0.42915686175830775,0.18959547662588988,19,0.04349618540866746
1730,2,0.47594267193290724,0.06816420175173199,21,0.014874648295883492
1730,3,0.4808037176193986,0.07005138376807124,21,0.015286465173980348
1730,4,0.5104383504872962,0.07238613691247912,21,0.015795950079374888
1730,5,0.5270967279559615,0.07234596394375808,21,0.015787183618896066
1731,1,0.4927498699387083,0.09458413383314317,19,0.02169908847584197
1731,2,0.4799786064391097,0.07584906531920653,21,0.01655162301032923
1731,3,0.4903365400505316,0.06867660147884416,21,0.014986463083291409
1731,4,0.5117023843708849,0.07799550104402271,21,0.01702001368572578
1731,5,0.5138513569840564,0.09429505479637747,21,0.020576867917352786
1732,1,0.4389576240253474,0.13585360638776592,19,0.031166954808411754
1732,2,0.5145146913254498,0.09564094916406145,21,0.02087056614674929
1732,3,0.4870393741111973,0.08213755292532884,21,0.017923883508512425
1732,4,0.48017311380726246,0.07101274699404998,21,0.015496251828903898
1732,5,0.5292443514946553,0.13634593398012204,21,0.029753122055398137
1733,1,0.5103146107383939,0.125857580468798,19,0.02887370918642257
1733,2,0.496984984352526,0.1019176547716018,21,0.02224025560205917
1733,3,0.49347911918581877,0.08165583993983697,21,0.017818765117119106
1733,4,0.5152235513301481,0.06417128291388793,21,0.014003321971205612
1733,5,0.5231297977175061,0.0868788715149777,21,0.01895852404808229
1734,1,0.4322203315883781,0.15485395152100273,19,0.03552593293094723
1734,2,0.49324389981231564,0.09965329510651721,21,0.021746131813208933
1734,3,0.49259758910227547,0.07528861311898906,21,0.01642932231361965
1734,4,0.4792593135355756,0.07343628583744449,21,0.016025111362214423
1734,5,0.5080852992329602,0.12906168801441104,21,0.02816356926880064
1735,1,0.4794005017518262,0.16268949714569472,19,0.03732353038071221
1735,2,0.5021764616642229,0.08051491568587761,21,0.017569795033501024
1735,3,0.48032882952142525,0.08025346609841742,21,0.01751274205612239
1735,4,0.45907920376235173,0.10378711621328293,21,0.022648205533740362
1735,5,0.514788907746138,0.08790138480511984,21,0.019181654740995372
1736,1,0.4507043685993006,0.14516834452917407,19,0.03330390229493502
1736,2,0.47910552281288676,0.10467918744444835,21,0.022842871435745503
1736,3,0.5150840488984952,0.09065443366327733,21,0.019782419254539104
1736,4,0.5018727746495277,0.08791638820804142,21,0.019184928751927278
1736,5,0.4763684206561152,0.12758436869410977,21,0.02784119176351963
1737,1,0.47099851069583676,0.15875849515699778,19,0.03642169667462867
1737,2,0.4996069535685369,0.08870173670966759,21,0.01935630584505214
1737,3,0.49663275639879534,0.10009376039616809,21,0.02184224921943873
1737,4,0.472550905140447,0.08355727633556359,21,0.0182336925558125
1737,5,0.5187947650190582,0.1444722981166555,21,0.0315264400925619
1738,1,0.480912071430979,0.103186322157456,19,0.023672565823156976
1738,2,0.4843404930734549,0.08514106857100279,21,0.018579304356002187
1738,3,0.4833909385701777,0.09069019510236255,21,0.019790223040328087
1738,4,0.4996953678407273,0.08914467134846779,21,0.01945296210744356
1738,5,0.49727190071410265,0.07995914637396895,21,0.017448516226798404
1739,1,0.48970714470716104,0.16343247074761272,19,0.03749398021484269
1739,2,0.503144494312216,0.0923934643947756,21,0.020161906871822212
1739,3,0.49256715938836426,0.06866060912937189,21,0.014982973266529651
1739,4,0.47767085310320456,0.060712722149082195,21,0.013248602137856723
1739,5,0.4608228164753348,0.12448779999503679,21,0.02716546507503711
1740,1,0.4939613823931568,0.11248779376746902,18,0.02651362725789707
1740,2,0.4969702557890656,0.08262798641566063,21,0.0180309048700737
1740,3,0.4985036978161413,0.08287399027047633,21,0.018084587312261504
1740,4,0.48956245246299207,0.14302743906606932,21,0.031211145998854606
1740,5,0.4633820734516064,0.11778567331549449,21,0.025702941130933032
1741,1,0.47806792164313233,0.12074167439762405,18,0.028459085579459375
1741,2,0.5090257350186495,0.07326654374329766,21,0.015988070600545464
1741,3,0.5005351383750412,0.06692404211767154,21,0.01460402327698298
1741,4,0.4925057930871205,0.08927796846995165,21,0.0194820499240683
1741,5,0.48186267103080704,0.1456128367636324,21,0.03177532602983781
1742,1,0.42999263768805757,0.17962187840109545,19,0.04120808505259611
1742,2,0.48425519864318917,0.07826941034499145,21,0.01707978559549919
1742,3,0.5201830631907735,0.08378013433191864,21,0.018282324157599318
1742,4,0.5044919552511866,0.07880506147213658,21,0.01719667425436733
1742,5,0.47728315236978913,0.12274818118229948,21,0.026785849127906734
1743,1,0.5149398168002643,0.15915145766519484,19,0.036511848456830316
1743,2,0.4956535857856887,0.07923557072490812,21,0.017290619075234215
1743,3,0.4745862851394163,0.06563241524637918,21,0.014322167186157446
1743,4,0.47178839122182686,0.053172460105996695,21,0.011603182062988071
1743,5,0.5030755333363471,0.06259798274615258,21,0.01365999972789447
1744,1,0.453592372779953,0.16666307178261838,19,0.03823513092213151
1744,2,0.4945061618575487,0.08926593645837426,21,0.019479424323886586
1744,3,0.49127146681744194,0.0541995757627448,21,0.011827317074631997
1744,4,0.4844025253027532,0.06734151115624279,21,0.014695122489818847
1744,5,0.49731083346827726,0.06434496046522908,21,0.01404122152004063
1745,1,0.502680202094696,0.12447630473666692,19,0.028556822800658122
1745,2,0.4930999780449001,0.08476821959661034,21,0.018497942039433612
1745,3,0.49420142667097555,0.08379341578593479,21,0.018285222408473988
1745,4,0.4444529939422569,0.11284444507246938,21,0.024624676728565595
1745,5,0.5415220154534416,0.15589826117035682,21,0.034019789644055
1746,1,0.49969474203627423,0.13453690800943582,19,0.030864883483660975
1746,2,0.5007176068549856,0.08371865792977333,21,0.01826890890682387
1746,3,0.4932003235425631,0.07765238785713877,21,0.016945140249971815
1746,4,0.5096830229461936,0.07848229649684607,21,0.017126241162417365
1746,5,0.5064189901448125,0.1337674685073284,21,0.029190454759878758
1747,1,0.41164421904111076,0.19464377529448312,20,0.043523671295565836
1747,2,0.4796080760373663,0.09261542180744323,21,0.02021034195013678
1747,3,0.5315094411738516,0.08283408249519736,21,0.018075878721736115
1747,4,0.49093343676958223,0.07016565875688416,21,0.015311402020945846
1747,5,0.5039857004864036,0.07968189677397376,21,0.017388015404018683
1748,1,0.5201670136955672,0.15831133032636105,19,0.03631911002684704
1748,2,0.4970529899105293,0.07226059280295666,21,0.01576855410866334
1748,3,0.48993244829039895,0.09930781210418958,21,0.0216707412413286
1748,4,0.506973372559591,0.06472623221493858,21,0.01412442183686882
1748,5,0.45439896656990264,0.12152678982961447,21,0.026519319683771327
1749,1,0.4811007787251622,0.09600449530457085,19,0.02202494174517102
1749,2,0.4835245784232141,0.08647652812834798,21,0.01887072552310155
1749,3,0.5099072999644163,0.07709225632619596,21,0.01682290952903482
1749,4,0.49371790705127083,0.08380662901170094,21,0.01828810577072389
1749,5,0.5117165944329414,0.1377330080900596,21,0.030055806441269674
1750,1,0.5058053894758764,0.1856135082043139,19,0.04258265920098221
1750,2,0.4777890854019477,0.10502282964235068,21,0.02291786031116781
1750,3,0.5024844845074371,0.0895665813434989,21,0.019545030416428726
1750,4,0.5004621670728978,0.0566383303592395,21,0.0123594969574824
1750,5,0.5105875464012799,0.10989206532300676,21,0.023980414648462393
1751,1,0.44308704689550354,0.1309895234635395,19,0.030051057654743082
1751,2,0.467146652748444,0.06342045654399815,21,0.013839478224834714
1751,3,0.4910909405710282,0.07198382536945232,21,0.01570815850323799
1751,4,0.49927746621360686,0.06945285456553454,21,0.01515585539415816
1751,5,0.5090684477326963,0.08191148335655472,21,0.017874551084167977
1752,1,0.4668640626402768,0.13413284298255085,19,0.03077218460898673
1752,2,0.4912367848693332,0.09551601841043146,21,0.02084330402126656
1752,3,0.4799061665794351,0.07392159761828769,21,0.0161310150751367
1752,4,0.48102642970632087,0.06016450655952592,21,0.01312897168850927
1752,5,0.5621352087467167,0.1335722890160595,21,0.029147863103076724
1753,1,0.4339088423945251,0.13101006777308866,19,0.030055770842595166
1753,2,0.4951361691773693,0.08147055237025817,21,0.017778332054598667
1753,3,0.5013360149715125,0.0837012142762982,21,0.01826510238956452
1753,4,0.4998857418049081,0.10307242271195283,21,0.02249224662571473
1753,5,0.5432577728171685,0.12007568522382299,21,0.02620266269818378
1754,1,0.44363344686885636,0.14969602958277947,19,0.034342624484242676
1754,2,0.5090355957246262,0.08288511096232555,21,0.018087014046174806
1754,3,0.48865361805044866,0.10180267477895229,21,0.02221516491064384
1754,4,0.4976587054349834,0.06349214696311227,21,0.01385512235684393
1754,5,0.47351561453250246,0.12488543287526607,21,0.027252235683249207
1755,1,0.4923734957478892,0.1099734417031348,19,0.02522963783459611
1755,2,0.48585345025052507,0.09330196037103868,21,0.02036015694705023
1755,3,0.4907744031482499,0.06645663749214469,21,0.014502027225713966
1755,4,0.48793405928763356,0.05144900855878219,21,0.011227094102430965
1755,5,0.5410834603966417,0.12377581169369209,21,0.027010096490044964
1756,1,0.4716908468617425,0.15971827982746645,19,0.03664188637916195
1756,2,0.4843438770128307,0.07394022761494572,21,0.016135080473702518
1756,3,0.4782300714368867,0.0893197204181729,21,0.019491160946122382
1756,4,0.4870967301838779,0.06504214838974613,21,0.01419336039802675
1756,5,0.525172407157194,0.06265933878559975,21,0.013673388713375867
1757,1,0.4684456475631692,0.12891561929810852,18,0.030385702868851963
1757,2,0.4801876496857594,0.08420003175338041,21,0.01837395328702624
1757,3,0.4862444272459989,0.09931514923084153,21,0.02167234233362698
1757,4,0.507784737840044,0.06100109781373186,21,0.013311530866991973
1757,5,0.4823175678732503,0.12431474046908496,21,0.027127700390398662
1758,1,0.5034782815797701,0.18639316138970605,19,0.042761523908673466
1758,2,0.49314232022807547,0.07325974551792211,21,0.01598658710614666
1758,3,0.4884858605450289,0.09182305019065207,21,0.020037432287637734
1758,4,0.4908497504591246,0.06794551197584368,21,0.014826926274372963
1758,5,0.4985526829696843,0.039839835758177594,21,0.008693764906497963
1759,1,0.46791976753650605,0.1257142333255191,19,0.028840823096348993
1759,2,0.4799411891509033,0.0818524863654284,21,0.01786167688523412
1759,3,0.485237025583466,0.06478349355581668,21,0.014136917285867325
1759,4,0.45737728427941965,0.10547858692312158,21,0.023017314703437326
1759,5,0.5426963211620315,0.08085364982129492,20,0.018079425722937914
1760,1,0.46233756683970667,0.1061022635785637,19,0.024341528664203967
1760,2,0.493659561772003,0.061576049907290514,21,0.01343699569983511
1760,3,0.4721065346939798,0.07528188263653153,21,0.0164278536019375
1760,4,0.4924124861229234,0.09145470346315081,21,0.019957052441887075
1760,5,0.519300378191644,0.07382517594819948,21,0.01610997414171702
1761,1,0.4438875980914328,0.1424174983053046,19,0.03267281488972094
1761,2,0.4858957030177498,0.09328620173758494,21,0.020356718131304952
1761,3,0.4861858034758112,0.0711847880658216,21,0.015533794268619838
1761,4,0.5129411264061144,0.06833772382844663,21,0.014912513917373528
1761,5,0.5013840301289672,0.08871122472652687,21,0.019358376300073695
1762,1,0.44642370723781377,0.13080545389934628,19,0.030008829200590458
1762,2,0.49829307059350725,0.08199041477776303,21,0.01789177533237738
1762,3,0.4909112006244345,0.08380594127980297,21,0.018287955695320067
1762,4,0.5037420502425193,0.06475476068600698,21,0.014130647259637027
1762,5,0.47514711082132455,0.1260459941694906,21,0.027505490920364438
1763,1,0.47575842319939593,0.13391270823541057,18,0.03156352802677148
1763,2,0.5006992667986634,0.08893046242980214,21,0.01940621788914261
1763,3,0.5075663661115828,0.09628761759690159,21,0.021011680767845882
1763,4,0.4623616954384997,0.07894163845519496,21,0.017226477795465128
1763,5,0.5095376025862676,0.08069076575806436,21,0.017608168665251462
1764,1,0.5059249679955486,0.16722422844326712,19,0.03836386908925059
1764,2,0.4897709889104866,0.0894092607509958,21,0.019510700248642023
1764,3,0.5137502576793462,0.0779464679444151,21,0.017009313786177673
1764,4,0.48380449611778936,0.08049165299095484,21,0.01756471869729377
1764,5,0.4747894341584872,0.07269209630514675,21,0.0158627158925407
1765,1,0.4380569946156313,0.1644145442096665,18,0.03875287971211687
1765,2,0.4845378181522056,0.10122115466264932,21,0.022088266817734417
1765,3,0.5074945215942592,0.09287239071504487,21,0.02026641716300986
1765,4,0.50374838125564,0.07956132614098767,21,0.01736170473486404
1765,5,0.5049476165645421,0.07021686700879215,20,0.015700968779872156
1766,1,0.460658838367486,0.12248152732729807,19,0.02809918947737935
1766,2,0.49021825190310675,0.10861306838833083,21,0.023701314635759113
1766,3,0.5124932286713901,0.07291690016354464,21,0.0159117721162372
1766,4,0.495314447759709,0.05116977979068802,21,0.01116616138976426
1766,5,0.5113061725218799,0.060742755491373986,21,0.013255155950448372
1767,1,0.5267087207074855,0.1573180678845651,19,0.03609123999483635
1767,2,0.4844445462534018,0.09474138303591452,21,0.020674264724137307
1767,3,0.47652255473696525,0.09158109015622443,21,0.019984632279403506
1767,4,0.4864925369975042,0.10289983108688526,21,0.022454584045420084
1767,5,0.476930914825211,0.14015262927832065,21,0.03058381107214231
1768,1,0.4845066721750972,0.10427961065899548,19,0.0239233834070699
1768,2,0.4839706166149374,0.07406050814480428,21,0.01616132783716472
1768,3,0.5251489093164107,0.08798978870676973,21,0.01920094605390204
1768,4,0.483182496846021,0.08190857483857077,21,0.017873916393509805
1768,5,0.4851407748652073,0.08252588074693332,21,0.018008623586462894
1769,1,0.4476372893905903,0.11747662606490562,19,0.026950986381317887
1769,2,0.4851047448218394,0.08999357332518286,21,0.019638207705819487
1769,3,0.5160441751930505,0.0613563177326608,21,0.013389046208270448
1769,4,0.48238302392357696,0.07901000172482502,21,0.017241395883933433
1769,5,0.545324522736579,0.09334484683382106,21,0.020369515540478285
1770,1,0.47669457450563146,0.1251678560741189,19,0.028715475558248837
1770,2,0.4908548045061426,0.10886156004020715,21,0.02375553995977282
1770,3,0.4800089629659978,0.08998649809376177,21,0.019636663763745846
1770,4,0.502974415674345,0.07092746375038596,21,0.015477641499399052
1770,5,0.48339959439145663,0.12260083112428183,21,0.026753694709119973
1771,1,0.47673822340697614,0.11062856179780013,19,0.025379932691887108
1771,2,0.5079737625384881,0.1091197204361505,21,0.023811875176718064
1771,3,0.4911122606523448,0.07064622267617168,21,0.015416269665536308
1771,4,0.4913601001496777,0.06606751472799613,21,0.01441711367707867
1771,5,0.5123371645149364,0.12496257857083255,21,0.027269070254176513
1772,1,0.4397035395447275,0.11187642870643924,19,0.02566621299450534
1772,2,0.5075426261274638,0.09148359079493289,21,0.01996335617448311
1772,3,0.4832449279977867,0.06856975117621766,21,0.014963146435681177
1772,4,0.4741473503868402,0.05580030614954813,21,0.012176625082476866
1772,5,0.5595792099031731,0.14506574733860855,21,0.03165594132973869
1773,1,0.482212395563325,0.11184605481554115,19,0.025659244746034447
1773,2,0.4859954712271878,0.08755830611342719,21,0.019106788832709276
1773,3,0.4903812592700295,0.08463568940626161,21,0.01846902158090314
1773,4,0.5170520199187253,0.08421804520515842,21,0.018377884144469107
1773,5,0.5274561228117526,0.1161640867937531,21,0.025349081941323508
1774,1,0.4969324993736006,0.1088663433669781,19,0.024975652057339842
1774,2,0.49112407211270065,0.1107506824273075,21,0.02416778026148344
1774,3,0.48983732364987403,0.057130339759275416,21,0.012466862210734515
1774,4,0.4831504908455877,0.060728367309862405,21,0.013252016191834583
1774,5,0.5275347622255927,0.08958670498618383,21,0.019549421755279295
1775,1,0.45450983267510664,0.11020574839970994,19,0.025282932645873942
1775,2,0.48546325427986337,0.09304314551793538,21,0.02030367891584429
1775,3,0.4923338536350809,0.09295797186672809,21,0.020285092501374138
1775,4,0.4976432559230968,0.08235830981350775,21,0.01797205661090589
1775,5,0.5175399544467593,0.08622114637935319,21,0.018814996656631125
1776,1,0.4694634173693741,0.15210257203140198,19,0.034894723186184064
1776,2,0.47274818563192156,0.08502600222806563,21,0.01855419482140927
1776,3,0.5124017528515039,0.0509420701967078,21,0.011116471082579403
1776,4,0.46965964338769484,0.05604365322004865,21,0.012229727766796598
1776,5,0.5269367438636806,0.08584553462197997,21,0.01873303145138931
1777,1,0.5301437702772741,0.16233293938574656,19,0.03724173042054646
1777,2,0.478157170720854,0.08865345233191732,21,0.019345769330008117
1777,3,0.5075891597046558,0.09301891922617883,21,0.020298392305568933
1777,4,0.4703825909801181,0.08507299592608222,21,0.018564449687044838
1777,5,0.5255488911324676,0.05831693094976467,20,0.013040062184283517
1778,1,0.4765648580585282,0.11828583871653393,19,0.027136632495648537
1778,2,0.48391841752844056,0.10025131270017744,21,0.021876629950821472
1778,3,0.5284821002108941,0.09513899726910245,21,0.020761031263231377
1778,4,0.4922579208342723,0.08810667036325172,21,0.019226451722386826
1778,5,0.5177654575708323,0.0768415401263367,21,0.01676819876885355
1779,1,0.4926295923247661,0.1359655034612892,19,0.03119262575765206
1779,2,0.4928535821988279,0.07688585588017544,21,0.016777869259160454
1779,3,0.5159617170779333,0.07531312297614645,21,0.016434670802938523
1779,4,0.47976641146087173,0.06818757697608449,21,0.014879749188025487
1779,5,0.5039615443398469,0.054528889130589606,20,0.012193030283354776
1780,1,0.4847930293700969,0.15724724854331873,19,0.03607499292369209
1780,2,0.47320458270501575,0.0928835137985656,21,0.020268844418828674
1780,3,0.4922505633803587,0.06890038947074835,21,0.01503529762674489
1780,4,0.46102487836471506,0.051274479192208844,21,0.011189008672273106
1780,5,0.49077347821090606,0.12892285787592656,21,0.028133274048879386
1781,1,0.5022218437982812,0.08876351083687664,19,0.020363745979569615
1781,2,0.5070243630092256,0.12724977942346813,21,0.02776817839878461
1781,3,0.5049552898110269,0.09127446087890037,21,0.019917720285421263
1781,4,0.4709859051593296,0.05678609296930165,21,0.012391741402505926
1781,5,0.5170974827104164,0.05387028753160455,21,0.011755460491553031
1782,1,0.48339197440138626,0.20343187318673517,18,0.04794935234660742
1782,2,0.502866514031696,0.0943685231286037,21,0.020592900021810353
1782,3,0.49491589297993216,0.0928614198074783,21,0.02026402311470671
1782,4,0.4979892475032524,0.09793201931643729,21,0.0213705186417834
1782,5,0.5374941126674218,0.08214521508815861,21,0.01792555552951978
1783,1,0.4555974912749699,0.14219416747220864,19,0.03262157928275031
1783,2,0.4857858847567159,0.08029784690717615,21,0.017522426742576685
1783,3,0.5062791657899202,0.07296064579850622,21,0.015921318196405552
1783,4,0.48974762221131646,0.11725836781011074,21,0.02558787363603837
1783,5,0.5422633483691817,0.11942952691994604,21,0.026061659396353284
1784,1,0.44435165015023115,0.12077570844436682,19,0.027707847786501413
1784,2,0.49337226498918196,0.08262578259580625,21,0.018030423957154616
1784,3,0.5053567111167991,0.06782793081876715,21,0.014801267962344215
1784,4,0.488643418981033,0.06280366974770196,21,0.013704884311421542
1784,5,0.48225372649962545,0.09360482838583714,21,0.020426248166259514
1785,1,0.5068083720112048,0.13309793441762027,19,0.030534760301074253
1785,2,0.4932783866690014,0.09044995858849515,21,0.01973779913511429
1785,3,0.5024978242264043,0.08333529050068064,21,0.018185251275262066
1785,4,0.4927087857804765,0.06648384481685696,21,0.014507964350711644
1785,5,0.5152560007687847,0.07913349999448446,21,0.017268345415786316
1786,1,0.5099068934921981,0.14592948859829896,19,0.033478520720134526
1786,2,0.48320630063053455,0.11141560534211818,21,0.024312878337122992
1786,3,0.513639781553682,0.0812052505413926,21,0.01772043844922787
1786,4,0.4799463963336984,0.05832322035437882,21,0.012727170097501435
1786,5,0.48114815950009576,0.12504794888294063,21,0.027287699583573525
1787,1,0.4841106614948095,0.1293200484441313,18,0.030481027732739363
1787,2,0.4818206515875304,0.10684966801202792,21,0.023316509126000935
1787,3,0.4912294303704138,0.0994673648014535,21,0.021705558494306994
1787,4,0.5020989807856923,0.07117712653235167,21,0.015532122384950059
1787,5,0.510403015850646,0.13369592821204426,21,0.029174843387574992
1788,1,0.45303194777181643,0.14951782161378174,19,0.034301740772253474
1788,2,0.4987883066899426,0.09216396962722521,21,0.020111827007827168
1788,3,0.5100913187236878,0.0769857209633478,21,0.016799661606918568
1788,4,0.4858545826781418,0.08027229704570851,21,0.017516851305711397
1788,5,0.5093021160046175,0.06893443249345972,21,0.015042726423338221
1789,1,0.45022109964168816,0.14808249419328726,19,0.0339724540787362
1789,2,0.4998356301320569,0.08671046783820668,21,0.018921775353029333
1789,3,0.5138618395503299,0.08625188153691922,21,0.018821703617871256
1789,4,0.4898600735468963,0.07275606490943957,21,0.01587667498641082
1789,5,0.4817808070829098,0.07223516052484233,21,0.015763004330589334
1790,1,0.4781261974520822,0.15974019798500255,19,0.03664691474935819
1790,2,0.49687693001587374,0.08523162370800809,21,0.018599065106949517
1790,3,0.4794647400828756,0.07592739004148942,21,0.01656871486597912
1790,4,0.49658776562867324,0.07282275690542293,21,0.01589122837306994
1790,5,0.49173853584659033,0.13506712355814585,21,0.029474062743102693
1791,1,0.4707036345998625,0.13338819504737306,19,0.03060135065646272
1791,2,0.49870458700010073,0.08961163804096568,21,0.01955486259389093
1791,3,0.49820502020482554,0.08880384628026683,21,0.01937858798012121
1791,4,0.4902392951658657,0.07324863317353399,21,0.01598416219379871
1791,5,0.5042323263344677,0.07284406201420426,20,0.016288427442097096
1792,1,0.4732861243072674,0.17301690248739815,19,0.039692799656157865
1792,2,0.4892753012932206,0.07211471599631297,21,0.015736721179683187
1792,3,0.5248079286933829,0.07120089816702152,21,0.015537309780915174
1792,4,0.48417018487604224,0.0772150268895331,21,0.016849700262349335
1792,5,0.542425331456379,0.13647289891855383,21,0.029780828076396662
1793,1,0.5005069535950459,0.16636208504027267,20,0.03719969310286505
1793,2,0.50418524703145,0.11692880288500206,21,0.025515956673385368
1793,3,0.47143319749886087,0.06501525263561088,21,0.01418749126330305
1793,4,0.49472754078047165,0.06616773568938143,21,0.014438983683829594
1793,5,0.5116622641292248,0.08163716245597252,21,0.01781468935599529
1794,1,0.46495791276624404,0.15481337091423006,19,0.035516623101263564
1794,2,0.4891922479056273,0.07130528630784806,21,0.015560089140771999
1794,3,0.49495262667078066,0.07274420392184651,21,0.01587408670672215
1794,4,0.49140827657646874,0.11980865083400259,21,0.026144391017016717
1794,5,0.47464493454651613,0.11930185912734158,21,0.02603380000000005
1795,1,0.4963129082684401,0.11327828258082329,19,0.025987820329876444
1795,2,0.47793108839590265,0.06764256742389946,21,0.014760818353389207
1795,3,0.48065197427476214,0.07683853034888916,21,0.016767541981568865
1795,4,0.4999352317551845,0.08336557623533838,21,0.018191860164383327
1795,5,0.5201794219787603,0.0928405676660182,21,0.020259472804390385
1796,1,0.48363039629100746,0.14404612027017039,19,0.033046446392988336
1796,2,0.47925769771543436,0.09032841289704202,21,0.019711275690758114
1796,3,0.5281499578397766,0.08370346739241932,21,0.018265594059810927
1796,4,0.46624772333475045,0.057405364529712156,21,0.012526877535901858
1796,5,0.5473877692830004,0.10018660034935929,21,0.021862508558153724
1797,1,0.471407905399026,0.15902786615489134,19,0.03648349461979387
1797,2,0.477503931152214,0.09054301991804953,21,0.019758106782112206
1797,3,0.4913116844705561,0.07128609026278127,21,0.015555900220316648
1797,4,0.4959562006004329,0.08059344555356447,21,0.01758693165554816
1797,5,0.499994612598996,0.07116399982681941,21,0.01552925790296306
1798,1,0.47317845938209785,0.10287563405421597,19,0.023601289083947312
1798,2,0.48047183981491803,0.09374091306690985,21,0.020455944278256637
1798,3,0.502496586943746,0.08448682161485113,21,0.018436535965537452
1798,4,0.49927922889063747,0.07977524057210654,21,0.017408384690713832
1798,5,0.5225185463331713,0.12412329672308949,21,0.027085923940048655
1799,1,0.46348940818500484,0.14021625479842414,19,0.03216781499516215
1799,2,0.487763749377969,0.09953464398191829,21,0.021720240015124827
1799,3,0.49158872377869384,0.0776204682350415,21,0.01693817481738062
1799,4,0.5033651869962525,0.04449669661968239,21,0.009709975258818105
1799,5,0.49959825053896867,0.13669462855090037,21,0.02982921344897013
1800,1,0.47812665375794233,0.12293837973143959,19,0.02820399860694601
1800,2,0.4792196609945873,0.09772814977612249,21,0.021326030660812522
1800,3,0.4825938872065096,0.0719673834926935,21,0.01570457059158016
1800,4,0.49750773479325583,0.08233318344179369,21,0.01796657358708116
1800,5,0.5267729200943381,0.13655230139172247,21,0.029798155116571044
1801,1,0.45009010945741895,0.13460416805919245,18,0.031726506670209556
1801,2,0.47847208960712595,0.08567957884692477,21,0.018696816932284286
1801,3,0.5064887877710411,0.06363092212355147,21,0.013885405579572133
1801,4,0.4953560595881526,0.08423782816709552,21,0.018382201140685638
1801,5,0.5356073963209596,0.06193863629420904,20,0.013849900118748707
1802,1,0.5295962299843693,0.16017523361492847,19,0.036746718767657484
1802,2,0.49047085574711713,0.07656944278145084,21,0.016708822260313737
1802,3,0.46493204530583687,0.08626494261408948,21,0.018824553778575562
1802,4,0.4775248662134238,0.070509095597943,21,0.015386346083831019
1802,5,0.45633177190036783,0.11612510032595869,21,0.025340574396573657
1803,1,0.43633775625776144,0.13925703268502623,19,0.0319477543500721
1803,2,0.50610746592361,0.08118859661408415,21,0.017716804264346478
1803,3,0.49855874833209685,0.0858274550237375,21,0.018729086159604523
1803,4,0.45632762411308353,0.07698962334175288,21,0.01680051317570103
1803,5,0.5105247845503966,0.05626771613937888,21,0.012278622304332958
1804,1,0.4779416810412504,0.17389280615249345,19,0.03989374573828562
1804,2,0.495218685307648,0.08448962086081117,21,0.018437146811085107
1804,3,0.5029537600379628,0.07607515882783641,21,0.016600960658778495
1804,4,0.4888414536395997,0.0804312832423701,21,0.017551544938123533
1804,5,0.5215605419837479,0.100901800557815,21,0.02201857803873927
1805,1,0.5023510134594273,0.16461247117918443,19,0.03776469087981929
1805,2,0.49958226026376834,0.08901184503186217,21,0.019423977028866064
1805,3,0.5000664545776063,0.07660178494108616,21,0.016715879898155036
1805,4,0.4748432122051842,0.06587953579489937,21,0.014376093310889482
1805,5,0.4859034481891641,0.1326898402332533,21,0.028955296991451437
1806,1,0.46445005907088155,0.1494510166624265,19,0.034286414665312126
1806,2,0.4898159236108173,0.09019825148054714,21,0.019682872141060473
1806,3,0.4845402442319002,0.06119422089975833,21,0.013353673779380536
1806,4,0.48374038555725474,0.06708222295804407,21,0.01463854116624483
1806,5,0.5138027874568806,0.07706721969565652,21,0.016817446088339887
1807,1,0.45749803856840465,0.13507490914551296,19,0.030988309409117308
1807,2,0.47487261424590166,0.09704601040653853,21,0.021177175646735
1807,3,0.5133809249044804,0.08426763003199417,21,0.01838870444076892
1807,4,0.503762820627831,0.07911406977859914,21,0.01726410539506899
1807,5,0.5387923769742559,0.14676533295603122,21,0.0320268213174481
1808,1,0.4723452968928545,0.0992449037677603,19,0.022768342430794005
1808,2,0.4895133423598919,0.08459274382169978,21,0.018459650086045106
1808,3,0.5133114173927543,0.07128486512029708,21,0.01555563287230851
1808,4,0.48829218575831407,0.09334104434934602,21,0.02036868577033849
1808,5,0.5043955990431862,0.08105946172842114,21,0.017688624722041232
1809,1,0.4727435234021874,0.09805203589024714,19,0.022494679771263706
1809,2,0.4689866668687183,0.10961807012053938,21,0.02392062399344518
1809,3,0.4844594804421315,0.08241253638852707,21,0.017983889819701327
1809,4,0.49272542783222173,0.044042520218680783,21,0.009610865842796558
1809,5,0.5315504103357134,0.11225818482107694,21,0.024496744253377514
1810,1,0.4444524049924783,0.1539026123052656,19,0.03530768074660905
1810,2,0.49840077707440017,0.0985101618806576,21,0.02149667969240318
1810,3,0.48305451023222934,0.07496326217517787,21,0.016358324917074885
1810,4,0.4961977334676179,0.08562070256806673,21,0.018683969074926938
1810,5,0.5125107021644446,0.09086852108797108,21,0.019829136960681833
1811,1,0.49743092248036774,0.11500238001285985,18,0.027106320919895163
1811,2,0.4736595699203128,0.10493227850612899,21,0.022898100433263038
1811,3,0.4984840628326011,0.10567198675948664,21,0.023059518007700897
1811,4,0.5214379406602528,0.08288308617355498,21,0.01808657220104112
1811,5,0.4680510822045675,0.09130813459508484,21,0.019925068492723443
1812,1,0.5068662156515154,0.11616745624831283,19,0.026650642227083063
1812,2,0.4618617864395378,0.107547259964779,21,0.02346873617017588
1812,3,0.4863011596887266,0.09806818983508661,21,0.021400233485075394
1812,4,0.4932543571145986,0.07955340108488439,21,0.01735997534584118
1812,5,0.5171819291410726,0.13590385433204996,21,0.029656652367279577
1813,1,0.4910005364838341,0.16205297908239572,19,0.0371775031220986
1813,2,0.4711781581111655,0.09842965457385863,21,0.02147911155776493
1813,3,0.49218251151648107,0.08635399882521934,21,0.01884398743708073
1813,4,0.46849253121331647,0.08125198151587826,21,0.017730635983888805
1813,5,0.490379954186332,0.06091742546433007,21,0.013293272063434428
1814,1,0.439333571255297,0.17889957491278416,19,0.04104237726774791
1814,2,0.4805205306708995,0.07694306589505413,21,0.01679035350790765
1814,3,0.4849571888404715,0.08178468191398136,21,0.017846880740890737
1814,4,0.5016713798986312,0.06818588773734104,21,0.014879380565910786
1814,5,0.46744500127975186,0.13020771603658532,21,0.02841365308595084
1815,1,0.4661129293867531,0.1236028437762141,19,0.02835643711340855
1815,2,0.467004620927966,0.1198076020035357,21,0.026144162143445015
1815,3,0.48974480424407524,0.08910423782502495,21,0.019444138789263057
1815,4,0.5040911005921694,0.06643263060237949,21,0.014496788492878276
1815,5,0.5298237162626024,0.13025853547009938,21,0.028424742795515268
1816,1,0.4674827014099306,0.13657169448280995,19,0.031331695515719994
1816,2,0.4828172965419665,0.11354434470877775,21,0.024777407350577745
1816,3,0.5019575556757073,0.07746016453907337,21,0.016903193683049423
1816,4,0.49519241307929435,0.09897111188081055,21,0.02159726722894084
1816,5,0.4901234525251639,0.07576919103200093,21,0.01653419301189112
1817,1,0.45332830673969954,0.15187877267638528,19,0.03484338009291315
1817,2,0.49502680825323153,0.10474156002069233,21,0.02285648224774205
1817,3,0.47795080778887733,0.11159906072631158,21,0.02435291158401411
1817,4,0.4891405490828569,0.08668474121420024,21,0.01891616134341575
1817,5,0.5322238656958441,0.1319676230752444,21,0.0287976962869385
1818,1,0.4736417422215807,0.12206853947193032,19,0.028004443565460526
1818,2,0.48942146488184185,0.11213514188061738,21,0.024469894082501997
1818,3,0.4846606599304082,0.08365063067757905,21,0.018254064143371482
1818,4,0.5000040531133602,0.09307922359418974,21,0.02031155179752829
1818,5,0.494045362439651,0.06988689074427135,21,0.015250569853368198
1819,1,0.4718736045767612,0.0861851272242208,19,0.019772224210872345
1819,2,0.49450831527899214,0.11169659343971372,21,0.024374194966961717
1819,3,0.48721691790090393,0.11245028236263875,21,0.024538663373616654
1819,4,0.46024194360896836,0.06999654169242599,21,0.01527449765193688
1819,5,0.48387504327394676,0.08101952857966475,21,0.01767991059456913
1820,1,0.4796282641973673,0.19104460470879733,20,0.042718872286344724
1820,2,0.4710296525594471,0.09589328233636134,21,0.020925629759245126
1820,3,0.5001621316439328,0.09634603294080157,21,0.021024428040949145
1820,4,0.48437765201388644,0.06704458843926055,21,0.014630328640955842
1820,5,0.49057358239711196,0.06713445536062004,21,0.014649939210936916
1821,1,0.4804570654456077,0.11863573573319242,19,0.027216904376504363
1821,2,0.44976095827626333,0.08646203169862492,21,0.018867562142791425
1821,3,0.4989088843218322,0.08523250300489199,21,0.018599256985260413
1821,4,0.46771853002263925,0.07012425025729634,21,0.015302365945527953
1821,5,0.5055409516622519,0.06256021433880056,21,0.013651757985724537
1822,1,0.4347839075069383,0.15671919440435958,19,0.03595384899587939
1822,2,0.49028192207244603,0.10447693939312286,21,0.022798737292680914
1822,3,0.4955877418695985,0.11658068968883875,21,0.025439992146155305
1822,4,0.47806245962921856,0.05958812460606868,21,0.013003194834655733
1822,5,0.5142306116116734,0.09599730975649615,20,0.021465651027262916
1823,1,0.4745446216648678,0.10793339588322665,19,0.024761619225692307
1823,2,0.4684107821006522,0.09299807888781425,21,0.02029384457089921
1823,3,0.5063215579282319,0.0898763613018885,21,0.019612629945385898
1823,4,0.4545016559195676,0.08817659205306769,21,0.019241709886020204
1823,5,0.49456916469723566,0.06300234629966116,21,0.01374823908942944
1824,1,0.48919044899246417,0.1195298097804449,19,0.027422019030189416
1824,2,0.46904599384832885,0.10275072086195391,21,0.02242204552672295
1824,3,0.5017700573691195,0.07427825574980745,21,0.016208844260132454
1824,4,0.4895980193990037,0.07564144414357447,21,0.016506316355414483
1824,5,0.5307528398329524,0.12455018001675314,21,0.02717907751176893
1825,1,0.4816532260206096,0.18244800629397834,19,0.04185644325715391
1825,2,0.5026284752425697,0.12317907481259038,21,0.026879877826824942
1825,3,0.47788502185180726,0.07495859931078833,21,0.016357307396645343
1825,4,0.4865921759412847,0.09069148278973538,21,0.019790504036749867
1825,5,0.47737227170754587,0.12907994777656423,21,0.028167553875573924
1826,1,0.47332199231449607,0.10638366414020474,19,0.024406086380564435
1826,2,0.4859881091653571,0.11899554821493649,21,0.025966957478938752
1826,3,0.4721680614350892,0.0890374805636712,21,0.019429571160532507
1826,4,0.482797811823558,0.08755427968829901,21,0.01910591019471261
1826,5,0.49827371508142365,0.06311560014083632,21,0.013772953103711806
1827,1,0.4363312443460617,0.16674089209371737,19,0.03825298412591232
1827,2,0.4580976884566489,0.09968930750457904,21,0.02175399036273632
1827,3,0.5115228869133949,0.10242392617486998,21,0.022350733079567166
1827,4,0.4805335720089274,0.0822152226572381,21,0.01794083243354486
1827,5,0.4899630627575189,0.06582553348576704,21,0.014364309040922753
1828,1,0.4515592429819307,0.14864216352522558,19,0.03410085102924767
1828,2,0.49108837066027144,0.12829962748244683,21,0.027997274027283296
1828,3,0.5035796075148865,0.09820437918248831,21,0.021429952437138012
1828,4,0.4671295643673159,0.09811133849249955,21,0.021409649294062562
1828,5,0.5034839104665948,0.08079234737325071,20,0.018065718078836515
1829,1,0.4865135170558521,0.11674247403002841,19,0.026782560353463963
1829,2,0.4771069520815962,0.10335772652051681,21,0.022554505020895857
1829,3,0.47584517250419095,0.07974862723731803,21,0.01740257718494414
1829,4,0.4740930790417035,0.06811678944381237,21,0.014864302082078054
1829,5,0.48396350574728314,0.07799249966050108,20,0.01743965309760097
1830,1,0.4388506772316969,0.17676100767882366,19,0.04055175629633733
1830,2,0.48694091172151455,0.09512843487925915,21,0.020758726360803923
1830,3,0.49642551346204994,0.09072374221143534,21,0.019797543619693467
1830,4,0.47111736006790295,0.08584392781938781,21,0.018732680818317624
1830,5,0.44415710763446614,0.12675486773084574,21,0.02766017981336743
1831,1,0.47271272794818525,0.12657854308661892,19,0.0290391093544832
1831,2,0.4790163905888484,0.11229758312875357,21,0.024505341668957577
1831,3,0.47231271143660497,0.10424323612670443,21,0.022747739058941823
1831,4,0.4977879621589122,0.06373874344307531,21,0.013908934120441089
1831,5,0.4959079026317595,0.05694205640770191,21,0.012425775414987583
1832,1,0.5069168847141498,0.1751139763157491,19,0.04017390138746975
1832,2,0.46884715643199854,0.08732775033867769,21,0.019056477437961714
1832,3,0.4747814720310532,0.0860976774620248,21,0.018788053529982005
1832,4,0.4952134792146059,0.08175490940965961,21,0.017840383847810604
1832,5,0.4741811843364437,0.06033977626258793,21,0.013167218673333751
1833,1,0.46343128491382357,0.1276787422876709,19,0.029291512361596345
1833,2,0.45682974373662255,0.09606303835581825,21,0.020962673559665874
1833,3,0.4885917688615773,0.08508868805574459,21,0.01856787399047307
1833,4,0.47872846434244465,0.08528827791862076,21,0.018611428069262397
1833,5,0.5500001267427876,0.14378599620236626,21,0.03137667673676078
1834,1,0.5277564437841878,0.18203145068895882,20,0.04070346977834128
1834,2,0.48216790316354163,0.09089356768436474,21,0.01983460257610445
1834,3,0.46639470500486846,0.08618695552168117,21,0.018807535599804578
1834,4,0.4842698177120757,0.07701050706613896,21,0.01680507037797683
1834,5,0.47913880535086023,0.1318716381535902,21,0.028776750659840655
1835,1,0.4544950405873055,0.16001861914554152,19,0.03671078894422833
1835,2,0.4697038932094631,0.10916508554885061,21,0.023821774655901802
1835,3,0.48197870992559283,0.09805241195517801,21,0.021396790469409344
1835,4,0.5033657360541037,0.06873466843360707,21,0.014999134331652198
1835,5,0.49902938678183206,0.06650467597362168,21,0.014512510081792017
1836,1,0.4610759259490845,0.14127380877503834,19,0.03241043451681483
1836,2,0.47805471851611625,0.08626522276190655,21,0.018824614911841158
1836,3,0.48473752605865833,0.09695810661627638,21,0.021157993467080246
1836,4,0.45106639301135115,0.12274426122991042,21,0.026784993724166567
1836,5,0.4822819587536723,0.07518903187706871,20,0.016812778643952423
1837,1,0.473739774765058,0.11204805974517705,19,0.02570558785521234
1837,2,0.4721422537907914,0.11660286278647936,21,0.025444830712742433
1837,3,0.49478157243383253,0.09140739607733017,21,0.019946729123960717
1837,4,0.5015252443716599,0.06948232361602354,21,0.015162286068183126
1837,5,0.5192537656790117,0.08363340706278481,21,0.018250305642488848
1838,1,0.44943088092231454,0.1588282382862862,20,0.035515073755467065
1838,2,0.47339958738842536,0.10427957940958502,21,0.022755669813456274
1838,3,0.5014175219327939,0.08038812523910736,21,0.01754212708970474
1838,4,0.4873847456871695,0.0876113251149109,21,0.01911835852735547
1838,5,0.4735522527661885,0.1231458856865364,21,0.026872635365758665
1839,1,0.5304059920702505,0.18872170385281217,19,0.04329572818669573
1839,2,0.46081570005107864,0.10991030952666754,21,0.023984395860094286
1839,3,0.5002503923560082,0.08021574486555877,21,0.017504510608270872
1839,4,0.48709138040039435,0.07947239676633665,21,0.017342298754347688
1839,5,0.4921771759535791,0.07846160171568181,21,0.017121725190932805
1840,1,0.4112963092824902,0.18794929789677012,19,0.04311852610744434
1840,2,0.4947778182579972,0.10183710290602756,21,0.022222677743898984
1840,3,0.47755410500723516,0.08890794902640048,21,0.019401305061750265
1840,4,0.4851353805572408,0.07659812598973299,21,0.01671508144951027
1840,5,0.5009044684462457,0.07669776997703802,21,0.016736825550194675
1841,1,0.48199557428252027,0.1638417008266582,19,0.037587864033748815
1841,2,0.47473844559310846,0.11074566627628475,21,0.02416668564759015
1841,3,0.4975582818521113,0.08485898502524021,21,0.01851774867977559
1841,4,0.48982603340850983,0.09571125683307552,21,0.02088590853794895
1841,5,0.5232186329177595,0.07482162354547622,21,0.016327416834125474
1842,1,0.4806044975792747,0.13485452270430454,19,0.030937749291972357
1842,2,0.48107110765048294,0.11469310680650127,21,0.025028087791926047
1842,3,0.4884375281476142,0.08316449159628318,21,0.018147979898689836
1842,4,0.4990252206539062,0.07750752161150747,21,0.016913527843483746
1842,5,0.4990354358128696,0.06941631915262483,21,0.015147882713434101
1843,1,0.46900733615582596,0.16381813348346086,19,0.037582457314413814
1843,2,0.48351483756513264,0.06915121736602353,21,0.015090032760864173
1843,3,0.5014189086929964,0.0823791808822493,21,0.01797661105149364
1843,4,0.46526799546265013,0.09299725126364873,21,0.020293663968499902
1843,5,0.47603774332430054,0.13331955920941452,21,0.029092712937870906
1844,1,0.48067540241902834,0.13936083024787102,19,0.031971567144126106
1844,2,0.4842981773376473,0.11340951357869611,21,0.024747984785833194
1844,3,0.48829233528453236,0.10004466401159465,21,0.0218315355099789
1844,4,0.4592422034595821,0.09275876373244148,21,0.020241621722592265
1844,5,0.4972914575213811,0.15134282279235783,21,0.03302571149210799
1845,1,0.47418462392112426,0.16773446183593546,19,0.038480924657474866
1845,2,0.4501964020243612,0.07833239977243266,21,0.017093531015462585
1845,3,0.5139344784730833,0.09386459115758689,21,0.020482933050272597
1845,4,0.45573881389984827,0.12336268825027906,21,0.026919945563816345
1845,5,0.5008154339056209,0.0789268228143622,21,0.01722324475758011
1846,1,0.4389665379839045,0.1502073450497856,19,0.03445992829734525
1846,2,0.4784421827342772,0.10444411135977086,21,0.022791573628502242
1846,3,0.4988692790597926,0.11779519300895494,21,0.02570501849835567
1846,4,0.4723341290066917,0.05824496460723515,21,0.0127100932934609
1846,5,0.5014648167027937,0.057921047458538905,21,0.012639408776661148
1847,1,0.5324705942900453,0.16798145902322978,19,0.03853758969846196
1847,2,0.46444654620393133,0.08149609643370552,21,0.017783906226232202
1847,3,0.48989592319298986,0.08229333800248209,21,0.017957878599379057
1847,4,0.4746824488573382,0.10687040204598011,21,0.023321033663146064
1847,5,0.512683547808281,0.1199516654923186,21,0.026175599374027258
1848,1,0.4635925700886466,0.13730624604594807,19,0.03150021320164309
1848,2,0.4711944977179531,0.08668752401254044,21,0.018916768599798506
1848,3,0.49264848485339396,0.11199670712396217,21,0.024439685141969366
1848,4,0.4827427737345045,0.06828846044995102,21,0.014901763766852318
1848,5,0.5123091383847816,0.07759907415629506,21,0.01693350624665303
1849,1,0.5146658610655638,0.11287413731672447,19,0.0258951030475229
1849,2,0.4478488911045144,0.09833399170948864,21,0.02145823620932818
1849,3,0.503750695287737,0.08985548821079664,21,0.01960807506348513
1849,4,0.4867059060115652,0.07931744335239459,21,0.017308485147272387
1849,5,0.497248858204457,0.1033521753334861,21,0.022553293652573712
1850,1,0.48967559221265244,0.1680477745429545,19,0.03855280352208661
1850,2,0.4821469837315944,0.09258517737193762,21,0.02020374207322937
1850,3,0.49680277901229364,0.08777596587252814,21,0.01915428608612956
1850,4,0.48541605844930863,0.10329021107346643,21,0.022539771942482183
1850,5,0.5379686798326125,0.15955549360987628,21,0.03481786319110957
1851,1,0.5034613591525444,0.1263172373207901,18,0.02977325836342704
1851,2,0.47566593182126776,0.09149166426579068,21,0.01996511795026058
1851,3,0.4752339170981637,0.07938417883176743,21,0.017323048022785018
1851,4,0.47329194380106,0.07945216322599218,21,0.017337883433861712
1851,5,0.5296931906710258,0.11084958819333394,20,0.02478672144781528
1852,1,0.5340521870565001,0.14430562584379525,19,0.03310598105460499
1852,2,0.46160097097144054,0.11844990721607077,21,0.025847888851340012
1852,3,0.4662008523646478,0.08167838263423922,21,0.017823684336331802
1852,4,0.4908253506184265,0.07855639126823995,21,0.017142409967108457
1852,5,0.47618032344759154,0.13439501649869504,21,0.02932739695857662
1853,1,0.4833784882851796,0.15217660404766176,19,0.034911707295524216
1853,2,0.4482453685845733,0.08637025036490295,21,0.018847533813783575
1853,3,0.48753492080737554,0.10153816455771605,21,0.022157444048219815
1853,4,0.4784942687998997,0.07087032079955793,21,0.015465171885227502
1853,5,0.5088393109823676,0.07300574026832551,21,0.015931158616470827
1854,1,0.4601241153351578,0.16813180232213323,19,0.038572080816712415
1854,2,0.4884039204766096,0.09729424368583094,21,0.02123134458922855
1854,3,0.493768773493198,0.09387817788292943,21,0.020485897916812063
1854,4,0.46881309416316636,0.07948461200399708,21,0.017344964337738678
1854,5,0.5251766276662353,0.09092730024587722,21,0.01984196362450996
1855,1,0.4649463744021867,0.13869684939750992,19,0.031819239490064516
1855,2,0.48742822418395787,0.12242750925257487,21,0.026715872775944324
1855,3,0.47830313679320124,0.09967760120316256,21,0.021751435838338752
1855,4,0.5115457382949794,0.10255052469971898,21,0.022378359142566702
1855,5,0.4859764554126988,0.09469037858082151,21,0.020663134639554274
1856,1,0.4699226832751628,0.16781690080345413,19,0.03849983745370769
1856,2,0.46592528924792437,0.09651699414200038,21,0.02106173483358696
1856,3,0.4717354173268963,0.083261895048101,21,0.01816923507444722
1856,4,0.49195605093042055,0.07545890990526663,21,0.01646648411903511
1856,5,0.4940264276638852,0.06187155004339162,21,0.013501479116099543
1857,1,0.45000164100178625,0.101508264773765,19,0.023287593057000587
1857,2,0.4447558302471814,0.10501586213570503,21,0.02291633987656739
1857,3,0.487883142360692,0.10702232312671285,21,0.023354185560865933
1857,4,0.4953883445734697,0.0784129071010838,21,0.017111099154869372
1857,5,0.49791536067736225,0.07341701458514052,21,0.016020906030194446
1858,1,0.5064292377020234,0.10231777750748357,19,0.0234733080148842
1858,2,0.44642221550276545,0.11231345694121304,21,0.024508805618822484
1858,3,0.487370425815094,0.07217736188148373,21,0.015750391632577118
1858,4,0.4948311522878383,0.10299589743764488,21,0.02247554744180552
1858,5,0.48805292111577375,0.09955624758630717,21,0.02172495430809606
1859,1,0.4822507353798537,0.16376748363223448,19,0.03757083744162428
1859,2,0.46646527242622554,0.09612043990639728,21,0.020975199604929502
1859,3,0.4951478509484706,0.1145072590327837,21,0.024987532482840344
1859,4,0.4865040203455231,0.0976175865553916,21,0.02130190378804693
1859,5,0.5501591091955588,0.11730988940819756,21,0.02559911657047446
1860,1,0.5071138646979901,0.18088083860547866,20,0.04044618509490185
1860,2,0.4917660001483933,0.10633549394778352,21,0.023204307146487458
1860,3,0.47680650091718946,0.08335281300297473,21,0.01818907499874434
1860,4,0.44620527851010394,0.1377760847969551,21,0.03006520654936673
1860,5,0.44977638322899594,0.07651978263775408,21,0.016697985528527415
1861,1,0.45702299951840974,0.11348117505866973,19,0.026034367056578404
1861,2,0.4626016343111032,0.09485951766588689,21,0.020700043813853687
1861,3,0.48854494536526855,0.07200330597912914,21,0.015712409520782178
1861,4,0.4985015711996623,0.10458184966316209,21,0.02282163059047296
1861,5,0.4725623927788617,0.09773742284383369,21,0.021328054210084473
1862,1,0.5157675018900335,0.17664939198854063,19,0.04052614990083958
1862,2,0.4657792853677793,0.10923436591162385,21,0.02383689287050096
1862,3,0.48718619149836734,0.09788414976510218,21,0.02136007264928451
1862,4,0.48252968920275496,0.0821129905685669,21,0.01791852356284061
1862,5,0.5093445647594839,0.0852349655141676,21,0.01859979434883922
1863,1,0.46019091776558685,0.15586063871584763,19,0.03575688281253067
1863,2,0.46057386208005113,0.08210483080485033,21,0.017916742956417556
1863,3,0.4752516115993251,0.07393080848374098,21,0.016133025050763163
1863,4,0.48539294937373745,0.1040597179260889,21,0.022707692104383597
1863,5,0.5140610423946228,0.08412237221497385,21,0.01835700658639846
1864,1,0.48040636717505414,0.10300387133245392,18,0.024278245302548265
1864,2,0.4616537238323923,0.1017263547613605,21,0.022198510517422186
1864,3,0.48922244677763566,0.061424344396654784,21,0.013403890843367008
1864,4,0.49922817650561524,0.06976778815553934,21,0.015224579537733453
1864,5,0.5117197406919968,0.13104489251926182,21,0.0285963399717557
1865,1,0.44936542705208654,0.17907884556032186,19,0.04108350477491423
1865,2,0.46548991997403166,0.08496632262375335,21,0.018541171664066127
1865,3,0.49086178428321725,0.09484085255184103,21,0.020695970752045587
1865,4,0.5070910795908148,0.09413913186498617,21,0.020542842744225166
1865,5,0.5230318646822025,0.13544191513831363,21,0.02955584897100512
1866,1,0.4880196833102514,0.12682958245072068,19,0.029096701734429003
1866,2,0.44499439841391597,0.09597657392873785,21,0.020943805474807925
1866,3,0.4961270587453706,0.11459228911605947,21,0.02500608756821937
1866,4,0.49073174340432296,0.0820141469335828,21,0.017896954113351123
1866,5,0.5082203116926294,0.09857719698285902,21,0.021511307950977332
1867,1,0.4651794535911371,0.10308878982484475,18,0.02429826078315416
1867,2,0.48417894533655703,0.13308901622599045,21,0.029042404334419396
1867,3,0.47765119952864105,0.07693235154126307,21,0.016788015444228126
1867,4,0.5041172169320005,0.08141090772251007,21,0.017765316525403207
1867,5,0.46990505410292294,0.1269114918195198,21,0.02769435799155802
1868,1,0.46908474739810835,0.14954275769682085,19,0.03430746150204375
1868,2,0.4736645685036342,0.08812514037887495,21,0.019230482210228755
1868,3,0.46836586540477526,0.09915799150305718,21,0.0216380477058356
1868,4,0.49080924339894205,0.09514286236300136,21,0.02076187469586756
1868,5,0.4674472088969569,0.1637131932654298,21,0.03572514763817937
1869,1,0.4497224187388127,0.16218205846830583,19,0.037207115964144735
1869,2,0.48665721278283847,0.11623927947475811,21,0.02536549032953361
1869,3,0.4906917257265284,0.08035964506150185,21,0.01753591220543412
1869,4,0.5051412955905363,0.1070595740597543,21,0.023362314380883563
1869,5,0.5029115355169148,0.0631182099682115,21,0.013773522614735498
1870,1,0.47391810896288444,0.1450931893889259,19,0.03328666052328084
1870,2,0.48195883539780965,0.09653913861834516,21,0.0210665671544953
1870,3,0.4759783665904401,0.09025606797212311,21,0.01969548873387303
1870,4,0.50158708201952,0.08387737211677106,21,0.018303543181861035
1870,5,0.4996906735447088,0.07196623524173601,20,0.016092139408526274
1871,1,0.46485337661455195,0.1205015224307125,19,0.027644945200961862
1871,2,0.4611159868510253,0.08864261725254521,21,0.019343404921846996
1871,3,0.4865121716199659,0.093157422453282,21,0.020328616187578263
1871,4,0.4985985450483571,0.07805872807648387,21,0.017033810955355333
1871,5,0.4781720972387973,0.08542022999876023,21,0.018640222373802685
1872,1,0.4727169768867975,0.12060373743390168,19,0.02766839493093109
1872,2,0.47837475807786883,0.09913076942693785,21,0.021632107361816994
1872,3,0.49441033208068513,0.08655271013618228,21,0.01888734980012509
1872,4,0.48747346498631544,0.10123122705800733,21,0.022090464794599064
1872,5,0.4915039030935312,0.08849999978792766,21,0.019312283239607347
1873,1,0.44088365036521143,0.16128967287770318,19,0.03700238866898111
1873,2,0.49279934985436297,0.1190002440419076,21,0.0259679821923933
1873,3,0.48390502924802725,0.08480552111288785,21,0.018506081897618296
1873,4,0.4878392676918032,0.10121576173017792,21,0.022087089983388323
1873,5,0.5088466648594334,0.07724427690133927,21,0.016856083138215055
1874,1,0.46932986635138585,0.1324192059614549,19,0.03037904931420424
1874,2,0.4526802983846184,0.09741834611150373,21,0.021258425958732036
1874,3,0.4726963690382378,0.09283960553770676,21,0.020259262850780124
1874,4,0.49703785406878476,0.08211642291385135,21,0.017919272561987144
1874,5,0.4474487199544553,0.11866801195067975,21,0.025895483206376867
1875,1,0.47465604439779174,0.09699946358817574,19,0.02225320312413217
1875,2,0.46067091709254104,0.10679978399282943,21,0.023305623540574947
1875,3,0.5002759554084862,0.07164705696508084,21,0.015634669612537903
1875,4,0.49487558234966605,0.08163643833541484,21,0.01781453133993492
1875,5,0.4966474043703369,0.11725789821212752,21,0.02558777116135721
1876,1,0.44894447600754167,0.13311577849792924,19,0.030538854013853582
1876,2,0.4871310902545973,0.11790496522034918,21,0.02572897275873266
1876,3,0.47903586326036773,0.06892202447231077,21,0.015040018771141094
1876,4,0.4653553604697305,0.08500866172933633,21,0.018550410814360922
1876,5,0.47618636248847973,0.07951786809749538,20,0.017780735849186154
1877,1,0.45435171488531567,0.17571357316327393,19,0.040311458338271135
1877,2,0.4554367029684898,0.08969148858822872,21,0.019572287411848858
1877,3,0.4819976295841776,0.1018113557445149,21,0.022217059252634126
1877,4,0.4846484998288671,0.1110998283646901,21,0.024243970151323537
1877,5,0.5230251198019366,0.0763180071934587,21,0.01665395451677185
1878,1,0.47750439984111664,0.12842450062816033,19,0.02946260105856982
1878,2,0.4701911528826626,0.10237788998383875,21,0.02234068715908583
1878,3,0.47819520723644626,0.08722491092780289,21,0.019034036038687505
1878,4,0.48975494454876495,0.09423471763375689,21,0.020563701269022898
1878,5,0.4744705945811861,0.12691743323046867,21,0.027695654513720306
1879,1,0.45189353564909157,0.18990420037204858,19,0.04356701149345573
1879,2,0.4632675911884596,0.0799820187574241,21,0.017453507390060657
1879,3,0.4876562050513801,0.07196392543939759,21,0.015703815982485603
1879,4,0.4918014912376073,0.08054452427412856,21,0.01757625615716201
1879,5,0.5285300516844151,0.11594780616671685,21,0.02530188563919274
1880,1,0.45325714945966067,0.13235284931313926,19,0.030363826055033717
1880,2,0.4761128313759201,0.10407536821664354,21,0.02271110727777001
1880,3,0.482898374700908,0.0785058513455143,21,0.017131381251798576
1880,4,0.4884360929281667,0.07566676695519281,21,0.01651184224594068
1880,5,0.5237367420696822,0.08332602929188503,21,0.018183230313817654
1881,1,0.43771648000823415,0.17424578690263243,19,0.03997472507612093
1881,2,0.47896337137346584,0.09664714916931282,21,0.021090136989050687
1881,3,0.4900766592620743,0.07455982382306456,21,0.016270287451036432
1881,4,0.4966566215605531,0.07116505197792612,21,0.015529487501157775
1881,5,0.47620633209326035,0.1327169497720798,21,0.028961212777819424
1882,1,0.49482980378356567,0.1652235507041402,19,0.03790488213749029
1882,2,0.4636207480729613,0.12215527966741685,21,0.026656467410211323
1882,3,0.4873729371740963,0.06715965936580631,21,0.01465543917577416
1882,4,0.4739188543266981,0.09521295416782108,21,0.020777169981638154
1882,5,0.5220640683750258,0.13754818797497698,21,0.030015475385683173
1883,1,0.48769351887160267,0.1575997553900645,19,0.03615586354063266
1883,2,0.4717886103040308,0.08267381101951576,21,0.01804090461844787
1883,3,0.48383791810525184,0.11046610518642097,21,0.024105680416368
1883,4,0.48065810180259316,0.09108404387489918,21,0.019876167888543066
1883,5,0.4502887040151009,0.1341947474521362,21,0.029283694669756975
1884,1,0.4546902707289943,0.1667578667743217,19,0.038256878384720375
1884,2,0.4925104325685443,0.0981966843016789,21,0.02142827327648216
1884,3,0.4817251218401309,0.09029056163796258,21,0.019703015868859024
1884,4,0.499286092911933,0.057716332777153524,21,0.012594736370788898
1884,5,0.5328774735154037,0.1272957120144145,21,0.027778201711874003
1885,1,0.48299004917804617,0.13924717719316,18,0.03282087441812273
1885,2,0.4859454512515062,0.11648595861072128,21,0.025419320130148727
1885,3,0.4780018305755614,0.08360632000674793,21,0.018244394762267774
1885,4,0.4843984839371889,0.08263708600423886,21,0.018032890563095257
1885,5,0.48586791401029444,0.13558744326760802,21,0.029587605812349732
1886,1,0.4786539964678171,0.15094306155932505,19,0.03462871324030194
1886,2,0.48587159479912884,0.11879335041103434,21,0.025922834300760873
1886,3,0.49692776672758626,0.06261183486766397,21,0.013663022508625979
1886,4,0.48929428650142653,0.09154395781411073,21,0.019976529338047933
1886,5,0.4415640687674263,0.151888111547309,21,0.03314470325378284
1887,1,0.4370036250139349,0.15419937391357846,19,0.03537576252876476
1887,2,0.46634388885074657,0.09460184443224477,21,0.020643814904438017
1887,3,0.4777429578261102,0.06583590801162202,21,0.014366572948067027
1887,4,0.5105180120478323,0.0815272837319626,21,0.01779071185266002
1887,5,0.5010811976148261,0.0919297937444484,21,0.02006072564074346
1888,1,0.4404693794439584,0.12474855171428782,19,0.028619280540823064
1888,2,0.5220487162270366,0.12107939062355774,21,0.026421689172932368
1888,3,0.48615117113073464,0.09962811080683516,21,0.02174063614846524
1888,4,0.5003570400225809,0.09988525895706325,21,0.021796750475286106
1888,5,0.518746057854842,0.07508594556177813,21,0.016385096626865797
1889,1,0.5078562855027112,0.1352171102008743,19,0.031020932568590197
1889,2,0.47473931190907087,0.09089800999682238,21,0.019835571968156725
1889,3,0.46163503506849957,0.09371656229601075,21,0.020450630504405418
1889,4,0.46985633166114077,0.0717937385894522,21,0.015666678167144614
1889,5,0.5342398219236882,0.13383386070899597,21,0.029204942726054776
1890,1,0.46546709848945567,0.12705211490565585,19,0.029147754180887973
1890,2,0.4994781313138256,0.09541037611632634,21,0.020820250982727252
1890,3,0.4788982353458541,0.08609103296636456,21,0.018786603582157342
1890,4,0.47552047394840874,0.09724241134278619,21,0.021220033844683336
1890,5,0.48671134288764345,0.07311899631425486,20,0.016349904620523045
1891,1,0.4720028880231904,0.13622267333851779,18,0.03210799202300862
1891,2,0.5054379379450512,0.0953402584458109,21,0.020804950052599108
1891,3,0.48030898958897356,0.09578422933068839,21,0.02090183244242328
1891,4,0.4959779706975587,0.06563432037043763,21,0.01432258291831012
1891,5,0.5023163345224331,0.05508931959852225,21,0.012021475097325833
1892,1,0.507805577355067,0.16429781846176678,19,0.03769250459573855
1892,2,0.45912875955066196,0.09856991890013073,21,0.0215097197431194
1892,3,0.47236897120926563,0.08459879010135182,21,0.018460969492434552
1892,4,0.5080185968587728,0.06974046764537975,21,0.015218617713646257
1892,5,0.5409814477388635,0.1258178820157237,21,0.027455712767432233
1893,1,0.45683055708822523,0.21516715871291628,19,0.04936273162096732
1893,2,0.48327222705443934,0.10419291535499006,21,0.02273675816630327
1893,3,0.4642617501228275,0.0848913930441837,21,0.018524820689296166
1893,4,0.5084620070793793,0.06733735565644812,21,0.014694215685420777
1893,5,0.48537599398023884,0.08705696631885648,21,0.01899738752044671
1894,1,0.48449707291586064,0.11787511278931799,19,0.027042405505636625
1894,2,0.499804511929808,0.12140026593872917,21,0.026491709907237888
1894,3,0.4928762520430364,0.10102596456269489,21,0.02204567284592741
1894,4,0.4876909022591344,0.08269792005014111,21,0.018046165640246567
1894,5,0.44894924183165164,0.12318476624628888,21,0.026881119799479047
1895,1,0.4878797765073629,0.14340236217313604,19,0.03289875815672209
1895,2,0.48731160885358576,0.09610502623045084,21,0.02097183606508369
1895,3,0.496129684752433,0.07100894225387366,21,0.015495421566529725
1895,4,0.4884276424137814,0.0744866300192449,21,0.016254315253588558
1895,5,0.45173962124026235,0.1200117432938084,21,0.026188709425118376
1896,1,0.47122201509098255,0.12273749769673468,19,0.02815791310753277
1896,2,0.4992796277694901,0.10484139737818532,21,0.022878268545260903
1896,3,0.4902467381501287,0.08572674714523996,21,0.01870710989882865
1896,4,0.4765758533151005,0.08273500647592824,21,0.01805425856183823
1896,5,0.524356111630708,0.07841795158967646,20,0.017534787041080427
1897,1,0.4003813890549273,0.1946050003110749,19,0.04464544896124614
1897,2,0.4836718138341672,0.08832158817092155,21,0.019273350632950683
1897,3,0.4860525348761315,0.06588135033030501,21,0.01437648927497746
1897,4,0.501857209524223,0.07212319917862738,21,0.015738572361830325
1897,5,0.47903262579749284,0.13770901049409195,21,0.030050569736506882
1898,1,0.47443489274643696,0.11923463758011922,18,0.02810387359507422
1898,2,0.4476402277677786,0.11363147863096718,21,0.02479642153124591
1898,3,0.47975576624422456,0.08170628435243392,21,0.017829772990410206
1898,4,0.48561959937131194,0.09664849982714968,21,0.021090431726754278
1898,5,0.4915146112466884,0.0872682455323195,20,0.01951377292874087
1899,1,0.5031988643232574,0.09080969844464834,19,0.02083317361124341
1899,2,0.4665065676185433,0.10189956777163063,21,0.02223630869508476
1899,3,0.4978457020422227,0.07674501201757028,21,0.01674713460861007
1899,4,0.4788779376511134,0.07809147286489644,21,0.01704095645399895
1899,5,0.5584765073888154,0.16582399200764772,21,0.036185761686418946
1900,1,0.45480470667274464,0.1838651775875113,19,0.042181564649480065
1900,2,0.47188576400836124,0.10447306459763772,21,0.02279789174298505
1900,3,0.47380579145192636,0.06354832373438278,21,0.013867381133350851
1900,4,0.4913117994958172,0.07890055674562935,21,0.017217513031476433
1900,5,0.5002320226102105,0.1524668687763732,21,0.03327099843526806
1901,1,0.5051426195260342,0.13041198214416808,19,0.029918560589118914
1901,2,0.48904496564252253,0.10979670478437605,21,0.023959605272910633
1901,3,0.4896519890620744,0.07914945152508264,21,0.017271826325139485
1901,4,0.4796151629919136,0.08815874392164764,21,0.01923781510443707
1901,5,0.5166651657145517,0.07159026503141938,21,0.01562227659659188
1902,1,0.4884532920376897,0.12709374305736693,19,0.029157304333862447
1902,2,0.49305580669010385,0.10205254343475592,21,0.022269690721549412
1902,3,0.4945259063579255,0.06438639616789345,21,0.014050263531656493
1902,4,0.4788973638368374,0.07548526372579742,21,0.016472234994151
1902,5,0.47451064168897006,0.1261820010533061,21,0.027535170055608228
1903,1,0.496485901190607,0.12339722809438139,19,0.028309265640865607
1903,2,0.4586451152295479,0.10540027571915436,21,0.02300022579772576
1903,3,0.49321482261699695,0.08173602416423156,21,0.017836262749396706
1903,4,0.47900288456596596,0.09353744118154327,21,0.020411543072709603
1903,5,0.509987118520946,0.07490336324780984,20,0.016748901196546224
1904,1,0.48289428362801623,0.19983153935562112,20,0.04468369060475933
1904,2,0.45135730733918633,0.10831444960359864,21,0.023636150674570016
1904,3,0.4926828898209899,0.08739942593415716,21,0.019072118335188654
1904,4,0.4676759664109283,0.0764254056963536,21,0.016677390791488077
1904,5,0.4948979421522526,0.13713637924032218,21,0.02992561135242605
1905,1,0.4426377557052732,0.16428458217075992,19,0.03768946798232349
1905,2,0.49774519793073596,0.09390086976246606,21,0.020490849690890035
1905,3,0.4722210134492101,0.07619198424523158,21,0.016626454054888405
1905,4,0.47346537409089223,0.08879842581986212,21,0.019377405138687586
1905,5,0.49924170115023386,0.08759978577568776,21,0.01911584043709548
1906,1,0.4808566405157465,0.17057702677320588,19,0.039133053778633485
1906,2,0.4893793347347146,0.11110093813905741,21,0.024244212323944612
1906,3,0.5049631035466239,0.113866786276077,21,0.024847769869118175
1906,4,0.524477090106648,0.08106239021921302,21,0.01768926377112341
1906,5,0.4933895124038747,0.10290505025144894,21,0.022455722960499965
1907,1,0.5130528979233084,0.110819477529242,19,0.02542373176452328
1907,2,0.48096398691560033,0.08918696474050615,21,0.019462191282225094
1907,3,0.4937554876239358,0.05646492949529076,21,0.012321657786786408
1907,4,0.4791887324827574,0.12107567146536556,21,0.02642087758607822
1907,5,0.4752850087906563,0.12576195960274772,21,0.02744350949645571
1908,1,0.46734307929525204,0.13289927525801273,18,0.031324659583239454
1908,2,0.4673816685581747,0.1065522666870052,21,0.02325161083630109
1908,3,0.4686176214039043,0.07297813759461355,21,0.01592513521924853
1908,4,0.5047322813648479,0.0877053524539773,21,0.019138876974911043
1908,5,0.5256234823292018,0.12376008702261414,21,0.027006665085497678
1909,1,0.5167202689188795,0.16680705713209892,20,0.03729919188740643
1909,2,0.44974764138843687,0.09927976996620413,21,0.021664621945139708
1909,3,0.48479689501966955,0.08313440298222517,21,0.01814141402480997
1909,4,0.49241974081862866,0.07022669118616587,21,0.015324720388899678
1909,5,0.532865762983649,0.12960006707498956,21,0.028281053211547322
1910,1,0.4988585806566492,0.12697012807563204,19,0.02912894511211034
1910,2,0.449940270218093,0.08232359193696709,21,0.017964480549133712
1910,3,0.48494740150553256,0.09077330480789803,21,0.01980835906492817
1910,4,0.49047479651648757,0.08098983672964707,21,0.01767343130170107
1910,5,0.48315138301703275,0.1363142657318892,21,0.029746211477081296
1911,1,0.48661076787733526,0.13208973082405676,19,0.03030346253376594
1911,2,0.46497493961414227,0.08837000961385925,21,0.01928391705807073
1911,3,0.4847411215373345,0.08146774622327911,21,0.017777719703125205
1911,4,0.48035460381939865,0.07008212210218338,21,0.015293172828399669
1911,5,0.516673363415759,0.07218530749729296,21,0.015752125508095634
1912,1,0.5192444200271341,0.12628969772388124,19,0.028972843683615624
1912,2,0.4668194791046199,0.11139928672601977,21,0.024309317323146427
1912,3,0.456524912952349,0.09108550287436043,21,0.019876486268327352
1912,4,0.5111906728195538,0.1006310813322439,21,0.02195950226048882
1912,5,0.5638432581849175,0.12795320097160726,21,0.027921677564966066
1913,1,0.4847906581881551,0.12717393628106524,19,0.02917570192112864
1913,2,0.4788856063179474,0.11839680893486713,21,0.025836301856440598
1913,3,0.46113735799528704,0.059832347598027164,21,0.013056488660708035
1913,4,0.5016714499041903,0.08529154514853476,21,0.01861214103728115
1913,5,0.4996336109303855,0.07881306110744052,21,0.017198419917906015
1914,1,0.46191920858386354,0.15918984571460473,18,0.03752140646694576
1914,2,0.4921405664511938,0.0823978869641698,21,0.017980693053224913
1914,3,0.49555396306032595,0.06970633265138729,21,0.015211168847274003
1914,4,0.4954656874607082,0.07928415939855318,21,0.017301221993086403
1914,5,0.476106793218004,0.13075998434511,21,0.028534167911081296
1915,1,0.4271389341541917,0.19034143893464972,19,0.04366732089917138
1915,2,0.47585664331425437,0.09312975983202408,21,0.020322579708728965
1915,3,0.4650378668996349,0.08193092384590762,21,0.01787879334673972
1915,4,0.4967558152877394,0.0796062944753864,21,0.017371517629923956
1915,5,0.5077110612353436,0.08772000453589276,21,0.019142074321314203
1916,1,0.47392428254713603,0.19800768238548186,19,0.04542607776647442
1916,2,0.466334761465257,0.09272796633490829,21,0.020234901179477814
1916,3,0.5289181393514678,0.07672511397365796,21,0.016742792499447698
1916,4,0.49438513680861734,0.06659707149564871,21,0.014532672437676008
1916,5,0.5334493119451365,0.12755493159484207,21,0.027834768061822765
1917,1,0.4660298569823356,0.13932459377673634,19,0.031963253927507866
1917,2,0.4813119464389761,0.07646527035541373,21,0.016686089973283157
1917,3,0.47769357839345666,0.08965250832794364,21,0.019563781221688597
1917,4,0.478198268838948,0.05200999133696004,21,0.011349510580743662
1917,5,0.5090703846302626,0.10335298810120712,21,0.022553471013031044
1918,1,0.48924637264473697,0.18248214521758133,19,0.04186427526336584
1918,2,0.47637731572421677,0.09731434669293021,21,0.021235731425025155
1918,3,0.47283879071985185,0.09693374082244241,21,0.021152676414955874
1918,4,0.5040986544214495,0.08573652264218483,21,0.018709243087147966
1918,5,0.5360027311851825,0.12102961192725313,21,0.02641082657084608
1919,1,0.44626266296665035,0.15372135316566257,19,0.035266097048076275
1919,2,0.49385405906602375,0.07131396034043196,21,0.015561981969862295
1919,3,0.4951903794298288,0.07043170256415857,21,0.015369457539279617
1919,4,0.48538480917741855,0.0759363416734386,21,0.01657066827221724
1919,5,0.4942758215149852,0.08027619907793909,21,0.017517702798952386
1920,1,0.4835232890479586,0.13076922446335368,18,0.030822601796181053
1920,2,0.46396705204750366,0.0850105162305424,21,0.01855081549970155
1920,3,0.484487845842767,0.1066193976568313,21,0.02326626001490604
1920,4,0.4780591185122578,0.08688586344433459,21,0.018960049812155228
1920,5,0.49811773325773057,0.0652519986641307,20,0.01459079046807217
1921,1,0.5099924199260607,0.11055290819850026,19,0.02536257656588378
1921,2,0.4614757382017671,0.09235279982815789,21,0.020153033135887535
1921,3,0.487109520289695,0.0801542534300784,21,0.017491092076952763
1921,4,0.48334240649759025,0.09491233896881363,21,0.020711570367137874
1921,5,0.4653001284498829,0.11936953996419279,21,0.02604856916942713
1922,1,0.4631915656387863,0.10485585135164306,19,0.024055582088459728
1922,2,0.48153375947910027,0.09136449424226151,21,0.01993736717602478
1922,3,0.5103894534626419,0.08793474009023376,21,0.01918893346094115
1922,4,0.49266095261581233,0.09869027897355191,21,0.02153598446441002
1922,5,0.4802008630064601,0.0730375085404304,21,0.015938091021785998
1923,1,0.46794599738314513,0.17309017672295446,19,0.03970960991868182
1923,2,0.48349706774015067,0.09614978474177586,21,0.02098160317299514
1923,3,0.496037593711974,0.07440629234510532,21,0.016236784135831354
1923,4,0.4774638251316241,0.06763174656198284,21,0.014758457047731228
1923,5,0.45144086241684916,0.12504345934993846,21,0.027286719887153647
1924,1,0.4928312101272916,0.1207755203909816,19,0.02770780464409604
1924,2,0.47301938062297455,0.11200222501644284,21,0.024440889244825046
1924,3,0.4730086469285653,0.08856582287979924,21,0.019326647015844373
1924,4,0.4834388636359365,0.07642588428600834,21,0.016677495228312824
1924,5,0.505438379366475,0.1297186288390959,21,0.028306925509573266
1925,1,0.4449212738931479,0.15735306277199065,19,0.0360992683726168
1925,2,0.4712261982829318,0.0805026213141124,21,0.017567112181632642
1925,3,0.49701454505079823,0.0784533673340217,21,0.017119928301539536
1925,4,0.49810378696405316,0.07505788519390465,21,0.016378973352589202
1925,5,0.5112469993874805,0.08007548578541483,21,0.017473903567715422
1926,1,0.47250526065607873,0.1385410686255045,19,0.03178350092993197
1926,2,0.4916242174429498,0.11540869388495159,21,0.025184241694465613
1926,3,0.4861410882928264,0.09738432388864705,21,0.021251001701039114
1926,4,0.5165489003799143,0.07561505299902038,21,0.01650055733552898
1926,5,0.4964328725310646,0.07131045546078517,21,0.015561217142420243
1927,1,0.5037763414073471,0.0993242998453878,18,0.02341096198575989
1927,2,0.47444995591396444,0.08828091986683857,21,0.01926447608143422
1927,3,0.48105909076605713,0.08154971755170624,21,0.017795607313474415
1927,4,0.48848576716943387,0.07749888629962508,21,0.01691164346394324
1927,5,0.49387524669188276,0.06533005822316998,21,0.014256187474454698
1928,1,0.4534184055577571,0.13940667109153676,19,0.03198208375491693
1928,2,0.47422376190560744,0.07654572868475247,21,0.016703647420163368
1928,3,0.4700958176307327,0.07263966987152007,21,0.01585127550680209
1928,4,0.4942135641890138,0.11364327658891749,21,0.02479899605673892
1928,5,0.5209986589657795,0.13616511567201786,21,0.0297136642656876
1929,1,0.424203238809387,0.1694888557686786,19,0.03888341022905319
1929,2,0.478444352048596,0.07098243624646842,21,0.015489637481515174
1929,3,0.4694180660465981,0.07495993838887731,21,0.016357599607440782
1929,4,0.4883417077071586,0.06362472465081818,21,0.013884053180147482
1929,5,0.48471806078569846,0.0726670606015344,21,0.01585725265411784
1930,1,0.44787848372963807,0.1641334376249408,19,0.03765479304542386
1930,2,0.47998957720858215,0.09742391793536291,21,0.021259641830379355
1930,3,0.48751237061464103,0.06761534949241545,21,0.014754878913804177
1930,4,0.4366874642377123,0.06554390965266232,21,0.014302853682222469
1930,5,0.508372136729241,0.07237054963417393,21,0.015792548656388607
1931,1,0.45141904946636574,0.1745002010311961,19,0.04003309168013241
1931,2,0.4718805149753248,0.07694834555796268,21,0.016791505624808713
1931,3,0.4670465201973196,0.09292876850347113,21,0.02027871980505641
1931,4,0.48259115878679026,0.07481649906807836,21,0.01632629858147915
1931,5,0.507980009899593,0.1072268297946496,21,0.023398812574482286
1932,1,0.4761068745232364,0.1330072516238534,19,0.030513956241392793
1932,2,0.4645674907088079,0.0629551014713576,21,0.013737929422672476
1932,3,0.4678870652148592,0.0756328728728539,21,0.0165044459508012
1932,4,0.5032305264834255,0.06670407841030851,21,0.014556023260833733
1932,5,0.48647384819944905,0.1389590050893111,21,0.030323340919882
1933,1,0.45531203495881517,0.17053511773013474,19,0.03912343918476151
1933,2,0.4841306936137012,0.10232243258168142,21,0.022328585361789086
1933,3,0.4618693675502607,0.058591516904557814,21,0.012785717204639089
1933,4,0.48012156840504794,0.08486180796918699,21,0.018518364696647912
1933,5,0.47965510565722047,0.14512087821738284,21,0.03166797187379167
1934,1,0.4654080534536238,0.1217903165966545,19,0.027940614860349548
1934,2,0.4690579593430508,0.08398320550671484,21,0.01832663792093109
1934,3,0.47695962760518656,0.09431338136078775,21,0.020580867101573672
1934,4,0.5136102807321203,0.07216888521390577,21,0.015748541872062025
1934,5,0.5168228600449444,0.09118698847407362,21,0.0198986322417861
1935,1,0.4970770162484066,0.12516023645358693,19,0.02871372749741268
1935,2,0.47518725573848886,0.10802389469119895,21,0.023572746394588454
1935,3,0.4826623662850664,0.08667243925673948,21,0.018913476836212893
1935,4,0.4744003704442513,0.057404253205108974,21,0.012526635024991585
1935,5,0.501166929614139,0.09807445080590493,21,0.0214015997409182
1936,1,0.47489797477758083,0.1588130298189859,19,0.036434207784130056
1936,2,0.47786560269567196,0.0901639854447634,21,0.019675394679024995
1936,3,0.47308783847036195,0.07046385919879833,21,0.015376474692247797
1936,4,0.47628639064095807,0.08569565454759434,21,0.018700324937768464
1936,5,0.4759396262313987,0.08205821627290258,21,0.01790657083160158
1937,1,0.4618071223505263,0.13403616289345138,19,0.030750004675395307
1937,2,0.45807997800729844,0.10599230124097729,21,0.02312941635806382
1937,3,0.4902061838459244,0.08515906565180219,21,0.01858323164100464
1937,4,0.523622495777112,0.07816086272482238,21,0.01705609856283576
1937,5,0.4637872067885353,0.1312136719708918,21,0.028633170667605574
1938,1,0.4634879004720134,0.17161697547326935,19,0.039371634372846284
1938,2,0.45922521757826734,0.09150134002428031,21,0.01996722937386462
1938,3,0.4693849015371891,0.08351779665526185,21,0.018225077383269863
1938,4,0.4834608168545832,0.07067939710078928,21,0.015423508918486154
1938,5,0.47327610645162316,0.11625925121771528,21,0.025369848521146057
1939,1,0.4550977337051799,0.17597700573347183,19,0.04037189391468849
1939,2,0.4654433938960385,0.09445272327068797,21,0.020611273999173552
1939,3,0.48031520544971057,0.07185263295637856,21,0.015679529971642066
1939,4,0.5047679338147566,0.0719314157249205,21,0.01569672178118024
1939,5,0.4700639615304821,0.1276337253751335,21,0.02785196227432168
1940,1,0.44841495028310135,0.1698635661866163,20,0.03798264808938088
1940,2,0.49505409511193044,0.08454811394508568,21,0.018449911048528885
1940,3,0.4735316029885274,0.08919278888587064,21,0.01946346221493896
1940,4,0.5118580623976715,0.08131857375502564,21,0.017745167601821637
1940,5,0.5053738612921542,0.09025457410519043,21,0.019695162745382685
1941,1,0.4676902071433854,0.10545788479256063,18,0.024856661822136437
1941,2,0.4528292657681573,0.08829207412183641,21,0.019266910139427003
1941,3,0.48369745466840636,0.0765043306173434,21,0.016694613621233513
1941,4,0.5075042614711336,0.0641928800548421,21,0.014008034853739759
1941,5,0.49304667261339363,0.10110107126873859,21,0.02206206247286284
1942,1,0.4780893401878382,0.1543926225063351,19,0.035420096796491475
1942,2,0.4940359032954684,0.10423146471877875,21,0.022745170327139175
1942,3,0.4674734729159489,0.08273242451983949,21,0.018053695132827858
1942,4,0.47697092386097123,0.0912338249383727,21,0.01990885279621156
1942,5,0.4829824994234721,0.09604680411543437,21,0.02095913095797972
1943,1,0.4629046375437055,0.1171707256810685,19,0.026880808020268605
1943,2,0.4832107205526234,0.09323049620340254,21,0.0203445621871612
1943,3,0.4798637151976499,0.07281991490940284,21,0.015890608198694374
1943,4,0.48428922638898236,0.06409244730720358,21,0.013986118631439476
1943,5,0.4927671315484189,0.08536181762806704,21,0.018627475749506333
1944,1,0.4760578933336812,0.12360805113271887,19,0.028357631762922622
1944,2,0.49599018796918565,0.09910172534898806,21,0.021625769424402943
1944,3,0.4753890987702502,0.0693517304826798,21,0.015133788310145549
1944,4,0.48669673016331894,0.06169749207585617,21,0.013463496553645192
1944,5,0.49948234902717636,0.08213311316877368,21,0.017922914674203795
1945,1,0.47533581281406034,0.13447763955590572,19,0.030851286367898995
1945,2,0.47113772076113086,0.08686283563582903,21,0.018955024732366387
1945,3,0.482777511693417,0.09881979540375588,21,0.021564247266560026
1945,4,0.5156070315908977,0.12194439394368471,21,0.026610448372497604
1945,5,0.46926372520819676,0.139688893225837,21,0.03048261556914296
1946,1,0.4884288341938729,0.09246492241522174,19,0.021212908033172648
1946,2,0.48128376323502053,0.09141244027876841,21,0.019947829858956493
1946,3,0.46819390352254947,0.09517267578776188,21,0.02076838051851951
1946,4,0.497947317054773,0.08315606976752937,21,0.01814614210498725
1946,5,0.49096674153066483,0.08856905061207189,21,0.019327351364771157
1947,1,0.4788299272928514,0.11878286140710857,19,0.02725065732095704
1947,2,0.4978876548914964,0.08605949351809167,21,0.018779721110296025
1947,3,0.47394784048106314,0.07998339222336191,21,0.017453807104899917
1947,4,0.4764759693519445,0.060212820002687906,21,0.013139514546146116
1947,5,0.4951008833250084,0.14067749280890757,21,0.0306983456844488
1948,1,0.44214471863238647,0.15931902419608268,19,0.03655029085548609
1948,2,0.49726262879449706,0.09265343109726083,21,0.020218636257170148
1948,3,0.482231378324932,0.07436145087383544,21,0.016226998924575763
1948,4,0.4975948986420105,0.06628464241544181,21,0.014464494822944887
1948,5,0.49316001796141073,0.08231846092081821,21,0.017963360869614937
1949,1,0.46550463815813165,0.18055360199108114,19,0.0414218371037572
1949,2,0.4684815228794791,0.10074545942022718,21,0.02198446160553776
1949,3,0.4544506543741728,0.08396827712621245,21,0.018323380281233217
1949,4,0.47765423440241195,0.09898400726233712,21,0.021600081231891357
1949,5,0.506519073102173,0.168288809009443,21,0.036723628852368524
1950,1,0.5010158346758937,0.1555667805437584,19,0.035689467124326954
1950,2,0.48388481708207776,0.08617041305938497,21,0.018803925738582996
1950,3,0.4800190193808321,0.0848529179133817,21,0.018516424727426
1950,4,0.4520715851461492,0.07105406742484668,21,0.015505268686135996
1950,5,0.511810405372407,0.08288965855034919,21,0.018088006411238988
1951,1,0.4947902480512201,0.13696988333223692,19,0.031423046302830354
1951,2,0.4997553935483552,0.09755705966105367,21,0.02128869573686197
1951,3,0.4681567753558861,0.078059922771636,21,0.017034071659210906
1951,4,0.48261791096179446,0.0693901173489821,21,0.015142165011122807
1951,5,0.49754734128555533,0.10865682485358005,21,0.023710863079289983
1952,1,0.47110716697015864,0.13863009592329437,18,0.03267542696796767
1952,2,0.45732190569398024,0.09633119329737645,21,0.02102118976526906
1952,3,0.4741087572971557,0.09761934688509309,21,0.02130228792348051
1952,4,0.4806974496986394,0.07655710104109868,21,0.01670612907177225
1952,5,0.489197603306199,0.14011707600533133,21,0.030576052711919596
1953,1,0.5023313779561839,0.09510694204168961,19,0.021819028904679204
1953,2,0.4692506508421125,0.09889007603732008,21,0.021579583758140855
1953,3,0.47523641850499615,0.0986056565830332,21,0.0215175183448843
1953,4,0.48943864520049246,0.0693924941438199,21,0.015142683670277836
1953,5,0.4998979044008617,0.06090102859234929,20,0.013617883983215133
1954,1,0.46433897892713577,0.2135779631706825,20,0.04775748441455926
1954,2,0.4794438838964179,0.07128721121667987,21,0.015556144832511453
1954,3,0.4805631561541058,0.08397675892209958,21,0.01832523116083712
1954,4,0.48906692465335266,0.10065625868944114,21,0.021964996410258123
1954,5,0.5545658928922271,0.12548251079224676,21,0.027382528766599235
1955,1,0.495623231931467,0.1390358351460618,19,0.03189700815434021
1955,2,0.48462801678647793,0.0863972392161463,21,0.01885342326396179
1955,3,0.4790261501744927,0.07718017579227598,21,0.01684209512943348
1955,4,0.4899865219318536,0.08701959719669947,21,0.018989232909449635
1955,5,0.5254310090529432,0.134294127010345,21,0.029305381067281883
1956,1,0.502545488070839,0.15862610999468552,19,0.03639132543546322
1956,2,0.4798835755590399,0.10533843331301841,21,0.022986730678331655
1956,3,0.47034183256094775,0.08327027717678967,21,0.01817106420488535
1956,4,0.5124682320710692,0.08855962460995899,21,0.01932529444247672
1956,5,0.4971069387846412,0.0924193378225447,21,0.02016755291664316
1957,1,0.4719910658100962,0.19194400889029772,19,0.04403497566162528
1957,2,0.5049278125283837,0.07325884733820283,21,0.015986391107263267
1957,3,0.4752365017824231,0.0768585490418809,21,0.016771910418518804
1957,4,0.5090605685449154,0.0908738024165074,21,0.01983028944105267
1957,5,0.5192743134239376,0.07125662892002642,21,0.015549471228257165
1958,1,0.45877143853494723,0.13829466153689232,18,0.03259636432487833
1958,2,0.48186313345880205,0.08989928978562846,21,0.019617633350733944
1958,3,0.4812363224603023,0.08137279740801738,21,0.017757000172978384
1958,4,0.4919455484580262,0.07154815571711508,21,0.01561308759086511
1958,5,0.5222534720172322,0.06824983788486459,21,0.014893335632183657
1959,1,0.5286182961925312,0.15669918105389552,19,0.035949257618395465
1959,2,0.48510812556807437,0.08726670610800344,21,0.019043156494732903
1959,3,0.48501859691347654,0.07804877327804215,21,0.017031638640241657
1959,4,0.4970383615768935,0.06569413363381227,21,0.014335635242451862
1959,5,0.4926397818875249,0.07292284279960418,20,0.0163060433612446
1960,1,0.4730189752795747,0.18928720687713815,19,0.04342546347802749
1960,2,0.4833310698610376,0.08980247481375207,21,0.019596506591827823
1960,3,0.4914171976694017,0.09636113263541186,21,0.02102772306445021
1960,4,0.49870036905363496,0.09703263261273741,21,0.021174256372795706
1960,5,0.5373341185242467,0.1275840372860577,21,0.027841119444353697
1961,1,0.5317752493619043,0.15843593761101135,20,0.0354273526577137
1961,2,0.46869269065317987,0.0901240947142381,21,0.019666689807969793
1961,3,0.47993521492823016,0.09325056525751092,21,0.020348941613807764
1961,4,0.5008759922250812,0.07457693350668539,21,0.016274021090098775
1961,5,0.4722933320932079,0.141296481817511,21,0.03083342015998551
1962,1,0.5094987692259441,0.1174054978515994,19,0.026934668450063336
1962,2,0.47961943303492754,0.09745920598445984,21,0.02126734231400383
1962,3,0.4712039576018786,0.07785933034556863,21,0.016990298803197166
1962,4,0.4790795323775623,0.06633501616412298,21,0.014475487276105368
1962,5,0.5193507395408324,0.12921216375623648,21,0.028196405767713487
1963,1,0.4797767098216114,0.15397365699556376,19,0.03532397951637141
1963,2,0.48478028000089823,0.07730579993660827,21,0.016869508565172373
1963,3,0.4847830652221877,0.06897507220421209,21,0.015051594735278404
1963,4,0.463928549266518,0.06643521988767946,21,0.014497353521253656
1963,5,0.5249110008714468,0.0520579361782218,21,0.011359973002851501
1964,1,0.4919797408359824,0.11494440608395806,18,0.027092656333809
1964,2,0.47114786962554467,0.08460165006782373,21,0.018461593588284197
1964,3,0.46673954591009403,0.09836736379350743,21,0.021465518595095535
1964,4,0.48358685483389424,0.05892808935193946,21,0.012859163334018276
1964,5,0.5146139865583492,0.12714363299713005,21,0.027745015349573025
1965,1,0.43735723952107114,0.17966347586514844,18,0.0423470873719307
1965,2,0.4871489442057166,0.08639527294749154,21,0.01885299418896431
1965,3,0.4822746651652304,0.09118184220855002,21,0.019897509234580946
1965,4,0.47486460201643893,0.07146394763561514,21,0.015594711880979373
1965,5,0.4987753349470155,0.07933656147674814,21,0.01731265706403409
1966,1,0.5060079438302678,0.19905140437163016,19,0.04566552401188347
1966,2,0.4864392054721856,0.10500415462534589,21,0.0229137850883569
1966,3,0.48007961454750375,0.07537510602077983,21,0.016448196612168824
1966,4,0.4742394496709829,0.10311048904654713,21,0.022500553380938915
1966,5,0.4883041422157111,0.12815623695055595,21,0.02796598364793425
1967,1,0.5030178507876386,0.10736259779646515,19,0.024630669163726006
1967,2,0.47548292285690963,0.09465750540954494,21,0.020655961125472935
1967,3,0.47796725108334936,0.10315147092031454,21,0.02250949635897036
1967,4,0.48867229579990346,0.0811325384778419,21,0.017704571376125133
1967,5,0.4953922295266261,0.1361727519044387,21,0.029715330628215828
1968,1,0.5016923851607773,0.16635146849576038,19,0.0381636442254005
1968,2,0.4559383442008098,0.09595450903481394,21,0.02093899052020757
1968,3,0.48073880913723616,0.09128206502982508,21,0.019919379647193088
1968,4,0.49581930521206374,0.06764318887028478,21,0.014760953964108307
1968,5,0.5028129239175941,0.07766348057630668,21,0.016947560879745617
1969,1,0.44345194795978454,0.15249270901085063,19,0.03498422674763432
1969,2,0.49168180049339716,0.09269671871651143,21,0.020228082390116354
1969,3,0.4764055856407726,0.07802403829605793,21,0.017026241024658037
1969,4,0.5063233531886451,0.06742948349096548,21,0.014714319627101164
1969,5,0.48419860818993954,0.09541097391921834,21,0.02082038143401312
1970,1,0.4762883434487692,0.11272825664701971,19,0.025861635726625056
1970,2,0.49105619731248823,0.09093864033465501,21,0.01984443823475814
1970,3,0.47831141787805287,0.0769412711092045,21,0.01678996185352612
1970,4,0.4791032572422536,0.07598359297223992,21,0.01658097935095257
1970,5,0.44722782517414317,0.13529141162340688,21,0.029523006411509067
1971,1,0.465344608263729,0.13501151306217143,19,0.030973765350132992
1971,2,0.4896050027034941,0.09519669135323522,21,0.02077362114454993
1971,3,0.46041010150012357,0.06401197120746144,21,0.013968557306739324
1971,4,0.4809372402646708,0.07542850730731915,21,0.01645984972825332
1971,5,0.5134822879501916,0.08174631142214622,21,0.017838507613115156
1972,1,0.4385662056160764,0.18896155768984554,19,0.04335075443074041
1972,2,0.4954959302953985,0.09156506940878378,21,0.019981136265697003
1972,3,0.48505941251718143,0.09406014197569527,21,0.02052560573723413
1972,4,0.47484392602656245,0.11179796783279464,21,0.02439631667314379
1972,5,0.49487105635487744,0.08652173779417521,21,0.018880591080996642
1973,1,0.4918630326810662,0.1280522818963893,19,0.029377208225060195
1973,2,0.48963408571733397,0.07817859774845161,21,0.017059968662275413
1973,3,0.49313818817761335,0.09676492558088226,21,0.021115837909102937
1973,4,0.4933603751023363,0.0634780778279821,21,0.013852052219858378
1973,5,0.4797122620261457,0.13093308410361282,21,0.028571941375182142
1974,1,0.47507762573017304,0.16058574854896246,19,0.03684089735251372
1974,2,0.4821863562199926,0.0984463571181967,21,0.021482756351751956
1974,3,0.47847509934308297,0.0641210516928283,21,0.013992360620121998
1974,4,0.46287550574768294,0.07920345626875934,21,0.017283611126367348
1974,5,0.4773055724349797,0.1431052972553334,21,0.03122813604865341
1975,1,0.49457571287354857,0.14588058683042915,18,0.034384384063756476
1975,2,0.4771393861080536,0.09879906103739364,21,0.021559722656877077
1975,3,0.4777646740424248,0.0654709623457839,21,0.01428693527481706
1975,4,0.48818308651892284,0.051742003821010095,21,0.01129103091040348
1975,5,0.5075789566588303,0.15057201108404153,21,0.032857506587350004
1976,1,0.4848085327056566,0.14859457296396802,19,0.034089933005711455
1976,2,0.47497064244559695,0.09535948959074116,21,0.020809146632472613
1976,3,0.4843853633576755,0.08873544547758493,21,0.019363661701269515
1976,4,0.49652138323004696,0.0712358718074319,21,0.015544941654939401
1976,5,0.4579987161072318,0.12466676499722408,21,0.0272045184402405
1977,1,0.5190686926624591,0.1592142631825861,19,0.03652625703069375
1977,2,0.4619108138847342,0.10789266722884135,21,0.023544110214611755
1977,3,0.4839494549604198,0.06576886716424114,21,0.014351943435791938
1977,4,0.499853016013428,0.07045869960067605,21,0.015375348775631088
1977,5,0.4836236977768407,0.049469756005132426,21,0.010795185785929313
1978,1,0.5348769993573986,0.12972450990768122,19,0.029760843641469647
1978,2,0.47452931027878453,0.09180081317620221,21,0.02003257977325934
1978,3,0.49667777082937115,0.0767875630972683,21,0.016756420015449032
1978,4,0.49412983557246964,0.067537141973785,21,0.01473781263408805
1978,5,0.5024314616587576,0.08498692031100713,21,0.018545666447922386
1979,1,0.4928880031111584,0.19132824787555042,19,0.043893710396538145
1979,2,0.4961717145579272,0.09750030258215331,21,0.021276310326848374
1979,3,0.4869956709881101,0.09431281157360999,21,0.02058074276381786
1979,4,0.47452520666046605,0.048231000595579186,21,0.010524867193938182
1979,5,0.5213144463014705,0.12921354790936943,21,0.02819670781468992
1980,1,0.4958889457355343,0.20409398108088803,20,0.04563680154954216
1980,2,0.5017054935104429,0.08794446222793333,21,0.019191055005318532
1980,3,0.4655698699104353,0.09884392759036471,21,0.021569513341408587
1980,4,0.47124917874382727,0.057516953579097085,21,0.012551228262832077
1980,5,0.46087895376986315,0.13642518731159614,21,0.029770416550186588
1981,1,0.48297522220197553,0.15951570267963225,19,0.036595411994126165
1981,2,0.48008250339294006,0.08374132386720141,21,0.01827385501986965
1981,3,0.4959285559334295,0.08517443396493402,21,0.018586585281872754
1981,4,0.4825067498478373,0.09170735865984274,21,0.02001218632586635
1981,5,0.5009939508539705,0.16716860043221923,21,0.036479179300022486
1982,1,0.542579247095049,0.15204284159767598,19,0.03488102008489641
1982,2,0.48048844697542703,0.09687043787444051,21,0.021138862579197178
1982,3,0.4986553836829734,0.06932388693120406,21,0.015127712349085835
1982,4,0.4915506402513249,0.08173117742741781,21,0.017835205104714678
1982,5,0.47399918275152053,0.15024332310717184,21,0.032785780990491564
1983,1,0.4815091630526035,0.1369817433404344,19,0.03142576717531469
1983,2,0.4993664919242163,0.07879664769132153,21,0.017194838216868964
1983,3,0.4803449118134305,0.06815426726657778,21,0.014872480413492558
1983,4,0.48736368082825454,0.0948378743549492,21,0.020695320856203143
1983,5,0.46786964422114496,0.05375143909530068,21,0.011729525636524954
1984,1,0.45855965236932295,0.1573081924520434,19,0.0360889744152371
1984,2,0.49428279230099087,0.08685792938196449,21,0.018953954099999105
1984,3,0.4748703665590088,0.05758588091924096,21,0.012566269441577852
1984,4,0.5183750366587313,0.08388433176553795,21,0.01830506190173173
1984,5,0.4693153379918817,0.12672255800783244,21,0.02765312925377736
1985,1,0.49059247674808815,0.15395203271047087,19,0.0353190185651374
1985,2,0.49115336672488846,0.08917459080790005,21,0.01945949106875787
1985,3,0.4517518270138465,0.10061275308654397,21,0.021955502709380455
1985,4,0.49386384195012567,0.059799235148698025,21,0.013049262931874884
1985,5,0.5332405519791515,0.13417388715480325,21,0.029279142579683285
1986,1,0.469539921213508,0.1162312697491379,18,0.027395973008512747
1986,2,0.4901188771727135,0.09805062142770857,21,0.021396399744282552
1986,3,0.4766975008137302,0.11115269851115074,21,0.02425550736314065
1986,4,0.4918630156553082,0.09738167632806015,21,0.021250423955953567
1986,5,0.49245717586626936,0.0668463607656314,21,0.014587071816230101
1987,1,0.4575037698288681,0.11483179165503458,19,0.026344219754211206
1987,2,0.4647438521016043,0.1278853449505105,21,0.027906870167202523
1987,3,0.49071488051883716,0.06978836246570749,21,0.01522906922029141
1987,4,0.5068517833061323,0.09346371795112744,21,0.02039545534490688
1987,5,0.47909522684918365,0.1307490508354029,21,0.02853178202366014
1988,1,0.5211384036512547,0.12343776646055665,19,0.028318565779891617
1988,2,0.4946618545619418,0.10052275887537522,21,0.02193586436248576
1988,3,0.47757835845581936,0.09294324425354286,21,0.020281878672696648
1988,4,0.48627792830730215,0.07833315592609721,21,0.017093696021719958
1988,5,0.5103022324427429,0.14236437167211102,21,0.031066452831060746
1989,1,0.4934515742758429,0.11864542913465081,19,0.027219128195313642
1989,2,0.49200859870973723,0.11730509645480303,21,0.025598070662296708
1989,3,0.48822318933786046,0.09330956653120642,21,0.020361816747274834
1989,4,0.49682453362799006,0.05113336413986995,21,0.01115821484327117
1989,5,0.5252185258960704,0.08150652488926138,21,0.017786181901802024
1990,1,0.47461070158747926,0.13405096123750446,18,0.031596114571871475
1990,2,0.4936554179636134,0.11959873673870483,21,0.02609858400601004
1990,3,0.4776671547491131,0.09039603738201019,21,0.019726032563196164
1990,4,0.4748560771590086,0.062030019973720506,21,0.013536060089961758
1990,5,0.4849430984125818,0.13453795272383975,21,0.029358588200065996
1991,1,0.52276445481692,0.1153327320367951,19,0.026459143359518194
1991,2,0.4781709537449149,0.10501090911783323,21,0.022915259039457105
1991,3,0.4908181369062873,0.07559332033753269,21,0.01649581487998992
1991,4,0.49664876553618614,0.08662449295018482,21,0.01890301409435193
1991,5,0.4971656353213612,0.06009583968532608,21,0.013113987348092281
1992,1,0.5056681966505302,0.14311575806407048,18,0.03373270767391919
1992,2,0.4743073296792336,0.087573587616963,21,0.019110123530170494
1992,3,0.4844326389945553,0.09304753030451579,21,0.020304635754721002
1992,4,0.4863516815616992,0.07236438092122287,21,0.015791202532862952
1992,5,0.5312906279375061,0.14289590370888536,21,0.031182442630718482
1993,1,0.49800667371349094,0.11440254382479584,19,0.026245743548224638
1993,2,0.49906172017742584,0.0914430190901913,21,0.01995450270267112
1993,3,0.4695455540089146,0.09904707543153664,21,0.02161384383471512
1993,4,0.49384864584138216,0.10120175269882449,21,0.02208403296212213
1993,5,0.5037261055229436,0.07881793103515006,20,0.017624225164048588
1994,1,0.5318276328322724,0.13509281638281326,19,0.03099241761110415
1994,2,0.4834903170323098,0.10338592468360892,21,0.02256065836455435
1994,3,0.47147245732017556,0.0978912315008444,21,0.021361618010717384
1994,4,0.4872824135007505,0.06275082636274469,21,0.013693352939443239
1994,5,0.47841857146254085,0.12412339555100547,21,0.02708594550606798
1995,1,0.4870720785163997,0.16457501537524333,18,0.03879070312857163
1995,2,0.47853737984388467,0.08769825410237303,21,0.019137327987599807
1995,3,0.49959635095101806,0.08454449389872037,21,0.018449121089648492
1995,4,0.48266145038440994,0.07537991481734893,21,0.016449245977610705
1995,5,0.5094395241479702,0.07207054547649115,20,0.016115463886092418
1996,1,0.517508792715716,0.17671329812140874,19,0.04054081097321034
1996,2,0.4774080654288993,0.09471873299421897,21,0.020669322079824748
1996,3,0.4939828096633444,0.08910474475932006,21,0.019444249411395425
1996,4,0.49954270956106583,0.10462320996749076,21,0.022830656148823084
1996,5,0.4911961526352779,0.14420129329836193,21,0.03146730199287009
1997,1,0.4530094316369066,0.1647016731485705,19,0.0377851552150887
1997,2,0.48984567646021776,0.10919277527117649,21,0.023827817048688974
1997,3,0.4604932627686221,0.09658621958115782,21,0.021076841062870555
1997,4,0.5020257286320783,0.07726024617062723,21,0.016859567918467683
1997,5,0.4774651146042707,0.09613107005397672,20,0.02149556073904863
1998,1,0.4410333668756185,0.19683790153363367,19,0.04515771163387994
1998,2,0.5144751743444754,0.08415677177021065,21,0.01836451318476729
1998,3,0.4804870491416089,0.10197079309952603,21,0.02225185133586946
1998,4,0.4818576794534271,0.0652430879282941,21,0.014237209000193683
1998,5,0.5078233355864932,0.12393690464875003,21,0.02704524985482959
1999,1,0.4896789773707993,0.18776148542208482,19,0.04307543897073437
1999,2,0.4549872460984749,0.10615899318709195,21,0.023165791522864295
1999,3,0.49968558267733226,0.09590839362070702,21,0.0209289273118338
1999,4,0.5013537507247325,0.07900480963273068,21,0.0172402628765507
1999,5,0.5441443694332434,0.1243860175636707,21,0.027143254327601313
