draw,rt_quintile,p_choose_S
0,1,0.48484848484848486
0,2,0.4731934731934732
0,3,0.4840714840714841
0,4,0.5104895104895105
0,5,0.519036519036519
1,1,0.5097125097125097
1,2,0.46231546231546233
1,3,0.4825174825174825
1,4,0.4926184926184926
1,5,0.4972804972804973
2,1,0.4902874902874903
2,2,0.4405594405594406
2,3,0.4996114996114996
2,4,0.5236985236985237
2,5,0.5081585081585082
3,1,0.49106449106449107
3,2,0.44133644133644134
3,3,0.4988344988344988
3,4,0.5050505050505051
3,5,0.5268065268065268
4,1,0.5027195027195027
4,2,0.4654234654234654
4,3,0.508935508935509
4,4,0.48951048951048953
4,5,0.5198135198135199
5,1,0.49417249417249415
5,2,0.47707847707847706
5,3,0.4988344988344988
5,4,0.48717948717948717
5,5,0.5034965034965035
6,1,0.5003885003885004
6,2,0.44755244755244755
6,3,0.49417249417249415
6,4,0.4988344988344988
6,5,0.5244755244755245
7,1,0.5011655011655012
7,2,0.4763014763014763
7,3,0.4763014763014763
7,4,0.5135975135975136
7,5,0.5151515151515151
8,1,0.4887334887334887
8,2,0.4630924630924631
8,3,0.5042735042735043
8,4,0.5081585081585082
8,5,0.5073815073815073
9,1,0.4933954933954934
9,2,0.4522144522144522
9,3,0.5042735042735043
9,4,0.4972804972804973
9,5,0.5135975135975136
10,1,0.5205905205905206
10,2,0.4630924630924631
10,3,0.48951048951048953
10,4,0.5198135198135199
10,5,0.49805749805749805
11,1,0.5205905205905206
11,2,0.46231546231546233
11,3,0.4662004662004662
11,4,0.49417249417249415
11,5,0.5097125097125097
12,1,0.4965034965034965
12,2,0.4662004662004662
12,3,0.4996114996114996
12,4,0.48717948717948717
12,5,0.5345765345765345
13,1,0.494949494949495
13,2,0.4630924630924631
13,3,0.4794094794094794
13,4,0.4902874902874903
13,5,0.5244755244755245
14,1,0.5128205128205128
14,2,0.4506604506604507
14,3,0.4825174825174825
14,4,0.5050505050505051
14,5,0.5034965034965035
15,1,0.5112665112665112
15,2,0.45843045843045843
15,3,0.4801864801864802
15,4,0.5042735042735043
15,5,0.5221445221445221
16,1,0.4933954933954934
16,2,0.4662004662004662
16,3,0.48329448329448327
16,4,0.5120435120435121
16,5,0.5229215229215229
17,1,0.5229215229215229
17,2,0.4553224553224553
17,3,0.4662004662004662
17,4,0.5042735042735043
17,5,0.5369075369075369
18,1,0.4825174825174825
18,2,0.4654234654234654
18,3,0.4902874902874903
18,4,0.5003885003885004
18,5,0.5392385392385393
19,1,0.4902874902874903
19,2,0.4467754467754468
19,3,0.5058275058275058
19,4,0.5011655011655012
19,5,0.5167055167055167
20,1,0.45454545454545453
20,2,0.46076146076146074
20,3,0.4902874902874903
20,4,0.5221445221445221
20,5,0.5446775446775447
21,1,0.508935508935509
21,2,0.4662004662004662
21,3,0.48795648795648794
21,4,0.5003885003885004
21,5,0.5283605283605284
22,1,0.49106449106449107
22,2,0.47474747474747475
22,3,0.4700854700854701
22,4,0.5112665112665112
22,5,0.5213675213675214
23,1,0.49184149184149184
23,2,0.44988344988344986
23,3,0.5042735042735043
23,4,0.5058275058275058
23,5,0.48795648795648794
24,1,0.4887334887334887
24,2,0.4716394716394716
24,3,0.4996114996114996
24,4,0.5097125097125097
24,5,0.5198135198135199
25,1,0.49417249417249415
25,2,0.4716394716394716
25,3,0.4965034965034965
25,4,0.47474747474747475
25,5,0.5244755244755245
26,1,0.4840714840714841
26,2,0.4700854700854701
26,3,0.47474747474747475
26,4,0.526029526029526
26,5,0.5205905205905206
27,1,0.5073815073815073
27,2,0.4864024864024864
27,3,0.4887334887334887
27,4,0.49417249417249415
27,5,0.508935508935509
28,1,0.48951048951048953
28,2,0.4522144522144522
28,3,0.4716394716394716
28,4,0.5066045066045066
28,5,0.533022533022533
29,1,0.48717948717948717
29,2,0.4444444444444444
29,3,0.47241647241647244
29,4,0.5151515151515151
29,5,0.5236985236985237
30,1,0.494949494949495
30,2,0.43512043512043513
30,3,0.508935508935509
30,4,0.5034965034965035
30,5,0.5205905205905206
31,1,0.526029526029526
31,2,0.452991452991453
31,3,0.49184149184149184
31,4,0.5081585081585082
31,5,0.5128205128205128
32,1,0.5104895104895105
32,2,0.4677544677544678
32,3,0.4825174825174825
32,4,0.48951048951048953
32,5,0.5229215229215229
33,1,0.5050505050505051
33,2,0.46153846153846156
33,3,0.48717948717948717
33,4,0.5081585081585082
33,5,0.5213675213675214
34,1,0.494949494949495
34,2,0.473970473970474
34,3,0.48174048174048173
34,4,0.5392385392385393
34,5,0.5174825174825175
35,1,0.47785547785547783
35,2,0.48562548562548563
35,3,0.4926184926184926
35,4,0.5081585081585082
35,5,0.49805749805749805
36,1,0.47474747474747475
36,2,0.4560994560994561
36,3,0.48717948717948717
36,4,0.5151515151515151
36,5,0.5213675213675214
37,1,0.5003885003885004
37,2,0.4677544677544678
37,3,0.48174048174048173
37,4,0.5128205128205128
37,5,0.4996114996114996
38,1,0.46853146853146854
38,2,0.48717948717948717
38,3,0.47086247086247085
38,4,0.5120435120435121
38,5,0.5058275058275058
39,1,0.5135975135975136
39,2,0.45765345765345766
39,3,0.48951048951048953
39,4,0.5027195027195027
39,5,0.5120435120435121
40,1,0.508935508935509
40,2,0.46076146076146074
40,3,0.4801864801864802
40,4,0.494949494949495
40,5,0.5198135198135199
41,1,0.4887334887334887
41,2,0.46464646464646464
41,3,0.4965034965034965
41,4,0.48096348096348096
41,5,0.5213675213675214
42,1,0.5112665112665112
42,2,0.48484848484848486
42,3,0.45454545454545453
42,4,0.4933954933954934
42,5,0.5275835275835276
43,1,0.5143745143745144
43,2,0.466977466977467
43,3,0.47707847707847706
43,4,0.5174825174825175
43,5,0.5198135198135199
44,1,0.48096348096348096
44,2,0.47785547785547783
44,3,0.45454545454545453
44,4,0.5345765345765345
44,5,0.5003885003885004
45,1,0.4972804972804973
45,2,0.48096348096348096
45,3,0.49805749805749805
45,4,0.5213675213675214
45,5,0.49184149184149184
46,1,0.4592074592074592
46,2,0.452991452991453
46,3,0.49184149184149184
46,4,0.5229215229215229
46,5,0.5291375291375291
47,1,0.49805749805749805
47,2,0.4560994560994561
47,3,0.48562548562548563
47,4,0.5128205128205128
47,5,0.5299145299145299
48,1,0.47863247863247865
48,2,0.46464646464646464
48,3,0.4662004662004662
48,4,0.5244755244755245
48,5,0.5252525252525253
49,1,0.5221445221445221
49,2,0.4700854700854701
49,3,0.48484848484848486
49,4,0.5042735042735043
49,5,0.5252525252525253
50,1,0.4716394716394716
50,2,0.439005439005439
50,3,0.4902874902874903
50,4,0.5205905205905206
50,5,0.54001554001554
51,1,0.5042735042735043
51,2,0.4716394716394716
51,3,0.5034965034965035
51,4,0.48174048174048173
51,5,0.508935508935509
52,1,0.494949494949495
52,2,0.445998445998446
52,3,0.5003885003885004
52,4,0.5104895104895105
52,5,0.5198135198135199
53,1,0.5081585081585082
53,2,0.46853146853146854
53,3,0.5050505050505051
53,4,0.5073815073815073
53,5,0.5135975135975136
54,1,0.5097125097125097
54,2,0.46464646464646464
54,3,0.48562548562548563
54,4,0.5135975135975136
54,5,0.5198135198135199
55,1,0.47474747474747475
55,2,0.47707847707847706
55,3,0.473970473970474
55,4,0.4996114996114996
55,5,0.5283605283605284
56,1,0.49184149184149184
56,2,0.4444444444444444
56,3,0.5003885003885004
56,4,0.5198135198135199
56,5,0.5120435120435121
57,1,0.5205905205905206
57,2,0.46853146853146854
57,3,0.48795648795648794
57,4,0.46231546231546233
57,5,0.5337995337995338
58,1,0.5112665112665112
58,2,0.45998445998445997
58,3,0.4972804972804973
58,4,0.4926184926184926
58,5,0.5221445221445221
59,1,0.4825174825174825
59,2,0.466977466977467
59,3,0.4763014763014763
59,4,0.5361305361305362
59,5,0.5112665112665112
60,1,0.48096348096348096
60,2,0.48484848484848486
60,3,0.4731934731934732
60,4,0.48795648795648794
60,5,0.5174825174825175
61,1,0.5104895104895105
61,2,0.44988344988344986
61,3,0.4654234654234654
61,4,0.5003885003885004
61,5,0.5423465423465423
62,1,0.4700854700854701
62,2,0.4755244755244755
62,3,0.5050505050505051
62,4,0.4887334887334887
62,5,0.5306915306915307
63,1,0.4887334887334887
63,2,0.45843045843045843
63,3,0.4887334887334887
63,4,0.5042735042735043
63,5,0.5205905205905206
64,1,0.5011655011655012
64,2,0.45765345765345766
64,3,0.5019425019425019
64,4,0.48795648795648794
64,5,0.5050505050505051
65,1,0.5034965034965035
65,2,0.46076146076146074
65,3,0.4965034965034965
65,4,0.5042735042735043
65,5,0.4988344988344988
66,1,0.4887334887334887
66,2,0.4755244755244755
66,3,0.49106449106449107
66,4,0.5011655011655012
66,5,0.5112665112665112
67,1,0.48562548562548563
67,2,0.452991452991453
67,3,0.508935508935509
67,4,0.515928515928516
67,5,0.5011655011655012
68,1,0.48096348096348096
68,2,0.4654234654234654
68,3,0.5058275058275058
68,4,0.4801864801864802
68,5,0.5128205128205128
69,1,0.48717948717948717
69,2,0.45998445998445997
69,3,0.48562548562548563
69,4,0.526029526029526
69,5,0.5104895104895105
70,1,0.48562548562548563
70,2,0.4654234654234654
70,3,0.4926184926184926
70,4,0.5019425019425019
70,5,0.508935508935509
71,1,0.48484848484848486
71,2,0.4568764568764569
71,3,0.5073815073815073
71,4,0.5042735042735043
71,5,0.4926184926184926
72,1,0.4801864801864802
72,2,0.44522144522144524
72,3,0.49572649572649574
72,4,0.515928515928516
72,5,0.5151515151515151
73,1,0.4825174825174825
73,2,0.46153846153846156
73,3,0.5027195027195027
73,4,0.5081585081585082
73,5,0.5066045066045066
74,1,0.4560994560994561
74,2,0.48795648795648794
74,3,0.5073815073815073
74,4,0.5050505050505051
74,5,0.48717948717948717
75,1,0.4933954933954934
75,2,0.47863247863247865
75,3,0.47785547785547783
75,4,0.5229215229215229
75,5,0.5003885003885004
76,1,0.4887334887334887
76,2,0.4483294483294483
76,3,0.508935508935509
76,4,0.5275835275835276
76,5,0.5073815073815073
77,1,0.4965034965034965
77,2,0.4700854700854701
77,3,0.48174048174048173
77,4,0.5174825174825175
77,5,0.49805749805749805
78,1,0.48717948717948717
78,2,0.45454545454545453
78,3,0.49417249417249415
78,4,0.5174825174825175
78,5,0.5151515151515151
79,1,0.473970473970474
79,2,0.46153846153846156
79,3,0.5174825174825175
79,4,0.5034965034965035
79,5,0.4996114996114996
80,1,0.49184149184149184
80,2,0.45376845376845376
80,3,0.4972804972804973
80,4,0.5182595182595182
80,5,0.49106449106449107
81,1,0.5097125097125097
81,2,0.4755244755244755
81,3,0.4801864801864802
81,4,0.49417249417249415
81,5,0.508935508935509
82,1,0.4988344988344988
82,2,0.45998445998445997
82,3,0.4933954933954934
82,4,0.5011655011655012
82,5,0.5112665112665112
83,1,0.4887334887334887
83,2,0.4467754467754468
83,3,0.49572649572649574
83,4,0.5050505050505051
83,5,0.5314685314685315
84,1,0.48174048174048173
84,2,0.46076146076146074
84,3,0.4801864801864802
84,4,0.5198135198135199
84,5,0.5174825174825175
85,1,0.48795648795648794
85,2,0.47474747474747475
85,3,0.49184149184149184
85,4,0.5104895104895105
85,5,0.48951048951048953
86,1,0.48484848484848486
86,2,0.47707847707847706
86,3,0.49184149184149184
86,4,0.5104895104895105
86,5,0.5182595182595182
87,1,0.4763014763014763
87,2,0.48717948717948717
87,3,0.5034965034965035
87,4,0.4972804972804973
87,5,0.49805749805749805
88,1,0.5003885003885004
88,2,0.46853146853146854
88,3,0.5034965034965035
88,4,0.5019425019425019
88,5,0.4933954933954934
89,1,0.4693084693084693
89,2,0.5011655011655012
89,3,0.5050505050505051
89,4,0.4988344988344988
89,5,0.49805749805749805
90,1,0.47785547785547783
90,2,0.4763014763014763
90,3,0.494949494949495
90,4,0.5128205128205128
90,5,0.4926184926184926
91,1,0.4755244755244755
91,2,0.4716394716394716
91,3,0.5167055167055167
91,4,0.5167055167055167
91,5,0.4988344988344988
92,1,0.47785547785547783
92,2,0.47086247086247085
92,3,0.5135975135975136
92,4,0.48717948717948717
92,5,0.5112665112665112
93,1,0.4700854700854701
93,2,0.4763014763014763
93,3,0.49184149184149184
93,4,0.5213675213675214
93,5,0.5244755244755245
94,1,0.5081585081585082
94,2,0.4444444444444444
94,3,0.5306915306915307
94,4,0.4988344988344988
94,5,0.5003885003885004
95,1,0.49184149184149184
95,2,0.48484848484848486
95,3,0.4926184926184926
95,4,0.5073815073815073
95,5,0.515928515928516
96,1,0.48795648795648794
96,2,0.46386946386946387
96,3,0.4988344988344988
96,4,0.5182595182595182
96,5,0.5167055167055167
97,1,0.4902874902874903
97,2,0.47474747474747475
97,3,0.5034965034965035
97,4,0.5143745143745144
97,5,0.5104895104895105
98,1,0.4794094794094794
98,2,0.48329448329448327
98,3,0.515928515928516
98,4,0.4965034965034965
98,5,0.5104895104895105
99,1,0.48795648795648794
99,2,0.49106449106449107
99,3,0.4965034965034965
99,4,0.4996114996114996
99,5,0.5120435120435121
100,1,0.4693084693084693
100,2,0.4902874902874903
100,3,0.4972804972804973
100,4,0.5229215229215229
100,5,0.508935508935509
101,1,0.4825174825174825
101,2,0.4662004662004662
101,3,0.508935508935509
101,4,0.5042735042735043
101,5,0.5151515151515151
102,1,0.48174048174048173
102,2,0.4716394716394716
102,3,0.4825174825174825
102,4,0.5143745143745144
102,5,0.5151515151515151
103,1,0.48484848484848486
103,2,0.47474747474747475
103,3,0.48717948717948717
103,4,0.5019425019425019
103,5,0.5081585081585082
104,1,0.49572649572649574
104,2,0.4654234654234654
104,3,0.5011655011655012
104,4,0.4996114996114996
104,5,0.5073815073815073
105,1,0.4763014763014763
105,2,0.45454545454545453
105,3,0.5019425019425019
105,4,0.5034965034965035
105,5,0.5322455322455323
106,1,0.5034965034965035
106,2,0.46076146076146074
106,3,0.5027195027195027
106,4,0.5066045066045066
106,5,0.5081585081585082
107,1,0.4801864801864802
107,2,0.46386946386946387
107,3,0.494949494949495
107,4,0.5034965034965035
107,5,0.5299145299145299
108,1,0.5050505050505051
108,2,0.46386946386946387
108,3,0.48096348096348096
108,4,0.5104895104895105
108,5,0.5244755244755245
109,1,0.48562548562548563
109,2,0.47785547785547783
109,3,0.5042735042735043
109,4,0.5283605283605284
109,5,0.48951048951048953
110,1,0.48951048951048953
110,2,0.48717948717948717
110,3,0.48951048951048953
110,4,0.5104895104895105
110,5,0.526029526029526
111,1,0.5042735042735043
111,2,0.47241647241647244
111,3,0.5058275058275058
111,4,0.4700854700854701
111,5,0.5291375291375291
112,1,0.48717948717948717
112,2,0.5135975135975136
112,3,0.4926184926184926
112,4,0.49805749805749805
112,5,0.5151515151515151
113,1,0.5128205128205128
113,2,0.46464646464646464
113,3,0.4933954933954934
113,4,0.47785547785547783
113,5,0.5252525252525253
114,1,0.473970473970474
114,2,0.46076146076146074
114,3,0.5151515151515151
114,4,0.5058275058275058
114,5,0.5229215229215229
115,1,0.4763014763014763
115,2,0.4522144522144522
115,3,0.5135975135975136
115,4,0.5322455322455323
115,5,0.526029526029526
116,1,0.4654234654234654
116,2,0.46231546231546233
116,3,0.5120435120435121
116,4,0.5073815073815073
116,5,0.5376845376845377
117,1,0.48951048951048953
117,2,0.4654234654234654
117,3,0.5066045066045066
117,4,0.5081585081585082
117,5,0.5027195027195027
118,1,0.4825174825174825
118,2,0.4763014763014763
118,3,0.5003885003885004
118,4,0.5112665112665112
118,5,0.5027195027195027
119,1,0.49106449106449107
119,2,0.45998445998445997
119,3,0.5050505050505051
119,4,0.5143745143745144
119,5,0.49417249417249415
120,1,0.4700854700854701
120,2,0.4700854700854701
120,3,0.5011655011655012
120,4,0.515928515928516
120,5,0.5205905205905206
121,1,0.5097125097125097
121,2,0.47241647241647244
121,3,0.5042735042735043
121,4,0.4902874902874903
121,5,0.48484848484848486
122,1,0.49417249417249415
122,2,0.48329448329448327
122,3,0.5058275058275058
122,4,0.49572649572649574
122,5,0.5081585081585082
123,1,0.5112665112665112
123,2,0.4491064491064491
123,3,0.49572649572649574
123,4,0.5112665112665112
123,5,0.5291375291375291
124,1,0.4933954933954934
124,2,0.46231546231546233
124,3,0.48484848484848486
124,4,0.5151515151515151
124,5,0.5120435120435121
125,1,0.5019425019425019
125,2,0.47474747474747475
125,3,0.4926184926184926
125,4,0.5019425019425019
125,5,0.4840714840714841
126,1,0.49572649572649574
126,2,0.46853146853146854
126,3,0.5058275058275058
126,4,0.4988344988344988
126,5,0.49417249417249415
127,1,0.47785547785547783
127,2,0.4988344988344988
127,3,0.5042735042735043
127,4,0.4840714840714841
127,5,0.5283605283605284
128,1,0.4840714840714841
128,2,0.4662004662004662
128,3,0.5027195027195027
128,4,0.4864024864024864
128,5,0.5423465423465423
129,1,0.4933954933954934
129,2,0.45376845376845376
129,3,0.508935508935509
129,4,0.519036519036519
129,5,0.5135975135975136
130,1,0.4996114996114996
130,2,0.47785547785547783
130,3,0.5205905205905206
130,4,0.48096348096348096
130,5,0.5229215229215229
131,1,0.5104895104895105
131,2,0.4801864801864802
131,3,0.473970473970474
131,4,0.5073815073815073
131,5,0.5221445221445221
132,1,0.4902874902874903
132,2,0.47241647241647244
132,3,0.4972804972804973
132,4,0.5135975135975136
132,5,0.508935508935509
133,1,0.48484848484848486
133,2,0.47474747474747475
133,3,0.5042735042735043
133,4,0.4933954933954934
133,5,0.5167055167055167
134,1,0.4840714840714841
134,2,0.4825174825174825
134,3,0.48562548562548563
134,4,0.48484848484848486
134,5,0.5268065268065268
135,1,0.4887334887334887
135,2,0.46153846153846156
135,3,0.5167055167055167
135,4,0.4902874902874903
135,5,0.5167055167055167
136,1,0.4965034965034965
136,2,0.4397824397824398
136,3,0.49572649572649574
136,4,0.4926184926184926
136,5,0.5167055167055167
137,1,0.5104895104895105
137,2,0.48717948717948717
137,3,0.4972804972804973
137,4,0.4825174825174825
137,5,0.5050505050505051
138,1,0.5058275058275058
138,2,0.48329448329448327
138,3,0.508935508935509
138,4,0.49805749805749805
138,5,0.5128205128205128
139,1,0.473970473970474
139,2,0.466977466977467
139,3,0.5050505050505051
139,4,0.49184149184149184
139,5,0.5198135198135199
140,1,0.49106449106449107
140,2,0.48096348096348096
140,3,0.49106449106449107
140,4,0.48562548562548563
140,5,0.5182595182595182
141,1,0.4972804972804973
141,2,0.46464646464646464
141,3,0.4902874902874903
141,4,0.49572649572649574
141,5,0.5462315462315462
142,1,0.508935508935509
142,2,0.4568764568764569
142,3,0.5128205128205128
142,4,0.48096348096348096
142,5,0.5034965034965035
143,1,0.47474747474747475
143,2,0.4887334887334887
143,3,0.5027195027195027
143,4,0.5104895104895105
143,5,0.5034965034965035
144,1,0.5003885003885004
144,2,0.45143745143745145
144,3,0.5003885003885004
144,4,0.49572649572649574
144,5,0.5345765345765345
145,1,0.48096348096348096
145,2,0.4568764568764569
145,3,0.4972804972804973
145,4,0.5120435120435121
145,5,0.5252525252525253
146,1,0.47086247086247085
146,2,0.4693084693084693
146,3,0.4965034965034965
146,4,0.5050505050505051
146,5,0.5353535353535354
147,1,0.5034965034965035
147,2,0.452991452991453
147,3,0.494949494949495
147,4,0.5073815073815073
147,5,0.49184149184149184
148,1,0.4988344988344988
148,2,0.46464646464646464
148,3,0.4763014763014763
148,4,0.49417249417249415
148,5,0.5291375291375291
149,1,0.4864024864024864
149,2,0.4763014763014763
149,3,0.515928515928516
149,4,0.49106449106449107
149,5,0.5252525252525253
150,1,0.47863247863247865
150,2,0.445998445998446
150,3,0.5058275058275058
150,4,0.4972804972804973
150,5,0.5205905205905206
151,1,0.5120435120435121
151,2,0.45376845376845376
151,3,0.4926184926184926
151,4,0.5135975135975136
151,5,0.515928515928516
152,1,0.4972804972804973
152,2,0.48562548562548563
152,3,0.48951048951048953
152,4,0.4801864801864802
152,5,0.5369075369075369
153,1,0.49417249417249415
153,2,0.46386946386946387
153,3,0.4988344988344988
153,4,0.48795648795648794
153,5,0.5291375291375291
154,1,0.4864024864024864
154,2,0.4731934731934732
154,3,0.5003885003885004
154,4,0.5167055167055167
154,5,0.5011655011655012
155,1,0.5236985236985237
155,2,0.4568764568764569
155,3,0.4755244755244755
155,4,0.5050505050505051
155,5,0.5182595182595182
156,1,0.4972804972804973
156,2,0.47086247086247085
156,3,0.508935508935509
156,4,0.48096348096348096
156,5,0.5345765345765345
157,1,0.48562548562548563
157,2,0.4662004662004662
157,3,0.508935508935509
157,4,0.5174825174825175
157,5,0.5128205128205128
158,1,0.47707847707847706
158,2,0.46386946386946387
158,3,0.5198135198135199
158,4,0.5167055167055167
158,5,0.5135975135975136
159,1,0.49184149184149184
159,2,0.46464646464646464
159,3,0.49572649572649574
159,4,0.4988344988344988
159,5,0.526029526029526
160,1,0.5042735042735043
160,2,0.47785547785547783
160,3,0.4887334887334887
160,4,0.48795648795648794
160,5,0.4965034965034965
161,1,0.47241647241647244
161,2,0.48951048951048953
161,3,0.48562548562548563
161,4,0.5275835275835276
161,5,0.519036519036519
162,1,0.46464646464646464
162,2,0.49417249417249415
162,3,0.5073815073815073
162,4,0.49106449106449107
162,5,0.519036519036519
163,1,0.49417249417249415
163,2,0.4794094794094794
163,3,0.4794094794094794
163,4,0.5042735042735043
163,5,0.5221445221445221
164,1,0.48795648795648794
164,2,0.46153846153846156
164,3,0.4988344988344988
164,4,0.5034965034965035
164,5,0.5594405594405595
165,1,0.48717948717948717
165,2,0.48329448329448327
165,3,0.48951048951048953
165,4,0.5027195027195027
165,5,0.5369075369075369
166,1,0.4965034965034965
166,2,0.4887334887334887
166,3,0.4755244755244755
166,4,0.5081585081585082
166,5,0.5291375291375291
167,1,0.49805749805749805
167,2,0.46153846153846156
167,3,0.4972804972804973
167,4,0.519036519036519
167,5,0.5337995337995338
168,1,0.49184149184149184
168,2,0.44522144522144524
168,3,0.5167055167055167
168,4,0.519036519036519
168,5,0.5034965034965035
169,1,0.4988344988344988
169,2,0.47086247086247085
169,3,0.48795648795648794
169,4,0.515928515928516
169,5,0.5221445221445221
170,1,0.4825174825174825
170,2,0.46153846153846156
170,3,0.48329448329448327
170,4,0.5291375291375291
170,5,0.5135975135975136
171,1,0.5081585081585082
171,2,0.46386946386946387
171,3,0.5011655011655012
171,4,0.519036519036519
171,5,0.5120435120435121
172,1,0.4965034965034965
172,2,0.47785547785547783
172,3,0.48174048174048173
172,4,0.5042735042735043
172,5,0.533022533022533
173,1,0.5034965034965035
173,2,0.4731934731934732
173,3,0.494949494949495
173,4,0.48951048951048953
173,5,0.5143745143745144
174,1,0.5104895104895105
174,2,0.4677544677544678
174,3,0.5236985236985237
174,4,0.4864024864024864
174,5,0.4965034965034965
175,1,0.5104895104895105
175,2,0.4677544677544678
175,3,0.48562548562548563
175,4,0.5182595182595182
175,5,0.5306915306915307
176,1,0.49106449106449107
176,2,0.4553224553224553
176,3,0.4887334887334887
176,4,0.49572649572649574
176,5,0.5322455322455323
177,1,0.4801864801864802
177,2,0.494949494949495
177,3,0.47241647241647244
177,4,0.5034965034965035
177,5,0.5213675213675214
178,1,0.5066045066045066
178,2,0.47863247863247865
178,3,0.4864024864024864
178,4,0.519036519036519
178,5,0.5221445221445221
179,1,0.4864024864024864
179,2,0.46386946386946387
179,3,0.4972804972804973
179,4,0.5143745143745144
179,5,0.533022533022533
180,1,0.49184149184149184
180,2,0.4662004662004662
180,3,0.5104895104895105
180,4,0.5244755244755245
180,5,0.519036519036519
181,1,0.4933954933954934
181,2,0.4654234654234654
181,3,0.48795648795648794
181,4,0.5205905205905206
181,5,0.5470085470085471
182,1,0.49572649572649574
182,2,0.47863247863247865
182,3,0.4972804972804973
182,4,0.5058275058275058
182,5,0.5236985236985237
183,1,0.4825174825174825
183,2,0.4654234654234654
183,3,0.48795648795648794
183,4,0.49572649572649574
183,5,0.5508935508935509
184,1,0.494949494949495
184,2,0.4794094794094794
184,3,0.46386946386946387
184,4,0.5182595182595182
184,5,0.5213675213675214
185,1,0.48951048951048953
185,2,0.4763014763014763
185,3,0.49572649572649574
185,4,0.519036519036519
185,5,0.5050505050505051
186,1,0.4996114996114996
186,2,0.5019425019425019
186,3,0.4801864801864802
186,4,0.5073815073815073
186,5,0.5050505050505051
187,1,0.5073815073815073
187,2,0.45998445998445997
187,3,0.4864024864024864
187,4,0.5268065268065268
187,5,0.5407925407925408
188,1,0.5011655011655012
188,2,0.4926184926184926
188,3,0.4965034965034965
188,4,0.48717948717948717
188,5,0.5205905205905206
189,1,0.473970473970474
189,2,0.47707847707847706
189,3,0.49805749805749805
189,4,0.5229215229215229
189,5,0.5198135198135199
190,1,0.5011655011655012
190,2,0.45765345765345766
190,3,0.48795648795648794
190,4,0.5205905205905206
190,5,0.5198135198135199
191,1,0.49805749805749805
191,2,0.494949494949495
191,3,0.5073815073815073
191,4,0.5097125097125097
191,5,0.49106449106449107
192,1,0.5003885003885004
192,2,0.47707847707847706
192,3,0.4988344988344988
192,4,0.5003885003885004
192,5,0.5236985236985237
193,1,0.48096348096348096
193,2,0.4933954933954934
193,3,0.508935508935509
193,4,0.5128205128205128
193,5,0.5019425019425019
194,1,0.5167055167055167
194,2,0.48717948717948717
194,3,0.4755244755244755
194,4,0.5143745143745144
194,5,0.5104895104895105
195,1,0.47241647241647244
195,2,0.466977466977467
195,3,0.4794094794094794
195,4,0.5182595182595182
195,5,0.5252525252525253
196,1,0.4731934731934732
196,2,0.4840714840714841
196,3,0.48329448329448327
196,4,0.5151515151515151
196,5,0.5034965034965035
197,1,0.4693084693084693
197,2,0.4654234654234654
197,3,0.4972804972804973
197,4,0.5151515151515151
197,5,0.5003885003885004
198,1,0.473970473970474
198,2,0.4763014763014763
198,3,0.48329448329448327
198,4,0.5213675213675214
198,5,0.494949494949495
199,1,0.4902874902874903
199,2,0.47707847707847706
199,3,0.5019425019425019
199,4,0.4988344988344988
199,5,0.5011655011655012
200,1,0.4840714840714841
200,2,0.49106449106449107
200,3,0.4731934731934732
200,4,0.5229215229215229
200,5,0.5050505050505051
201,1,0.4755244755244755
201,2,0.4662004662004662
201,3,0.4864024864024864
201,4,0.515928515928516
201,5,0.5027195027195027
202,1,0.5128205128205128
202,2,0.4731934731934732
202,3,0.4988344988344988
202,4,0.4902874902874903
202,5,0.49417249417249415
203,1,0.49184149184149184
203,2,0.4483294483294483
203,3,0.4933954933954934
203,4,0.5283605283605284
203,5,0.5299145299145299
204,1,0.49184149184149184
204,2,0.45454545454545453
204,3,0.49417249417249415
204,4,0.5128205128205128
204,5,0.5236985236985237
205,1,0.4825174825174825
205,2,0.5019425019425019
205,3,0.48562548562548563
205,4,0.5034965034965035
205,5,0.5135975135975136
206,1,0.4763014763014763
206,2,0.466977466977467
206,3,0.5027195027195027
206,4,0.5112665112665112
206,5,0.5135975135975136
207,1,0.5058275058275058
207,2,0.4716394716394716
207,3,0.5003885003885004
207,4,0.508935508935509
207,5,0.5198135198135199
208,1,0.49572649572649574
208,2,0.4662004662004662
208,3,0.48096348096348096
208,4,0.5213675213675214
208,5,0.5198135198135199
209,1,0.49184149184149184
209,2,0.4840714840714841
209,3,0.4662004662004662
209,4,0.5205905205905206
209,5,0.5034965034965035
210,1,0.47863247863247865
210,2,0.49417249417249415
210,3,0.494949494949495
210,4,0.5120435120435121
210,5,0.5167055167055167
211,1,0.4794094794094794
211,2,0.4794094794094794
211,3,0.49417249417249415
211,4,0.5073815073815073
211,5,0.5198135198135199
212,1,0.47474747474747475
212,2,0.4794094794094794
212,3,0.49106449106449107
212,4,0.5097125097125097
212,5,0.5205905205905206
213,1,0.48174048174048173
213,2,0.4716394716394716
213,3,0.4825174825174825
213,4,0.5081585081585082
213,5,0.5322455322455323
214,1,0.45376845376845376
214,2,0.48562548562548563
214,3,0.5073815073815073
214,4,0.5120435120435121
214,5,0.5151515151515151
215,1,0.47707847707847706
215,2,0.4716394716394716
215,3,0.5073815073815073
215,4,0.4933954933954934
215,5,0.5369075369075369
216,1,0.47707847707847706
216,2,0.4840714840714841
216,3,0.4965034965034965
216,4,0.5066045066045066
216,5,0.5135975135975136
217,1,0.49106449106449107
217,2,0.48484848484848486
217,3,0.5058275058275058
217,4,0.5011655011655012
217,5,0.5027195027195027
218,1,0.5097125097125097
218,2,0.47707847707847706
218,3,0.4972804972804973
218,4,0.5081585081585082
218,5,0.494949494949495
219,1,0.5081585081585082
219,2,0.4693084693084693
219,3,0.49417249417249415
219,4,0.4933954933954934
219,5,0.5268065268065268
220,1,0.4926184926184926
220,2,0.48174048174048173
220,3,0.5003885003885004
220,4,0.508935508935509
220,5,0.4933954933954934
221,1,0.5042735042735043
221,2,0.4902874902874903
221,3,0.49184149184149184
221,4,0.4926184926184926
221,5,0.5244755244755245
222,1,0.5073815073815073
222,2,0.4825174825174825
222,3,0.4926184926184926
222,4,0.49417249417249415
222,5,0.5112665112665112
223,1,0.4763014763014763
223,2,0.4926184926184926
223,3,0.47785547785547783
223,4,0.49805749805749805
223,5,0.5244755244755245
224,1,0.4755244755244755
224,2,0.4887334887334887
224,3,0.47241647241647244
224,4,0.5221445221445221
224,5,0.5058275058275058
225,1,0.4716394716394716
225,2,0.4763014763014763
225,3,0.4996114996114996
225,4,0.5174825174825175
225,5,0.5120435120435121
226,1,0.4972804972804973
226,2,0.4568764568764569
226,3,0.48484848484848486
226,4,0.5135975135975136
226,5,0.5151515151515151
227,1,0.48174048174048173
227,2,0.494949494949495
227,3,0.47785547785547783
227,4,0.5135975135975136
227,5,0.5182595182595182
228,1,0.5011655011655012
228,2,0.46076146076146074
228,3,0.4887334887334887
228,4,0.5306915306915307
228,5,0.5275835275835276
229,1,0.5167055167055167
229,2,0.46076146076146074
229,3,0.4902874902874903
229,4,0.5198135198135199
229,5,0.5236985236985237
230,1,0.48795648795648794
230,2,0.4864024864024864
230,3,0.49106449106449107
230,4,0.5027195027195027
230,5,0.5384615384615384
231,1,0.49417249417249415
231,2,0.473970473970474
231,3,0.47474747474747475
231,4,0.5097125097125097
231,5,0.5345765345765345
232,1,0.4755244755244755
232,2,0.4864024864024864
232,3,0.46464646464646464
232,4,0.5167055167055167
232,5,0.519036519036519
233,1,0.47474747474747475
233,2,0.4902874902874903
233,3,0.4887334887334887
233,4,0.5275835275835276
233,5,0.5299145299145299
234,1,0.5058275058275058
234,2,0.47785547785547783
234,3,0.4755244755244755
234,4,0.5128205128205128
234,5,0.5213675213675214
235,1,0.48096348096348096
235,2,0.47086247086247085
235,3,0.49106449106449107
235,4,0.508935508935509
235,5,0.5042735042735043
236,1,0.49572649572649574
236,2,0.48562548562548563
236,3,0.47086247086247085
236,4,0.5058275058275058
236,5,0.515928515928516
237,1,0.47863247863247865
237,2,0.4763014763014763
237,3,0.4801864801864802
237,4,0.5275835275835276
237,5,0.5221445221445221
238,1,0.4716394716394716
238,2,0.47086247086247085
238,3,0.4700854700854701
238,4,0.5120435120435121
238,5,0.5275835275835276
239,1,0.46464646464646464
239,2,0.49106449106449107
239,3,0.4840714840714841
239,4,0.5291375291375291
239,5,0.4965034965034965
240,1,0.46464646464646464
240,2,0.4840714840714841
240,3,0.49184149184149184
240,4,0.5011655011655012
240,5,0.5283605283605284
241,1,0.4731934731934732
241,2,0.473970473970474
241,3,0.4763014763014763
241,4,0.5182595182595182
241,5,0.5244755244755245
242,1,0.4801864801864802
242,2,0.47785547785547783
242,3,0.49417249417249415
242,4,0.5151515151515151
242,5,0.5120435120435121
243,1,0.4560994560994561
243,2,0.48096348096348096
243,3,0.49572649572649574
243,4,0.5182595182595182
243,5,0.4926184926184926
244,1,0.4887334887334887
244,2,0.4700854700854701
244,3,0.4972804972804973
244,4,0.5034965034965035
244,5,0.5120435120435121
245,1,0.494949494949495
245,2,0.47241647241647244
245,3,0.48096348096348096
245,4,0.5291375291375291
245,5,0.5221445221445221
246,1,0.4926184926184926
246,2,0.48484848484848486
246,3,0.49572649572649574
246,4,0.5104895104895105
246,5,0.49805749805749805
247,1,0.4996114996114996
247,2,0.4693084693084693
247,3,0.4887334887334887
247,4,0.515928515928516
247,5,0.526029526029526
248,1,0.49417249417249415
248,2,0.48795648795648794
248,3,0.466977466977467
248,4,0.5104895104895105
248,5,0.4996114996114996
249,1,0.49184149184149184
249,2,0.45454545454545453
249,3,0.5034965034965035
249,4,0.5097125097125097
249,5,0.5516705516705517
250,1,0.4840714840714841
250,2,0.45765345765345766
250,3,0.494949494949495
250,4,0.5097125097125097
250,5,0.5073815073815073
251,1,0.5019425019425019
251,2,0.47863247863247865
251,3,0.4755244755244755
251,4,0.5081585081585082
251,5,0.5182595182595182
252,1,0.48717948717948717
252,2,0.47086247086247085
252,3,0.4972804972804973
252,4,0.519036519036519
252,5,0.508935508935509
253,1,0.49805749805749805
253,2,0.47474747474747475
253,3,0.48717948717948717
253,4,0.519036519036519
253,5,0.49805749805749805
254,1,0.5003885003885004
254,2,0.4716394716394716
254,3,0.47707847707847706
254,4,0.508935508935509
254,5,0.5003885003885004
255,1,0.5058275058275058
255,2,0.4568764568764569
255,3,0.5011655011655012
255,4,0.5058275058275058
255,5,0.5174825174825175
256,1,0.473970473970474
256,2,0.45765345765345766
256,3,0.4972804972804973
256,4,0.4965034965034965
256,5,0.5011655011655012
257,1,0.4926184926184926
257,2,0.47785547785547783
257,3,0.46153846153846156
257,4,0.5198135198135199
257,5,0.5019425019425019
258,1,0.5027195027195027
258,2,0.4654234654234654
258,3,0.48329448329448327
258,4,0.48717948717948717
258,5,0.4926184926184926
259,1,0.47863247863247865
259,2,0.473970473970474
259,3,0.5097125097125097
259,4,0.5112665112665112
259,5,0.5229215229215229
260,1,0.46464646464646464
260,2,0.4700854700854701
260,3,0.4825174825174825
260,4,0.5081585081585082
260,5,0.5042735042735043
261,1,0.48329448329448327
261,2,0.45843045843045843
261,3,0.4988344988344988
261,4,0.5283605283605284
261,5,0.5291375291375291
262,1,0.49106449106449107
262,2,0.4693084693084693
262,3,0.48795648795648794
262,4,0.48717948717948717
262,5,0.5011655011655012
263,1,0.47086247086247085
263,2,0.4840714840714841
263,3,0.48951048951048953
263,4,0.494949494949495
263,5,0.5120435120435121
264,1,0.4763014763014763
264,2,0.4522144522144522
264,3,0.4763014763014763
264,4,0.5244755244755245
264,5,0.5291375291375291
265,1,0.49572649572649574
265,2,0.46464646464646464
265,3,0.4864024864024864
265,4,0.4988344988344988
265,5,0.5097125097125097
266,1,0.5027195027195027
266,2,0.46076146076146074
266,3,0.4965034965034965
266,4,0.5042735042735043
266,5,0.5097125097125097
267,1,0.4902874902874903
267,2,0.46231546231546233
267,3,0.48329448329448327
267,4,0.48562548562548563
267,5,0.5073815073815073
268,1,0.4700854700854701
268,2,0.4553224553224553
268,3,0.5019425019425019
268,4,0.5135975135975136
268,5,0.5470085470085471
269,1,0.494949494949495
269,2,0.466977466977467
269,3,0.4902874902874903
269,4,0.5066045066045066
269,5,0.5135975135975136
270,1,0.48096348096348096
270,2,0.45843045843045843
270,3,0.48717948717948717
270,4,0.508935508935509
270,5,0.5174825174825175
271,1,0.466977466977467
271,2,0.46464646464646464
271,3,0.49572649572649574
271,4,0.5236985236985237
271,5,0.5353535353535354
272,1,0.4996114996114996
272,2,0.4693084693084693
272,3,0.46464646464646464
272,4,0.5244755244755245
272,5,0.5221445221445221
273,1,0.48096348096348096
273,2,0.48174048174048173
273,3,0.49417249417249415
273,4,0.5097125097125097
273,5,0.5027195027195027
274,1,0.4864024864024864
274,2,0.47086247086247085
274,3,0.47241647241647244
274,4,0.5236985236985237
274,5,0.515928515928516
275,1,0.4926184926184926
275,2,0.47707847707847706
275,3,0.4972804972804973
275,4,0.48174048174048173
275,5,0.5306915306915307
276,1,0.48096348096348096
276,2,0.46076146076146074
276,3,0.4887334887334887
276,4,0.4972804972804973
276,5,0.5306915306915307
277,1,0.48795648795648794
277,2,0.4654234654234654
277,3,0.47707847707847706
277,4,0.5112665112665112
277,5,0.5167055167055167
278,1,0.46153846153846156
278,2,0.48174048174048173
278,3,0.5034965034965035
278,4,0.5019425019425019
278,5,0.5058275058275058
279,1,0.473970473970474
279,2,0.4491064491064491
279,3,0.5081585081585082
279,4,0.49417249417249415
279,5,0.5345765345765345
280,1,0.4522144522144522
280,2,0.4840714840714841
280,3,0.5003885003885004
280,4,0.5182595182595182
280,5,0.5135975135975136
281,1,0.508935508935509
281,2,0.4568764568764569
281,3,0.4864024864024864
281,4,0.5120435120435121
281,5,0.5291375291375291
282,1,0.46153846153846156
282,2,0.49417249417249415
282,3,0.5128205128205128
282,4,0.4864024864024864
282,5,0.494949494949495
283,1,0.4840714840714841
283,2,0.4467754467754468
283,3,0.47863247863247865
283,4,0.5275835275835276
283,5,0.5143745143745144
284,1,0.4630924630924631
284,2,0.46231546231546233
284,3,0.4887334887334887
284,4,0.533022533022533
284,5,0.5221445221445221
285,1,0.4965034965034965
285,2,0.4421134421134421
285,3,0.4965034965034965
285,4,0.5314685314685315
285,5,0.5066045066045066
286,1,0.48562548562548563
286,2,0.4568764568764569
286,3,0.4840714840714841
286,4,0.5213675213675214
286,5,0.5128205128205128
287,1,0.46464646464646464
287,2,0.4693084693084693
287,3,0.5003885003885004
287,4,0.5174825174825175
287,5,0.5135975135975136
288,1,0.4864024864024864
288,2,0.4630924630924631
288,3,0.49184149184149184
288,4,0.5104895104895105
288,5,0.5244755244755245
289,1,0.46386946386946387
289,2,0.4592074592074592
289,3,0.5027195027195027
289,4,0.508935508935509
289,5,0.5135975135975136
290,1,0.466977466977467
290,2,0.46386946386946387
290,3,0.48717948717948717
290,4,0.5198135198135199
290,5,0.5392385392385393
291,1,0.48562548562548563
291,2,0.4677544677544678
291,3,0.5104895104895105
291,4,0.5167055167055167
291,5,0.4996114996114996
292,1,0.47241647241647244
292,2,0.46153846153846156
292,3,0.48174048174048173
292,4,0.5205905205905206
292,5,0.5151515151515151
293,1,0.4840714840714841
293,2,0.45454545454545453
293,3,0.48795648795648794
293,4,0.508935508935509
293,5,0.5547785547785548
294,1,0.48174048174048173
294,2,0.4421134421134421
294,3,0.4840714840714841
294,4,0.5143745143745144
294,5,0.5174825174825175
295,1,0.4677544677544678
295,2,0.4444444444444444
295,3,0.49106449106449107
295,4,0.5104895104895105
295,5,0.5198135198135199
296,1,0.4677544677544678
296,2,0.47707847707847706
296,3,0.4887334887334887
296,4,0.5167055167055167
296,5,0.5283605283605284
297,1,0.46853146853146854
297,2,0.47474747474747475
297,3,0.48484848484848486
297,4,0.5104895104895105
297,5,0.5462315462315462
298,1,0.47086247086247085
298,2,0.4902874902874903
298,3,0.4700854700854701
298,4,0.5229215229215229
298,5,0.5167055167055167
299,1,0.4825174825174825
299,2,0.4568764568764569
299,3,0.49805749805749805
299,4,0.49572649572649574
299,5,0.5314685314685315
300,1,0.48951048951048953
300,2,0.46386946386946387
300,3,0.4965034965034965
300,4,0.4965034965034965
300,5,0.5081585081585082
301,1,0.4755244755244755
301,2,0.47474747474747475
301,3,0.5081585081585082
301,4,0.519036519036519
301,5,0.5151515151515151
302,1,0.48174048174048173
302,2,0.4716394716394716
302,3,0.49184149184149184
302,4,0.5244755244755245
302,5,0.5205905205905206
303,1,0.4755244755244755
303,2,0.47785547785547783
303,3,0.48329448329448327
303,4,0.5120435120435121
303,5,0.5143745143745144
304,1,0.49184149184149184
304,2,0.4522144522144522
304,3,0.49572649572649574
304,4,0.5322455322455323
304,5,0.5167055167055167
305,1,0.4794094794094794
305,2,0.45143745143745145
305,3,0.49417249417249415
305,4,0.5213675213675214
305,5,0.5431235431235432
306,1,0.466977466977467
306,2,0.4755244755244755
306,3,0.4965034965034965
306,4,0.5050505050505051
306,5,0.5369075369075369
307,1,0.48717948717948717
307,2,0.46464646464646464
307,3,0.4840714840714841
307,4,0.5143745143745144
307,5,0.5213675213675214
308,1,0.48096348096348096
308,2,0.47474747474747475
308,3,0.49572649572649574
308,4,0.5027195027195027
308,5,0.5299145299145299
309,1,0.47241647241647244
309,2,0.46386946386946387
309,3,0.5011655011655012
309,4,0.5104895104895105
309,5,0.5205905205905206
310,1,0.47474747474747475
310,2,0.4731934731934732
310,3,0.4965034965034965
310,4,0.515928515928516
310,5,0.5205905205905206
311,1,0.4731934731934732
311,2,0.46076146076146074
311,3,0.5027195027195027
311,4,0.519036519036519
311,5,0.519036519036519
312,1,0.5050505050505051
312,2,0.46153846153846156
312,3,0.46853146853146854
312,4,0.5275835275835276
312,5,0.5415695415695416
313,1,0.5143745143745144
313,2,0.4700854700854701
313,3,0.4662004662004662
313,4,0.5128205128205128
313,5,0.5034965034965035
314,1,0.48096348096348096
314,2,0.46386946386946387
314,3,0.5003885003885004
314,4,0.5221445221445221
314,5,0.5291375291375291
315,1,0.4840714840714841
315,2,0.4662004662004662
315,3,0.4840714840714841
315,4,0.5174825174825175
315,5,0.5268065268065268
316,1,0.4755244755244755
316,2,0.4654234654234654
316,3,0.4755244755244755
316,4,0.5283605283605284
316,5,0.5174825174825175
317,1,0.5027195027195027
317,2,0.45376845376845376
317,3,0.4840714840714841
317,4,0.5003885003885004
317,5,0.5578865578865578
318,1,0.4972804972804973
318,2,0.4677544677544678
318,3,0.48484848484848486
318,4,0.5058275058275058
318,5,0.508935508935509
319,1,0.5011655011655012
319,2,0.4568764568764569
319,3,0.4887334887334887
319,4,0.49184149184149184
319,5,0.519036519036519
320,1,0.4763014763014763
320,2,0.48717948717948717
320,3,0.4988344988344988
320,4,0.5034965034965035
320,5,0.515928515928516
321,1,0.4662004662004662
321,2,0.4506604506604507
321,3,0.48562548562548563
321,4,0.5361305361305362
321,5,0.5213675213675214
322,1,0.4662004662004662
322,2,0.47086247086247085
322,3,0.48096348096348096
322,4,0.5213675213675214
322,5,0.5376845376845377
323,1,0.4700854700854701
323,2,0.4491064491064491
323,3,0.4988344988344988
323,4,0.5205905205905206
323,5,0.533022533022533
324,1,0.4794094794094794
324,2,0.4700854700854701
324,3,0.47474747474747475
324,4,0.5213675213675214
324,5,0.515928515928516
325,1,0.47241647241647244
325,2,0.4926184926184926
325,3,0.4794094794094794
325,4,0.5128205128205128
325,5,0.5314685314685315
326,1,0.5097125097125097
326,2,0.466977466977467
326,3,0.49417249417249415
326,4,0.5073815073815073
326,5,0.4988344988344988
327,1,0.4996114996114996
327,2,0.4825174825174825
327,3,0.48174048174048173
327,4,0.508935508935509
327,5,0.49106449106449107
328,1,0.4763014763014763
328,2,0.4926184926184926
328,3,0.4693084693084693
328,4,0.49417249417249415
328,5,0.5384615384615384
329,1,0.4926184926184926
329,2,0.4506604506604507
329,3,0.5112665112665112
329,4,0.5112665112665112
329,5,0.5213675213675214
330,1,0.48096348096348096
330,2,0.4700854700854701
330,3,0.4926184926184926
330,4,0.49805749805749805
330,5,0.5415695415695416
331,1,0.48096348096348096
331,2,0.47241647241647244
331,3,0.473970473970474
331,4,0.5314685314685315
331,5,0.5174825174825175
332,1,0.4755244755244755
332,2,0.47707847707847706
332,3,0.494949494949495
332,4,0.5244755244755245
332,5,0.49184149184149184
333,1,0.48562548562548563
333,2,0.4825174825174825
333,3,0.47241647241647244
333,4,0.5167055167055167
333,5,0.5182595182595182
334,1,0.4972804972804973
334,2,0.466977466977467
334,3,0.48951048951048953
334,4,0.508935508935509
334,5,0.5345765345765345
335,1,0.48329448329448327
335,2,0.45843045843045843
335,3,0.5066045066045066
335,4,0.5198135198135199
335,5,0.519036519036519
336,1,0.4693084693084693
336,2,0.49106449106449107
336,3,0.47474747474747475
336,4,0.4972804972804973
336,5,0.526029526029526
337,1,0.48717948717948717
337,2,0.4755244755244755
337,3,0.4972804972804973
337,4,0.5104895104895105
337,5,0.5128205128205128
338,1,0.4840714840714841
338,2,0.47707847707847706
338,3,0.4988344988344988
338,4,0.5174825174825175
338,5,0.5361305361305362
339,1,0.4693084693084693
339,2,0.4693084693084693
339,3,0.5003885003885004
339,4,0.5236985236985237
339,5,0.5042735042735043
340,1,0.508935508935509
340,2,0.5050505050505051
340,3,0.48174048174048173
340,4,0.519036519036519
340,5,0.4972804972804973
341,1,0.4996114996114996
341,2,0.4693084693084693
341,3,0.4840714840714841
341,4,0.519036519036519
341,5,0.5019425019425019
342,1,0.4988344988344988
342,2,0.48562548562548563
342,3,0.47086247086247085
342,4,0.5151515151515151
342,5,0.5073815073815073
343,1,0.48484848484848486
343,2,0.48329448329448327
343,3,0.494949494949495
343,4,0.49417249417249415
343,5,0.5198135198135199
344,1,0.4825174825174825
344,2,0.48717948717948717
344,3,0.4902874902874903
344,4,0.5081585081585082
344,5,0.5229215229215229
345,1,0.45765345765345766
345,2,0.4864024864024864
345,3,0.5151515151515151
345,4,0.5011655011655012
345,5,0.5182595182595182
346,1,0.4933954933954934
346,2,0.4421134421134421
346,3,0.4864024864024864
346,4,0.5306915306915307
346,5,0.5143745143745144
347,1,0.47474747474747475
347,2,0.4763014763014763
347,3,0.5027195027195027
347,4,0.49106449106449107
347,5,0.5027195027195027
348,1,0.47785547785547783
348,2,0.47785547785547783
348,3,0.473970473970474
348,4,0.5066045066045066
348,5,0.515928515928516
349,1,0.47785547785547783
349,2,0.4592074592074592
349,3,0.5027195027195027
349,4,0.5128205128205128
349,5,0.5097125097125097
350,1,0.4755244755244755
350,2,0.46386946386946387
350,3,0.5066045066045066
350,4,0.5252525252525253
350,5,0.5167055167055167
351,1,0.48484848484848486
351,2,0.46464646464646464
351,3,0.48717948717948717
351,4,0.5268065268065268
351,5,0.4972804972804973
352,1,0.45998445998445997
352,2,0.4755244755244755
352,3,0.5027195027195027
352,4,0.5120435120435121
352,5,0.508935508935509
353,1,0.48795648795648794
353,2,0.4568764568764569
353,3,0.4996114996114996
353,4,0.5050505050505051
353,5,0.4933954933954934
354,1,0.48329448329448327
354,2,0.47241647241647244
354,3,0.48174048174048173
354,4,0.5120435120435121
354,5,0.5198135198135199
355,1,0.5042735042735043
355,2,0.47863247863247865
355,3,0.4887334887334887
355,4,0.5081585081585082
355,5,0.5019425019425019
356,1,0.48562548562548563
356,2,0.4491064491064491
356,3,0.49572649572649574
356,4,0.49572649572649574
356,5,0.5299145299145299
357,1,0.4988344988344988
357,2,0.46231546231546233
357,3,0.4988344988344988
357,4,0.5174825174825175
357,5,0.49805749805749805
358,1,0.4801864801864802
358,2,0.45998445998445997
358,3,0.5019425019425019
358,4,0.49184149184149184
358,5,0.5229215229215229
359,1,0.49572649572649574
359,2,0.49106449106449107
359,3,0.48795648795648794
359,4,0.48717948717948717
359,5,0.5104895104895105
360,1,0.5034965034965035
360,2,0.45998445998445997
360,3,0.4755244755244755
360,4,0.5058275058275058
360,5,0.5205905205905206
361,1,0.4887334887334887
361,2,0.47863247863247865
361,3,0.48951048951048953
361,4,0.5058275058275058
361,5,0.5182595182595182
362,1,0.48174048174048173
362,2,0.4662004662004662
362,3,0.49106449106449107
362,4,0.466977466977467
362,5,0.5221445221445221
363,1,0.4700854700854701
363,2,0.48096348096348096
363,3,0.4902874902874903
363,4,0.5174825174825175
363,5,0.4965034965034965
364,1,0.4763014763014763
364,2,0.4693084693084693
364,3,0.49106449106449107
364,4,0.49572649572649574
364,5,0.5314685314685315
365,1,0.48096348096348096
365,2,0.4553224553224553
365,3,0.5027195027195027
365,4,0.5167055167055167
365,5,0.5268065268065268
366,1,0.47086247086247085
366,2,0.4755244755244755
366,3,0.4763014763014763
366,4,0.49106449106449107
366,5,0.5337995337995338
367,1,0.47241647241647244
367,2,0.48096348096348096
367,3,0.4965034965034965
367,4,0.4840714840714841
367,5,0.5252525252525253
368,1,0.48484848484848486
368,2,0.45998445998445997
368,3,0.473970473970474
368,4,0.5050505050505051
368,5,0.5345765345765345
369,1,0.4801864801864802
369,2,0.4972804972804973
369,3,0.48096348096348096
369,4,0.5034965034965035
369,5,0.5066045066045066
370,1,0.47241647241647244
370,2,0.4763014763014763
370,3,0.48717948717948717
370,4,0.5174825174825175
370,5,0.5104895104895105
371,1,0.5042735042735043
371,2,0.46386946386946387
371,3,0.47474747474747475
371,4,0.5081585081585082
371,5,0.5011655011655012
372,1,0.4700854700854701
372,2,0.4887334887334887
372,3,0.4716394716394716
372,4,0.5205905205905206
372,5,0.5066045066045066
373,1,0.4693084693084693
373,2,0.47086247086247085
373,3,0.49417249417249415
373,4,0.5268065268065268
373,5,0.5205905205905206
374,1,0.45998445998445997
374,2,0.47863247863247865
374,3,0.47863247863247865
374,4,0.515928515928516
374,5,0.5167055167055167
375,1,0.494949494949495
375,2,0.46464646464646464
375,3,0.4926184926184926
375,4,0.5174825174825175
375,5,0.5003885003885004
376,1,0.4926184926184926
376,2,0.45843045843045843
376,3,0.466977466977467
376,4,0.5019425019425019
376,5,0.5306915306915307
377,1,0.4731934731934732
377,2,0.46386946386946387
377,3,0.4801864801864802
377,4,0.5167055167055167
377,5,0.5066045066045066
378,1,0.4801864801864802
378,2,0.48096348096348096
378,3,0.473970473970474
378,4,0.5097125097125097
378,5,0.5205905205905206
379,1,0.48717948717948717
379,2,0.45998445998445997
379,3,0.48329448329448327
379,4,0.5003885003885004
379,5,0.5143745143745144
380,1,0.48329448329448327
380,2,0.473970473970474
380,3,0.47863247863247865
380,4,0.5066045066045066
380,5,0.5299145299145299
381,1,0.4902874902874903
381,2,0.4801864801864802
381,3,0.48329448329448327
381,4,0.48717948717948717
381,5,0.526029526029526
382,1,0.4988344988344988
382,2,0.4662004662004662
382,3,0.48562548562548563
382,4,0.5120435120435121
382,5,0.5182595182595182
383,1,0.47785547785547783
383,2,0.46853146853146854
383,3,0.48096348096348096
383,4,0.4972804972804973
383,5,0.5221445221445221
384,1,0.47863247863247865
384,2,0.4801864801864802
384,3,0.48174048174048173
384,4,0.5019425019425019
384,5,0.5104895104895105
385,1,0.4902874902874903
385,2,0.4491064491064491
385,3,0.4988344988344988
385,4,0.5003885003885004
385,5,0.5299145299145299
386,1,0.473970473970474
386,2,0.494949494949495
386,3,0.4693084693084693
386,4,0.5291375291375291
386,5,0.5112665112665112
387,1,0.48795648795648794
387,2,0.45143745143745145
387,3,0.4965034965034965
387,4,0.5097125097125097
387,5,0.5252525252525253
388,1,0.4794094794094794
388,2,0.4864024864024864
388,3,0.49417249417249415
388,4,0.526029526029526
388,5,0.5174825174825175
389,1,0.4840714840714841
389,2,0.46464646464646464
389,3,0.508935508935509
389,4,0.49184149184149184
389,5,0.49572649572649574
390,1,0.4887334887334887
390,2,0.49572649572649574
390,3,0.4988344988344988
390,4,0.5120435120435121
390,5,0.5034965034965035
391,1,0.49106449106449107
391,2,0.4965034965034965
391,3,0.5011655011655012
391,4,0.5066045066045066
391,5,0.4887334887334887
392,1,0.5034965034965035
392,2,0.4662004662004662
392,3,0.48096348096348096
392,4,0.533022533022533
392,5,0.4988344988344988
393,1,0.49184149184149184
393,2,0.4654234654234654
393,3,0.5058275058275058
393,4,0.5244755244755245
393,5,0.5097125097125097
394,1,0.48484848484848486
394,2,0.46853146853146854
394,3,0.4988344988344988
394,4,0.49805749805749805
394,5,0.5167055167055167
395,1,0.494949494949495
395,2,0.4794094794094794
395,3,0.4840714840714841
395,4,0.5081585081585082
395,5,0.5050505050505051
396,1,0.5042735042735043
396,2,0.48096348096348096
396,3,0.5066045066045066
396,4,0.5205905205905206
396,5,0.4972804972804973
397,1,0.5019425019425019
397,2,0.47241647241647244
397,3,0.5135975135975136
397,4,0.5027195027195027
397,5,0.4933954933954934
398,1,0.4887334887334887
398,2,0.45998445998445997
398,3,0.5058275058275058
398,4,0.5112665112665112
398,5,0.5151515151515151
399,1,0.48329448329448327
399,2,0.46464646464646464
399,3,0.4965034965034965
399,4,0.5066045066045066
399,5,0.5361305361305362
400,1,0.4972804972804973
400,2,0.46386946386946387
400,3,0.5066045066045066
400,4,0.515928515928516
400,5,0.4926184926184926
401,1,0.5003885003885004
401,2,0.4677544677544678
401,3,0.5097125097125097
401,4,0.5120435120435121
401,5,0.5058275058275058
402,1,0.48484848484848486
402,2,0.47086247086247085
402,3,0.5174825174825175
402,4,0.5066045066045066
402,5,0.5112665112665112
403,1,0.48096348096348096
403,2,0.4716394716394716
403,3,0.49184149184149184
403,4,0.5275835275835276
403,5,0.5306915306915307
404,1,0.49106449106449107
404,2,0.5066045066045066
404,3,0.4887334887334887
404,4,0.4902874902874903
404,5,0.5073815073815073
405,1,0.48795648795648794
405,2,0.5003885003885004
405,3,0.4794094794094794
405,4,0.5244755244755245
405,5,0.5112665112665112
406,1,0.4972804972804973
406,2,0.49417249417249415
406,3,0.4755244755244755
406,4,0.5011655011655012
406,5,0.5143745143745144
407,1,0.48951048951048953
407,2,0.4825174825174825
407,3,0.5073815073815073
407,4,0.5003885003885004
407,5,0.5027195027195027
408,1,0.5058275058275058
408,2,0.5011655011655012
408,3,0.47707847707847706
408,4,0.5058275058275058
408,5,0.494949494949495
409,1,0.49805749805749805
409,2,0.46464646464646464
409,3,0.5135975135975136
409,4,0.48951048951048953
409,5,0.4926184926184926
410,1,0.48329448329448327
410,2,0.49417249417249415
410,3,0.5112665112665112
410,4,0.5050505050505051
410,5,0.5174825174825175
411,1,0.4716394716394716
411,2,0.4840714840714841
411,3,0.49417249417249415
411,4,0.508935508935509
411,5,0.5143745143745144
412,1,0.5019425019425019
412,2,0.47474747474747475
412,3,0.5050505050505051
412,4,0.5376845376845377
412,5,0.4933954933954934
413,1,0.46853146853146854
413,2,0.4840714840714841
413,3,0.5050505050505051
413,4,0.494949494949495
413,5,0.5058275058275058
414,1,0.4731934731934732
414,2,0.48795648795648794
414,3,0.5011655011655012
414,4,0.5073815073815073
414,5,0.4902874902874903
415,1,0.4731934731934732
415,2,0.4887334887334887
415,3,0.4926184926184926
415,4,0.5058275058275058
415,5,0.5120435120435121
416,1,0.5104895104895105
416,2,0.48174048174048173
416,3,0.48951048951048953
416,4,0.5027195027195027
416,5,0.5081585081585082
417,1,0.49184149184149184
417,2,0.47474747474747475
417,3,0.5003885003885004
417,4,0.49805749805749805
417,5,0.4965034965034965
418,1,0.48951048951048953
418,2,0.46153846153846156
418,3,0.4996114996114996
418,4,0.519036519036519
418,5,0.519036519036519
419,1,0.47863247863247865
419,2,0.4825174825174825
419,3,0.48174048174048173
419,4,0.5151515151515151
419,5,0.5252525252525253
420,1,0.49106449106449107
420,2,0.4630924630924631
420,3,0.4864024864024864
420,4,0.5112665112665112
420,5,0.5229215229215229
421,1,0.5003885003885004
421,2,0.49184149184149184
421,3,0.4933954933954934
421,4,0.49417249417249415
421,5,0.5104895104895105
422,1,0.49572649572649574
422,2,0.47474747474747475
422,3,0.4965034965034965
422,4,0.5143745143745144
422,5,0.48484848484848486
423,1,0.49805749805749805
423,2,0.47785547785547783
423,3,0.4902874902874903
423,4,0.5182595182595182
423,5,0.4864024864024864
424,1,0.48174048174048173
424,2,0.5042735042735043
424,3,0.4933954933954934
424,4,0.4933954933954934
424,5,0.5097125097125097
425,1,0.4926184926184926
425,2,0.4700854700854701
425,3,0.4763014763014763
425,4,0.49572649572649574
425,5,0.5291375291375291
426,1,0.4988344988344988
426,2,0.452991452991453
426,3,0.4887334887334887
426,4,0.5042735042735043
426,5,0.5205905205905206
427,1,0.48562548562548563
427,2,0.4731934731934732
427,3,0.5198135198135199
427,4,0.5097125097125097
427,5,0.5081585081585082
428,1,0.5073815073815073
428,2,0.4763014763014763
428,3,0.4988344988344988
428,4,0.49805749805749805
428,5,0.4926184926184926
429,1,0.4864024864024864
429,2,0.46231546231546233
429,3,0.5019425019425019
429,4,0.5034965034965035
429,5,0.5322455322455323
430,1,0.5073815073815073
430,2,0.47785547785547783
430,3,0.49572649572649574
430,4,0.4840714840714841
430,5,0.5167055167055167
431,1,0.4988344988344988
431,2,0.4801864801864802
431,3,0.48484848484848486
431,4,0.5174825174825175
431,5,0.5027195027195027
432,1,0.5120435120435121
432,2,0.4693084693084693
432,3,0.4794094794094794
432,4,0.5275835275835276
432,5,0.5120435120435121
433,1,0.5011655011655012
433,2,0.46076146076146074
433,3,0.4996114996114996
433,4,0.515928515928516
433,5,0.4972804972804973
434,1,0.4825174825174825
434,2,0.48717948717948717
434,3,0.5143745143745144
434,4,0.4926184926184926
434,5,0.5213675213675214
435,1,0.5073815073815073
435,2,0.48174048174048173
435,3,0.5011655011655012
435,4,0.4965034965034965
435,5,0.4972804972804973
436,1,0.5221445221445221
436,2,0.4933954933954934
436,3,0.48484848484848486
436,4,0.4887334887334887
436,5,0.5120435120435121
437,1,0.4972804972804973
437,2,0.4902874902874903
437,3,0.48795648795648794
437,4,0.5128205128205128
437,5,0.519036519036519
438,1,0.5058275058275058
438,2,0.49184149184149184
438,3,0.5081585081585082
438,4,0.5027195027195027
438,5,0.4996114996114996
439,1,0.48562548562548563
439,2,0.4716394716394716
439,3,0.5275835275835276
439,4,0.4965034965034965
439,5,0.5135975135975136
440,1,0.4801864801864802
440,2,0.5058275058275058
440,3,0.48562548562548563
440,4,0.5143745143745144
440,5,0.5151515151515151
441,1,0.5073815073815073
441,2,0.46853146853146854
441,3,0.49417249417249415
441,4,0.48717948717948717
441,5,0.5112665112665112
442,1,0.4996114996114996
442,2,0.48795648795648794
442,3,0.48795648795648794
442,4,0.5003885003885004
442,5,0.49572649572649574
443,1,0.49417249417249415
443,2,0.46464646464646464
443,3,0.5034965034965035
443,4,0.5283605283605284
443,5,0.5229215229215229
444,1,0.508935508935509
444,2,0.4887334887334887
444,3,0.4902874902874903
444,4,0.48795648795648794
444,5,0.5314685314685315
445,1,0.473970473970474
445,2,0.4716394716394716
445,3,0.49572649572649574
445,4,0.5221445221445221
445,5,0.515928515928516
446,1,0.47863247863247865
446,2,0.47785547785547783
446,3,0.5034965034965035
446,4,0.5081585081585082
446,5,0.5299145299145299
447,1,0.5011655011655012
447,2,0.5027195027195027
447,3,0.4716394716394716
447,4,0.5151515151515151
447,5,0.5034965034965035
448,1,0.49417249417249415
448,2,0.4693084693084693
448,3,0.5198135198135199
448,4,0.515928515928516
448,5,0.5019425019425019
449,1,0.49805749805749805
449,2,0.4902874902874903
449,3,0.5027195027195027
449,4,0.4902874902874903
449,5,0.4972804972804973
450,1,0.5112665112665112
450,2,0.46231546231546233
450,3,0.48951048951048953
450,4,0.5081585081585082
450,5,0.5283605283605284
451,1,0.49184149184149184
451,2,0.4794094794094794
451,3,0.5058275058275058
451,4,0.5104895104895105
451,5,0.5198135198135199
452,1,0.5151515151515151
452,2,0.4840714840714841
452,3,0.49106449106449107
452,4,0.49805749805749805
452,5,0.5011655011655012
453,1,0.5003885003885004
453,2,0.48329448329448327
453,3,0.5112665112665112
453,4,0.4972804972804973
453,5,0.5066045066045066
454,1,0.48795648795648794
454,2,0.48795648795648794
454,3,0.5097125097125097
454,4,0.519036519036519
454,5,0.508935508935509
455,1,0.4996114996114996
455,2,0.4887334887334887
455,3,0.5236985236985237
455,4,0.4840714840714841
455,5,0.5097125097125097
456,1,0.5027195027195027
456,2,0.4763014763014763
456,3,0.4794094794094794
456,4,0.5252525252525253
456,5,0.5182595182595182
457,1,0.5066045066045066
457,2,0.4630924630924631
457,3,0.5097125097125097
457,4,0.5058275058275058
457,5,0.5299145299145299
458,1,0.5050505050505051
458,2,0.48329448329448327
458,3,0.48951048951048953
458,4,0.5112665112665112
458,5,0.5275835275835276
459,1,0.5081585081585082
459,2,0.49184149184149184
459,3,0.515928515928516
459,4,0.48562548562548563
459,5,0.5128205128205128
460,1,0.5066045066045066
460,2,0.473970473970474
460,3,0.49805749805749805
460,4,0.5050505050505051
460,5,0.5322455322455323
461,1,0.46076146076146074
461,2,0.5042735042735043
461,3,0.5034965034965035
461,4,0.4887334887334887
461,5,0.5462315462315462
462,1,0.49106449106449107
462,2,0.48951048951048953
462,3,0.508935508935509
462,4,0.5268065268065268
462,5,0.5252525252525253
463,1,0.5027195027195027
463,2,0.4825174825174825
463,3,0.49417249417249415
463,4,0.5112665112665112
463,5,0.494949494949495
464,1,0.4926184926184926
464,2,0.494949494949495
464,3,0.5073815073815073
464,4,0.4864024864024864
464,5,0.526029526029526
465,1,0.4933954933954934
465,2,0.5120435120435121
465,3,0.5034965034965035
465,4,0.5151515151515151
465,5,0.4887334887334887
466,1,0.494949494949495
466,2,0.47707847707847706
466,3,0.5143745143745144
466,4,0.5268065268065268
466,5,0.515928515928516
467,1,0.526029526029526
467,2,0.48329448329448327
467,3,0.4902874902874903
467,4,0.49417249417249415
467,5,0.5104895104895105
468,1,0.49417249417249415
468,2,0.45998445998445997
468,3,0.5135975135975136
468,4,0.5283605283605284
468,5,0.515928515928516
469,1,0.4794094794094794
469,2,0.4700854700854701
469,3,0.5252525252525253
469,4,0.5198135198135199
469,5,0.5205905205905206
470,1,0.5104895104895105
470,2,0.45765345765345766
470,3,0.5081585081585082
470,4,0.5167055167055167
470,5,0.526029526029526
471,1,0.48329448329448327
471,2,0.4716394716394716
471,3,0.5353535353535354
471,4,0.5120435120435121
471,5,0.4996114996114996
472,1,0.5011655011655012
472,2,0.48717948717948717
472,3,0.526029526029526
472,4,0.48096348096348096
472,5,0.5143745143745144
473,1,0.49106449106449107
473,2,0.4864024864024864
473,3,0.5120435120435121
473,4,0.5221445221445221
473,5,0.515928515928516
474,1,0.4662004662004662
474,2,0.48329448329448327
474,3,0.5135975135975136
474,4,0.5322455322455323
474,5,0.48951048951048953
475,1,0.48795648795648794
475,2,0.48951048951048953
475,3,0.4933954933954934
475,4,0.4965034965034965
475,5,0.5167055167055167
476,1,0.5112665112665112
476,2,0.4662004662004662
476,3,0.5003885003885004
476,4,0.5229215229215229
476,5,0.5174825174825175
477,1,0.5081585081585082
477,2,0.49417249417249415
477,3,0.49417249417249415
477,4,0.5236985236985237
477,5,0.515928515928516
478,1,0.47863247863247865
478,2,0.4825174825174825
478,3,0.5081585081585082
478,4,0.5213675213675214
478,5,0.5034965034965035
479,1,0.494949494949495
479,2,0.48174048174048173
479,3,0.5050505050505051
479,4,0.4965034965034965
479,5,0.5151515151515151
480,1,0.5050505050505051
480,2,0.48717948717948717
480,3,0.5198135198135199
480,4,0.5112665112665112
480,5,0.4996114996114996
481,1,0.5097125097125097
481,2,0.47241647241647244
481,3,0.5034965034965035
481,4,0.47863247863247865
481,5,0.5283605283605284
482,1,0.5019425019425019
482,2,0.4358974358974359
482,3,0.48484848484848486
482,4,0.5221445221445221
482,5,0.5516705516705517
483,1,0.5034965034965035
483,2,0.4677544677544678
483,3,0.494949494949495
483,4,0.5120435120435121
483,5,0.5205905205905206
484,1,0.4996114996114996
484,2,0.48795648795648794
484,3,0.4965034965034965
484,4,0.4996114996114996
484,5,0.5236985236985237
485,1,0.5143745143745144
485,2,0.47863247863247865
485,3,0.4840714840714841
485,4,0.5050505050505051
485,5,0.5244755244755245
486,1,0.5019425019425019
486,2,0.4428904428904429
486,3,0.5003885003885004
486,4,0.5299145299145299
486,5,0.5198135198135199
487,1,0.4794094794094794
487,2,0.43512043512043513
487,3,0.5392385392385393
487,4,0.5143745143745144
487,5,0.5151515151515151
488,1,0.4825174825174825
488,2,0.4902874902874903
488,3,0.48795648795648794
488,4,0.5027195027195027
488,5,0.515928515928516
489,1,0.46853146853146854
489,2,0.45765345765345766
489,3,0.508935508935509
489,4,0.515928515928516
489,5,0.5151515151515151
490,1,0.48096348096348096
490,2,0.48562548562548563
490,3,0.4988344988344988
490,4,0.5097125097125097
490,5,0.5275835275835276
491,1,0.48329448329448327
491,2,0.49106449106449107
491,3,0.5034965034965035
491,4,0.4933954933954934
491,5,0.5174825174825175
492,1,0.47474747474747475
492,2,0.4902874902874903
492,3,0.48951048951048953
492,4,0.48951048951048953
492,5,0.5268065268065268
493,1,0.4864024864024864
493,2,0.4654234654234654
493,3,0.4825174825174825
493,4,0.5268065268065268
493,5,0.5205905205905206
494,1,0.4662004662004662
494,2,0.4716394716394716
494,3,0.48951048951048953
494,4,0.4996114996114996
494,5,0.5337995337995338
495,1,0.48484848484848486
495,2,0.4755244755244755
495,3,0.4965034965034965
495,4,0.5143745143745144
495,5,0.5182595182595182
496,1,0.48951048951048953
496,2,0.48484848484848486
496,3,0.4996114996114996
496,4,0.4965034965034965
496,5,0.5151515151515151
497,1,0.4988344988344988
497,2,0.46386946386946387
497,3,0.4926184926184926
497,4,0.4972804972804973
497,5,0.5244755244755245
498,1,0.5019425019425019
498,2,0.48174048174048173
498,3,0.48096348096348096
498,4,0.5058275058275058
498,5,0.533022533022533
499,1,0.5128205128205128
499,2,0.466977466977467
499,3,0.5066045066045066
499,4,0.5011655011655012
499,5,0.5081585081585082
500,1,0.49417249417249415
500,2,0.4794094794094794
500,3,0.4902874902874903
500,4,0.4825174825174825
500,5,0.5252525252525253
501,1,0.48717948717948717
501,2,0.46153846153846156
501,3,0.4965034965034965
501,4,0.519036519036519
501,5,0.5229215229215229
502,1,0.5034965034965035
502,2,0.4700854700854701
502,3,0.5027195027195027
502,4,0.5066045066045066
502,5,0.5104895104895105
503,1,0.48096348096348096
503,2,0.47785547785547783
503,3,0.5135975135975136
503,4,0.49805749805749805
503,5,0.5299145299145299
504,1,0.48329448329448327
504,2,0.4560994560994561
504,3,0.4840714840714841
504,4,0.5221445221445221
504,5,0.5384615384615384
505,1,0.4864024864024864
505,2,0.4864024864024864
505,3,0.47785547785547783
505,4,0.519036519036519
505,5,0.5337995337995338
506,1,0.5011655011655012
506,2,0.4630924630924631
506,3,0.49106449106449107
506,4,0.5120435120435121
506,5,0.519036519036519
507,1,0.4840714840714841
507,2,0.445998445998446
507,3,0.47086247086247085
507,4,0.5205905205905206
507,5,0.5524475524475524
508,1,0.5050505050505051
508,2,0.45998445998445997
508,3,0.5058275058275058
508,4,0.4988344988344988
508,5,0.5508935508935509
509,1,0.4755244755244755
509,2,0.46386946386946387
509,3,0.5027195027195027
509,4,0.515928515928516
509,5,0.5097125097125097
510,1,0.47474747474747475
510,2,0.4731934731934732
510,3,0.4902874902874903
510,4,0.5236985236985237
510,5,0.5314685314685315
511,1,0.4926184926184926
511,2,0.4794094794094794
511,3,0.4755244755244755
511,4,0.5283605283605284
511,5,0.5299145299145299
512,1,0.48174048174048173
512,2,0.4700854700854701
512,3,0.5027195027195027
512,4,0.4988344988344988
512,5,0.5322455322455323
513,1,0.49106449106449107
513,2,0.4965034965034965
513,3,0.4887334887334887
513,4,0.49417249417249415
513,5,0.5252525252525253
514,1,0.494949494949495
514,2,0.4716394716394716
514,3,0.4864024864024864
514,4,0.5003885003885004
514,5,0.5229215229215229
515,1,0.4887334887334887
515,2,0.4630924630924631
515,3,0.5050505050505051
515,4,0.5050505050505051
515,5,0.5353535353535354
516,1,0.4988344988344988
516,2,0.4592074592074592
516,3,0.4755244755244755
516,4,0.5213675213675214
516,5,0.5268065268065268
517,1,0.48096348096348096
517,2,0.47474747474747475
517,3,0.49106449106449107
517,4,0.5229215229215229
517,5,0.5268065268065268
518,1,0.5019425019425019
518,2,0.45143745143745145
518,3,0.5135975135975136
518,4,0.5073815073815073
518,5,0.5252525252525253
519,1,0.4965034965034965
519,2,0.452991452991453
519,3,0.4988344988344988
519,4,0.5229215229215229
519,5,0.5431235431235432
520,1,0.4933954933954934
520,2,0.4522144522144522
520,3,0.48562548562548563
520,4,0.5275835275835276
520,5,0.5423465423465423
521,1,0.5019425019425019
521,2,0.45454545454545453
521,3,0.5019425019425019
521,4,0.5112665112665112
521,5,0.5291375291375291
522,1,0.4902874902874903
522,2,0.4840714840714841
522,3,0.508935508935509
522,4,0.4887334887334887
522,5,0.5205905205905206
523,1,0.5066045066045066
523,2,0.4630924630924631
523,3,0.4731934731934732
523,4,0.5167055167055167
523,5,0.5182595182595182
524,1,0.4864024864024864
524,2,0.4630924630924631
524,3,0.5003885003885004
524,4,0.5081585081585082
524,5,0.5291375291375291
525,1,0.4965034965034965
525,2,0.46231546231546233
525,3,0.5151515151515151
525,4,0.49572649572649574
525,5,0.5174825174825175
526,1,0.4592074592074592
526,2,0.4630924630924631
526,3,0.4902874902874903
526,4,0.5244755244755245
526,5,0.5322455322455323
527,1,0.473970473970474
527,2,0.4731934731934732
527,3,0.5112665112665112
527,4,0.47863247863247865
527,5,0.5198135198135199
528,1,0.4988344988344988
528,2,0.46464646464646464
528,3,0.4902874902874903
528,4,0.5198135198135199
528,5,0.5174825174825175
529,1,0.48096348096348096
529,2,0.4592074592074592
529,3,0.46464646464646464
529,4,0.5182595182595182
529,5,0.5182595182595182
530,1,0.48951048951048953
530,2,0.47241647241647244
530,3,0.48951048951048953
530,4,0.5050505050505051
530,5,0.5104895104895105
531,1,0.45843045843045843
531,2,0.473970473970474
531,3,0.48717948717948717
531,4,0.515928515928516
531,5,0.5407925407925408
532,1,0.47863247863247865
532,2,0.4592074592074592
532,3,0.5011655011655012
532,4,0.4988344988344988
532,5,0.5392385392385393
533,1,0.48562548562548563
533,2,0.4421134421134421
533,3,0.4988344988344988
533,4,0.5019425019425019
533,5,0.5174825174825175
534,1,0.4933954933954934
534,2,0.46231546231546233
534,3,0.5027195027195027
534,4,0.4972804972804973
534,5,0.494949494949495
535,1,0.4654234654234654
535,2,0.4716394716394716
535,3,0.4988344988344988
535,4,0.515928515928516
535,5,0.494949494949495
536,1,0.49805749805749805
536,2,0.46231546231546233
536,3,0.48717948717948717
536,4,0.5019425019425019
536,5,0.5229215229215229
537,1,0.4933954933954934
537,2,0.45843045843045843
537,3,0.5097125097125097
537,4,0.47863247863247865
537,5,0.5151515151515151
538,1,0.4677544677544678
538,2,0.4662004662004662
538,3,0.5291375291375291
538,4,0.47785547785547783
538,5,0.5337995337995338
539,1,0.49106449106449107
539,2,0.4716394716394716
539,3,0.4801864801864802
539,4,0.4988344988344988
539,5,0.5174825174825175
540,1,0.4965034965034965
540,2,0.4491064491064491
540,3,0.48562548562548563
540,4,0.5042735042735043
540,5,0.5229215229215229
541,1,0.5034965034965035
541,2,0.4654234654234654
541,3,0.48795648795648794
541,4,0.5019425019425019
541,5,0.5112665112665112
542,1,0.48329448329448327
542,2,0.4654234654234654
542,3,0.48562548562548563
542,4,0.4996114996114996
542,5,0.5205905205905206
543,1,0.47086247086247085
543,2,0.439005439005439
543,3,0.5066045066045066
543,4,0.5322455322455323
543,5,0.5221445221445221
544,1,0.48717948717948717
544,2,0.4467754467754468
544,3,0.49417249417249415
544,4,0.49805749805749805
544,5,0.5275835275835276
545,1,0.5011655011655012
545,2,0.45454545454545453
545,3,0.4840714840714841
545,4,0.4996114996114996
545,5,0.5081585081585082
546,1,0.4933954933954934
546,2,0.44522144522144524
546,3,0.508935508935509
546,4,0.4965034965034965
546,5,0.5128205128205128
547,1,0.48562548562548563
547,2,0.46853146853146854
547,3,0.45765345765345766
547,4,0.54001554001554
547,5,0.5050505050505051
548,1,0.4840714840714841
548,2,0.4421134421134421
548,3,0.5042735042735043
548,4,0.5058275058275058
548,5,0.5415695415695416
549,1,0.4988344988344988
549,2,0.4755244755244755
549,3,0.47086247086247085
549,4,0.5120435120435121
549,5,0.48795648795648794
550,1,0.47863247863247865
550,2,0.452991452991453
550,3,0.48795648795648794
550,4,0.5283605283605284
550,5,0.5058275058275058
551,1,0.5097125097125097
551,2,0.4700854700854701
551,3,0.48562548562548563
551,4,0.49572649572649574
551,5,0.5275835275835276
552,1,0.49184149184149184
552,2,0.4794094794094794
552,3,0.4840714840714841
552,4,0.4933954933954934
552,5,0.5135975135975136
553,1,0.4902874902874903
553,2,0.44522144522144524
553,3,0.48174048174048173
553,4,0.5283605283605284
553,5,0.5306915306915307
554,1,0.49805749805749805
554,2,0.4654234654234654
554,3,0.4654234654234654
554,4,0.5034965034965035
554,5,0.5073815073815073
555,1,0.4568764568764569
555,2,0.5081585081585082
555,3,0.4755244755244755
555,4,0.4926184926184926
555,5,0.5221445221445221
556,1,0.49805749805749805
556,2,0.46386946386946387
556,3,0.48795648795648794
556,4,0.48174048174048173
556,5,0.519036519036519
557,1,0.4926184926184926
557,2,0.45998445998445997
557,3,0.4996114996114996
557,4,0.5143745143745144
557,5,0.49805749805749805
558,1,0.5003885003885004
558,2,0.45765345765345766
558,3,0.49106449106449107
558,4,0.5050505050505051
558,5,0.5058275058275058
559,1,0.5027195027195027
559,2,0.473970473970474
559,3,0.48329448329448327
559,4,0.5050505050505051
559,5,0.5120435120435121
560,1,0.4926184926184926
560,2,0.47086247086247085
560,3,0.48096348096348096
560,4,0.526029526029526
560,5,0.5128205128205128
561,1,0.4693084693084693
561,2,0.4755244755244755
561,3,0.49106449106449107
561,4,0.5112665112665112
561,5,0.5128205128205128
562,1,0.48329448329448327
562,2,0.48174048174048173
562,3,0.49417249417249415
562,4,0.49417249417249415
562,5,0.5019425019425019
563,1,0.46853146853146854
563,2,0.46464646464646464
563,3,0.5066045066045066
563,4,0.49572649572649574
563,5,0.5252525252525253
564,1,0.4988344988344988
564,2,0.48951048951048953
564,3,0.46231546231546233
564,4,0.49805749805749805
564,5,0.5135975135975136
565,1,0.4654234654234654
565,2,0.47785547785547783
565,3,0.5019425019425019
565,4,0.4864024864024864
565,5,0.5205905205905206
566,1,0.47785547785547783
566,2,0.47241647241647244
566,3,0.48329448329448327
566,4,0.515928515928516
566,5,0.519036519036519
567,1,0.44133644133644134
567,2,0.4794094794094794
567,3,0.48717948717948717
567,4,0.5066045066045066
567,5,0.5213675213675214
568,1,0.47785547785547783
568,2,0.45998445998445997
568,3,0.48096348096348096
568,4,0.5011655011655012
568,5,0.5314685314685315
569,1,0.473970473970474
569,2,0.46231546231546233
569,3,0.5011655011655012
569,4,0.5050505050505051
569,5,0.5097125097125097
570,1,0.4731934731934732
570,2,0.4522144522144522
570,3,0.4755244755244755
570,4,0.5128205128205128
570,5,0.5244755244755245
571,1,0.47241647241647244
571,2,0.4654234654234654
571,3,0.4763014763014763
571,4,0.5003885003885004
571,5,0.5337995337995338
572,1,0.5073815073815073
572,2,0.4794094794094794
572,3,0.494949494949495
572,4,0.4902874902874903
572,5,0.5097125097125097
573,1,0.4864024864024864
573,2,0.4763014763014763
573,3,0.49805749805749805
573,4,0.5027195027195027
573,5,0.5128205128205128
574,1,0.466977466977467
574,2,0.46853146853146854
574,3,0.5003885003885004
574,4,0.49106449106449107
574,5,0.5493395493395493
575,1,0.5174825174825175
575,2,0.42735042735042733
575,3,0.49417249417249415
575,4,0.5213675213675214
575,5,0.5081585081585082
576,1,0.4825174825174825
576,2,0.45998445998445997
576,3,0.47863247863247865
576,4,0.5034965034965035
576,5,0.526029526029526
577,1,0.4794094794094794
577,2,0.45998445998445997
577,3,0.466977466977467
577,4,0.5151515151515151
577,5,0.5283605283605284
578,1,0.46853146853146854
578,2,0.4553224553224553
578,3,0.4933954933954934
578,4,0.5221445221445221
578,5,0.5229215229215229
579,1,0.48717948717948717
579,2,0.47707847707847706
579,3,0.47863247863247865
579,4,0.5167055167055167
579,5,0.5229215229215229
580,1,0.5081585081585082
580,2,0.4755244755244755
580,3,0.48174048174048173
580,4,0.5120435120435121
580,5,0.5174825174825175
581,1,0.4840714840714841
581,2,0.4553224553224553
581,3,0.47863247863247865
581,4,0.5104895104895105
581,5,0.5345765345765345
582,1,0.48562548562548563
582,2,0.4677544677544678
582,3,0.4630924630924631
582,4,0.5167055167055167
582,5,0.5042735042735043
583,1,0.49106449106449107
583,2,0.473970473970474
583,3,0.48484848484848486
583,4,0.49106449106449107
583,5,0.5236985236985237
584,1,0.4864024864024864
584,2,0.46231546231546233
584,3,0.4825174825174825
584,4,0.5066045066045066
584,5,0.5104895104895105
585,1,0.5081585081585082
585,2,0.46076146076146074
585,3,0.47707847707847706
585,4,0.5066045066045066
585,5,0.5050505050505051
586,1,0.4933954933954934
586,2,0.4662004662004662
586,3,0.5081585081585082
586,4,0.48329448329448327
586,5,0.515928515928516
587,1,0.48329448329448327
587,2,0.4731934731934732
587,3,0.4700854700854701
587,4,0.508935508935509
587,5,0.5236985236985237
588,1,0.4825174825174825
588,2,0.4568764568764569
588,3,0.4840714840714841
588,4,0.4996114996114996
588,5,0.5135975135975136
589,1,0.49184149184149184
589,2,0.46231546231546233
589,3,0.4801864801864802
589,4,0.48951048951048953
589,5,0.5236985236985237
590,1,0.46231546231546233
590,2,0.4568764568764569
590,3,0.4887334887334887
590,4,0.515928515928516
590,5,0.5252525252525253
591,1,0.47707847707847706
591,2,0.4568764568764569
591,3,0.473970473970474
591,4,0.5182595182595182
591,5,0.5066045066045066
592,1,0.48096348096348096
592,2,0.4491064491064491
592,3,0.473970473970474
592,4,0.5128205128205128
592,5,0.5361305361305362
593,1,0.4972804972804973
593,2,0.45143745143745145
593,3,0.4693084693084693
593,4,0.5167055167055167
593,5,0.5236985236985237
594,1,0.48795648795648794
594,2,0.46153846153846156
594,3,0.48174048174048173
594,4,0.5198135198135199
594,5,0.5143745143745144
595,1,0.4902874902874903
595,2,0.45376845376845376
595,3,0.5066045066045066
595,4,0.4933954933954934
595,5,0.5097125097125097
596,1,0.5042735042735043
596,2,0.44988344988344986
596,3,0.4887334887334887
596,4,0.4972804972804973
596,5,0.5097125097125097
597,1,0.5167055167055167
597,2,0.4840714840714841
597,3,0.48951048951048953
597,4,0.466977466977467
597,5,0.5337995337995338
598,1,0.494949494949495
598,2,0.4405594405594406
598,3,0.49417249417249415
598,4,0.5073815073815073
598,5,0.5252525252525253
599,1,0.4794094794094794
599,2,0.4630924630924631
599,3,0.494949494949495
599,4,0.5058275058275058
599,5,0.5143745143745144
600,1,0.4926184926184926
600,2,0.46153846153846156
600,3,0.49417249417249415
600,4,0.5205905205905206
600,5,0.48329448329448327
601,1,0.5042735042735043
601,2,0.4700854700854701
601,3,0.48562548562548563
601,4,0.5143745143745144
601,5,0.49417249417249415
602,1,0.4716394716394716
602,2,0.45843045843045843
602,3,0.4902874902874903
602,4,0.5112665112665112
602,5,0.519036519036519
603,1,0.4965034965034965
603,2,0.4467754467754468
603,3,0.473970473970474
603,4,0.5213675213675214
603,5,0.5198135198135199
604,1,0.4840714840714841
604,2,0.4716394716394716
604,3,0.4763014763014763
604,4,0.5236985236985237
604,5,0.4972804972804973
605,1,0.4996114996114996
605,2,0.46231546231546233
605,3,0.473970473970474
605,4,0.49805749805749805
605,5,0.5120435120435121
606,1,0.48484848484848486
606,2,0.47863247863247865
606,3,0.4902874902874903
606,4,0.4988344988344988
606,5,0.5003885003885004
607,1,0.5073815073815073
607,2,0.4755244755244755
607,3,0.48096348096348096
607,4,0.5019425019425019
607,5,0.5120435120435121
608,1,0.4887334887334887
608,2,0.48484848484848486
608,3,0.4630924630924631
608,4,0.5236985236985237
608,5,0.5283605283605284
609,1,0.508935508935509
609,2,0.4693084693084693
609,3,0.47086247086247085
609,4,0.5050505050505051
609,5,0.5174825174825175
610,1,0.4902874902874903
610,2,0.4801864801864802
610,3,0.5027195027195027
610,4,0.49572649572649574
610,5,0.494949494949495
611,1,0.49805749805749805
611,2,0.4763014763014763
611,3,0.4716394716394716
611,4,0.47863247863247865
611,5,0.5299145299145299
612,1,0.49106449106449107
612,2,0.46853146853146854
612,3,0.5011655011655012
612,4,0.5003885003885004
612,5,0.5104895104895105
613,1,0.48174048174048173
613,2,0.4755244755244755
613,3,0.48484848484848486
613,4,0.5135975135975136
613,5,0.5104895104895105
614,1,0.49572649572649574
614,2,0.4506604506604507
614,3,0.494949494949495
614,4,0.49106449106449107
614,5,0.5345765345765345
615,1,0.49417249417249415
615,2,0.473970473970474
615,3,0.5003885003885004
615,4,0.4996114996114996
615,5,0.4996114996114996
616,1,0.4840714840714841
616,2,0.46153846153846156
616,3,0.4887334887334887
616,4,0.5011655011655012
616,5,0.5213675213675214
617,1,0.49572649572649574
617,2,0.4700854700854701
617,3,0.49184149184149184
617,4,0.5120435120435121
617,5,0.508935508935509
618,1,0.5104895104895105
618,2,0.45998445998445997
618,3,0.473970473970474
618,4,0.5104895104895105
618,5,0.5174825174825175
619,1,0.5151515151515151
619,2,0.45765345765345766
619,3,0.4996114996114996
619,4,0.48717948717948717
619,5,0.5120435120435121
620,1,0.4677544677544678
620,2,0.46464646464646464
620,3,0.4864024864024864
620,4,0.5151515151515151
620,5,0.5275835275835276
621,1,0.47474747474747475
621,2,0.48562548562548563
621,3,0.47707847707847706
621,4,0.5097125097125097
621,5,0.5322455322455323
622,1,0.49572649572649574
622,2,0.48951048951048953
622,3,0.47707847707847706
622,4,0.5112665112665112
622,5,0.5182595182595182
623,1,0.5058275058275058
623,2,0.4568764568764569
623,3,0.494949494949495
623,4,0.5058275058275058
623,5,0.5042735042735043
624,1,0.508935508935509
624,2,0.4592074592074592
624,3,0.466977466977467
624,4,0.49572649572649574
624,5,0.5143745143745144
625,1,0.5104895104895105
625,2,0.4693084693084693
625,3,0.4864024864024864
625,4,0.5050505050505051
625,5,0.4933954933954934
626,1,0.4926184926184926
626,2,0.48951048951048953
626,3,0.4801864801864802
626,4,0.5112665112665112
626,5,0.5143745143745144
627,1,0.5042735042735043
627,2,0.4693084693084693
627,3,0.4731934731934732
627,4,0.5073815073815073
627,5,0.5120435120435121
628,1,0.5236985236985237
628,2,0.4700854700854701
628,3,0.4794094794094794
628,4,0.5027195027195027
628,5,0.5066045066045066
629,1,0.4887334887334887
629,2,0.452991452991453
629,3,0.48951048951048953
629,4,0.5073815073815073
629,5,0.5128205128205128
630,1,0.4864024864024864
630,2,0.45765345765345766
630,3,0.4902874902874903
630,4,0.5252525252525253
630,5,0.5112665112665112
631,1,0.4755244755244755
631,2,0.4568764568764569
631,3,0.5104895104895105
631,4,0.4825174825174825
631,5,0.5306915306915307
632,1,0.4965034965034965
632,2,0.47241647241647244
632,3,0.49805749805749805
632,4,0.4926184926184926
632,5,0.5221445221445221
633,1,0.5003885003885004
633,2,0.4654234654234654
633,3,0.5042735042735043
633,4,0.508935508935509
633,5,0.5034965034965035
634,1,0.4972804972804973
634,2,0.47474747474747475
634,3,0.4902874902874903
634,4,0.5128205128205128
634,5,0.5120435120435121
635,1,0.47863247863247865
635,2,0.46153846153846156
635,3,0.4965034965034965
635,4,0.4996114996114996
635,5,0.515928515928516
636,1,0.48717948717948717
636,2,0.4864024864024864
636,3,0.473970473970474
636,4,0.4972804972804973
636,5,0.5198135198135199
637,1,0.49106449106449107
637,2,0.4864024864024864
637,3,0.4654234654234654
637,4,0.5034965034965035
637,5,0.5151515151515151
638,1,0.5066045066045066
638,2,0.46853146853146854
638,3,0.5151515151515151
638,4,0.5003885003885004
638,5,0.5003885003885004
639,1,0.4864024864024864
639,2,0.45843045843045843
639,3,0.5066045066045066
639,4,0.5027195027195027
639,5,0.5027195027195027
640,1,0.5097125097125097
640,2,0.45143745143745145
640,3,0.4864024864024864
640,4,0.5182595182595182
640,5,0.5213675213675214
641,1,0.47863247863247865
641,2,0.4662004662004662
641,3,0.49417249417249415
641,4,0.4965034965034965
641,5,0.5198135198135199
642,1,0.494949494949495
642,2,0.466977466977467
642,3,0.4763014763014763
642,4,0.5415695415695416
642,5,0.4965034965034965
643,1,0.5003885003885004
643,2,0.46153846153846156
643,3,0.47707847707847706
643,4,0.5213675213675214
643,5,0.5244755244755245
644,1,0.4840714840714841
644,2,0.47241647241647244
644,3,0.49184149184149184
644,4,0.5058275058275058
644,5,0.5058275058275058
645,1,0.4972804972804973
645,2,0.46853146853146854
645,3,0.4887334887334887
645,4,0.4965034965034965
645,5,0.5104895104895105
646,1,0.48174048174048173
646,2,0.49184149184149184
646,3,0.48329448329448327
646,4,0.49805749805749805
646,5,0.5213675213675214
647,1,0.519036519036519
647,2,0.46464646464646464
647,3,0.473970473970474
647,4,0.4755244755244755
647,5,0.5268065268065268
648,1,0.4825174825174825
648,2,0.47086247086247085
648,3,0.4902874902874903
648,4,0.526029526029526
648,5,0.49417249417249415
649,1,0.49106449106449107
649,2,0.44988344988344986
649,3,0.5034965034965035
649,4,0.5104895104895105
649,5,0.5236985236985237
650,1,0.48951048951048953
650,2,0.4693084693084693
650,3,0.48174048174048173
650,4,0.508935508935509
650,5,0.519036519036519
651,1,0.4794094794094794
651,2,0.4428904428904429
651,3,0.4933954933954934
651,4,0.533022533022533
651,5,0.5198135198135199
652,1,0.49572649572649574
652,2,0.4840714840714841
652,3,0.4825174825174825
652,4,0.5151515151515151
652,5,0.5003885003885004
653,1,0.48951048951048953
653,2,0.4700854700854701
653,3,0.4801864801864802
653,4,0.5213675213675214
653,5,0.5066045066045066
654,1,0.5066045066045066
654,2,0.48562548562548563
654,3,0.4794094794094794
654,4,0.49106449106449107
654,5,0.5081585081585082
655,1,0.49805749805749805
655,2,0.4864024864024864
655,3,0.47241647241647244
655,4,0.4988344988344988
655,5,0.5361305361305362
656,1,0.5019425019425019
656,2,0.47707847707847706
656,3,0.4794094794094794
656,4,0.4926184926184926
656,5,0.4933954933954934
657,1,0.5143745143745144
657,2,0.4654234654234654
657,3,0.46386946386946387
657,4,0.508935508935509
657,5,0.5198135198135199
658,1,0.48795648795648794
658,2,0.46231546231546233
658,3,0.49805749805749805
658,4,0.5066045066045066
658,5,0.5112665112665112
659,1,0.5027195027195027
659,2,0.4731934731934732
659,3,0.5003885003885004
659,4,0.48951048951048953
659,5,0.5003885003885004
660,1,0.4933954933954934
660,2,0.45998445998445997
660,3,0.48174048174048173
660,4,0.5229215229215229
660,5,0.5143745143745144
661,1,0.49572649572649574
661,2,0.4677544677544678
661,3,0.4662004662004662
661,4,0.5221445221445221
661,5,0.5205905205905206
662,1,0.48717948717948717
662,2,0.48174048174048173
662,3,0.494949494949495
662,4,0.5182595182595182
662,5,0.5143745143745144
663,1,0.466977466977467
663,2,0.452991452991453
663,3,0.515928515928516
663,4,0.494949494949495
663,5,0.5299145299145299
664,1,0.48795648795648794
664,2,0.452991452991453
664,3,0.48562548562548563
664,4,0.5073815073815073
664,5,0.5314685314685315
665,1,0.49572649572649574
665,2,0.46386946386946387
665,3,0.4763014763014763
665,4,0.515928515928516
665,5,0.5034965034965035
666,1,0.48562548562548563
666,2,0.45143745143745145
666,3,0.4972804972804973
666,4,0.5174825174825175
666,5,0.5151515151515151
667,1,0.48951048951048953
667,2,0.47707847707847706
667,3,0.47863247863247865
667,4,0.5003885003885004
667,5,0.5268065268065268
668,1,0.4887334887334887
668,2,0.4568764568764569
668,3,0.508935508935509
668,4,0.48329448329448327
668,5,0.5198135198135199
669,1,0.4965034965034965
669,2,0.45765345765345766
669,3,0.47707847707847706
669,4,0.515928515928516
669,5,0.519036519036519
670,1,0.5003885003885004
670,2,0.46076146076146074
670,3,0.48484848484848486
670,4,0.5120435120435121
670,5,0.5244755244755245
671,1,0.5011655011655012
671,2,0.4794094794094794
671,3,0.47785547785547783
671,4,0.5042735042735043
671,5,0.4988344988344988
672,1,0.4887334887334887
672,2,0.4662004662004662
672,3,0.5034965034965035
672,4,0.49417249417249415
672,5,0.4926184926184926
673,1,0.49572649572649574
673,2,0.4755244755244755
673,3,0.4887334887334887
673,4,0.5244755244755245
673,5,0.4988344988344988
674,1,0.5034965034965035
674,2,0.4444444444444444
674,3,0.4887334887334887
674,4,0.5151515151515151
674,5,0.5081585081585082
675,1,0.49805749805749805
675,2,0.45843045843045843
675,3,0.4700854700854701
675,4,0.519036519036519
675,5,0.5236985236985237
676,1,0.5135975135975136
676,2,0.45454545454545453
676,3,0.46386946386946387
676,4,0.5229215229215229
676,5,0.5128205128205128
677,1,0.4864024864024864
677,2,0.48562548562548563
677,3,0.4926184926184926
677,4,0.4972804972804973
677,5,0.48795648795648794
678,1,0.4840714840714841
678,2,0.47785547785547783
678,3,0.494949494949495
678,4,0.4996114996114996
678,5,0.5120435120435121
679,1,0.4902874902874903
679,2,0.4825174825174825
679,3,0.49572649572649574
679,4,0.5361305361305362
679,5,0.48329448329448327
680,1,0.47474747474747475
680,2,0.4654234654234654
680,3,0.47863247863247865
680,4,0.5050505050505051
680,5,0.5174825174825175
681,1,0.48174048174048173
681,2,0.46153846153846156
681,3,0.48174048174048173
681,4,0.5299145299145299
681,5,0.5066045066045066
682,1,0.4933954933954934
682,2,0.4716394716394716
682,3,0.4763014763014763
682,4,0.4988344988344988
682,5,0.5252525252525253
683,1,0.4902874902874903
683,2,0.48096348096348096
683,3,0.4801864801864802
683,4,0.5019425019425019
683,5,0.5120435120435121
684,1,0.494949494949495
684,2,0.4560994560994561
684,3,0.5003885003885004
684,4,0.49184149184149184
684,5,0.515928515928516
685,1,0.4902874902874903
685,2,0.45998445998445997
685,3,0.4926184926184926
685,4,0.5097125097125097
685,5,0.5112665112665112
686,1,0.5050505050505051
686,2,0.47241647241647244
686,3,0.5027195027195027
686,4,0.47707847707847706
686,5,0.5120435120435121
687,1,0.4926184926184926
687,2,0.4731934731934732
687,3,0.47707847707847706
687,4,0.4864024864024864
687,5,0.5369075369075369
688,1,0.4996114996114996
688,2,0.45454545454545453
688,3,0.49417249417249415
688,4,0.5058275058275058
688,5,0.4972804972804973
689,1,0.47863247863247865
689,2,0.4755244755244755
689,3,0.5027195027195027
689,4,0.4933954933954934
689,5,0.5143745143745144
690,1,0.4965034965034965
690,2,0.47474747474747475
690,3,0.48951048951048953
690,4,0.4988344988344988
690,5,0.5034965034965035
691,1,0.4933954933954934
691,2,0.47707847707847706
691,3,0.4716394716394716
691,4,0.5252525252525253
691,5,0.5073815073815073
692,1,0.4630924630924631
692,2,0.4716394716394716
692,3,0.5011655011655012
692,4,0.5081585081585082
692,5,0.5369075369075369
693,1,0.4965034965034965
693,2,0.4560994560994561
693,3,0.48096348096348096
693,4,0.5073815073815073
693,5,0.5011655011655012
694,1,0.4902874902874903
694,2,0.46464646464646464
694,3,0.49572649572649574
694,4,0.5027195027195027
694,5,0.48096348096348096
695,1,0.48096348096348096
695,2,0.46386946386946387
695,3,0.48717948717948717
695,4,0.5167055167055167
695,5,0.5167055167055167
696,1,0.494949494949495
696,2,0.46853146853146854
696,3,0.5058275058275058
696,4,0.4933954933954934
696,5,0.5104895104895105
697,1,0.4840714840714841
697,2,0.4662004662004662
697,3,0.5151515151515151
697,4,0.494949494949495
697,5,0.5322455322455323
698,1,0.49805749805749805
698,2,0.4421134421134421
698,3,0.5027195027195027
698,4,0.515928515928516
698,5,0.508935508935509
699,1,0.4693084693084693
699,2,0.4825174825174825
699,3,0.5034965034965035
699,4,0.49184149184149184
699,5,0.5151515151515151
700,1,0.47086247086247085
700,2,0.48174048174048173
700,3,0.494949494949495
700,4,0.5174825174825175
700,5,0.5120435120435121
701,1,0.4677544677544678
701,2,0.4630924630924631
701,3,0.5151515151515151
701,4,0.4965034965034965
701,5,0.5244755244755245
702,1,0.4902874902874903
702,2,0.4755244755244755
702,3,0.4887334887334887
702,4,0.5050505050505051
702,5,0.5213675213675214
703,1,0.49417249417249415
703,2,0.4522144522144522
703,3,0.4996114996114996
703,4,0.5221445221445221
703,5,0.5322455322455323
704,1,0.4825174825174825
704,2,0.466977466977467
704,3,0.4972804972804973
704,4,0.5011655011655012
704,5,0.5050505050505051
705,1,0.5081585081585082
705,2,0.4693084693084693
705,3,0.48096348096348096
705,4,0.5081585081585082
705,5,0.4700854700854701
706,1,0.4972804972804973
706,2,0.4731934731934732
706,3,0.48096348096348096
706,4,0.5353535353535354
706,5,0.47785547785547783
707,1,0.4864024864024864
707,2,0.4933954933954934
707,3,0.4864024864024864
707,4,0.5058275058275058
707,5,0.5097125097125097
708,1,0.4933954933954934
708,2,0.48096348096348096
708,3,0.5011655011655012
708,4,0.494949494949495
708,5,0.5066045066045066
709,1,0.4801864801864802
709,2,0.47707847707847706
709,3,0.4794094794094794
709,4,0.5205905205905206
709,5,0.5299145299145299
710,1,0.4864024864024864
710,2,0.46853146853146854
710,3,0.4902874902874903
710,4,0.5143745143745144
710,5,0.5097125097125097
711,1,0.4988344988344988
711,2,0.46386946386946387
711,3,0.4794094794094794
711,4,0.5128205128205128
711,5,0.5058275058275058
712,1,0.5027195027195027
712,2,0.4801864801864802
712,3,0.4965034965034965
712,4,0.5182595182595182
712,5,0.5112665112665112
713,1,0.4794094794094794
713,2,0.4731934731934732
713,3,0.48717948717948717
713,4,0.5306915306915307
713,5,0.5034965034965035
714,1,0.4592074592074592
714,2,0.48484848484848486
714,3,0.5050505050505051
714,4,0.5003885003885004
714,5,0.5143745143745144
715,1,0.4630924630924631
715,2,0.48096348096348096
715,3,0.4902874902874903
715,4,0.5151515151515151
715,5,0.5112665112665112
716,1,0.48562548562548563
716,2,0.47086247086247085
716,3,0.4965034965034965
716,4,0.5066045066045066
716,5,0.5003885003885004
717,1,0.4902874902874903
717,2,0.4654234654234654
717,3,0.49106449106449107
717,4,0.5128205128205128
717,5,0.5252525252525253
718,1,0.4965034965034965
718,2,0.45843045843045843
718,3,0.48484848484848486
718,4,0.5182595182595182
718,5,0.508935508935509
719,1,0.48484848484848486
719,2,0.4560994560994561
719,3,0.5003885003885004
719,4,0.4996114996114996
719,5,0.5236985236985237
720,1,0.49184149184149184
720,2,0.4654234654234654
720,3,0.47785547785547783
720,4,0.5073815073815073
720,5,0.5236985236985237
721,1,0.47863247863247865
721,2,0.4902874902874903
721,3,0.5128205128205128
721,4,0.5042735042735043
721,5,0.5299145299145299
722,1,0.49417249417249415
722,2,0.48484848484848486
722,3,0.46386946386946387
722,4,0.5407925407925408
722,5,0.5120435120435121
723,1,0.4840714840714841
723,2,0.46076146076146074
723,3,0.5027195027195027
723,4,0.508935508935509
723,5,0.5073815073815073
724,1,0.5058275058275058
724,2,0.4716394716394716
724,3,0.48562548562548563
724,4,0.5244755244755245
724,5,0.5135975135975136
725,1,0.4763014763014763
725,2,0.46153846153846156
725,3,0.5205905205905206
725,4,0.5143745143745144
725,5,0.5182595182595182
726,1,0.48951048951048953
726,2,0.46231546231546233
726,3,0.5011655011655012
726,4,0.5112665112665112
726,5,0.5275835275835276
727,1,0.4887334887334887
727,2,0.47086247086247085
727,3,0.46153846153846156
727,4,0.5244755244755245
727,5,0.5275835275835276
728,1,0.4763014763014763
728,2,0.466977466977467
728,3,0.48329448329448327
728,4,0.5337995337995338
728,5,0.5182595182595182
729,1,0.48329448329448327
729,2,0.45998445998445997
729,3,0.49184149184149184
729,4,0.508935508935509
729,5,0.5112665112665112
730,1,0.49572649572649574
730,2,0.466977466977467
730,3,0.48174048174048173
730,4,0.5135975135975136
730,5,0.4996114996114996
731,1,0.4592074592074592
731,2,0.4731934731934732
731,3,0.49572649572649574
731,4,0.5143745143745144
731,5,0.5275835275835276
732,1,0.48484848484848486
732,2,0.4825174825174825
732,3,0.5019425019425019
732,4,0.49417249417249415
732,5,0.5299145299145299
733,1,0.5058275058275058
733,2,0.4716394716394716
733,3,0.494949494949495
733,4,0.5019425019425019
733,5,0.5268065268065268
734,1,0.5019425019425019
734,2,0.47863247863247865
734,3,0.4864024864024864
734,4,0.5174825174825175
734,5,0.5275835275835276
735,1,0.4996114996114996
735,2,0.46153846153846156
735,3,0.47863247863247865
735,4,0.5151515151515151
735,5,0.5268065268065268
736,1,0.4731934731934732
736,2,0.4568764568764569
736,3,0.5128205128205128
736,4,0.5097125097125097
736,5,0.5361305361305362
737,1,0.5034965034965035
737,2,0.47086247086247085
737,3,0.5011655011655012
737,4,0.5182595182595182
737,5,0.5097125097125097
738,1,0.49106449106449107
738,2,0.4716394716394716
738,3,0.494949494949495
738,4,0.508935508935509
738,5,0.515928515928516
739,1,0.48795648795648794
739,2,0.47086247086247085
739,3,0.5034965034965035
739,4,0.48951048951048953
739,5,0.5268065268065268
740,1,0.4801864801864802
740,2,0.46386946386946387
740,3,0.48951048951048953
740,4,0.4933954933954934
740,5,0.5236985236985237
741,1,0.48096348096348096
741,2,0.46386946386946387
741,3,0.49572649572649574
741,4,0.5167055167055167
741,5,0.5291375291375291
742,1,0.47474747474747475
742,2,0.4560994560994561
742,3,0.48562548562548563
742,4,0.49805749805749805
742,5,0.5299145299145299
743,1,0.4731934731934732
743,2,0.4996114996114996
743,3,0.47863247863247865
743,4,0.519036519036519
743,5,0.5213675213675214
744,1,0.46231546231546233
744,2,0.48717948717948717
744,3,0.4864024864024864
744,4,0.5120435120435121
744,5,0.5097125097125097
745,1,0.48717948717948717
745,2,0.4693084693084693
745,3,0.4763014763014763
745,4,0.515928515928516
745,5,0.5112665112665112
746,1,0.5042735042735043
746,2,0.4421134421134421
746,3,0.5081585081585082
746,4,0.5058275058275058
746,5,0.5361305361305362
747,1,0.48562548562548563
747,2,0.45143745143745145
747,3,0.4965034965034965
747,4,0.5306915306915307
747,5,0.526029526029526
748,1,0.4972804972804973
748,2,0.45843045843045843
748,3,0.5104895104895105
748,4,0.5019425019425019
748,5,0.5143745143745144
749,1,0.5104895104895105
749,2,0.46153846153846156
749,3,0.48951048951048953
749,4,0.48795648795648794
749,5,0.5306915306915307
750,1,0.5027195027195027
750,2,0.4763014763014763
750,3,0.45998445998445997
750,4,0.5275835275835276
750,5,0.5299145299145299
751,1,0.47474747474747475
751,2,0.46464646464646464
751,3,0.5019425019425019
751,4,0.5019425019425019
751,5,0.5151515151515151
752,1,0.4840714840714841
752,2,0.47086247086247085
752,3,0.4794094794094794
752,4,0.5034965034965035
752,5,0.5415695415695416
753,1,0.48329448329448327
753,2,0.46853146853146854
753,3,0.49184149184149184
753,4,0.515928515928516
753,5,0.5011655011655012
754,1,0.5019425019425019
754,2,0.4630924630924631
754,3,0.48795648795648794
754,4,0.48174048174048173
754,5,0.5516705516705517
755,1,0.48562548562548563
755,2,0.46231546231546233
755,3,0.4965034965034965
755,4,0.5182595182595182
755,5,0.5182595182595182
756,1,0.4716394716394716
756,2,0.46853146853146854
756,3,0.5104895104895105
756,4,0.494949494949495
756,5,0.4996114996114996
757,1,0.4560994560994561
757,2,0.48329448329448327
757,3,0.494949494949495
757,4,0.5213675213675214
757,5,0.5167055167055167
758,1,0.4794094794094794
758,2,0.4700854700854701
758,3,0.4755244755244755
758,4,0.5221445221445221
758,5,0.5407925407925408
759,1,0.4801864801864802
759,2,0.49805749805749805
759,3,0.5066045066045066
759,4,0.48795648795648794
759,5,0.5128205128205128
760,1,0.4677544677544678
760,2,0.47241647241647244
760,3,0.49106449106449107
760,4,0.5244755244755245
760,5,0.5066045066045066
761,1,0.4864024864024864
761,2,0.466977466977467
761,3,0.473970473970474
761,4,0.5244755244755245
761,5,0.5353535353535354
762,1,0.4731934731934732
762,2,0.47707847707847706
762,3,0.48096348096348096
762,4,0.5229215229215229
762,5,0.515928515928516
763,1,0.48951048951048953
763,2,0.4840714840714841
763,3,0.4887334887334887
763,4,0.515928515928516
763,5,0.5073815073815073
764,1,0.4972804972804973
764,2,0.45843045843045843
764,3,0.4965034965034965
764,4,0.5034965034965035
764,5,0.5275835275835276
765,1,0.48096348096348096
765,2,0.4662004662004662
765,3,0.4965034965034965
765,4,0.5073815073815073
765,5,0.5337995337995338
766,1,0.49106449106449107
766,2,0.4560994560994561
766,3,0.5120435120435121
766,4,0.5058275058275058
766,5,0.5198135198135199
767,1,0.5066045066045066
767,2,0.4654234654234654
767,3,0.4794094794094794
767,4,0.5066045066045066
767,5,0.5174825174825175
768,1,0.4825174825174825
768,2,0.46231546231546233
768,3,0.5050505050505051
768,4,0.5120435120435121
768,5,0.5376845376845377
769,1,0.45143745143745145
769,2,0.4630924630924631
769,3,0.508935508935509
769,4,0.5174825174825175
769,5,0.5198135198135199
770,1,0.48484848484848486
770,2,0.49184149184149184
770,3,0.48329448329448327
770,4,0.5034965034965035
770,5,0.5182595182595182
771,1,0.5034965034965035
771,2,0.4444444444444444
771,3,0.5058275058275058
771,4,0.48096348096348096
771,5,0.5446775446775447
772,1,0.4716394716394716
772,2,0.47086247086247085
772,3,0.48562548562548563
772,4,0.5275835275835276
772,5,0.5104895104895105
773,1,0.5081585081585082
773,2,0.45454545454545453
773,3,0.5011655011655012
773,4,0.5003885003885004
773,5,0.5128205128205128
774,1,0.4677544677544678
774,2,0.47707847707847706
774,3,0.4902874902874903
774,4,0.5151515151515151
774,5,0.5493395493395493
775,1,0.4763014763014763
775,2,0.47785547785547783
775,3,0.5027195027195027
775,4,0.5066045066045066
775,5,0.5112665112665112
776,1,0.48484848484848486
776,2,0.4700854700854701
776,3,0.4801864801864802
776,4,0.5104895104895105
776,5,0.519036519036519
777,1,0.48329448329448327
777,2,0.46153846153846156
777,3,0.4864024864024864
777,4,0.5198135198135199
777,5,0.5167055167055167
778,1,0.4755244755244755
778,2,0.466977466977467
778,3,0.49572649572649574
778,4,0.5120435120435121
778,5,0.5485625485625486
779,1,0.48484848484848486
779,2,0.4716394716394716
779,3,0.47474747474747475
779,4,0.5027195027195027
779,5,0.5322455322455323
780,1,0.49805749805749805
780,2,0.45998445998445997
780,3,0.47086247086247085
780,4,0.5236985236985237
780,5,0.5042735042735043
781,1,0.5034965034965035
781,2,0.4522144522144522
781,3,0.5182595182595182
781,4,0.4887334887334887
781,5,0.5229215229215229
782,1,0.5011655011655012
782,2,0.48096348096348096
782,3,0.5143745143745144
782,4,0.4825174825174825
782,5,0.5066045066045066
783,1,0.473970473970474
783,2,0.4654234654234654
783,3,0.48717948717948717
783,4,0.5182595182595182
783,5,0.5221445221445221
784,1,0.49184149184149184
784,2,0.4467754467754468
784,3,0.48717948717948717
784,4,0.5128205128205128
784,5,0.5314685314685315
785,1,0.49572649572649574
785,2,0.4630924630924631
785,3,0.494949494949495
785,4,0.48717948717948717
785,5,0.5446775446775447
786,1,0.4996114996114996
786,2,0.46853146853146854
786,3,0.4794094794094794
786,4,0.508935508935509
786,5,0.5120435120435121
787,1,0.49106449106449107
787,2,0.4483294483294483
787,3,0.5135975135975136
787,4,0.5268065268065268
787,5,0.519036519036519
788,1,0.49417249417249415
788,2,0.45765345765345766
788,3,0.47707847707847706
788,4,0.5182595182595182
788,5,0.49417249417249415
789,1,0.4825174825174825
789,2,0.46076146076146074
789,3,0.4965034965034965
789,4,0.5112665112665112
789,5,0.5268065268065268
790,1,0.4902874902874903
790,2,0.4560994560994561
790,3,0.5112665112665112
790,4,0.4801864801864802
790,5,0.49805749805749805
791,1,0.5353535353535354
791,2,0.4226884226884227
791,3,0.4693084693084693
791,4,0.5135975135975136
791,5,0.5104895104895105
792,1,0.49805749805749805
792,2,0.45143745143745145
792,3,0.4926184926184926
792,4,0.5097125097125097
792,5,0.5268065268065268
793,1,0.46464646464646464
793,2,0.4716394716394716
793,3,0.5011655011655012
793,4,0.48562548562548563
793,5,0.5275835275835276
794,1,0.5135975135975136
794,2,0.48174048174048173
794,3,0.5027195027195027
794,4,0.4933954933954934
794,5,0.5182595182595182
795,1,0.4677544677544678
795,2,0.4592074592074592
795,3,0.5003885003885004
795,4,0.4926184926184926
795,5,0.5439005439005439
796,1,0.48484848484848486
796,2,0.473970473970474
796,3,0.473970473970474
796,4,0.5058275058275058
796,5,0.5143745143745144
797,1,0.4763014763014763
797,2,0.4677544677544678
797,3,0.48717948717948717
797,4,0.5128205128205128
797,5,0.5229215229215229
798,1,0.4840714840714841
798,2,0.4483294483294483
798,3,0.4864024864024864
798,4,0.5151515151515151
798,5,0.5135975135975136
799,1,0.48174048174048173
799,2,0.45843045843045843
799,3,0.49805749805749805
799,4,0.5003885003885004
799,5,0.5198135198135199
800,1,0.5042735042735043
800,2,0.4794094794094794
800,3,0.4755244755244755
800,4,0.47863247863247865
800,5,0.5345765345765345
801,1,0.48562548562548563
801,2,0.45765345765345766
801,3,0.4988344988344988
801,4,0.5027195027195027
801,5,0.5198135198135199
802,1,0.47086247086247085
802,2,0.4568764568764569
802,3,0.5112665112665112
802,4,0.5066045066045066
802,5,0.5182595182595182
803,1,0.5027195027195027
803,2,0.46153846153846156
803,3,0.49805749805749805
803,4,0.5081585081585082
803,5,0.5097125097125097
804,1,0.48096348096348096
804,2,0.46231546231546233
804,3,0.49572649572649574
804,4,0.5097125097125097
804,5,0.5213675213675214
805,1,0.49572649572649574
805,2,0.4801864801864802
805,3,0.5097125097125097
805,4,0.47707847707847706
805,5,0.5066045066045066
806,1,0.4864024864024864
806,2,0.46464646464646464
806,3,0.5042735042735043
806,4,0.494949494949495
806,5,0.5221445221445221
807,1,0.48951048951048953
807,2,0.4467754467754468
807,3,0.48484848484848486
807,4,0.5104895104895105
807,5,0.5182595182595182
808,1,0.48484848484848486
808,2,0.4553224553224553
808,3,0.48329448329448327
808,4,0.5011655011655012
808,5,0.5641025641025641
809,1,0.4864024864024864
809,2,0.4794094794094794
809,3,0.4592074592074592
809,4,0.494949494949495
809,5,0.526029526029526
810,1,0.48795648795648794
810,2,0.4887334887334887
810,3,0.48174048174048173
810,4,0.5050505050505051
810,5,0.5167055167055167
811,1,0.5097125097125097
811,2,0.46076146076146074
811,3,0.4763014763014763
811,4,0.494949494949495
811,5,0.5174825174825175
812,1,0.4887334887334887
812,2,0.4506604506604507
812,3,0.47474747474747475
812,4,0.5167055167055167
812,5,0.5042735042735043
813,1,0.49184149184149184
813,2,0.43356643356643354
813,3,0.49106449106449107
813,4,0.5081585081585082
813,5,0.5306915306915307
814,1,0.5050505050505051
814,2,0.466977466977467
814,3,0.49572649572649574
814,4,0.5104895104895105
814,5,0.5042735042735043
815,1,0.4887334887334887
815,2,0.4731934731934732
815,3,0.4700854700854701
815,4,0.4972804972804973
815,5,0.515928515928516
816,1,0.4794094794094794
816,2,0.46853146853146854
816,3,0.48484848484848486
816,4,0.5213675213675214
816,5,0.5198135198135199
817,1,0.4926184926184926
817,2,0.45998445998445997
817,3,0.4825174825174825
817,4,0.4988344988344988
817,5,0.5306915306915307
818,1,0.5143745143745144
818,2,0.4405594405594406
818,3,0.49417249417249415
818,4,0.5104895104895105
818,5,0.5221445221445221
819,1,0.494949494949495
819,2,0.45376845376845376
819,3,0.48717948717948717
819,4,0.4926184926184926
819,5,0.508935508935509
820,1,0.508935508935509
820,2,0.46464646464646464
820,3,0.48717948717948717
820,4,0.48951048951048953
820,5,0.5291375291375291
821,1,0.5120435120435121
821,2,0.44366744366744365
821,3,0.48096348096348096
821,4,0.5213675213675214
821,5,0.5213675213675214
822,1,0.5066045066045066
822,2,0.4491064491064491
822,3,0.48484848484848486
822,4,0.5167055167055167
822,5,0.5174825174825175
823,1,0.48951048951048953
823,2,0.45143745143745145
823,3,0.4840714840714841
823,4,0.5019425019425019
823,5,0.5283605283605284
824,1,0.4972804972804973
824,2,0.45454545454545453
824,3,0.5034965034965035
824,4,0.4902874902874903
824,5,0.5213675213675214
825,1,0.5066045066045066
825,2,0.4693084693084693
825,3,0.48562548562548563
825,4,0.47241647241647244
825,5,0.5198135198135199
826,1,0.49106449106449107
826,2,0.46386946386946387
826,3,0.49106449106449107
826,4,0.5073815073815073
826,5,0.5151515151515151
827,1,0.48329448329448327
827,2,0.4491064491064491
827,3,0.5011655011655012
827,4,0.5120435120435121
827,5,0.54001554001554
828,1,0.4972804972804973
828,2,0.4568764568764569
828,3,0.49417249417249415
828,4,0.4965034965034965
828,5,0.5198135198135199
829,1,0.47707847707847706
829,2,0.46231546231546233
829,3,0.48951048951048953
829,4,0.5291375291375291
829,5,0.5128205128205128
830,1,0.5229215229215229
830,2,0.4560994560994561
830,3,0.4825174825174825
830,4,0.4902874902874903
830,5,0.533022533022533
831,1,0.48329448329448327
831,2,0.46076146076146074
831,3,0.49184149184149184
831,4,0.5034965034965035
831,5,0.533022533022533
832,1,0.47785547785547783
832,2,0.4902874902874903
832,3,0.49805749805749805
832,4,0.49805749805749805
832,5,0.5097125097125097
833,1,0.49184149184149184
833,2,0.4281274281274281
833,3,0.4965034965034965
833,4,0.5112665112665112
833,5,0.5283605283605284
834,1,0.48096348096348096
834,2,0.466977466977467
834,3,0.4825174825174825
834,4,0.5143745143745144
834,5,0.5384615384615384
835,1,0.48795648795648794
835,2,0.47474747474747475
835,3,0.48096348096348096
835,4,0.5066045066045066
835,5,0.5213675213675214
836,1,0.47863247863247865
836,2,0.47474747474747475
836,3,0.47785547785547783
836,4,0.4988344988344988
836,5,0.5229215229215229
837,1,0.4840714840714841
837,2,0.46076146076146074
837,3,0.47474747474747475
837,4,0.5151515151515151
837,5,0.5244755244755245
838,1,0.5058275058275058
838,2,0.45843045843045843
838,3,0.4933954933954934
838,4,0.5003885003885004
838,5,0.5081585081585082
839,1,0.48951048951048953
839,2,0.44988344988344986
839,3,0.4840714840714841
839,4,0.5073815073815073
839,5,0.526029526029526
840,1,0.49805749805749805
840,2,0.466977466977467
840,3,0.47863247863247865
840,4,0.5081585081585082
840,5,0.5143745143745144
841,1,0.48717948717948717
841,2,0.452991452991453
841,3,0.5128205128205128
841,4,0.5050505050505051
841,5,0.5174825174825175
842,1,0.5019425019425019
842,2,0.45843045843045843
842,3,0.4933954933954934
842,4,0.49106449106449107
842,5,0.5275835275835276
843,1,0.5066045066045066
843,2,0.45998445998445997
843,3,0.4700854700854701
843,4,0.5027195027195027
843,5,0.515928515928516
844,1,0.5268065268065268
844,2,0.4358974358974359
844,3,0.4926184926184926
844,4,0.5066045066045066
844,5,0.5097125097125097
845,1,0.48951048951048953
845,2,0.4592074592074592
845,3,0.5073815073815073
845,4,0.4926184926184926
845,5,0.5198135198135199
846,1,0.4926184926184926
846,2,0.4428904428904429
846,3,0.49106449106449107
846,4,0.5058275058275058
846,5,0.5275835275835276
847,1,0.4825174825174825
847,2,0.44988344988344986
847,3,0.5058275058275058
847,4,0.48329448329448327
847,5,0.54001554001554
848,1,0.5097125097125097
848,2,0.48174048174048173
848,3,0.4801864801864802
848,4,0.5042735042735043
848,5,0.5229215229215229
849,1,0.5011655011655012
849,2,0.44133644133644134
849,3,0.5167055167055167
849,4,0.49417249417249415
849,5,0.5167055167055167
850,1,0.4972804972804973
850,2,0.47474747474747475
850,3,0.4801864801864802
850,4,0.5151515151515151
850,5,0.5120435120435121
851,1,0.4840714840714841
851,2,0.4560994560994561
851,3,0.4755244755244755
851,4,0.5034965034965035
851,5,0.5407925407925408
852,1,0.4965034965034965
852,2,0.4428904428904429
852,3,0.5019425019425019
852,4,0.494949494949495
852,5,0.5182595182595182
853,1,0.5174825174825175
853,2,0.45843045843045843
853,3,0.4864024864024864
853,4,0.5058275058275058
853,5,0.4996114996114996
854,1,0.5027195027195027
854,2,0.43745143745143744
854,3,0.4840714840714841
854,4,0.5151515151515151
854,5,0.5151515151515151
855,1,0.4825174825174825
855,2,0.46464646464646464
855,3,0.494949494949495
855,4,0.508935508935509
855,5,0.508935508935509
856,1,0.4840714840714841
856,2,0.4825174825174825
856,3,0.48096348096348096
856,4,0.519036519036519
856,5,0.5415695415695416
857,1,0.4965034965034965
857,2,0.45454545454545453
857,3,0.508935508935509
857,4,0.5174825174825175
857,5,0.5019425019425019
858,1,0.4825174825174825
858,2,0.45376845376845376
858,3,0.48562548562548563
858,4,0.526029526029526
858,5,0.5221445221445221
859,1,0.48951048951048953
859,2,0.4553224553224553
859,3,0.4926184926184926
859,4,0.4926184926184926
859,5,0.5229215229215229
860,1,0.49106449106449107
860,2,0.47474747474747475
860,3,0.48717948717948717
860,4,0.5042735042735043
860,5,0.5198135198135199
861,1,0.5050505050505051
861,2,0.4630924630924631
861,3,0.494949494949495
861,4,0.4864024864024864
861,5,0.5244755244755245
862,1,0.5104895104895105
862,2,0.46464646464646464
862,3,0.46464646464646464
862,4,0.515928515928516
862,5,0.5167055167055167
863,1,0.4840714840714841
863,2,0.4592074592074592
863,3,0.48174048174048173
863,4,0.508935508935509
863,5,0.5353535353535354
864,1,0.5128205128205128
864,2,0.46076146076146074
864,3,0.48562548562548563
864,4,0.5097125097125097
864,5,0.5198135198135199
865,1,0.49417249417249415
865,2,0.494949494949495
865,3,0.48174048174048173
865,4,0.5299145299145299
865,5,0.4864024864024864
866,1,0.5050505050505051
866,2,0.47474747474747475
866,3,0.4965034965034965
866,4,0.5283605283605284
866,5,0.519036519036519
867,1,0.5034965034965035
867,2,0.47086247086247085
867,3,0.46464646464646464
867,4,0.5236985236985237
867,5,0.5066045066045066
868,1,0.49417249417249415
868,2,0.4693084693084693
868,3,0.4840714840714841
868,4,0.5229215229215229
868,5,0.5112665112665112
869,1,0.5167055167055167
869,2,0.4444444444444444
869,3,0.48329448329448327
869,4,0.5034965034965035
869,5,0.5151515151515151
870,1,0.5097125097125097
870,2,0.4662004662004662
870,3,0.47241647241647244
870,4,0.508935508935509
870,5,0.5337995337995338
871,1,0.5073815073815073
871,2,0.4988344988344988
871,3,0.47785547785547783
871,4,0.49106449106449107
871,5,0.5198135198135199
872,1,0.4988344988344988
872,2,0.45998445998445997
872,3,0.48174048174048173
872,4,0.5081585081585082
872,5,0.5392385392385393
873,1,0.49106449106449107
873,2,0.46386946386946387
873,3,0.48096348096348096
873,4,0.5104895104895105
873,5,0.5244755244755245
874,1,0.49572649572649574
874,2,0.48096348096348096
874,3,0.4972804972804973
874,4,0.5229215229215229
874,5,0.5244755244755245
875,1,0.5034965034965035
875,2,0.4677544677544678
875,3,0.4825174825174825
875,4,0.5019425019425019
875,5,0.519036519036519
876,1,0.5167055167055167
876,2,0.4560994560994561
876,3,0.48329448329448327
876,4,0.5034965034965035
876,5,0.5073815073815073
877,1,0.4755244755244755
877,2,0.46853146853146854
877,3,0.48795648795648794
877,4,0.5097125097125097
877,5,0.5291375291375291
878,1,0.4926184926184926
878,2,0.47707847707847706
878,3,0.4700854700854701
878,4,0.5120435120435121
878,5,0.5337995337995338
879,1,0.4864024864024864
879,2,0.45376845376845376
879,3,0.47241647241647244
879,4,0.5221445221445221
879,5,0.5244755244755245
880,1,0.5244755244755245
880,2,0.47474747474747475
880,3,0.46464646464646464
880,4,0.5003885003885004
880,5,0.5369075369075369
881,1,0.5128205128205128
881,2,0.4506604506604507
881,3,0.4801864801864802
881,4,0.5066045066045066
881,5,0.5337995337995338
882,1,0.48951048951048953
882,2,0.47474747474747475
882,3,0.4965034965034965
882,4,0.4965034965034965
882,5,0.5423465423465423
883,1,0.5058275058275058
883,2,0.47785547785547783
883,3,0.49184149184149184
883,4,0.49184149184149184
883,5,0.5050505050505051
884,1,0.49572649572649574
884,2,0.4677544677544678
884,3,0.4996114996114996
884,4,0.5042735042735043
884,5,0.5229215229215229
885,1,0.5042735042735043
885,2,0.4794094794094794
885,3,0.48562548562548563
885,4,0.5081585081585082
885,5,0.5369075369075369
886,1,0.5081585081585082
886,2,0.466977466977467
886,3,0.47241647241647244
886,4,0.5042735042735043
886,5,0.5407925407925408
887,1,0.4972804972804973
887,2,0.4716394716394716
887,3,0.47086247086247085
887,4,0.5027195027195027
887,5,0.5306915306915307
888,1,0.4902874902874903
888,2,0.4483294483294483
888,3,0.48484848484848486
888,4,0.5198135198135199
888,5,0.5493395493395493
889,1,0.4988344988344988
889,2,0.4700854700854701
889,3,0.48329448329448327
889,4,0.5003885003885004
889,5,0.5143745143745144
890,1,0.5097125097125097
890,2,0.4716394716394716
890,3,0.4887334887334887
890,4,0.5073815073815073
890,5,0.5058275058275058
891,1,0.4965034965034965
891,2,0.47086247086247085
891,3,0.494949494949495
891,4,0.4965034965034965
891,5,0.5097125097125097
892,1,0.48717948717948717
892,2,0.4887334887334887
892,3,0.48174048174048173
892,4,0.48174048174048173
892,5,0.5182595182595182
893,1,0.4972804972804973
893,2,0.4840714840714841
893,3,0.4864024864024864
893,4,0.5027195027195027
893,5,0.5236985236985237
894,1,0.5003885003885004
894,2,0.4794094794094794
894,3,0.45765345765345766
894,4,0.5353535353535354
894,5,0.5027195027195027
895,1,0.5042735042735043
895,2,0.46464646464646464
895,3,0.473970473970474
895,4,0.5011655011655012
895,5,0.508935508935509
896,1,0.47785547785547783
896,2,0.4716394716394716
896,3,0.4763014763014763
896,4,0.5143745143745144
896,5,0.515928515928516
897,1,0.5081585081585082
897,2,0.48795648795648794
897,3,0.48951048951048953
897,4,0.4902874902874903
897,5,0.5221445221445221
898,1,0.5174825174825175
898,2,0.45376845376845376
898,3,0.48951048951048953
898,4,0.5174825174825175
898,5,0.5128205128205128
899,1,0.49417249417249415
899,2,0.47707847707847706
899,3,0.49106449106449107
899,4,0.5439005439005439
899,5,0.4825174825174825
900,1,0.49184149184149184
900,2,0.48096348096348096
900,3,0.4654234654234654
900,4,0.5252525252525253
900,5,0.508935508935509
901,1,0.48951048951048953
901,2,0.466977466977467
901,3,0.47086247086247085
901,4,0.5229215229215229
901,5,0.5135975135975136
902,1,0.48484848484848486
902,2,0.4864024864024864
902,3,0.47863247863247865
902,4,0.5081585081585082
902,5,0.5135975135975136
903,1,0.494949494949495
903,2,0.45998445998445997
903,3,0.5058275058275058
903,4,0.5058275058275058
903,5,0.5337995337995338
904,1,0.49805749805749805
904,2,0.4654234654234654
904,3,0.4700854700854701
904,4,0.494949494949495
904,5,0.5236985236985237
905,1,0.508935508935509
905,2,0.4677544677544678
905,3,0.46386946386946387
905,4,0.5019425019425019
905,5,0.5058275058275058
906,1,0.48717948717948717
906,2,0.4662004662004662
906,3,0.47241647241647244
906,4,0.5213675213675214
906,5,0.5143745143745144
907,1,0.5042735042735043
907,2,0.466977466977467
907,3,0.5003885003885004
907,4,0.48795648795648794
907,5,0.5073815073815073
908,1,0.47474747474747475
908,2,0.48484848484848486
908,3,0.49805749805749805
908,4,0.5097125097125097
908,5,0.519036519036519
909,1,0.5120435120435121
909,2,0.49184149184149184
909,3,0.48096348096348096
909,4,0.5058275058275058
909,5,0.5019425019425019
910,1,0.49572649572649574
910,2,0.4693084693084693
910,3,0.49184149184149184
910,4,0.5042735042735043
910,5,0.5034965034965035
911,1,0.48174048174048173
911,2,0.47863247863247865
911,3,0.4972804972804973
911,4,0.508935508935509
911,5,0.5042735042735043
912,1,0.48951048951048953
912,2,0.48795648795648794
912,3,0.48174048174048173
912,4,0.5019425019425019
912,5,0.5027195027195027
913,1,0.48717948717948717
913,2,0.5097125097125097
913,3,0.4902874902874903
913,4,0.5011655011655012
913,5,0.49417249417249415
914,1,0.5058275058275058
914,2,0.48484848484848486
914,3,0.48329448329448327
914,4,0.49572649572649574
914,5,0.49805749805749805
915,1,0.5081585081585082
915,2,0.4662004662004662
915,3,0.5011655011655012
915,4,0.5050505050505051
915,5,0.47863247863247865
916,1,0.48562548562548563
916,2,0.4988344988344988
916,3,0.4996114996114996
916,4,0.5019425019425019
916,5,0.508935508935509
917,1,0.4988344988344988
917,2,0.48795648795648794
917,3,0.47086247086247085
917,4,0.49417249417249415
917,5,0.5229215229215229
918,1,0.5151515151515151
918,2,0.473970473970474
918,3,0.4801864801864802
918,4,0.4965034965034965
918,5,0.5058275058275058
919,1,0.49184149184149184
919,2,0.4933954933954934
919,3,0.47707847707847706
919,4,0.48951048951048953
919,5,0.5143745143745144
920,1,0.4926184926184926
920,2,0.47785547785547783
920,3,0.49572649572649574
920,4,0.4965034965034965
920,5,0.5143745143745144
921,1,0.515928515928516
921,2,0.47863247863247865
921,3,0.47241647241647244
921,4,0.5151515151515151
921,5,0.5027195027195027
922,1,0.5003885003885004
922,2,0.49572649572649574
922,3,0.48717948717948717
922,4,0.48795648795648794
922,5,0.5135975135975136
923,1,0.508935508935509
923,2,0.49184149184149184
923,3,0.473970473970474
923,4,0.5034965034965035
923,5,0.49805749805749805
924,1,0.5058275058275058
924,2,0.47086247086247085
924,3,0.4840714840714841
924,4,0.5042735042735043
924,5,0.5034965034965035
925,1,0.5205905205905206
925,2,0.4662004662004662
925,3,0.4801864801864802
925,4,0.494949494949495
925,5,0.5034965034965035
926,1,0.4988344988344988
926,2,0.48562548562548563
926,3,0.4794094794094794
926,4,0.4864024864024864
926,5,0.5034965034965035
927,1,0.5120435120435121
927,2,0.47707847707847706
927,3,0.47241647241647244
927,4,0.4965034965034965
927,5,0.49805749805749805
928,1,0.4965034965034965
928,2,0.466977466977467
928,3,0.4926184926184926
928,4,0.48329448329448327
928,5,0.5112665112665112
929,1,0.5011655011655012
929,2,0.46076146076146074
929,3,0.5011655011655012
929,4,0.5205905205905206
929,5,0.49805749805749805
930,1,0.49805749805749805
930,2,0.4801864801864802
930,3,0.4794094794094794
930,4,0.48484848484848486
930,5,0.5229215229215229
931,1,0.5003885003885004
931,2,0.47863247863247865
931,3,0.4933954933954934
931,4,0.4965034965034965
931,5,0.4988344988344988
932,1,0.5050505050505051
932,2,0.4825174825174825
932,3,0.473970473970474
932,4,0.4864024864024864
932,5,0.49572649572649574
933,1,0.49184149184149184
933,2,0.5042735042735043
933,3,0.4693084693084693
933,4,0.508935508935509
933,5,0.5073815073815073
934,1,0.49572649572649574
934,2,0.4630924630924631
934,3,0.47707847707847706
934,4,0.5097125097125097
934,5,0.5058275058275058
935,1,0.4926184926184926
935,2,0.473970473970474
935,3,0.49572649572649574
935,4,0.5050505050505051
935,5,0.5058275058275058
936,1,0.5019425019425019
936,2,0.4763014763014763
936,3,0.47785547785547783
936,4,0.5198135198135199
936,5,0.5034965034965035
937,1,0.508935508935509
937,2,0.5034965034965035
937,3,0.48717948717948717
937,4,0.4887334887334887
937,5,0.49572649572649574
938,1,0.508935508935509
938,2,0.46386946386946387
938,3,0.4840714840714841
938,4,0.5104895104895105
938,5,0.5314685314685315
939,1,0.494949494949495
939,2,0.49805749805749805
939,3,0.473970473970474
939,4,0.5097125097125097
939,5,0.5066045066045066
940,1,0.4965034965034965
940,2,0.4716394716394716
940,3,0.49106449106449107
940,4,0.5135975135975136
940,5,0.508935508935509
941,1,0.519036519036519
941,2,0.473970473970474
941,3,0.47785547785547783
941,4,0.5003885003885004
941,5,0.49184149184149184
942,1,0.5011655011655012
942,2,0.4794094794094794
942,3,0.4763014763014763
942,4,0.5236985236985237
942,5,0.5011655011655012
943,1,0.5244755244755245
943,2,0.4677544677544678
943,3,0.49106449106449107
943,4,0.5034965034965035
943,5,0.5151515151515151
944,1,0.49106449106449107
944,2,0.4755244755244755
944,3,0.4755244755244755
944,4,0.5112665112665112
944,5,0.508935508935509
945,1,0.4972804972804973
945,2,0.47086247086247085
945,3,0.5034965034965035
945,4,0.5097125097125097
945,5,0.5081585081585082
946,1,0.5221445221445221
946,2,0.4654234654234654
946,3,0.4933954933954934
946,4,0.5003885003885004
946,5,0.5081585081585082
947,1,0.4864024864024864
947,2,0.48562548562548563
947,3,0.48174048174048173
947,4,0.5104895104895105
947,5,0.515928515928516
948,1,0.47086247086247085
948,2,0.473970473970474
948,3,0.49184149184149184
948,4,0.5167055167055167
948,5,0.5322455322455323
949,1,0.5112665112665112
949,2,0.48174048174048173
949,3,0.48562548562548563
949,4,0.4988344988344988
949,5,0.5135975135975136
950,1,0.4988344988344988
950,2,0.49184149184149184
950,3,0.48484848484848486
950,4,0.5073815073815073
950,5,0.4887334887334887
951,1,0.48484848484848486
951,2,0.47863247863247865
951,3,0.48951048951048953
951,4,0.5019425019425019
951,5,0.5143745143745144
952,1,0.49805749805749805
952,2,0.5058275058275058
952,3,0.473970473970474
952,4,0.4926184926184926
952,5,0.5128205128205128
953,1,0.4887334887334887
953,2,0.473970473970474
953,3,0.4731934731934732
953,4,0.5236985236985237
953,5,0.5182595182595182
954,1,0.5027195027195027
954,2,0.473970473970474
954,3,0.5066045066045066
954,4,0.494949494949495
954,5,0.4972804972804973
955,1,0.5027195027195027
955,2,0.4864024864024864
955,3,0.4731934731934732
955,4,0.5034965034965035
955,5,0.5042735042735043
956,1,0.47707847707847706
956,2,0.473970473970474
956,3,0.4933954933954934
956,4,0.49184149184149184
956,5,0.5229215229215229
957,1,0.49106449106449107
957,2,0.466977466977467
957,3,0.48951048951048953
957,4,0.508935508935509
957,5,0.5027195027195027
958,1,0.5011655011655012
958,2,0.47241647241647244
958,3,0.4794094794094794
958,4,0.5073815073815073
958,5,0.5019425019425019
959,1,0.5011655011655012
959,2,0.48329448329448327
959,3,0.4794094794094794
959,4,0.48329448329448327
959,5,0.5275835275835276
960,1,0.49184149184149184
960,2,0.46853146853146854
960,3,0.48795648795648794
960,4,0.5034965034965035
960,5,0.5027195027195027
961,1,0.5050505050505051
961,2,0.4630924630924631
961,3,0.4763014763014763
961,4,0.5081585081585082
961,5,0.5205905205905206
962,1,0.515928515928516
962,2,0.45998445998445997
962,3,0.48096348096348096
962,4,0.5073815073815073
962,5,0.5151515151515151
963,1,0.5003885003885004
963,2,0.4693084693084693
963,3,0.46853146853146854
963,4,0.5058275058275058
963,5,0.4864024864024864
964,1,0.4763014763014763
964,2,0.47707847707847706
964,3,0.48795648795648794
964,4,0.5128205128205128
964,5,0.519036519036519
965,1,0.4972804972804973
965,2,0.4654234654234654
965,3,0.48484848484848486
965,4,0.49417249417249415
965,5,0.5353535353535354
966,1,0.5011655011655012
966,2,0.48562548562548563
966,3,0.47785547785547783
966,4,0.5058275058275058
966,5,0.5299145299145299
967,1,0.494949494949495
967,2,0.4522144522144522
967,3,0.48795648795648794
967,4,0.4996114996114996
967,5,0.5182595182595182
968,1,0.4988344988344988
968,2,0.4794094794094794
968,3,0.4716394716394716
968,4,0.48562548562548563
968,5,0.5182595182595182
969,1,0.4864024864024864
969,2,0.48329448329448327
969,3,0.47707847707847706
969,4,0.49417249417249415
969,5,0.5167055167055167
970,1,0.49184149184149184
970,2,0.48174048174048173
970,3,0.4716394716394716
970,4,0.5027195027195027
970,5,0.5120435120435121
971,1,0.47785547785547783
971,2,0.4677544677544678
971,3,0.4801864801864802
971,4,0.5011655011655012
971,5,0.533022533022533
972,1,0.4988344988344988
972,2,0.48096348096348096
972,3,0.46153846153846156
972,4,0.49805749805749805
972,5,0.5112665112665112
973,1,0.4840714840714841
973,2,0.4700854700854701
973,3,0.466977466977467
973,4,0.49572649572649574
973,5,0.5198135198135199
974,1,0.48174048174048173
974,2,0.47086247086247085
974,3,0.4755244755244755
974,4,0.48795648795648794
974,5,0.5376845376845377
975,1,0.4700854700854701
975,2,0.4467754467754468
975,3,0.49805749805749805
975,4,0.5174825174825175
975,5,0.4988344988344988
976,1,0.5050505050505051
976,2,0.473970473970474
976,3,0.48951048951048953
976,4,0.47474747474747475
976,5,0.4972804972804973
977,1,0.48562548562548563
977,2,0.4467754467754468
977,3,0.5003885003885004
977,4,0.4988344988344988
977,5,0.5135975135975136
978,1,0.5019425019425019
978,2,0.4693084693084693
978,3,0.48717948717948717
978,4,0.48174048174048173
978,5,0.5384615384615384
979,1,0.5042735042735043
979,2,0.4731934731934732
979,3,0.4801864801864802
979,4,0.5011655011655012
979,5,0.5081585081585082
980,1,0.5034965034965035
980,2,0.4467754467754468
980,3,0.4662004662004662
980,4,0.519036519036519
980,5,0.526029526029526
981,1,0.4801864801864802
981,2,0.46076146076146074
981,3,0.4926184926184926
981,4,0.5073815073815073
981,5,0.5027195027195027
982,1,0.5104895104895105
982,2,0.46853146853146854
982,3,0.48795648795648794
982,4,0.46231546231546233
982,5,0.5198135198135199
983,1,0.5042735042735043
983,2,0.4887334887334887
983,3,0.4654234654234654
983,4,0.494949494949495
983,5,0.5314685314685315
984,1,0.4840714840714841
984,2,0.45454545454545453
984,3,0.48717948717948717
984,4,0.5081585081585082
984,5,0.5120435120435121
985,1,0.4996114996114996
985,2,0.4662004662004662
985,3,0.4864024864024864
985,4,0.4825174825174825
985,5,0.4965034965034965
986,1,0.5128205128205128
986,2,0.47086247086247085
986,3,0.48795648795648794
986,4,0.5058275058275058
986,5,0.5081585081585082
987,1,0.5275835275835276
987,2,0.46464646464646464
987,3,0.47086247086247085
987,4,0.4864024864024864
987,5,0.5112665112665112
988,1,0.4902874902874903
988,2,0.47241647241647244
988,3,0.49417249417249415
988,4,0.4926184926184926
988,5,0.5205905205905206
989,1,0.48795648795648794
989,2,0.46231546231546233
989,3,0.4801864801864802
989,4,0.4902874902874903
989,5,0.5306915306915307
990,1,0.5042735042735043
990,2,0.4693084693084693
990,3,0.5058275058275058
990,4,0.4700854700854701
990,5,0.5182595182595182
991,1,0.4801864801864802
991,2,0.4560994560994561
991,3,0.5058275058275058
991,4,0.49805749805749805
991,5,0.5205905205905206
992,1,0.48795648795648794
992,2,0.4794094794094794
992,3,0.49106449106449107
992,4,0.4902874902874903
992,5,0.5042735042735043
993,1,0.4840714840714841
993,2,0.4763014763014763
993,3,0.49805749805749805
993,4,0.48951048951048953
993,5,0.5058275058275058
994,1,0.5019425019425019
994,2,0.4755244755244755
994,3,0.5143745143745144
994,4,0.49417249417249415
994,5,0.5213675213675214
995,1,0.4887334887334887
995,2,0.473970473970474
995,3,0.48484848484848486
995,4,0.494949494949495
995,5,0.5275835275835276
996,1,0.5042735042735043
996,2,0.47707847707847706
996,3,0.4763014763014763
996,4,0.526029526029526
996,5,0.5221445221445221
997,1,0.4972804972804973
997,2,0.46231546231546233
997,3,0.4840714840714841
997,4,0.515928515928516
997,5,0.5415695415695416
998,1,0.48717948717948717
998,2,0.4755244755244755
998,3,0.4801864801864802
998,4,0.4902874902874903
998,5,0.5252525252525253
999,1,0.46076146076146074
999,2,0.4506604506604507
999,3,0.48717948717948717
999,4,0.515928515928516
999,5,0.5369075369075369
1000,1,0.48795648795648794
1000,2,0.473970473970474
1000,3,0.4972804972804973
1000,4,0.5128205128205128
1000,5,0.5229215229215229
1001,1,0.5073815073815073
1001,2,0.48717948717948717
1001,3,0.47086247086247085
1001,4,0.5042735042735043
1001,5,0.5066045066045066
1002,1,0.5011655011655012
1002,2,0.4700854700854701
1002,3,0.4763014763014763
1002,4,0.4988344988344988
1002,5,0.5034965034965035
1003,1,0.5283605283605284
1003,2,0.4630924630924631
1003,3,0.4840714840714841
1003,4,0.49572649572649574
1003,5,0.5283605283605284
1004,1,0.5011655011655012
1004,2,0.47863247863247865
1004,3,0.4988344988344988
1004,4,0.4965034965034965
1004,5,0.5104895104895105
1005,1,0.5112665112665112
1005,2,0.4693084693084693
1005,3,0.4716394716394716
1005,4,0.508935508935509
1005,5,0.508935508935509
1006,1,0.48951048951048953
1006,2,0.4693084693084693
1006,3,0.49417249417249415
1006,4,0.5167055167055167
1006,5,0.5143745143745144
1007,1,0.5050505050505051
1007,2,0.47241647241647244
1007,3,0.48329448329448327
1007,4,0.49184149184149184
1007,5,0.5221445221445221
1008,1,0.5027195027195027
1008,2,0.48096348096348096
1008,3,0.4801864801864802
1008,4,0.5003885003885004
1008,5,0.5073815073815073
1009,1,0.5104895104895105
1009,2,0.452991452991453
1009,3,0.4988344988344988
1009,4,0.5151515151515151
1009,5,0.5135975135975136
1010,1,0.494949494949495
1010,2,0.47474747474747475
1010,3,0.5050505050505051
1010,4,0.49805749805749805
1010,5,0.508935508935509
1011,1,0.5205905205905206
1011,2,0.45843045843045843
1011,3,0.4763014763014763
1011,4,0.49572649572649574
1011,5,0.5151515151515151
1012,1,0.4996114996114996
1012,2,0.4693084693084693
1012,3,0.4902874902874903
1012,4,0.5112665112665112
1012,5,0.5143745143745144
1013,1,0.5252525252525253
1013,2,0.48484848484848486
1013,3,0.4568764568764569
1013,4,0.5112665112665112
1013,5,0.515928515928516
1014,1,0.47474747474747475
1014,2,0.48329448329448327
1014,3,0.4864024864024864
1014,4,0.5073815073815073
1014,5,0.5283605283605284
1015,1,0.508935508935509
1015,2,0.4693084693084693
1015,3,0.4731934731934732
1015,4,0.5120435120435121
1015,5,0.5283605283605284
1016,1,0.5128205128205128
1016,2,0.45998445998445997
1016,3,0.47785547785547783
1016,4,0.508935508935509
1016,5,0.5058275058275058
1017,1,0.4996114996114996
1017,2,0.4716394716394716
1017,3,0.49805749805749805
1017,4,0.5011655011655012
1017,5,0.515928515928516
1018,1,0.47863247863247865
1018,2,0.48562548562548563
1018,3,0.5143745143745144
1018,4,0.4801864801864802
1018,5,0.5229215229215229
1019,1,0.4763014763014763
1019,2,0.4700854700854701
1019,3,0.48329448329448327
1019,4,0.5034965034965035
1019,5,0.5236985236985237
1020,1,0.47086247086247085
1020,2,0.4560994560994561
1020,3,0.5042735042735043
1020,4,0.5283605283605284
1020,5,0.5143745143745144
1021,1,0.4972804972804973
1021,2,0.47241647241647244
1021,3,0.5104895104895105
1021,4,0.5073815073815073
1021,5,0.5143745143745144
1022,1,0.4926184926184926
1022,2,0.4801864801864802
1022,3,0.4972804972804973
1022,4,0.5073815073815073
1022,5,0.5135975135975136
1023,1,0.5042735042735043
1023,2,0.473970473970474
1023,3,0.47785547785547783
1023,4,0.5205905205905206
1023,5,0.5135975135975136
1024,1,0.5034965034965035
1024,2,0.46386946386946387
1024,3,0.47086247086247085
1024,4,0.4965034965034965
1024,5,0.5182595182595182
1025,1,0.5143745143745144
1025,2,0.46853146853146854
1025,3,0.4933954933954934
1025,4,0.4926184926184926
1025,5,0.5135975135975136
1026,1,0.49805749805749805
1026,2,0.45765345765345766
1026,3,0.46386946386946387
1026,4,0.5050505050505051
1026,5,0.533022533022533
1027,1,0.508935508935509
1027,2,0.4662004662004662
1027,3,0.48717948717948717
1027,4,0.515928515928516
1027,5,0.4864024864024864
1028,1,0.4654234654234654
1028,2,0.4491064491064491
1028,3,0.5003885003885004
1028,4,0.5104895104895105
1028,5,0.5128205128205128
1029,1,0.48484848484848486
1029,2,0.48484848484848486
1029,3,0.5034965034965035
1029,4,0.494949494949495
1029,5,0.5058275058275058
1030,1,0.5034965034965035
1030,2,0.4553224553224553
1030,3,0.494949494949495
1030,4,0.4965034965034965
1030,5,0.5213675213675214
1031,1,0.5112665112665112
1031,2,0.4755244755244755
1031,3,0.48484848484848486
1031,4,0.4902874902874903
1031,5,0.5236985236985237
1032,1,0.4763014763014763
1032,2,0.4654234654234654
1032,3,0.5042735042735043
1032,4,0.494949494949495
1032,5,0.5268065268065268
1033,1,0.5003885003885004
1033,2,0.46853146853146854
1033,3,0.49805749805749805
1033,4,0.4755244755244755
1033,5,0.5135975135975136
1034,1,0.49417249417249415
1034,2,0.452991452991453
1034,3,0.48329448329448327
1034,4,0.5151515151515151
1034,5,0.5221445221445221
1035,1,0.5042735042735043
1035,2,0.4522144522144522
1035,3,0.4755244755244755
1035,4,0.5135975135975136
1035,5,0.5415695415695416
1036,1,0.5034965034965035
1036,2,0.46076146076146074
1036,3,0.48329448329448327
1036,4,0.533022533022533
1036,5,0.5221445221445221
1037,1,0.5221445221445221
1037,2,0.48174048174048173
1037,3,0.4801864801864802
1037,4,0.49184149184149184
1037,5,0.5229215229215229
1038,1,0.4965034965034965
1038,2,0.4794094794094794
1038,3,0.48562548562548563
1038,4,0.4972804972804973
1038,5,0.5128205128205128
1039,1,0.48951048951048953
1039,2,0.4630924630924631
1039,3,0.4933954933954934
1039,4,0.5073815073815073
1039,5,0.5221445221445221
1040,1,0.46853146853146854
1040,2,0.4700854700854701
1040,3,0.5066045066045066
1040,4,0.508935508935509
1040,5,0.5120435120435121
1041,1,0.5081585081585082
1041,2,0.4560994560994561
1041,3,0.4965034965034965
1041,4,0.4988344988344988
1041,5,0.5120435120435121
1042,1,0.48174048174048173
1042,2,0.4693084693084693
1042,3,0.4840714840714841
1042,4,0.5135975135975136
1042,5,0.5236985236985237
1043,1,0.4933954933954934
1043,2,0.47086247086247085
1043,3,0.49184149184149184
1043,4,0.4933954933954934
1043,5,0.5275835275835276
1044,1,0.48096348096348096
1044,2,0.48096348096348096
1044,3,0.47241647241647244
1044,4,0.5244755244755245
1044,5,0.5291375291375291
1045,1,0.4996114996114996
1045,2,0.4654234654234654
1045,3,0.47474747474747475
1045,4,0.5104895104895105
1045,5,0.5198135198135199
1046,1,0.48329448329448327
1046,2,0.47086247086247085
1046,3,0.4902874902874903
1046,4,0.5120435120435121
1046,5,0.5221445221445221
1047,1,0.48717948717948717
1047,2,0.4662004662004662
1047,3,0.48329448329448327
1047,4,0.4996114996114996
1047,5,0.5066045066045066
1048,1,0.4902874902874903
1048,2,0.48717948717948717
1048,3,0.46153846153846156
1048,4,0.5011655011655012
1048,5,0.5268065268065268
1049,1,0.4887334887334887
1049,2,0.4553224553224553
1049,3,0.49572649572649574
1049,4,0.5128205128205128
1049,5,0.5384615384615384
1050,1,0.4926184926184926
1050,2,0.46853146853146854
1050,3,0.4864024864024864
1050,4,0.5135975135975136
1050,5,0.5213675213675214
1051,1,0.4933954933954934
1051,2,0.45376845376845376
1051,3,0.4801864801864802
1051,4,0.5167055167055167
1051,5,0.4972804972804973
1052,1,0.5034965034965035
1052,2,0.4592074592074592
1052,3,0.4553224553224553
1052,4,0.5252525252525253
1052,5,0.519036519036519
1053,1,0.4972804972804973
1053,2,0.46386946386946387
1053,3,0.47086247086247085
1053,4,0.494949494949495
1053,5,0.5112665112665112
1054,1,0.5011655011655012
1054,2,0.47474747474747475
1054,3,0.4700854700854701
1054,4,0.526029526029526
1054,5,0.4972804972804973
1055,1,0.4794094794094794
1055,2,0.46464646464646464
1055,3,0.4988344988344988
1055,4,0.508935508935509
1055,5,0.5275835275835276
1056,1,0.45843045843045843
1056,2,0.48096348096348096
1056,3,0.4887334887334887
1056,4,0.4988344988344988
1056,5,0.5128205128205128
1057,1,0.4677544677544678
1057,2,0.4996114996114996
1057,3,0.4677544677544678
1057,4,0.5167055167055167
1057,5,0.5213675213675214
1058,1,0.526029526029526
1058,2,0.45376845376845376
1058,3,0.4755244755244755
1058,4,0.5050505050505051
1058,5,0.5182595182595182
1059,1,0.4825174825174825
1059,2,0.46853146853146854
1059,3,0.48951048951048953
1059,4,0.5104895104895105
1059,5,0.5058275058275058
1060,1,0.4926184926184926
1060,2,0.445998445998446
1060,3,0.4677544677544678
1060,4,0.5081585081585082
1060,5,0.5633255633255633
1061,1,0.5058275058275058
1061,2,0.4662004662004662
1061,3,0.48096348096348096
1061,4,0.5097125097125097
1061,5,0.5337995337995338
1062,1,0.4933954933954934
1062,2,0.47086247086247085
1062,3,0.46464646464646464
1062,4,0.5073815073815073
1062,5,0.515928515928516
1063,1,0.48484848484848486
1063,2,0.4731934731934732
1063,3,0.48795648795648794
1063,4,0.5011655011655012
1063,5,0.5073815073815073
1064,1,0.4662004662004662
1064,2,0.46386946386946387
1064,3,0.4794094794094794
1064,4,0.5120435120435121
1064,5,0.5439005439005439
1065,1,0.4693084693084693
1065,2,0.5019425019425019
1065,3,0.49417249417249415
1065,4,0.5104895104895105
1065,5,0.5167055167055167
1066,1,0.47707847707847706
1066,2,0.48562548562548563
1066,3,0.47707847707847706
1066,4,0.4926184926184926
1066,5,0.5128205128205128
1067,1,0.47241647241647244
1067,2,0.47241647241647244
1067,3,0.4755244755244755
1067,4,0.5027195027195027
1067,5,0.5415695415695416
1068,1,0.5011655011655012
1068,2,0.473970473970474
1068,3,0.4654234654234654
1068,4,0.5135975135975136
1068,5,0.533022533022533
1069,1,0.5003885003885004
1069,2,0.4755244755244755
1069,3,0.46853146853146854
1069,4,0.48951048951048953
1069,5,0.5361305361305362
1070,1,0.5128205128205128
1070,2,0.46386946386946387
1070,3,0.47474747474747475
1070,4,0.5066045066045066
1070,5,0.533022533022533
1071,1,0.49106449106449107
1071,2,0.46386946386946387
1071,3,0.473970473970474
1071,4,0.5229215229215229
1071,5,0.5112665112665112
1072,1,0.4755244755244755
1072,2,0.47785547785547783
1072,3,0.46464646464646464
1072,4,0.5244755244755245
1072,5,0.5275835275835276
1073,1,0.4926184926184926
1073,2,0.4763014763014763
1073,3,0.47785547785547783
1073,4,0.5066045066045066
1073,5,0.5252525252525253
1074,1,0.4677544677544678
1074,2,0.48717948717948717
1074,3,0.4801864801864802
1074,4,0.4988344988344988
1074,5,0.5151515151515151
1075,1,0.49184149184149184
1075,2,0.47241647241647244
1075,3,0.4902874902874903
1075,4,0.5081585081585082
1075,5,0.5252525252525253
1076,1,0.48951048951048953
1076,2,0.4825174825174825
1076,3,0.4731934731934732
1076,4,0.5027195027195027
1076,5,0.54001554001554
1077,1,0.4988344988344988
1077,2,0.4716394716394716
1077,3,0.473970473970474
1077,4,0.4972804972804973
1077,5,0.5361305361305362
1078,1,0.4965034965034965
1078,2,0.47086247086247085
1078,3,0.46231546231546233
1078,4,0.5097125097125097
1078,5,0.5174825174825175
1079,1,0.4864024864024864
1079,2,0.45998445998445997
1079,3,0.48951048951048953
1079,4,0.5112665112665112
1079,5,0.5314685314685315
1080,1,0.47863247863247865
1080,2,0.47474747474747475
1080,3,0.4825174825174825
1080,4,0.4887334887334887
1080,5,0.5299145299145299
1081,1,0.4864024864024864
1081,2,0.4794094794094794
1081,3,0.48174048174048173
1081,4,0.5042735042735043
1081,5,0.5369075369075369
1082,1,0.4825174825174825
1082,2,0.4887334887334887
1082,3,0.4840714840714841
1082,4,0.515928515928516
1082,5,0.533022533022533
1083,1,0.4972804972804973
1083,2,0.45454545454545453
1083,3,0.48717948717948717
1083,4,0.5042735042735043
1083,5,0.5244755244755245
1084,1,0.4630924630924631
1084,2,0.4887334887334887
1084,3,0.4965034965034965
1084,4,0.49106449106449107
1084,5,0.5104895104895105
1085,1,0.48096348096348096
1085,2,0.48795648795648794
1085,3,0.4794094794094794
1085,4,0.5003885003885004
1085,5,0.526029526029526
1086,1,0.4864024864024864
1086,2,0.48795648795648794
1086,3,0.4716394716394716
1086,4,0.5128205128205128
1086,5,0.5322455322455323
1087,1,0.5058275058275058
1087,2,0.46231546231546233
1087,3,0.48484848484848486
1087,4,0.494949494949495
1087,5,0.5213675213675214
1088,1,0.49106449106449107
1088,2,0.46464646464646464
1088,3,0.4825174825174825
1088,4,0.49805749805749805
1088,5,0.5097125097125097
1089,1,0.49184149184149184
1089,2,0.48174048174048173
1089,3,0.4840714840714841
1089,4,0.4926184926184926
1089,5,0.5182595182595182
1090,1,0.48096348096348096
1090,2,0.4716394716394716
1090,3,0.46386946386946387
1090,4,0.533022533022533
1090,5,0.5384615384615384
1091,1,0.48562548562548563
1091,2,0.4716394716394716
1091,3,0.466977466977467
1091,4,0.5042735042735043
1091,5,0.5042735042735043
1092,1,0.49805749805749805
1092,2,0.473970473970474
1092,3,0.4840714840714841
1092,4,0.49417249417249415
1092,5,0.5361305361305362
1093,1,0.47474747474747475
1093,2,0.4630924630924631
1093,3,0.48717948717948717
1093,4,0.5182595182595182
1093,5,0.5407925407925408
1094,1,0.4972804972804973
1094,2,0.466977466977467
1094,3,0.4755244755244755
1094,4,0.5003885003885004
1094,5,0.5143745143745144
1095,1,0.494949494949495
1095,2,0.4560994560994561
1095,3,0.48484848484848486
1095,4,0.515928515928516
1095,5,0.5112665112665112
1096,1,0.48951048951048953
1096,2,0.4763014763014763
1096,3,0.45765345765345766
1096,4,0.49184149184149184
1096,5,0.5058275058275058
1097,1,0.48329448329448327
1097,2,0.45765345765345766
1097,3,0.47086247086247085
1097,4,0.4864024864024864
1097,5,0.5384615384615384
1098,1,0.4902874902874903
1098,2,0.48096348096348096
1098,3,0.466977466977467
1098,4,0.49417249417249415
1098,5,0.5314685314685315
1099,1,0.48795648795648794
1099,2,0.46153846153846156
1099,3,0.48951048951048953
1099,4,0.48795648795648794
1099,5,0.5120435120435121
1100,1,0.48562548562548563
1100,2,0.45143745143745145
1100,3,0.46464646464646464
1100,4,0.5066045066045066
1100,5,0.5345765345765345
1101,1,0.4926184926184926
1101,2,0.4560994560994561
1101,3,0.47241647241647244
1101,4,0.5019425019425019
1101,5,0.5439005439005439
1102,1,0.49572649572649574
1102,2,0.4592074592074592
1102,3,0.48562548562548563
1102,4,0.5058275058275058
1102,5,0.5073815073815073
1103,1,0.4996114996114996
1103,2,0.4444444444444444
1103,3,0.4731934731934732
1103,4,0.5034965034965035
1103,5,0.5120435120435121
1104,1,0.494949494949495
1104,2,0.44366744366744365
1104,3,0.4716394716394716
1104,4,0.5135975135975136
1104,5,0.5322455322455323
1105,1,0.4693084693084693
1105,2,0.47863247863247865
1105,3,0.4731934731934732
1105,4,0.5034965034965035
1105,5,0.5376845376845377
1106,1,0.47863247863247865
1106,2,0.4491064491064491
1106,3,0.5081585081585082
1106,4,0.4864024864024864
1106,5,0.5322455322455323
1107,1,0.48951048951048953
1107,2,0.47474747474747475
1107,3,0.4677544677544678
1107,4,0.5299145299145299
1107,5,0.5104895104895105
1108,1,0.48329448329448327
1108,2,0.45454545454545453
1108,3,0.47086247086247085
1108,4,0.5198135198135199
1108,5,0.5345765345765345
1109,1,0.4755244755244755
1109,2,0.4560994560994561
1109,3,0.4654234654234654
1109,4,0.5244755244755245
1109,5,0.5314685314685315
1110,1,0.47785547785547783
1110,2,0.45143745143745145
1110,3,0.47863247863247865
1110,4,0.5306915306915307
1110,5,0.5120435120435121
1111,1,0.4972804972804973
1111,2,0.45376845376845376
1111,3,0.4716394716394716
1111,4,0.4996114996114996
1111,5,0.526029526029526
1112,1,0.4840714840714841
1112,2,0.44755244755244755
1112,3,0.4677544677544678
1112,4,0.5120435120435121
1112,5,0.5135975135975136
1113,1,0.4763014763014763
1113,2,0.47785547785547783
1113,3,0.46853146853146854
1113,4,0.5073815073815073
1113,5,0.5322455322455323
1114,1,0.48329448329448327
1114,2,0.46464646464646464
1114,3,0.48329448329448327
1114,4,0.49805749805749805
1114,5,0.5314685314685315
1115,1,0.4864024864024864
1115,2,0.46853146853146854
1115,3,0.47707847707847706
1115,4,0.49572649572649574
1115,5,0.5174825174825175
1116,1,0.48096348096348096
1116,2,0.45998445998445997
1116,3,0.47863247863247865
1116,4,0.5151515151515151
1116,5,0.5205905205905206
1117,1,0.48717948717948717
1117,2,0.43045843045843046
1117,3,0.4864024864024864
1117,4,0.5019425019425019
1117,5,0.5369075369075369
1118,1,0.47707847707847706
1118,2,0.45454545454545453
1118,3,0.47241647241647244
1118,4,0.5019425019425019
1118,5,0.533022533022533
1119,1,0.48329448329448327
1119,2,0.4864024864024864
1119,3,0.44366744366744365
1119,4,0.5128205128205128
1119,5,0.5073815073815073
1120,1,0.49417249417249415
1120,2,0.4444444444444444
1120,3,0.4887334887334887
1120,4,0.5050505050505051
1120,5,0.5337995337995338
1121,1,0.4794094794094794
1121,2,0.47241647241647244
1121,3,0.4693084693084693
1121,4,0.4926184926184926
1121,5,0.5120435120435121
1122,1,0.5019425019425019
1122,2,0.44988344988344986
1122,3,0.4592074592074592
1122,4,0.519036519036519
1122,5,0.5135975135975136
1123,1,0.49805749805749805
1123,2,0.47707847707847706
1123,3,0.466977466977467
1123,4,0.48484848484848486
1123,5,0.5213675213675214
1124,1,0.49184149184149184
1124,2,0.46853146853146854
1124,3,0.44366744366744365
1124,4,0.5275835275835276
1124,5,0.5244755244755245
1125,1,0.47474747474747475
1125,2,0.4840714840714841
1125,3,0.46464646464646464
1125,4,0.5097125097125097
1125,5,0.5151515151515151
1126,1,0.48562548562548563
1126,2,0.47241647241647244
1126,3,0.46853146853146854
1126,4,0.5034965034965035
1126,5,0.5275835275835276
1127,1,0.49572649572649574
1127,2,0.45143745143745145
1127,3,0.4755244755244755
1127,4,0.5050505050505051
1127,5,0.5275835275835276
1128,1,0.46853146853146854
1128,2,0.44755244755244755
1128,3,0.48329448329448327
1128,4,0.5019425019425019
1128,5,0.5322455322455323
1129,1,0.48484848484848486
1129,2,0.45843045843045843
1129,3,0.46853146853146854
1129,4,0.5198135198135199
1129,5,0.5066045066045066
1130,1,0.46853146853146854
1130,2,0.4693084693084693
1130,3,0.48096348096348096
1130,4,0.5011655011655012
1130,5,0.5252525252525253
1131,1,0.48174048174048173
1131,2,0.4933954933954934
1131,3,0.47863247863247865
1131,4,0.5104895104895105
1131,5,0.5167055167055167
1132,1,0.5073815073815073
1132,2,0.466977466977467
1132,3,0.4677544677544678
1132,4,0.5058275058275058
1132,5,0.5128205128205128
1133,1,0.4864024864024864
1133,2,0.4568764568764569
1133,3,0.48096348096348096
1133,4,0.4933954933954934
1133,5,0.5384615384615384
1134,1,0.5003885003885004
1134,2,0.4700854700854701
1134,3,0.44133644133644134
1134,4,0.4926184926184926
1134,5,0.5081585081585082
1135,1,0.5042735042735043
1135,2,0.4825174825174825
1135,3,0.45765345765345766
1135,4,0.5034965034965035
1135,5,0.48717948717948717
1136,1,0.4677544677544678
1136,2,0.4630924630924631
1136,3,0.47474747474747475
1136,4,0.5058275058275058
1136,5,0.5221445221445221
1137,1,0.4755244755244755
1137,2,0.4506604506604507
1137,3,0.49572649572649574
1137,4,0.508935508935509
1137,5,0.5112665112665112
1138,1,0.47241647241647244
1138,2,0.4763014763014763
1138,3,0.466977466977467
1138,4,0.5268065268065268
1138,5,0.4972804972804973
1139,1,0.48096348096348096
1139,2,0.46076146076146074
1139,3,0.4700854700854701
1139,4,0.5058275058275058
1139,5,0.5205905205905206
1140,1,0.5167055167055167
1140,2,0.4467754467754468
1140,3,0.46231546231546233
1140,4,0.5135975135975136
1140,5,0.5128205128205128
1141,1,0.4965034965034965
1141,2,0.47707847707847706
1141,3,0.466977466977467
1141,4,0.5050505050505051
1141,5,0.5236985236985237
1142,1,0.4887334887334887
1142,2,0.46231546231546233
1142,3,0.47707847707847706
1142,4,0.5003885003885004
1142,5,0.5042735042735043
1143,1,0.4933954933954934
1143,2,0.4654234654234654
1143,3,0.473970473970474
1143,4,0.5120435120435121
1143,5,0.5073815073815073
1144,1,0.47086247086247085
1144,2,0.45454545454545453
1144,3,0.46386946386946387
1144,4,0.519036519036519
1144,5,0.526029526029526
1145,1,0.47785547785547783
1145,2,0.466977466977467
1145,3,0.48174048174048173
1145,4,0.5073815073815073
1145,5,0.54001554001554
1146,1,0.4716394716394716
1146,2,0.4654234654234654
1146,3,0.4801864801864802
1146,4,0.5073815073815073
1146,5,0.5236985236985237
1147,1,0.4763014763014763
1147,2,0.45376845376845376
1147,3,0.47241647241647244
1147,4,0.5112665112665112
1147,5,0.5345765345765345
1148,1,0.5081585081585082
1148,2,0.45998445998445997
1148,3,0.46231546231546233
1148,4,0.5042735042735043
1148,5,0.5205905205905206
1149,1,0.49805749805749805
1149,2,0.44988344988344986
1149,3,0.46853146853146854
1149,4,0.4864024864024864
1149,5,0.5128205128205128
1150,1,0.48484848484848486
1150,2,0.45143745143745145
1150,3,0.47086247086247085
1150,4,0.5221445221445221
1150,5,0.5229215229215229
1151,1,0.4763014763014763
1151,2,0.45376845376845376
1151,3,0.4801864801864802
1151,4,0.47785547785547783
1151,5,0.5376845376845377
1152,1,0.47785547785547783
1152,2,0.473970473970474
1152,3,0.4700854700854701
1152,4,0.47785547785547783
1152,5,0.5493395493395493
1153,1,0.4864024864024864
1153,2,0.46231546231546233
1153,3,0.494949494949495
1153,4,0.5019425019425019
1153,5,0.5376845376845377
1154,1,0.4933954933954934
1154,2,0.46076146076146074
1154,3,0.48795648795648794
1154,4,0.49184149184149184
1154,5,0.5167055167055167
1155,1,0.48795648795648794
1155,2,0.4522144522144522
1155,3,0.473970473970474
1155,4,0.5003885003885004
1155,5,0.5143745143745144
1156,1,0.48174048174048173
1156,2,0.45843045843045843
1156,3,0.45843045843045843
1156,4,0.4887334887334887
1156,5,0.533022533022533
1157,1,0.48562548562548563
1157,2,0.452991452991453
1157,3,0.4700854700854701
1157,4,0.5073815073815073
1157,5,0.5407925407925408
1158,1,0.4693084693084693
1158,2,0.4693084693084693
1158,3,0.48096348096348096
1158,4,0.5097125097125097
1158,5,0.5221445221445221
1159,1,0.47241647241647244
1159,2,0.4662004662004662
1159,3,0.46853146853146854
1159,4,0.5019425019425019
1159,5,0.526029526029526
1160,1,0.4716394716394716
1160,2,0.4693084693084693
1160,3,0.47086247086247085
1160,4,0.519036519036519
1160,5,0.5167055167055167
1161,1,0.4731934731934732
1161,2,0.4677544677544678
1161,3,0.4693084693084693
1161,4,0.5337995337995338
1161,5,0.5205905205905206
1162,1,0.46076146076146074
1162,2,0.48562548562548563
1162,3,0.45998445998445997
1162,4,0.4996114996114996
1162,5,0.519036519036519
1163,1,0.49106449106449107
1163,2,0.46853146853146854
1163,3,0.4662004662004662
1163,4,0.4933954933954934
1163,5,0.5299145299145299
1164,1,0.47863247863247865
1164,2,0.4933954933954934
1164,3,0.4996114996114996
1164,4,0.5027195027195027
1164,5,0.508935508935509
1165,1,0.48717948717948717
1165,2,0.47863247863247865
1165,3,0.4794094794094794
1165,4,0.5081585081585082
1165,5,0.5198135198135199
1166,1,0.5003885003885004
1166,2,0.46076146076146074
1166,3,0.466977466977467
1166,4,0.4965034965034965
1166,5,0.5143745143745144
1167,1,0.4731934731934732
1167,2,0.46464646464646464
1167,3,0.4801864801864802
1167,4,0.5019425019425019
1167,5,0.54001554001554
1168,1,0.4716394716394716
1168,2,0.4716394716394716
1168,3,0.4716394716394716
1168,4,0.515928515928516
1168,5,0.5128205128205128
1169,1,0.473970473970474
1169,2,0.4568764568764569
1169,3,0.48329448329448327
1169,4,0.5128205128205128
1169,5,0.519036519036519
1170,1,0.5027195027195027
1170,2,0.4483294483294483
1170,3,0.494949494949495
1170,4,0.4933954933954934
1170,5,0.5291375291375291
1171,1,0.4902874902874903
1171,2,0.4592074592074592
1171,3,0.4794094794094794
1171,4,0.48951048951048953
1171,5,0.5268065268065268
1172,1,0.47707847707847706
1172,2,0.4801864801864802
1172,3,0.46231546231546233
1172,4,0.5081585081585082
1172,5,0.5268065268065268
1173,1,0.48329448329448327
1173,2,0.46231546231546233
1173,3,0.48484848484848486
1173,4,0.48096348096348096
1173,5,0.5423465423465423
1174,1,0.5058275058275058
1174,2,0.45765345765345766
1174,3,0.48096348096348096
1174,4,0.4902874902874903
1174,5,0.5299145299145299
1175,1,0.4988344988344988
1175,2,0.45454545454545453
1175,3,0.48795648795648794
1175,4,0.4933954933954934
1175,5,0.5205905205905206
1176,1,0.4731934731934732
1176,2,0.4693084693084693
1176,3,0.4662004662004662
1176,4,0.515928515928516
1176,5,0.5229215229215229
1177,1,0.5034965034965035
1177,2,0.45998445998445997
1177,3,0.4693084693084693
1177,4,0.5019425019425019
1177,5,0.5221445221445221
1178,1,0.508935508935509
1178,2,0.4553224553224553
1178,3,0.4763014763014763
1178,4,0.4825174825174825
1178,5,0.5322455322455323
1179,1,0.5050505050505051
1179,2,0.46853146853146854
1179,3,0.49417249417249415
1179,4,0.4763014763014763
1179,5,0.5283605283605284
1180,1,0.473970473970474
1180,2,0.4926184926184926
1180,3,0.46231546231546233
1180,4,0.4933954933954934
1180,5,0.5337995337995338
1181,1,0.48562548562548563
1181,2,0.445998445998446
1181,3,0.48795648795648794
1181,4,0.5073815073815073
1181,5,0.5361305361305362
1182,1,0.4926184926184926
1182,2,0.46076146076146074
1182,3,0.4887334887334887
1182,4,0.49184149184149184
1182,5,0.5221445221445221
1183,1,0.47474747474747475
1183,2,0.48484848484848486
1183,3,0.46853146853146854
1183,4,0.5073815073815073
1183,5,0.5221445221445221
1184,1,0.48717948717948717
1184,2,0.44988344988344986
1184,3,0.4933954933954934
1184,4,0.48484848484848486
1184,5,0.5454545454545454
1185,1,0.48795648795648794
1185,2,0.4677544677544678
1185,3,0.4693084693084693
1185,4,0.5058275058275058
1185,5,0.5283605283605284
1186,1,0.473970473970474
1186,2,0.46386946386946387
1186,3,0.4972804972804973
1186,4,0.5034965034965035
1186,5,0.5268065268065268
1187,1,0.4926184926184926
1187,2,0.4700854700854701
1187,3,0.4840714840714841
1187,4,0.494949494949495
1187,5,0.5431235431235432
1188,1,0.46464646464646464
1188,2,0.49805749805749805
1188,3,0.494949494949495
1188,4,0.5174825174825175
1188,5,0.5019425019425019
1189,1,0.47707847707847706
1189,2,0.4731934731934732
1189,3,0.4755244755244755
1189,4,0.5066045066045066
1189,5,0.5128205128205128
1190,1,0.44988344988344986
1190,2,0.466977466977467
1190,3,0.49572649572649574
1190,4,0.5097125097125097
1190,5,0.5236985236985237
1191,1,0.4825174825174825
1191,2,0.466977466977467
1191,3,0.4926184926184926
1191,4,0.5019425019425019
1191,5,0.5322455322455323
1192,1,0.4444444444444444
1192,2,0.46464646464646464
1192,3,0.5073815073815073
1192,4,0.5104895104895105
1192,5,0.5407925407925408
1193,1,0.4996114996114996
1193,2,0.4568764568764569
1193,3,0.5003885003885004
1193,4,0.48484848484848486
1193,5,0.5128205128205128
1194,1,0.49805749805749805
1194,2,0.466977466977467
1194,3,0.49184149184149184
1194,4,0.5019425019425019
1194,5,0.5128205128205128
1195,1,0.47474747474747475
1195,2,0.4731934731934732
1195,3,0.47707847707847706
1195,4,0.5011655011655012
1195,5,0.5446775446775447
1196,1,0.4864024864024864
1196,2,0.47474747474747475
1196,3,0.494949494949495
1196,4,0.49805749805749805
1196,5,0.519036519036519
1197,1,0.48951048951048953
1197,2,0.44755244755244755
1197,3,0.4926184926184926
1197,4,0.4864024864024864
1197,5,0.5353535353535354
1198,1,0.4926184926184926
1198,2,0.4483294483294483
1198,3,0.4965034965034965
1198,4,0.508935508935509
1198,5,0.5376845376845377
1199,1,0.49417249417249415
1199,2,0.48484848484848486
1199,3,0.48174048174048173
1199,4,0.494949494949495
1199,5,0.5058275058275058
1200,1,0.48329448329448327
1200,2,0.45998445998445997
1200,3,0.49417249417249415
1200,4,0.5011655011655012
1200,5,0.5462315462315462
1201,1,0.4825174825174825
1201,2,0.4731934731934732
1201,3,0.48562548562548563
1201,4,0.5112665112665112
1201,5,0.5306915306915307
1202,1,0.4825174825174825
1202,2,0.47863247863247865
1202,3,0.5027195027195027
1202,4,0.5135975135975136
1202,5,0.5221445221445221
1203,1,0.47785547785547783
1203,2,0.46231546231546233
1203,3,0.49805749805749805
1203,4,0.5143745143745144
1203,5,0.5198135198135199
1204,1,0.47086247086247085
1204,2,0.4716394716394716
1204,3,0.5027195027195027
1204,4,0.49106449106449107
1204,5,0.5392385392385393
1205,1,0.4763014763014763
1205,2,0.4864024864024864
1205,3,0.49417249417249415
1205,4,0.5050505050505051
1205,5,0.5151515151515151
1206,1,0.4755244755244755
1206,2,0.46386946386946387
1206,3,0.49184149184149184
1206,4,0.5128205128205128
1206,5,0.526029526029526
1207,1,0.4887334887334887
1207,2,0.46853146853146854
1207,3,0.5050505050505051
1207,4,0.5112665112665112
1207,5,0.5042735042735043
1208,1,0.45843045843045843
1208,2,0.4988344988344988
1208,3,0.4763014763014763
1208,4,0.5112665112665112
1208,5,0.5182595182595182
1209,1,0.47863247863247865
1209,2,0.4693084693084693
1209,3,0.4716394716394716
1209,4,0.5283605283605284
1209,5,0.519036519036519
1210,1,0.47863247863247865
1210,2,0.46464646464646464
1210,3,0.48795648795648794
1210,4,0.5135975135975136
1210,5,0.526029526029526
1211,1,0.4965034965034965
1211,2,0.4483294483294483
1211,3,0.48562548562548563
1211,4,0.4825174825174825
1211,5,0.5392385392385393
1212,1,0.5003885003885004
1212,2,0.4700854700854701
1212,3,0.47785547785547783
1212,4,0.5112665112665112
1212,5,0.5431235431235432
1213,1,0.4825174825174825
1213,2,0.46386946386946387
1213,3,0.48562548562548563
1213,4,0.508935508935509
1213,5,0.5244755244755245
1214,1,0.4755244755244755
1214,2,0.4630924630924631
1214,3,0.47785547785547783
1214,4,0.49417249417249415
1214,5,0.5151515151515151
1215,1,0.49417249417249415
1215,2,0.45998445998445997
1215,3,0.4933954933954934
1215,4,0.49106449106449107
1215,5,0.5167055167055167
1216,1,0.48562548562548563
1216,2,0.47086247086247085
1216,3,0.5066045066045066
1216,4,0.5097125097125097
1216,5,0.5268065268065268
1217,1,0.47474747474747475
1217,2,0.4825174825174825
1217,3,0.48096348096348096
1217,4,0.49572649572649574
1217,5,0.5213675213675214
1218,1,0.46464646464646464
1218,2,0.4864024864024864
1218,3,0.47785547785547783
1218,4,0.5151515151515151
1218,5,0.5221445221445221
1219,1,0.4560994560994561
1219,2,0.4693084693084693
1219,3,0.4731934731934732
1219,4,0.5229215229215229
1219,5,0.5198135198135199
1220,1,0.5050505050505051
1220,2,0.48096348096348096
1220,3,0.473970473970474
1220,4,0.5011655011655012
1220,5,0.5407925407925408
1221,1,0.4716394716394716
1221,2,0.4887334887334887
1221,3,0.4755244755244755
1221,4,0.5011655011655012
1221,5,0.5439005439005439
1222,1,0.4887334887334887
1222,2,0.4522144522144522
1222,3,0.5011655011655012
1222,4,0.5143745143745144
1222,5,0.5283605283605284
1223,1,0.4592074592074592
1223,2,0.4755244755244755
1223,3,0.49184149184149184
1223,4,0.5174825174825175
1223,5,0.5205905205905206
1224,1,0.49805749805749805
1224,2,0.4693084693084693
1224,3,0.5066045066045066
1224,4,0.48329448329448327
1224,5,0.5275835275835276
1225,1,0.4693084693084693
1225,2,0.47474747474747475
1225,3,0.48174048174048173
1225,4,0.5128205128205128
1225,5,0.5135975135975136
1226,1,0.4693084693084693
1226,2,0.4553224553224553
1226,3,0.4864024864024864
1226,4,0.5011655011655012
1226,5,0.5524475524475524
1227,1,0.48096348096348096
1227,2,0.48329448329448327
1227,3,0.48484848484848486
1227,4,0.5174825174825175
1227,5,0.5174825174825175
1228,1,0.47863247863247865
1228,2,0.4630924630924631
1228,3,0.49572649572649574
1228,4,0.508935508935509
1228,5,0.5174825174825175
1229,1,0.47707847707847706
1229,2,0.4693084693084693
1229,3,0.48795648795648794
1229,4,0.4700854700854701
1229,5,0.5369075369075369
1230,1,0.4716394716394716
1230,2,0.46464646464646464
1230,3,0.4794094794094794
1230,4,0.5322455322455323
1230,5,0.5275835275835276
1231,1,0.48484848484848486
1231,2,0.46153846153846156
1231,3,0.4933954933954934
1231,4,0.5050505050505051
1231,5,0.5361305361305362
1232,1,0.48174048174048173
1232,2,0.4731934731934732
1232,3,0.48329448329448327
1232,4,0.519036519036519
1232,5,0.508935508935509
1233,1,0.4902874902874903
1233,2,0.4662004662004662
1233,3,0.4716394716394716
1233,4,0.519036519036519
1233,5,0.5073815073815073
1234,1,0.49572649572649574
1234,2,0.4763014763014763
1234,3,0.466977466977467
1234,4,0.5042735042735043
1234,5,0.515928515928516
1235,1,0.47863247863247865
1235,2,0.4731934731934732
1235,3,0.4677544677544678
1235,4,0.49184149184149184
1235,5,0.5050505050505051
1236,1,0.4801864801864802
1236,2,0.4700854700854701
1236,3,0.4801864801864802
1236,4,0.4933954933954934
1236,5,0.5019425019425019
1237,1,0.47785547785547783
1237,2,0.47241647241647244
1237,3,0.46076146076146074
1237,4,0.5003885003885004
1237,5,0.5314685314685315
1238,1,0.4840714840714841
1238,2,0.4887334887334887
1238,3,0.4716394716394716
1238,4,0.5073815073815073
1238,5,0.533022533022533
1239,1,0.47086247086247085
1239,2,0.46076146076146074
1239,3,0.49805749805749805
1239,4,0.515928515928516
1239,5,0.5236985236985237
1240,1,0.4654234654234654
1240,2,0.47863247863247865
1240,3,0.5081585081585082
1240,4,0.508935508935509
1240,5,0.5081585081585082
1241,1,0.46853146853146854
1241,2,0.45765345765345766
1241,3,0.5027195027195027
1241,4,0.5011655011655012
1241,5,0.5361305361305362
1242,1,0.4763014763014763
1242,2,0.4568764568764569
1242,3,0.49106449106449107
1242,4,0.5167055167055167
1242,5,0.515928515928516
1243,1,0.49417249417249415
1243,2,0.4731934731934732
1243,3,0.4864024864024864
1243,4,0.5050505050505051
1243,5,0.5120435120435121
1244,1,0.4864024864024864
1244,2,0.44988344988344986
1244,3,0.49417249417249415
1244,4,0.5229215229215229
1244,5,0.5415695415695416
1245,1,0.48795648795648794
1245,2,0.4553224553224553
1245,3,0.4840714840714841
1245,4,0.508935508935509
1245,5,0.5174825174825175
1246,1,0.46153846153846156
1246,2,0.4794094794094794
1246,3,0.4933954933954934
1246,4,0.4996114996114996
1246,5,0.5167055167055167
1247,1,0.47241647241647244
1247,2,0.4731934731934732
1247,3,0.48484848484848486
1247,4,0.5120435120435121
1247,5,0.5299145299145299
1248,1,0.494949494949495
1248,2,0.4731934731934732
1248,3,0.473970473970474
1248,4,0.5050505050505051
1248,5,0.5073815073815073
1249,1,0.47863247863247865
1249,2,0.4483294483294483
1249,3,0.48174048174048173
1249,4,0.5073815073815073
1249,5,0.5198135198135199
1250,1,0.46464646464646464
1250,2,0.4491064491064491
1250,3,0.5066045066045066
1250,4,0.5097125097125097
1250,5,0.526029526029526
1251,1,0.4972804972804973
1251,2,0.4560994560994561
1251,3,0.4887334887334887
1251,4,0.4933954933954934
1251,5,0.5167055167055167
1252,1,0.47707847707847706
1252,2,0.48795648795648794
1252,3,0.4864024864024864
1252,4,0.508935508935509
1252,5,0.508935508935509
1253,1,0.48951048951048953
1253,2,0.4421134421134421
1253,3,0.48096348096348096
1253,4,0.5361305361305362
1253,5,0.5042735042735043
1254,1,0.4693084693084693
1254,2,0.45454545454545453
1254,3,0.47707847707847706
1254,4,0.4972804972804973
1254,5,0.533022533022533
1255,1,0.49417249417249415
1255,2,0.44366744366744365
1255,3,0.4864024864024864
1255,4,0.519036519036519
1255,5,0.4996114996114996
1256,1,0.494949494949495
1256,2,0.473970473970474
1256,3,0.4840714840714841
1256,4,0.5027195027195027
1256,5,0.5128205128205128
1257,1,0.4794094794094794
1257,2,0.4716394716394716
1257,3,0.5011655011655012
1257,4,0.4988344988344988
1257,5,0.5120435120435121
1258,1,0.5073815073815073
1258,2,0.47785547785547783
1258,3,0.49184149184149184
1258,4,0.5034965034965035
1258,5,0.5042735042735043
1259,1,0.49106449106449107
1259,2,0.43278943278943277
1259,3,0.519036519036519
1259,4,0.4902874902874903
1259,5,0.5182595182595182
1260,1,0.49106449106449107
1260,2,0.4483294483294483
1260,3,0.48096348096348096
1260,4,0.5143745143745144
1260,5,0.5415695415695416
1261,1,0.5011655011655012
1261,2,0.4522144522144522
1261,3,0.48096348096348096
1261,4,0.5221445221445221
1261,5,0.5322455322455323
1262,1,0.4700854700854701
1262,2,0.4522144522144522
1262,3,0.48951048951048953
1262,4,0.519036519036519
1262,5,0.5337995337995338
1263,1,0.4965034965034965
1263,2,0.4700854700854701
1263,3,0.5019425019425019
1263,4,0.4801864801864802
1263,5,0.5019425019425019
1264,1,0.48174048174048173
1264,2,0.45765345765345766
1264,3,0.49805749805749805
1264,4,0.5151515151515151
1264,5,0.5174825174825175
1265,1,0.4560994560994561
1265,2,0.466977466977467
1265,3,0.48562548562548563
1265,4,0.5322455322455323
1265,5,0.526029526029526
1266,1,0.4794094794094794
1266,2,0.4677544677544678
1266,3,0.4825174825174825
1266,4,0.5244755244755245
1266,5,0.5229215229215229
1267,1,0.5003885003885004
1267,2,0.4693084693084693
1267,3,0.49572649572649574
1267,4,0.5003885003885004
1267,5,0.5275835275835276
1268,1,0.48717948717948717
1268,2,0.47863247863247865
1268,3,0.5011655011655012
1268,4,0.5135975135975136
1268,5,0.5229215229215229
1269,1,0.4794094794094794
1269,2,0.4840714840714841
1269,3,0.48951048951048953
1269,4,0.5050505050505051
1269,5,0.5221445221445221
1270,1,0.47707847707847706
1270,2,0.48562548562548563
1270,3,0.49184149184149184
1270,4,0.5050505050505051
1270,5,0.5229215229215229
1271,1,0.47474747474747475
1271,2,0.47863247863247865
1271,3,0.49417249417249415
1271,4,0.5042735042735043
1271,5,0.5151515151515151
1272,1,0.4794094794094794
1272,2,0.47086247086247085
1272,3,0.47863247863247865
1272,4,0.5167055167055167
1272,5,0.5042735042735043
1273,1,0.4731934731934732
1273,2,0.4700854700854701
1273,3,0.5003885003885004
1273,4,0.5198135198135199
1273,5,0.5112665112665112
1274,1,0.47863247863247865
1274,2,0.46464646464646464
1274,3,0.47707847707847706
1274,4,0.5213675213675214
1274,5,0.5205905205905206
1275,1,0.4933954933954934
1275,2,0.439005439005439
1275,3,0.5011655011655012
1275,4,0.508935508935509
1275,5,0.5097125097125097
1276,1,0.4693084693084693
1276,2,0.4553224553224553
1276,3,0.508935508935509
1276,4,0.49572649572649574
1276,5,0.5143745143745144
1277,1,0.48717948717948717
1277,2,0.47241647241647244
1277,3,0.4677544677544678
1277,4,0.515928515928516
1277,5,0.4988344988344988
1278,1,0.4926184926184926
1278,2,0.4700854700854701
1278,3,0.4864024864024864
1278,4,0.5073815073815073
1278,5,0.49184149184149184
1279,1,0.47707847707847706
1279,2,0.48329448329448327
1279,3,0.47785547785547783
1279,4,0.5376845376845377
1279,5,0.5003885003885004
1280,1,0.48484848484848486
1280,2,0.48096348096348096
1280,3,0.5081585081585082
1280,4,0.4716394716394716
1280,5,0.494949494949495
1281,1,0.49805749805749805
1281,2,0.4693084693084693
1281,3,0.49184149184149184
1281,4,0.5066045066045066
1281,5,0.5058275058275058
1282,1,0.4801864801864802
1282,2,0.4864024864024864
1282,3,0.4864024864024864
1282,4,0.5112665112665112
1282,5,0.5034965034965035
1283,1,0.48951048951048953
1283,2,0.4630924630924631
1283,3,0.48717948717948717
1283,4,0.4864024864024864
1283,5,0.5291375291375291
1284,1,0.4996114996114996
1284,2,0.47241647241647244
1284,3,0.494949494949495
1284,4,0.5011655011655012
1284,5,0.5066045066045066
1285,1,0.47241647241647244
1285,2,0.48329448329448327
1285,3,0.48096348096348096
1285,4,0.5066045066045066
1285,5,0.526029526029526
1286,1,0.47086247086247085
1286,2,0.4716394716394716
1286,3,0.48484848484848486
1286,4,0.49417249417249415
1286,5,0.5337995337995338
1287,1,0.4887334887334887
1287,2,0.4755244755244755
1287,3,0.47241647241647244
1287,4,0.5128205128205128
1287,5,0.5003885003885004
1288,1,0.48484848484848486
1288,2,0.48096348096348096
1288,3,0.466977466977467
1288,4,0.5058275058275058
1288,5,0.5275835275835276
1289,1,0.49417249417249415
1289,2,0.4864024864024864
1289,3,0.4825174825174825
1289,4,0.5143745143745144
1289,5,0.4988344988344988
1290,1,0.48795648795648794
1290,2,0.4825174825174825
1290,3,0.5003885003885004
1290,4,0.5066045066045066
1290,5,0.48174048174048173
1291,1,0.48717948717948717
1291,2,0.49106449106449107
1291,3,0.49184149184149184
1291,4,0.5058275058275058
1291,5,0.5073815073815073
1292,1,0.48174048174048173
1292,2,0.4662004662004662
1292,3,0.494949494949495
1292,4,0.4996114996114996
1292,5,0.5244755244755245
1293,1,0.48951048951048953
1293,2,0.466977466977467
1293,3,0.4693084693084693
1293,4,0.5174825174825175
1293,5,0.5112665112665112
1294,1,0.47785547785547783
1294,2,0.4654234654234654
1294,3,0.48717948717948717
1294,4,0.5097125097125097
1294,5,0.5167055167055167
1295,1,0.4763014763014763
1295,2,0.4630924630924631
1295,3,0.4840714840714841
1295,4,0.5135975135975136
1295,5,0.5097125097125097
1296,1,0.48484848484848486
1296,2,0.4630924630924631
1296,3,0.47707847707847706
1296,4,0.526029526029526
1296,5,0.5205905205905206
1297,1,0.48717948717948717
1297,2,0.48329448329448327
1297,3,0.49417249417249415
1297,4,0.508935508935509
1297,5,0.5019425019425019
1298,1,0.48484848484848486
1298,2,0.4731934731934732
1298,3,0.48717948717948717
1298,4,0.5167055167055167
1298,5,0.49184149184149184
1299,1,0.48795648795648794
1299,2,0.4662004662004662
1299,3,0.5019425019425019
1299,4,0.5213675213675214
1299,5,0.49184149184149184
1300,1,0.4825174825174825
1300,2,0.4677544677544678
1300,3,0.48329448329448327
1300,4,0.5135975135975136
1300,5,0.4902874902874903
1301,1,0.4933954933954934
1301,2,0.4630924630924631
1301,3,0.4933954933954934
1301,4,0.494949494949495
1301,5,0.5198135198135199
1302,1,0.4763014763014763
1302,2,0.47863247863247865
1302,3,0.48329448329448327
1302,4,0.5081585081585082
1302,5,0.5268065268065268
1303,1,0.5058275058275058
1303,2,0.48717948717948717
1303,3,0.4755244755244755
1303,4,0.5097125097125097
1303,5,0.5011655011655012
1304,1,0.48795648795648794
1304,2,0.47241647241647244
1304,3,0.5042735042735043
1304,4,0.48717948717948717
1304,5,0.5128205128205128
1305,1,0.49184149184149184
1305,2,0.47785547785547783
1305,3,0.4731934731934732
1305,4,0.5205905205905206
1305,5,0.5073815073815073
1306,1,0.4988344988344988
1306,2,0.47241647241647244
1306,3,0.4794094794094794
1306,4,0.5128205128205128
1306,5,0.5058275058275058
1307,1,0.4794094794094794
1307,2,0.4677544677544678
1307,3,0.494949494949495
1307,4,0.5011655011655012
1307,5,0.5135975135975136
1308,1,0.4864024864024864
1308,2,0.48795648795648794
1308,3,0.48951048951048953
1308,4,0.4988344988344988
1308,5,0.5174825174825175
1309,1,0.4801864801864802
1309,2,0.47474747474747475
1309,3,0.48484848484848486
1309,4,0.5058275058275058
1309,5,0.5081585081585082
1310,1,0.48717948717948717
1310,2,0.47086247086247085
1310,3,0.49417249417249415
1310,4,0.5174825174825175
1310,5,0.5236985236985237
1311,1,0.5097125097125097
1311,2,0.4677544677544678
1311,3,0.48795648795648794
1311,4,0.49805749805749805
1311,5,0.5236985236985237
1312,1,0.48717948717948717
1312,2,0.47474747474747475
1312,3,0.5042735042735043
1312,4,0.5268065268065268
1312,5,0.5027195027195027
1313,1,0.48484848484848486
1313,2,0.5027195027195027
1313,3,0.4840714840714841
1313,4,0.4933954933954934
1313,5,0.5291375291375291
1314,1,0.4933954933954934
1314,2,0.46464646464646464
1314,3,0.4996114996114996
1314,4,0.5143745143745144
1314,5,0.49805749805749805
1315,1,0.4840714840714841
1315,2,0.4731934731934732
1315,3,0.4972804972804973
1315,4,0.5205905205905206
1315,5,0.5306915306915307
1316,1,0.4801864801864802
1316,2,0.4755244755244755
1316,3,0.5120435120435121
1316,4,0.49417249417249415
1316,5,0.526029526029526
1317,1,0.4716394716394716
1317,2,0.4996114996114996
1317,3,0.4972804972804973
1317,4,0.515928515928516
1317,5,0.48484848484848486
1318,1,0.4965034965034965
1318,2,0.46386946386946387
1318,3,0.5104895104895105
1318,4,0.5003885003885004
1318,5,0.5252525252525253
1319,1,0.494949494949495
1319,2,0.4887334887334887
1319,3,0.4763014763014763
1319,4,0.5112665112665112
1319,5,0.5283605283605284
1320,1,0.47474747474747475
1320,2,0.48484848484848486
1320,3,0.508935508935509
1320,4,0.515928515928516
1320,5,0.494949494949495
1321,1,0.4972804972804973
1321,2,0.4763014763014763
1321,3,0.49805749805749805
1321,4,0.5143745143745144
1321,5,0.5221445221445221
1322,1,0.48717948717948717
1322,2,0.45843045843045843
1322,3,0.47785547785547783
1322,4,0.5268065268065268
1322,5,0.5198135198135199
1323,1,0.4902874902874903
1323,2,0.508935508935509
1323,3,0.48562548562548563
1323,4,0.5042735042735043
1323,5,0.4933954933954934
1324,1,0.5112665112665112
1324,2,0.4654234654234654
1324,3,0.48795648795648794
1324,4,0.5011655011655012
1324,5,0.48484848484848486
1325,1,0.48562548562548563
1325,2,0.4630924630924631
1325,3,0.48562548562548563
1325,4,0.5104895104895105
1325,5,0.5306915306915307
1326,1,0.4825174825174825
1326,2,0.4887334887334887
1326,3,0.5151515151515151
1326,4,0.47086247086247085
1326,5,0.5066045066045066
1327,1,0.4933954933954934
1327,2,0.4825174825174825
1327,3,0.4972804972804973
1327,4,0.5042735042735043
1327,5,0.5073815073815073
1328,1,0.49572649572649574
1328,2,0.4933954933954934
1328,3,0.49572649572649574
1328,4,0.4926184926184926
1328,5,0.5128205128205128
1329,1,0.4933954933954934
1329,2,0.4677544677544678
1329,3,0.5221445221445221
1329,4,0.5104895104895105
1329,5,0.4972804972804973
1330,1,0.4825174825174825
1330,2,0.4755244755244755
1330,3,0.5034965034965035
1330,4,0.5120435120435121
1330,5,0.5066045066045066
1331,1,0.49805749805749805
1331,2,0.5011655011655012
1331,3,0.49805749805749805
1331,4,0.494949494949495
1331,5,0.48717948717948717
1332,1,0.49106449106449107
1332,2,0.47785547785547783
1332,3,0.49417249417249415
1332,4,0.5081585081585082
1332,5,0.5182595182595182
1333,1,0.48951048951048953
1333,2,0.48174048174048173
1333,3,0.48951048951048953
1333,4,0.5011655011655012
1333,5,0.5050505050505051
1334,1,0.5104895104895105
1334,2,0.4662004662004662
1334,3,0.5050505050505051
1334,4,0.49805749805749805
1334,5,0.5050505050505051
1335,1,0.5167055167055167
1335,2,0.47086247086247085
1335,3,0.47863247863247865
1335,4,0.4996114996114996
1335,5,0.526029526029526
1336,1,0.4864024864024864
1336,2,0.4731934731934732
1336,3,0.5027195027195027
1336,4,0.5066045066045066
1336,5,0.4972804972804973
1337,1,0.494949494949495
1337,2,0.4840714840714841
1337,3,0.48484848484848486
1337,4,0.5011655011655012
1337,5,0.5275835275835276
1338,1,0.4988344988344988
1338,2,0.4677544677544678
1338,3,0.49805749805749805
1338,4,0.5019425019425019
1338,5,0.5299145299145299
1339,1,0.48329448329448327
1339,2,0.4933954933954934
1339,3,0.4887334887334887
1339,4,0.49572649572649574
1339,5,0.5058275058275058
1340,1,0.49572649572649574
1340,2,0.47863247863247865
1340,3,0.5011655011655012
1340,4,0.5019425019425019
1340,5,0.4988344988344988
1341,1,0.49184149184149184
1341,2,0.47241647241647244
1341,3,0.48717948717948717
1341,4,0.526029526029526
1341,5,0.5097125097125097
1342,1,0.5011655011655012
1342,2,0.47785547785547783
1342,3,0.49184149184149184
1342,4,0.4926184926184926
1342,5,0.5337995337995338
1343,1,0.48329448329448327
1343,2,0.49572649572649574
1343,3,0.47863247863247865
1343,4,0.4996114996114996
1343,5,0.5407925407925408
1344,1,0.5042735042735043
1344,2,0.47707847707847706
1344,3,0.4716394716394716
1344,4,0.5112665112665112
1344,5,0.5058275058275058
1345,1,0.4996114996114996
1345,2,0.4731934731934732
1345,3,0.494949494949495
1345,4,0.4794094794094794
1345,5,0.5221445221445221
1346,1,0.48951048951048953
1346,2,0.4794094794094794
1346,3,0.4887334887334887
1346,4,0.4965034965034965
1346,5,0.5221445221445221
1347,1,0.5034965034965035
1347,2,0.4693084693084693
1347,3,0.49417249417249415
1347,4,0.5073815073815073
1347,5,0.49572649572649574
1348,1,0.4825174825174825
1348,2,0.4693084693084693
1348,3,0.5011655011655012
1348,4,0.515928515928516
1348,5,0.508935508935509
1349,1,0.48951048951048953
1349,2,0.47241647241647244
1349,3,0.5213675213675214
1349,4,0.5066045066045066
1349,5,0.49805749805749805
1350,1,0.48717948717948717
1350,2,0.4693084693084693
1350,3,0.5143745143745144
1350,4,0.515928515928516
1350,5,0.508935508935509
1351,1,0.494949494949495
1351,2,0.47474747474747475
1351,3,0.4988344988344988
1351,4,0.5112665112665112
1351,5,0.5221445221445221
1352,1,0.49572649572649574
1352,2,0.473970473970474
1352,3,0.5143745143745144
1352,4,0.48484848484848486
1352,5,0.5143745143745144
1353,1,0.47707847707847706
1353,2,0.4988344988344988
1353,3,0.4972804972804973
1353,4,0.4996114996114996
1353,5,0.4933954933954934
1354,1,0.4677544677544678
1354,2,0.47474747474747475
1354,3,0.4965034965034965
1354,4,0.5151515151515151
1354,5,0.5213675213675214
1355,1,0.4763014763014763
1355,2,0.4592074592074592
1355,3,0.4996114996114996
1355,4,0.5135975135975136
1355,5,0.5097125097125097
1356,1,0.4755244755244755
1356,2,0.47785547785547783
1356,3,0.49417249417249415
1356,4,0.49106449106449107
1356,5,0.5345765345765345
1357,1,0.4693084693084693
1357,2,0.4755244755244755
1357,3,0.48329448329448327
1357,4,0.5151515151515151
1357,5,0.5236985236985237
1358,1,0.4794094794094794
1358,2,0.4560994560994561
1358,3,0.494949494949495
1358,4,0.5120435120435121
1358,5,0.5221445221445221
1359,1,0.494949494949495
1359,2,0.48329448329448327
1359,3,0.47863247863247865
1359,4,0.5027195027195027
1359,5,0.5120435120435121
1360,1,0.48951048951048953
1360,2,0.4693084693084693
1360,3,0.49805749805749805
1360,4,0.5019425019425019
1360,5,0.519036519036519
1361,1,0.48717948717948717
1361,2,0.47707847707847706
1361,3,0.508935508935509
1361,4,0.4763014763014763
1361,5,0.5283605283605284
1362,1,0.48951048951048953
1362,2,0.49106449106449107
1362,3,0.4996114996114996
1362,4,0.48484848484848486
1362,5,0.5143745143745144
1363,1,0.47086247086247085
1363,2,0.47241647241647244
1363,3,0.4864024864024864
1363,4,0.5003885003885004
1363,5,0.5314685314685315
1364,1,0.48174048174048173
1364,2,0.4592074592074592
1364,3,0.5081585081585082
1364,4,0.49805749805749805
1364,5,0.5306915306915307
1365,1,0.4801864801864802
1365,2,0.48096348096348096
1365,3,0.49184149184149184
1365,4,0.5027195027195027
1365,5,0.508935508935509
1366,1,0.4763014763014763
1366,2,0.45765345765345766
1366,3,0.4996114996114996
1366,4,0.5213675213675214
1366,5,0.5120435120435121
1367,1,0.47474747474747475
1367,2,0.48329448329448327
1367,3,0.48562548562548563
1367,4,0.4996114996114996
1367,5,0.5314685314685315
1368,1,0.46153846153846156
1368,2,0.47086247086247085
1368,3,0.48484848484848486
1368,4,0.5143745143745144
1368,5,0.5151515151515151
1369,1,0.4801864801864802
1369,2,0.46231546231546233
1369,3,0.49417249417249415
1369,4,0.4926184926184926
1369,5,0.5306915306915307
1370,1,0.4755244755244755
1370,2,0.4483294483294483
1370,3,0.5073815073815073
1370,4,0.5120435120435121
1370,5,0.5058275058275058
1371,1,0.49106449106449107
1371,2,0.473970473970474
1371,3,0.4731934731934732
1371,4,0.5081585081585082
1371,5,0.5143745143745144
1372,1,0.4763014763014763
1372,2,0.48795648795648794
1372,3,0.4902874902874903
1372,4,0.5104895104895105
1372,5,0.5229215229215229
1373,1,0.4794094794094794
1373,2,0.4630924630924631
1373,3,0.5097125097125097
1373,4,0.49417249417249415
1373,5,0.4996114996114996
1374,1,0.4840714840714841
1374,2,0.46464646464646464
1374,3,0.5205905205905206
1374,4,0.5042735042735043
1374,5,0.5135975135975136
1375,1,0.4965034965034965
1375,2,0.47086247086247085
1375,3,0.5112665112665112
1375,4,0.49417249417249415
1375,5,0.5182595182595182
1376,1,0.4864024864024864
1376,2,0.45765345765345766
1376,3,0.5143745143745144
1376,4,0.48562548562548563
1376,5,0.5066045066045066
1377,1,0.4972804972804973
1377,2,0.47785547785547783
1377,3,0.49417249417249415
1377,4,0.4825174825174825
1377,5,0.5167055167055167
1378,1,0.4693084693084693
1378,2,0.4755244755244755
1378,3,0.48951048951048953
1378,4,0.519036519036519
1378,5,0.5252525252525253
1379,1,0.5058275058275058
1379,2,0.4560994560994561
1379,3,0.4763014763014763
1379,4,0.5143745143745144
1379,5,0.5128205128205128
1380,1,0.47241647241647244
1380,2,0.4965034965034965
1380,3,0.4887334887334887
1380,4,0.4996114996114996
1380,5,0.49106449106449107
1381,1,0.46386946386946387
1381,2,0.4560994560994561
1381,3,0.5027195027195027
1381,4,0.5097125097125097
1381,5,0.5431235431235432
1382,1,0.4972804972804973
1382,2,0.4902874902874903
1382,3,0.4926184926184926
1382,4,0.4840714840714841
1382,5,0.5073815073815073
1383,1,0.49417249417249415
1383,2,0.46853146853146854
1383,3,0.48951048951048953
1383,4,0.526029526029526
1383,5,0.4988344988344988
1384,1,0.4926184926184926
1384,2,0.445998445998446
1384,3,0.4933954933954934
1384,4,0.49805749805749805
1384,5,0.515928515928516
1385,1,0.4662004662004662
1385,2,0.445998445998446
1385,3,0.4933954933954934
1385,4,0.4926184926184926
1385,5,0.5299145299145299
1386,1,0.4887334887334887
1386,2,0.4662004662004662
1386,3,0.5034965034965035
1386,4,0.49805749805749805
1386,5,0.5167055167055167
1387,1,0.494949494949495
1387,2,0.4358974358974359
1387,3,0.4926184926184926
1387,4,0.5167055167055167
1387,5,0.5104895104895105
1388,1,0.48329448329448327
1388,2,0.4382284382284382
1388,3,0.4926184926184926
1388,4,0.5097125097125097
1388,5,0.5167055167055167
1389,1,0.48717948717948717
1389,2,0.4421134421134421
1389,3,0.4972804972804973
1389,4,0.5066045066045066
1389,5,0.5407925407925408
1390,1,0.47474747474747475
1390,2,0.44988344988344986
1390,3,0.49805749805749805
1390,4,0.5151515151515151
1390,5,0.49805749805749805
1391,1,0.48717948717948717
1391,2,0.46231546231546233
1391,3,0.4825174825174825
1391,4,0.4926184926184926
1391,5,0.5314685314685315
1392,1,0.5058275058275058
1392,2,0.45998445998445997
1392,3,0.48562548562548563
1392,4,0.5104895104895105
1392,5,0.49805749805749805
1393,1,0.466977466977467
1393,2,0.47474747474747475
1393,3,0.4716394716394716
1393,4,0.5143745143745144
1393,5,0.5299145299145299
1394,1,0.47707847707847706
1394,2,0.46386946386946387
1394,3,0.4801864801864802
1394,4,0.49805749805749805
1394,5,0.5182595182595182
1395,1,0.47707847707847706
1395,2,0.473970473970474
1395,3,0.4825174825174825
1395,4,0.5073815073815073
1395,5,0.5097125097125097
1396,1,0.48096348096348096
1396,2,0.46231546231546233
1396,3,0.5019425019425019
1396,4,0.5167055167055167
1396,5,0.5011655011655012
1397,1,0.48717948717948717
1397,2,0.4560994560994561
1397,3,0.466977466977467
1397,4,0.5322455322455323
1397,5,0.5299145299145299
1398,1,0.46853146853146854
1398,2,0.46076146076146074
1398,3,0.5205905205905206
1398,4,0.4825174825174825
1398,5,0.5392385392385393
1399,1,0.4553224553224553
1399,2,0.46386946386946387
1399,3,0.4972804972804973
1399,4,0.5244755244755245
1399,5,0.5128205128205128
1400,1,0.46231546231546233
1400,2,0.45376845376845376
1400,3,0.494949494949495
1400,4,0.5268065268065268
1400,5,0.5135975135975136
1401,1,0.5135975135975136
1401,2,0.4467754467754468
1401,3,0.4568764568764569
1401,4,0.5205905205905206
1401,5,0.5322455322455323
1402,1,0.48329448329448327
1402,2,0.46153846153846156
1402,3,0.4693084693084693
1402,4,0.49417249417249415
1402,5,0.560994560994561
1403,1,0.48329448329448327
1403,2,0.4654234654234654
1403,3,0.49572649572649574
1403,4,0.5229215229215229
1403,5,0.5182595182595182
1404,1,0.48484848484848486
1404,2,0.4506604506604507
1404,3,0.5011655011655012
1404,4,0.5236985236985237
1404,5,0.5213675213675214
1405,1,0.4825174825174825
1405,2,0.44988344988344986
1405,3,0.5151515151515151
1405,4,0.5167055167055167
1405,5,0.519036519036519
1406,1,0.46853146853146854
1406,2,0.4716394716394716
1406,3,0.45765345765345766
1406,4,0.5081585081585082
1406,5,0.5322455322455323
1407,1,0.47785547785547783
1407,2,0.4491064491064491
1407,3,0.48484848484848486
1407,4,0.5376845376845377
1407,5,0.5167055167055167
1408,1,0.4972804972804973
1408,2,0.4553224553224553
1408,3,0.47086247086247085
1408,4,0.5011655011655012
1408,5,0.5275835275835276
1409,1,0.45765345765345766
1409,2,0.44133644133644134
1409,3,0.4965034965034965
1409,4,0.5104895104895105
1409,5,0.5353535353535354
1410,1,0.48484848484848486
1410,2,0.45843045843045843
1410,3,0.48795648795648794
1410,4,0.4988344988344988
1410,5,0.5275835275835276
1411,1,0.5050505050505051
1411,2,0.4560994560994561
1411,3,0.4716394716394716
1411,4,0.5066045066045066
1411,5,0.5299145299145299
1412,1,0.4693084693084693
1412,2,0.46231546231546233
1412,3,0.5011655011655012
1412,4,0.5042735042735043
1412,5,0.5104895104895105
1413,1,0.49805749805749805
1413,2,0.45454545454545453
1413,3,0.4825174825174825
1413,4,0.4988344988344988
1413,5,0.5361305361305362
1414,1,0.48174048174048173
1414,2,0.4755244755244755
1414,3,0.4965034965034965
1414,4,0.5066045066045066
1414,5,0.5135975135975136
1415,1,0.4763014763014763
1415,2,0.43356643356643354
1415,3,0.49184149184149184
1415,4,0.5268065268065268
1415,5,0.5252525252525253
1416,1,0.4693084693084693
1416,2,0.47086247086247085
1416,3,0.49572649572649574
1416,4,0.5198135198135199
1416,5,0.5104895104895105
1417,1,0.48484848484848486
1417,2,0.46076146076146074
1417,3,0.4965034965034965
1417,4,0.5244755244755245
1417,5,0.5229215229215229
1418,1,0.4755244755244755
1418,2,0.47241647241647244
1418,3,0.48562548562548563
1418,4,0.5275835275835276
1418,5,0.5120435120435121
1419,1,0.4662004662004662
1419,2,0.46153846153846156
1419,3,0.4763014763014763
1419,4,0.515928515928516
1419,5,0.5314685314685315
1420,1,0.4662004662004662
1420,2,0.45843045843045843
1420,3,0.4933954933954934
1420,4,0.5174825174825175
1420,5,0.5268065268065268
1421,1,0.4693084693084693
1421,2,0.45765345765345766
1421,3,0.4864024864024864
1421,4,0.5244755244755245
1421,5,0.5236985236985237
1422,1,0.47707847707847706
1422,2,0.4421134421134421
1422,3,0.4926184926184926
1422,4,0.5011655011655012
1422,5,0.5306915306915307
1423,1,0.4887334887334887
1423,2,0.45998445998445997
1423,3,0.48717948717948717
1423,4,0.5244755244755245
1423,5,0.5135975135975136
1424,1,0.4662004662004662
1424,2,0.46076146076146074
1424,3,0.48329448329448327
1424,4,0.5104895104895105
1424,5,0.5198135198135199
1425,1,0.4840714840714841
1425,2,0.4506604506604507
1425,3,0.4825174825174825
1425,4,0.5143745143745144
1425,5,0.5275835275835276
1426,1,0.47241647241647244
1426,2,0.4700854700854701
1426,3,0.48951048951048953
1426,4,0.5042735042735043
1426,5,0.5213675213675214
1427,1,0.48562548562548563
1427,2,0.4630924630924631
1427,3,0.49417249417249415
1427,4,0.5205905205905206
1427,5,0.5198135198135199
1428,1,0.4965034965034965
1428,2,0.45998445998445997
1428,3,0.4864024864024864
1428,4,0.5058275058275058
1428,5,0.519036519036519
1429,1,0.466977466977467
1429,2,0.45765345765345766
1429,3,0.49417249417249415
1429,4,0.494949494949495
1429,5,0.5431235431235432
1430,1,0.473970473970474
1430,2,0.4887334887334887
1430,3,0.4926184926184926
1430,4,0.48329448329448327
1430,5,0.5268065268065268
1431,1,0.4755244755244755
1431,2,0.4693084693084693
1431,3,0.49106449106449107
1431,4,0.5128205128205128
1431,5,0.5011655011655012
1432,1,0.4965034965034965
1432,2,0.4382284382284382
1432,3,0.49184149184149184
1432,4,0.5027195027195027
1432,5,0.5314685314685315
1433,1,0.47086247086247085
1433,2,0.4506604506604507
1433,3,0.4825174825174825
1433,4,0.49572649572649574
1433,5,0.560994560994561
1434,1,0.4763014763014763
1434,2,0.4654234654234654
1434,3,0.48562548562548563
1434,4,0.5112665112665112
1434,5,0.526029526029526
1435,1,0.4933954933954934
1435,2,0.45998445998445997
1435,3,0.47241647241647244
1435,4,0.5066045066045066
1435,5,0.5244755244755245
1436,1,0.4794094794094794
1436,2,0.45765345765345766
1436,3,0.4677544677544678
1436,4,0.515928515928516
1436,5,0.5306915306915307
1437,1,0.5050505050505051
1437,2,0.4677544677544678
1437,3,0.4902874902874903
1437,4,0.5027195027195027
1437,5,0.5182595182595182
1438,1,0.48096348096348096
1438,2,0.4662004662004662
1438,3,0.47863247863247865
1438,4,0.5198135198135199
1438,5,0.5205905205905206
1439,1,0.4996114996114996
1439,2,0.4654234654234654
1439,3,0.49106449106449107
1439,4,0.526029526029526
1439,5,0.5081585081585082
1440,1,0.49417249417249415
1440,2,0.44366744366744365
1440,3,0.4988344988344988
1440,4,0.4933954933954934
1440,5,0.5097125097125097
1441,1,0.4677544677544678
1441,2,0.46853146853146854
1441,3,0.47785547785547783
1441,4,0.5066045066045066
1441,5,0.5104895104895105
1442,1,0.5003885003885004
1442,2,0.44988344988344986
1442,3,0.48174048174048173
1442,4,0.5081585081585082
1442,5,0.5205905205905206
1443,1,0.46853146853146854
1443,2,0.47086247086247085
1443,3,0.4801864801864802
1443,4,0.5275835275835276
1443,5,0.5306915306915307
1444,1,0.47474747474747475
1444,2,0.4592074592074592
1444,3,0.4716394716394716
1444,4,0.5120435120435121
1444,5,0.5058275058275058
1445,1,0.46386946386946387
1445,2,0.4553224553224553
1445,3,0.5097125097125097
1445,4,0.4965034965034965
1445,5,0.5291375291375291
1446,1,0.4972804972804973
1446,2,0.4662004662004662
1446,3,0.46464646464646464
1446,4,0.5104895104895105
1446,5,0.5174825174825175
1447,1,0.4716394716394716
1447,2,0.4483294483294483
1447,3,0.494949494949495
1447,4,0.5073815073815073
1447,5,0.5167055167055167
1448,1,0.4926184926184926
1448,2,0.4592074592074592
1448,3,0.47785547785547783
1448,4,0.5120435120435121
1448,5,0.515928515928516
1449,1,0.48174048174048173
1449,2,0.46076146076146074
1449,3,0.48951048951048953
1449,4,0.5097125097125097
1449,5,0.5306915306915307
1450,1,0.4996114996114996
1450,2,0.44522144522144524
1450,3,0.47785547785547783
1450,4,0.5081585081585082
1450,5,0.5423465423465423
1451,1,0.5112665112665112
1451,2,0.4592074592074592
1451,3,0.47785547785547783
1451,4,0.5034965034965035
1451,5,0.5050505050505051
1452,1,0.46853146853146854
1452,2,0.44755244755244755
1452,3,0.4864024864024864
1452,4,0.5275835275835276
1452,5,0.5120435120435121
1453,1,0.47785547785547783
1453,2,0.46076146076146074
1453,3,0.4887334887334887
1453,4,0.5050505050505051
1453,5,0.5143745143745144
1454,1,0.45998445998445997
1454,2,0.4654234654234654
1454,3,0.4972804972804973
1454,4,0.5143745143745144
1454,5,0.5275835275835276
1455,1,0.4864024864024864
1455,2,0.4825174825174825
1455,3,0.48329448329448327
1455,4,0.4825174825174825
1455,5,0.5019425019425019
1456,1,0.4972804972804973
1456,2,0.43123543123543123
1456,3,0.4700854700854701
1456,4,0.5275835275835276
1456,5,0.5353535353535354
1457,1,0.4933954933954934
1457,2,0.4700854700854701
1457,3,0.4926184926184926
1457,4,0.5244755244755245
1457,5,0.5019425019425019
1458,1,0.48329448329448327
1458,2,0.4677544677544678
1458,3,0.4965034965034965
1458,4,0.5104895104895105
1458,5,0.49805749805749805
1459,1,0.4654234654234654
1459,2,0.4483294483294483
1459,3,0.49106449106449107
1459,4,0.5275835275835276
1459,5,0.519036519036519
1460,1,0.5034965034965035
1460,2,0.45376845376845376
1460,3,0.49805749805749805
1460,4,0.4965034965034965
1460,5,0.519036519036519
1461,1,0.494949494949495
1461,2,0.46153846153846156
1461,3,0.4716394716394716
1461,4,0.5306915306915307
1461,5,0.5104895104895105
1462,1,0.48484848484848486
1462,2,0.4630924630924631
1462,3,0.4926184926184926
1462,4,0.5027195027195027
1462,5,0.5252525252525253
1463,1,0.48329448329448327
1463,2,0.4382284382284382
1463,3,0.519036519036519
1463,4,0.5081585081585082
1463,5,0.5252525252525253
1464,1,0.4677544677544678
1464,2,0.4568764568764569
1464,3,0.5182595182595182
1464,4,0.5042735042735043
1464,5,0.5174825174825175
1465,1,0.48562548562548563
1465,2,0.4592074592074592
1465,3,0.4996114996114996
1465,4,0.5229215229215229
1465,5,0.5143745143745144
1466,1,0.494949494949495
1466,2,0.4592074592074592
1466,3,0.4933954933954934
1466,4,0.508935508935509
1466,5,0.5268065268065268
1467,1,0.5027195027195027
1467,2,0.4444444444444444
1467,3,0.47707847707847706
1467,4,0.5167055167055167
1467,5,0.526029526029526
1468,1,0.4840714840714841
1468,2,0.4568764568764569
1468,3,0.49106449106449107
1468,4,0.5042735042735043
1468,5,0.5221445221445221
1469,1,0.4763014763014763
1469,2,0.4444444444444444
1469,3,0.4996114996114996
1469,4,0.5252525252525253
1469,5,0.5213675213675214
1470,1,0.5003885003885004
1470,2,0.4755244755244755
1470,3,0.4933954933954934
1470,4,0.5058275058275058
1470,5,0.4996114996114996
1471,1,0.47785547785547783
1471,2,0.46076146076146074
1471,3,0.5019425019425019
1471,4,0.4972804972804973
1471,5,0.5244755244755245
1472,1,0.4794094794094794
1472,2,0.432012432012432
1472,3,0.5050505050505051
1472,4,0.5050505050505051
1472,5,0.526029526029526
1473,1,0.4801864801864802
1473,2,0.44522144522144524
1473,3,0.4825174825174825
1473,4,0.5151515151515151
1473,5,0.5337995337995338
1474,1,0.4794094794094794
1474,2,0.46231546231546233
1474,3,0.4864024864024864
1474,4,0.5120435120435121
1474,5,0.49805749805749805
1475,1,0.4568764568764569
1475,2,0.4763014763014763
1475,3,0.48562548562548563
1475,4,0.5073815073815073
1475,5,0.5104895104895105
1476,1,0.4933954933954934
1476,2,0.45376845376845376
1476,3,0.48174048174048173
1476,4,0.5073815073815073
1476,5,0.5236985236985237
1477,1,0.4902874902874903
1477,2,0.45843045843045843
1477,3,0.46464646464646464
1477,4,0.5182595182595182
1477,5,0.5252525252525253
1478,1,0.47241647241647244
1478,2,0.44988344988344986
1478,3,0.4801864801864802
1478,4,0.5003885003885004
1478,5,0.5120435120435121
1479,1,0.5019425019425019
1479,2,0.4662004662004662
1479,3,0.47707847707847706
1479,4,0.5174825174825175
1479,5,0.5143745143745144
1480,1,0.48717948717948717
1480,2,0.49184149184149184
1480,3,0.4972804972804973
1480,4,0.4864024864024864
1480,5,0.5143745143745144
1481,1,0.48484848484848486
1481,2,0.4662004662004662
1481,3,0.5081585081585082
1481,4,0.4887334887334887
1481,5,0.5361305361305362
1482,1,0.48329448329448327
1482,2,0.4560994560994561
1482,3,0.5034965034965035
1482,4,0.515928515928516
1482,5,0.5097125097125097
1483,1,0.5042735042735043
1483,2,0.45765345765345766
1483,3,0.494949494949495
1483,4,0.4864024864024864
1483,5,0.5236985236985237
1484,1,0.48562548562548563
1484,2,0.4693084693084693
1484,3,0.47707847707847706
1484,4,0.5066045066045066
1484,5,0.515928515928516
1485,1,0.4972804972804973
1485,2,0.4677544677544678
1485,3,0.46153846153846156
1485,4,0.508935508935509
1485,5,0.5198135198135199
1486,1,0.4902874902874903
1486,2,0.4568764568764569
1486,3,0.5042735042735043
1486,4,0.5182595182595182
1486,5,0.5205905205905206
1487,1,0.4801864801864802
1487,2,0.43512043512043513
1487,3,0.5112665112665112
1487,4,0.5143745143745144
1487,5,0.5182595182595182
1488,1,0.49572649572649574
1488,2,0.45765345765345766
1488,3,0.5019425019425019
1488,4,0.5143745143745144
1488,5,0.5174825174825175
1489,1,0.4840714840714841
1489,2,0.452991452991453
1489,3,0.5097125097125097
1489,4,0.5198135198135199
1489,5,0.5073815073815073
1490,1,0.48562548562548563
1490,2,0.45765345765345766
1490,3,0.5050505050505051
1490,4,0.519036519036519
1490,5,0.508935508935509
1491,1,0.48484848484848486
1491,2,0.4444444444444444
1491,3,0.49184149184149184
1491,4,0.5151515151515151
1491,5,0.5019425019425019
1492,1,0.4864024864024864
1492,2,0.4568764568764569
1492,3,0.5019425019425019
1492,4,0.5229215229215229
1492,5,0.5112665112665112
1493,1,0.5221445221445221
1493,2,0.4522144522144522
1493,3,0.4988344988344988
1493,4,0.5027195027195027
1493,5,0.508935508935509
1494,1,0.49805749805749805
1494,2,0.4763014763014763
1494,3,0.47707847707847706
1494,4,0.5011655011655012
1494,5,0.5221445221445221
1495,1,0.494949494949495
1495,2,0.4933954933954934
1495,3,0.48174048174048173
1495,4,0.4972804972804973
1495,5,0.494949494949495
1496,1,0.48174048174048173
1496,2,0.4693084693084693
1496,3,0.5011655011655012
1496,4,0.49417249417249415
1496,5,0.4965034965034965
1497,1,0.4755244755244755
1497,2,0.4693084693084693
1497,3,0.48951048951048953
1497,4,0.526029526029526
1497,5,0.508935508935509
1498,1,0.5174825174825175
1498,2,0.4405594405594406
1498,3,0.5073815073815073
1498,4,0.4972804972804973
1498,5,0.5128205128205128
1499,1,0.48096348096348096
1499,2,0.473970473970474
1499,3,0.4840714840714841
1499,4,0.5151515151515151
1499,5,0.4933954933954934
1500,1,0.49106449106449107
1500,2,0.4568764568764569
1500,3,0.4902874902874903
1500,4,0.5027195027195027
1500,5,0.519036519036519
1501,1,0.4763014763014763
1501,2,0.4716394716394716
1501,3,0.46853146853146854
1501,4,0.5151515151515151
1501,5,0.526029526029526
1502,1,0.47707847707847706
1502,2,0.47785547785547783
1502,3,0.4887334887334887
1502,4,0.5097125097125097
1502,5,0.5058275058275058
1503,1,0.4801864801864802
1503,2,0.48484848484848486
1503,3,0.48096348096348096
1503,4,0.533022533022533
1503,5,0.5306915306915307
1504,1,0.4926184926184926
1504,2,0.4522144522144522
1504,3,0.4801864801864802
1504,4,0.5221445221445221
1504,5,0.5112665112665112
1505,1,0.5097125097125097
1505,2,0.42735042735042733
1505,3,0.5042735042735043
1505,4,0.4972804972804973
1505,5,0.5369075369075369
1506,1,0.5019425019425019
1506,2,0.46153846153846156
1506,3,0.5066045066045066
1506,4,0.4700854700854701
1506,5,0.5066045066045066
1507,1,0.4933954933954934
1507,2,0.4654234654234654
1507,3,0.48562548562548563
1507,4,0.5112665112665112
1507,5,0.5322455322455323
1508,1,0.4965034965034965
1508,2,0.4840714840714841
1508,3,0.4926184926184926
1508,4,0.5050505050505051
1508,5,0.4965034965034965
1509,1,0.473970473970474
1509,2,0.48329448329448327
1509,3,0.49417249417249415
1509,4,0.5213675213675214
1509,5,0.48484848484848486
1510,1,0.4693084693084693
1510,2,0.4693084693084693
1510,3,0.4902874902874903
1510,4,0.5011655011655012
1510,5,0.5229215229215229
1511,1,0.49805749805749805
1511,2,0.4716394716394716
1511,3,0.49572649572649574
1511,4,0.48484848484848486
1511,5,0.49572649572649574
1512,1,0.5019425019425019
1512,2,0.45998445998445997
1512,3,0.4933954933954934
1512,4,0.508935508935509
1512,5,0.5213675213675214
1513,1,0.4794094794094794
1513,2,0.44755244755244755
1513,3,0.5019425019425019
1513,4,0.5291375291375291
1513,5,0.5135975135975136
1514,1,0.48951048951048953
1514,2,0.4467754467754468
1514,3,0.5042735042735043
1514,4,0.5058275058275058
1514,5,0.508935508935509
1515,1,0.5019425019425019
1515,2,0.45143745143745145
1515,3,0.5112665112665112
1515,4,0.4996114996114996
1515,5,0.5120435120435121
1516,1,0.466977466977467
1516,2,0.4662004662004662
1516,3,0.5151515151515151
1516,4,0.5128205128205128
1516,5,0.5097125097125097
1517,1,0.5097125097125097
1517,2,0.4405594405594406
1517,3,0.466977466977467
1517,4,0.5027195027195027
1517,5,0.5439005439005439
1518,1,0.47785547785547783
1518,2,0.4568764568764569
1518,3,0.5011655011655012
1518,4,0.5221445221445221
1518,5,0.5151515151515151
1519,1,0.47863247863247865
1519,2,0.46853146853146854
1519,3,0.49106449106449107
1519,4,0.5167055167055167
1519,5,0.5275835275835276
1520,1,0.49572649572649574
1520,2,0.4483294483294483
1520,3,0.5073815073815073
1520,4,0.5143745143745144
1520,5,0.5291375291375291
1521,1,0.49106449106449107
1521,2,0.43045843045843046
1521,3,0.49417249417249415
1521,4,0.5283605283605284
1521,5,0.5283605283605284
1522,1,0.5027195027195027
1522,2,0.452991452991453
1522,3,0.4933954933954934
1522,4,0.508935508935509
1522,5,0.5244755244755245
1523,1,0.48562548562548563
1523,2,0.46153846153846156
1523,3,0.5104895104895105
1523,4,0.4926184926184926
1523,5,0.5143745143745144
1524,1,0.473970473970474
1524,2,0.452991452991453
1524,3,0.533022533022533
1524,4,0.4988344988344988
1524,5,0.5229215229215229
1525,1,0.4902874902874903
1525,2,0.46231546231546233
1525,3,0.5019425019425019
1525,4,0.5027195027195027
1525,5,0.508935508935509
1526,1,0.4755244755244755
1526,2,0.47707847707847706
1526,3,0.4988344988344988
1526,4,0.5003885003885004
1526,5,0.5143745143745144
1527,1,0.4933954933954934
1527,2,0.4506604506604507
1527,3,0.4972804972804973
1527,4,0.5205905205905206
1527,5,0.4996114996114996
1528,1,0.48174048174048173
1528,2,0.4662004662004662
1528,3,0.5167055167055167
1528,4,0.48329448329448327
1528,5,0.5306915306915307
1529,1,0.4801864801864802
1529,2,0.46464646464646464
1529,3,0.49805749805749805
1529,4,0.5143745143745144
1529,5,0.4972804972804973
1530,1,0.5019425019425019
1530,2,0.4677544677544678
1530,3,0.5019425019425019
1530,4,0.48717948717948717
1530,5,0.5097125097125097
1531,1,0.4794094794094794
1531,2,0.4794094794094794
1531,3,0.5019425019425019
1531,4,0.5058275058275058
1531,5,0.5112665112665112
1532,1,0.5019425019425019
1532,2,0.4801864801864802
1532,3,0.5019425019425019
1532,4,0.49417249417249415
1532,5,0.5182595182595182
1533,1,0.49805749805749805
1533,2,0.4794094794094794
1533,3,0.4693084693084693
1533,4,0.5198135198135199
1533,5,0.5268065268065268
1534,1,0.494949494949495
1534,2,0.45843045843045843
1534,3,0.5050505050505051
1534,4,0.5034965034965035
1534,5,0.5151515151515151
1535,1,0.47474747474747475
1535,2,0.4654234654234654
1535,3,0.4887334887334887
1535,4,0.5198135198135199
1535,5,0.5167055167055167
1536,1,0.494949494949495
1536,2,0.47241647241647244
1536,3,0.5042735042735043
1536,4,0.5167055167055167
1536,5,0.49184149184149184
1537,1,0.4988344988344988
1537,2,0.46231546231546233
1537,3,0.4988344988344988
1537,4,0.5097125097125097
1537,5,0.5182595182595182
1538,1,0.5174825174825175
1538,2,0.44366744366744365
1538,3,0.5097125097125097
1538,4,0.5104895104895105
1538,5,0.5073815073815073
1539,1,0.526029526029526
1539,2,0.46464646464646464
1539,3,0.5019425019425019
1539,4,0.4840714840714841
1539,5,0.5003885003885004
1540,1,0.48096348096348096
1540,2,0.47785547785547783
1540,3,0.48562548562548563
1540,4,0.5213675213675214
1540,5,0.5097125097125097
1541,1,0.4825174825174825
1541,2,0.45765345765345766
1541,3,0.49805749805749805
1541,4,0.5167055167055167
1541,5,0.5369075369075369
1542,1,0.5174825174825175
1542,2,0.4693084693084693
1542,3,0.47474747474747475
1542,4,0.5213675213675214
1542,5,0.5229215229215229
1543,1,0.47863247863247865
1543,2,0.4700854700854701
1543,3,0.4996114996114996
1543,4,0.4965034965034965
1543,5,0.5143745143745144
1544,1,0.494949494949495
1544,2,0.46853146853146854
1544,3,0.5081585081585082
1544,4,0.5027195027195027
1544,5,0.5205905205905206
1545,1,0.49805749805749805
1545,2,0.47241647241647244
1545,3,0.48329448329448327
1545,4,0.5275835275835276
1545,5,0.5104895104895105
1546,1,0.48951048951048953
1546,2,0.4700854700854701
1546,3,0.5066045066045066
1546,4,0.4926184926184926
1546,5,0.5143745143745144
1547,1,0.5104895104895105
1547,2,0.4693084693084693
1547,3,0.49572649572649574
1547,4,0.5205905205905206
1547,5,0.5066045066045066
1548,1,0.5034965034965035
1548,2,0.47241647241647244
1548,3,0.5011655011655012
1548,4,0.5299145299145299
1548,5,0.5244755244755245
1549,1,0.4840714840714841
1549,2,0.4662004662004662
1549,3,0.5151515151515151
1549,4,0.519036519036519
1549,5,0.5236985236985237
1550,1,0.4825174825174825
1550,2,0.47241647241647244
1550,3,0.4972804972804973
1550,4,0.5353535353535354
1550,5,0.5135975135975136
1551,1,0.5135975135975136
1551,2,0.46231546231546233
1551,3,0.4825174825174825
1551,4,0.5081585081585082
1551,5,0.5361305361305362
1552,1,0.5019425019425019
1552,2,0.45998445998445997
1552,3,0.5034965034965035
1552,4,0.4996114996114996
1552,5,0.5306915306915307
1553,1,0.4965034965034965
1553,2,0.4755244755244755
1553,3,0.49106449106449107
1553,4,0.5128205128205128
1553,5,0.5353535353535354
1554,1,0.5011655011655012
1554,2,0.46386946386946387
1554,3,0.5135975135975136
1554,4,0.48951048951048953
1554,5,0.5407925407925408
1555,1,0.5003885003885004
1555,2,0.4700854700854701
1555,3,0.48329448329448327
1555,4,0.5213675213675214
1555,5,0.5314685314685315
1556,1,0.49184149184149184
1556,2,0.4491064491064491
1556,3,0.5120435120435121
1556,4,0.5151515151515151
1556,5,0.5120435120435121
1557,1,0.5027195027195027
1557,2,0.4421134421134421
1557,3,0.48174048174048173
1557,4,0.5337995337995338
1557,5,0.5268065268065268
1558,1,0.4825174825174825
1558,2,0.47707847707847706
1558,3,0.48795648795648794
1558,4,0.5353535353535354
1558,5,0.5493395493395493
1559,1,0.5112665112665112
1559,2,0.46464646464646464
1559,3,0.494949494949495
1559,4,0.5120435120435121
1559,5,0.49805749805749805
1560,1,0.5182595182595182
1560,2,0.46386946386946387
1560,3,0.5011655011655012
1560,4,0.5050505050505051
1560,5,0.5097125097125097
1561,1,0.48717948717948717
1561,2,0.4560994560994561
1561,3,0.5097125097125097
1561,4,0.5058275058275058
1561,5,0.515928515928516
1562,1,0.5244755244755245
1562,2,0.4483294483294483
1562,3,0.515928515928516
1562,4,0.5050505050505051
1562,5,0.5128205128205128
1563,1,0.5034965034965035
1563,2,0.4996114996114996
1563,3,0.5058275058275058
1563,4,0.5112665112665112
1563,5,0.5120435120435121
1564,1,0.5275835275835276
1564,2,0.45143745143745145
1564,3,0.4996114996114996
1564,4,0.5042735042735043
1564,5,0.4988344988344988
1565,1,0.5050505050505051
1565,2,0.4902874902874903
1565,3,0.4840714840714841
1565,4,0.526029526029526
1565,5,0.526029526029526
1566,1,0.515928515928516
1566,2,0.4560994560994561
1566,3,0.4801864801864802
1566,4,0.5306915306915307
1566,5,0.5236985236985237
1567,1,0.48795648795648794
1567,2,0.45454545454545453
1567,3,0.5205905205905206
1567,4,0.5167055167055167
1567,5,0.5369075369075369
1568,1,0.4887334887334887
1568,2,0.466977466977467
1568,3,0.5128205128205128
1568,4,0.5081585081585082
1568,5,0.5058275058275058
1569,1,0.5019425019425019
1569,2,0.4693084693084693
1569,3,0.494949494949495
1569,4,0.5066045066045066
1569,5,0.5337995337995338
1570,1,0.5268065268065268
1570,2,0.47086247086247085
1570,3,0.49106449106449107
1570,4,0.49572649572649574
1570,5,0.5027195027195027
1571,1,0.5019425019425019
1571,2,0.45143745143745145
1571,3,0.5182595182595182
1571,4,0.5027195027195027
1571,5,0.5151515151515151
1572,1,0.5322455322455323
1572,2,0.45454545454545453
1572,3,0.48717948717948717
1572,4,0.519036519036519
1572,5,0.4840714840714841
1573,1,0.5050505050505051
1573,2,0.48096348096348096
1573,3,0.4864024864024864
1573,4,0.5151515151515151
1573,5,0.5353535353535354
1574,1,0.5050505050505051
1574,2,0.4693084693084693
1574,3,0.5120435120435121
1574,4,0.5058275058275058
1574,5,0.5314685314685315
1575,1,0.5128205128205128
1575,2,0.45843045843045843
1575,3,0.49572649572649574
1575,4,0.5322455322455323
1575,5,0.5034965034965035
1576,1,0.48951048951048953
1576,2,0.46076146076146074
1576,3,0.5244755244755245
1576,4,0.5027195027195027
1576,5,0.5299145299145299
1577,1,0.49184149184149184
1577,2,0.47707847707847706
1577,3,0.4996114996114996
1577,4,0.5213675213675214
1577,5,0.508935508935509
1578,1,0.4972804972804973
1578,2,0.4731934731934732
1578,3,0.5081585081585082
1578,4,0.5112665112665112
1578,5,0.5369075369075369
1579,1,0.5003885003885004
1579,2,0.45843045843045843
1579,3,0.5120435120435121
1579,4,0.4926184926184926
1579,5,0.508935508935509
1580,1,0.508935508935509
1580,2,0.4483294483294483
1580,3,0.5050505050505051
1580,4,0.5143745143745144
1580,5,0.5291375291375291
1581,1,0.5128205128205128
1581,2,0.4568764568764569
1581,3,0.5058275058275058
1581,4,0.4825174825174825
1581,5,0.5283605283605284
1582,1,0.494949494949495
1582,2,0.4630924630924631
1582,3,0.47474747474747475
1582,4,0.5221445221445221
1582,5,0.5198135198135199
1583,1,0.4965034965034965
1583,2,0.4654234654234654
1583,3,0.5120435120435121
1583,4,0.48951048951048953
1583,5,0.5275835275835276
1584,1,0.5042735042735043
1584,2,0.4794094794094794
1584,3,0.4965034965034965
1584,4,0.5182595182595182
1584,5,0.5112665112665112
1585,1,0.5143745143745144
1585,2,0.4421134421134421
1585,3,0.5066045066045066
1585,4,0.5019425019425019
1585,5,0.5322455322455323
1586,1,0.5019425019425019
1586,2,0.47707847707847706
1586,3,0.5050505050505051
1586,4,0.5174825174825175
1586,5,0.5081585081585082
1587,1,0.49572649572649574
1587,2,0.46464646464646464
1587,3,0.48484848484848486
1587,4,0.5174825174825175
1587,5,0.515928515928516
1588,1,0.47863247863247865
1588,2,0.4700854700854701
1588,3,0.5027195027195027
1588,4,0.5027195027195027
1588,5,0.5268065268065268
1589,1,0.4965034965034965
1589,2,0.4840714840714841
1589,3,0.4996114996114996
1589,4,0.5097125097125097
1589,5,0.5104895104895105
1590,1,0.5104895104895105
1590,2,0.4491064491064491
1590,3,0.4840714840714841
1590,4,0.5205905205905206
1590,5,0.533022533022533
1591,1,0.48717948717948717
1591,2,0.43356643356643354
1591,3,0.5104895104895105
1591,4,0.5198135198135199
1591,5,0.5135975135975136
1592,1,0.4755244755244755
1592,2,0.46853146853146854
1592,3,0.5081585081585082
1592,4,0.5128205128205128
1592,5,0.5120435120435121
1593,1,0.5112665112665112
1593,2,0.47241647241647244
1593,3,0.4794094794094794
1593,4,0.5042735042735043
1593,5,0.5337995337995338
1594,1,0.49417249417249415
1594,2,0.46853146853146854
1594,3,0.49805749805749805
1594,4,0.5291375291375291
1594,5,0.5120435120435121
1595,1,0.5073815073815073
1595,2,0.4560994560994561
1595,3,0.4988344988344988
1595,4,0.49572649572649574
1595,5,0.5283605283605284
1596,1,0.4902874902874903
1596,2,0.4397824397824398
1596,3,0.5066045066045066
1596,4,0.5112665112665112
1596,5,0.5508935508935509
1597,1,0.4996114996114996
1597,2,0.46853146853146854
1597,3,0.4933954933954934
1597,4,0.5019425019425019
1597,5,0.5221445221445221
1598,1,0.47474747474747475
1598,2,0.4506604506604507
1598,3,0.4988344988344988
1598,4,0.5104895104895105
1598,5,0.533022533022533
1599,1,0.5167055167055167
1599,2,0.46153846153846156
1599,3,0.49106449106449107
1599,4,0.4965034965034965
1599,5,0.5439005439005439
1600,1,0.49417249417249415
1600,2,0.4731934731934732
1600,3,0.4996114996114996
1600,4,0.508935508935509
1600,5,0.5299145299145299
1601,1,0.48329448329448327
1601,2,0.47863247863247865
1601,3,0.5019425019425019
1601,4,0.5097125097125097
1601,5,0.5135975135975136
1602,1,0.494949494949495
1602,2,0.46853146853146854
1602,3,0.5058275058275058
1602,4,0.4864024864024864
1602,5,0.54001554001554
1603,1,0.4996114996114996
1603,2,0.4560994560994561
1603,3,0.4965034965034965
1603,4,0.5275835275835276
1603,5,0.5073815073815073
1604,1,0.4988344988344988
1604,2,0.4506604506604507
1604,3,0.4825174825174825
1604,4,0.5501165501165501
1604,5,0.5081585081585082
1605,1,0.5034965034965035
1605,2,0.4506604506604507
1605,3,0.5221445221445221
1605,4,0.4794094794094794
1605,5,0.5229215229215229
1606,1,0.515928515928516
1606,2,0.46464646464646464
1606,3,0.4731934731934732
1606,4,0.5081585081585082
1606,5,0.5213675213675214
1607,1,0.5120435120435121
1607,2,0.46853146853146854
1607,3,0.48951048951048953
1607,4,0.5003885003885004
1607,5,0.5042735042735043
1608,1,0.5104895104895105
1608,2,0.4553224553224553
1608,3,0.4988344988344988
1608,4,0.48717948717948717
1608,5,0.5493395493395493
1609,1,0.5097125097125097
1609,2,0.4677544677544678
1609,3,0.5003885003885004
1609,4,0.5128205128205128
1609,5,0.5205905205905206
1610,1,0.5034965034965035
1610,2,0.4731934731934732
1610,3,0.4988344988344988
1610,4,0.49106449106449107
1610,5,0.5229215229215229
1611,1,0.4972804972804973
1611,2,0.45454545454545453
1611,3,0.5073815073815073
1611,4,0.5019425019425019
1611,5,0.5345765345765345
1612,1,0.519036519036519
1612,2,0.4965034965034965
1612,3,0.47474747474747475
1612,4,0.4972804972804973
1612,5,0.5034965034965035
1613,1,0.4965034965034965
1613,2,0.47086247086247085
1613,3,0.5042735042735043
1613,4,0.526029526029526
1613,5,0.5034965034965035
1614,1,0.49572649572649574
1614,2,0.49184149184149184
1614,3,0.48562548562548563
1614,4,0.5182595182595182
1614,5,0.4965034965034965
1615,1,0.5135975135975136
1615,2,0.4630924630924631
1615,3,0.4825174825174825
1615,4,0.5011655011655012
1615,5,0.5283605283605284
1616,1,0.5213675213675214
1616,2,0.46464646464646464
1616,3,0.5011655011655012
1616,4,0.4965034965034965
1616,5,0.5112665112665112
1617,1,0.5104895104895105
1617,2,0.466977466977467
1617,3,0.4755244755244755
1617,4,0.5174825174825175
1617,5,0.5128205128205128
1618,1,0.5050505050505051
1618,2,0.47086247086247085
1618,3,0.4933954933954934
1618,4,0.5120435120435121
1618,5,0.5058275058275058
1619,1,0.5027195027195027
1619,2,0.48174048174048173
1619,3,0.4933954933954934
1619,4,0.5097125097125097
1619,5,0.5167055167055167
1620,1,0.5081585081585082
1620,2,0.4864024864024864
1620,3,0.5011655011655012
1620,4,0.5182595182595182
1620,5,0.4972804972804973
1621,1,0.48795648795648794
1621,2,0.4654234654234654
1621,3,0.5097125097125097
1621,4,0.5252525252525253
1621,5,0.519036519036519
1622,1,0.5174825174825175
1622,2,0.47086247086247085
1622,3,0.5011655011655012
1622,4,0.5003885003885004
1622,5,0.5314685314685315
1623,1,0.5182595182595182
1623,2,0.4630924630924631
1623,3,0.47785547785547783
1623,4,0.519036519036519
1623,5,0.5306915306915307
1624,1,0.519036519036519
1624,2,0.46153846153846156
1624,3,0.48329448329448327
1624,4,0.5151515151515151
1624,5,0.5167055167055167
1625,1,0.5050505050505051
1625,2,0.47785547785547783
1625,3,0.5081585081585082
1625,4,0.4794094794094794
1625,5,0.5221445221445221
1626,1,0.4933954933954934
1626,2,0.44988344988344986
1626,3,0.5174825174825175
1626,4,0.5236985236985237
1626,5,0.5151515151515151
1627,1,0.4972804972804973
1627,2,0.47785547785547783
1627,3,0.49184149184149184
1627,4,0.508935508935509
1627,5,0.515928515928516
1628,1,0.49417249417249415
1628,2,0.47707847707847706
1628,3,0.4887334887334887
1628,4,0.5050505050505051
1628,5,0.5143745143745144
1629,1,0.5097125097125097
1629,2,0.4864024864024864
1629,3,0.519036519036519
1629,4,0.4965034965034965
1629,5,0.4887334887334887
1630,1,0.4902874902874903
1630,2,0.46464646464646464
1630,3,0.5058275058275058
1630,4,0.5066045066045066
1630,5,0.5081585081585082
1631,1,0.5011655011655012
1631,2,0.4405594405594406
1631,3,0.5081585081585082
1631,4,0.519036519036519
1631,5,0.5283605283605284
1632,1,0.5050505050505051
1632,2,0.47241647241647244
1632,3,0.4926184926184926
1632,4,0.4988344988344988
1632,5,0.5369075369075369
1633,1,0.48562548562548563
1633,2,0.5003885003885004
1633,3,0.5066045066045066
1633,4,0.5042735042735043
1633,5,0.526029526029526
1634,1,0.5112665112665112
1634,2,0.4662004662004662
1634,3,0.48484848484848486
1634,4,0.5120435120435121
1634,5,0.5369075369075369
1635,1,0.4887334887334887
1635,2,0.473970473970474
1635,3,0.5073815073815073
1635,4,0.49572649572649574
1635,5,0.5291375291375291
1636,1,0.49417249417249415
1636,2,0.4428904428904429
1636,3,0.49805749805749805
1636,4,0.5151515151515151
1636,5,0.5571095571095571
1637,1,0.5081585081585082
1637,2,0.45765345765345766
1637,3,0.4996114996114996
1637,4,0.49805749805749805
1637,5,0.5594405594405595
1638,1,0.5135975135975136
1638,2,0.46231546231546233
1638,3,0.4731934731934732
1638,4,0.5027195027195027
1638,5,0.5369075369075369
1639,1,0.49417249417249415
1639,2,0.4887334887334887
1639,3,0.4840714840714841
1639,4,0.48329448329448327
1639,5,0.5446775446775447
1640,1,0.5167055167055167
1640,2,0.44988344988344986
1640,3,0.494949494949495
1640,4,0.5167055167055167
1640,5,0.5198135198135199
1641,1,0.5221445221445221
1641,2,0.47086247086247085
1641,3,0.473970473970474
1641,4,0.5058275058275058
1641,5,0.5439005439005439
1642,1,0.49184149184149184
1642,2,0.4755244755244755
1642,3,0.48562548562548563
1642,4,0.5066045066045066
1642,5,0.5128205128205128
1643,1,0.5073815073815073
1643,2,0.46464646464646464
1643,3,0.4864024864024864
1643,4,0.5151515151515151
1643,5,0.5314685314685315
1644,1,0.49805749805749805
1644,2,0.4731934731934732
1644,3,0.4996114996114996
1644,4,0.47474747474747475
1644,5,0.5135975135975136
1645,1,0.5081585081585082
1645,2,0.4716394716394716
1645,3,0.5120435120435121
1645,4,0.5066045066045066
1645,5,0.5306915306915307
1646,1,0.5027195027195027
1646,2,0.46231546231546233
1646,3,0.4864024864024864
1646,4,0.5042735042735043
1646,5,0.5229215229215229
1647,1,0.5027195027195027
1647,2,0.47474747474747475
1647,3,0.48174048174048173
1647,4,0.5019425019425019
1647,5,0.5244755244755245
1648,1,0.494949494949495
1648,2,0.45998445998445997
1648,3,0.5019425019425019
1648,4,0.49106449106449107
1648,5,0.515928515928516
1649,1,0.5586635586635587
1649,2,0.46076146076146074
1649,3,0.48329448329448327
1649,4,0.49805749805749805
1649,5,0.5213675213675214
1650,1,0.5151515151515151
1650,2,0.4560994560994561
1650,3,0.4972804972804973
1650,4,0.515928515928516
1650,5,0.5174825174825175
1651,1,0.5104895104895105
1651,2,0.45454545454545453
1651,3,0.48951048951048953
1651,4,0.49417249417249415
1651,5,0.5407925407925408
1652,1,0.4965034965034965
1652,2,0.4677544677544678
1652,3,0.5011655011655012
1652,4,0.4840714840714841
1652,5,0.5236985236985237
1653,1,0.4965034965034965
1653,2,0.44755244755244755
1653,3,0.4902874902874903
1653,4,0.5050505050505051
1653,5,0.5275835275835276
1654,1,0.5198135198135199
1654,2,0.49106449106449107
1654,3,0.48174048174048173
1654,4,0.4864024864024864
1654,5,0.5268065268065268
1655,1,0.5143745143745144
1655,2,0.4568764568764569
1655,3,0.4693084693084693
1655,4,0.5097125097125097
1655,5,0.5345765345765345
1656,1,0.494949494949495
1656,2,0.466977466977467
1656,3,0.48795648795648794
1656,4,0.5275835275835276
1656,5,0.508935508935509
1657,1,0.4755244755244755
1657,2,0.4654234654234654
1657,3,0.49572649572649574
1657,4,0.5011655011655012
1657,5,0.5283605283605284
1658,1,0.5073815073815073
1658,2,0.47474747474747475
1658,3,0.46153846153846156
1658,4,0.494949494949495
1658,5,0.5299145299145299
1659,1,0.49184149184149184
1659,2,0.4654234654234654
1659,3,0.48717948717948717
1659,4,0.5027195027195027
1659,5,0.5485625485625486
1660,1,0.5151515151515151
1660,2,0.4801864801864802
1660,3,0.4630924630924631
1660,4,0.48795648795648794
1660,5,0.526029526029526
1661,1,0.48562548562548563
1661,2,0.4491064491064491
1661,3,0.4864024864024864
1661,4,0.5042735042735043
1661,5,0.5299145299145299
1662,1,0.5019425019425019
1662,2,0.45765345765345766
1662,3,0.49805749805749805
1662,4,0.48096348096348096
1662,5,0.5516705516705517
1663,1,0.5058275058275058
1663,2,0.4864024864024864
1663,3,0.4700854700854701
1663,4,0.5003885003885004
1663,5,0.508935508935509
1664,1,0.4965034965034965
1664,2,0.46153846153846156
1664,3,0.48562548562548563
1664,4,0.5003885003885004
1664,5,0.5112665112665112
1665,1,0.5058275058275058
1665,2,0.4654234654234654
1665,3,0.48717948717948717
1665,4,0.4864024864024864
1665,5,0.5167055167055167
1666,1,0.5027195027195027
1666,2,0.4592074592074592
1666,3,0.4996114996114996
1666,4,0.5066045066045066
1666,5,0.5081585081585082
1667,1,0.4887334887334887
1667,2,0.4794094794094794
1667,3,0.4825174825174825
1667,4,0.4864024864024864
1667,5,0.5407925407925408
1668,1,0.5011655011655012
1668,2,0.47241647241647244
1668,3,0.4654234654234654
1668,4,0.5058275058275058
1668,5,0.5066045066045066
1669,1,0.5135975135975136
1669,2,0.452991452991453
1669,3,0.4840714840714841
1669,4,0.5003885003885004
1669,5,0.5143745143745144
1670,1,0.4965034965034965
1670,2,0.4840714840714841
1670,3,0.48484848484848486
1670,4,0.5027195027195027
1670,5,0.5097125097125097
1671,1,0.5097125097125097
1671,2,0.45376845376845376
1671,3,0.49184149184149184
1671,4,0.5112665112665112
1671,5,0.48174048174048173
1672,1,0.5104895104895105
1672,2,0.48096348096348096
1672,3,0.47474747474747475
1672,4,0.5019425019425019
1672,5,0.5073815073815073
1673,1,0.5104895104895105
1673,2,0.4716394716394716
1673,3,0.47707847707847706
1673,4,0.494949494949495
1673,5,0.5213675213675214
1674,1,0.49106449106449107
1674,2,0.4794094794094794
1674,3,0.4988344988344988
1674,4,0.5066045066045066
1674,5,0.494949494949495
1675,1,0.4926184926184926
1675,2,0.48096348096348096
1675,3,0.48795648795648794
1675,4,0.4988344988344988
1675,5,0.5073815073815073
1676,1,0.5182595182595182
1676,2,0.46153846153846156
1676,3,0.47863247863247865
1676,4,0.49805749805749805
1676,5,0.5120435120435121
1677,1,0.5066045066045066
1677,2,0.47707847707847706
1677,3,0.4840714840714841
1677,4,0.5073815073815073
1677,5,0.49572649572649574
1678,1,0.48562548562548563
1678,2,0.4731934731934732
1678,3,0.4972804972804973
1678,4,0.5003885003885004
1678,5,0.5027195027195027
1679,1,0.4996114996114996
1679,2,0.4630924630924631
1679,3,0.4902874902874903
1679,4,0.5011655011655012
1679,5,0.5221445221445221
1680,1,0.4965034965034965
1680,2,0.473970473970474
1680,3,0.49184149184149184
1680,4,0.5345765345765345
1680,5,0.5034965034965035
1681,1,0.48795648795648794
1681,2,0.4654234654234654
1681,3,0.4887334887334887
1681,4,0.5174825174825175
1681,5,0.5104895104895105
1682,1,0.5073815073815073
1682,2,0.4840714840714841
1682,3,0.48562548562548563
1682,4,0.49184149184149184
1682,5,0.4965034965034965
1683,1,0.49572649572649574
1683,2,0.47785547785547783
1683,3,0.49184149184149184
1683,4,0.49417249417249415
1683,5,0.5112665112665112
1684,1,0.5120435120435121
1684,2,0.4700854700854701
1684,3,0.48562548562548563
1684,4,0.4988344988344988
1684,5,0.5353535353535354
1685,1,0.494949494949495
1685,2,0.49184149184149184
1685,3,0.4933954933954934
1685,4,0.48562548562548563
1685,5,0.515928515928516
1686,1,0.4926184926184926
1686,2,0.46386946386946387
1686,3,0.49184149184149184
1686,4,0.494949494949495
1686,5,0.5104895104895105
1687,1,0.4972804972804973
1687,2,0.48562548562548563
1687,3,0.4731934731934732
1687,4,0.47707847707847706
1687,5,0.5011655011655012
1688,1,0.5027195027195027
1688,2,0.4794094794094794
1688,3,0.46853146853146854
1688,4,0.5198135198135199
1688,5,0.5174825174825175
1689,1,0.49184149184149184
1689,2,0.4662004662004662
1689,3,0.48484848484848486
1689,4,0.5151515151515151
1689,5,0.5236985236985237
1690,1,0.5174825174825175
1690,2,0.445998445998446
1690,3,0.48329448329448327
1690,4,0.5081585081585082
1690,5,0.4988344988344988
1691,1,0.4825174825174825
1691,2,0.46076146076146074
1691,3,0.48951048951048953
1691,4,0.5221445221445221
1691,5,0.5019425019425019
1692,1,0.5050505050505051
1692,2,0.47863247863247865
1692,3,0.4965034965034965
1692,4,0.49572649572649574
1692,5,0.5066045066045066
1693,1,0.508935508935509
1693,2,0.4592074592074592
1693,3,0.48795648795648794
1693,4,0.5042735042735043
1693,5,0.4933954933954934
1694,1,0.5221445221445221
1694,2,0.45143745143745145
1694,3,0.4763014763014763
1694,4,0.5019425019425019
1694,5,0.5151515151515151
1695,1,0.5050505050505051
1695,2,0.4716394716394716
1695,3,0.4677544677544678
1695,4,0.5081585081585082
1695,5,0.4996114996114996
1696,1,0.5198135198135199
1696,2,0.46853146853146854
1696,3,0.5011655011655012
1696,4,0.5058275058275058
1696,5,0.48174048174048173
1697,1,0.48717948717948717
1697,2,0.46853146853146854
1697,3,0.4972804972804973
1697,4,0.5034965034965035
1697,5,0.5275835275835276
1698,1,0.5081585081585082
1698,2,0.46386946386946387
1698,3,0.4840714840714841
1698,4,0.4996114996114996
1698,5,0.5244755244755245
1699,1,0.48329448329448327
1699,2,0.4630924630924631
1699,3,0.47241647241647244
1699,4,0.5120435120435121
1699,5,0.5120435120435121
1700,1,0.515928515928516
1700,2,0.48717948717948717
1700,3,0.47707847707847706
1700,4,0.5027195027195027
1700,5,0.5066045066045066
1701,1,0.47474747474747475
1701,2,0.46853146853146854
1701,3,0.47707847707847706
1701,4,0.5151515151515151
1701,5,0.515928515928516
1702,1,0.49106449106449107
1702,2,0.45765345765345766
1702,3,0.4801864801864802
1702,4,0.5229215229215229
1702,5,0.49417249417249415
1703,1,0.4972804972804973
1703,2,0.4801864801864802
1703,3,0.4887334887334887
1703,4,0.49572649572649574
1703,5,0.5275835275835276
1704,1,0.5097125097125097
1704,2,0.46231546231546233
1704,3,0.4902874902874903
1704,4,0.49417249417249415
1704,5,0.494949494949495
1705,1,0.5027195027195027
1705,2,0.45376845376845376
1705,3,0.48562548562548563
1705,4,0.5151515151515151
1705,5,0.5221445221445221
1706,1,0.5205905205905206
1706,2,0.4483294483294483
1706,3,0.49572649572649574
1706,4,0.5151515151515151
1706,5,0.5151515151515151
1707,1,0.5050505050505051
1707,2,0.46386946386946387
1707,3,0.5042735042735043
1707,4,0.508935508935509
1707,5,0.5058275058275058
1708,1,0.515928515928516
1708,2,0.46464646464646464
1708,3,0.45998445998445997
1708,4,0.5066045066045066
1708,5,0.5112665112665112
1709,1,0.4700854700854701
1709,2,0.4700854700854701
1709,3,0.5050505050505051
1709,4,0.5112665112665112
1709,5,0.4933954933954934
1710,1,0.5019425019425019
1710,2,0.4662004662004662
1710,3,0.48951048951048953
1710,4,0.5073815073815073
1710,5,0.5112665112665112
1711,1,0.4933954933954934
1711,2,0.4933954933954934
1711,3,0.46853146853146854
1711,4,0.5011655011655012
1711,5,0.4988344988344988
1712,1,0.47474747474747475
1712,2,0.47863247863247865
1712,3,0.48795648795648794
1712,4,0.5011655011655012
1712,5,0.5120435120435121
1713,1,0.48795648795648794
1713,2,0.4560994560994561
1713,3,0.48717948717948717
1713,4,0.49572649572649574
1713,5,0.508935508935509
1714,1,0.48717948717948717
1714,2,0.45843045843045843
1714,3,0.5011655011655012
1714,4,0.5066045066045066
1714,5,0.5221445221445221
1715,1,0.5205905205905206
1715,2,0.47785547785547783
1715,3,0.4553224553224553
1715,4,0.5050505050505051
1715,5,0.5019425019425019
1716,1,0.4864024864024864
1716,2,0.473970473970474
1716,3,0.4716394716394716
1716,4,0.5112665112665112
1716,5,0.5221445221445221
1717,1,0.4840714840714841
1717,2,0.47863247863247865
1717,3,0.49106449106449107
1717,4,0.5135975135975136
1717,5,0.5167055167055167
1718,1,0.5003885003885004
1718,2,0.473970473970474
1718,3,0.4693084693084693
1718,4,0.49572649572649574
1718,5,0.5058275058275058
1719,1,0.473970473970474
1719,2,0.47474747474747475
1719,3,0.48562548562548563
1719,4,0.5252525252525253
1719,5,0.5198135198135199
1720,1,0.5042735042735043
1720,2,0.46853146853146854
1720,3,0.4801864801864802
1720,4,0.5151515151515151
1720,5,0.5042735042735043
1721,1,0.5120435120435121
1721,2,0.46153846153846156
1721,3,0.48174048174048173
1721,4,0.5128205128205128
1721,5,0.4926184926184926
1722,1,0.4887334887334887
1722,2,0.4794094794094794
1722,3,0.49106449106449107
1722,4,0.5112665112665112
1722,5,0.5003885003885004
1723,1,0.5034965034965035
1723,2,0.4553224553224553
1723,3,0.49572649572649574
1723,4,0.5229215229215229
1723,5,0.5081585081585082
1724,1,0.5050505050505051
1724,2,0.4568764568764569
1724,3,0.47707847707847706
1724,4,0.5275835275835276
1724,5,0.5058275058275058
1725,1,0.49572649572649574
1725,2,0.47474747474747475
1725,3,0.4988344988344988
1725,4,0.47785547785547783
1725,5,0.5151515151515151
1726,1,0.5275835275835276
1726,2,0.4700854700854701
1726,3,0.4864024864024864
1726,4,0.5081585081585082
1726,5,0.5081585081585082
1727,1,0.5027195027195027
1727,2,0.4755244755244755
1727,3,0.4864024864024864
1727,4,0.5027195027195027
1727,5,0.5244755244755245
1728,1,0.4902874902874903
1728,2,0.466977466977467
1728,3,0.5120435120435121
1728,4,0.5135975135975136
1728,5,0.4840714840714841
1729,1,0.47474747474747475
1729,2,0.45765345765345766
1729,3,0.5104895104895105
1729,4,0.5135975135975136
1729,5,0.5143745143745144
1730,1,0.4677544677544678
1730,2,0.4630924630924631
1730,3,0.4972804972804973
1730,4,0.5252525252525253
1730,5,0.5003885003885004
1731,1,0.46076146076146074
1731,2,0.46464646464646464
1731,3,0.5019425019425019
1731,4,0.5081585081585082
1731,5,0.5213675213675214
1732,1,0.49572649572649574
1732,2,0.47863247863247865
1732,3,0.4560994560994561
1732,4,0.5050505050505051
1732,5,0.5128205128205128
1733,1,0.4988344988344988
1733,2,0.4491064491064491
1733,3,0.4965034965034965
1733,4,0.49417249417249415
1733,5,0.5291375291375291
1734,1,0.5019425019425019
1734,2,0.47707847707847706
1734,3,0.48329448329448327
1734,4,0.5034965034965035
1734,5,0.47863247863247865
1735,1,0.49106449106449107
1735,2,0.4731934731934732
1735,3,0.5058275058275058
1735,4,0.5058275058275058
1735,5,0.5027195027195027
1736,1,0.48951048951048953
1736,2,0.4763014763014763
1736,3,0.4731934731934732
1736,4,0.48795648795648794
1736,5,0.5205905205905206
1737,1,0.49184149184149184
1737,2,0.47241647241647244
1737,3,0.4693084693084693
1737,4,0.5182595182595182
1737,5,0.5042735042735043
1738,1,0.4825174825174825
1738,2,0.46386946386946387
1738,3,0.5073815073815073
1738,4,0.5112665112665112
1738,5,0.5073815073815073
1739,1,0.5034965034965035
1739,2,0.45454545454545453
1739,3,0.48951048951048953
1739,4,0.5066045066045066
1739,5,0.494949494949495
1740,1,0.473970473970474
1740,2,0.4825174825174825
1740,3,0.4864024864024864
1740,4,0.5252525252525253
1740,5,0.519036519036519
1741,1,0.4933954933954934
1741,2,0.4693084693084693
1741,3,0.4825174825174825
1741,4,0.5097125097125097
1741,5,0.494949494949495
1742,1,0.4840714840714841
1742,2,0.452991452991453
1742,3,0.49417249417249415
1742,4,0.5011655011655012
1742,5,0.5337995337995338
1743,1,0.5003885003885004
1743,2,0.4592074592074592
1743,3,0.5143745143745144
1743,4,0.5058275058275058
1743,5,0.5019425019425019
1744,1,0.5073815073815073
1744,2,0.48096348096348096
1744,3,0.5174825174825175
1744,4,0.5244755244755245
1744,5,0.4825174825174825
1745,1,0.48174048174048173
1745,2,0.4630924630924631
1745,3,0.49417249417249415
1745,4,0.5291375291375291
1745,5,0.5244755244755245
1746,1,0.49572649572649574
1746,2,0.45998445998445997
1746,3,0.5050505050505051
1746,4,0.5097125097125097
1746,5,0.49805749805749805
1747,1,0.5120435120435121
1747,2,0.466977466977467
1747,3,0.48562548562548563
1747,4,0.5128205128205128
1747,5,0.5213675213675214
1748,1,0.4840714840714841
1748,2,0.47863247863247865
1748,3,0.4972804972804973
1748,4,0.5174825174825175
1748,5,0.5034965034965035
1749,1,0.5066045066045066
1749,2,0.4763014763014763
1749,3,0.48329448329448327
1749,4,0.49417249417249415
1749,5,0.5042735042735043
1750,1,0.48484848484848486
1750,2,0.4592074592074592
1750,3,0.48174048174048173
1750,4,0.5066045066045066
1750,5,0.5104895104895105
1751,1,0.494949494949495
1751,2,0.48096348096348096
1751,3,0.48717948717948717
1751,4,0.4902874902874903
1751,5,0.5236985236985237
1752,1,0.48484848484848486
1752,2,0.4716394716394716
1752,3,0.4988344988344988
1752,4,0.5050505050505051
1752,5,0.4988344988344988
1753,1,0.4887334887334887
1753,2,0.4568764568764569
1753,3,0.5003885003885004
1753,4,0.5167055167055167
1753,5,0.5213675213675214
1754,1,0.473970473970474
1754,2,0.4794094794094794
1754,3,0.47474747474747475
1754,4,0.5058275058275058
1754,5,0.5104895104895105
1755,1,0.48484848484848486
1755,2,0.4630924630924631
1755,3,0.49572649572649574
1755,4,0.5097125097125097
1755,5,0.5198135198135199
1756,1,0.4965034965034965
1756,2,0.48096348096348096
1756,3,0.466977466977467
1756,4,0.49417249417249415
1756,5,0.5143745143745144
1757,1,0.47707847707847706
1757,2,0.4568764568764569
1757,3,0.5135975135975136
1757,4,0.5143745143745144
1757,5,0.5205905205905206
1758,1,0.48795648795648794
1758,2,0.48717948717948717
1758,3,0.4654234654234654
1758,4,0.5182595182595182
1758,5,0.5306915306915307
1759,1,0.4731934731934732
1759,2,0.46386946386946387
1759,3,0.48795648795648794
1759,4,0.5066045066045066
1759,5,0.515928515928516
1760,1,0.4926184926184926
1760,2,0.46464646464646464
1760,3,0.4662004662004662
1760,4,0.526029526029526
1760,5,0.5081585081585082
1761,1,0.5003885003885004
1761,2,0.48174048174048173
1761,3,0.49572649572649574
1761,4,0.49805749805749805
1761,5,0.494949494949495
1762,1,0.45998445998445997
1762,2,0.466977466977467
1762,3,0.5034965034965035
1762,4,0.5143745143745144
1762,5,0.5120435120435121
1763,1,0.4887334887334887
1763,2,0.4755244755244755
1763,3,0.4840714840714841
1763,4,0.5097125097125097
1763,5,0.5050505050505051
1764,1,0.48795648795648794
1764,2,0.4996114996114996
1764,3,0.4731934731934732
1764,4,0.49184149184149184
1764,5,0.5229215229215229
1765,1,0.48951048951048953
1765,2,0.4522144522144522
1765,3,0.4933954933954934
1765,4,0.5174825174825175
1765,5,0.4972804972804973
1766,1,0.4933954933954934
1766,2,0.47086247086247085
1766,3,0.46231546231546233
1766,4,0.5097125097125097
1766,5,0.5314685314685315
1767,1,0.46464646464646464
1767,2,0.4553224553224553
1767,3,0.5143745143745144
1767,4,0.5128205128205128
1767,5,0.5034965034965035
1768,1,0.5135975135975136
1768,2,0.466977466977467
1768,3,0.5050505050505051
1768,4,0.49572649572649574
1768,5,0.5229215229215229
1769,1,0.48717948717948717
1769,2,0.46076146076146074
1769,3,0.519036519036519
1769,4,0.5174825174825175
1769,5,0.4965034965034965
1770,1,0.47785547785547783
1770,2,0.45376845376845376
1770,3,0.49417249417249415
1770,4,0.4902874902874903
1770,5,0.5275835275835276
1771,1,0.5019425019425019
1771,2,0.47086247086247085
1771,3,0.473970473970474
1771,4,0.519036519036519
1771,5,0.494949494949495
1772,1,0.4693084693084693
1772,2,0.46231546231546233
1772,3,0.4926184926184926
1772,4,0.5407925407925408
1772,5,0.5221445221445221
1773,1,0.48795648795648794
1773,2,0.45843045843045843
1773,3,0.49417249417249415
1773,4,0.5058275058275058
1773,5,0.5268065268065268
1774,1,0.4887334887334887
1774,2,0.48329448329448327
1774,3,0.4763014763014763
1774,4,0.5104895104895105
1774,5,0.508935508935509
1775,1,0.46076146076146074
1775,2,0.49184149184149184
1775,3,0.4693084693084693
1775,4,0.5337995337995338
1775,5,0.5104895104895105
1776,1,0.466977466977467
1776,2,0.466977466977467
1776,3,0.4755244755244755
1776,4,0.533022533022533
1776,5,0.5120435120435121
1777,1,0.47086247086247085
1777,2,0.46076146076146074
1777,3,0.4864024864024864
1777,4,0.5011655011655012
1777,5,0.5299145299145299
1778,1,0.5182595182595182
1778,2,0.4731934731934732
1778,3,0.46153846153846156
1778,4,0.5306915306915307
1778,5,0.4926184926184926
1779,1,0.4731934731934732
1779,2,0.5097125097125097
1779,3,0.473970473970474
1779,4,0.49106449106449107
1779,5,0.5097125097125097
1780,1,0.4662004662004662
1780,2,0.46464646464646464
1780,3,0.48562548562548563
1780,4,0.5034965034965035
1780,5,0.5306915306915307
1781,1,0.48951048951048953
1781,2,0.46386946386946387
1781,3,0.47707847707847706
1781,4,0.526029526029526
1781,5,0.49417249417249415
1782,1,0.4840714840714841
1782,2,0.5042735042735043
1782,3,0.46386946386946387
1782,4,0.5112665112665112
1782,5,0.49805749805749805
1783,1,0.47241647241647244
1783,2,0.4755244755244755
1783,3,0.5011655011655012
1783,4,0.5073815073815073
1783,5,0.5112665112665112
1784,1,0.48329448329448327
1784,2,0.46464646464646464
1784,3,0.47863247863247865
1784,4,0.5011655011655012
1784,5,0.5073815073815073
1785,1,0.4654234654234654
1785,2,0.46153846153846156
1785,3,0.46153846153846156
1785,4,0.5128205128205128
1785,5,0.5019425019425019
1786,1,0.49417249417249415
1786,2,0.4506604506604507
1786,3,0.49572649572649574
1786,4,0.5003885003885004
1786,5,0.5337995337995338
1787,1,0.4677544677544678
1787,2,0.4933954933954934
1787,3,0.47086247086247085
1787,4,0.5027195027195027
1787,5,0.5182595182595182
1788,1,0.48795648795648794
1788,2,0.46386946386946387
1788,3,0.4763014763014763
1788,4,0.5345765345765345
1788,5,0.49417249417249415
1789,1,0.4801864801864802
1789,2,0.46464646464646464
1789,3,0.49417249417249415
1789,4,0.494949494949495
1789,5,0.5252525252525253
1790,1,0.47241647241647244
1790,2,0.4568764568764569
1790,3,0.47785547785547783
1790,4,0.5205905205905206
1790,5,0.5384615384615384
1791,1,0.4763014763014763
1791,2,0.4677544677544678
1791,3,0.4926184926184926
1791,4,0.5268065268065268
1791,5,0.49805749805749805
1792,1,0.4887334887334887
1792,2,0.48562548562548563
1792,3,0.4825174825174825
1792,4,0.5182595182595182
1792,5,0.5073815073815073
1793,1,0.48562548562548563
1793,2,0.46153846153846156
1793,3,0.5050505050505051
1793,4,0.5322455322455323
1793,5,0.5019425019425019
1794,1,0.4755244755244755
1794,2,0.47785547785547783
1794,3,0.5019425019425019
1794,4,0.5027195027195027
1794,5,0.5322455322455323
1795,1,0.49184149184149184
1795,2,0.47241647241647244
1795,3,0.48174048174048173
1795,4,0.5198135198135199
1795,5,0.5268065268065268
1796,1,0.4840714840714841
1796,2,0.44988344988344986
1796,3,0.5042735042735043
1796,4,0.4996114996114996
1796,5,0.5275835275835276
1797,1,0.4693084693084693
1797,2,0.4716394716394716
1797,3,0.4840714840714841
1797,4,0.5167055167055167
1797,5,0.5151515151515151
1798,1,0.4965034965034965
1798,2,0.4763014763014763
1798,3,0.4933954933954934
1798,4,0.49572649572649574
1798,5,0.4996114996114996
1799,1,0.5058275058275058
1799,2,0.47863247863247865
1799,3,0.4840714840714841
1799,4,0.4926184926184926
1799,5,0.5167055167055167
1800,1,0.508935508935509
1800,2,0.4560994560994561
1800,3,0.48174048174048173
1800,4,0.4988344988344988
1800,5,0.5369075369075369
1801,1,0.47863247863247865
1801,2,0.47707847707847706
1801,3,0.5081585081585082
1801,4,0.49572649572649574
1801,5,0.5112665112665112
1802,1,0.48951048951048953
1802,2,0.4887334887334887
1802,3,0.4763014763014763
1802,4,0.508935508935509
1802,5,0.5353535353535354
1803,1,0.46386946386946387
1803,2,0.4662004662004662
1803,3,0.4965034965034965
1803,4,0.5097125097125097
1803,5,0.5167055167055167
1804,1,0.45143745143745145
1804,2,0.4483294483294483
1804,3,0.5097125097125097
1804,4,0.5135975135975136
1804,5,0.5376845376845377
1805,1,0.46464646464646464
1805,2,0.4825174825174825
1805,3,0.5034965034965035
1805,4,0.526029526029526
1805,5,0.5120435120435121
1806,1,0.48174048174048173
1806,2,0.4700854700854701
1806,3,0.49417249417249415
1806,4,0.5112665112665112
1806,5,0.5244755244755245
1807,1,0.4902874902874903
1807,2,0.4763014763014763
1807,3,0.48717948717948717
1807,4,0.49805749805749805
1807,5,0.5299145299145299
1808,1,0.47707847707847706
1808,2,0.47785547785547783
1808,3,0.4700854700854701
1808,4,0.508935508935509
1808,5,0.5229215229215229
1809,1,0.4755244755244755
1809,2,0.48174048174048173
1809,3,0.48951048951048953
1809,4,0.5003885003885004
1809,5,0.5361305361305362
1810,1,0.4825174825174825
1810,2,0.48484848484848486
1810,3,0.494949494949495
1810,4,0.48484848484848486
1810,5,0.5353535353535354
1811,1,0.4840714840714841
1811,2,0.4731934731934732
1811,3,0.47707847707847706
1811,4,0.5268065268065268
1811,5,0.5268065268065268
1812,1,0.473970473970474
1812,2,0.4553224553224553
1812,3,0.508935508935509
1812,4,0.5299145299145299
1812,5,0.508935508935509
1813,1,0.48951048951048953
1813,2,0.473970473970474
1813,3,0.4902874902874903
1813,4,0.5135975135975136
1813,5,0.5244755244755245
1814,1,0.4755244755244755
1814,2,0.473970473970474
1814,3,0.4996114996114996
1814,4,0.5322455322455323
1814,5,0.526029526029526
1815,1,0.47785547785547783
1815,2,0.44755244755244755
1815,3,0.4926184926184926
1815,4,0.5167055167055167
1815,5,0.5361305361305362
1816,1,0.45998445998445997
1816,2,0.48096348096348096
1816,3,0.5027195027195027
1816,4,0.5306915306915307
1816,5,0.4988344988344988
1817,1,0.4731934731934732
1817,2,0.4794094794094794
1817,3,0.49572649572649574
1817,4,0.5221445221445221
1817,5,0.4996114996114996
1818,1,0.4755244755244755
1818,2,0.4654234654234654
1818,3,0.48329448329448327
1818,4,0.515928515928516
1818,5,0.5345765345765345
1819,1,0.4801864801864802
1819,2,0.47474747474747475
1819,3,0.4988344988344988
1819,4,0.5104895104895105
1819,5,0.5120435120435121
1820,1,0.47863247863247865
1820,2,0.47086247086247085
1820,3,0.4988344988344988
1820,4,0.5058275058275058
1820,5,0.49106449106449107
1821,1,0.4716394716394716
1821,2,0.48795648795648794
1821,3,0.4825174825174825
1821,4,0.5174825174825175
1821,5,0.508935508935509
1822,1,0.48329448329448327
1822,2,0.4902874902874903
1822,3,0.48717948717948717
1822,4,0.49572649572649574
1822,5,0.4988344988344988
1823,1,0.4483294483294483
1823,2,0.46231546231546233
1823,3,0.4996114996114996
1823,4,0.5143745143745144
1823,5,0.5299145299145299
1824,1,0.49106449106449107
1824,2,0.43745143745143744
1824,3,0.4972804972804973
1824,4,0.5236985236985237
1824,5,0.5182595182595182
1825,1,0.47241647241647244
1825,2,0.4794094794094794
1825,3,0.4840714840714841
1825,4,0.5066045066045066
1825,5,0.5205905205905206
1826,1,0.47707847707847706
1826,2,0.4716394716394716
1826,3,0.48717948717948717
1826,4,0.48795648795648794
1826,5,0.5244755244755245
1827,1,0.48174048174048173
1827,2,0.49572649572649574
1827,3,0.48329448329448327
1827,4,0.5058275058275058
1827,5,0.5337995337995338
1828,1,0.4630924630924631
1828,2,0.4716394716394716
1828,3,0.4654234654234654
1828,4,0.5042735042735043
1828,5,0.5174825174825175
1829,1,0.4731934731934732
1829,2,0.45998445998445997
1829,3,0.4887334887334887
1829,4,0.5361305361305362
1829,5,0.5034965034965035
1830,1,0.48951048951048953
1830,2,0.47474747474747475
1830,3,0.4801864801864802
1830,4,0.4988344988344988
1830,5,0.5135975135975136
1831,1,0.48562548562548563
1831,2,0.47707847707847706
1831,3,0.48484848484848486
1831,4,0.515928515928516
1831,5,0.5027195027195027
1832,1,0.47863247863247865
1832,2,0.4592074592074592
1832,3,0.4926184926184926
1832,4,0.5027195027195027
1832,5,0.5120435120435121
1833,1,0.47785547785547783
1833,2,0.44988344988344986
1833,3,0.5112665112665112
1833,4,0.48484848484848486
1833,5,0.5143745143745144
1834,1,0.4700854700854701
1834,2,0.4755244755244755
1834,3,0.4933954933954934
1834,4,0.5508935508935509
1834,5,0.49572649572649574
1835,1,0.46853146853146854
1835,2,0.46076146076146074
1835,3,0.4902874902874903
1835,4,0.5128205128205128
1835,5,0.519036519036519
1836,1,0.48096348096348096
1836,2,0.4716394716394716
1836,3,0.49417249417249415
1836,4,0.5097125097125097
1836,5,0.4988344988344988
1837,1,0.4933954933954934
1837,2,0.46076146076146074
1837,3,0.494949494949495
1837,4,0.5081585081585082
1837,5,0.5042735042735043
1838,1,0.4700854700854701
1838,2,0.46153846153846156
1838,3,0.47241647241647244
1838,4,0.5252525252525253
1838,5,0.5345765345765345
1839,1,0.47863247863247865
1839,2,0.5104895104895105
1839,3,0.4840714840714841
1839,4,0.5034965034965035
1839,5,0.5291375291375291
1840,1,0.4654234654234654
1840,2,0.46464646464646464
1840,3,0.5275835275835276
1840,4,0.4926184926184926
1840,5,0.5167055167055167
1841,1,0.4840714840714841
1841,2,0.47785547785547783
1841,3,0.4972804972804973
1841,4,0.5027195027195027
1841,5,0.5112665112665112
1842,1,0.5003885003885004
1842,2,0.4428904428904429
1842,3,0.4716394716394716
1842,4,0.526029526029526
1842,5,0.5314685314685315
1843,1,0.5081585081585082
1843,2,0.45998445998445997
1843,3,0.47474747474747475
1843,4,0.508935508935509
1843,5,0.5291375291375291
1844,1,0.4693084693084693
1844,2,0.4700854700854701
1844,3,0.4887334887334887
1844,4,0.5081585081585082
1844,5,0.5174825174825175
1845,1,0.4700854700854701
1845,2,0.4755244755244755
1845,3,0.5066045066045066
1845,4,0.5112665112665112
1845,5,0.5205905205905206
1846,1,0.4887334887334887
1846,2,0.4677544677544678
1846,3,0.48795648795648794
1846,4,0.4933954933954934
1846,5,0.5306915306915307
1847,1,0.49805749805749805
1847,2,0.44133644133644134
1847,3,0.4996114996114996
1847,4,0.5104895104895105
1847,5,0.5027195027195027
1848,1,0.46153846153846156
1848,2,0.5034965034965035
1848,3,0.5027195027195027
1848,4,0.5066045066045066
1848,5,0.5244755244755245
1849,1,0.452991452991453
1849,2,0.46153846153846156
1849,3,0.5011655011655012
1849,4,0.5073815073815073
1849,5,0.5252525252525253
1850,1,0.48174048174048173
1850,2,0.4731934731934732
1850,3,0.5027195027195027
1850,4,0.5027195027195027
1850,5,0.5275835275835276
1851,1,0.48329448329448327
1851,2,0.4763014763014763
1851,3,0.48717948717948717
1851,4,0.5073815073815073
1851,5,0.5182595182595182
1852,1,0.4755244755244755
1852,2,0.4840714840714841
1852,3,0.47086247086247085
1852,4,0.5104895104895105
1852,5,0.5097125097125097
1853,1,0.48717948717948717
1853,2,0.47707847707847706
1853,3,0.4755244755244755
1853,4,0.5120435120435121
1853,5,0.5167055167055167
1854,1,0.4693084693084693
1854,2,0.473970473970474
1854,3,0.473970473970474
1854,4,0.533022533022533
1854,5,0.519036519036519
1855,1,0.4716394716394716
1855,2,0.46853146853146854
1855,3,0.48795648795648794
1855,4,0.5011655011655012
1855,5,0.5337995337995338
1856,1,0.4794094794094794
1856,2,0.466977466977467
1856,3,0.4933954933954934
1856,4,0.5291375291375291
1856,5,0.5322455322455323
1857,1,0.48795648795648794
1857,2,0.4654234654234654
1857,3,0.4801864801864802
1857,4,0.49106449106449107
1857,5,0.5477855477855478
1858,1,0.49417249417249415
1858,2,0.46853146853146854
1858,3,0.4825174825174825
1858,4,0.4988344988344988
1858,5,0.5407925407925408
1859,1,0.4801864801864802
1859,2,0.46076146076146074
1859,3,0.5050505050505051
1859,4,0.5120435120435121
1859,5,0.5213675213675214
1860,1,0.4731934731934732
1860,2,0.4716394716394716
1860,3,0.48329448329448327
1860,4,0.5306915306915307
1860,5,0.5221445221445221
1861,1,0.46853146853146854
1861,2,0.466977466977467
1861,3,0.5050505050505051
1861,4,0.5128205128205128
1861,5,0.515928515928516
1862,1,0.48795648795648794
1862,2,0.4755244755244755
1862,3,0.4996114996114996
1862,4,0.5143745143745144
1862,5,0.5034965034965035
1863,1,0.4522144522144522
1863,2,0.47785547785547783
1863,3,0.48562548562548563
1863,4,0.519036519036519
1863,5,0.5353535353535354
1864,1,0.45843045843045843
1864,2,0.47241647241647244
1864,3,0.4662004662004662
1864,4,0.5291375291375291
1864,5,0.5128205128205128
1865,1,0.48562548562548563
1865,2,0.46386946386946387
1865,3,0.4996114996114996
1865,4,0.49106449106449107
1865,5,0.526029526029526
1866,1,0.48717948717948717
1866,2,0.4801864801864802
1866,3,0.49106449106449107
1866,4,0.49805749805749805
1866,5,0.5275835275835276
1867,1,0.48174048174048173
1867,2,0.4840714840714841
1867,3,0.4731934731934732
1867,4,0.5221445221445221
1867,5,0.5205905205905206
1868,1,0.49417249417249415
1868,2,0.46464646464646464
1868,3,0.5011655011655012
1868,4,0.494949494949495
1868,5,0.5291375291375291
1869,1,0.48951048951048953
1869,2,0.4700854700854701
1869,3,0.4840714840714841
1869,4,0.494949494949495
1869,5,0.5213675213675214
1870,1,0.4933954933954934
1870,2,0.46076146076146074
1870,3,0.48717948717948717
1870,4,0.49572649572649574
1870,5,0.5213675213675214
1871,1,0.4662004662004662
1871,2,0.4794094794094794
1871,3,0.49417249417249415
1871,4,0.4902874902874903
1871,5,0.5143745143745144
1872,1,0.5011655011655012
1872,2,0.4700854700854701
1872,3,0.4716394716394716
1872,4,0.5034965034965035
1872,5,0.5182595182595182
1873,1,0.4902874902874903
1873,2,0.45143745143745145
1873,3,0.4902874902874903
1873,4,0.508935508935509
1873,5,0.5066045066045066
1874,1,0.4926184926184926
1874,2,0.44522144522144524
1874,3,0.47785547785547783
1874,4,0.5073815073815073
1874,5,0.5081585081585082
1875,1,0.4553224553224553
1875,2,0.46853146853146854
1875,3,0.4887334887334887
1875,4,0.5236985236985237
1875,5,0.5066045066045066
1876,1,0.47086247086247085
1876,2,0.47707847707847706
1876,3,0.48795648795648794
1876,4,0.5011655011655012
1876,5,0.5027195027195027
1877,1,0.47785547785547783
1877,2,0.4700854700854701
1877,3,0.4840714840714841
1877,4,0.49106449106449107
1877,5,0.5104895104895105
1878,1,0.4662004662004662
1878,2,0.4662004662004662
1878,3,0.4801864801864802
1878,4,0.4988344988344988
1878,5,0.519036519036519
1879,1,0.4677544677544678
1879,2,0.4731934731934732
1879,3,0.49805749805749805
1879,4,0.5019425019425019
1879,5,0.515928515928516
1880,1,0.4592074592074592
1880,2,0.4763014763014763
1880,3,0.47474747474747475
1880,4,0.494949494949495
1880,5,0.5198135198135199
1881,1,0.47785547785547783
1881,2,0.47086247086247085
1881,3,0.4755244755244755
1881,4,0.5205905205905206
1881,5,0.5244755244755245
1882,1,0.5073815073815073
1882,2,0.4654234654234654
1882,3,0.4864024864024864
1882,4,0.4926184926184926
1882,5,0.515928515928516
1883,1,0.473970473970474
1883,2,0.4677544677544678
1883,3,0.4662004662004662
1883,4,0.5174825174825175
1883,5,0.519036519036519
1884,1,0.47086247086247085
1884,2,0.4662004662004662
1884,3,0.5011655011655012
1884,4,0.4840714840714841
1884,5,0.4965034965034965
1885,1,0.5003885003885004
1885,2,0.45454545454545453
1885,3,0.48484848484848486
1885,4,0.4988344988344988
1885,5,0.5198135198135199
1886,1,0.4700854700854701
1886,2,0.47474747474747475
1886,3,0.4902874902874903
1886,4,0.5337995337995338
1886,5,0.5027195027195027
1887,1,0.49184149184149184
1887,2,0.4568764568764569
1887,3,0.4933954933954934
1887,4,0.4926184926184926
1887,5,0.5252525252525253
1888,1,0.4755244755244755
1888,2,0.46386946386946387
1888,3,0.48329448329448327
1888,4,0.5135975135975136
1888,5,0.5097125097125097
1889,1,0.4716394716394716
1889,2,0.46853146853146854
1889,3,0.47863247863247865
1889,4,0.5066045066045066
1889,5,0.5151515151515151
1890,1,0.4592074592074592
1890,2,0.46386946386946387
1890,3,0.508935508935509
1890,4,0.49417249417249415
1890,5,0.5104895104895105
1891,1,0.5019425019425019
1891,2,0.439005439005439
1891,3,0.5034965034965035
1891,4,0.5128205128205128
1891,5,0.5058275058275058
1892,1,0.4755244755244755
1892,2,0.45454545454545453
1892,3,0.4700854700854701
1892,4,0.4972804972804973
1892,5,0.526029526029526
1893,1,0.47707847707847706
1893,2,0.45843045843045843
1893,3,0.48562548562548563
1893,4,0.4801864801864802
1893,5,0.5112665112665112
1894,1,0.4491064491064491
1894,2,0.4654234654234654
1894,3,0.5167055167055167
1894,4,0.5050505050505051
1894,5,0.48174048174048173
1895,1,0.4996114996114996
1895,2,0.45376845376845376
1895,3,0.49184149184149184
1895,4,0.48717948717948717
1895,5,0.5337995337995338
1896,1,0.4926184926184926
1896,2,0.47474747474747475
1896,3,0.49805749805749805
1896,4,0.48562548562548563
1896,5,0.5167055167055167
1897,1,0.49805749805749805
1897,2,0.45998445998445997
1897,3,0.47241647241647244
1897,4,0.4996114996114996
1897,5,0.4902874902874903
1898,1,0.4794094794094794
1898,2,0.4700854700854701
1898,3,0.4933954933954934
1898,4,0.5073815073815073
1898,5,0.5128205128205128
1899,1,0.48174048174048173
1899,2,0.46153846153846156
1899,3,0.48795648795648794
1899,4,0.515928515928516
1899,5,0.5050505050505051
1900,1,0.4700854700854701
1900,2,0.45143745143745145
1900,3,0.4902874902874903
1900,4,0.5112665112665112
1900,5,0.5120435120435121
1901,1,0.49572649572649574
1901,2,0.4483294483294483
1901,3,0.48562548562548563
1901,4,0.5104895104895105
1901,5,0.5003885003885004
1902,1,0.4677544677544678
1902,2,0.47086247086247085
1902,3,0.49106449106449107
1902,4,0.4763014763014763
1902,5,0.5011655011655012
1903,1,0.48174048174048173
1903,2,0.45765345765345766
1903,3,0.5066045066045066
1903,4,0.49417249417249415
1903,5,0.5112665112665112
1904,1,0.4801864801864802
1904,2,0.44755244755244755
1904,3,0.4902874902874903
1904,4,0.5050505050505051
1904,5,0.5058275058275058
1905,1,0.47707847707847706
1905,2,0.4887334887334887
1905,3,0.4926184926184926
1905,4,0.48174048174048173
1905,5,0.5120435120435121
1906,1,0.4864024864024864
1906,2,0.452991452991453
1906,3,0.5073815073815073
1906,4,0.5019425019425019
1906,5,0.49805749805749805
1907,1,0.4864024864024864
1907,2,0.46231546231546233
1907,3,0.48951048951048953
1907,4,0.5244755244755245
1907,5,0.5081585081585082
1908,1,0.5003885003885004
1908,2,0.45376845376845376
1908,3,0.5058275058275058
1908,4,0.48329448329448327
1908,5,0.5011655011655012
1909,1,0.4755244755244755
1909,2,0.4731934731934732
1909,3,0.49572649572649574
1909,4,0.48562548562548563
1909,5,0.5019425019425019
1910,1,0.4763014763014763
1910,2,0.4568764568764569
1910,3,0.48484848484848486
1910,4,0.5135975135975136
1910,5,0.5104895104895105
1911,1,0.4864024864024864
1911,2,0.4662004662004662
1911,3,0.494949494949495
1911,4,0.5034965034965035
1911,5,0.5019425019425019
1912,1,0.4801864801864802
1912,2,0.4444444444444444
1912,3,0.4972804972804973
1912,4,0.5143745143745144
1912,5,0.5275835275835276
1913,1,0.48951048951048953
1913,2,0.48484848484848486
1913,3,0.47707847707847706
1913,4,0.5066045066045066
1913,5,0.5291375291375291
1914,1,0.47474747474747475
1914,2,0.4405594405594406
1914,3,0.4988344988344988
1914,4,0.5112665112665112
1914,5,0.5066045066045066
1915,1,0.4825174825174825
1915,2,0.47241647241647244
1915,3,0.48717948717948717
1915,4,0.5034965034965035
1915,5,0.5128205128205128
1916,1,0.48329448329448327
1916,2,0.4693084693084693
1916,3,0.4654234654234654
1916,4,0.515928515928516
1916,5,0.5073815073815073
1917,1,0.4887334887334887
1917,2,0.4568764568764569
1917,3,0.48329448329448327
1917,4,0.4965034965034965
1917,5,0.5143745143745144
1918,1,0.4654234654234654
1918,2,0.466977466977467
1918,3,0.5050505050505051
1918,4,0.4794094794094794
1918,5,0.5073815073815073
1919,1,0.4887334887334887
1919,2,0.4700854700854701
1919,3,0.48484848484848486
1919,4,0.5058275058275058
1919,5,0.4996114996114996
1920,1,0.4755244755244755
1920,2,0.45843045843045843
1920,3,0.47863247863247865
1920,4,0.519036519036519
1920,5,0.5081585081585082
1921,1,0.4887334887334887
1921,2,0.47241647241647244
1921,3,0.4864024864024864
1921,4,0.4864024864024864
1921,5,0.5252525252525253
1922,1,0.4933954933954934
1922,2,0.4763014763014763
1922,3,0.48329448329448327
1922,4,0.494949494949495
1922,5,0.5073815073815073
1923,1,0.47863247863247865
1923,2,0.452991452991453
1923,3,0.49417249417249415
1923,4,0.515928515928516
1923,5,0.5027195027195027
1924,1,0.47474747474747475
1924,2,0.49417249417249415
1924,3,0.49417249417249415
1924,4,0.4972804972804973
1924,5,0.5011655011655012
1925,1,0.48562548562548563
1925,2,0.46853146853146854
1925,3,0.48174048174048173
1925,4,0.5011655011655012
1925,5,0.4996114996114996
1926,1,0.4716394716394716
1926,2,0.4731934731934732
1926,3,0.48484848484848486
1926,4,0.5112665112665112
1926,5,0.5042735042735043
1927,1,0.4677544677544678
1927,2,0.49417249417249415
1927,3,0.4794094794094794
1927,4,0.5182595182595182
1927,5,0.508935508935509
1928,1,0.49417249417249415
1928,2,0.45376845376845376
1928,3,0.4965034965034965
1928,4,0.5003885003885004
1928,5,0.526029526029526
1929,1,0.4755244755244755
1929,2,0.48096348096348096
1929,3,0.4794094794094794
1929,4,0.5120435120435121
1929,5,0.5027195027195027
1930,1,0.47863247863247865
1930,2,0.4700854700854701
1930,3,0.47707847707847706
1930,4,0.5291375291375291
1930,5,0.5143745143745144
1931,1,0.47785547785547783
1931,2,0.48096348096348096
1931,3,0.5058275058275058
1931,4,0.5205905205905206
1931,5,0.4801864801864802
1932,1,0.4926184926184926
1932,2,0.4506604506604507
1932,3,0.4988344988344988
1932,4,0.4825174825174825
1932,5,0.5174825174825175
1933,1,0.5151515151515151
1933,2,0.45843045843045843
1933,3,0.47241647241647244
1933,4,0.5073815073815073
1933,5,0.5112665112665112
1934,1,0.48329448329448327
1934,2,0.4677544677544678
1934,3,0.48951048951048953
1934,4,0.508935508935509
1934,5,0.5174825174825175
1935,1,0.4794094794094794
1935,2,0.4483294483294483
1935,3,0.5143745143745144
1935,4,0.5120435120435121
1935,5,0.5003885003885004
1936,1,0.4902874902874903
1936,2,0.4731934731934732
1936,3,0.4902874902874903
1936,4,0.5027195027195027
1936,5,0.5143745143745144
1937,1,0.4693084693084693
1937,2,0.445998445998446
1937,3,0.4965034965034965
1937,4,0.5322455322455323
1937,5,0.5066045066045066
1938,1,0.4972804972804973
1938,2,0.4933954933954934
1938,3,0.4965034965034965
1938,4,0.494949494949495
1938,5,0.5066045066045066
1939,1,0.49805749805749805
1939,2,0.4731934731934732
1939,3,0.5112665112665112
1939,4,0.4825174825174825
1939,5,0.49805749805749805
1940,1,0.45843045843045843
1940,2,0.4887334887334887
1940,3,0.4926184926184926
1940,4,0.5011655011655012
1940,5,0.5252525252525253
1941,1,0.5003885003885004
1941,2,0.4630924630924631
1941,3,0.5066045066045066
1941,4,0.5050505050505051
1941,5,0.5073815073815073
1942,1,0.4996114996114996
1942,2,0.48484848484848486
1942,3,0.49805749805749805
1942,4,0.4677544677544678
1942,5,0.5167055167055167
1943,1,0.4794094794094794
1943,2,0.45843045843045843
1943,3,0.49106449106449107
1943,4,0.4972804972804973
1943,5,0.5034965034965035
1944,1,0.48096348096348096
1944,2,0.4763014763014763
1944,3,0.5073815073815073
1944,4,0.4933954933954934
1944,5,0.5050505050505051
1945,1,0.4972804972804973
1945,2,0.4568764568764569
1945,3,0.48174048174048173
1945,4,0.5236985236985237
1945,5,0.5213675213675214
1946,1,0.48096348096348096
1946,2,0.47086247086247085
1946,3,0.4965034965034965
1946,4,0.4902874902874903
1946,5,0.5236985236985237
1947,1,0.49184149184149184
1947,2,0.47474747474747475
1947,3,0.4926184926184926
1947,4,0.4716394716394716
1947,5,0.533022533022533
1948,1,0.4840714840714841
1948,2,0.46464646464646464
1948,3,0.49184149184149184
1948,4,0.5244755244755245
1948,5,0.5205905205905206
1949,1,0.4902874902874903
1949,2,0.4654234654234654
1949,3,0.48717948717948717
1949,4,0.508935508935509
1949,5,0.5213675213675214
1950,1,0.49417249417249415
1950,2,0.4794094794094794
1950,3,0.4825174825174825
1950,4,0.5120435120435121
1950,5,0.5128205128205128
1951,1,0.46853146853146854
1951,2,0.49184149184149184
1951,3,0.4840714840714841
1951,4,0.54001554001554
1951,5,0.5182595182595182
1952,1,0.48717948717948717
1952,2,0.4522144522144522
1952,3,0.5097125097125097
1952,4,0.5182595182595182
1952,5,0.5384615384615384
1953,1,0.4988344988344988
1953,2,0.4716394716394716
1953,3,0.4933954933954934
1953,4,0.5143745143745144
1953,5,0.4825174825174825
1954,1,0.4933954933954934
1954,2,0.4755244755244755
1954,3,0.508935508935509
1954,4,0.45765345765345766
1954,5,0.5135975135975136
1955,1,0.4801864801864802
1955,2,0.46386946386946387
1955,3,0.49417249417249415
1955,4,0.5058275058275058
1955,5,0.5221445221445221
1956,1,0.47707847707847706
1956,2,0.47707847707847706
1956,3,0.4996114996114996
1956,4,0.5143745143745144
1956,5,0.5112665112665112
1957,1,0.5058275058275058
1957,2,0.46153846153846156
1957,3,0.47241647241647244
1957,4,0.515928515928516
1957,5,0.519036519036519
1958,1,0.4794094794094794
1958,2,0.49184149184149184
1958,3,0.4972804972804973
1958,4,0.5081585081585082
1958,5,0.4840714840714841
1959,1,0.4763014763014763
1959,2,0.45998445998445997
1959,3,0.5066045066045066
1959,4,0.5058275058275058
1959,5,0.5167055167055167
1960,1,0.48951048951048953
1960,2,0.4731934731934732
1960,3,0.5003885003885004
1960,4,0.5236985236985237
1960,5,0.5097125097125097
1961,1,0.4864024864024864
1961,2,0.46853146853146854
1961,3,0.49184149184149184
1961,4,0.519036519036519
1961,5,0.5120435120435121
1962,1,0.5104895104895105
1962,2,0.4926184926184926
1962,3,0.4902874902874903
1962,4,0.4933954933954934
1962,5,0.5034965034965035
1963,1,0.4731934731934732
1963,2,0.473970473970474
1963,3,0.5128205128205128
1963,4,0.5081585081585082
1963,5,0.5081585081585082
1964,1,0.49417249417249415
1964,2,0.4630924630924631
1964,3,0.4996114996114996
1964,4,0.5104895104895105
1964,5,0.5244755244755245
1965,1,0.48795648795648794
1965,2,0.4801864801864802
1965,3,0.48562548562548563
1965,4,0.48096348096348096
1965,5,0.5291375291375291
1966,1,0.5003885003885004
1966,2,0.46853146853146854
1966,3,0.49805749805749805
1966,4,0.5174825174825175
1966,5,0.515928515928516
1967,1,0.466977466977467
1967,2,0.5011655011655012
1967,3,0.49805749805749805
1967,4,0.5097125097125097
1967,5,0.4965034965034965
1968,1,0.47707847707847706
1968,2,0.47707847707847706
1968,3,0.49572649572649574
1968,4,0.5050505050505051
1968,5,0.5213675213675214
1969,1,0.4840714840714841
1969,2,0.4755244755244755
1969,3,0.5011655011655012
1969,4,0.5151515151515151
1969,5,0.515928515928516
1970,1,0.47474747474747475
1970,2,0.47241647241647244
1970,3,0.5058275058275058
1970,4,0.47863247863247865
1970,5,0.5128205128205128
1971,1,0.48717948717948717
1971,2,0.4568764568764569
1971,3,0.5027195027195027
1971,4,0.519036519036519
1971,5,0.5306915306915307
1972,1,0.4840714840714841
1972,2,0.4700854700854701
1972,3,0.4972804972804973
1972,4,0.5066045066045066
1972,5,0.5112665112665112
1973,1,0.4887334887334887
1973,2,0.466977466977467
1973,3,0.5011655011655012
1973,4,0.5143745143745144
1973,5,0.519036519036519
1974,1,0.4864024864024864
1974,2,0.4700854700854701
1974,3,0.5244755244755245
1974,4,0.494949494949495
1974,5,0.47785547785547783
1975,1,0.4630924630924631
1975,2,0.4716394716394716
1975,3,0.5229215229215229
1975,4,0.5112665112665112
1975,5,0.49106449106449107
1976,1,0.47241647241647244
1976,2,0.4887334887334887
1976,3,0.4933954933954934
1976,4,0.5104895104895105
1976,5,0.5314685314685315
1977,1,0.49417249417249415
1977,2,0.46853146853146854
1977,3,0.47863247863247865
1977,4,0.5306915306915307
1977,5,0.48484848484848486
1978,1,0.4693084693084693
1978,2,0.45765345765345766
1978,3,0.5104895104895105
1978,4,0.5229215229215229
1978,5,0.5268065268065268
1979,1,0.4864024864024864
1979,2,0.46853146853146854
1979,3,0.494949494949495
1979,4,0.5221445221445221
1979,5,0.5073815073815073
1980,1,0.4887334887334887
1980,2,0.473970473970474
1980,3,0.49417249417249415
1980,4,0.5143745143745144
1980,5,0.5306915306915307
1981,1,0.48096348096348096
1981,2,0.44366744366744365
1981,3,0.5034965034965035
1981,4,0.5066045066045066
1981,5,0.5306915306915307
1982,1,0.49106449106449107
1982,2,0.45765345765345766
1982,3,0.5128205128205128
1982,4,0.5034965034965035
1982,5,0.5252525252525253
1983,1,0.48717948717948717
1983,2,0.47474747474747475
1983,3,0.48329448329448327
1983,4,0.519036519036519
1983,5,0.5244755244755245
1984,1,0.466977466977467
1984,2,0.47707847707847706
1984,3,0.4965034965034965
1984,4,0.4887334887334887
1984,5,0.5283605283605284
1985,1,0.49184149184149184
1985,2,0.4467754467754468
1985,3,0.5143745143745144
1985,4,0.5104895104895105
1985,5,0.5252525252525253
1986,1,0.5003885003885004
1986,2,0.49572649572649574
1986,3,0.473970473970474
1986,4,0.5112665112665112
1986,5,0.4996114996114996
1987,1,0.5058275058275058
1987,2,0.46076146076146074
1987,3,0.5050505050505051
1987,4,0.5058275058275058
1987,5,0.5112665112665112
1988,1,0.5003885003885004
1988,2,0.4654234654234654
1988,3,0.4825174825174825
1988,4,0.5066045066045066
1988,5,0.5151515151515151
1989,1,0.4972804972804973
1989,2,0.47086247086247085
1989,3,0.5151515151515151
1989,4,0.5167055167055167
1989,5,0.5011655011655012
1990,1,0.5027195027195027
1990,2,0.4864024864024864
1990,3,0.4902874902874903
1990,4,0.5104895104895105
1990,5,0.48484848484848486
1991,1,0.48717948717948717
1991,2,0.4568764568764569
1991,3,0.4972804972804973
1991,4,0.5299145299145299
1991,5,0.526029526029526
1992,1,0.494949494949495
1992,2,0.4716394716394716
1992,3,0.48096348096348096
1992,4,0.5198135198135199
1992,5,0.54001554001554
1993,1,0.5236985236985237
1993,2,0.44522144522144524
1993,3,0.48717948717948717
1993,4,0.5244755244755245
1993,5,0.5174825174825175
1994,1,0.519036519036519
1994,2,0.4654234654234654
1994,3,0.4887334887334887
1994,4,0.5221445221445221
1994,5,0.49805749805749805
1995,1,0.49417249417249415
1995,2,0.4840714840714841
1995,3,0.4972804972804973
1995,4,0.5306915306915307
1995,5,0.5050505050505051
1996,1,0.508935508935509
1996,2,0.4428904428904429
1996,3,0.5120435120435121
1996,4,0.5081585081585082
1996,5,0.5291375291375291
1997,1,0.5322455322455323
1997,2,0.46231546231546233
1997,3,0.4972804972804973
1997,4,0.5244755244755245
1997,5,0.49805749805749805
1998,1,0.5081585081585082
1998,2,0.44988344988344986
1998,3,0.47474747474747475
1998,4,0.4996114996114996
1998,5,0.5205905205905206
1999,1,0.49417249417249415
1999,2,0.46231546231546233
1999,3,0.494949494949495
1999,4,0.5104895104895105
1999,5,0.5128205128205128
